ticker,shortname,Sector,Industry,Fulltimeemployees,Weight,date,accounts_receivable,capex,cash_equivalents,cash_flow_financing,cash_flow_investing,cash_flow_operating,current_assets,current_liabilities,depreciation_amortization,eps_basic,eps_diluted,inventory,liabilities_plus_equity,net_income,operating_income,ppe_net,r_and_d_expense,retained_earnings,shares_outstanding,total_assets,total_equity,total_liabilities,total_revenue,wavg_shares_basic,cost_of_revenue,gross_margin,operating_margin,net_margin,debt_to_assets,equity_multiplier,asset_turnover,inventory_turnover,r_and_d_intensity,cash_per_share,price,Z_WC_TA,Z_RE_TA,Z_EBIT_TA,Z_MVE_TL,Z_SALES_TA,altman_z,GDPC1,GS10,NFCI,INDPRO,BAMLH0A0HYM2,UNRATE,FEDFUNDS,VIXCLS,USEPUINDXD,M2SL
AAPL,Apple Inc.,Technology,Consumer Electronics,164000.0,0.0692091524397274,2009-07-22,2422000000.0,,9352000000.0,916000000.0,-6196000000.0,5301000000.0,32311000000.0,14092000000.0,,1.21,1.19,509000000.0,39572000000.0,1072000000.0,1392000000.0,,292000000.0,13845000000.0,888325973.0,39572000000.0,21030000000.0,18542000000.0,,883738000.0,,,,,0.468563630850096,1.8816928197812648,,,,10.527666964883396,,0.4604012938441322,0.3498685939553219,0.035176387344587,,,,16326.281,3.56,0.49905,85.6853,10.18,9.5,0.16,23.47,108.88,8463.8
AAPL,Apple Inc.,Technology,Consumer Electronics,164000.0,0.0692091524397274,2009-10-27,939000000.0,,-6612000000.0,-453000000.0,-9245000000.0,563000000.0,3954000000.0,5190000000.0,,0.9099999999999993,0.9299999999999996,-54000000.0,14279000000.0,0.0,1383000000.0,,224000000.0,5693000000.0,11479527.0,14279000000.0,11328000000.0,7477000000.0,,11424000.0,,,,,0.5236361089712165,2.0992355189650103,,,,-575.9819198125498,,-0.0865606835212549,0.3986973877722529,0.0968555220953848,,,,16502.754,3.39,-0.00083,87.5809,7.47,10.0,0.12,24.83,82.04,8488.1
ABBV,AbbVie Inc.,Healthcare,Drug Manufacturers - General,50000.0,0.0055822292289272,2013-05-08,781000000.0,162000000.0,5901000000.0,,,,15354000000.0,6776000000.0,,0.56,0.56,1037000000.0,27008000000.0,,978000000.0,2200000000.0,,330000000.0,,27008000000.0,2957000000.0,,,1588000000.0,,,,,,,,,,,27.353668212890625,0.3176095971563981,0.0122186018957345,0.0362114928909952,,,,17709.671,1.93,-0.71193,99.0383,4.24,7.5,0.11,12.66,60.31,10634.7
ABBV,AbbVie Inc.,Healthcare,Drug Manufacturers - General,50000.0,0.0055822292289272,2013-08-09,783000000.0,256000000.0,8743000000.0,,,,15354000000.0,6776000000.0,,0.8,0.8,1085000000.0,27008000000.0,,1453000000.0,2213000000.0,,758000000.0,,27008000000.0,-350000000.0,,,1577000000.0,,,,,,,,,,,28.379539489746097,0.3176095971563981,0.0280657582938388,0.0537988744075829,,,,17860.45,2.74,-0.65617,99.4897,4.8,7.2,0.08,13.41,99.01,10789.6
ABNB,"Airbnb, Inc.",Consumer Cyclical,Travel Services,6907.0,0.0015085792111776,2021-05-14,,15667000.0,5480557000.0,-339202000.0,2259000.0,-569830000.0,8916386000.0,5139779000.0,,,,,10491499000.0,-340605000.0,-325489000.0,270194000.0,258819000.0,-6005707000.0,115500000.0,10491499000.0,2901783000.0,7589716000.0,,262509000.0,277772000.0,,,,0.7234157864381439,3.615535344993061,,,,47.45070995670996,,0.359968294330486,-0.5724355499628795,-0.0310240700590068,,,,21389.005,1.62,-0.70519,99.1867,3.35,5.8,0.06,18.81,100.11,20427.0
ABNB,"Airbnb, Inc.",Consumer Cyclical,Travel Services,6907.0,0.0015085792111776,2021-08-13,,21853000.0,5480557000.0,2204188000.0,-578811000.0,-826292000.0,8916386000.0,5139779000.0,,,,,10491499000.0,-575588000.0,-583215000.0,270194000.0,217938000.0,-6005707000.0,115500000.0,10491499000.0,2901783000.0,7589716000.0,,263517000.0,161198000.0,,,,0.7234157864381439,3.615535344993061,,,,47.45070995670996,,0.359968294330486,-0.5724355499628795,-0.0555892918638223,,,,21571.421,1.28,-0.65615,100.0412,3.36,5.1,0.09,15.45,101.4,20811.0
ABT,Abbott Laboratories,Healthcare,Medical Devices,114000.0,0.0035645619125812,2009-08-07,5465660000.0,703327000.0,2456384000.0,-168583000.0,-1681207000.0,3063626000.0,17042559000.0,11591908000.0,,0.86,0.85,2775849000.0,42419204000.0,,1406585000.0,7219166000.0,,13825383000.0,,42419204000.0,17479551000.0,,,1539786000.0,,,,,,,,,,,,0.1284948911346851,0.3259227353724035,0.0331591559332419,,,,16326.281,3.59,0.28733,86.6393,8.57,9.6,0.16,24.76,62.29,8463.3
ABT,Abbott Laboratories,Healthcare,Medical Devices,114000.0,0.0035645619125812,2009-11-06,5474987000.0,843601000.0,4112022000.0,498646000.0,-5261587000.0,5442543000.0,21415842000.0,12524507000.0,,0.95,0.95,3421680000.0,49846820000.0,,1639753000.0,7522399000.0,,16152254000.0,,49846820000.0,21335055000.0,,,1546291000.0,,,,,,,,,,,,0.1783731640253079,0.3240378022108531,0.032895839694488,,,,16502.754,3.4,-0.02334,87.9388,7.6,9.9,0.12,24.19,90.21,8517.3
ACN,Accenture plc,Technology,Information Technology Services,774000.0,0.0041228261620705,2009-12-18,2251341000.0,71876000.0,2782961000.0,-927920000.0,-59773000.0,468132000.0,8990514000.0,6238959000.0,119563000.0,0.77,0.74,,12255734000.0,479866000.0,814772000.0,701144000.0,,3947129000.0,89918808.0,12255734000.0,2835221000.0,,6470608000.0,622243687.0,4582800000.0,0.2917512542870778,0.1259189244658307,0.0741608825631223,,,0.527965766881037,,,30.949709653624417,,0.2245116449165753,0.322063860067459,0.0664808815204377,,0.527965766881037,,16502.754,3.59,-0.13986,88.2404,6.84,9.9,0.12,21.68,156.28,8512.5
ACN,Accenture plc,Technology,Information Technology Services,774000.0,0.0041228261620705,2010-03-26,2470983000.0,124489000.0,2978000000.0,-1227869000.0,-113004000.0,1098769000.0,8774452000.0,5809219000.0,254632000.0,1.43,1.37,,11890088000.0,891302000.0,1492239000.0,646727000.0,,4031834000.0,72972360.0,11890088000.0,2959496000.0,,12128171000.0,621322235.0,8618038000.0,0.2894198144138963,0.1230390798414699,0.0734902237113906,,,1.0200236533152656,,,40.80997243339807,,0.2493869683723114,0.3390920235409527,0.1255027717204448,,1.0200236533152656,,16582.71,3.73,-0.44956,90.1356,5.8,9.9,0.16,17.77,125.77,8523.7
ADBE,Adobe Inc.,Technology,Software - Infrastructure,29945.0,0.003541476793231,2008-10-02,327970000.0,88481000.0,1134263000.0,-747646000.0,-5519000.0,942862000.0,2517120000.0,661663000.0,,0.36,0.35,,5638750000.0,191608000.0,219469000.0,317071000.0,170124000.0,4667489000.0,531475000.0,5638750000.0,4371442000.0,1267308000.0,887257000.0,531060000.0,110851000.0,0.8750632567564979,0.247356741056988,0.2159554672434255,0.2247498115717136,1.2899061682620976,0.1573499445799157,,0.1917415134510068,2.1341794063690678,,0.3290546663710929,0.8277524273996897,0.0389215694967856,,0.1573499445799157,,16485.35,3.81,1.908,94.4985,12.0,6.5,0.97,45.26,266.41,7975.3
ADBE,Adobe Inc.,Technology,Software - Infrastructure,29945.0,0.003541476793231,2009-04-03,467234000.0,-26268000.0,946422000.0,-646512000.0,328771000.0,399300000.0,2735103000.0,762599000.0,,0.39,0.38,,5821598000.0,219379000.0,275431000.0,313037000.0,168485000.0,4913406000.0,526111000.0,5821598000.0,4410354000.0,1411244000.0,890445000.0,561113000.0,82475000.0,0.9073777717882632,0.3093183745206048,0.2463700733902711,0.2424152268844396,1.3199842915103868,0.1529554256408635,,0.1892143815732583,1.7989017526719646,,0.338825181676921,0.8439960986656928,0.0473119236333391,,0.1529554256408635,,16269.145,2.93,1.59581,85.7903,16.53,9.0,0.15,39.7,150.81,8391.4
ADI,"Analog Devices, Inc.",Technology,Semiconductors,26000.0,0.0018909858226522,2009-08-18,315290000.0,110031000.0,424972000.0,-621294000.0,89464000.0,527110000.0,2089577000.0,569058000.0,,2.19,2.15,314629000.0,3090992000.0,,464288000.0,567439000.0,400029000.0,2419908000.0,291193451.0,3090992000.0,2420263000.0,,,293302000.0,,,,,,,,,,1.459414689927213,,0.4919194226319576,0.7828904118807166,0.1502067944530429,,,,16326.281,3.59,0.24535,86.6393,9.19,9.6,0.16,26.18,69.62,8463.3
ADI,"Analog Devices, Inc.",Technology,Semiconductors,26000.0,0.0018909858226522,2009-11-24,-14254000.0,-101313000.0,46130000.0,826005000.0,-723092000.0,-237220000.0,401059000.0,-182445000.0,,-1.84,-1.7999999999999998,-61468000.0,313302000.0,0.0,-340208000.0,-90923000.0,-86500000.0,70844000.0,668316.0,313302000.0,-2501000000.0,,,-1303000.0,,,,,,,,,,69.02423404497274,,1.86243305181582,0.2261204843888644,-1.085878800646022,,,,16502.754,3.4,-0.05537,87.9388,7.56,9.9,0.12,20.47,96.06,8517.3
ADP,"Automatic Data Processing, Inc.",Technology,Software - Application,64000.0,0.0021553625543498,2009-11-06,1055400000.0,,917500000.0,614100000.0,-500900000.0,398200000.0,20703900000.0,18756300000.0,,0.55,0.54,,25351700000.0,276900000.0,,734500000.0,,10716600000.0,501700000.0,25351700000.0,5322600000.0,20029100000.0,2181500000.0,507500000.0,,,,0.1269310107724043,0.7900495824737591,4.763029346559952,0.0860494562494822,,,1.8287821407215468,,0.0768232505118,0.4227172142302094,,,0.0860494562494822,,16502.754,3.4,-0.02334,87.9388,7.6,9.9,0.12,24.19,90.21,8517.3
ADP,"Automatic Data Processing, Inc.",Technology,Software - Application,64000.0,0.0021553625543498,2010-02-09,1055400000.0,,917500000.0,9497500000.0,-9715400000.0,681600000.0,20703900000.0,18756300000.0,,1.14,1.13,,25351700000.0,577300000.0,,734500000.0,,10716600000.0,501700000.0,25351700000.0,5322600000.0,20029100000.0,4384700000.0,505400000.0,,,,0.1316623714279198,0.7900495824737591,4.763029346559952,0.1729548708765092,,,1.8287821407215468,,0.0768232505118,0.4227172142302094,,,0.1729548708765092,,16582.71,3.69,-0.20415,89.5046,6.88,9.8,0.13,26.0,114.63,8527.6
ADSK,"Autodesk, Inc.",Technology,Software - Application,14100.0,0.0011558944403128,2009-06-03,228600000.0,13400000.0,909100000.0,-181300000.0,-15500000.0,185300000.0,1302200000.0,681800000.0,,0.42,0.41,,2269500000.0,94600000.0,119900000.0,120700000.0,145600000.0,209400000.0,,2269500000.0,1328500000.0,,,226200000.0,58000000.0,,,,,,,,,,,0.2733641771315268,0.0922670191672174,0.0528310200484688,,,,16269.145,3.72,0.77277,84.6746,11.17,9.5,0.21,31.02,76.74,8459.5
ADSK,"Autodesk, Inc.",Technology,Software - Application,14100.0,0.0011558944403128,2009-08-28,223900000.0,39900000.0,929600000.0,-86500000.0,-304700000.0,400300000.0,1267300000.0,661700000.0,,0.4,0.39,,2311100000.0,89800000.0,118800000.0,118300000.0,154800000.0,219900000.0,,2311100000.0,1385100000.0,,,224200000.0,59700000.0,,,,,,,,,,,0.2620397213448142,0.095149495911038,0.05140409328891,,,,16326.281,3.59,0.17672,86.6393,9.04,9.6,0.16,24.76,61.05,8463.3
AEP,American Electric Power Company,Utilities,Utilities - Regulated Electric,17250.0,0.0008886857903243,2009-08-04,1037000000.0,11000000.0,358000000.0,568000000.0,-1478000000.0,857000000.0,4224000000.0,5393000000.0,,0.67,0.67,,46338000000.0,316000000.0,682000000.0,33559000000.0,,4160000000.0,,46338000000.0,12745000000.0,33514000000.0,3202000000.0,472220041.0,,,0.2129918800749531,0.0986883198001249,0.7232508955932496,3.613381160324392,0.0691009538607622,,,,,-0.0252276749104406,0.0897751305623894,0.0147179420777763,,0.0691009538607622,,16326.281,3.59,0.34288,86.6393,8.88,9.6,0.16,24.89,130.69,8463.3
AEP,American Electric Power Company,Utilities,Utilities - Regulated Electric,17250.0,0.0008886857903243,2009-10-30,1029000000.0,70000000.0,877000000.0,692000000.0,-2097000000.0,1871000000.0,4479000000.0,4987000000.0,,0.93,0.93,,47193000000.0,444000000.0,858000000.0,33821000000.0,,4407000000.0,,47193000000.0,13064000000.0,34068000000.0,3547000000.0,476948143.0,,,0.2418945587820693,0.125176205243868,0.721886720488208,3.5956571428571427,0.0751594516135867,,,,,-0.0107643082660564,0.0933824931663594,0.0181806623863708,,0.0751594516135867,,16502.754,3.39,-0.00999,87.5809,7.66,10.0,0.12,30.69,108.64,8488.1
AFL,AFLAC Incorporated,Financial Services,Insurance - Life,12785.0,0.0010263507408261,2009-08-07,,,1563000000.0,-841000000.0,-1814000000.0,2454000000.0,,,,2.01,1.98,,79331000000.0,,,597000000.0,,11306000000.0,,79331000000.0,,72692000000.0,8603000000.0,476261000.0,,,,,0.9163126646582044,11.94923934327459,0.108444366010765,,,,,,0.1425167967125083,,,0.108444366010765,,16326.281,3.59,0.28733,86.6393,8.57,9.6,0.16,24.76,62.29,8463.3
AFL,AFLAC Incorporated,Financial Services,Insurance - Life,12785.0,0.0010263507408261,2009-11-06,,,1563000000.0,-1492000000.0,-3235000000.0,3648000000.0,,,,2.22,2.19,,79331000000.0,,,597000000.0,,11306000000.0,,79331000000.0,,72692000000.0,12294000000.0,476076000.0,,,,,0.9163126646582044,11.94923934327459,0.1549709445235784,,,,,,0.1425167967125083,,,0.1549709445235784,,16502.754,3.4,-0.02334,87.9388,7.6,9.9,0.12,24.19,90.21,8517.3
AIG,"American International Group, I",Financial Services,Insurance - Diversified,25000.0,0.0008157558434562,2009-11-06,,,,23339000000.0,-7946000000.0,888000000.0,,,,-181.02,-181.02,,860418000000.0,-24468000000.0,,5566000000.0,,-12368000000.0,,860418000000.0,52710000000.0,797692000000.0,898000000.0,135169101.0,,,,-27.247216035634743,0.92709822435142,13.717087013359691,0.0010436787700861,,,,,,-0.0143744087176232,,,0.0010436787700861,,16502.754,3.4,-0.02334,87.9388,7.6,9.9,0.12,24.19,90.21,8517.3
AIG,"American International Group, I",Financial Services,Insurance - Diversified,25000.0,0.0008157558434562,2010-02-26,,,,-64090000000.0,73019000000.0,-14208000000.0,,,,,,,-12833000000.0,-17149000000.0,,-1424000000.0,,877000000.0,,-12833000000.0,17114000000.0,-49142000000.0,-7628000000.0,6098100.0,,,,2.248164656528579,3.829346216784851,-0.3534385414084662,0.5944050494818047,,,,,,-0.0683394373879841,,,0.5944050494818047,,16582.71,3.69,-0.27768,89.5046,6.66,9.8,0.13,19.5,101.35,8527.6
AJG,Arthur J. Gallagher & Co.,Financial Services,Insurance Brokers,51261.0,0.0012723284413913,2010-07-30,,13500000.0,194400000.0,-800000.0,-45100000.0,77600000.0,1540000000.0,1474400000.0,,0.71,0.71,,3250300000.0,70200000.0,,80700000.0,,450300000.0,102500000.0,3250300000.0,892900000.0,2357400000.0,854700000.0,,64000000.0,0.9251199251199252,,0.0821340821340821,0.7252868965941606,3.6401612722589314,0.2629603421222656,,,1.8965853658536584,17.636150360107422,0.0201827523613204,0.1385410577485155,,0.76682167299186,0.2629603421222656,,16872.266,3.01,-0.29107,92.2549,6.57,9.4,0.18,23.5,167.86,8639.8
AJG,Arthur J. Gallagher & Co.,Financial Services,Insurance Brokers,51261.0,0.0012723284413913,2010-10-29,,17600000.0,194400000.0,-93500000.0,-58600000.0,195600000.0,1540000000.0,1474400000.0,,1.12,1.12,,3250300000.0,111800000.0,,80700000.0,,450300000.0,102500000.0,3250300000.0,892900000.0,2357400000.0,1294200000.0,,64000000.0,0.9505486014526348,,0.0863854118374285,0.7252868965941606,3.6401612722589314,0.398178629664954,,,1.8965853658536584,19.77666473388672,0.0201827523613204,0.1385410577485155,,0.859891463147276,0.398178629664954,,16960.864,2.54,-0.46686,92.6033,5.82,9.4,0.19,21.2,239.21,8768.7
ALL,Allstate Corporation (The),Financial Services,Insurance - Property & Casualty,53000.0,0.0009221471425966,2009-11-04,,153000000.0,,-5741000000.0,2118000000.0,3556000000.0,,,,-1.7,-1.7,,134798000000.0,,,1059000000.0,,30207000000.0,536000000.0,134798000000.0,12641000000.0,122125000000.0,7320000000.0,542400000.0,,,,,0.9059852520067064,10.636629053894106,0.0543034763127049,,,,,,0.2240908618822237,,,0.0543034763127049,,16502.754,3.4,-0.00999,87.9388,7.55,9.9,0.12,27.72,413.44,8517.3
ALL,Allstate Corporation (The),Financial Services,Insurance - Property & Casualty,53000.0,0.0009221471425966,2010-02-25,,-85000000.0,,-2205000000.0,3555000000.0,-1132000000.0,,,,-6.22,-6.18,,-2146000000.0,0.0,,-69000000.0,,1285000000.0,1000000.0,-2146000000.0,4051000000.0,-6194000000.0,-4756000000.0,-54600000.0,,,,-0.0,2.886300093196645,-0.5301383399209486,2.216216216216216,,,,22.25701332092285,,-0.5987884436160298,,-0.0035933182629839,2.216216216216216,,16582.71,3.69,-0.23879,89.5046,6.65,9.8,0.13,20.1,98.67,8527.6
AMAT,"Applied Materials, Inc.",Technology,Semiconductor Equipment & Materials,35200.0,0.0023948302842723,2009-09-01,1691027000.0,,1202722000.0,-1107416000.0,-539033000.0,1584151000.0,6664157000.0,2945552000.0,,0.54,0.53,1987017000.0,11006318000.0,729651000.0,1038966000.0,1094200000.0,828900000.0,11601288000.0,,11006318000.0,7548958000.0,3457360000.0,,1359492000.0,,,,,0.3141250325494866,1.457991685739939,,,,,,0.337860944959068,1.05405713336649,0.0943972362056048,,,,16326.281,3.4,0.17672,87.3821,9.18,9.8,0.15,29.15,33.47,8461.8
AMAT,"Applied Materials, Inc.",Technology,Semiconductor Equipment & Materials,35200.0,0.0023948302842723,2009-12-11,-649532000.0,,164757000.0,1144698000.0,188675000.0,-1377803000.0,-975210000.0,-1006095000.0,,-0.94,-0.93,-359560000.0,-1432075000.0,0.0,-1749047000.0,-3767000.0,-170007000.0,-667284000.0,10156000.0,-1432075000.0,-454350000.0,-977725000.0,,-21085000.0,,,,,0.6827330970794128,3.1519203257400683,,,,16.222627018511226,,-0.0215666078941396,0.4659560428050207,1.2213375696105302,,,,16502.754,3.59,-0.11265,88.2404,7.09,9.9,0.12,21.59,109.15,8512.5
AMD,"Advanced Micro Devices, Inc.",Technology,Semiconductors,26000.0,0.003480503261541,2010-08-04,725000000.0,196000000.0,1979000000.0,2077000000.0,-496000000.0,-535000000.0,3313000000.0,1630000000.0,,-1.15,-1.15,581000000.0,4955000000.0,,-547000000.0,755000000.0,869000000.0,-5725000000.0,674000000.0,4955000000.0,752000000.0,,,647000000.0,,,,,,,,,,2.93620178041543,,0.339656912209889,-1.15539858728557,-0.110393541876892,,,,16872.266,2.7,-0.29107,92.5936,6.49,9.5,0.19,22.21,145.53,8688.2
AMD,"Advanced Micro Devices, Inc.",Technology,Semiconductors,26000.0,0.003480503261541,2010-11-03,765000000.0,293000000.0,1847000000.0,2307000000.0,-716000000.0,-677000000.0,3212000000.0,1665000000.0,,-1.32,-1.32,622000000.0,4595000000.0,,-624000000.0,723000000.0,1289000000.0,-5843000000.0,681000000.0,4595000000.0,614000000.0,,,662000000.0,,,,,,,,,,2.712187958883994,,0.3366702937976061,-1.2715995647442873,-0.1357997823721436,,,,16960.864,2.76,-0.46686,92.6686,5.92,9.8,0.19,19.56,317.26,8789.3
AME,"AMETEK, Inc.",Industrials,Specialty Industrial Machinery,21500.0,0.0007630569162894,2009-08-05,,19911000.0,170139000.0,118733000.0,-293001000.0,141802000.0,954586000.0,447513000.0,,1.25,1.23,349509000.0,3055542000.0,132199000.0,230344000.0,307908000.0,,1320470000.0,,3055542000.0,1287772000.0,1767770000.0,,105946000.0,,,,,0.5785454757290196,2.372735235740488,,,,,,0.1659518998593375,0.4321557353818078,0.0753856435290367,,,,16326.281,3.59,0.34288,86.6393,8.77,9.6,0.16,24.9,81.17,8463.3
AME,"AMETEK, Inc.",Industrials,Specialty Industrial Machinery,21500.0,0.0007630569162894,2009-11-05,,31032000.0,170139000.0,214692000.0,-419461000.0,204588000.0,954586000.0,447513000.0,,1.91,1.89,349509000.0,3055542000.0,203123000.0,350409000.0,307908000.0,,1320470000.0,,3055542000.0,1287772000.0,1767770000.0,,106078000.0,,,,,0.5785454757290196,2.372735235740488,,,,,,0.1659518998593375,0.4321557353818078,0.1146798178522828,,,,16502.754,3.4,-0.00999,87.9388,7.56,9.9,0.12,25.43,133.63,8517.3
AMGN,Amgen Inc.,Healthcare,Drug Manufacturers - General,26700.0,0.0025471211505921,2009-08-10,2182000000.0,,3392000000.0,-1540000000.0,-293000000.0,3201000000.0,17696000000.0,4548000000.0,,0.84,0.84,2061000000.0,38840000000.0,906000000.0,1179000000.0,5800000000.0,,-5423000000.0,1015000000.0,38840000000.0,21360000000.0,,3764000000.0,1078000000.0,,,0.313230605738576,0.2407013815090329,,,0.0969104016477857,,,3.341871921182266,,0.3385169927909371,-0.1396240988671472,0.0303553038105046,,0.0969104016477857,,16326.281,3.59,0.28733,86.6393,8.58,9.6,0.16,24.99,149.18,8463.3
AMGN,Amgen Inc.,Healthcare,Drug Manufacturers - General,26700.0,0.0025471211505921,2009-11-06,2331000000.0,494000000.0,2522000000.0,-1475000000.0,-2618000000.0,4591000000.0,19974000000.0,4903000000.0,799000000.0,1.06,1.05,2155000000.0,40940000000.0,1121000000.0,1483000000.0,5743000000.0,,-4042000000.0,1016000000.0,40940000000.0,22858000000.0,,3875000000.0,1058000000.0,,,0.3827096774193548,0.2892903225806452,,,0.0946507083536883,,,2.482283464566929,,0.368124084025403,-0.0987298485588666,0.0362237420615534,,0.0946507083536883,,16502.754,3.4,-0.02334,87.9388,7.6,9.9,0.12,24.19,90.21,8517.3
AMP,"Ameriprise Financial, Inc.",Financial Services,Asset Management,13800.0,0.0009287703781801,2009-08-05,,,4469000000.0,5046000000.0,-5266000000.0,-1561000000.0,,,,0.41,0.41,,103214000000.0,95000000.0,,,,4875000000.0,227747843.0,103214000000.0,8110000000.0,94840000000.0,1915000000.0,228800000.0,,,,0.0496083550913838,0.9188675954812332,12.325531406735132,0.0185536845776735,,,19.6225788184523,,,0.0472319646559575,,,0.0185536845776735,,16326.281,3.59,0.34288,86.6393,8.77,9.6,0.16,24.9,81.17,8463.3
AMP,"Ameriprise Financial, Inc.",Financial Services,Asset Management,13800.0,0.0009287703781801,2009-11-03,,,6228000000.0,4439000000.0,627000000.0,189000000.0,,,,-0.32,-0.32,,95577000000.0,-70000000.0,,,,4592000000.0,227747843.0,95577000000.0,6178000000.0,89110000000.0,1672000000.0,219100000.0,,,,-0.0418660287081339,0.9323372777969596,14.779186639863925,0.017493748495977,,,27.346032866708644,,,0.0480450317545016,,,0.017493748495977,,16502.754,3.4,-0.00999,87.9388,7.61,9.9,0.12,28.81,136.59,8517.3
AMT,American Tower Corporation (REI,Real Estate,REIT - Specialty,5643.0,0.0015446400564816,2009-08-06,72526000.0,,152130000.0,-111178000.0,-128948000.0,359133000.0,718058000.0,348020000.0,,0.4,0.38,,8486487000.0,158786000.0,154790000.0,3087799000.0,,-2241237000.0,395810003.0,8486487000.0,3087781000.0,5395452000.0,,396935000.0,,,,,0.6357697831859048,2.745516307644527,,,,0.3843510746240539,,0.0436032011832457,-0.2640947897522261,0.0182395848835919,,,,16326.281,3.59,0.34288,86.6393,8.73,9.6,0.16,25.67,59.17,8463.3
AMT,American Tower Corporation (REI,Real Estate,REIT - Specialty,5643.0,0.0015446400564816,2009-11-05,51313000.0,,66235000.0,-361747000.0,-191467000.0,586326000.0,473680000.0,302645000.0,,0.15,0.15,,8211665000.0,60466000.0,154367000.0,3022636000.0,,-2356127000.0,396976896.0,8211665000.0,2991322000.0,5217186000.0,,393567000.0,,,,,0.6353383875255505,2.7422683545284507,,,,0.1668485009263612,,0.0208282973063319,-0.2869243935304228,0.0187985018872542,,,,16502.754,3.4,-0.00999,87.9388,7.56,9.9,0.12,25.43,133.63,8517.3
AMZN,"Amazon.com, Inc.",Consumer Cyclical,Internet Retail,1551000.0,0.0425499486683522,2009-07-24,827000000.0,69000000.0,1004000000.0,14000000.0,-301000000.0,347000000.0,6157000000.0,4746000000.0,,0.38,0.37,1399000000.0,8314000000.0,158000000.0,217000000.0,854000000.0,,-730000000.0,428000000.0,8314000000.0,2672000000.0,,,420000000.0,,,,,,,,,,2.3457943925233646,,0.1697137358672119,-0.0878037045946596,0.0261005532836179,,,,16326.281,3.56,0.41499,85.6853,9.8,9.5,0.16,23.09,104.47,8463.8
AMZN,"Amazon.com, Inc.",Consumer Cyclical,Internet Retail,1551000.0,0.0425499486683522,2009-10-23,827000000.0,102000000.0,1366000000.0,-240000000.0,-6000000.0,424000000.0,6157000000.0,4746000000.0,,0.28,0.27,1399000000.0,8314000000.0,118000000.0,154000000.0,854000000.0,,-730000000.0,428000000.0,8314000000.0,2672000000.0,,,427000000.0,,,,,,,,,,3.191588785046729,,0.1697137358672119,-0.0878037045946596,0.0185229732980514,,,,16502.754,3.39,-0.00083,87.5809,7.45,10.0,0.12,22.27,110.76,8488.1
ANET,"Arista Networks, Inc.",Technology,Computer Hardware,4023.0,0.0025568019500418,2014-08-08,67946000.0,12212000.0,113664000.0,224064000.0,-4539000.0,63946000.0,562676000.0,209344000.0,1484000.0,0.18,0.18,73360000.0,642778000.0,21618000.0,16264000.0,67204000.0,34888000.0,76911000.0,31927000.0,364520000.0,77732000.0,181592000.0,,38491000.0,48804000.0,,,,0.4981674530889937,1.9926965800752208,,0.6652671755725191,,3.5601215272340028,4.501874923706055,0.9693075825743444,0.2109925381323384,0.0446175792823439,0.7915071186459932,,,18406.941,2.42,-0.73736,102.6322,4.2,6.1,0.09,15.77,61.58,11462.5
ANET,"Arista Networks, Inc.",Technology,Computer Hardware,4023.0,0.0025568019500418,2014-11-07,84063000.0,10789000.0,408596000.0,6254000.0,-15496000.0,98704000.0,282766000.0,209344000.0,7366000.0,0.21,0.2,67094000.0,691883000.0,21866000.0,18636000.0,66991000.0,36231000.0,98777000.0,31927000.0,691883000.0,492922000.0,286788000.0,,62402000.0,85393000.0,,,,0.4145036082690281,1.7079524555968353,,1.2727367573851611,,12.79782002693645,4.864375114440918,0.1061190981712225,0.1427654675718293,0.0269351899092765,0.5415320873912269,,,18500.031,2.33,-0.65166,103.5978,4.36,5.8,0.09,13.12,26.93,11618.2
ANSS,"ANSYS, Inc.",Technology,Software - Application,6400.0,0.0005323854581097,2010-08-05,67084000.0,,228176000.0,-74923000.0,-1520000.0,94690000.0,515490000.0,266766000.0,,0.55,0.53,,1920182000.0,48232000.0,75489000.0,35131000.0,39939000.0,502201000.0,,1920182000.0,1312631000.0,,238336000.0,88296000.0,,,0.3167335190655209,0.2023697636949516,,,0.1241215676430671,,0.1675743488184747,,43.959999084472656,0.1295314714959311,0.2615382291886914,0.0393134609115177,,0.1241215676430671,,16872.266,2.7,-0.29107,92.5936,6.51,9.5,0.19,22.1,91.49,8688.2
ANSS,"ANSYS, Inc.",Technology,Software - Application,6400.0,0.0005323854581097,2010-11-04,67084000.0,,228176000.0,-72675000.0,-1230000.0,128769000.0,515490000.0,266766000.0,,0.89,0.86,,1920182000.0,78761000.0,123121000.0,35131000.0,59401000.0,502201000.0,,1920182000.0,1312631000.0,,366523000.0,88292000.0,,,0.3359161635149772,0.214886923876537,,,0.1908793020661583,,0.1620662277674252,,45.75,0.1295314714959311,0.2615382291886914,0.0641194428444803,,0.1908793020661583,,16960.864,2.76,-0.46686,92.6686,5.89,9.8,0.19,18.52,273.42,8789.3
AON,Aon plc,Financial Services,Insurance Brokers,50000.0,0.0013947705690998,2009-08-07,1937000000.0,58000000.0,537000000.0,-1500000000.0,1087000000.0,268000000.0,15881000000.0,14859000000.0,,0.53,0.52,,24438000000.0,149000000.0,227000000.0,447000000.0,,7132000000.0,,24438000000.0,5866000000.0,18430000000.0,1885000000.0,278300000.0,,,0.1204244031830238,0.0790450928381962,0.7541533677060316,4.067576564580559,0.0771339716834438,,,,,0.041820116212456,0.2918405761518945,0.0092888125051149,,0.0771339716834438,,16326.281,3.59,0.28733,86.6393,8.57,9.6,0.16,24.76,62.29,8463.3
AON,Aon plc,Financial Services,Insurance Brokers,50000.0,0.0013947705690998,2009-11-03,1990000000.0,86000000.0,582000000.0,-258000000.0,63000000.0,37000000.0,14526000000.0,12803000000.0,,0.42,0.4,,22940000000.0,120000000.0,209000000.0,451000000.0,,6816000000.0,,22940000000.0,5310000000.0,17525000000.0,1808000000.0,283800000.0,,,0.1155973451327433,0.0663716814159292,0.763949433304272,4.236380424746076,0.0788142981691368,,,,,0.0751089799476896,0.2971229293809939,0.0091107236268526,,0.0788142981691368,,16502.754,3.4,-0.00999,87.9388,7.61,9.9,0.12,28.81,136.59,8517.3
APD,"Air Products and Chemicals, Inc",Basic Materials,Specialty Chemicals,23000.0,0.0011802194312508,2009-07-24,1575200000.0,791400000.0,40500000.0,-538200000.0,-510700000.0,1129500000.0,2848100000.0,2212000000.0,647800000.0,3.05,2.95,503700000.0,12571300000.0,648100000.0,1122700000.0,6614800000.0,97700000.0,6990200000.0,,12571300000.0,5030700000.0,7404400000.0,,212800000.0,,,,,0.5889923874221441,2.4330449592599046,,,,,,0.0505993811300342,0.556044323180578,0.089306595181087,,,,16326.281,3.56,0.41499,85.6853,9.8,9.5,0.16,23.09,104.47,8463.8
APD,"Air Products and Chemicals, Inc",Basic Materials,Specialty Chemicals,23000.0,0.0011802194312508,2009-11-25,-212000000.0,94000000.0,384700000.0,800000000.0,-120600000.0,-356700000.0,149700000.0,291600000.0,-28700000.0,-1.2800000000000002,-1.1900000000000004,5900000.0,457800000.0,0.0,-649500000.0,244800000.0,-14400000.0,244400000.0,1925637.0,457800000.0,8396400000.0,694700000.0,,-2300000.0,,,,,1.517474879860201,-1.932460953989025,,,,199.77804747208327,,-0.3099606815203145,0.5338575797291394,-1.4187418086500656,,,,16502.754,3.4,-0.05537,87.9388,7.57,9.9,0.12,20.48,111.36,8517.3
APH,Amphenol Corporation,Technology,Electronic Components,95000.0,0.00153091193297,2009-08-06,515999000.0,,214987000.0,-40970000.0,-158528000.0,205815000.0,1335864000.0,634832000.0,,0.63,0.61,512507000.0,2994159000.0,109995000.0,168223000.0,344515000.0,,1467099000.0,,2994159000.0,1349425000.0,,,175487646.0,,,,,,,,,,,,0.2341331906555396,0.4899870046981472,0.0561837230420963,,,,16326.281,3.59,0.34288,86.6393,8.73,9.6,0.16,25.67,59.17,8463.3
APH,Amphenol Corporation,Technology,Electronic Components,95000.0,0.00153091193297,2009-10-26,515999000.0,,214987000.0,-60023000.0,-197413000.0,310684000.0,1335864000.0,634832000.0,72923000.0,0.64,0.63,512507000.0,2994159000.0,112955000.0,171320000.0,344515000.0,,1467099000.0,,2994159000.0,1349425000.0,,,176716395.0,,,,,,,,,,,,0.2341331906555396,0.4899870046981472,0.0572180702494423,,,,16502.754,3.39,-0.00083,87.5809,7.35,10.0,0.12,24.31,108.78,8488.1
APP,AppLovin Corporation,Technology,Application Software,788.0,,2021-05-14,340881000.0,121000.0,761075000.0,400374000.0,-18273000.0,61819000.0,1184821000.0,486596000.0,88817000.0,-0.05,-0.05,,2621399000.0,-10521000.0,11465000.0,22167000.0,60876000.0,-1022921000.0,184817898.0,2621399000.0,-129977000.0,2751121000.0,358495000.0,222408568.0,223061000.0,0.3777849063445794,0.0319809202359865,-0.0293476896469964,1.0494857898397,-20.207821341021567,0.136757128540905,,0.1698098997196613,4.117972383821831,,0.2663558657037712,-0.3902194972989614,0.0043736188195692,,0.136757128540905,,21389.005,1.62,-0.70519,99.1867,3.35,5.8,0.06,18.81,100.11,20427.0
APP,AppLovin Corporation,Technology,Application Software,788.0,,2021-08-13,383133000.0,653000.0,1183743000.0,1737766000.0,-1023182000.0,152276000.0,1716845000.0,603179000.0,195973000.0,0.04,0.04,,4599571000.0,14423000.0,34978000.0,62986000.0,77462000.0,-1008498000.0,372165319.0,4599571000.0,1997441000.0,2601934000.0,,335619207.0,245853000.0,,,,0.565690582882621,2.302505910733532,,,,3.1806913206762286,,0.2421238850318866,-0.2192591439505988,0.0076046222571626,,,,21571.421,1.28,-0.65615,100.0412,3.36,5.1,0.09,15.45,101.4,20811.0
AVGO,Broadcom Inc.,Technology,Semiconductors,20000.0,0.0185529040232474,2018-06-14,2448000000.0,581000000.0,3097000000.0,-967000000.0,-812000000.0,2936000000.0,15823000000.0,2529000000.0,2307000000.0,1.09,1.05,1447000000.0,54418000000.0,440000000.0,474000000.0,2599000000.0,829000000.0,-129000000.0,408732155.0,54418000000.0,20285000000.0,31232000000.0,4190000000.0,403000000.0,,,0.113126491646778,0.1050119331742243,0.5739277444963063,2.3470197532994046,0.0769965820133044,,0.1978520286396181,7.577089206500037,,0.2442941673710904,-0.0023705391598368,0.0087103531919585,,0.0769965820133044,,20150.476,2.91,-0.54151,103.2256,3.31,4.0,1.82,12.12,96.72,14109.9
AVGO,Broadcom Inc.,Technology,Semiconductors,20000.0,0.0185529040232474,2018-09-13,2448000000.0,836000000.0,3097000000.0,-1370000000.0,-1070000000.0,4592000000.0,15823000000.0,2529000000.0,,1.18,1.14,1447000000.0,54418000000.0,481000000.0,648000000.0,2599000000.0,827000000.0,-129000000.0,408732155.0,54418000000.0,20285000000.0,31232000000.0,4463000000.0,407000000.0,,,0.1451938158189558,0.1077750392112928,0.5739277444963063,2.3470197532994046,0.0820133044213311,,0.1853013667936365,7.577089206500037,,0.2442941673710904,-0.0023705391598368,0.0119078246168547,,0.0820133044213311,,20276.154,3.0,-0.59817,104.1038,3.35,3.7,1.95,12.37,29.73,14229.3
AXON,"Axon Enterprise, Inc.",Industrials,Aerospace & Defense,3330.0,0.0008666283089706,2011-08-08,9978838.0,659872.0,27719405.0,-12495893.0,-11648260.0,9155092.0,76101733.0,14898650.0,4117580.0,-0.04,-0.04,16049209.0,125552818.0,-2294832.0,-5016545.0,31768928.0,2793235.0,32910091.0,59704086.0,125552818.0,104655264.0,20897554.0,,60605140.0,,,,,0.166444324650682,1.1996799128995557,,,,0.4642798652005158,3.619999885559082,0.4874688117314897,0.2621214842027679,-0.0399556543605417,10.342300562420348,,,17031.313,2.3,-0.28993,95.0974,6.84,9.0,0.1,48.0,476.87,9525.1
AXON,"Axon Enterprise, Inc.",Industrials,Aerospace & Defense,3330.0,0.0008666283089706,2011-11-09,12525734.0,1171193.0,24574858.0,-24845271.0,-7813187.0,14637384.0,69579027.0,16213481.0,6112612.0,0.02,0.02,15469128.0,117158101.0,1136285.0,1212092.0,29821661.0,2362721.0,34046376.0,56767754.0,117158101.0,94086253.0,23071848.0,,58787274.0,,,,,0.196929173510588,1.2452201811033967,,,,0.4329017138849636,5.420000076293945,0.4555002645527687,0.2906019789446741,0.0103457805278014,13.335786149901644,,,17222.583,2.01,-0.0439,95.6778,7.48,8.6,0.08,36.16,98.42,9629.8
AXP,American Express Company,Financial Services,Credit Services,74600.0,0.0037850469689955,2009-10-30,,633000000.0,15898000000.0,-10565000000.0,2388000000.0,8743000000.0,,,,0.7,0.7,,120445000000.0,815000000.0,1078000000.0,2759000000.0,,3247000000.0,1189000000.0,120445000000.0,13943000000.0,106502000000.0,,1154000000.0,,,,,0.8842376188301715,8.638384852614214,,,,13.370899915895713,,,0.0269583627381792,0.0089501432188965,,,,16502.754,3.39,-0.00999,87.5809,7.66,10.0,0.12,30.69,108.64,8488.1
AXP,American Express Company,Financial Services,Credit Services,74600.0,0.0037850469689955,2010-02-26,,205000000.0,-5008000000.0,-5793000000.0,14313000000.0,1757000000.0,,,,0.79,0.7799999999999998,,-1986000000.0,0.0,740000000.0,-166000000.0,,1018000000.0,32000000.0,-1986000000.0,3737000000.0,-4551000000.0,,-14000000.0,,,,,2.2915407854984893,-0.7742690058479532,,,,-156.5,30.844640731811523,,-0.5125881168177241,-0.3726082578046324,-0.216881675108321,,,16582.71,3.69,-0.27768,89.5046,6.66,9.8,0.13,19.5,101.35,8527.6
AZO,"AutoZone, Inc.",Consumer Cyclical,Specialty Retail,75600.0,0.0009839571546666,2009-12-17,126514000.0,51099000.0,242461000.0,-248320000.0,-46612000.0,140784000.0,2561730000.0,2706752000.0,,2.25,2.23,,5318405000.0,131371000.0,238539000.0,2354357000.0,,,,5318405000.0,-433074000.0,,,58325000.0,,,,,,,,,,,,-0.0272679496954444,,0.0448516049454676,,,,16502.754,3.59,-0.11265,88.2404,6.91,9.9,0.12,22.51,88.45,8512.5
AZO,"AutoZone, Inc.",Consumer Cyclical,Specialty Retail,75600.0,0.0009839571546666,2010-03-18,126514000.0,98146000.0,242461000.0,-186284000.0,-93577000.0,148294000.0,2561730000.0,2706752000.0,81964000.0,4.31,4.26,,5318405000.0,247235000.0,453234000.0,2354357000.0,,,,5318405000.0,-433074000.0,,,57421000.0,,,,,,,,,,,,-0.0272679496954444,,0.0852199108567324,,,,16582.71,3.73,-0.37098,90.1356,6.02,9.9,0.16,16.62,91.77,8523.7
BA,Boeing Company (The),Industrials,Aerospace & Defense,171000.0,0.0023872432281541,2009-07-22,6588000000.0,807000000.0,5619000000.0,-2733000000.0,-401000000.0,1682000000.0,30120000000.0,31272000000.0,,1.18,1.16,,57712000000.0,852000000.0,1247000000.0,8808000000.0,1005000000.0,23668000000.0,,57712000000.0,180000000.0,,16962000000.0,,13942000000.0,0.1780450418582714,0.0735172739063789,0.050229925716307,,,0.2939076795120598,,0.0592500884329678,,,-0.0199611865816468,0.4101053507069587,0.0216072913778763,,0.2939076795120598,,16326.281,3.56,0.49905,85.6853,10.18,9.5,0.16,23.47,108.88,8463.8
BA,Boeing Company (The),Industrials,Aerospace & Defense,171000.0,0.0023872432281541,2009-10-21,6718000000.0,1229000000.0,4186000000.0,-4243000000.0,173000000.0,1240000000.0,30227000000.0,32049000000.0,,0.97,0.96,,58667000000.0,695000000.0,1147000000.0,8912000000.0,937000000.0,22104000000.0,,58667000000.0,-1028000000.0,,15293000000.0,,12541000000.0,0.1799516118485581,0.075001634734846,0.0454456287190217,,,0.2606746552576406,,0.0612698620283789,,,-0.0310566417236265,0.3767705865307583,0.0195510252782654,,0.2606746552576406,,16502.754,3.39,0.00873,87.5809,7.58,10.0,0.12,22.22,82.95,8488.1
BAC,Bank of America Corporation,Financial Services,Banks - Diversified,213000.0,0.0060974392415119,2009-08-07,,,39127000000.0,3363000000.0,-17923000000.0,11198000000.0,,,,0.72,0.72,,2254394000000.0,3410000000.0,,15667000000.0,,79210000000.0,8651459122.0,2254394000000.0,162691000000.0,1999242000000.0,20410000000.0,4435719000.0,,,,0.1670749632533072,0.8868201388044858,8.835494136828244,0.0090534307667603,,,4.522589709810109,,,0.0351358280761925,,,0.0090534307667603,,16326.281,3.59,0.28733,86.6393,8.57,9.6,0.16,24.76,62.29,8463.3
BAC,Bank of America Corporation,Financial Services,Banks - Diversified,213000.0,0.0060974392415119,2009-11-06,,,39341000000.0,-46887000000.0,12548000000.0,31276000000.0,,,,0.15,0.15,,1817943000000.0,1177000000.0,,13161000000.0,,73823000000.0,5017435592.0,1817943000000.0,161039000000.0,1640891000000.0,19621000000.0,4543963000.0,,,,0.0599867488914938,0.9026086076406136,10.26784786390439,0.0107929676563016,,,7.84085799979712,,,0.0406079838586798,,,0.0107929676563016,,16502.754,3.4,-0.02334,87.9388,7.6,9.9,0.12,24.19,90.21,8517.3
BDX,"Becton, Dickinson and Company",Healthcare,Medical Instruments & Supplies,70000.0,0.0011879455445866,2009-08-10,,418125000.0,511482000.0,,,,3614675000.0,1416579000.0,352936000.0,3.46,3.34,1080426000.0,7912943000.0,844821000.0,1145940000.0,2744474000.0,,6838589000.0,,7912943000.0,4935568000.0,,,,,,,,,,,,,,,0.277784889894948,0.864228265008354,0.1448184322824011,,,,16326.281,3.59,0.28733,86.6393,8.58,9.6,0.16,24.99,149.18,8463.3
BDX,"Becton, Dickinson and Company",Healthcare,Medical Instruments & Supplies,70000.0,0.0011879455445866,2009-11-25,,-10581000.0,563767000.0,,,,1032279000.0,360514000.0,-6931000.0,0.5099999999999998,0.5300000000000002,76336000.0,1391681000.0,104607000.0,113490000.0,222155000.0,,914242000.0,,1391681000.0,207144000.0,,,,-27558000.0,,,,,,,-0.3610092223852442,,,,0.4827004176962968,0.6569335932588,0.0815488606943689,,,,16502.754,3.4,-0.05537,87.9388,7.57,9.9,0.12,20.48,111.36,8517.3
BIIB,Biogen Inc.,Healthcare,Drug Manufacturers - General,7570.0,0.0003839958947196,2009-07-17,446665000.0,-157093000.0,659662000.0,-1037661000.0,199354000.0,643007000.0,2458000000.0,923222000.0,,1.26,1.24,263602000.0,8478991000.0,369725000.0,542801000.0,1594754000.0,510491000.0,270180000.0,,8478991000.0,5833952000.0,2645039000.0,1935630000.0,293268000.0,193335000.0,0.9001177911067715,0.28042601116949,0.1910101620660973,0.3119520942998996,1.453387172194766,0.2282854174512038,0.7334352546642287,0.2637337714335901,,,0.1810095092682608,0.0318646404979083,0.0640171690240029,,0.2282854174512038,,16326.281,3.56,0.49905,85.6853,10.41,9.5,0.16,24.34,88.11,8463.8
BIIB,Biogen Inc.,Healthcare,Drug Manufacturers - General,7570.0,0.0003839958947196,2009-10-21,446665000.0,221961000.0,659662000.0,-902833000.0,99884000.0,1155200000.0,2458000000.0,923222000.0,,1.97,1.95,263602000.0,8478991000.0,576513000.0,888651000.0,1594754000.0,779291000.0,270180000.0,,8478991000.0,5806083000.0,2645039000.0,3028594000.0,292613000.0,300828000.0,0.9006707402841054,0.2934203131882319,0.1903566473419679,0.3119520942998996,1.453387172194766,0.3571880191876604,1.1412204763241554,0.2573111483414416,,,0.1810095092682608,0.0318646404979083,0.1048062204571275,,0.3571880191876604,,16502.754,3.39,0.00873,87.5809,7.58,10.0,0.12,22.22,82.95,8488.1
BK,The Bank of New York Mellon Cor,Financial Services,Banks - Diversified,52600.0,0.0010153513664986,2009-08-07,,135000000.0,5990000000.0,7694000000.0,-10274000000.0,1851000000.0,,,,0.28,0.28,,203012000000.0,322000000.0,,1685000000.0,,11028000000.0,,203012000000.0,27276000000.0,175708000000.0,,1146070000.0,,,,,0.865505487360353,7.435247582771755,,,,,,,0.0543219120052016,,,,,16326.281,3.59,0.28733,86.6393,8.57,9.6,0.16,24.76,62.29,8463.3
BK,The Bank of New York Mellon Cor,Financial Services,Banks - Diversified,52600.0,0.0010153513664986,2009-11-06,,210000000.0,45339000000.0,74976000000.0,-37608000000.0,1533000000.0,,,,0.15,0.15,,212007000000.0,176000000.0,,1682000000.0,,8462000000.0,,212007000000.0,28295000000.0,183691000000.0,,1171081000.0,,,,,0.8664383723178951,7.487180392710835,,,,,,,0.0399137764319102,,,,,16502.754,3.4,-0.02334,87.9388,7.6,9.9,0.12,24.19,90.21,8517.3
BKNG,Booking Holdings Inc. Common St,Consumer Cyclical,Travel Services,24200.0,0.0030061903672209,2010-08-04,208056000.0,10233000.0,364550000.0,292963000.0,-419573000.0,292016000.0,1557676000.0,465776000.0,10758000.0,2.41,2.26,,2445739000.0,114957000.0,173159000.0,34988000.0,,-285841000.0,,2445739000.0,,1017836000.0,,47791000.0,,,,,0.4161670562557983,1.7128187278827764,,,,,,0.4464499278132294,-0.1168730596355539,0.0708002775439243,,,,16872.266,2.7,-0.29107,92.5936,6.49,9.5,0.19,22.21,145.53,8688.2
BKNG,Booking Holdings Inc. Common St,Consumer Cyclical,Travel Services,24200.0,0.0030061903672209,2010-11-09,118659000.0,9902000.0,202141000.0,-125232000.0,-239403000.0,363400000.0,1022941000.0,408765000.0,10098000.0,7.49,6.42,,1834224000.0,318982000.0,200755000.0,30489000.0,,-454673000.0,,1834224000.0,,476610000.0,,42569000.0,,,,,0.2598428545259467,1.35106444099722,,,,,,0.3348424183742007,-0.2478830284632629,0.1094495546890674,,,,16960.864,2.76,-0.47401,92.6686,5.64,9.8,0.19,19.08,226.72,8789.3
BKR,Baker Hughes Company,Energy,Oil & Gas Equipment & Services,57000.0,0.0007178098937109,2017-07-28,,,0.0,0.0,0.0,0.0,,,,,,,0.0,,0.0,,0.0,,100.0,0.0,0.0,0.0,,,,,,,,,,,,0.0,29.939525604248047,,,,inf,,,19660.766,2.32,-0.5764,100.0865,3.59,4.3,1.15,10.29,45.32,13615.4
BKR,Baker Hughes Company,Energy,Oil & Gas Equipment & Services,57000.0,0.0007178098937109,2017-10-31,,,1432000000.0,229000000.0,-346000000.0,-195000000.0,7401000000.0,4934000000.0,439000000.0,,,3224000000.0,21721000000.0,0.0,176000000.0,2325000000.0,87000000.0,0.0,428000000.0,21721000000.0,14688000000.0,,,,,,,,,,,,,3.3457943925233646,25.487871170043945,0.1135767229869711,0.0,0.0081027576999217,,,,19882.352,2.36,-0.61187,100.9893,3.51,4.2,1.15,10.18,50.39,13782.3
BLK,"BlackRock, Inc.",Financial Services,Asset Management,20400.0,0.0028664127344873,2024-11-06,,165000000.0,14037000000.0,2814000000.0,67000000.0,2338000000.0,,,,11.02,10.9,,132816000000.0,1631000000.0,2006000000.0,1080000000.0,,,147953572.0,132816000000.0,41178000000.0,89192000000.0,,148000000.0,,,,,0.6715455969160342,3.0445626260773886,,,,94.87435693678285,,,,0.0151036019756655,,,,23542.349,4.36,-0.55487,101.9619,2.74,4.2,4.64,16.27,142.57,21454.2
BLK,"BlackRock, Inc.",Financial Services,Asset Management,20400.0,0.0028664127344873,2025-02-25,,189000000.0,-2800000000.0,-3450000000.0,-171000000.0,791000000.0,,,,-2.539999999999999,-2.539999999999999,,-15404000000.0,-324000000.0,110000000.0,9000000.0,,,-6447739.0,-15404000000.0,-8148000000.0,-7289000000.0,49000000.0,1593603.0,,,2.2448979591836733,-6.612244897959184,0.4731887821345105,1.8982131854590265,-0.0031809919501428,,,434.2607540410677,,,,-0.0071410023370553,,-0.0031809919501428,,23526.085,4.45,-0.60086,104.2202,2.84,4.1,4.33,19.43,232.14,21670.5
BMY,Bristol-Myers Squibb Company,Healthcare,Drug Manufacturers - General,34100.0,0.0020919443569806,2009-07-23,,460000000.0,4047000000.0,235000000.0,95000000.0,1889000000.0,14570000000.0,6744000000.0,,0.38,0.38,1780000000.0,29809000000.0,764000000.0,,5468000000.0,826000000.0,19957000000.0,,29809000000.0,14096000000.0,15873000000.0,,,,,,,0.5324901875272569,2.138992537313433,,,,,,0.2625381596162233,0.6694957898621222,,,,,16326.281,3.56,0.49905,85.6853,9.88,9.5,0.16,23.43,140.0,8463.8
BMY,Bristol-Myers Squibb Company,Healthcare,Drug Manufacturers - General,34100.0,0.0020919443569806,2009-10-22,,656000000.0,7173000000.0,-1998000000.0,4054000000.0,3311000000.0,14697000000.0,6710000000.0,,1.3,1.28,1765000000.0,29486000000.0,2578000000.0,,5405000000.0,834000000.0,21919000000.0,,29486000000.0,12241000000.0,17278000000.0,,,,,,,0.5859730041375568,2.4153014416775886,,,,,,0.2708743132333989,0.7433697347893916,,,,,16502.754,3.39,0.00873,87.5809,7.52,10.0,0.12,20.69,65.1,8488.1
BRK-B,Berkshire Hathaway Inc. New,Financial Services,Insurance - Diversified,396500.0,0.0176094184142796,2009-08-07,,2633000000.0,24302000000.0,1076000000.0,-9641000000.0,7497000000.0,,,,2467.0,,7500000000.0,267399000000.0,3820000000.0,,16703000000.0,,78172000000.0,,201887000000.0,109267000000.0,87436000000.0,47334000000.0,1548688.0,,,,0.0807030886888917,0.4330937603709005,1.7639601226725847,0.234457889809646,,,,,,0.3872067047407708,,,0.234457889809646,,16326.281,3.59,0.28733,86.6393,8.57,9.6,0.16,24.76,62.29,8463.3
BRK-B,Berkshire Hathaway Inc. New,Financial Services,Insurance - Diversified,396500.0,0.0176094184142796,2009-11-06,,3803000000.0,24302000000.0,387000000.0,-11129000000.0,12026000000.0,,,,2087.0,,7500000000.0,267399000000.0,3238000000.0,,16703000000.0,,78172000000.0,,201887000000.0,109267000000.0,87436000000.0,71967000000.0,1551727.0,,,,0.0449928439423624,0.4330937603709005,1.7639601226725847,0.3564716896085434,,,,,,0.3872067047407708,,,0.3564716896085434,,16502.754,3.4,-0.02334,87.9388,7.6,9.9,0.12,24.19,90.21,8517.3
BSX,Boston Scientific Corporation,Healthcare,Medical Devices,48000.0,0.002358603926244,2009-08-06,,136000000.0,1452000000.0,-860000000.0,498000000.0,524000000.0,5452000000.0,3233000000.0,,0.28,0.28,853000000.0,27139000000.0,,883000000.0,1728000000.0,,-2732000000.0,,27139000000.0,,,,1495800000.0,,,,,,,,,,,,0.0817642507093113,-0.100666936880504,0.0325362025129886,,,,16326.281,3.59,0.34288,86.6393,8.73,9.6,0.16,25.67,59.17,8463.3
BSX,Boston Scientific Corporation,Healthcare,Medical Devices,48000.0,0.002358603926244,2009-11-06,,208000000.0,1452000000.0,-1353000000.0,472000000.0,1162000000.0,5452000000.0,3233000000.0,,0.24,0.24,853000000.0,27139000000.0,,912000000.0,1728000000.0,,-2732000000.0,,27139000000.0,,,,1497500000.0,,,,,,,,,,,,0.0817642507093113,-0.100666936880504,0.0336047754154537,,,,16502.754,3.4,-0.02334,87.9388,7.6,9.9,0.12,24.19,90.21,8517.3
BX,Blackstone Inc.,Financial Services,Asset Management,4735.0,0.003727941394506,2010-08-06,,12893000.0,503737000.0,-400250000.0,-11494000.0,692586000.0,,,,,-0.91,,9409024000.0,,,,,,,9409024000.0,,2865491000.0,451330000.0,,,,,,0.3045471028663546,1.4379119047768232,0.047967780717745,,,,,,,,,0.047967780717745,,16872.266,2.7,-0.30665,92.5936,6.57,9.5,0.19,21.74,156.3,8688.2
BX,Blackstone Inc.,Financial Services,Asset Management,4735.0,0.003727941394506,2010-11-05,,18323000.0,503737000.0,94289000.0,-17084000.0,-94472000.0,,,,,-1.02,,9409024000.0,,,,,,,9409024000.0,,2865491000.0,1048353000.0,,,,,,0.3045471028663546,1.4379119047768232,0.1114199517399466,,,,,,,,,0.1114199517399466,,16960.864,2.76,-0.47401,92.6686,5.79,9.8,0.19,18.26,229.76,8789.3
C,"Citigroup, Inc.",Financial Services,Banks - Diversified,229000.0,0.0023542700868338,2009-08-07,,615000000.0,,,,,,,,0.49,0.49,,1848533000000.0,4279000000.0,,5005000000.0,,88874000000.0,37534553.0,1848533000000.0,141630000000.0,1694365000000.0,29969000000.0,5399500000.0,,,,0.142780873569355,0.9165998118508027,11.990380623735144,0.0162123153873909,,,,,,0.0480781246534414,,,0.0162123153873909,,16326.281,3.59,0.28733,86.6393,8.57,9.6,0.16,24.76,62.29,8463.3
C,"Citigroup, Inc.",Financial Services,Banks - Diversified,229000.0,0.0023542700868338,2009-11-06,,859000000.0,,,,,,,,-0.27,-0.27,,1888599000000.0,101000000.0,,4954000000.0,,85208000000.0,37534553.0,1888599000000.0,141630000000.0,1745650000000.0,20390000000.0,12104300000.0,,,,0.0049534085335948,0.924309501381712,13.211697878264276,0.0107963628065036,,,,,,0.0451170417860011,,,0.0107963628065036,,16502.754,3.4,-0.02334,87.9388,7.6,9.9,0.12,24.19,90.21,8517.3
CARR,Carrier Global Corporation,Industrials,Building Products & Equipment,53000.0,0.0011055825515098,2020-05-11,,,768000000.0,-76000000.0,-128000000.0,47000000.0,5968000000.0,4451000000.0,,0.11,0.11,1556000000.0,22001000000.0,96000000.0,315000000.0,1638000000.0,98000000.0,,,22001000000.0,2697000000.0,18975000000.0,,866000000.0,,,,,0.8624607972364893,7.270654329147389,,,,,,0.0689514112994863,,0.0143175310213172,,,,19056.617,0.67,0.02543,86.0108,7.51,13.2,0.05,27.57,527.36,17853.4
CARR,Carrier Global Corporation,Industrials,Building Products & Equipment,53000.0,0.0011055825515098,2020-07-31,,,2704000000.0,1315000000.0,-103000000.0,556000000.0,8053000000.0,4789000000.0,,0.3,0.3,1639000000.0,24176000000.0,261000000.0,442000000.0,1651000000.0,94000000.0,191000000.0,866164968.0,24176000000.0,,19810000000.0,,866200000.0,,,,,0.8194076770350761,5.537333944113605,,,,3.121807161335114,,0.1350099272005294,0.0079003970880211,0.018282594308405,,,,20548.793,0.62,-0.50232,95.0037,5.16,10.2,0.09,24.46,384.08,18298.0
CAT,"Caterpillar, Inc.",Industrials,Farm & Heavy Construction Machinery,113200.0,0.0031795032655226,2009-10-30,5733000000.0,,2736000000.0,-4347000000.0,1280000000.0,4518000000.0,26223000000.0,17957000000.0,1633000000.0,0.65,0.64,6815000000.0,60838000000.0,404000000.0,277000000.0,12250000000.0,327000000.0,20026000000.0,,60838000000.0,,52325000000.0,7298000000.0,622400000.0,,,0.0379556042751438,0.0553576322280076,0.8600710082514218,7.146481851286268,0.1199579210361944,,0.0448067963825705,,,0.1358690292251553,0.3291692692067458,0.0045530753805187,,0.1199579210361944,,16502.754,3.39,-0.00999,87.5809,7.66,10.0,0.12,30.69,108.64,8488.1
CAT,"Caterpillar, Inc.",Industrials,Farm & Heavy Construction Machinery,113200.0,0.0031795032655226,2010-02-19,-1148000000.0,,2131000000.0,-5944000000.0,1888000000.0,3158000000.0,-6156000000.0,-3824000000.0,-183000000.0,-4.38,-4.23,-1577000000.0,-11650000000.0,-2662000000.0,-3871000000.0,-2527000000.0,-307000000.0,-2428000000.0,,-11650000000.0,,-13932000000.0,-18928000000.0,4700000.0,,,0.2045118343195266,0.1406382079459002,1.1958798283261802,-5.105170902716915,1.6247210300429185,,0.0162193575655114,,39.95026397705078,0.2001716738197425,0.2084120171673819,0.332274678111588,,1.6247210300429185,,16582.71,3.69,-0.23879,89.5046,6.56,9.8,0.13,20.02,143.63,8527.6
CB,Chubb Limited,Financial Services,Insurance - Property & Casualty,40000.0,0.0019813127338562,2009-08-07,,,654000000.0,85000000.0,-1615000000.0,1322000000.0,,,,3.28,3.27,,75655000000.0,1102000000.0,,,,1397000000.0,336097451.0,75655000000.0,,59094000000.0,7122000000.0,,,,,0.1547318169053636,0.7810984072434076,4.568262786063643,0.0941378626660498,,,1.9458642071046237,,,0.0184654021545172,,,0.0941378626660498,,16326.281,3.59,0.28733,86.6393,8.57,9.6,0.16,24.76,62.29,8463.3
CB,Chubb Limited,Financial Services,Insurance - Property & Casualty,40000.0,0.0019813127338562,2009-11-09,,,742000000.0,-30000000.0,-2437000000.0,2332000000.0,,,,4.74,4.73,,77821000000.0,1596000000.0,,,,1865000000.0,336280476.0,77821000000.0,,59088000000.0,10803000000.0,,,,,0.1477367397945015,0.759280913892137,4.154219825975551,0.1388185708227856,,,2.2064914645832725,,,0.023965253594788,,,0.1388185708227856,,16502.754,3.4,-0.02334,87.9388,7.57,9.9,0.12,23.15,99.7,8517.3
CDNS,"Cadence Design Systems, Inc.",Technology,Software - Application,12703.0,0.001487554968429,2010-08-04,,22282000.0,568255000.0,16366000.0,-29122000.0,3006000.0,850747000.0,397898000.0,,-0.54,-0.54,24165000.0,1410587000.0,-137614000.0,-102194000.0,311502000.0,185345000.0,-1177983000.0,,1410587000.0,108373000.0,,,255592000.0,,,,,,,,,,,,0.3210358524500793,-0.8351012734414822,-0.0724478532695962,,,,16872.266,2.7,-0.29107,92.5936,6.49,9.5,0.19,22.21,145.53,8688.2
CDNS,"Cadence Design Systems, Inc.",Technology,Software - Application,12703.0,0.001487554968429,2010-10-29,,30504000.0,568255000.0,21340000.0,-47565000.0,24729000.0,850747000.0,397898000.0,,-0.59,-0.59,24165000.0,1410587000.0,-151661000.0,-112335000.0,311502000.0,273394000.0,-1177983000.0,,1410587000.0,108373000.0,,,256792000.0,,,,,,,,,,,,0.3210358524500793,-0.8351012734414822,-0.079637058898175,,,,16960.864,2.54,-0.46686,92.6033,5.82,9.4,0.19,21.2,239.21,8768.7
CDW,CDW Corporation,Technology,Information Technology Services,15100.0,0.0004184510234137,2011-11-14,1091500000.0,,88000000.0,-302000000.0,-82900000.0,363800000.0,1702300000.0,1026900000.0,,,,292800000.0,5943800000.0,-5100000.0,271500000.0,158100000.0,,-2208000000.0,100000.0,5943800000.0,-43500000.0,,,,,,,,,,,,,880.0,,0.1136310104646858,-0.3714795248830714,0.0456778491873885,,,,17222.583,2.01,-0.02821,95.6778,7.44,8.6,0.08,31.13,186.38,9629.8
CDW,CDW Corporation,Technology,Information Technology Services,15100.0,0.0004184510234137,2012-03-09,-163400000.0,,6400000.0,-318200000.0,69400000.0,-209000000.0,-177100000.0,-314400000.0,,,,28900000.0,-5800000.0,0.0,502600000.0,-3800000.0,,-16700000.0,-810735.0,-5800000.0,-4319600000.0,,,,,,,,,,,,,-7.894071429011946,,-23.67241379310345,2.8793103448275863,-86.65517241379311,,,,17367.01,2.17,-0.39188,96.5609,6.09,8.2,0.13,17.11,76.37,9846.2
CEG,Constellation Energy Corporatio,Utilities,Utilities - Renewable,13871.0,0.0012774583041531,2022-02-25,124000000.0,98000000.0,447000000.0,1204000000.0,-3825000000.0,2289000000.0,830000000.0,142000000.0,,,,,8000000.0,-1330000000.0,1067000000.0,3776000000.0,,2037000000.0,,777000000.0,,61000000.0,0.0,,270000000.0,-inf,inf,-inf,0.0785070785070785,1.085195530726257,0.0,,,,,0.8854568854568855,2.621621621621621,1.3732303732303732,,0.0,,21903.85,1.93,-0.39575,101.8458,3.62,3.8,0.08,27.59,161.59,21684.2
CEG,Constellation Energy Corporatio,Utilities,Utilities - Renewable,13871.0,0.0012774583041531,2022-05-12,1936000000.0,410000000.0,1605000000.0,-635000000.0,404000000.0,1351000000.0,8767000000.0,6434000000.0,,0.32,0.32,,46846000000.0,106000000.0,435000000.0,19837000000.0,,-91000000.0,327000000.0,46846000000.0,11105000000.0,35341000000.0,5591000000.0,327000000.0,,,0.0778036129493829,0.0189590413164013,0.7544080604534005,4.071794871794872,0.1193485036075652,,,4.908256880733945,,0.049801477180549,-0.0019425351150578,0.009285744780771,,0.1193485036075652,,21919.222,2.9,-0.2304,102.9659,4.77,3.6,0.77,31.77,144.73,21689.9
CHTR,"Charter Communications, Inc.",Communication Services,Telecom Services,101100.0,0.0008991615814345,2011-05-03,223000000.0,356000000.0,26000000.0,-44000000.0,-381000000.0,447000000.0,333000000.0,1028000000.0,,-0.97,-0.97,,15705000000.0,,269000000.0,6870000000.0,,-345000000.0,0.0,15705000000.0,,,1770000000.0,113224303.0,,,0.1519774011299435,,,,0.1127029608404966,,,inf,,-0.0442534224769181,-0.0219675262655205,0.0171283030881884,,0.1127029608404966,,17035.114,3.17,-0.59566,93.7723,4.76,9.0,0.09,16.7,120.64,9102.7
CHTR,"Charter Communications, Inc.",Communication Services,Telecom Services,101100.0,0.0008991615814345,2011-08-02,243000000.0,680000000.0,166000000.0,-51000000.0,-694000000.0,907000000.0,490000000.0,1087000000.0,,,,,15809000000.0,,270000000.0,6879000000.0,,-452000000.0,0.0,15809000000.0,,,1791000000.0,,,,0.1507537688442211,,,,0.1132898981592763,,,inf,,-0.0377632993864254,-0.0285913087481814,0.0170788791194889,,0.1132898981592763,,17031.313,2.3,-0.37156,95.0974,5.8,9.0,0.1,24.79,490.89,9525.1
CI,The Cigna Group,Healthcare,Healthcare Plans,70325.0,0.0013857975097231,2019-02-28,,-10000000.0,-18000000.0,231000000.0,6000000.0,-226000000.0,-154000000.0,83000000.0,-28000000.0,-1.16,-1.14,2821000000.0,-46119000000.0,-5641000000.0,-86000000.0,2130000000.0,,0.0,564300000.0,-46119000000.0,-27317000000.0,-18802000000.0,2600000000.0,,,,-0.033076923076923,-2.1696153846153847,0.4076844684403391,1.6882893436321704,-0.0563758971356707,,,-0.0318979266347687,,0.0051388798542899,-0.0,0.0018647412129491,,-0.0563758971356707,,20431.641,2.68,-0.58567,102.8251,3.92,3.8,2.4,14.78,125.24,14481.2
CI,The Cigna Group,Healthcare,Healthcare Plans,70325.0,0.0013857975097231,2019-05-02,,103000000.0,3855000000.0,-928000000.0,-417000000.0,1102000000.0,20430000000.0,31895000000.0,140000000.0,3.61,3.56,2821000000.0,153226000000.0,,90000000.0,4562000000.0,,15088000000.0,,153226000000.0,41028000000.0,112154000000.0,-9000000.0,,,,-10.0,,0.7319514964823203,3.730668095052591,-5.8736767911451056e-05,,,,,-0.0748241160116429,0.0984689282497748,0.0005873676791145,,-5.8736767911451056e-05,,20602.275,2.4,-0.62462,102.4176,3.74,3.6,2.39,14.42,30.2,14652.4
CL,Colgate-Palmolive Company,Consumer Defensive,Household & Personal Products,34000.0,0.0013527545081791,2009-07-30,1727800000.0,,554900000.0,-664800000.0,-216700000.0,1210700000.0,4217800000.0,3240200000.0,172100000.0,1.11,1.07,1223800000.0,10730100000.0,561600000.0,887100000.0,3245400000.0,,12392400000.0,,10730100000.0,2540300000.0,,,,1543800000.0,,,,,,,1.2614806340905376,,,,0.0911081909767849,1.154919339055554,0.0826739732155338,,,,16326.281,3.56,0.41499,85.6853,9.33,9.5,0.16,25.4,91.24,8463.8
CL,Colgate-Palmolive Company,Consumer Defensive,Household & Personal Products,34000.0,0.0013527545081791,2009-10-29,1780000000.0,,555000000.0,-1620000000.0,-484000000.0,2375000000.0,4204000000.0,3591000000.0,262000000.0,1.17,1.12,1241000000.0,11067000000.0,590000000.0,926000000.0,3351000000.0,,12761000000.0,,11067000000.0,2952000000.0,,,,1631000000.0,,,,,,,1.314262691377921,,,,0.0553898978946417,1.153067678684377,0.0836721785488388,,,,16502.754,3.39,-0.00083,87.5809,7.56,10.0,0.12,24.76,84.73,8488.1
CMCSA,Comcast Corporation,Communication Services,Telecom Services,186000.0,0.0026312290280347,2009-08-06,1677000000.0,2731000000.0,1767000000.0,-1079000000.0,-3045000000.0,4928000000.0,6537000000.0,10557000000.0,,0.21,0.21,,115237000000.0,632000000.0,1750000000.0,23715000000.0,,8736000000.0,2061081040.0,115237000000.0,41733000000.0,,8553000000.0,,,,0.2046065707938734,0.0738922015667017,,,0.0742209533396391,,,0.8573170902586149,,-0.0348846290687886,0.0758089849614273,0.0151860947438756,,0.0742209533396391,,16326.281,3.59,0.34288,86.6393,8.73,9.6,0.16,25.67,59.17,8463.3
CMCSA,Comcast Corporation,Communication Services,Telecom Services,186000.0,0.0026312290280347,2009-11-04,1626000000.0,4037000000.0,2714000000.0,-892000000.0,-4730000000.0,7373000000.0,3716000000.0,8939000000.0,,0.26,0.26,,113017000000.0,771000000.0,1670000000.0,24444000000.0,,7427000000.0,2060982734.0,113017000000.0,40450000000.0,,8549000000.0,,,,0.1953444847350567,0.090185986665107,,,0.0756434872629781,,,1.3168475190146838,,-0.0462142863463018,0.0657157772724457,0.0147765380429492,,0.0756434872629781,,16502.754,3.4,-0.00999,87.9388,7.55,9.9,0.12,27.72,413.44,8517.3
CME,CME Group Inc.,Financial Services,Financial Data & Stock Exchanges,3565.0,0.0015464776456592,2009-11-06,264000000.0,119400000.0,582400000.0,2319800000.0,-3445400000.0,862700000.0,7506200000.0,7318400000.0,,2.82,2.81,,36519600000.0,168700000.0,420700000.0,726900000.0,,2113900000.0,66400000.0,36519600000.0,19028800000.0,17389300000.0,680900000.0,59870000.0,,,0.6178587164047584,0.2477603172271993,0.4761634848136343,1.908992540629264,0.0186447825277385,,,8.771084337349398,,0.0051424440574376,0.0578839855858224,0.0115198414002343,,0.0186447825277385,,16502.754,3.4,-0.02334,87.9388,7.6,9.9,0.12,24.19,90.21,8517.3
CME,CME Group Inc.,Financial Services,Financial Data & Stock Exchanges,3565.0,0.0015464776456592,2010-02-26,14300000.0,42200000.0,-37300000.0,3669700000.0,-4293900000.0,114100000.0,-12412500000.0,-12119400000.0,,-0.2599999999999998,-0.2799999999999993,,-12507700000.0,0.0,-6900000.0,31300000.0,,520200000.0,-66508000.0,-12507700000.0,-14947400000.0,-13120100000.0,-51800000.0,-7628000.0,-44900000.0,0.1332046332046332,0.1332046332046332,-0.0,1.0489618395068638,-20.4240692357936,0.0041414488674976,,,0.5608347867925663,33.52532196044922,0.0234335649240068,-0.0415903803257193,0.0005516601773307,0.16994551207274,0.0041414488674976,0.0778229801491342,16582.71,3.69,-0.27768,89.5046,6.66,9.8,0.13,19.5,101.35,8527.6
CMG,"Chipotle Mexican Grill, Inc.",Consumer Cyclical,Restaurants,125000.0,0.001516725443855,2010-07-27,4763000.0,51809000.0,88044000.0,-42588000.0,48181000.0,114662000.0,297454000.0,102153000.0,29917000.0,1.9,1.88,5614000.0,961505000.0,60785000.0,98511000.0,636411000.0,,277533000.0,,961505000.0,703461000.0,258044000.0,,31929000.0,,,,,0.268375099453461,1.3668206197642798,,,,,,0.2031201085797785,0.2886443648238959,0.1024550054341891,,,,16872.266,3.01,-0.26154,92.2549,6.43,9.4,0.18,23.19,201.62,8639.8
CMG,"Chipotle Mexican Grill, Inc.",Consumer Cyclical,Restaurants,125000.0,0.001516725443855,2010-10-22,4763000.0,80282000.0,88044000.0,-48399000.0,19708000.0,179093000.0,297454000.0,102153000.0,45368000.0,2.99,2.96,5614000.0,961505000.0,95249000.0,153320000.0,636411000.0,,277533000.0,,961505000.0,703461000.0,258044000.0,,31827000.0,,,,,0.268375099453461,1.3668206197642798,,,,,,0.2031201085797785,0.2886443648238959,0.1594583491505504,,,,16960.864,2.54,-0.453,92.6033,5.96,9.4,0.19,18.78,161.12,8768.7
CMI,Cummins Inc.,Industrials,Specialty Industrial Machinery,75500.0,0.0008672331010134,2009-07-30,,139000000.0,534000000.0,-119000000.0,-109000000.0,321000000.0,4373000000.0,2114000000.0,,0.28,0.28,1535000000.0,8121000000.0,56000000.0,121000000.0,1860000000.0,79000000.0,3280000000.0,,8121000000.0,3372000000.0,4526000000.0,,197100000.0,1983000000.0,,,,0.5573205270286911,2.258970792767733,,1.29185667752443,,,,0.2781677133357961,0.4038911464105406,0.0148996429011205,,,,16326.281,3.56,0.41499,85.6853,9.33,9.5,0.16,25.4,91.24,8463.8
CMI,Cummins Inc.,Industrials,Specialty Industrial Machinery,75500.0,0.0008672331010134,2009-10-30,,330000000.0,426000000.0,-171000000.0,-552000000.0,725000000.0,4713000000.0,2639000000.0,,1.18,1.17,1783000000.0,8519000000.0,229000000.0,383000000.0,1841000000.0,113000000.0,3288000000.0,,8519000000.0,3234000000.0,5039000000.0,,194900000.0,2873000000.0,,,,0.5915013499237,2.4479885057471265,,1.611329220415031,,,,0.2434558046719098,0.3859607935203662,0.0449583284423054,,,,16502.754,3.39,-0.00999,87.5809,7.66,10.0,0.12,30.69,108.64,8488.1
COF,Capital One Financial Corporati,Financial Services,Credit Services,52500.0,0.0012262262943013,2009-08-10,,203047000.0,,-272509000.0,-2528055000.0,2503770000.0,,,,1.21,1.21,,171911307000.0,452905000.0,,2824785000.0,,10001299000.0,,171911307000.0,24921465000.0,146581731000.0,,,,,,,0.852659045864854,6.786979260924068,,,,,,,0.0581770866299096,,,,,16326.281,3.59,0.28733,86.6393,8.58,9.6,0.16,24.99,149.18,8463.3
COF,Capital One Financial Corporati,Financial Services,Credit Services,52500.0,0.0012262262943013,2009-11-09,,270064000.0,,3250478000.0,-6532283000.0,4081137000.0,,,,1.0,1.0,,168503921000.0,374139000.0,,2773173000.0,,10404255000.0,,168503921000.0,25611540000.0,142281769000.0,,,,,,,0.8443825411041919,6.426014195936322,,,,,,,0.0617448836695022,,,,,16502.754,3.4,-0.02334,87.9388,7.57,9.9,0.12,23.15,99.7,8517.3
COP,ConocoPhillips,Energy,Oil & Gas E&P,10300.0,0.0022137070424282,2009-08-04,,,1456000000.0,-6288000000.0,-6422000000.0,12021000000.0,20843000000.0,21780000000.0,,6.18,6.11,5095000000.0,142865000000.0,9578000000.0,,83947000000.0,,30642000000.0,,142865000000.0,55165000000.0,86600000000.0,129905000000.0,1548587.0,,,,0.0737308032793195,0.6061666608336541,2.539145116857727,0.9092849893255872,,,,,-0.0065586392748398,0.2144822034788086,,,0.9092849893255872,,16326.281,3.59,0.34288,86.6393,8.88,9.6,0.16,24.89,130.69,8463.3
COP,ConocoPhillips,Energy,Oil & Gas E&P,10300.0,0.0022137070424282,2009-11-03,,,1456000000.0,-9496000000.0,-10158000000.0,19536000000.0,20843000000.0,21780000000.0,6748000000.0,9.61,9.5,5095000000.0,142865000000.0,14766000000.0,,83947000000.0,,30642000000.0,,142865000000.0,55165000000.0,86600000000.0,,1535932000.0,,,,,0.6061666608336541,2.539145116857727,,,,,,-0.0065586392748398,0.2144822034788086,,,,,16502.754,3.4,-0.00999,87.9388,7.61,9.9,0.12,28.81,136.59,8517.3
COR,"Cencora, Inc.",Healthcare,Medical Distribution,46000.0,0.0007917581933559,2009-08-06,3480267000.0,80621000.0,640204000.0,-505971000.0,225898000.0,222955000.0,8669761000.0,8167589000.0,,0.42,0.41,4211775000.0,12217786000.0,,625169000.0,552159000.0,,2479078000.0,312430920.0,12217786000.0,,,53031887000.0,324094000.0,,,0.0117885490290021,,,,4.340548033825441,,,2.049105767124457,,0.0411017184291818,0.2029073025178211,0.0511687633094899,,4.340548033825441,,16326.281,3.59,0.34288,86.6393,8.73,9.6,0.16,25.67,59.17,8463.3
COR,"Cencora, Inc.",Healthcare,Medical Distribution,46000.0,0.0007917581933559,2009-11-25,436242000.0,8528000.0,131254000.0,158420000.0,-311770000.0,46694000.0,1283992000.0,1312021000.0,,0.8899999999999999,0.8899999999999999,761045000.0,1354954000.0,0.0,55888000.0,67079000.0,,440682000.0,-24508657.0,1354954000.0,50925000.0,,1570257000.0,-20711000.0,,,0.0355916260841378,0.0,,,1.158900597363453,,,-5.355413803375681,,-0.0206863111220011,0.3252376095424641,0.0412471567300439,,1.158900597363453,,16502.754,3.4,-0.05537,87.9388,7.57,9.9,0.12,20.48,111.36,8517.3
COST,Costco Wholesale Corporation,Consumer Defensive,Discount Stores,333000.0,0.007619493664505,2009-12-18,,375000000.0,2215000000.0,-24000000.0,-302000000.0,-15000000.0,11627000000.0,10285000000.0,155000000.0,0.61,0.6,6223000000.0,23478000000.0,263000000.0,422000000.0,11115000000.0,,6288000000.0,439325000.0,23478000000.0,10345000000.0,13047000000.0,16395000000.0,432451000.0,,,0.0257395547422994,0.0160414760597743,0.5557117301303348,2.250790911705493,0.6983133145923843,,,5.041825527798327,,0.0571598943691967,0.2678251980577562,0.0179742737882272,,0.6983133145923843,,16502.754,3.59,-0.13986,88.2404,6.84,9.9,0.12,21.68,156.28,8512.5
COST,Costco Wholesale Corporation,Consumer Defensive,Discount Stores,333000.0,0.007619493664505,2010-03-17,,671000000.0,2705000000.0,-151000000.0,-559000000.0,850000000.0,11501000000.0,9865000000.0,316000000.0,1.16,1.14,5365000000.0,23366000000.0,502000000.0,820000000.0,11105000000.0,,6495000000.0,440379000.0,23366000000.0,10651000000.0,12623000000.0,33238000000.0,432963000.0,,,0.0246705577952945,0.0151031951380949,0.5402293931353248,2.174997672903286,1.4224942223743902,,,6.142436401372454,,0.070016262946161,0.2779679876743987,0.0350937259265599,,1.4224942223743902,,16582.71,3.73,-0.37098,90.1356,6.11,9.9,0.16,16.91,107.05,8523.7
CPRT,"Copart, Inc.",Industrials,Specialty Business Services,13086.0,0.0010092487664436,2010-12-03,109061000.0,23512000.0,268188000.0,-77000.0,-22907000.0,77691000.0,437415000.0,107224000.0,10614000.0,0.42,0.42,,1228812000.0,,56492000.0,573514000.0,,754468000.0,84363000.0,1228812000.0,,141578000.0,,84045000.0,,,,,0.1152153462043013,1.1302185178167716,,,,3.17897656555599,,0.2687074996012408,0.6139816342939359,0.0459728583379719,,,,16960.864,3.29,-0.45949,93.5916,5.92,9.3,0.18,18.01,188.06,8822.9
CPRT,"Copart, Inc.",Industrials,Specialty Business Services,13086.0,0.0010092487664436,2011-03-07,109061000.0,39847000.0,268188000.0,2471000.0,-59503000.0,82804000.0,437415000.0,107224000.0,21078000.0,0.42,0.42,,1228812000.0,,53232000.0,573514000.0,,754468000.0,84363000.0,1228812000.0,,141578000.0,,84108000.0,,,,,0.1152153462043013,1.1302185178167716,,,,3.17897656555599,,0.2687074996012408,0.6139816342939359,0.0433198894542045,,,,16920.632,3.41,-0.55991,93.9684,4.69,9.0,0.14,20.66,141.02,8967.0
CRM,"Salesforce, Inc.",Technology,Software - Application,72682.0,0.0059168420147283,2009-08-25,168842000.0,13036000.0,378548000.0,34368000.0,-38154000.0,53075000.0,701318000.0,712588000.0,,0.08,0.08,,1556527000.0,9996000.0,16098000.0,96470000.0,24033000.0,65476000.0,,1556527000.0,791117000.0,754137000.0,263077000.0,120863000.0,54091000.0,0.7943909957921065,0.0611912101780087,0.0379964801179882,0.4844997870258595,1.939863408068396,0.1690153784675755,,0.0913534820603853,,,-0.0072404783212883,0.0420654444156766,0.0103422555471251,,0.1690153784675755,,16326.281,3.59,0.21046,86.6393,9.12,9.6,0.16,24.92,83.96,8463.3
CRM,"Salesforce, Inc.",Technology,Software - Application,72682.0,0.0059168420147283,2009-11-25,191297000.0,11614000.0,427043000.0,24015000.0,-85914000.0,17121000.0,762915000.0,726478000.0,,0.08,0.08,,1643201000.0,10124000.0,16133000.0,95598000.0,26270000.0,86167000.0,,1643201000.0,858891000.0,772661000.0,276487000.0,121635000.0,56348000.0,0.7962001830104127,0.0583499405035318,0.0366165497835341,0.4702169728475092,1.8875651894226573,0.1682612169783246,,0.0950135087725643,,,0.0221744022794533,0.0524385026542705,0.009818031999737,,0.1682612169783246,,16502.754,3.4,-0.05537,87.9388,7.57,9.9,0.12,20.48,111.36,8517.3
CRWD,"CrowdStrike Holdings, Inc.",Technology,Software - Infrastructure,9219.0,0.0016054688566531,2019-07-19,87355000.0,15541000.0,92993000.0,-882000.0,4138000.0,1415000.0,311251000.0,302721000.0,,,,,457361000.0,-25977000.0,-25775000.0,86349000.0,23875000.0,-521685000.0,48127000.0,457361000.0,-485177000.0,384626000.0,,,,,,,0.8409680755464501,6.288045645150203,,,,1.9322417769651128,,0.0186504752263529,-1.1406416375685728,-0.0563559201593489,,,,20843.322,2.06,-0.58771,102.0057,4.07,3.7,2.4,14.45,61.84,14853.5
CRWD,"CrowdStrike Holdings, Inc.",Technology,Software - Infrastructure,9219.0,0.0016054688566531,2019-09-06,115256000.0,37159000.0,732808000.0,679802000.0,-30254000.0,-4799000.0,1005432000.0,341781000.0,,,,,1171586000.0,-51889000.0,-50639000.0,107989000.0,31630000.0,-573574000.0,0.0,1171586000.0,728097000.0,443489000.0,,,,,,,0.3785372990117669,1.609107028321776,,,,inf,,0.566455215408856,-0.4895705479580671,-0.0432226059375922,,,,20843.322,1.7,-0.49876,102.4601,4.05,3.5,2.04,15.0,130.51,15031.4
CSCO,"Cisco Systems, Inc.",Technology,Communication Equipment,90400.0,0.004193244088571,2009-11-18,3177000000.0,361000000.0,5191000000.0,-873000000.0,-2839000000.0,2718000000.0,44177000000.0,13655000000.0,,0.37,0.37,1074000000.0,68128000000.0,2201000000.0,2482000000.0,4043000000.0,,3868000000.0,5785000000.0,68128000000.0,38647000000.0,29451000000.0,,5881000000.0,3650000000.0,,,,0.4322892202912165,1.7614602994027455,,3.398510242085661,,0.8973206568712186,,0.4480096289337717,0.0567754814466885,0.0364314232033818,,,,16502.754,3.4,-0.03937,87.9388,7.51,9.9,0.12,21.63,64.94,8517.3
CSCO,"Cisco Systems, Inc.",Technology,Communication Equipment,90400.0,0.004193244088571,2010-02-17,4237000000.0,585000000.0,5191000000.0,-1268000000.0,-5664000000.0,5916000000.0,50139000000.0,14405000000.0,,0.63,0.63,1215000000.0,76403000000.0,3705000000.0,4255000000.0,3958000000.0,,5086000000.0,5734000000.0,76403000000.0,41512000000.0,34871000000.0,,5865000000.0,7016000000.0,,,,0.4564087797599571,1.839617644226139,,5.774485596707819,,0.9053017091035926,16.061649322509766,0.4677041477428896,0.0665680666989516,0.0556915304372864,2.641091371491239,,,16582.71,3.69,-0.2126,89.5046,6.8,9.8,0.13,21.72,107.08,8527.6
CSGP,"CoStar Group, Inc.",Real Estate,Real Estate Services,6450.0,0.0005269199272896,2011-07-28,13336000.0,,547617000.0,251934000.0,73899000.0,15284000.0,578622000.0,60216000.0,,0.12,0.12,,757856000.0,2637000.0,3909000.0,37146000.0,5135000.0,,,757856000.0,645864000.0,111992000.0,62127000.0,22011000.0,22412000.0,0.6392550742833228,0.0629195035974697,0.0424453136317543,0.1477747751551746,1.1733987340988197,0.081977314951653,,0.0826532747436702,,5.866000175476074,0.6840428788582528,,0.0051579719630114,,0.081977314951653,,17031.313,3.0,-0.43356,94.4958,5.37,9.0,0.07,23.74,254.85,9338.7
CSGP,"CoStar Group, Inc.",Real Estate,Real Estate Services,6450.0,0.0005269199272896,2011-10-27,18909000.0,,550740000.0,252367000.0,72196000.0,19707000.0,589381000.0,64606000.0,,0.09,0.09,,764753000.0,2311000.0,3004000.0,36780000.0,5017000.0,,,764753000.0,649690000.0,115063000.0,63829000.0,24973000.0,21175000.0,0.6682542418023155,0.047063247113381,0.0362061132087295,0.1504577294891291,1.177104465206483,0.0834635496689781,,0.0786006360745115,,6.388999938964844,0.6862019501721471,,0.003928065663031,,0.0834635496689781,,17222.583,2.15,-0.02546,95.6891,6.83,8.8,0.07,25.46,73.65,9578.1
CSX,CSX Corporation,Industrials,Railroads,23400.0,0.0011050266174083,2009-04-15,958000000.0,309000000.0,1056000000.0,210000000.0,-272000000.0,449000000.0,2600000000.0,2070000000.0,,0.63,0.62,,26567000000.0,246000000.0,522000000.0,22762000000.0,,8534000000.0,,26567000000.0,8205000000.0,18362000000.0,2247000000.0,391160.0,,,0.2323097463284379,0.1094793057409879,0.6911582037866526,3.237903717245582,0.0845786125644596,,,,,0.0199495614860541,0.3212255806075206,0.0196484360296608,,0.0845786125644596,,16269.145,2.93,1.46128,85.7903,15.74,9.0,0.15,36.17,89.04,8391.4
CSX,CSX Corporation,Industrials,Railroads,23400.0,0.0011050266174083,2009-07-15,885000000.0,667000000.0,1108000000.0,76000000.0,-618000000.0,981000000.0,2636000000.0,1961000000.0,,0.79,0.78,,26735000000.0,308000000.0,582000000.0,22887000000.0,,8757000000.0,,26735000000.0,8456000000.0,18279000000.0,2185000000.0,392027.0,,,0.2663615560640732,0.1409610983981693,0.683710491864597,3.161660359508041,0.0817280718159715,,,,,0.0252478025060781,0.3275481578455208,0.0217692163830185,,0.0817280718159715,,16326.281,3.56,0.58185,85.6853,10.52,9.5,0.16,25.89,109.66,8463.8
CTAS,Cintas Corporation,Industrials,Specialty Business Services,46500.0,0.0013570728722232,2010-10-08,366301000.0,24819000.0,129745000.0,-622000.0,-46736000.0,144894000.0,1524944000.0,383682000.0,,0.35,0.35,169484000.0,3969736000.0,,98891000.0,894522000.0,,3080079000.0,152869848.0,3969736000.0,,,891569000.0,,,,0.1109179435354975,,,,0.2245915093598163,,,0.8487285210095846,,0.2874906542903608,0.7758901347595911,0.0249112283537242,,0.2245915093598163,,16960.864,2.54,-0.4141,92.6033,6.12,9.4,0.19,20.71,213.44,8768.7
CTAS,Cintas Corporation,Industrials,Specialty Business Services,46500.0,0.0013570728722232,2011-01-07,402369000.0,88134000.0,129745000.0,-200521000.0,-60980000.0,109229000.0,1354846000.0,468795000.0,,0.38,0.38,208380000.0,3928295000.0,,102344000.0,923535000.0,,3125411000.0,145301073.0,3928295000.0,,,936566000.0,,,,0.1092758011715138,,,,0.238415393955902,,,0.8929390356257039,,0.2255561254946484,0.795615146011183,0.0260530331861532,,0.238415393955902,,16920.632,3.39,-0.54823,93.3889,5.23,9.1,0.17,17.14,78.36,8845.2
CTSH,Cognizant Technology Solutions ,Technology,Information Technology Services,340100.0,0.0007067713151228,2009-08-07,553067000.0,85210000.0,521193000.0,55449000.0,25690000.0,97026000.0,1763674000.0,389858000.0,,0.36,0.35,,2673287000.0,103856000.0,119678000.0,446926000.0,,1684792000.0,293169000.0,2673287000.0,2267697000.0,405590000.0,,289709000.0,,,,,0.1517195871599271,1.1788554643764135,,,,1.7777902847845442,,0.5139051661867955,0.6302323693640077,0.0447681075769268,,,,16326.281,3.59,0.28733,86.6393,8.57,9.6,0.16,24.76,62.29,8463.3
CTSH,Cognizant Technology Solutions ,Technology,Information Technology Services,340100.0,0.0007067713151228,2009-11-06,586938000.0,146325000.0,569262000.0,37237000.0,-33453000.0,236792000.0,2016826000.0,508374000.0,,0.39,0.38,,2976482000.0,112828000.0,142631000.0,460237000.0,,1821364000.0,294650000.0,2976482000.0,2436218000.0,540264000.0,,291341000.0,,,,,0.1815109246419095,1.2217634054095323,,,,1.9319938910571863,,0.5067902308833045,0.6119183653722751,0.0479193222065512,,,,16502.754,3.4,-0.02334,87.9388,7.6,9.9,0.12,24.19,90.21,8517.3
CVS,CVS Health Corporation,Healthcare,Healthcare Plans,219000.0,0.0010043276000465,2009-08-04,5519800000.0,955300000.0,615700000.0,-970300000.0,-862700000.0,1392100000.0,16771600000.0,12763800000.0,,0.54,0.53,9400500000.0,61036000000.0,774800000.0,1478100000.0,8119700000.0,,14501400000.0,,61036000000.0,36151600000.0,,21140300000.0,1431800000.0,16767100000.0,0.2068655600913894,0.0699185915053239,0.0366503786606623,,,0.3463578871485681,1.7836391681293549,,,,0.0656628874762435,0.2375876531882823,0.0242168556261878,,0.3463578871485681,,16326.281,3.59,0.34288,86.6393,8.88,9.6,0.16,24.89,130.69,8463.3
CVS,CVS Health Corporation,Healthcare,Healthcare Plans,219000.0,0.0010043276000465,2009-11-05,5692900000.0,1483200000.0,1282300000.0,-679500000.0,-1273100000.0,2178300000.0,17397900000.0,12700400000.0,,0.51,0.5,9975900000.0,61879300000.0,736000000.0,1466200000.0,8277400000.0,,15412700000.0,1418763000.0,61879300000.0,35674900000.0,26204400000.0,20863400000.0,1435500000.0,16462800000.0,0.2109243939147023,0.0702761774207463,0.0352770881064447,0.4234760251004779,1.734533243260668,0.3371628315123151,1.6502571196583766,,0.9038155068887476,,0.0759139162854137,0.2490768318322928,0.0236945149670406,,0.3371628315123151,,16502.754,3.4,-0.00999,87.9388,7.56,9.9,0.12,25.43,133.63,8517.3
CVX,Chevron Corporation,Energy,Oil & Gas Integrated,45600.0,0.004582197222029,2008-11-06,,,10493000000.0,-12302000000.0,-8231000000.0,17894000000.0,39377000000.0,33798000000.0,,6.49,6.45,5310000000.0,148786000000.0,13813000000.0,,78610000000.0,,82329000000.0,,148786000000.0,77088000000.0,71698000000.0,159494000000.0,2127409.0,,,,0.0866051387513009,0.4818867366553305,1.9300799086757991,1.071969136881158,,,,,0.0374968074953288,0.5533383517266409,,,1.071969136881158,,16485.35,3.53,2.63793,93.2617,16.19,6.8,0.39,63.68,280.67,8027.3
CVX,Chevron Corporation,Energy,Oil & Gas Integrated,45600.0,0.004582197222029,2009-05-07,,,7362000000.0,-3548000000.0,-3798000000.0,8107000000.0,36470000000.0,32023000000.0,,2.5,2.48,6854000000.0,161165000000.0,5168000000.0,,91780000000.0,,101102000000.0,,161165000000.0,87117000000.0,74048000000.0,65946000000.0,2066420000.0,,,,0.0783671488793861,0.4594545962212639,1.849983355717024,0.4091831352961251,,,,,0.0275928396363974,0.6273198275059721,,,0.4091831352961251,,16269.145,3.29,1.11949,84.9436,12.54,9.4,0.18,33.44,103.71,8449.5
D,"Dominion Energy, Inc.",Utilities,Utilities - Regulated Electric,17700.0,0.0008109550901453,2009-07-31,1928000000.0,1509000000.0,64000000.0,939000000.0,-1671000000.0,536000000.0,7111000000.0,5974000000.0,,0.52,0.51,1077000000.0,41497000000.0,298000000.0,711000000.0,23874000000.0,,4623000000.0,,41497000000.0,11010000000.0,30230000000.0,,,,,,,0.7284863966069837,3.6830567142983934,,,,,,0.0273995710533291,0.1114056437814781,0.0171337687061715,,,,16326.281,3.56,0.34288,85.6853,9.22,9.5,0.16,25.92,353.57,8463.8
D,"Dominion Energy, Inc.",Utilities,Utilities - Regulated Electric,17700.0,0.0008109550901453,2009-11-02,1760000000.0,2307000000.0,50000000.0,697000000.0,-2321000000.0,1427000000.0,6851000000.0,5448000000.0,888000000.0,0.88,0.87,1178000000.0,42087000000.0,508000000.0,1055000000.0,24683000000.0,,4956000000.0,,42087000000.0,11327000000.0,30503000000.0,,,,,,,0.7247606149167202,3.6332009668508287,,,,,,0.0333357093639366,0.1177560766982678,0.0250671228645424,,,,16502.754,3.4,-0.00999,87.9388,7.6,9.9,0.12,29.78,63.75,8517.3
DASH,DoorDash Inc.,Technology,Internet Retail,23700.0,,2021-03-05,233000000.0,28000000.0,2000000.0,2887000000.0,378000000.0,719000000.0,4519000000.0,1020000000.0,88000000.0,,,,4621000000.0,431000000.0,180000000.0,,214000000.0,-461000000.0,0.0,4621000000.0,4700000000.0,1103000000.0,,,1821000000.0,,,,0.2386929236096083,1.3135304150085276,,,,inf,,0.7571954122484311,-0.099761956286518,0.0389526076606795,,,,21058.379,1.61,-0.63577,98.1929,3.6,6.1,0.07,24.66,231.03,19823.4
DASH,DoorDash Inc.,Technology,Internet Retail,23700.0,,2021-05-14,291000000.0,22000000.0,4345000000.0,334000000.0,5000000.0,-125000000.0,5517000000.0,1402000000.0,24000000.0,,,,6353000000.0,-129000000.0,-123000000.0,,33000000.0,-1613000000.0,287190000.0,6353000000.0,4700000000.0,1653000000.0,,,,,,,0.2601920352589328,1.3517021276595744,,,,15.129356871757372,,0.6477254840232961,-0.2538957972611365,-0.0193609318432236,,,,21389.005,1.62,-0.70519,99.1867,3.35,5.8,0.06,18.81,100.11,20427.0
DDOG,Datadog Inc.,Technology,Software - Application,4800.0,,2019-11-13,87208000.0,9813000.0,760945000.0,715965000.0,-16871000.0,6804000.0,872476000.0,176661000.0,3800000.0,-0.04,-0.04,,1006753000.0,-4161000.0,-4218000.0,31266000.0,28684000.0,-124507000.0,0.0,1006753000.0,771235000.0,235518000.0,,2322000.0,,,,,0.2339382152325347,1.305377738302852,,,,inf,,0.6911476797188586,-0.1236718440372166,-0.0041897069092418,,,,20985.448,1.81,-0.56022,102.1494,4.05,3.6,1.55,13.0,106.88,15276.9
DDOG,Datadog Inc.,Technology,Software - Application,4800.0,,2020-02-25,-46572000.0,-7311000.0,6385000.0,-7320000.0,4696000.0,3003000.0,-781991000.0,-88005000.0,-3300000.0,0.1099999999999999,0.1099999999999999,,-858291000.0,-14412000.0,8077000.0,-11100000.0,-30442000.0,16710000.0,-232078452.0,-858291000.0,-123749000.0,-140714000.0,,-9630000.0,,,,,0.1639467266929281,1.196096028718869,,,,-0.0275122483150654,,0.8085672574919229,-0.0194689213798117,-0.0094105612199125,,,,20693.238,1.5,-0.47018,101.6718,4.18,3.5,1.58,27.85,147.84,15467.0
DE,Deere & Company,Industrials,Farm & Heavy Construction Machinery,83000.0,0.0021131364706045,2009-08-28,,647400000.0,2278600000.0,1100200000.0,483600000.0,483000000.0,,,653200000.0,0.99,0.99,3020000000.0,41386700000.0,,,4411000000.0,243300000.0,11321700000.0,,41386700000.0,,33963100000.0,5884600000.0,422900000.0,,,,,0.8206283661176175,5.575017511719381,0.1421857746570758,,0.0413452061312578,,,,0.2735588969403214,,,0.1421857746570758,,16326.281,3.59,0.17672,86.6393,9.04,9.6,0.16,24.76,61.05,8463.3
DE,Deere & Company,Industrials,Farm & Heavy Construction Machinery,83000.0,0.0021131364706045,2009-12-17,,-115800000.0,2373100000.0,751300000.0,1876300000.0,-774600000.0,,,128900000.0,-1.98,-1.94,-644500000.0,2398000000.0,0.0,,404500000.0,160200000.0,399900000.0,,2398000000.0,,4112000000.0,-969800000.0,-26500000.0,,,,-0.0,1.7147623019182652,-1.3990665110851808,-0.4044203502919099,,-0.165188698700763,,,,0.1667639699749791,,,-0.4044203502919099,,16502.754,3.59,-0.11265,88.2404,6.91,9.9,0.12,22.51,88.45,8512.5
DELL,Dell Technologies Inc.,Technology,Computer Hardware,120000.0,0.0014589501544775,2016-06-10,5092000000.0,114000000.0,5398000000.0,358000000.0,-83000000.0,-895000000.0,21455000000.0,24990000000.0,718000000.0,-1.24,-1.24,1643000000.0,45122000000.0,-504000000.0,-335000000.0,1755000000.0,325000000.0,-3937000000.0,405000000.0,45122000000.0,1466000000.0,43550000000.0,173000000.0,405000000.0,10709000000.0,-60.90173410404624,-1.9364161849710984,-2.913294797687861,0.9651611187447364,28.70356234096692,0.0038340499091352,6.517954960438223,1.8786127167630056,13.328395061728395,,-0.0783431585479367,-0.0872523381055804,-0.0074243162980364,,0.0038340499091352,,19062.709,1.64,-0.36245,98.7315,5.98,4.9,0.38,17.03,70.69,12835.4
DELL,Dell Technologies Inc.,Technology,Computer Hardware,120000.0,0.0014589501544775,2016-09-06,4848000000.0,230000000.0,5999000000.0,327000000.0,-113000000.0,732000000.0,23573000000.0,25405000000.0,1437000000.0,-0.65,-0.65,1619000000.0,45122000000.0,-265000000.0,-103000000.0,1649000000.0,250000000.0,-3937000000.0,405000000.0,45122000000.0,1466000000.0,43550000000.0,82000000.0,405000000.0,10896000000.0,-131.8780487804878,-1.2560975609756098,-3.231707317073171,0.9651611187447364,28.70356234096692,0.0018172953326536,6.730080296479308,3.048780487804878,14.812345679012346,11.905695915222168,-0.0406010371880679,-0.0872523381055804,-0.0022827002349186,0.1107188713126286,0.0018172953326536,-0.1101588106284948,19197.938,1.63,-0.32819,98.6552,5.09,5.0,0.4,12.02,30.28,13034.2
DFS,Discover Financial Services,Financial Services,Credit Services,21100.0,0.0007821815210119,2009-10-07,,78414000.0,10482719000.0,1116418000.0,-2269302000.0,2873100000.0,,,,0.38,0.37,,39892382000.0,180053000.0,,552502000.0,,3046956000.0,,39892382000.0,6000393000.0,33976559000.0,,,,,,,0.8517054459169673,6.743335965257919,,,,,,,0.0763793949431247,,,,,16502.754,3.39,0.0314,87.5809,8.11,10.0,0.12,24.68,55.03,8488.1
DFS,Discover Financial Services,Financial Services,Credit Services,21100.0,0.0007821815210119,2010-04-09,,18126000.0,8724208000.0,1344504000.0,-3319818000.0,528379000.0,,,,0.25,0.25,,66818951000.0,120394000.0,,482833000.0,,2362685000.0,,66818951000.0,5999351000.0,59803903000.0,,,,,,,0.895014095626853,9.525088210372902,,,,,11.763778686523438,,0.0353595045214044,,,,,16743.162,3.85,-0.49256,90.4607,5.68,9.9,0.2,16.14,50.11,8555.1
DHI,"D.R. Horton, Inc.",Consumer Cyclical,Residential Construction,,0.000805845566436,2010-08-03,,6200000.0,1387300000.0,-420800000.0,-66200000.0,1102000000.0,,,,-0.99,-0.99,,6756800000.0,-314900000.0,,57800000.0,,613200000.0,317480886.0,6756800000.0,2391800000.0,4356200000.0,,,,,,,0.6447134738337674,2.8146296759143548,,,,4.369711882434396,9.091675758361816,,0.0907530191806772,,0.662603478947117,,,16872.266,2.7,-0.29107,92.5936,6.55,9.5,0.19,22.63,128.04,8688.2
DHI,"D.R. Horton, Inc.",Consumer Cyclical,Residential Construction,,0.000805845566436,2011-01-28,,2500000.0,1957300000.0,-240700000.0,-400000.0,220000000.0,,,,0.6,0.56,,5938600000.0,192000000.0,,60500000.0,,810600000.0,318823234.0,5938600000.0,2613200000.0,3315700000.0,,,,,,,0.5583302461859697,2.264135117617904,,,,6.139138529659354,10.799266815185549,,0.1364968174317179,,1.0384103419628847,,,16920.632,3.39,-0.59468,93.3889,5.03,9.1,0.17,20.04,122.57,8845.2
DHR,Danaher Corporation,Healthcare,Diagnostics & Research,61000.0,0.0029699252470853,2009-07-23,1750114000.0,83867000.0,284100000.0,-731013000.0,-136414000.0,914930000.0,4788672000.0,2508126000.0,,1.14,1.09,1067075000.0,18322397000.0,363448000.0,510464000.0,1096721000.0,189866000.0,8609413000.0,,18322397000.0,10602527000.0,,,319233000.0,,,,,,,,,,,,0.1244676665394817,0.4698846444600016,0.0278601102246611,,,,16326.281,3.56,0.49905,85.6853,9.88,9.5,0.16,23.43,140.0,8463.8
DHR,Danaher Corporation,Healthcare,Diagnostics & Research,61000.0,0.0029699252470853,2009-10-22,1836255000.0,118180000.0,286519000.0,-991403000.0,-309953000.0,1349673000.0,5198784000.0,2678351000.0,,1.16,1.11,1071430000.0,19161907000.0,371992000.0,522140000.0,1097424000.0,182006000.0,8951148000.0,,19161907000.0,11210529000.0,,,319887000.0,,,,,,,,,,,,0.1315335159491171,0.4671324205884101,0.0272488536762024,,,,16502.754,3.39,0.00873,87.5809,7.52,10.0,0.12,20.69,65.1,8488.1
DIS,Walt Disney Company (The),Communication Services,Entertainment,173250.0,0.0036500608043532,2019-05-08,,2390000000.0,10108000000.0,,439000000.0,315000000.0,34277000000.0,44376000000.0,828000000.0,3.56,3.55,1445000000.0,214342000000.0,5452000000.0,2185000000.0,7000000000.0,,41212000000.0,1490000000.0,8000000000.0,89938000000.0,2000000000.0,-136000000.0,1530000000.0,,,-16.066176470588236,-40.088235294117645,0.25,1.3333333333333333,-0.017,,,6.7838926174496645,131.7327880859375,-1.262375,5.1515,0.273125,98.14092712402343,-0.017,65.46611877441407,20602.275,2.4,-0.61962,102.4176,3.87,3.6,2.39,19.4,101.81,14652.4
DIS,Walt Disney Company (The),Communication Services,Entertainment,173250.0,0.0036500608043532,2019-08-06,,3567000000.0,6728000000.0,20000000.0,635000000.0,656000000.0,31370000000.0,44593000000.0,1304000000.0,0.98,0.97,1516000000.0,209475000000.0,1760000000.0,2136000000.0,7000000000.0,,41382000000.0,1798000000.0,8000000000.0,90472000000.0,2000000000.0,-119000000.0,1802000000.0,,,-17.949579831932773,-14.789915966386555,0.25,1.3333333333333333,-0.014875,,,3.741935483870967,139.3041534423828,-1.652875,5.17275,0.267,125.23443394470216,-0.014875,81.26528536682127,20843.322,1.63,-0.56391,102.7814,4.46,3.6,2.13,20.17,84.05,14934.7
DLR,"Digital Realty Trust, Inc.",Real Estate,REIT - Specialty,3664.0,0.0010862428391996,2010-11-09,,,73334000.0,108584000.0,-359490000.0,218724000.0,,,,0.43,0.43,,3745059000.0,65723000.0,127705000.0,,,,76812783.0,3745059000.0,1558995000.0,2110258000.0,467368000.0,81553114.0,,,0.2732429263449787,0.1406236627240204,0.5634779051544982,2.2908347866192886,0.1247958977415309,,,0.9547108845151464,29.85709953308105,,,0.0340995962947446,1.086789817853531,0.1247958977415309,,16960.864,2.76,-0.47401,92.6686,5.64,9.8,0.19,19.08,226.72,8789.3
DLR,"Digital Realty Trust, Inc.",Real Estate,REIT - Specialty,3664.0,0.0010862428391996,2011-05-09,,,72320000.0,364044000.0,-442755000.0,57200000.0,,,,0.19,0.18,,5329483000.0,25818000.0,55195000.0,,,,69200000.0,5329483000.0,1962518000.0,3274820000.0,191779000.0,83233100.0,,,0.2878052341497244,0.1346237074966497,0.6144723606398594,2.593847750214999,0.0359845410896329,,,1.045086705202312,34.72722625732422,,,0.0103565392740721,0.7338186700358603,0.0359845410896329,,17035.114,3.17,-0.59205,93.7723,4.82,9.0,0.09,17.16,104.29,9102.7
DUK,Duke Energy Corporation (Holdin,Utilities,Utilities - Regulated Electric,27037.0,0.0015048676288662,2009-08-07,,2142000000.0,717000000.0,871000000.0,-2527000000.0,1695000000.0,5391000000.0,4141000000.0,,0.28,0.28,1368000000.0,54709000000.0,351000000.0,683000000.0,35429000000.0,,1321000000.0,1294000000.0,54709000000.0,21226000000.0,,3229000000.0,1264000000.0,,,0.2115205946113347,0.1087023846392071,,,0.0590213675994808,,,0.5540958268933539,,0.0228481602661353,0.0241459357692518,0.0124842347694163,,0.0590213675994808,,16326.281,3.59,0.28733,86.6393,8.57,9.6,0.16,24.76,62.29,8463.3
DUK,Duke Energy Corporation (Holdin,Utilities,Utilities - Regulated Electric,27037.0,0.0015048676288662,2009-11-06,,3211000000.0,1876000000.0,2205000000.0,-3484000000.0,2477000000.0,5273000000.0,4345000000.0,,0.17,0.17,1135000000.0,53077000000.0,215000000.0,577000000.0,34036000000.0,,1607000000.0,1272000000.0,53077000000.0,20988000000.0,,3508000000.0,1265000000.0,,,0.1644811858608894,0.0612884834663626,,,0.0660926578367277,,,1.4748427672955975,,0.0174840326318367,0.0302767677148294,0.0108709987376829,,0.0660926578367277,,16502.754,3.4,-0.02334,87.9388,7.6,9.9,0.12,24.19,90.21,8517.3
DXCM,"DexCom, Inc.",Healthcare,Medical Devices,9500.0,0.0005624649270593,2011-08-03,,2441000.0,3577000.0,34761000.0,-12508000.0,-19742000.0,66025000.0,15129000.0,1088000.0,,,8112000.0,77164000.0,-31960000.0,-22342000.0,10763000.0,10164000.0,-346378000.0,62078000.0,77164000.0,,16171000.0,21331000.0,,13353000.0,0.3740096573062679,-1.0473958089166002,-1.4982888753457408,0.2095666372920014,1.265128785270441,0.2764371986936914,1.6460798816568047,0.4764896160517556,0.0576210573794258,3.3475000858306885,0.6595821885853507,-4.488854906433052,-0.2895391633404178,12.850541730764794,0.2764371986936914,1.5383847554253371,17031.313,2.3,-0.37156,95.0974,5.87,9.0,0.1,23.38,356.2,9525.1
DXCM,"DexCom, Inc.",Healthcare,Medical Devices,9500.0,0.0005624649270593,2011-11-02,,4534000.0,3577000.0,36386000.0,-5181000.0,-29212000.0,65361000.0,15129000.0,1716000.0,,,8112000.0,77164000.0,-45358000.0,-35404000.0,10763000.0,16325000.0,-346378000.0,62078000.0,77164000.0,,16171000.0,32995000.0,,21541000.0,0.3471435065919078,-1.073011062282164,-1.374693135323534,0.2095666372920014,1.265128785270441,0.427595770048209,2.655448717948718,0.4947719351416881,0.0576210573794258,2.450000047683716,0.6509771395987767,-4.488854906433052,-0.4588149914467886,9.405176115274855,0.427595770048209,-0.946612334049019,17222.583,2.01,-0.04471,95.6778,7.35,8.6,0.08,32.74,82.6,9629.8
EA,Electronic Arts Inc.,Communication Services,Electronic Gaming & Multimedia,13700.0,0.0006974124769787,2009-08-10,116000000.0,31000000.0,1199000000.0,,,,3120000000.0,1136000000.0,,,,217000000.0,4678000000.0,-95000000.0,-97000000.0,354000000.0,356000000.0,800000000.0,323000000.0,4678000000.0,3134000000.0,1544000000.0,,,,,,,0.3300555793073963,1.4926611359285258,,,,3.712074303405573,,0.4241128687473279,0.1710132535271483,-0.0207353569901667,,,,16326.281,3.59,0.28733,86.6393,8.58,9.6,0.16,24.99,149.18,8463.3
EA,Electronic Arts Inc.,Communication Services,Electronic Gaming & Multimedia,13700.0,0.0006974124769787,2009-11-10,116000000.0,,1297000000.0,,,,3120000000.0,1136000000.0,,,,217000000.0,4678000000.0,-310000000.0,-364000000.0,354000000.0,372000000.0,800000000.0,323000000.0,4678000000.0,3134000000.0,1544000000.0,,,,,,,0.3300555793073963,1.4926611359285258,,,,4.015479876160991,,0.4241128687473279,0.1710132535271483,-0.0778110303548525,,,,16502.754,3.4,-0.02334,87.9388,7.52,9.9,0.12,22.84,72.02,8517.3
ECL,Ecolab Inc.,Basic Materials,Specialty Chemicals,48000.0,0.0012139545501174,2009-08-07,971000000.0,164500000.0,66700000.0,154400000.0,-387000000.0,310700000.0,1691100000.0,1441900000.0,,0.56,0.55,467200000.0,4756900000.0,139000000.0,210500000.0,1135200000.0,,2617000000.0,236700000.0,4756900000.0,1571600000.0,,,247100000.0,,,,,,,,,,0.2817912970004225,,0.0523870587987975,0.5501482057642583,0.0442515083352603,,,,16326.281,3.59,0.28733,86.6393,8.57,9.6,0.16,24.76,62.29,8463.3
ECL,Ecolab Inc.,Basic Materials,Specialty Chemicals,48000.0,0.0012139545501174,2009-11-06,971000000.0,248500000.0,66700000.0,-49100000.0,-486600000.0,496200000.0,1691100000.0,1441900000.0,,0.51,0.5,467200000.0,4756900000.0,126200000.0,201400000.0,1135200000.0,,2617000000.0,236200000.0,4756900000.0,1571600000.0,,,247500000.0,,,,,,,,,,0.2823878069432684,,0.0523870587987975,0.5501482057642583,0.0423384977611469,,,,16502.754,3.4,-0.02334,87.9388,7.6,9.9,0.12,24.19,90.21,8517.3
ELV,"Elevance Health, Inc.",Healthcare,Healthcare Plans,104900.0,0.0015270003499757,2009-07-29,,156000000.0,2273800000.0,-2096400000.0,442900000.0,1159400000.0,25001400000.0,14342300000.0,,1.44,1.44,,49344300000.0,750500000.0,,1038200000.0,,6639500000.0,477268311.0,49344300000.0,21254500000.0,27091400000.0,15666800000.0,,,,,0.0479038476268287,0.549027952570003,2.217432334661999,0.31749969094708,,,4.764196464742868,,0.2160148183275474,0.1345545483470228,,,0.31749969094708,,16326.281,3.56,0.41499,85.6853,9.44,9.5,0.16,25.61,79.19,8463.8
ELV,"Elevance Health, Inc.",Healthcare,Healthcare Plans,104900.0,0.0015270003499757,2009-10-28,,235900000.0,2270600000.0,-2998900000.0,443700000.0,2057900000.0,12463300000.0,15070500000.0,,1.61,1.6,,48403200000.0,820700000.0,,1016500000.0,,5479400000.0,503230575.0,48403200000.0,21673300000.0,26971500000.0,14961000000.0,,,,,0.0548559588262816,0.5572255553351845,2.2584862610058933,0.3090911344704482,,,4.51204698760603,,-0.0538642073251355,0.113203259288642,,,0.3090911344704482,,16502.754,3.39,-0.00083,87.5809,7.59,10.0,0.12,27.91,83.75,8488.1
EMR,Emerson Electric Company,Industrials,Specialty Industrial Machinery,73000.0,0.0012714983722344,2009-08-05,4618000000.0,,1008000000.0,-316000000.0,-731000000.0,1998000000.0,9331000000.0,6573000000.0,530000000.0,2.2,2.18,2348000000.0,21040000000.0,1724000000.0,,3507000000.0,,14002000000.0,771200000.0,21040000000.0,9113000000.0,,,,,,,,,,,,,1.3070539419087135,,0.131083650190114,0.6654942965779468,,,,,16326.281,3.59,0.34288,86.6393,8.77,9.6,0.16,24.9,81.17,8463.3
EMR,Emerson Electric Company,Industrials,Specialty Industrial Machinery,73000.0,0.0012714983722344,2010-02-03,3623000000.0,132000000.0,1777000000.0,64000000.0,-415000000.0,319000000.0,7653000000.0,4956000000.0,176000000.0,0.6,0.6,1855000000.0,19763000000.0,458000000.0,,3500000000.0,,14714000000.0,751872857.0,19763000000.0,8555000000.0,,,,,,,,,,,,,2.363431507675772,,0.1364671355563426,0.7445225927237767,,,,,16582.71,3.69,-0.20865,89.5046,6.46,9.8,0.13,21.6,147.41,8527.6
EOG,"EOG Resources, Inc.",Energy,Oil & Gas E&P,3050.0,0.0012045879742903,2009-08-06,,,54231000.0,2281000.0,-2006490000.0,2062621000.0,2108451000.0,1764916000.0,,1.7,1.67,,15951226000.0,419162000.0,623823000.0,13657302000.0,,8466143000.0,,15951226000.0,9014497000.0,,2229530000.0,245950000.0,,,0.2798002269536628,0.1880046467192637,,,0.1397717015607452,,,,,0.021536589099797,0.5307518682263044,0.0391081538183961,,0.1397717015607452,,16326.281,3.59,0.34288,86.6393,8.73,9.6,0.16,25.67,59.17,8463.3
EOG,"EOG Resources, Inc.",Energy,Oil & Gas E&P,3050.0,0.0012045879742903,2009-11-05,722695000.0,,54231000.0,744532000.0,-3499190000.0,3599686000.0,2108451000.0,1764916000.0,958740000.0,8.02,7.88,,15951226000.0,,3016006000.0,13657302000.0,,8466143000.0,,15951226000.0,,,5493416000.0,246343000.0,,,0.5490219564657036,,,,0.3443883247594887,,,,,0.021536589099797,0.5307518682263044,0.1890767518434006,,0.3443883247594887,,16502.754,3.4,-0.00999,87.9388,7.56,9.9,0.12,25.43,133.63,8517.3
EQIX,"Equinix, Inc.",Real Estate,REIT - Specialty,13151.0,0.001609602547996,2010-08-04,106255000.0,179607000.0,405217000.0,297716000.0,-281945000.0,165443000.0,888235000.0,299569000.0,,0.87,0.84,,4282208000.0,32897000.0,84735000.0,2400809000.0,,-374055000.0,,4282208000.0,1750197000.0,2532011000.0,412399000.0,38007000.0,230339000.0,0.4414656679574877,0.2054684904667567,0.07976983455343,0.5912863177127313,2.4467005714213887,0.0963052238471368,,,,71.9712905883789,0.1374678670442911,-0.0873509647359493,0.0197876889679343,,0.0963052238471368,,16872.266,2.7,-0.29107,92.5936,6.49,9.5,0.19,22.21,145.53,8688.2
EQIX,"Equinix, Inc.",Real Estate,REIT - Specialty,13151.0,0.001609602547996,2010-10-29,64767000.0,267802000.0,220207000.0,326520000.0,-542494000.0,272982000.0,727887000.0,315459000.0,,1.35,1.32,,3038150000.0,51709000.0,130293000.0,1808115000.0,,-385980000.0,,3038150000.0,1182483000.0,1855667000.0,639957000.0,38270000.0,356346000.0,0.4431719631162719,0.203596491639282,0.080800741299806,0.6107884732485229,2.569296979322324,0.2106403567960765,,,,64.3410873413086,0.1357497161101328,-0.1270444184783503,0.0428856376413277,,0.2106403567960765,,16960.864,2.54,-0.46686,92.6033,5.82,9.4,0.19,21.2,239.21,8768.7
ETN,"Eaton Corporation, PLC",Industrials,Specialty Industrial Machinery,94000.0,0.002404083079313,2012-11-14,,,23273.0,30763.0,,-7690.0,,4784103.0,,,,,4776348.0,,,,,-7757.0,,4776348.0,-7755.0,,,,,,,,,,,,,,,,-0.0016240441441871,,,,,17489.852,1.65,-0.51547,97.9084,5.84,7.7,0.16,17.92,213.51,10351.8
ETN,"Eaton Corporation, PLC",Industrials,Specialty Industrial Machinery,94000.0,0.002404083079313,2013-05-03,,105000000.0,639000000.0,-69000000.0,773000000.0,100000000.0,8196000000.0,5431000000.0,245000000.0,0.8,0.91,2349000000.0,34977000000.0,,160000000.0,3841000000.0,105000000.0,,,35848000000.0,15167000000.0,,,471900000.0,2754000000.0,,,,,,,1.1724137931034482,,,,0.077131220709663,,0.0044632894443204,,,,17709.671,1.93,-0.71193,99.0383,4.33,7.5,0.11,12.85,104.35,10634.7
EW,Edwards Lifesciences Corporatio,Healthcare,Medical Devices,19800.0,0.0007938273971783,2010-08-06,,23700000.0,334100000.0,-20700000.0,-23200000.0,61000000.0,889200000.0,,27700000.0,0.42,0.41,165900000.0,1615500000.0,,,252000000.0,42600000.0,906000000.0,113100000.0,1615500000.0,,,,112400000.0,,,,,,,,,,2.954022988505747,,,0.5608170844939647,,,,,16872.266,2.7,-0.30665,92.5936,6.57,9.5,0.19,21.74,156.3,8688.2
EW,Edwards Lifesciences Corporatio,Healthcare,Medical Devices,19800.0,0.0007938273971783,2010-11-08,,40100000.0,334100000.0,-77300000.0,-38400000.0,157400000.0,889200000.0,290500000.0,41100000.0,0.42,0.4,165900000.0,1725400000.0,,,252000000.0,52700000.0,906000000.0,114100000.0,1615500000.0,,,,113600000.0,,,,,,,,,,2.9281332164767746,,0.3705973382853605,0.5608170844939647,,,,,16960.864,2.76,-0.47401,92.6686,5.76,9.8,0.19,18.29,126.6,8789.3
EXC,Exelon Corporation,Utilities,Utilities - Regulated Electric,19962.0,0.0006692535746455,2009-07-24,1536000000.0,1511000000.0,332000000.0,46000000.0,-1699000000.0,1674000000.0,5825000000.0,4166000000.0,,1.14,1.13,,48979000000.0,748000000.0,1430000000.0,26305000000.0,,7494000000.0,659000000.0,48979000000.0,12153000000.0,36739000000.0,,657000000.0,,,,,0.7500969803385125,4.001552287581699,,,,0.503793626707132,,0.0338716592825496,0.153004348802548,0.0291961861205822,,,,16326.281,3.56,0.41499,85.6853,9.8,9.5,0.16,23.09,104.47,8463.8
EXC,Exelon Corporation,Utilities,Utilities - Regulated Electric,19962.0,0.0006692535746455,2009-10-23,1418000000.0,2282000000.0,182000000.0,-2019000000.0,-2477000000.0,4367000000.0,5895000000.0,4444000000.0,,1.06,1.06,72000000.0,49502000000.0,700000000.0,1413000000.0,26653000000.0,,7905000000.0,659000000.0,49502000000.0,12490000000.0,36925000000.0,1441000000.0,658000000.0,,,0.9805690492713394,0.4857737682165163,0.7459294573956607,3.935914765047309,0.0291099349521231,,,0.2761760242792109,,0.0293119469920407,0.1596905175548462,0.0285443012403539,,0.0291099349521231,,16502.754,3.39,-0.00083,87.5809,7.45,10.0,0.12,22.27,110.76,8488.1
FANG,"Diamondback Energy, Inc.",Energy,Oil & Gas E&P,1023.0,0.0008139387407156,2013-05-09,,,5516000.0,16255000.0,,,50275000.0,79232000.0,10738000.0,0.15,0.15,6247000.0,606701000.0,5396000.0,8662000.0,612813000.0,,-52074000.0,36986532.0,606701000.0,462068000.0,180429000.0,,37059071.0,,,,,0.2973936090430047,1.4232719953456947,,,,0.149135366354434,,-0.0477286175562591,-0.0858314062445916,0.014277213981846,,,,17709.671,1.93,-0.71193,99.0383,4.23,7.5,0.11,13.13,30.12,10634.7
FANG,"Diamondback Energy, Inc.",Energy,Oil & Gas E&P,1023.0,0.0008139387407156,2013-08-08,,,26358000.0,144417000.0,,,50275000.0,79232000.0,10416000.0,0.37,0.36,6271000.0,798639000.0,13624000.0,19383000.0,681172000.0,,-32207000.0,36986532.0,798639000.0,462068000.0,144633000.0,,39402282.0,,,,,0.1810993452611254,1.221149347253695,,,,0.7126377785297632,,-0.036257933809894,-0.0403273569159532,0.0242700394045369,,,,17860.45,2.74,-0.65315,99.4897,4.8,7.2,0.08,12.73,83.3,10789.6
FAST,Fastenal Company,Industrials,Industrial Distribution,20894.0,0.0007711655659351,2009-07-24,228257000.0,51075000.0,76438000.0,-46224000.0,-49448000.0,114685000.0,988997000.0,127950000.0,,,,519119000.0,1328684000.0,76166000.0,123349000.0,335232000.0,,1174492000.0,148530712.0,1328684000.0,1186845000.0,,,,,,,,,,,,,0.514627574127565,,0.6480449828552162,0.8839513383167104,0.0928354672743857,,,,16326.281,3.56,0.41499,85.6853,9.8,9.5,0.16,23.09,104.47,8463.8
FAST,Fastenal Company,Industrials,Industrial Distribution,20894.0,0.0007711655659351,2009-10-23,239323000.0,79006000.0,52107000.0,-103326000.0,-75039000.0,173730000.0,998090000.0,138744000.0,,,,498106000.0,1337764000.0,72909000.0,117619000.0,330437000.0,,1167123000.0,148530712.0,1337764000.0,1185140000.0,,,,,,,,,,,,,0.350816334873558,,0.6423748882463574,0.8724431215072315,0.0879220849118379,,,,16502.754,3.39,-0.00083,87.5809,7.45,10.0,0.12,22.27,110.76,8488.1
FCX,"Freeport-McMoRan, Inc.",Basic Materials,Copper,27200.0,0.0010046160313924,2009-05-11,880000000.0,,644000000.0,546000000.0,-516000000.0,-258000000.0,5400000000.0,2648000000.0,,0.11,0.11,,23708000000.0,207000000.0,672000000.0,,,-8224000000.0,,23708000000.0,6650000000.0,15626000000.0,,400000000.0,1813000000.0,,,,0.6591024126877003,2.933432318732987,,,,,,0.1160789606883752,-0.3468871267082841,0.028344862493673,,,,16269.145,3.29,1.01049,84.9436,12.58,9.4,0.18,32.87,74.34,8449.5
FCX,"Freeport-McMoRan, Inc.",Basic Materials,Copper,27200.0,0.0010046160313924,2009-08-07,1329000000.0,,1319000000.0,446000000.0,-895000000.0,896000000.0,6336000000.0,2989000000.0,,1.43,1.38,,24624000000.0,,1508000000.0,,,-7636000000.0,,24624000000.0,7269000000.0,15793000000.0,,412000000.0,2065000000.0,,,,0.6413661468486029,2.788359189219794,,,,,,0.1359243014944769,-0.3101039636127355,0.0612410656270305,,,,16326.281,3.59,0.28733,86.6393,8.57,9.6,0.16,24.76,62.29,8463.3
FDX,FedEx Corporation,Industrials,Integrated Freight & Logistics,306000.0,0.0011947972260496,2009-09-18,,,1789000000.0,-550000000.0,-854000000.0,898000000.0,6388000000.0,3886000000.0,,0.58,0.58,,23857000000.0,181000000.0,315000000.0,13538000000.0,,13031000000.0,,23857000000.0,13786000000.0,,8009000000.0,,,,0.0393307529029841,0.0225995754775877,,,0.3357085970574674,,,,,0.1048748794902963,0.5462128515739615,0.0132036718782747,,0.3357085970574674,,16326.281,3.4,0.0755,87.3821,7.98,9.8,0.15,23.92,74.17,8461.8
FDX,FedEx Corporation,Industrials,Integrated Freight & Logistics,306000.0,0.0011947972260496,2009-12-18,,,1465000000.0,-681000000.0,-1516000000.0,1357000000.0,6434000000.0,4119000000.0,,1.1,1.1,,24594000000.0,345000000.0,571000000.0,13937000000.0,,13342000000.0,,24594000000.0,14168000000.0,,8596000000.0,,,,0.0664262447650069,0.040134946486738,,,0.3495161421484915,,,,,0.0941286492640481,0.5424900382207042,0.0232170448076766,,0.3495161421484915,,16502.754,3.59,-0.13986,88.2404,6.84,9.9,0.12,21.68,156.28,8512.5
FI,"Fiserv, Inc.",Technology,Information Technology Services,42000.0,0.0021090396253712,2009-08-06,542000000.0,92000000.0,211000000.0,,,,2073000000.0,1781000000.0,,0.61,0.6,,9190000000.0,100000000.0,227000000.0,292000000.0,,4138000000.0,,9190000000.0,2836000000.0,6354000000.0,1292000000.0,163400000.0,,,0.1756965944272445,0.0773993808049535,0.6914036996735582,3.2404795486600846,0.1405875952121871,,,,,0.0317736670293797,0.450272034820457,0.0247007616974972,,0.1405875952121871,,16326.281,3.59,0.34288,86.6393,8.73,9.6,0.16,25.67,59.17,8463.3
FI,"Fiserv, Inc.",Technology,Information Technology Services,42000.0,0.0021090396253712,2009-11-06,591000000.0,138000000.0,468000000.0,,,,2220000000.0,2042000000.0,,0.48,0.48,,9331000000.0,78000000.0,217000000.0,298000000.0,,3895000000.0,,9331000000.0,2594000000.0,6737000000.0,1038000000.0,162500000.0,,,0.2090558766859344,0.0751445086705202,0.722001929053692,3.597147262914418,0.1112420962383453,,,,,0.0190761976208337,0.417425785017683,0.0232558139534883,,0.1112420962383453,,16502.754,3.4,-0.02334,87.9388,7.6,9.9,0.12,24.19,90.21,8517.3
FICO,Fair Isaac Corporation,Technology,Software - Application,3586.0,0.0009159527220365,2010-08-06,101742000.0,,129678000.0,20000.0,-12211000.0,124346000.0,442558000.0,114588000.0,29052000.0,0.99,0.98,,1303888000.0,47994000.0,83904000.0,34340000.0,55409000.0,886324000.0,48156000.0,1303888000.0,600269000.0,703619000.0,,48707000.0,,,,,0.5396314714147228,2.1721728091905463,,,,2.692873162222776,,0.2515323402009988,0.6797547028579142,0.0643490851975016,,,,16872.266,2.7,-0.30665,92.5936,6.57,9.5,0.19,21.74,156.3,8688.2
FICO,Fair Isaac Corporation,Technology,Software - Application,3586.0,0.0009159527220365,2011-02-09,113187000.0,,178157000.0,-34568000.0,31144000.0,31256000.0,347175000.0,122147000.0,8087000.0,0.37,0.37,,1123716000.0,17686000.0,31633000.0,30975000.0,18976000.0,947202000.0,39882000.0,1123716000.0,474914000.0,648802000.0,,47606000.0,,,,,0.5773718626414504,2.366146291749664,,,,4.467102953713455,,0.2002534448205774,0.8429193853251178,0.0281503511563419,,,,16920.632,3.58,-0.60422,93.0045,4.6,9.0,0.16,15.87,80.97,8909.0
FIS,Fidelity National Information S,Technology,Information Technology Services,60000.0,0.000788994587752,2009-08-05,538100000.0,43900000.0,355300000.0,-248000000.0,-144200000.0,242800000.0,1166200000.0,816500000.0,,0.74,0.73,,7500400000.0,142400000.0,109100000.0,272600000.0,39200000.0,1076100000.0,,7500400000.0,3532800000.0,3803400000.0,,193500000.0,,,,,0.5070929550423977,2.028780091966459,,,,,,0.046624180043731,0.1434723481414324,0.0145458908858194,,,,16326.281,3.59,0.34288,86.6393,8.77,9.6,0.16,24.9,81.17,8463.3
FIS,Fidelity National Information S,Technology,Information Technology Services,60000.0,0.000788994587752,2009-11-05,538100000.0,57100000.0,355300000.0,-310000000.0,-192400000.0,398700000.0,1166200000.0,816500000.0,,0.97,0.96,,7500400000.0,186000000.0,228900000.0,272600000.0,61700000.0,1076100000.0,,7500400000.0,3532800000.0,3803400000.0,,192200000.0,,,,,0.5070929550423977,2.028780091966459,,,,,,0.046624180043731,0.1434723481414324,0.0305183723534744,,,,16502.754,3.4,-0.00999,87.9388,7.56,9.9,0.12,25.43,133.63,8517.3
FTNT,"Fortinet, Inc.",Technology,Software - Infrastructure,13986.0,0.0013401975014147,2011-08-04,72336000.0,,66859000.0,15321000.0,-79887000.0,74244000.0,420158000.0,218382000.0,2842000.0,0.19,0.05,13517000.0,545422000.0,28081000.0,16484000.0,7339000.0,30363000.0,9354000.0,152913000.0,635235000.0,232454000.0,347715000.0,,151293000.0,,,,,0.5473801034262911,2.209359348914858,,,,0.4372355522421246,4.159999847412109,0.3176399285303864,0.0147252591560603,0.0259494517776885,1.829423685107999,,,17031.313,2.3,-0.37156,95.0974,6.16,9.0,0.1,31.66,130.12,9525.1
FTNT,"Fortinet, Inc.",Technology,Software - Infrastructure,13986.0,0.0013401975014147,2011-11-04,72336000.0,,66859000.0,27211000.0,-234802000.0,110283000.0,420158000.0,218382000.0,4233000.0,0.1,0.11,13517000.0,545422000.0,45998000.0,26160000.0,7485000.0,12389000.0,27271000.0,153597000.0,670987000.0,232454000.0,354120000.0,,138376000.0,,,,,0.5277598522773168,2.1175666762395577,,,,0.4352884496441987,4.938000202178955,0.3007152150488758,0.0406431123106707,0.0389873425267553,2.1418220294083388,,,17222.583,2.01,-0.0439,95.6778,7.26,8.6,0.08,30.16,101.41,9629.8
