prediction_date,prediction_year,credit_stress_score,demand_weakness_score,event_stress_score,inflation_pressure_score,market_volatility_score,rate_pressure_score,market_stress_score,market_health_score,market_health_regime
2009-04-15,2009,4.0,3.3541527210330173,0.4485806512932565,-2.2126440673962566,1.4477954334083307,-0.5880758601441946,1.0749681463656922,-1.0749681463656922,severe_stress
2009-04-23,2009,4.0,3.3541527210330173,0.4485806512932565,-2.23121204198086,2.782320079710207,-0.6856306022893278,1.2780351346277155,-1.2780351346277155,severe_stress
2009-04-29,2009,4.0,3.3541527210330173,0.4485806512932565,-2.223646265155731,2.716597320637047,-0.8393928906853754,1.2427152561870358,-1.2427152561870358,severe_stress
2009-05-04,2009,4.0,3.3076168875692162,0.4485806512932565,-2.4352624551473365,1.6459270272038045,-0.8497502643930858,1.0195186410876425,-1.0195186410876425,severe_stress
2009-05-05,2009,4.0,3.3076168875692162,0.4485806512932565,-2.449371407585416,1.0220297497138269,-0.8403128156384202,0.9147571775587439,-0.9147571775587439,severe_stress
2009-05-07,2009,4.0,3.3076168875692162,0.4485806512932565,-2.433822942597636,1.3392219313938858,-0.9166725269900949,0.9574873334447712,-0.9574873334447712,severe_stress
2009-05-11,2009,4.0,3.3076168875692162,0.4485806512932565,-2.428487432709358,1.0537993231564093,-0.8409385350540389,0.9234284823759142,-0.9234284823759142,severe_stress
2009-06-03,2009,3.9810238700853886,3.3424358537536945,0.4485806512932565,-2.4480693298988894,0.9191292971456053,-1.20183626655638,0.8402106793037792,-0.8402106793037792,severe_stress
2009-06-26,2009,3.9632625414579095,3.3424358537536945,0.4485806512932565,-2.4290752942183764,1.0263197974664486,-1.0516455502756976,0.8833129999128725,-0.8833129999128725,severe_stress
2009-07-15,2009,3.691509463033493,3.2383981807028306,0.4485806512932565,-2.863002205170062,0.7584759216630579,-1.2212113819899806,0.6754584382554324,-0.6754584382554324,severe_stress
2009-07-17,2009,3.667087636170708,3.2383981807028306,0.4485806512932565,-2.8536999610302414,0.45476801625216723,-1.2663128943779123,0.6148036048351346,-0.6148036048351346,severe_stress
2009-07-22,2009,3.6160238163667056,3.2383981807028306,0.4485806512932565,-2.820504734622668,0.5505597418597481,-1.1947761939728403,0.6397135769378387,-0.6397135769378387,severe_stress
2009-07-23,2009,3.5494188340136588,3.2383981807028306,0.4485806512932565,-2.792978434546922,0.7993440638400838,-1.2749160505784194,0.6613078741207482,-0.6613078741207482,severe_stress
2009-07-24,2009,3.4755918357809334,3.2383981807028306,0.4485806512932565,-2.784295480771912,0.48317669772473,-1.275124623716959,0.5977212101688133,-0.5977212101688133,severe_stress
2009-07-27,2009,3.444509510682844,3.2383981807028306,0.4485806512932565,-2.778224808961052,0.292277940692641,-1.3019769580111786,0.5572607527332235,-0.5572607527332235,severe_stress
2009-07-28,2009,3.4223078498984947,3.2383981807028306,0.4485806512932565,-2.764715406705625,0.30837038409869266,-1.2564582993461675,0.5660805599902469,-0.5660805599902469,severe_stress
2009-07-29,2009,3.395665856957276,3.2383981807028306,0.4485806512932565,-2.7958787079310734,0.48830006620006405,-1.2063252028730935,0.5947901407248767,-0.5947901407248767,severe_stress
2009-07-30,2009,3.3712440300944917,3.2383981807028306,0.4485806512932565,-2.75489818615172,0.5684283388359458,-1.1834615869713183,0.6147152379672477,-0.6147152379672477,severe_stress
2009-07-31,2009,3.2550769807037816,3.2383981807028306,0.4485806512932565,-2.7485724944372247,2.7120583406444543,-1.0758436766559007,0.9716163303751997,-0.9716163303751997,severe_stress
2009-08-03,2009,3.204013160899778,3.137495748019302,0.4485806512932565,-2.317243440978328,0.8879101140221037,-1.1746498576322715,0.6976843959373067,-0.6976843959373067,severe_stress
2009-08-04,2009,3.1795913340369943,3.137495748019302,0.4485806512932565,-2.3095100382438436,0.8455444247335081,-1.2059080565960143,0.6826323438738672,-0.6826323438738672,severe_stress
2009-08-05,2009,3.1551695071742096,3.137495748019302,0.4485806512932565,-2.300666111016914,0.44519465166365946,-1.2822677679476888,0.600584446530971,-0.600584446530971,severe_stress
2009-08-06,2009,3.14628884286047,3.137495748019302,0.4485806512932565,-2.3097522879618926,0.3311077098237924,-1.2822677679476888,0.5785754826812065,-0.5785754826812065,severe_stress
2009-08-07,2009,3.029814518669106,3.137495748019302,0.4485806512932565,-2.325679805215509,0.28057701120013073,-1.3175146853038762,0.5422122397770682,-0.5422122397770682,severe_stress
2009-08-10,2009,3.0320346847475412,3.137495748019302,0.4485806512932565,-2.361115706071612,1.003670324574813,-1.2732474654701027,0.6645697061821995,-0.6645697061821995,severe_stress
2009-08-11,2009,3.0453556812181497,3.137495748019302,0.4485806512932565,-2.334265288705887,0.8585145676528757,-1.2103139212655376,0.6575612397020265,-0.6575612397020265,severe_stress
2009-08-12,2009,3.076438006316239,3.137495748019302,0.4485806512932565,-2.3304853799693936,0.5682187951810336,-1.2375834018368363,0.6104440698339335,-0.6104440698339335,severe_stress
2009-08-13,2009,3.1053001653358927,3.137495748019302,0.4485806512932565,-2.334268503686697,0.528204230255937,-1.1480060964765917,0.6228843657901834,-0.6228843657901834,severe_stress
2009-08-14,2009,3.045850135573133,3.137495748019302,0.4485806512932565,-2.373174418356031,0.28617896540417737,-1.1305912109370377,0.5690566451661333,-0.5690566451661333,severe_stress
2009-08-17,2009,3.0969139553771363,3.137495748019302,0.4485806512932565,-2.3666248901120643,0.6422641407715479,-1.0812924070181218,0.6462228663885096,-0.6462228663885096,severe_stress
2009-08-18,2009,3.1013542875340057,3.137495748019302,0.4485806512932565,-2.3427121929257964,0.4582529861562433,-1.0991244388347552,0.6173078402070428,-0.6173078402070428,severe_stress
2009-08-20,2009,3.1191156161614852,3.137495748019302,0.4485806512932565,-2.2753662515130633,0.473417708410422,-1.03619089463019,0.6445087629568689,-0.6445087629568689,severe_stress
2009-08-21,2009,3.0327163186568526,3.137495748019302,0.4485806512932565,-2.2664841595484657,0.5359395557428024,-1.1163307512357694,0.6286528938213297,-0.6286528938213297,severe_stress
2009-08-25,2009,3.0304961525784173,3.137495748019302,0.4485806512932565,-2.2620993581845297,0.4694637330967532,-1.054022926446823,0.6283190000593962,-0.6283190000593962,severe_stress
2009-08-26,2009,3.0282759864999824,3.137495748019302,0.4485806512932565,-2.2635370899029836,1.2433810448377618,-1.0491999155002205,0.7574994042078497,-0.7574994042078497,severe_stress
2009-08-27,2009,3.019395322186243,3.137495748019302,0.4485806512932565,-2.2294681890115227,0.1458290354803901,-1.0854896985491058,0.5727238115697605,-0.5727238115697605,severe_stress
2009-08-28,2009,2.962814629340155,3.137495748019302,0.4485806512932565,-2.222729397634076,0.2705312378701664,-1.0903127094957084,0.5843966932321826,-0.5843966932321826,severe_stress
2009-09-01,2009,2.993896954438244,2.8398270307897753,0.4485806512932565,-2.197161055393138,0.41280086680745953,-1.0699320367101768,0.5713354018709035,-0.5713354018709035,severe_stress
2009-09-02,2009,3.004997784830419,2.8398270307897753,0.4485806512932565,-2.1542250128381064,0.6779552064988232,-1.0025926278360882,0.6357571721230132,-0.6357571721230132,severe_stress
2009-09-03,2009,2.996117120516678,2.8398270307897753,0.4485806512932565,-2.121349836830391,0.7385631452621696,-1.0250390974607846,0.6461165022617839,-0.6461165022617839,severe_stress
2009-09-04,2009,2.9307412373662465,2.8398270307897753,0.4485806512932565,-2.170137113711839,0.19860147381758275,-1.123845278437155,0.5206280001863112,-0.5206280001863112,severe_stress
2009-09-08,2009,2.9174202408956362,2.8398270307897753,0.4485806512932565,-2.1861375721090934,0.5449519653425413,-1.146500321200391,0.569690332501954,-0.569690332501954,severe_stress
2009-09-09,2009,2.9063194105034627,2.8398270307897753,0.4485806512932565,-2.2979423868766644,1.1881446782208944,-1.1555206236779771,0.6549014600421246,-0.6549014600421246,severe_stress
2009-09-18,2009,2.596605163478864,2.8398270307897753,0.4485806512932565,-2.131989262255954,0.3068461603369629,-1.1448317360920741,0.4858396679251384,-0.4858396679251384,stressed
2009-09-21,2009,2.601045495635734,2.8398270307897753,0.4485806512932565,-2.1202277534414162,0.30433129773826356,-1.136228579891567,0.4895546903540076,-0.4895546903540076,stressed
2009-09-23,2009,2.574403502694515,2.8398270307897753,0.4485806512932565,-2.0800241519056217,0.17599541923305095,-1.118813694352013,0.4733281262921605,-0.4733281262921605,stressed
2009-09-24,2009,2.5721833366160802,2.8398270307897753,0.4485806512932565,-2.1358070260438713,0.24034298356124945,-1.10098166253538,0.477357552280185,-0.477357552280185,stressed
2009-10-01,2009,2.0259605379249392,2.6479179412537652,0.4485806512932565,-1.2289229173270202,0.6069210511775767,-0.9748203685888237,0.5876061492889488,-0.5876061492889488,severe_stress
2009-10-05,2009,2.0051589243619965,2.6479179412537652,0.4485806512932565,-1.1099770244637805,0.28955351850468547,-1.0060785675525665,0.5458592405662261,-0.5458592405662261,severe_stress
2009-10-07,2009,1.996278260048257,2.6479179412537652,0.4485806512932565,-1.183432532757851,0.21509626287651473,-0.9792262332583471,0.5242023915759326,-0.5242023915759326,severe_stress
2009-10-08,2009,1.9718564331854729,2.6479179412537652,0.4485806512932565,-1.1108937556092642,0.15553981632803404,-1.0327223287082468,0.5133797929571696,-0.5133797929571696,severe_stress
2009-10-09,2009,1.9146611907380773,2.6479179412537652,0.4485806512932565,-1.0378294277922584,0.3204876750486675,-1.1086648937828423,0.5308588561264442,-0.5308588561264442,severe_stress
2009-10-13,2009,1.9279821872086866,2.6479179412537652,0.4485806512932565,-0.9305886366092938,0.45588889407610456,-1.0868441435737648,0.5771561489414592,-0.5771561489414592,severe_stress
2009-10-16,2009,1.851761895694267,2.6479179412537652,0.4485806512932565,-0.9365804055753696,0.10330646242335453,-1.140340239023664,0.4957743843442682,-0.4957743843442682,stressed
2009-10-20,2009,1.845101397458962,2.6479179412537652,0.4485806512932565,-0.9434607592645738,-0.13641348348461813,-1.073000830149576,0.464787486184536,-0.464787486184536,stressed
2009-10-21,2009,1.827340068831483,2.6479179412537652,0.4485806512932565,-0.8234553282296021,0.23635894419990078,-1.117476623121889,0.5365442757044857,-0.5365442757044857,severe_stress
2009-10-22,2009,1.814019072360873,2.6479179412537652,0.4485806512932565,-0.9547680706018582,-0.03570757838251898,-1.1537664061707742,0.4610459349587905,-0.4610459349587905,stressed
2009-10-23,2009,1.7809383819756075,2.6479179412537652,0.4485806512932565,-0.8703726652950253,0.4658249440163489,-1.1802015941879143,0.5487812765093398,-0.5487812765093398,severe_stress
2009-10-26,2009,1.7587367211912583,2.6479179412537652,0.4485806512932565,-0.7936532274009624,0.6197254393575765,-1.2387292737229556,0.5737630419953231,-0.5737630419953231,severe_stress
2009-10-27,2009,1.7853787141324773,2.6479179412537652,0.4485806512932565,-0.7864657901611705,0.4464115758124849,-1.180827313603533,0.5601659631212135,-0.5601659631212135,severe_stress
2009-10-28,2009,1.8120207070736967,2.6479179412537652,0.4485806512932565,-0.8487754676637111,0.7168431031555108,-1.1585894171173765,0.6029995863325236,-0.6029995863325236,severe_stress
2009-10-29,2009,1.8053602088383915,2.6479179412537652,0.4485806512932565,-0.73884869293451,0.4623731027520646,-1.2303346906609882,0.56584142009033,-0.56584142009033,severe_stress
2009-10-30,2009,1.8167683140312203,2.6479179412537652,0.4485806512932565,-0.703303508233129,1.1500744087179195,-1.1634124280639788,0.6994375631665087,-0.6994375631665087,severe_stress
2009-11-02,2009,1.8034473175606103,1.8545218491662596,0.4485806512932565,0.3421523500661304,0.7105940507623352,-1.1858588976886753,0.6622395535266529,-0.6622395535266529,severe_stress
2009-11-03,2009,1.8056674836390456,1.8545218491662596,0.4485806512932565,0.39999306509256627,1.2198967847239965,-1.230960410076607,0.7496165706397528,-0.7496165706397528,severe_stress
2009-11-04,2009,1.7923464871684358,1.8545218491662596,0.4485806512932565,0.4708432961863549,2.862006570305117,-1.3031228298972979,1.0208626707036876,-1.0208626707036876,severe_stress
2009-11-05,2009,1.7945666532468707,1.8545218491662596,0.4485806512932565,0.4786798948582976,0.914347098139848,-1.3121431323748842,0.6964255023882747,-0.6964255023882747,severe_stress
2009-11-06,2009,1.7913045675201495,1.8545218491662596,0.4485806512932565,0.45620070361357395,0.45928533366721286,-1.2947282468353307,0.6191941430708535,-0.6191941430708535,severe_stress
2009-11-09,2009,1.7846440692848449,1.8545218491662596,0.4485806512932565,0.6569777578733977,0.44953115044680886,-1.2676673394025713,0.654431356443666,-0.654431356443666,severe_stress
2009-11-10,2009,1.7735432388926702,1.8545218491662596,0.4485806512932565,0.6343355459119122,0.19945914781522373,-1.2588556100635244,0.608597470502633,-0.608597470502633,severe_stress
2009-11-12,2009,1.7779835710495402,1.8545218491662596,0.4485806512932565,0.5675336159862919,0.591453157924894,-1.2275974110997814,0.668745905720077,-0.668745905720077,severe_stress
2009-11-17,2009,1.7640134037406938,1.8545218491662596,0.4485806512932565,0.44456152557705564,0.3937187968173329,-1.1422173972705205,0.627196471554013,-0.627196471554013,severe_stress
2009-11-18,2009,1.7551327394269542,1.8545218491662596,0.4485806512932565,0.6420633277380475,0.041302490512390766,-1.1827044718503892,0.5931494310477533,-0.5931494310477533,severe_stress
2009-11-19,2009,1.7640134037406938,1.8545218491662596,0.4485806512932565,0.6796730240085104,0.5829049635751877,-1.2009536499441016,0.6881233736399678,-0.6881233736399678,severe_stress
2009-11-20,2009,1.742904515377098,1.8545218491662596,0.4485806512932565,0.6747021331517975,0.3267832103410593,-1.200745076805562,0.6411245470873181,-0.6411245470873181,severe_stress
2009-11-23,2009,1.7384641832202277,1.8545218491662596,0.4485806512932565,0.7892185126165439,0.5857763664070553,-1.1873189096584522,0.7048737755074818,-0.7048737755074818,severe_stress
2009-11-24,2009,1.7473448475339675,1.8545218491662596,0.4485806512932565,0.8765348832037244,0.1967856918149806,-1.1606751485027724,0.6605154624182362,-0.6605154624182362,severe_stress
2009-11-25,2009,1.7495650136124024,1.8545218491662596,0.4485806512932565,0.8131384556887947,0.32157061813890897,-1.1245939385924268,0.6771304415511993,-0.6771304415511993,severe_stress
2009-12-01,2009,1.7274996796099156,1.255257228425411,0.4485806512932565,1.2647673193347486,1.0055507657643037,-1.1478747007712815,0.7589634906093923,-0.7589634906093923,severe_stress
2009-12-03,2009,1.6875366901980875,1.255257228425411,0.4485806512932565,1.318519514280384,0.31703175297301533,-1.2147969633682907,0.6353548123003107,-0.6353548123003107,severe_stress
2009-12-04,2009,1.6182841717196261,1.255257228425411,0.4485806512932565,1.4657293106412064,0.6463381450765933,-1.249835307585938,0.697392366595026,-0.697392366595026,severe_stress
2009-12-07,2009,1.622724503876496,1.255257228425411,0.4485806512932565,1.6132912241159776,0.8151743355734393,-1.2502524538630173,0.7507959149035939,-0.7507959149035939,severe_stress
2009-12-08,2009,1.6338253342686704,1.255257228425411,0.4485806512932565,1.807262255073803,0.9143317273762563,-1.2416492976625102,0.8029346497958144,-0.8029346497958144,severe_stress
2009-12-09,2009,1.622724503876496,1.255257228425411,0.4485806512932565,1.8835490687629928,0.7352805576751817,-1.272907496626253,0.7787474189011809,-0.7787474189011809,severe_stress
2009-12-11,2009,1.5445058470748994,1.255257228425411,0.4485806512932565,1.7330644115252394,0.3961345325646879,-1.330809456745676,0.6744555356896363,-0.6744555356896363,severe_stress
2009-12-16,2009,1.4845613629571563,1.255257228425411,0.4485806512932565,1.4039718112193424,0.19443456745148172,-1.3712965313255445,0.5692515150035172,-0.5692515150035172,severe_stress
2009-12-17,2009,1.5045428576630708,1.255257228425411,0.4485806512932565,1.450519336804626,0.3050751356661288,-1.3089887065365984,0.6091644172193158,-0.6091644172193158,severe_stress
2009-12-18,2009,1.4444782782990033,1.255257228425411,0.4485806512932565,1.2091294825149994,0.785452344887411,-1.3266121652146918,0.6360476367008984,-0.6360476367008984,severe_stress
2009-12-21,2009,1.4178362853577842,1.255257228425411,0.4485806512932565,0.8253236031444889,0.8614728230332959,-1.40737774123589,0.5668488083363911,-0.5668488083363911,severe_stress
2009-12-22,2009,1.4022951228087397,1.255257228425411,0.4485806512932565,1.1520651734214782,-0.12510770643847616,-1.4428332317306172,0.44837620629663205,-0.44837620629663205,stressed
2010-01-06,2010,0.5970978655916347,0.8094435025026355,0.2572375164086944,0.9239479237855832,0.08676554513930254,-1.5109869986126319,0.19391755913586975,-0.19391755913586975,neutral
2010-01-12,2010,0.5479123158284835,0.8094435025026355,0.2572375164086944,1.4362989910296307,0.03672093232192947,-1.457699476301272,0.27165229696501686,-0.27165229696501686,stressed
2010-01-21,2010,0.5735123891214163,0.8094435025026355,0.2572375164086944,1.5077349414470593,0.4138137627434694,-1.3681221709410274,0.3656033235470413,-0.3656033235470413,stressed
2010-01-22,2010,0.6015035765115754,0.8094435025026355,0.2572375164086944,1.4947437933616659,0.9935100217612244,-1.3819654843652163,0.4624121543634298,-0.4624121543634298,stressed
2010-01-25,2010,0.614824572982185,0.8094435025026355,0.2572375164086944,1.4688019058584152,2.5804414080753375,-1.4088178186594356,0.7203218478613054,-0.7203218478613054,severe_stress
2010-01-26,2010,0.6192649051390549,0.8094435025026355,0.2572375164086944,1.5077091123746562,1.8124815586179444,-1.390777213704263,0.6025598968897871,-0.6025598968897871,severe_stress
2010-01-27,2010,0.6126044069037501,0.8094435025026355,0.2572375164086944,1.513108763408009,1.3520885757138226,-1.3815483380881368,0.5271557378081292,-0.5271557378081292,severe_stress
2010-01-28,2010,0.6126044069037501,0.8094435025026355,0.2572375164086944,1.6235013267603915,1.6096880698104648,-1.4134322564674988,0.5831737609864063,-0.5831737609864063,severe_stress
2010-01-29,2010,0.629102015091685,0.8094435025026355,0.2572375164086944,1.6964345720456953,1.372248137089471,-1.3914029331198818,0.5621771350030499,-0.5621771350030499,severe_stress
2010-02-02,2010,0.6468633437191643,0.9116157730489183,0.2572375164086944,1.6133146121348048,0.9811299135277379,-1.3885227782727905,0.5036063967610883,-0.5036063967610883,stressed
2010-02-03,2010,0.629102015091685,0.9116157730489183,0.2572375164086944,0.7593136531203519,0.7069282940950512,-1.4334157175221829,0.30513025570708635,-0.30513025570708635,stressed
2010-02-04,2010,0.6579641741113389,0.9116157730489183,0.2572375164086944,1.657219020774981,0.8045221246404018,-1.3755137574027598,0.4855074752635957,-0.4855074752635957,stressed
2010-02-05,2010,0.7108554111837274,0.9116157730489183,0.2572375164086944,1.6137384800635093,0.7827979857880315,-1.3578902987246666,0.4863924779613689,-0.4863924779613689,stressed
2010-02-08,2010,0.7197360754974671,0.9116157730489183,0.2572375164086944,1.353259926802794,0.5260076025482702,-1.366910601202253,0.40015771551731527,-0.40015771551731527,stressed
2010-02-09,2010,0.7263965737327719,0.9116157730489183,0.2572375164086944,1.4172418099082174,0.8079035322076701,-1.38893992454987,0.45524254679273374,-0.45524254679273374,stressed
2010-02-10,2010,0.7374974041249466,0.9116157730489183,0.2572375164086944,1.531951740727176,1.0178956810507984,-1.4061462369508841,0.5083419797349414,-0.5083419797349414,stressed
2010-02-11,2010,0.7485982345171213,0.9116157730489183,0.2572375164086944,1.4861017932348901,1.0012303311585942,-1.4151665394284703,0.4982695181566248,-0.4982695181566248,stressed
2010-02-12,2010,0.7556514815624755,0.9116157730489183,0.2572375164086944,1.3147108384281072,0.7713302120084817,-1.4157922588440892,0.43245892710209805,-0.43245892710209805,stressed
2010-02-16,2010,0.7534313154840405,0.9116157730489183,0.2572375164086944,1.2750006998497059,1.6264710297127494,-1.397960227027456,0.5709660179127755,-0.5709660179127755,severe_stress
2010-02-17,2010,0.7045876617584724,0.9116157730489183,0.2572375164086944,1.477816262985187,0.39019416661211254,-1.4470504578078323,0.38240015383425874,-0.38240015383425874,stressed
2010-02-18,2010,0.6712851705819487,0.9116157730489183,0.2572375164086944,1.4463270529104442,0.33098776050413636,-1.4783086567715749,0.35652410278042784,-0.35652410278042784,stressed
2010-02-19,2010,0.6283673702440524,0.9116157730489183,0.2572375164086944,1.2948719463920975,0.5446836644856212,-1.4418103005841505,0.3658276616658722,-0.3658276616658722,stressed
2010-02-22,2010,0.6150463737734431,0.9116157730489183,0.2572375164086944,1.378956380594459,0.3144198278301724,-1.4783086567715749,0.3331612024806853,-0.3331612024806853,stressed
2010-02-23,2010,0.6372480345577921,0.9116157730489183,0.2572375164086944,1.2604602805772127,0.5459932156931269,-1.3931372160808533,0.3699029340341486,-0.3699029340341486,stressed
2010-02-24,2010,0.6328077024009223,0.9116157730489183,0.2572375164086944,1.223242745605207,0.38517197336097864,-1.4021575185584403,0.33465303204438007,-0.33465303204438007,stressed
2010-02-25,2010,0.6483488649499669,0.9116157730489183,0.2572375164086944,1.2351677070961782,0.187107732736065,-1.3667020280637132,0.31212926102935157,-0.31212926102935157,stressed
2010-02-26,2010,0.6114423920091391,0.9116157730489183,0.2572375164086944,1.4220082823736717,0.1588368221967344,-1.3442555584390172,0.3361475379330234,-0.3361475379330234,stressed
2010-03-01,2010,0.6114423920091391,0.11155605076197239,0.2572375164086944,1.3801048316494056,0.23484567165064335,-1.3313321699678733,0.21064238208533026,-0.21064238208533026,neutral
2010-03-02,2010,0.5936810633816597,0.11155605076197239,0.2572375164086944,1.4292100741366116,0.39414781912037344,-1.335946607775936,0.24164765267222924,-0.24164765267222924,stressed
2010-03-09,2010,0.4633566671277738,0.11155605076197239,0.2572375164086944,1.2737384372858038,0.0009669648439020254,-1.3667876604625997,0.12334466266092448,-0.12334466266092448,neutral
2010-03-10,2010,0.44781550457872926,0.11155605076197239,0.2572375164086944,1.2364644824621018,0.27401557809777105,-1.375390816663107,0.15861638594102698,-0.15861638594102698,neutral
2010-03-11,2010,0.4455953385002944,0.11155605076197239,0.2572375164086944,1.2272164090083417,0.006067446543723973,-1.3479127629532686,0.11662666637829304,-0.11662666637829304,neutral
2010-03-12,2010,0.3746517295353104,0.11155605076197239,0.2572375164086944,1.2457745820145578,0.18425276469007748,-1.3342780226676194,0.1398657701238322,-0.1398657701238322,neutral
2010-03-17,2010,0.3746517295353104,0.11155605076197239,0.2572375164086944,1.4156197818804062,-0.010743867773136337,-1.2893850834182272,0.14315602123250337,-0.14315602123250337,neutral
2010-03-18,2010,0.35467023482939597,0.11155605076197239,0.2572375164086944,1.3551038570846827,-0.1586920456644048,-1.298196812757274,0.10361313344384444,-0.10361313344384444,neutral
2010-03-19,2010,0.28372662586441216,0.11155605076197239,0.2572375164086944,1.3635533368534691,0.06246844803138491,-1.2977796664801948,0.13012705190662302,-0.13012705190662302,neutral
2010-03-24,2010,0.25486446684475805,0.11155605076197239,0.2572375164086944,1.2630293500278709,0.17470538333788202,-1.4051890036570729,0.1093672939540175,-0.1093672939540175,neutral
2010-03-25,2010,0.23932330429571372,0.11155605076197239,0.2572375164086944,1.331290191777201,-0.0327698545336914,-1.4591022453840514,0.07458916055430646,-0.07458916055430646,neutral
2010-03-26,2010,0.1897958584949797,0.11155605076197239,0.2572375164086944,1.3114579189701034,0.21255683573788808,-1.4416873598444973,0.10681947008819015,-0.10681947008819015,neutral
2010-03-29,2010,0.18757569241654484,0.11155605076197239,0.2572375164086944,1.259642179313574,-0.08161326863992686,-1.4553221001301466,0.046512678355118665,-0.046512678355118665,neutral
2010-03-30,2010,0.18313536025967492,0.11155605076197239,0.2572375164086944,1.0251547856138177,-0.34806964352687614,-1.4416873598444973,-0.03544554838786903,0.03544554838786903,neutral
2010-03-31,2010,0.1986765228087194,0.11155605076197239,0.2572375164086944,1.3623172585323875,-0.09311729938875692,-1.424063901166404,0.06876769132610212,-0.06876769132610212,neutral
2010-04-01,2010,0.1430014344868836,-0.29575269393716647,0.2572375164086944,1.3872098106588355,-0.1481577994155442,-1.4319383317578707,-0.014733343926027986,0.014733343926027986,neutral
2010-04-07,2010,0.08167313468327152,-0.29575269393716647,0.2572375164086944,1.56472142505907,0.13466073843076126,-1.4229180292802848,0.05327034856072432,-0.05327034856072432,neutral
2010-04-09,2010,0.057951331431190765,-0.29575269393716647,0.2572375164086944,1.4718399463208727,-0.5361838184069615,-1.4271153208112681,-0.07867050649910635,0.07867050649910635,neutral
2010-04-19,2010,0.05281097566361759,-0.29575269393716647,0.2572375164086944,1.2903261490540625,-0.20702887430144787,-1.3962742681246043,-0.049780199206140706,0.049780199206140706,neutral
2010-04-20,2010,0.04171014527144301,-0.29575269393716647,0.2572375164086944,1.258711811771996,-0.3772816135431596,-1.3687962144147663,-0.08069517474049315,0.08069517474049315,neutral
2010-04-21,2010,0.04393031134987788,-0.29575269393716647,0.2572375164086944,1.181909165100688,-0.5459793715616135,-1.337329442312484,-0.11599741915866724,0.11599741915866724,neutral
2010-04-22,2010,0.03282948095770333,-0.29575269393716647,0.2572375164086944,1.2040004579013415,-0.2637870775674372,-1.3415267338434675,-0.06783317501338866,0.06783317501338866,neutral
2010-04-23,2010,0.06807948464893727,-0.29575269393716647,0.2572375164086944,1.1577813221677238,-0.12490908212734758,-1.363764630329624,-0.050221347194797095,0.050221347194797095,neutral
2010-04-26,2010,0.06363915249206735,-0.29575269393716647,0.2572375164086944,1.1440417525797772,0.49444763649797613,-1.3593587656601007,0.05070909973020802,-0.05070909973020802,neutral
2010-04-27,2010,0.09250131151172127,-0.29575269393716647,0.2572375164086944,1.0577019302599193,0.4252583110077553,-1.278801762777442,0.04302410207891364,-0.04302410207891364,neutral
2010-04-28,2010,0.08362064719798158,-0.29575269393716647,0.2572375164086944,1.0938209035359454,0.34660095663631535,-1.3599844850757197,0.020923807461008415,-0.020923807461008415,neutral
2010-04-29,2010,0.0902811454332864,-0.29575269393716647,0.2572375164086944,1.1028013237932388,-0.09927199915580438,-1.3287262861119764,-0.04557183226162128,0.04557183226162128,neutral
2010-04-30,2010,0.18407558602085647,-0.29575269393716647,0.2572375164086944,1.1420336880051092,0.12344073397653915,-1.2884477846706472,0.020431174300564254,-0.020431174300564254,neutral
2010-05-03,2010,0.17519492170711679,0.018797580068356294,0.2572375164086944,1.0092881432980614,-0.06196714720023097,-1.297259514009694,0.016881916712050637,-0.016881916712050637,neutral
2010-05-04,2010,0.19961674856990078,0.018797580068356294,0.2572375164086944,1.000955270836544,0.09165098367646013,-1.2389404076131922,0.05488628199112718,-0.05488628199112718,neutral
2010-05-05,2010,0.250680568373904,0.018797580068356294,0.2572375164086944,0.8828846354179771,0.6694651396746532,-1.2351602623592874,0.14065086293071627,-0.14065086293071627,neutral
2010-05-06,2010,0.32838638111912605,0.018797580068356294,0.2572375164086944,0.817624290522529,0.9998455082914797,-1.1594262704232314,0.210410834331159,-0.210410834331159,neutral
2010-05-07,2010,0.47889784133464675,0.018797580068356294,0.2572375164086944,0.7357674959332673,2.4222460110845514,-1.1497802485300264,0.4605276993832483,-0.4605276993832483,stressed
2010-05-10,2010,0.4300541876090785,0.018797580068356294,0.2572375164086944,0.7895380679001033,1.6865268525895662,-1.2263485330202408,0.3259676119259263,-0.3259676119259263,stressed
2010-05-11,2010,0.45003568231499286,0.018797580068356294,0.2572375164086944,0.7651451446468193,0.8040623448758333,-1.22655710615878,0.17812019369265264,-0.17812019369265264,neutral
2010-05-12,2010,0.41451302506003396,0.018797580068356294,0.2572375164086944,0.809043639892982,1.084116154622223,-1.2080993549265282,0.22926809352096023,-0.22926809352096023,neutral
2010-05-13,2010,0.4056323607462944,0.018797580068356294,0.2572375164086944,0.7010042431341986,0.9581221589011415,-1.2083079280650681,0.1887476551989362,-0.1887476551989362,neutral
2010-05-14,2010,0.5503542943560052,0.018797580068356294,0.2572375164086944,0.6338902751141307,1.2575438064340583,-1.1460001032761216,0.2619705615175206,-0.2619705615175206,stressed
2010-05-18,2010,0.5792164533756591,0.018797580068356294,0.2572375164086944,0.5427646952321471,1.1109325179456153,-1.101315737165269,0.2346055043108672,-0.2346055043108672,stressed
2010-05-21,2010,0.8006877540917015,0.018797580068356294,0.2572375164086944,0.5233123566458425,2.0053440307784265,-0.9389502925687143,0.4444048242373844,-0.4444048242373844,stressed
2010-05-26,2010,0.8117885844838763,0.018797580068356294,0.2572375164086944,0.5479172706976679,1.3074373099931194,-0.9202839681979231,0.3371490489089652,-0.3371490489089652,stressed
2010-05-28,2010,0.8482514558421878,0.018797580068356294,0.2572375164086944,0.5322353146385579,1.138166322683105,-1.0425794844916878,0.2920181175248689,-0.2920181175248689,stressed
2010-06-02,2010,0.8793337809402765,0.2644548719522605,0.2572375164086944,0.06876562115976585,0.8598244416657894,-1.0626659517397934,0.2111583800644989,-0.2111583800644989,neutral
2010-06-03,2010,0.8549119540774922,0.2644548719522605,0.2572375164086944,0.09699436586963987,0.8402941887343814,-1.1075588909891856,0.20105566767554714,-0.20105566767554714,neutral
2010-06-04,2010,0.9433604696417685,0.2644548719522605,0.2572375164086944,0.03791395315236493,1.3114883637852757,-0.9823175219956747,0.30535627549078154,-0.30535627549078154,stressed
2010-06-07,2010,0.9522411339555084,0.2644548719522605,0.2572375164086944,0.03435187647974056,1.7069851335439106,-0.9548394682858362,0.37673851067571307,-0.37673851067571307,stressed
2010-06-08,2010,0.9722226286614225,0.2644548719522605,0.2572375164086944,0.06831114572736018,2.0890376579429613,-0.9638597707634228,0.4479006749882127,-0.4479006749882127,stressed
2010-06-09,2010,0.9700024625829876,0.2644548719522605,0.2572375164086944,0.15162364706541887,1.699913663837462,-0.9907121050576423,0.3920866761315302,-0.3920866761315302,stressed
2010-06-10,2010,0.9544613000339432,0.2644548719522605,0.2572375164086944,0.1387522396592464,2.0636408920222022,-1.08490384822595,0.43227382864173275,-0.43227382864173275,stressed
2010-06-16,2010,0.9191095907977759,0.2644548719522605,0.2572375164086944,0.12757396998275827,0.6747758425088918,-1.0492397845926837,0.1989853345096162,-0.1989853345096162,neutral
2010-06-25,2010,0.8469022613932476,0.2644548719522605,0.2572375164086944,0.3662996731394131,1.4316750061961434,-0.946862031500948,0.3699512162648018,-0.3699512162648018,stressed
2010-06-28,2010,0.8535627596285522,0.2644548719522605,0.2572375164086944,0.3578638689436319,1.2588947435101563,-0.8799397689039387,0.35201233192322606,-0.35201233192322606,stressed
2010-07-01,2010,0.852409817085714,0.2907205611246001,0.2572375164086944,0.4315597593721245,2.0278923762488947,-0.7941426087975986,0.5109462369070715,-0.5109462369070715,severe_stress
2010-07-02,2010,0.7976565415080109,0.2907205611246001,0.2572375164086944,0.374828363528894,1.3400437190306873,-0.8302238187079439,0.37171048048215716,-0.37171048048215716,stressed
2010-07-07,2010,0.7909960432727062,0.2907205611246001,0.2572375164086944,0.3599007366197439,0.7678619518926612,-0.8346296833774672,0.2720145209901565,-0.2720145209901565,stressed
2010-07-09,2010,0.685486222691654,0.2907205611246001,0.2572375164086944,0.3816072180176127,1.4150380425872031,-0.8977718007205718,0.3553862933515321,-0.3553862933515321,stressed
2010-07-15,2010,0.6521837315151303,0.2907205611246001,0.2572375164086944,0.3400836607003345,0.8824113993494571,-0.8482644236631168,0.26239540757251656,-0.26239540757251656,stressed
2010-07-16,2010,0.6070966178712659,0.2907205611246001,0.2572375164086944,0.4031821442736166,1.7141349713707679,-0.8121832137527712,0.41003143288269567,-0.41003143288269567,stressed
2010-07-20,2010,0.6115369500281359,0.2907205611246001,0.2572375164086944,0.3138820668201145,0.9868220917435125,-0.8258179540384205,0.27239687201443946,-0.27239687201443946,stressed
2010-07-21,2010,0.6026562857143961,0.2907205611246001,0.2572375164086944,0.2579014495036179,1.2849013822345405,-0.7674988476419187,0.32098639122398837,-0.32098639122398837,stressed
2010-07-22,2010,0.5848949570869169,0.2907205611246001,0.2572375164086944,0.30313565994207275,2.6045954427209788,-0.8123917868913106,0.5380320583986588,-0.5380320583986588,severe_stress
2010-07-23,2010,0.5226102116444143,0.2907205611246001,0.2572375164086944,0.28848287098568054,1.6007481263462537,-0.866513601756829,0.3488809474588023,-0.3488809474588023,stressed
2010-07-26,2010,0.5115093812522398,0.2907205611246001,0.2572375164086944,0.29246300043202567,0.713404986759091,-0.8663050286182896,0.1998384028930602,-0.1998384028930602,neutral
2010-07-27,2010,0.48708755438945556,0.2907205611246001,0.2572375164086944,0.28652226256897667,1.278561089610381,-0.9019690922515556,0.28302664864175875,-0.28302664864175875,stressed
2010-07-28,2010,0.4959682187031953,0.2907205611246001,0.2572375164086944,0.28675161649636643,0.9906335218987332,-0.8753253310958758,0.24099768392261897,-0.24099768392261897,stressed
2010-07-29,2010,0.49818838478163036,0.2907205611246001,0.2572375164086944,0.32584021627689197,0.6923070758245051,-0.8845542067120018,0.19662325795071997,-0.19662325795071997,neutral
2010-07-30,2010,0.48444001826404226,0.2907205611246001,0.2572375164086944,0.32350795013818023,1.0308812266024465,-0.8218292356459765,0.26082633948199785,-0.26082633948199785,stressed
2010-08-02,2010,0.4777795200287374,0.29816439612228,0.2572375164086944,0.2238778623775303,0.9154259444843778,-0.8520645034632529,0.22007012265972792,-0.22007012265972792,neutral
2010-08-03,2010,0.47999968610717225,0.29816439612228,0.2572375164086944,0.30180857039645254,0.6358073021595961,-0.8208063044995101,0.19203519444911418,-0.19203519444911418,neutral
2010-08-04,2010,0.46667868963656284,0.29816439612228,0.2572375164086944,0.3172013215010652,0.7425133944385667,-0.8430442009856663,0.2064585195202505,-0.2064585195202505,neutral
2010-08-05,2010,0.4711190217934326,0.29816439612228,0.2572375164086944,0.2604179298961446,0.29554860865093313,-0.8252121691690335,0.12621255061707523,-0.12621255061707523,neutral
2010-08-06,2010,0.46555129597888084,0.29816439612228,0.2572375164086944,0.18078117054961793,0.7906126478115292,-0.7668930627725313,0.20424232734974512,-0.20424232734974512,neutral
2010-08-09,2010,0.45889079774357605,0.29816439612228,0.2572375164086944,0.19511858980252916,0.7661712799777154,-0.7484353115402792,0.20452454475241932,-0.20452454475241932,neutral
2010-08-10,2010,0.47221179421418547,0.29816439612228,0.2572375164086944,0.1646437392378368,0.7393152085501469,-0.6945220698133009,0.20617509745330712,-0.20617509745330712,neutral
2010-08-11,2010,0.5121747836260141,0.29816439612228,0.2572375164086944,0.12345940287786017,0.8411805877550388,-0.6221510768540703,0.2350109349893029,-0.2350109349893029,stressed
2010-08-12,2010,0.5232756140181887,0.29816439612228,0.2572375164086944,0.1203089746938999,1.1093064733488702,-0.6311713793316568,0.2795202658767127,-0.2795202658767127,stressed
2010-08-13,2010,0.5254103060872279,0.29816439612228,0.2572375164086944,0.11942533055779685,1.0432326416816053,-0.5860698669437249,0.27623338731897995,-0.27623338731897995,stressed
2010-08-17,2010,0.5143094756950534,0.29816439612228,0.2572375164086944,0.10364781118362038,0.7650298865565298,-0.5504058033104587,0.23133054710928658,-0.23133054710928658,neutral
2010-08-18,2010,0.5054288113813137,0.29816439612228,0.2572375164086944,0.14278705477678863,0.6681651528519236,-0.5594261057880449,0.21872613762549262,-0.21872613762549262,neutral
2010-08-19,2010,0.5143094756950534,0.29816439612228,0.2572375164086944,0.15993544675027654,0.6572524798792944,-0.5145331665386527,0.22872769138615764,-0.22872769138615764,neutral
2010-08-20,2010,0.5071707546403033,0.29816439612228,0.2572375164086944,0.1452117051635756,1.1513703306636254,-0.5550202411185217,0.30068907697999275,-0.30068907697999275,stressed
2010-08-23,2010,0.5116110867971732,0.29816439612228,0.2572375164086944,0.13551814507153367,1.0342079259103865,-0.5325737714938253,0.2840275498027071,-0.2840275498027071,stressed
2010-08-25,2010,0.5338127475815223,0.29816439612228,0.2572375164086944,0.15776671099566658,1.5819780823912146,-0.45999420539605523,0.39482754135055376,-0.39482754135055376,stressed
2010-08-26,2010,0.5360329136599572,0.29816439612228,0.2572375164086944,0.09297034378933161,1.2400119275076293,-0.4331418711018358,0.3318792043976761,-0.3318792043976761,stressed
2010-08-27,2010,0.5066925318208579,0.29816439612228,0.2572375164086944,0.11782637503089756,1.160816536791621,-0.5588003863724261,0.2969894949669875,-0.2969894949669875,stressed
2010-08-30,2010,0.5244538604483372,0.29816439612228,0.2572375164086944,0.0995621936158565,1.885491492105377,-0.48264924815929106,0.43037670175687565,-0.43037670175687565,stressed
2010-08-31,2010,0.5311143586836421,0.29816439612228,0.2572375164086944,0.09876110893742374,1.6249662575259793,-0.4333504442403755,0.39614886557294066,-0.39614886557294066,stressed
2010-09-01,2010,0.504472365742423,0.06307906140508741,0.2572375164086944,0.16324850797723134,2.107968407409777,-0.52313632273916,0.42881158936734226,-0.42881158936734226,stressed
2010-09-02,2010,0.4867110371149437,0.06307906140508741,0.2572375164086944,0.1465892445079116,0.5661213261933994,-0.5638319704575684,0.1593177025287447,-0.1593177025287447,neutral
2010-09-03,2010,0.45371582073907385,0.06307906140508741,0.2572375164086944,0.11237670653850913,0.7811213296776698,-0.6357858171397197,0.1719574362715525,-0.1719574362715525,neutral
2010-09-07,2010,0.4670368172096832,0.06307906140508741,0.2572375164086944,0.11276304178014145,2.249942381360486,-0.5504058033104587,0.43327550247560565,-0.43327550247560565,stressed
2010-09-08,2010,0.447055322503769,0.06307906140508741,0.2572375164086944,0.15907288273454803,1.53851136933077,-0.5816640022742016,0.3138820250181112,-0.3138820250181112,stressed
2010-09-09,2010,0.4204133295625499,0.06307906140508741,0.2572375164086944,0.12401112241533117,1.2987545049083573,-0.6578151404873366,0.2509467323687806,-0.2509467323687806,stressed
2010-09-10,2010,0.3793229464930395,0.06307906140508741,0.2572375164086944,0.20410914129724392,0.8890504912240333,-0.6892819125896191,0.18391954070641323,-0.18391954070641323,neutral
2010-09-13,2010,0.3771027804146047,0.06307906140508741,0.2572375164086944,0.27263747752275364,1.5906302415548579,-0.6448061196173059,0.31931349294811534,-0.31931349294811534,stressed
2010-09-16,2010,0.35268095355182044,0.06307906140508741,0.2572375164086944,0.214052013400846,0.6510602159869909,-0.6905333514208566,0.14126273488876379,-0.14126273488876379,neutral
2010-09-17,2010,0.32482609294352377,0.06307906140508741,0.2572375164086944,0.13117710333152408,0.8697338786932499,-0.6724927464656839,0.16226015105273264,-0.16226015105273264,neutral
2010-09-21,2010,0.3425874215710032,0.06307906140508741,0.2572375164086944,0.131486792976451,1.057493577647367,-0.5648748361502663,0.2145015889763894,-0.2145015889763894,neutral
2010-09-22,2010,0.3492479198063077,0.06307906140508741,0.2572375164086944,0.1242875216223177,1.845967141600969,-0.5195647506237949,0.35337573503659686,-0.35337573503659686,stressed
2010-09-27,2010,0.3217858080080607,0.06307906140508741,0.2572375164086944,0.1555928819904047,1.6198439212042453,-0.5015241456686222,0.3193358405579783,-0.3193358405579783,stressed
2010-09-29,2010,0.3062446454590162,0.06307906140508741,0.2572375164086944,0.15088380609222476,1.3046230822049085,-0.4834835407134494,0.2664307618094136,-0.2664307618094136,stressed
2010-10-01,2010,0.20388588771013308,0.03312104190053798,0.2572375164086944,0.20940514115849015,1.0035575365929812,-0.5107530212847481,0.19940901708101477,-0.19940901708101477,neutral
2010-10-05,2010,0.19500522339639337,0.03312104190053798,0.2572375164086944,0.17638194504766416,0.8813134561040641,-0.4969097078605591,0.17435824583279916,-0.17435824583279916,neutral
2010-10-06,2010,0.18834472516108877,0.03312104190053798,0.2572375164086944,0.16808370582617524,0.6916077042916884,-0.4251644343169472,0.15220504321187292,-0.15220504321187292,neutral
2010-10-07,2010,0.18390439300421882,0.03312104190053798,0.2572375164086944,0.1508019723029609,0.7659771230207393,-0.4343933099330732,0.15944145611734636,-0.15944145611734636,neutral
2010-10-08,2010,0.15065275460016173,0.03312104190053798,0.2572375164086944,0.13850690612177527,1.1677246548056537,-0.4434136124106598,0.21730487690436054,-0.21730487690436054,neutral
2010-10-12,2010,0.14177209028642204,0.03312104190053798,0.2572375164086944,0.1378013619167728,0.9592488909069272,-0.4568397795577695,0.17872352031026417,-0.17872352031026417,neutral
2010-10-15,2010,0.08322765339008602,0.03312104190053798,0.2572375164086944,0.17089040708423078,0.8014190166606467,-0.5877384520520418,0.12635953056535904,-0.12635953056535904,neutral
2010-10-18,2010,0.09876881593913034,0.03312104190053798,0.2572375164086944,0.16069534697370838,1.4800512041976108,-0.5155760322313508,0.2523829821980552,-0.2523829821980552,stressed
2010-10-20,2010,0.10764948025286998,0.03312104190053798,0.2572375164086944,0.1705496858647062,1.0349415379083156,-0.5248049078474768,0.1797823924146079,-0.1797823924146079,neutral
2010-10-21,2010,0.09432848378226055,0.03312104190053798,0.2572375164086944,0.12263356424896364,1.0766881765512946,-0.5741037117663923,0.1683175118542265,-0.1683175118542265,neutral
2010-10-22,2010,0.06116231938759923,0.03312104190053798,0.2572375164086944,0.12804561438470727,0.5830800076969563,-0.6013731923376909,0.07687888457346738,-0.07687888457346738,neutral
2010-10-25,2010,0.0478413229169898,0.03312104190053798,0.2572375164086944,0.14895353594612035,2.2063995883998855,-0.5877384520520418,0.35096909225336437,-0.35096909225336437,stressed
2010-10-26,2010,0.023419496054205607,0.03312104190053798,0.2572375164086944,0.19017009161522233,1.5450202222183782,-0.6460575584485435,0.23381846829141584,-0.23381846829141584,stressed
2010-10-27,2010,0.010098499583596173,0.03312104190053798,0.2572375164086944,0.15041714989093952,0.7630582210703999,-0.7182199782692344,0.08261874176415558,-0.08261874176415558,neutral
2010-10-28,2010,0.01897916389733567,0.03312104190053798,0.2572375164086944,0.16074361553130925,1.0342783755417466,-0.6823473414974286,0.1370020619636992,-0.1370020619636992,neutral
2010-10-29,2010,0.012540466453289175,0.03312104190053798,0.2572375164086944,0.14818013985677853,1.4173177489031183,-0.6464747047256227,0.2036537014661326,-0.2036537014661326,neutral
2010-11-01,2010,0.04362279155137797,0.18441582260006248,0.2572375164086944,0.12683152867721018,1.1877078330348696,-0.6691297474888582,0.1884476241305594,-0.1884476241305594,neutral
2010-11-02,2010,0.03918245939450826,0.18441582260006248,0.2572375164086944,0.15482652781000913,1.7329057087396555,-0.6420688400560994,0.28774986581613843,-0.28774986581613843,stressed
2010-11-03,2010,0.03474212723763829,0.18441582260006248,0.2572375164086944,0.12304423415302308,1.9130148704482592,-0.6781500499664449,0.30571742014687214,-0.30571742014687214,stressed
2010-11-04,2010,0.028081629002333502,0.18441582260006248,0.2572375164086944,0.1488344317365971,1.4712114197383441,-0.5564802530882987,0.2555500943996221,-0.2555500943996221,stressed
2010-11-05,2010,-0.006262781822476489,0.18441582260006248,0.2572375164086944,0.14670896467374397,1.095843792633582,-0.5785095764359158,0.1832389563429484,-0.1832389563429484,neutral
2010-11-08,2010,-0.012923280057781298,0.18441582260006248,0.2572375164086944,0.1820011539219981,0.262599400182405,-0.5827068679668995,0.04843729084807987,-0.04843729084807987,neutral
2010-11-09,2010,-0.03956527299900037,0.18441582260006248,0.2572375164086944,0.1918490399840129,1.1395251941825952,-0.6678783086576208,0.17759733191979066,-0.17759733191979066,neutral
2010-11-10,2010,-0.015143446136216173,0.18441582260006248,0.2572375164086944,0.20785205761555972,0.03301204828426084,-0.6139650669306423,0.008901488640286484,-0.008901488640286484,neutral
2010-11-12,2010,-0.020540223931976558,0.18441582260006248,0.2572375164086944,0.1545389799208343,0.05606043162822488,-0.6808873295276515,-0.008195800483635348,0.008195800483635348,neutral
2010-11-15,2010,-0.03830155255945592,0.18441582260006248,0.2572375164086944,0.1400978992601466,0.9077969390553683,-0.811577428883384,0.10661153264690527,-0.10661153264690527,neutral
2010-11-16,2010,0.010542101166112242,0.18441582260006248,0.2572375164086944,0.13818736964385378,0.5931602805600642,-0.753258322486882,0.07171412798198419,-0.07171412798198419,neutral
2010-11-17,2010,0.010542101166112242,0.18441582260006248,0.2572375164086944,0.09205538743969216,1.1824436130998477,-0.7983598348748139,0.15472243430659918,-0.15472243430659918,neutral
2010-11-18,2010,-0.009439393539801999,0.18441582260006248,0.2572375164086944,0.09485068017749433,0.2875521436449716,-0.7937453970667508,0.0034785620374449913,-0.0034785620374449913,neutral
2010-11-19,2010,-0.009917616359247317,0.18441582260006248,0.2572375164086944,0.11804128510966626,0.5714204481386939,-0.7801106567811016,0.05684779985279468,-0.05684779985279468,neutral
2010-11-22,2010,0.01006387834666711,0.18441582260006248,0.2572375164086944,0.11521358365363853,0.46677663190036633,-0.7173856857150761,0.0527202911990588,-0.0527202911990588,neutral
2010-11-23,2010,0.04114620344475591,0.18441582260006248,0.2572375164086944,0.12429198752190918,-0.004330431533944856,-0.7087825295145689,-0.01767023851218195,0.01767023851218195,neutral
2010-11-24,2010,0.01672437658197175,0.18441582260006248,0.2572375164086944,0.18443188641594876,0.2802526471248745,-0.8117860020219236,0.01854604118493804,-0.01854604118493804,neutral
2010-11-29,2010,0.03622764846844084,0.18441582260006248,0.2572375164086944,0.28234739164749084,1.2632552090254503,-0.7264059881926624,0.21617959999291272,-0.21617959999291272,neutral
2010-12-01,2010,0.034007482390005804,0.04321137791771319,0.2572375164086944,0.47693545003127613,0.6178299980129344,-0.8537131540253381,0.09591811178921429,-0.09591811178921429,neutral
2010-12-02,2010,0.014025987684091542,0.04321137791771319,0.2572375164086944,0.4739300819353893,0.6744029471615638,-0.8805654883195575,0.09704040379798247,-0.09704040379798247,neutral
2010-12-03,2010,0.0037106549120160905,0.04321137791771319,0.2572375164086944,0.4540359087016366,0.7371880142545846,-0.9351044494621551,0.09337983712208163,-0.09337983712208163,neutral
2010-12-06,2010,0.010371153147320919,0.04321137791771319,0.2572375164086944,0.45741839066400586,0.4848513691996124,-0.8908372296283814,0.06037542961816091,-0.06037542961816091,neutral
2010-12-07,2010,-0.04735316489198695,0.04321137791771319,0.2572375164086944,0.4345646672643673,0.48097498892078344,-1.0202758901528763,0.024726582577782524,-0.024726582577782524,neutral
2010-12-08,2010,-0.06289432744103145,0.04321137791771319,0.2572375164086944,0.43945394692565065,0.5223678291172981,-1.0735634124642361,0.020968821744014782,-0.020968821744014782,neutral
2010-12-09,2010,-0.0673346595979014,0.04321137791771319,0.2572375164086944,0.42623238294376936,0.3132818855438832,-1.0462939318929374,-0.012277571446129768,0.012277571446129768,neutral
2010-12-10,2010,-0.09684598945579197,0.04321137791771319,0.2572375164086944,0.3741721857992682,0.9589802194415672,-1.1318825188607382,0.06747879854178547,-0.06747879854178547,neutral
2010-12-13,2010,-0.08796532514205228,0.04321137791771319,0.2572375164086944,0.37254420965654295,0.7433447623944881,-1.1098531955131214,0.03641989095371082,-0.03641989095371082,neutral
2010-12-15,2010,-0.1279283145538808,0.04321137791771319,0.2572375164086944,0.3434901519626225,0.4479686691459756,-1.2984452549882766,-0.055744309017858616,0.055744309017858616,neutral
2010-12-16,2010,-0.11682748416170623,0.04321137791771319,0.2572375164086944,0.32713203624402465,0.3707986200218254,-1.2579581804084077,-0.06273435232964271,0.06273435232964271,neutral
2010-12-17,2010,-0.11708390618989334,0.04321137791771319,0.2572375164086944,0.32403623223796324,1.10056041183926,-1.1635578641015605,0.07406729468536284,-0.07406729468536284,neutral
2010-12-20,2010,-0.12152423834676329,0.04321137791771319,0.2572375164086944,0.33254788832201404,0.27538770825062087,-1.1727867397176863,-0.06432108119423452,0.06432108119423452,neutral
2010-12-21,2010,-0.12596457050363305,0.04321137791771319,0.2572375164086944,0.3772813544013014,0.1623129370642267,-1.159151999432037,-0.07417889735728905,0.07417889735728905,neutral
2011-01-04,2011,-0.23099616826524008,-0.06579238462856565,0.2572375164086944,0.41354909198463696,-0.029272901263543007,-1.1740182440026923,-0.13821551496111828,0.13821551496111828,neutral
2011-01-06,2011,-0.2620784933633289,-0.06579238462856565,0.2572375164086944,0.38311941214509027,0.8650897734261324,-1.218702610113545,-0.006854464354253742,0.006854464354253742,neutral
2011-01-07,2011,-0.2695591104556617,-0.06579238462856565,0.2572375164086944,0.403612919483673,-0.2240138459123806,-1.1698209524717087,-0.1780559762626582,0.1780559762626582,neutral
2011-01-10,2011,-0.25845828006348714,-0.06579238462856565,0.2572375164086944,0.44655968455990164,0.3319312389623858,-1.1519889206550753,-0.07341852423602437,0.07341852423602437,neutral
2011-01-11,2011,-0.2717792765340968,-0.06579238462856565,0.2572375164086944,0.5018620859056505,-0.07616821413866406,-1.1924759952349442,-0.14118604470365428,0.14118604470365428,neutral
2011-01-19,2011,-0.3231849923756827,-0.06579238462856565,0.2572375164086944,0.4951306235619774,0.5316718288265975,-1.1880701305654207,-0.04883458979539997,0.04883458979539997,neutral
2011-01-24,2011,-0.36523182108408364,-0.06579238462856565,0.2572375164086944,0.4568985539818374,0.4803583253877749,-1.219119756390624,-0.07594159438749444,0.07594159438749444,neutral
2011-01-26,2011,-0.3763326514762582,-0.06579238462856565,0.2572375164086944,0.47071253493822435,-0.009093840509902237,-1.2510036747699858,-0.16237875000629887,0.16237875000629887,neutral
2011-01-27,2011,-0.3741124853978233,-0.06579238462856565,0.2572375164086944,0.4125529799257868,-0.022044161245870192,-1.242191945430939,-0.1723917467281195,0.1723917467281195,neutral
2011-01-28,2011,-0.38142215447136474,-0.06579238462856565,0.2572375164086944,0.4540801099103963,0.375733637918999,-1.2111423196057356,-0.09521759907792937,0.09521759907792937,neutral
2011-01-31,2011,-0.3703213240791903,-0.06579238462856565,0.2572375164086944,0.4825657570172333,0.26430513598987926,-1.246806383239002,-0.11313528042182515,0.11313528042182515,neutral
2011-02-01,2011,-0.3903028187851045,0.09340214354331351,0.2572375164086944,0.758297083093639,0.2827996540127978,-1.2929308267734003,-0.04858287475001003,0.04858287475001003,neutral
2011-02-02,2011,-0.41250447956945385,0.09340214354331351,0.2572375164086944,0.8657696033575101,-0.18516560955683714,-1.2969195451658442,-0.1130300618304362,0.1130300618304362,neutral
2011-02-03,2011,-0.4258254760400632,0.09340214354331351,0.2572375164086944,0.7071430393661825,-0.3861008983395223,-1.3413953381381576,-0.18258983553325878,0.18258983553325878,neutral
2011-02-04,2011,-0.46587393946128763,0.09340214354331351,0.2572375164086944,0.6803396220322538,-0.17250549210273375,-1.39950587139612,-0.1678176701626466,0.1678176701626466,neutral
2011-02-07,2011,-0.4747546037750272,0.09340214354331351,0.2572375164086944,0.6316468758136627,0.20323028799282894,-1.3904855689185334,-0.11328722482251015,0.11328722482251015,neutral
2011-02-08,2011,-0.4991764306378112,0.09340214354331351,0.2572375164086944,0.6134250107204621,-0.09468253841063864,-1.4211180484666575,-0.17515205780710622,0.17515205780710622,neutral
2011-02-09,2011,-0.48363526808876695,0.09340214354331351,0.2572375164086944,0.6058745553068529,-0.30866591982162794,-1.358393077400632,-0.1990300083420277,0.1990300083420277,neutral
2011-02-10,2011,-0.4947360984809415,0.09340214354331351,0.2572375164086944,0.6251318937373607,-0.46581589004439566,-1.3938485678953587,-0.2297715004552212,0.2297715004552212,neutral
2011-02-11,2011,-0.48315704526932163,0.09340214354331351,0.2572375164086944,0.5936265116487084,-0.3233366855835017,-1.3397267530298407,-0.20032571871365792,0.20032571871365792,neutral
2011-02-14,2011,-0.4853772113477565,0.09340214354331351,0.2572375164086944,0.6095640555754094,0.5448409347968457,-1.3080514077890186,-0.048063994802085376,0.048063994802085376,neutral
2011-02-15,2011,-0.4875973774261914,0.09340214354331351,0.2572375164086944,0.5767150344492171,0.3409986955612052,-1.3128744187356212,-0.08868640103323039,0.08868640103323039,neutral
2011-02-16,2011,-0.4942578756614962,0.09340214354331351,0.2572375164086944,0.6007457580147085,-0.029245208394126997,-1.317071710266605,-0.14819822939258528,0.14819822939258528,neutral
2011-02-17,2011,-0.4898175435046264,0.09340214354331351,0.2572375164086944,0.6046217241172029,-0.23102551032887714,-1.3218947212132075,-0.18124606516291672,0.18124606516291672,neutral
2011-02-18,2011,-0.48433529169947026,0.09340214354331351,0.2572375164086944,0.5856564917827132,-0.12842277705444,-1.3357380346373968,-0.16869999194276433,0.16869999194276433,neutral
2011-02-22,2011,-0.4554731326798163,0.09340214354331351,0.2572375164086944,0.6799318523028745,0.656649525279806,-1.228120124321979,0.0006046300888155054,-0.0006046300888155054,neutral
2011-02-23,2011,-0.4554731326798163,0.09340214354331351,0.2572375164086944,0.7200573358508957,0.4071740093237332,-1.255181031754738,-0.03879719321798625,0.03879719321798625,neutral
2011-02-24,2011,-0.4399319701307718,0.09340214354331351,0.2572375164086944,0.7227600664620845,0.4405601107813181,-1.2283286974605183,-0.025716805065979915,0.025716805065979915,neutral
2011-02-25,2011,-0.4219142194751054,0.09340214354331351,0.2572375164086944,0.7230245852399771,0.35198175442781804,-1.1968619253582362,-0.03218835753558976,0.03218835753558976,neutral
2011-02-28,2011,-0.4085932230044958,0.09340214354331351,0.2572375164086944,0.7303072272677548,-0.07088007527452976,-1.2018935094433782,-0.1000699867504402,0.1000699867504402,neutral
2011-03-01,2011,-0.41303355516136575,0.05751851894970963,0.2572375164086944,0.9682900475480283,0.6055243724191437,-1.2228142692456423,0.04212043848642799,-0.04212043848642799,neutral
2011-03-02,2011,-0.4219142194751054,0.05751851894970963,0.2572375164086944,1.0294013190222564,1.0766416777177343,-1.2584783328789084,0.12340107995739684,-0.12340107995739684,neutral
2011-03-03,2011,-0.4485562124163245,0.05751851894970963,0.2572375164086944,0.990970988509767,0.12234450036425004,-1.320577584529315,-0.05684371211886976,0.05684371211886976,neutral
2011-03-04,2011,-0.4096859954252488,0.05751851894970963,0.2572375164086944,1.0035298843889817,-0.06074748126470167,-1.294559542789254,-0.07445118328863644,0.07445118328863644,neutral
2011-03-07,2011,-0.4096859954252488,0.05751851894970963,0.2572375164086944,1.0302333304578413,0.5768538580136366,-1.3077771367978241,0.03406334860113484,-0.03406334860113484,neutral
2011-03-09,2011,-0.405245663268379,0.05751851894970963,0.2572375164086944,1.0325870296743653,0.29132391349904796,-1.2851220940345882,-0.008616796461858311,0.008616796461858311,neutral
2011-03-10,2011,-0.37416333817029024,0.05751851894970963,0.2572375164086944,1.0030287956067403,0.5587462989456622,-1.2177826851605003,0.047430851096669335,-0.047430851096669335,neutral
2011-03-11,2011,-0.3540108954455845,0.05751851894970963,1.7578874776172222,1.005191829948237,0.7674483800249329,-1.2494580304013219,0.33076288011553256,-0.33076288011553256,stressed
2011-03-16,2011,-0.29184624524940667,0.05751851894970963,1.7578874776172222,0.9354733242328441,1.2411775626633346,-1.1059674833140987,0.4323738591499342,-0.4323738591499342,stressed
2011-03-17,2011,-0.30516724172001636,0.05751851894970963,1.7578874776172222,0.9784601776666749,1.0906807001197272,-1.1326112444697785,0.40779473136058986,-0.40779473136058986,stressed
2011-03-18,2011,-0.3161825981027952,0.05751851894970963,1.7578874776172222,0.9517816109976797,0.8878564538507199,-1.159463578763998,0.3632329807580897,-0.3632329807580897,stressed
2011-03-23,2011,-0.34060442496557924,0.05751851894970963,1.7578874776172222,0.9597370768974471,0.1693420206171715,-1.1858987667811383,0.23633031705580543,-0.23633031705580543,stressed
2011-03-24,2011,-0.3561455875146238,0.05751851894970963,1.7578874776172222,0.9547994789816325,0.10249907713392174,-1.2261772682224674,0.21506361615756583,-0.21506361615756583,neutral
2011-03-25,2011,-0.3739923901514987,0.05751851894970963,1.7578874776172222,0.9668781039503456,0.10407526736827571,-1.2299574134763722,0.21373492737628041,-0.21373492737628041,neutral
2011-03-28,2011,-0.3806528883868035,0.05751851894970963,1.7578874776172222,0.9568984953925921,0.8094872862569766,-1.2209371109987857,0.3300336298051519,-0.3300336298051519,stressed
2011-03-29,2011,-0.3873133866221082,0.05751851894970963,1.7578874776172222,0.9762686366466188,0.2375112888335586,-1.2524038831010682,0.23157810872065546,-0.23157810872065546,stressed
2011-03-30,2011,-0.3806528883868035,0.05751851894970963,1.7578874776172222,0.9777527003085088,0.404099255758554,-1.2299574134763722,0.2644412751284698,-0.2644412751284698,stressed
2011-04-01,2011,-0.5919536605482565,0.29304669625602786,1.7578874776172222,1.2408269997747436,0.3643403786478333,-1.257538473379632,0.3011015697279898,-0.3011015697279898,stressed
2011-04-06,2011,-0.6252561517247802,0.29304669625602786,1.7578874776172222,1.3213477190905527,-0.16266858494817782,-1.3290751737847042,0.20921366375102338,-0.20921366375102338,neutral
2011-04-08,2011,-0.653025538323681,0.29304669625602786,1.7578874776172222,1.3507159628096386,0.07635777987145004,-1.3741766861726357,0.24180094867633703,-0.24180094867633703,stressed
2011-04-11,2011,-0.653025538323681,0.29304669625602786,1.7578874776172222,1.3120596674107352,0.06240828806733699,-1.3605419458869867,0.23530577419010912,-0.23530577419010912,stressed
2011-04-12,2011,-0.6308238775393319,0.29304669625602786,1.7578874776172222,1.238326249443053,0.1138633045110077,-1.334315331008386,0.23966408654659885,-0.23966408654659885,stressed
2011-04-20,2011,-0.6417029071402484,0.29304669625602786,1.7578874776172222,1.2736073012909024,-0.1731788963335824,-1.2856422465050892,0.20400290419753866,-0.20400290419753866,neutral
2011-04-21,2011,-0.6439230732186833,0.29304669625602786,1.7578874776172222,1.3443184143851739,-0.4318367052431621,-1.2812363818355657,0.17304273799350214,-0.17304273799350214,neutral
2011-04-22,2011,-0.7863359069808584,0.29304669625602786,1.7578874776172222,1.5106533019653914,1.0547743603393733,-0.5798722486649871,0.5416922800886949,-0.5416922800886949,severe_stress
2011-04-25,2011,-0.6485343533943445,0.29304669625602786,1.7578874776172222,1.450339566402932,-0.01343579099777159,-1.2543840475413461,0.2641532580571199,-0.2641532580571199,stressed
2011-04-26,2011,-0.6440940212374748,0.29304669625602786,1.7578874776172222,1.4949142484284528,-0.23016852974508406,-1.2185114107695403,0.24217907675826725,-0.24217907675826725,stressed
2011-04-27,2011,-0.6529746855512145,0.29304669625602786,1.7578874776172222,1.4653235630794728,-0.33083956470559894,-1.2680187878269955,0.2107374498114856,-0.2107374498114856,neutral
2011-04-28,2011,-0.6396536890806048,0.29304669625602786,1.7578874776172222,1.4772463051714544,-0.5261356420300453,-1.2455723182022993,0.1861364716219592,-0.1861364716219592,neutral
2011-04-29,2011,-0.6494907990332351,0.29304669625602786,1.7578874776172222,1.507273572636987,-0.47585208305523985,-1.2321461510551894,0.20011978556109544,-0.20011978556109544,neutral
2011-05-02,2011,-0.6428303007979304,0.14332370564047237,1.7578874776172222,1.6719584929712898,0.2240348991847504,-1.2245659260011488,0.3216347247691093,-0.3216347247691093,stressed
2011-05-03,2011,-0.6383899686410607,0.14332370564047237,1.7578874776172222,1.69923279012829,0.08186060722415264,-1.2063167479074364,0.30626631067694,-0.30626631067694,stressed
2011-05-04,2011,-0.6383899686410607,0.14332370564047237,1.7578874776172222,1.7078950387139935,-0.05134775803592199,-1.1838702782827404,0.2892497028353275,-0.2892497028353275,stressed
2011-05-05,2011,-0.6295093043273209,0.14332370564047237,1.7578874776172222,1.5842823686400471,-0.055911913024279655,-1.1343629012252852,0.27761823888680925,-0.27761823888680925,stressed
2011-05-06,2011,-0.6232415549020658,0.14332370564047237,1.7578874776172222,1.524885251099808,-0.22615099113550347,-1.1479976415109345,0.2381177078014998,-0.2381177078014998,stressed
2011-05-09,2011,-0.6210213888236308,0.14332370564047237,1.7578874776172222,1.616654224618679,-0.012277671853986157,-1.1255511718862385,0.29316919588541973,-0.29316919588541973,stressed
2011-05-10,2011,-0.6343423852942404,0.14332370564047237,1.7578874776172222,1.6721140911969492,-0.08513686669154699,-1.1704441111356307,0.2805669852222043,-0.2805669852222043,stressed
2011-05-11,2011,-0.6276818870589356,0.14332370564047237,1.7578874776172222,1.5785828527769976,-0.29525549651568367,-1.148206214649474,0.23477507296843314,-0.23477507296843314,stressed
2011-05-12,2011,-0.6321222192158055,0.14332370564047237,1.7578874776172222,1.673456994553615,-0.4465908883530361,-1.1750585489436935,0.22014942021646244,-0.22014942021646244,neutral
2011-05-17,2011,-0.6075294443342297,0.14332370564047237,1.7578874776172222,1.4338512958986607,0.0266922553230054,-1.0852726704449092,0.278158769950037,-0.278158769950037,stressed
2011-05-19,2011,-0.6119697764910997,0.14332370564047237,1.7578874776172222,1.4834265388893282,-0.21913656899795855,-1.1259683181633175,0.2379271764157744,-0.2379271764157744,stressed
2011-05-23,2011,-0.580238280554774,0.14332370564047237,1.7578874776172222,1.4316790240385886,0.21994007241139313,-1.0854812435834487,0.3145184592615757,-0.3145184592615757,stressed
2011-05-24,2011,-0.5757979483979043,0.14332370564047237,1.7578874776172222,1.527249094005166,-0.07800796287341046,-1.0718465032977995,0.28380131044895773,-0.28380131044895773,stressed
2011-05-25,2011,-0.5691374501625995,0.14332370564047237,1.7578874776172222,1.5500067799731319,0.0694216621169375,-1.0900956813915117,0.3102344156322755,-0.3102344156322755,stressed
2011-05-26,2011,-0.5491559554566853,0.14332370564047237,1.7578874776172222,1.5337465793098568,-0.3044354023565827,-1.0680663580438947,0.25221667445173146,-0.25221667445173146,stressed
2011-05-27,2011,-0.530267233171524,0.14332370564047237,1.7578874776172222,1.4882312187750557,-0.28791737184804245,-1.0680663580438947,0.25053190649488155,-0.25053190649488155,stressed
2011-05-31,2011,-0.5125059045440447,0.14332370564047237,1.7578874776172222,1.5295669470664208,-0.42118452617881313,-1.0594632018433876,0.23960408295964497,-0.23960408295964497,stressed
2011-06-01,2011,-0.499184908073435,-0.17715174279474324,1.7578874776172222,1.5282951281861281,0.027113729745437888,-0.9873007820226967,0.2749431504429855,-0.2749431504429855,stressed
2011-06-02,2011,-0.499184908073435,-0.17715174279474324,1.7578874776172222,1.4945202787352023,-0.14625174559818183,-1.059254628704848,0.22842745519686936,-0.22842745519686936,neutral
2011-06-03,2011,-0.46166388553129956,-0.17715174279474324,1.7578874776172222,1.4773554793383923,0.18663943667466443,-1.027996429741105,0.2925117225938552,-0.2925117225938552,stressed
2011-06-06,2011,-0.45944371945286466,-0.17715174279474324,1.7578874776172222,1.4757471372667033,0.12087735604011204,-1.0370167322186914,0.2801499627429564,-0.2801499627429564,stressed
2011-06-07,2011,-0.4527832212175598,-0.17715174279474324,1.7578874776172222,1.4707087712270115,-0.02518117095098598,-1.0554744834509433,0.25300093840500015,-0.25300093840500015,stressed
2011-06-08,2011,-0.4305815604332108,-0.17715174279474324,1.7578874776172222,1.4811700427935055,0.03884883596568402,-1.0328194406877076,0.2728922687434583,-0.2728922687434583,stressed
2011-06-09,2011,-0.4305815604332108,-0.17715174279474324,1.7578874776172222,1.5106670623183964,-0.10477618146751523,-1.0370167322186914,0.25317138717024296,-0.25317138717024296,stressed
2011-06-10,2011,-0.40329039665375505,-0.17715174279474324,1.7578874776172222,1.4962316274515193,0.761413677380574,-1.0282050028796448,0.401147606686862,-0.401147606686862,stressed
2011-06-15,2011,-0.3833089019478408,-0.17715174279474324,1.7578874776172222,1.3902321126776214,0.11091291981660384,-1.0330280138262473,0.27759064192376937,-0.27759064192376937,stressed
2011-06-21,2011,-0.3423039928877258,-0.17715174279474324,1.7578874776172222,1.4874558816475039,0.059991858906133844,-1.0416311700267544,0.29070805207693945,-0.29070805207693945,stressed
2011-06-23,2011,-0.3201023321033767,-0.17715174279474324,1.7578874776172222,1.4436788231682802,0.21012400365949302,-1.019393273540598,0.3158404926677129,-0.3158404926677129,stressed
2011-06-24,2011,-0.2995571405686214,-0.17715174279474324,1.7578874776172222,1.4074472770437707,0.4833178879241705,-0.9698858964831425,0.367009643789776,-0.367009643789776,stressed
2011-06-28,2011,-0.3328596317451451,-0.17715174279474324,1.7578874776172222,1.4004982863797482,0.1363692000905952,-1.0588374824277687,0.28765101785331815,-0.28765101785331815,stressed
2011-06-29,2011,-0.3595016246863642,-0.17715174279474324,1.7578874776172222,1.4496342606455632,0.22542717432640785,-1.1490405072036325,0.2912091729840755,-0.2912091729840755,stressed
2011-07-01,2011,-0.5651577210908076,-0.18962112052710686,1.7578874776172222,1.437467245479484,-0.349740170453014,-1.2190514977862725,0.14529736887325076,-0.14529736887325076,neutral
2011-07-05,2011,-0.5584972228555029,-0.18962112052710686,1.7578874776172222,1.486812519651201,0.00942630607523226,-1.1926163097691322,0.2188986083653189,-0.2188986083653189,neutral
2011-07-06,2011,-0.5496165585417631,-0.18962112052710686,1.7578874776172222,1.4727957160653027,0.16650619727507993,-1.1655554023363728,0.248732718258727,-0.248732718258727,stressed
2011-07-08,2011,-0.5365173628624118,-0.18962112052710686,1.7578874776172222,1.4707582053466959,0.6577748704578955,-1.0894042641232378,0.34514630098484284,-0.34514630098484284,stressed
2011-07-11,2011,-0.4987745395290182,-0.18962112052710686,1.7578874776172222,1.4082980188396466,1.2772084907042116,-1.0220648552491494,0.4554889119759677,-0.4554889119759677,stressed
2011-07-12,2011,-0.48989387521527855,-0.18962112052710686,1.7578874776172222,1.4452318570060736,0.8880838031848646,-1.004024250293977,0.4012773152952997,-0.4012773152952997,stressed
2011-07-15,2011,-0.4801930920445106,-0.18962112052710686,1.7578874776172222,1.4713787626699746,0.665649983382161,-1.026470719918673,0.36643854852984453,-0.36643854852984453,stressed
2011-07-19,2011,-0.4735325938092058,-0.18962112052710686,1.7578874776172222,1.4434156470522703,0.4186336214805476,-0.9857750722002644,0.32850132660224385,-0.32850132660224385,stressed
2011-07-20,2011,-0.4912939224366852,-0.18962112052710686,1.7578874776172222,1.4117042046744317,0.2512262859000472,-1.0306680114496567,0.2848724856297087,-0.2848724856297087,stressed
2011-07-21,2011,-0.5134955832210343,-0.18962112052710686,1.7578874776172222,1.4026121540384382,0.16443946981462926,-1.0805925347841911,0.2568716438229929,-0.2568716438229929,stressed
2011-07-22,2011,-0.4684939435865661,-0.18962112052710686,1.7578874776172222,1.4106754964041437,0.7879959484434704,-1.0445113248738456,0.3756554222462197,-0.3756554222462197,stressed
2011-07-25,2011,-0.47293427574343583,-0.18962112052710686,1.7578874776172222,1.4110933971307729,2.0709168720903164,-1.071363659168065,0.5843297818999506,-0.5843297818999506,severe_stress
2011-07-26,2011,-0.4684939435865661,-0.18962112052710686,1.7578874776172222,1.4416434635642201,1.5536306408393326,-1.031085157726736,0.5106602266967277,-0.5106602266967277,stressed
2011-07-27,2011,-0.4751544418218707,-0.18962112052710686,1.7578874776172222,1.3987203902242185,1.748125107384474,-1.0308765845881964,0.53484680471479,-0.53484680471479,severe_stress
2011-07-28,2011,-0.4640536114296962,-0.18962112052710686,1.7578874776172222,1.4197693893643615,1.7556177287079469,-1.0174504174410866,0.5436915743819402,-0.5436915743819402,severe_stress
2011-07-29,2011,-0.36820995278248275,-0.18962112052710686,1.7578874776172222,1.4311820927883752,2.175975631089724,-0.8875946106395126,0.6532699195910364,-0.6532699195910364,severe_stress
2011-08-01,2011,-0.34156795984126376,0.009701127568971457,1.7578874776172222,1.4425091004706034,2.349836433819,-0.8157263963562477,0.7337732972130476,-0.7337732972130476,severe_stress
2011-08-02,2011,-0.30382513650787013,0.009701127568971457,1.7578874776172222,1.4303367127443432,2.6179241742463715,-0.7571987168212062,0.792470939807972,-0.792470939807972,severe_stress
2011-08-03,2011,-0.28828397395882566,0.009701127568971457,1.7578874776172222,1.406442752365132,2.500464727678852,-0.7567815705441269,0.7715717567878708,-0.7715717567878708,severe_stress
2011-08-04,2011,-0.22389915768421298,0.009701127568971457,1.7578874776172222,1.3218148917022994,1.4048985622419263,-0.6311230552735366,0.6065466410287783,-0.6065466410287783,severe_stress
2011-08-05,2011,-0.1197893843245675,0.009701127568971457,1.7578874776172222,1.3300216999184091,1.9163914081842464,-0.7301378093884469,0.6940124199293057,-0.6940124199293057,severe_stress
2011-08-08,2011,0.013420580381527566,0.009701127568971457,1.7578874776172222,1.2631369024054142,4.0,-0.5547633439218619,1.0815637906752122,-1.0815637906752122,severe_stress
2011-08-09,2011,0.09112639312674986,0.009701127568971457,1.7578874776172222,1.2503089960495486,3.473462129032487,-0.42008452617368497,1.0270669328702156,-1.0270669328702156,severe_stress
2011-08-10,2011,0.11554821998953384,0.009701127568971457,1.7578874776172222,1.3186815829730005,3.63947049065694,-0.3974294834104493,1.0739765692325365,-1.0739765692325365,severe_stress
2011-08-11,2011,0.13552971469544808,0.009701127568971457,1.7578874776172222,1.3819923597081119,2.8278743745681023,-0.5463687608598943,0.927769382216327,-0.927769382216327,severe_stress
2011-08-12,2011,0.2113410258642805,0.009701127568971457,1.7578874776172222,1.3624077273577628,3.5817580726762985,-0.45595716294549105,1.077856378023174,-1.077856378023174,severe_stress
2011-08-15,2011,0.1669377042955822,0.009701127568971457,1.7578874776172222,1.3798413368236362,2.423243197517217,-0.5056731131414858,0.8719896217801905,-0.8719896217801905,severe_stress
2011-08-16,2011,0.16915787037401722,0.009701127568971457,1.7578874776172222,1.3302196875395218,2.1012684302886164,-0.44253099579838123,0.8209505995983281,-0.8209505995983281,severe_stress
2011-08-17,2011,0.1624973721387124,0.009701127568971457,1.7578874776172222,1.3520182925279107,1.5289912783708615,-0.40183534807997284,0.7348767000239508,-0.7348767000239508,severe_stress
2011-08-18,2011,0.19579986331523624,0.009701127568971457,1.7578874776172222,1.3220528334417267,2.5691095452094577,-0.3160381879736324,0.9230854431964971,-0.9230854431964971,severe_stress
2011-08-19,2011,0.29634027614750647,0.009701127568971457,1.7578874776172222,1.2866414507847985,3.2040996368244565,-0.3026120208265228,1.0420096580194054,-1.0420096580194054,severe_stress
2011-08-22,2011,0.30078060830437653,0.009701127568971457,1.7578874776172222,1.300615861400063,3.044501463759702,-0.3248499173126792,1.0147727702229428,-1.0147727702229428,severe_stress
2011-08-23,2011,0.33186293340246537,0.009701127568971457,1.7578874776172222,1.3221076927416968,2.602964336248588,-0.3699514297006112,0.9424286896463888,-0.9424286896463888,severe_stress
2011-08-24,2011,0.3296427673240305,0.009701127568971457,1.7578874776172222,1.8150050190982299,2.2814623324355394,-0.4872153619092339,0.9510805603557934,-0.9510805603557934,severe_stress
2011-08-25,2011,0.3252024351671605,0.009701127568971457,1.7578874776172222,1.328316655137899,2.0274113715388853,-0.442113849521302,0.8344008695848061,-0.8344008695848061,severe_stress
2011-08-26,2011,0.4189968757547306,0.009701127568971457,1.7578874776172222,1.3202124724970317,2.422446360963128,-0.41526151522708266,0.9189971331956669,-0.9189971331956669,severe_stress
2011-08-29,2011,0.39457504889194633,0.009701127568971457,1.7578874776172222,1.3550626425227936,1.851168057308111,-0.4920383728558364,0.8127259968422015,-0.8127259968422015,severe_stress
2011-08-30,2011,0.39457504889194633,0.009701127568971457,1.7578874776172222,1.3421752686061914,1.6360138959077601,-0.41526151522708266,0.7875152172275016,-0.7875152172275016,severe_stress
2011-08-31,2011,0.37459355418603213,0.009701127568971457,1.7578874776172222,1.3281509813811885,1.5862789857502435,-0.44693686046790454,0.7682792110059588,-0.7682792110059588,severe_stress
2011-09-01,2011,0.3657128898722924,-0.16399472083581187,1.7578874776172222,1.3718129669816603,2.4105714673054814,-0.3910807626414146,0.8918182197165717,-0.8918182197165717,severe_stress
2011-09-02,2011,0.43926941372576095,-0.16399472083581187,1.7578874776172222,1.3503587939394033,2.4425208272263608,-0.269202392624729,0.9261398998413677,-0.9261398998413677,severe_stress
2011-09-06,2011,0.4858929013728943,-0.16399472083581187,1.7578874776172222,1.3823744986707622,2.782300596266559,-0.2285067449063205,1.0026590013642176,-1.0026590013642176,severe_stress
2011-09-07,2011,0.4570307423532404,-0.16399472083581187,1.7578874776172222,1.4113072399937954,1.9944091963128217,-0.2916488622494251,0.8608318455319739,-0.8608318455319739,severe_stress
2011-09-08,2011,0.4592509084316753,-0.16399472083581187,1.7578874776172222,1.4401822620526927,3.138701667215386,-0.25577622547761925,1.0627085615005907,-1.0627085615005907,severe_stress
2011-09-09,2011,0.5224066255036726,-0.16399472083581187,1.7578874776172222,1.4125921696382868,3.1663869944886436,-0.20626884842016402,1.0815016163319748,-1.0815016163319748,severe_stress
2011-09-12,2011,0.5512687845233265,-0.16399472083581187,1.7578874776172222,1.419290678142838,2.201991045178971,-0.19683139966549845,0.9282686441601745,-0.9282686441601745,severe_stress
2011-09-14,2011,0.5312872898174122,-0.16399472083581187,1.7578874776172222,1.3760125242373533,2.797948678474666,-0.2872429975799018,1.0019830419551568,-1.0019830419551568,severe_stress
2011-09-16,2011,0.5342421007434797,-0.16399472083581187,1.7578874776172222,1.3406627738083774,2.2202893897407456,-0.33695894777589636,0.892021345549686,-0.892021345549686,severe_stress
2011-09-21,2011,0.5675445919200035,-0.16399472083581187,1.7578874776172222,1.2566187752899844,2.361354046026597,-0.1427095847999803,0.9394500975363359,-0.9394500975363359,severe_stress
2011-09-22,2011,0.6430302385867908,-0.16399472083581187,1.7578874776172222,1.1644580331994958,2.068076437984975,-0.007405047636184788,0.9103420698194146,-0.9103420698194146,severe_stress
2011-09-23,2011,0.668493985097861,-0.16399472083581187,1.7578874776172222,1.1502333188380738,2.0645258245434426,-0.09739949927350892,0.8966243976645464,-0.8966243976645464,severe_stress
2011-09-27,2011,0.6485124903919468,-0.16399472083581187,1.7578874776172222,1.2183015092621359,2.5339975699329518,-0.23249546329876472,0.9603681438449466,-0.9603681438449466,severe_stress
2011-09-28,2011,0.6729343172547306,-0.16399472083581187,1.7578874776172222,1.1815553211286354,2.335534386987021,-0.24592163044587442,0.9229991919509871,-0.9229991919509871,severe_stress
2011-09-30,2011,0.7546022393373777,-0.16399472083581187,1.7578874776172222,1.1439161976618237,2.0216148987264053,-0.15592717880855037,0.893016485616411,-0.893016485616411,severe_stress
2011-10-04,2011,1.4169390881387374,-0.2246040568114515,1.7578874776172222,0.8753665254056727,2.6000987238611923,-0.06695565831769285,1.0597886833156134,-1.0597886833156134,severe_stress
2011-10-05,2011,1.3902970951975184,-0.2246040568114515,1.7578874776172222,0.9059110038643933,2.029102429996616,-0.17058485024066616,0.9480015166039387,-0.9480015166039387,severe_stress
2011-10-06,2011,1.3325727771582105,-0.2246040568114515,1.7578874776172222,0.9920812282797894,1.281783114756192,-0.22890395663716814,0.8184694307271324,-0.8184694307271324,severe_stress
2011-10-07,2011,1.2786396204375359,-0.2246040568114515,1.7578874776172222,0.9644618310894847,1.8719740075246962,-0.3054722411273824,0.8904811064550177,-0.8904811064550177,severe_stress
2011-10-11,2011,1.2320161327904022,-0.2246040568114515,1.7578874776172222,1.0135253931964292,1.8294073386810523,-0.3639999206624242,0.8740387274685384,-0.8740387274685384,severe_stress
2011-10-12,2011,1.1720716486726594,-0.2246040568114515,1.7578874776172222,0.9983192758409641,1.0894039228779175,-0.4319650489521312,0.7268522032075301,-0.7268522032075301,severe_stress
2011-10-14,2011,1.1037755758330887,-0.2246040568114515,1.7578874776172222,1.0198167541981793,2.905324947762642,-0.45462009171536694,1.0179301011473856,-1.0179301011473856,severe_stress
2011-10-17,2011,1.1015554097546538,-0.2246040568114515,1.7578874776172222,1.0099627028849918,1.2155606087462552,-0.37364594255562916,0.7477860332726737,-0.7477860332726737,severe_stress
2011-10-18,2011,1.0993352436762192,-0.2246040568114515,1.7578874776172222,1.0469973330103184,1.2361597889633202,-0.3826662450332155,0.7555182569037355,-0.7555182569037355,severe_stress
2011-10-19,2011,1.0615924203428255,-0.2246040568114515,1.7578874776172222,0.996098196234517,1.4305469192313494,-0.37805180722515247,0.7739115248982184,-0.7739115248982184,severe_stress
2011-10-20,2011,1.048271423872216,-0.2246040568114515,1.7578874776172222,0.9824012414774138,1.8535721484291456,-0.39609241218032526,0.8369059704007036,-0.8369059704007036,severe_stress
2011-10-21,2011,0.9840229343794658,-0.2246040568114515,1.7578874776172222,0.9897591348361826,1.1875686434052533,-0.4183303086664818,0.7127173041266984,-0.7127173041266984,severe_stress
2011-10-24,2011,0.9507204432029418,-0.2246040568114515,1.7578874776172222,1.0129050608311247,0.95536252783185,-0.43637091362165453,0.6693167565083388,-0.6693167565083388,severe_stress
2011-10-25,2011,0.9462801110460721,-0.2246040568114515,1.7578874776172222,1.0316190356206325,1.4321867046303036,-0.3600112022699798,0.7638930116387997,-0.7638930116387997,severe_stress
2011-10-26,2011,0.926298616340158,-0.2246040568114515,1.7578874776172222,0.9936040120541231,1.2393955867800281,-0.4275591842826078,0.7108370752829121,-0.7108370752829121,severe_stress
2011-10-27,2011,0.8441524714380657,-0.2246040568114515,1.7578874776172222,1.041412426727876,0.4309224576143622,-0.5851016179325598,0.5441115264422525,-0.5441115264422525,severe_stress
2011-10-28,2011,0.8297040813097741,-0.2246040568114515,1.7578874776172222,1.0235535547488592,0.7575485392509369,-0.5311883762055812,0.6021502033182934,-0.6021502033182934,severe_stress
2011-10-31,2011,0.8785477350353427,-0.2246040568114515,1.7578874776172222,1.0219277899783832,1.070061681784918,-0.391686547510802,0.6853556800156021,-0.6853556800156021,severe_stress
2011-11-01,2011,0.9562535477805647,-0.41761071821434353,1.7578874776172222,0.996112561574568,1.303057070097458,-0.25074464139247704,0.7241592162438321,-0.7241592162438321,severe_stress
2011-11-02,2011,0.9407123852315203,-0.41761071821434353,1.7578874776172222,1.0003911377194539,1.1098875414577583,-0.26878524634764983,0.6870804295773268,-0.6870804295773268,severe_stress
2011-11-03,2011,0.9185107244471711,-0.41761071821434353,1.7578874776172222,1.0582426038650246,0.8566915446407293,-0.31829262340510506,0.6425715014917831,-0.6425715014917831,severe_stress
2011-11-04,2011,0.9180325016277258,-0.41761071821434353,1.7578874776172222,1.0904626561395954,1.047349645882282,-0.3004605915884719,0.6826101619106684,-0.6826101619106684,severe_stress
2011-11-07,2011,0.9246929998630306,-0.41761071821434353,1.7578874776172222,1.0845732418529985,0.7331143168206027,-0.26857667320911016,0.6356801074550668,-0.6356801074550668,severe_stress
2011-11-08,2011,0.9113720033924212,-0.41761071821434353,1.7578874776172222,1.1053876217203333,0.8313036656252426,-0.32269848807462836,0.6442735936777079,-0.6442735936777079,severe_stress
2011-11-09,2011,0.9668761553532942,-0.41761071821434353,1.7578874776172222,1.097633262734208,1.5229538020711098,-0.23710990110682773,0.7817716797424438,-0.7817716797424438,severe_stress
2011-11-10,2011,0.9624358231964242,-0.41761071821434353,1.7578874776172222,1.1325545008107776,1.6368028458414894,-0.27319111101717314,0.7998131363723995,-0.7998131363723995,severe_stress
2011-11-14,2011,0.9674398521821351,-0.41761071821434353,1.7578874776172222,1.423707572220315,1.8165335967606686,-0.27319111101717314,0.8791277782581375,-0.8791277782581375,severe_stress
2011-11-15,2011,0.9785406825743097,-0.41761071821434353,1.7578874776172222,1.1045772920572692,1.2596043728415969,-0.28200284035621986,0.7334993777533058,-0.7334993777533058,severe_stress
2011-11-16,2011,0.9896415129664842,-0.41761071821434353,1.7578874776172222,1.1175888644273015,1.8151792404183626,-0.2369013279682881,0.8376308415411232,-0.8376308415411232,severe_stress
2011-11-17,2011,1.0074028415939635,-0.41761071821434353,1.7578874776172222,1.0935356040402375,1.5097771960232858,-0.18277951310276988,0.7947021479929325,-0.7947021479929325,severe_stress
2011-11-18,2011,1.0227222033517498,-0.41761071821434353,1.7578874776172222,1.0398923416465726,1.1910703709006174,-0.22305801454409915,0.7284839434596199,-0.7284839434596199,severe_stress
2011-11-21,2011,1.0626851927635785,-0.41761071821434353,1.7578874776172222,1.0108876730303995,1.876105075332989,-0.19179981558035628,0.8496924808249148,-0.8496924808249148,severe_stress
2011-11-22,2011,1.0871070196263626,-0.41761071821434353,1.7578874776172222,1.0073263659159093,2.2462129339225365,-0.16935334595566012,0.9185949554853378,-0.9185949554853378,severe_stress
2011-11-23,2011,1.1159691786460162,-0.41761071821434353,1.7578874776172222,0.985645934508888,1.9725322545033785,-0.12425183356772836,0.8816953822489054,-0.8816953822489054,severe_stress
2011-11-28,2011,1.1143981834058183,-0.41761071821434353,1.7578874776172222,1.0242209014369554,1.3689514540261787,-0.19200838871889583,0.7759731515921559,-0.7759731515921559,severe_stress
2011-11-29,2011,1.1143981834058183,-0.41761071821434353,1.7578874776172222,1.0514746177881533,1.0827990395997653,-0.2188607230131154,0.7283479795305833,-0.7283479795305833,severe_stress
2011-12-01,2011,1.0566738653665104,-0.34827229393021086,1.7578874776172222,0.7998935810724532,0.9331403516758069,-0.3283358570291579,0.6451645207954373,-0.6451645207954373,severe_stress
2011-12-05,2011,1.0305100952447364,-0.34827229393021086,1.7578874776172222,0.8179558831968582,1.4963644174734223,-0.26519373968605314,0.7482086399859958,-0.7482086399859958,severe_stress
2011-12-06,2011,1.017189098774127,-0.34827229393021086,1.7578874776172222,0.8173727718168401,0.8828591798136094,-0.31050382521252456,0.6360887348131771,-0.6360887348131771,severe_stress
2011-12-07,2011,1.0260697630878668,-0.34827229393021086,1.7578874776172222,0.7980736619004647,1.4686141082078683,-0.25659058348554603,0.7409636888996108,-0.7409636888996108,severe_stress
2011-12-08,2011,1.0305100952447364,-0.34827229393021086,1.7578874776172222,0.7636289990924549,0.9887079368346905,-0.2431644163384363,0.6582162997534093,-0.6582162997534093,severe_stress
2011-12-09,2011,1.0157544303157913,-0.34827229393021086,1.7578874776172222,0.7693266141199611,1.33885040693991,-0.3153268361591273,0.7030366331505911,-0.7030366331505911,severe_stress
2011-12-12,2011,1.0312955928648357,-0.34827229393021086,1.7578874776172222,0.7361267105335542,2.042777862368025,-0.27001675063265584,0.8249664331367952,-0.8249664331367952,severe_stress
2011-12-13,2011,1.0312955928648357,-0.34827229393021086,1.7578874776172222,1.0497087960364158,1.4377346917919027,-0.20687463328955122,0.7869132718484356,-0.7869132718484356,severe_stress
2011-12-14,2011,1.0379560911001404,-0.34827229393021086,1.7578874776172222,0.6997987125221194,1.2406925249449903,-0.16617898557114275,0.7036472544471866,-0.7036472544471866,severe_stress
2011-12-15,2011,1.0357359250217055,-0.34827229393021086,1.7578874776172222,0.6807068101128241,0.6666016075288017,-0.16597041243260316,0.6044481856529565,-0.6044481856529565,severe_stress
2011-12-16,2011,1.023507700971849,-0.34827229393021086,1.7578874776172222,0.6815382532032105,1.0703621906684386,-0.12107747318321109,0.6773243092245497,-0.6773243092245497,severe_stress
2011-12-19,2011,1.023507700971849,-0.34827229393021086,1.7578874776172222,0.7013775370735073,1.6958582223628742,-0.08059039860334218,0.7916280409153166,-0.7916280409153166,severe_stress
2011-12-20,2011,0.9990858741090648,-0.34827229393021086,1.7578874776172222,0.7218182685162559,1.3001796018187428,-0.1796051527182525,0.7085156292354703,-0.7085156292354703,severe_stress
2011-12-23,2011,0.928962384001109,-0.34827229393021086,1.7578874776172222,0.7668946487848997,1.0980171470229525,-0.2515589994004039,0.6586550606825947,-0.6586550606825947,severe_stress
2011-12-29,2011,0.9267422179226741,-0.34827229393021086,1.7578874776172222,0.7556363455604181,0.9803259156358248,-0.13890950499984403,0.6555683596343475,-0.6555683596343475,severe_stress
2012-01-04,2012,1.1627890932501266,-0.2978915511243852,0.2572375164086944,0.9135335920286942,0.8586297905503482,-0.22808959862924136,0.44436814041403944,-0.44436814041403944,stressed
2012-01-05,2012,1.1627890932501266,-0.2978915511243852,0.2572375164086944,0.6868898245710344,0.24997584656864552,-0.2369013279682881,0.303683233617638,-0.303683233617638,stressed
2012-01-06,2012,1.1074721208435827,-0.2978915511243852,0.2572375164086944,0.6910036362222698,0.5184548531294372,-0.2100489936740686,0.3443712636342551,-0.3443712636342551,stressed
2012-01-09,2012,1.1052519547651478,-0.2978915511243852,0.2572375164086944,0.7196340336396531,0.49702161097277914,-0.209840420535529,0.34523552402106006,-0.34523552402106006,stressed
2012-01-10,2012,1.0897107922161033,-0.2978915511243852,0.2572375164086944,0.7360445289203682,0.12016393683402332,-0.23270403643730433,0.27876019780291666,-0.27876019780291666,stressed
2012-01-25,2012,0.9012000866390016,-0.2978915511243852,0.2572375164086944,0.7260618191349758,1.5470459344186767,-0.2421414851919699,0.48191872004749886,-0.48191872004749886,stressed
2012-01-26,2012,0.8900992562468272,-0.2978915511243852,0.2572375164086944,0.7394537055493536,0.27182819196947244,-0.19263410813451462,0.27801550181924134,-0.27801550181924134,stressed
2012-01-27,2012,0.8325621177618485,-0.2978915511243852,0.2572375164086944,0.7396092267409081,0.02059224788094194,-0.1611673360322322,0.23182370360596258,-0.23182370360596258,stressed
2012-01-30,2012,0.850323446389328,-0.2978915511243852,0.2572375164086944,0.7325989840115396,0.34340141578888755,-0.11145138583623737,0.2957030709396378,-0.2957030709396378,stressed
2012-01-31,2012,0.8414427820755882,-0.2978915511243852,0.2572375164086944,0.7446116588280121,0.08230292004924113,-0.0709643112563686,0.25945650249679697,-0.25945650249679697,stressed
2012-02-01,2012,0.8259016195265438,-0.640380927058654,0.2572375164086944,0.6346234701214208,0.25614662644747727,-0.09073919917251295,0.20713151771216154,-0.20713151771216154,neutral
2012-02-02,2012,0.8281217856049786,-0.640380927058654,0.2572375164086944,0.626021150397138,0.05141426205390748,-0.07290716735587983,0.1749177700083641,-0.1749177700083641,neutral
2012-02-03,2012,0.7547362097703015,-0.640380927058654,0.2572375164086944,0.634710207908974,0.3176371743568325,-0.17213049460932986,0.19196828112946976,-0.19196828112946976,neutral
2012-02-06,2012,0.7591765419271715,-0.640380927058654,0.2572375164086944,0.6041384697246762,0.4393739759627091,-0.13143484689092147,0.21468512167894596,-0.21468512167894596,neutral
2012-02-07,2012,0.7414152132996922,-0.640380927058654,0.2572375164086944,0.6258613151828553,0.023680710379641493,-0.189962526425963,0.13630855029771105,-0.13630855029771105,neutral
2012-02-08,2012,0.7258740507506477,-0.640380927058654,0.2572375164086944,0.7481240491607383,0.09022728952811479,-0.18534808861790006,0.16595564836194018,-0.16595564836194018,neutral
2012-02-09,2012,0.7192135525153427,-0.640380927058654,0.2572375164086944,0.5369884934843873,0.025925175945532217,-0.21240899605065913,0.11442913587410725,-0.11442913587410725,neutral
2012-02-10,2012,0.7068143804466948,-0.640380927058654,0.2572375164086944,0.4815059383291345,0.8064220652078846,-0.14024657622996825,0.2452253995172977,-0.2452253995172977,stressed
2012-02-13,2012,0.6890530518192154,-0.640380927058654,0.2572375164086944,0.5035638284164147,0.043877190269730124,-0.14926687870755453,0.11734729685797435,-0.11734729685797435,neutral
2012-02-14,2012,0.6890530518192154,-0.640380927058654,0.2572375164086944,0.5002336816930358,0.3334332374937634,-0.08171889669492662,0.17630961061018804,-0.17630961061018804,neutral
2012-02-15,2012,0.6890530518192154,-0.640380927058654,0.2572375164086944,0.5046893684392889,0.00866569462173511,-0.09514506384203636,0.12068660673137392,-0.12068660673137392,neutral
2012-02-16,2012,0.6868328857407805,-0.640380927058654,0.2572375164086944,0.48107975115985596,0.35465522636240543,-0.15367274337707792,0.16429195153933407,-0.16429195153933407,neutral
2012-02-17,2012,0.6532739725360697,-0.640380927058654,0.2572375164086944,0.46206615273110163,0.654026664858835,-0.17611921300177405,0.20168402774571212,-0.20168402774571212,neutral
2012-02-21,2012,0.63995297606546,-0.640380927058654,0.2572375164086944,0.46753394522916736,0.11816491721822898,-0.20737741196551698,0.10585516931622996,-0.10585516931622996,neutral
2012-02-22,2012,0.6421731421438951,-0.640380927058654,0.2572375164086944,0.4577919254925344,0.19383227439715334,-0.17611921300177405,0.12242245306364152,-0.12242245306364152,neutral
2012-02-23,2012,0.6332924778301554,-0.640380927058654,0.2572375164086944,0.4761990348161283,-0.4156622313168064,-0.1488497324304753,0.026972689708173722,-0.026972689708173722,neutral
2012-02-24,2012,0.5935512892095849,-0.640380927058654,0.2572375164086944,0.5039074388583488,-0.3079603872358992,-0.13542356528336555,0.04515522748311821,-0.04515522748311821,neutral
2012-02-27,2012,0.6024319535233246,-0.640380927058654,0.2572375164086944,0.5128773635664361,-0.0618488597106467,-0.07710445888686374,0.09886876464038179,-0.09886876464038179,neutral
2012-02-28,2012,0.5935512892095849,-0.640380927058654,0.2572375164086944,0.5104805485535778,-0.19450994704678465,-0.10395679318108314,0.0704036144808892,-0.0704036144808892,neutral
2012-02-29,2012,0.5868907909742803,-0.640380927058654,0.2572375164086944,0.5151093721179703,-0.33091478856217527,-0.1488497324304753,0.03984870524160673,-0.03984870524160673,neutral
2012-03-01,2012,0.5780101266605406,-0.26403269660892476,0.2572375164086944,0.4515969780911231,-0.10853667730371161,-0.17641341853920026,0.12297697145142024,-0.12297697145142024,neutral
2012-03-02,2012,0.5711786804064443,-0.26403269660892476,0.2572375164086944,0.4187749991348984,-0.30970749297762135,-0.1539669489145041,0.08658067624149779,-0.08658067624149779,neutral
2012-03-05,2012,0.580059344720184,-0.26403269660892476,0.2572375164086944,0.378008390374794,-0.17550850481492147,-0.14473807329837815,0.10517099613024133,-0.10517099613024133,neutral
2012-03-06,2012,0.633343330602622,-0.26403269660892476,0.2572375164086944,0.36107708651700604,0.04701520025975792,-0.11327130119609564,0.15356152266384335,-0.15356152266384335,neutral
2012-03-07,2012,0.6178021680535776,-0.26403269660892476,0.2572375164086944,0.3621821022377347,0.03705968281020984,-0.1313119061512684,0.14648947779167057,-0.14648947779167057,neutral
2012-03-08,2012,0.6022610055045332,-0.26403269660892476,0.2572375164086944,0.34369494898419717,-0.35380696561720315,-0.16718454292307428,0.06969487762470376,-0.06969487762470376,neutral
2012-03-09,2012,0.5870271177561426,-0.26403269660892476,0.2572375164086944,0.34428136701335627,-0.24263482898196337,-0.16718454292307428,0.08578232211070513,-0.08578232211070513,neutral
2012-03-12,2012,0.5803666195208378,-0.26403269660892476,0.2572375164086944,0.3350180707803512,0.0716555470787964,-0.16718454292307428,0.1355100857094468,-0.1355100857094468,neutral
2012-03-13,2012,0.5603851248149235,-0.26403269660892476,0.2572375164086944,0.3403744897215714,-0.5757092169993137,-0.25256455675233547,0.010948443430769264,-0.010948443430769264,neutral
2012-03-14,2012,0.5293027997168347,-0.26403269660892476,0.2572375164086944,0.34210561061573247,-0.1896422345171385,-0.36039104020629265,0.05242999256815095,-0.05242999256815095,neutral
2012-03-15,2012,0.5381834640305744,-0.26403269660892476,0.2572375164086944,0.3303752747964263,-0.325170273265336,-0.3786402183000049,0.02632551117690493,-0.02632551117690493,neutral
2012-03-19,2012,0.5096285798115742,-0.26403269660892476,0.2572375164086944,0.3410729011044149,-0.17843251973022894,-0.45080263812069593,0.035778523810805644,-0.035778523810805644,neutral
2012-03-20,2012,0.5118487458900091,-0.26403269660892476,0.2572375164086944,0.3023484235246374,-0.47427521534138195,-0.4325534600269834,-0.01657111435899153,0.01657111435899153,neutral
2012-03-21,2012,0.5229495762821837,-0.26403269660892476,0.2572375164086944,0.30854266191196084,-0.485837696421156,-0.38304608296952836,-0.007364453566128332,0.007364453566128332,neutral
2012-03-22,2012,0.5362705727527933,-0.26403269660892476,0.2572375164086944,0.2925213121005688,-0.3754606707725573,-0.3786402183000049,0.01131596926342827,-0.01131596926342827,neutral
2012-03-23,2012,0.5366633215628428,-0.26403269660892476,0.2572375164086944,0.30168436395724707,-0.44741777302046104,-0.3425590083896594,0.006929287318289855,-0.006929287318289855,neutral
2012-03-26,2012,0.532222989405973,-0.26403269660892476,0.2572375164086944,0.29394739020758315,0.002873389269704374,-0.3517878840057853,0.07841011744620748,-0.07841011744620748,neutral
2012-03-27,2012,0.5366633215628428,-0.26403269660892476,0.2572375164086944,0.2730382406827668,-0.30007156537811336,-0.3115093825644562,0.03188757235046827,-0.03188757235046827,neutral
2012-03-28,2012,0.5366633215628428,-0.26403269660892476,0.2572375164086944,0.2803345013554418,-0.343283977451878,-0.3159152472339797,0.02516723633869944,-0.02516723633869944,neutral
2012-03-29,2012,0.556644816268757,-0.26403269660892476,0.2572375164086944,0.2907098228896916,-0.1945188180177125,-0.3022805069483302,0.05729335566536257,-0.05729335566536257,neutral
2012-03-30,2012,0.5438020426175929,-0.26403269660892476,0.2572375164086944,0.2846737424504298,0.06825636570098428,-0.34738201933626206,0.09042582520541909,-0.09042582520541909,neutral
2012-04-02,2012,0.15881551891315593,-0.4751270405971299,0.2572375164086944,0.057413218999770844,-0.40697694351337177,-0.3281099100960833,-0.12279127331416062,0.12279127331416062,neutral
2012-04-06,2012,0.005923057899454062,-0.4751270405971299,0.2572375164086944,0.19514621957743727,-0.48174287333886984,-0.20182567540987414,-0.11673146591004802,0.11673146591004802,neutral
2012-04-09,2012,0.22376403201660963,-0.4751270405971299,0.2572375164086944,-0.008395627165954989,-0.014574797306349196,-0.18399364359324102,-0.033514926706228514,0.033514926706228514,neutral
2012-04-10,2012,0.241525360644089,-0.4751270405971299,0.2572375164086944,0.19514621957743727,0.04421456986465852,-0.15734988243756107,0.017607790576698038,-0.017607790576698038,neutral
2012-04-11,2012,0.23708502848721905,-0.4751270405971299,0.2572375164086944,-0.005971135315460637,0.7358774149591345,-0.18420221673178058,0.09414992786844613,-0.09414992786844613,neutral
2012-04-12,2012,0.22376403201660963,-0.4751270405971299,0.2572375164086944,0.003787287789137561,-0.5049960542901476,-0.2158775619726027,-0.11853530344090644,0.11853530344090644,neutral
2012-04-16,2012,0.239083393774396,-0.4751270405971299,0.2572375164086944,-0.009716511298208663,-0.01846998354932186,-0.15734988243756107,-0.02739041794985518,0.02739041794985518,neutral
2012-04-17,2012,0.22354223122535144,-0.4751270405971299,0.2572375164086944,-0.005989424432921035,-0.08367144793485738,-0.1844107898703202,-0.04473649253353044,0.04473649253353044,neutral
2012-04-18,2012,0.22354223122535144,-0.4751270405971299,0.2572375164086944,-0.018119336493116922,-0.00021954058314754832,-0.16175574710708449,-0.029073652857738833,0.029073652857738833,neutral
2012-04-19,2012,0.22576239730378633,-0.4751270405971299,0.2572375164086944,0.0011027185545456897,-0.028405678815470084,-0.1437151421519117,-0.027190871549580876,0.027190871549580876,neutral
2012-04-20,2012,0.2393398158025829,-0.4751270405971299,0.2572375164086944,0.030114970191427743,-0.5467358544007105,-0.13910070434384872,-0.10571188282316402,0.10571188282316402,neutral
2012-04-23,2012,0.25266081227319254,-0.4751270405971299,0.2572375164086944,0.11333940408612869,-0.2067793475399838,-0.12126867252721557,-0.029989554649385606,0.029989554649385606,neutral
2012-04-24,2012,0.2393398158025829,-0.4751270405971299,0.2572375164086944,0.15327409089545688,0.8371227432334984,-0.15294401776803768,0.1431505179958442,-0.1431505179958442,neutral
2012-04-25,2012,0.21935832109666867,-0.4751270405971299,0.2572375164086944,0.11988225009580482,-0.17662423780520276,-0.16657875805368702,-0.03697532480914196,0.03697532480914196,neutral
2012-04-26,2012,0.22157848717510353,-0.4751270405971299,0.2572375164086944,0.09510280792857569,-0.21222164432019835,-0.13951785062092792,-0.04215795400431376,0.04215795400431376,neutral
2012-04-27,2012,0.24238010073804594,-0.4751270405971299,0.2572375164086944,0.16095627799616233,0.5132016003412312,-0.12147724566575528,0.09619520153687479,-0.09619520153687479,neutral
2012-04-30,2012,0.24682043289491587,-0.4751270405971299,0.2572375164086944,0.15353299327573824,0.04781203681384701,-0.1034366407105825,0.02113988301424719,-0.02113988301424719,neutral
2012-05-01,2012,0.2290591042674365,-0.35391678817770994,0.2572375164086944,-0.09884955662131212,-0.16116828011555975,-0.12321152862672698,-0.04180825547752964,0.04180825547752964,neutral
2012-05-02,2012,0.2290591042674365,-0.35391678817770994,0.2572375164086944,-0.081391558095069,0.13501316598387342,-0.10957678834107759,0.012737442007691299,-0.012737442007691299,neutral
2012-05-03,2012,0.22017843995369688,-0.35391678817770994,0.2572375164086944,-0.10571398973691477,-0.16520772115008503,-0.10055648586349135,-0.04132983809430164,0.04132983809430164,neutral
2012-05-04,2012,0.2596978277830093,-0.35391678817770994,0.2572375164086944,-0.18721396157673276,0.014500788604398324,-0.06888114062266924,-0.013095959596834982,0.013095959596834982,neutral
2012-05-07,2012,0.26191799386144415,-0.35391678817770994,0.2572375164086944,-0.17730993009853135,0.6261409877070008,-0.06468384909168545,0.0915643217682021,-0.0915643217682021,neutral
2012-05-08,2012,0.27301882425361873,-0.35391678817770994,0.2572375164086944,-0.1982161623963615,1.0685689726359409,-0.03300850385086344,0.16894730981221986,-0.16894730981221986,neutral
2012-05-09,2012,0.2818994885673584,-0.35391678817770994,0.2572375164086944,-0.1787940393411922,0.6746870053248598,-0.023988201373277063,0.10952083023478891,-0.10952083023478891,neutral
2012-05-10,2012,0.27301882425361873,-0.35391678817770994,0.2572375164086944,-0.1983314015983366,-0.13451117173887162,-0.037622941658926434,-0.03235432708525524,0.03235432708525524,neutral
2012-05-11,2012,0.31928418432763134,-0.35391678817770994,0.2572375164086944,-0.22758816162006568,0.029540046096824618,0.0074785707290054475,0.005339227960730033,-0.005339227960730033,neutral
2012-05-14,2012,0.33926567903354576,-0.35391678817770994,0.2572375164086944,-0.2353485606081358,0.5450319793586778,0.07082926121064964,0.10384984787095364,-0.10384984787095364,neutral
2012-05-15,2012,0.3481463433472855,-0.35391678817770994,0.2572375164086944,-0.24798943200348503,0.7320799846741538,0.084464001496299,0.1366702709575396,-0.1366702709575396,neutral
2012-05-16,2012,0.36368750589632975,-0.35391678817770994,0.2572375164086944,-0.1926566010106038,0.5192943827080941,0.09348430397388541,0.11452171996644833,-0.11452171996644833,neutral
2012-05-17,2012,0.4125311596218981,-0.35391678817770994,0.2572375164086944,-0.2845490762781353,0.5104443245158591,0.15683499445552948,0.11643035509102263,-0.11643035509102263,neutral
2012-05-22,2012,0.48147640329970537,-0.35391678817770994,0.2572375164086944,-0.272614291344667,0.6327902895771688,0.06201753187160288,0.13449844360579907,-0.13449844360579907,neutral
2012-05-23,2012,0.5058982301624895,-0.35391678817770994,0.2572375164086944,-0.28299203025220737,0.3339090495670838,0.10691047112099515,0.09450774147155759,-0.09450774147155759,neutral
2012-05-24,2012,0.49701756584874984,-0.35391678817770994,0.2572375164086944,-0.2734661142362472,0.3111170315170001,0.079849563688236,0.08630646250812053,-0.08630646250812053,neutral
2012-05-25,2012,0.5343167875996271,-0.35391678817770994,0.2572375164086944,-0.2861951651064914,0.38915157723686356,0.09809874178194838,0.10644877829048867,-0.10644877829048867,neutral
2012-05-29,2012,0.5254361232858874,-0.35391678817770994,0.2572375164086944,-0.27036363037225436,0.36811726146687784,0.10711904425953474,0.10560492114517168,-0.10560492114517168,neutral
2012-05-30,2012,0.5520781162271066,-0.35391678817770994,0.2572375164086944,-0.28211715247328056,0.33400372499862,0.1836873287497489,0.11516212428886323,-0.11516212428886323,neutral
2012-05-31,2012,0.6075822681879794,-0.35391678817770994,0.2572375164086944,-0.31779486775750226,0.5954966957051309,0.2197685386600944,0.16806222717111452,-0.16806222717111452,neutral
2012-06-01,2012,0.6776202842865396,-0.16802364833744404,0.2572375164086944,-0.39645274602051944,1.3065998765903508,0.31878329277500494,0.33262742928377104,-0.33262742928377104,stressed
2012-06-04,2012,0.6798404503649745,-0.16802364833744404,0.2572375164086944,-0.38865244282812533,1.2911046132736599,0.26906734257901005,0.32342897191012826,-0.32342897191012826,stressed
2012-06-05,2012,0.6931614468355841,-0.16802364833744404,0.2572375164086944,-0.3642687023459868,0.5887342193103468,0.23298613266866455,0.20663782742330983,-0.20663782742330983,neutral
2012-06-06,2012,0.6554186235021905,-0.16802364833744404,0.2572375164086944,-0.357797251161235,0.7597359413135796,0.1608237128479737,0.2178991490956265,-0.2178991490956265,neutral
2012-06-07,2012,0.6309967966394064,-0.16802364833744404,0.2572375164086944,-0.36598284643411216,0.7531382353075955,0.16543815065603668,0.21213403404002948,-0.21213403404002948,neutral
2012-06-08,2012,0.6404411577819872,-0.16802364833744404,0.2572375164086944,-0.3872519733364422,0.5181277153987889,0.1790728909416859,0.17326727647621168,-0.17326727647621168,neutral
2012-06-11,2012,0.6293403273898125,-0.16802364833744404,0.2572375164086944,-0.35975754170962276,0.9793315187928954,0.21955996552155485,0.2596146896776484,-0.2596146896776484,stressed
2012-06-13,2012,0.6315604934682474,-0.16802364833744404,0.2572375164086944,-0.3594484862967871,0.8886823222988887,0.22878884113768083,0.24646617311321337,-0.24646617311321337,stressed
2012-06-19,2012,0.5670902031842391,-0.16802364833744404,0.2572375164086944,-0.38675630605825684,0.327211893904348,0.19732206903539828,0.1323469546894965,-0.1323469546894965,neutral
2012-06-26,2012,0.5277417633737181,-0.16802364833744404,0.2572375164086944,-0.45386268647398387,0.09955212764006996,0.18830176655781186,0.0751578065281444,-0.0751578065281444,neutral
2012-06-27,2012,0.5166409329815435,-0.16802364833744404,0.2572375164086944,-0.43324177377918566,0.8753748157189368,0.19291620436587487,0.2068173412264033,-0.2068173412264033,neutral
2012-06-29,2012,0.45548358119672305,-0.16802364833744404,0.2572375164086944,-0.40703627955780064,1.6055567269997961,0.1841044750268281,0.32122039528946617,-0.32122039528946617,stressed
2012-07-02,2012,0.3922085971345674,-0.12657248776658558,0.2572375164086944,-0.4873354921216279,0.3079575056448128,0.22878884113768083,0.09538074673959031,-0.09538074673959031,neutral
2012-07-03,2012,0.3788876006639578,-0.12657248776658558,0.2572375164086944,-0.4566638088435515,-0.05085141443100923,0.18830176655781186,0.03172319543155295,-0.03172319543155295,neutral
2012-07-09,2012,0.3589569587305104,-0.12657248776658558,0.2572375164086944,-0.49395391229691926,0.3620230922723186,0.2827020828646594,0.10673220836877967,-0.10673220836877967,neutral
2012-07-10,2012,0.35007629441677074,-0.12657248776658558,0.2572375164086944,-0.5215791005114631,1.3084256573235453,0.2827020828646594,0.25838166045593686,-0.25838166045593686,stressed
2012-07-12,2012,0.35229646049520563,-0.12657248776658558,0.2572375164086944,-0.4991816747913223,0.737029743658448,0.304939979350816,0.17095825622587602,-0.17095825622587602,neutral
2012-07-13,2012,0.3199157937206433,-0.12657248776658558,0.2572375164086944,-0.46493971543922336,1.3623832461287797,0.2868993743956432,0.2724872879079919,-0.2724872879079919,stressed
2012-07-16,2012,0.3154754615637734,-0.12657248776658558,0.2572375164086944,-0.4515579171063783,0.8594837224763736,0.300325541542753,0.19239863951977176,-0.19239863951977176,neutral
2012-07-17,2012,0.30881496332846875,-0.12657248776658558,0.2572375164086944,-0.42525812445311534,0.7516690744792902,0.27787907191805683,0.17396166898580154,-0.17396166898580154,neutral
2012-07-18,2012,0.30215446509316396,-0.12657248776658558,0.2572375164086944,-0.4083665951026945,0.7920914526963316,0.2686501963019309,0.18086575793847345,-0.18086575793847345,neutral
2012-07-19,2012,0.2843931364656846,-0.12657248776658558,0.2572375164086944,-0.36113260720984014,0.367165637320237,0.25060959134675814,0.11195013109415808,-0.11195013109415808,neutral
2012-07-20,2012,0.2586729679264272,-0.12657248776658558,0.2572375164086944,-0.35313198607208696,0.4681241497102562,0.29571110373469,0.1333402106568992,-0.1333402106568992,neutral
2012-07-23,2012,0.28087462871077623,-0.12657248776658558,0.2572375164086944,-0.3365221937529836,0.5416393137078738,0.31815757335938605,0.15580239177786023,-0.15580239177786023,neutral
2012-07-24,2012,0.2853149608676462,-0.12657248776658558,0.2572375164086944,-0.33186894876374745,0.5474155867511525,0.3452184807921452,0.1627908513815509,-0.1627908513815509,neutral
2012-07-25,2012,0.2853149608676462,-0.12657248776658558,0.2572375164086944,-0.24772719062457438,0.41755411359085826,0.35423878326973157,0.15667428262429509,-0.15667428262429509,neutral
2012-07-26,2012,0.27421413047547144,-0.12657248776658558,0.2572375164086944,-0.20993971789024504,-0.2725393638673358,0.3452184807921452,0.04460309302535744,-0.04460309302535744,neutral
2012-07-27,2012,0.21701888802807545,-0.12657248776658558,0.2572375164086944,-0.25585441952455185,0.14245930440813065,0.23718342419964836,0.07857870429223524,-0.07857870429223524,neutral
2012-07-30,2012,0.2125785558712058,-0.12657248776658558,0.2572375164086944,-0.2939554294227152,0.5676708875806257,0.2730560609714543,0.1483358506071132,-0.1483358506071132,neutral
2012-07-31,2012,0.2036978915574661,-0.12657248776658558,0.2572375164086944,-0.3121916075628734,0.17721784288962894,0.29109666592662703,0.08174763690882625,-0.08174763690882625,neutral
2012-08-01,2012,0.19037689508685643,-0.2879328820376219,0.2572375164086944,-0.12650813050571524,0.41708888212156975,0.22866590039802778,0.11315469691196854,-0.11315469691196854,neutral
2012-08-02,2012,0.19703739332216127,-0.2879328820376219,0.2572375164086944,-0.1331517936622568,0.23275742830803275,0.26936154811643626,0.08921820174257433,-0.08921820174257433,neutral
2012-08-03,2012,0.1420623169532002,-0.2879328820376219,0.2572375164086944,-0.09249617262091937,0.3775655478364176,0.18817882581815892,0.09743585872632166,-0.09743585872632166,neutral
2012-08-06,2012,0.13984215087476531,-0.2879328820376219,0.2572375164086944,-0.008196974468474708,0.20709231372732154,0.20160499296526865,0.08494118624499221,-0.08494118624499221,neutral
2012-08-07,2012,0.11986065616885105,-0.2879328820376219,0.2572375164086944,0.010948365972081542,0.18822657812149052,0.1567120537158765,0.07417538139156202,-0.07417538139156202,neutral
2012-08-08,2012,0.11542032401198112,-0.2879328820376219,0.2572375164086944,-0.023743016923410715,-0.30692803972492966,0.14790032437682968,-0.016340962314742847,0.016340962314742847,neutral
2012-08-09,2012,0.11986065616885105,-0.2879328820376219,0.2572375164086944,-0.0369740850343725,-0.28093304562686605,0.13888002189924334,-0.014976969703678608,0.014976969703678608,neutral
2012-08-10,2012,0.10976712418803382,-0.2879328820376219,0.2572375164086944,-0.03769845694233115,-0.2444981419717254,0.16132649152393946,-0.006966391471835129,0.006966391471835129,neutral
2012-08-14,2012,0.09644612771742421,-0.2879328820376219,0.2572375164086944,-0.03712688317627064,0.31523855087486163,0.09356993637277185,0.07290539435997659,-0.07290539435997659,neutral
2012-08-16,2012,0.08978562948211938,-0.2879328820376219,0.2572375164086944,-0.05690709427714097,0.10550620252616572,0.0037840578739874084,0.018578904996034006,-0.018578904996034006,neutral
2012-08-17,2012,0.06550012940119766,-0.2879328820376219,0.2572375164086944,-0.05150795406347336,-0.23927014713729503,0.021824662829160162,-0.03902477909988968,0.03902477909988968,neutral
2012-08-20,2012,0.058839631165893025,-0.2879328820376219,0.2572375164086944,-0.05273871353824494,-0.22159980386378553,0.021616089690620566,-0.03742969369574073,0.03742969369574073,neutral
2012-08-21,2012,0.052179132930588235,-0.2879328820376219,0.2572375164086944,-0.012134256972960777,-0.14177884677515212,0.048885570261919274,-0.01392396103075548,0.01392396103075548,neutral
2012-08-22,2012,0.06327996332276277,-0.2879328820376219,0.2572375164086944,-0.1394344382985484,-0.18216088721154539,0.1069961035198816,-0.03033577071606282,0.03033577071606282,neutral
2012-08-23,2012,0.06550012940119766,-0.2879328820376219,0.2572375164086944,-0.014256499111243881,0.11629818496225887,0.13405701095264075,0.045150576762654306,-0.045150576762654306,neutral
2012-08-24,2012,0.03677429716340617,-0.2879328820376219,0.2572375164086944,-0.061249716976162605,0.6257120132069925,0.13888002189924334,0.11823687494409198,-0.11823687494409198,neutral
2012-08-27,2012,0.03677429716340617,-0.2879328820376219,0.2572375164086944,-0.06037574042845364,0.036582161103785635,0.17034679400152575,0.02543869103522274,-0.02543869103522274,neutral
2012-08-28,2012,0.03899446324184106,-0.2879328820376219,0.2572375164086944,-0.026380646625299892,-0.08607690994924441,0.17034679400152575,0.011031389173315835,-0.011031389173315835,neutral
2012-08-30,2012,0.034554131084971317,-0.2879328820376219,0.2572375164086944,-0.08683474039958163,0.41053117515648163,0.1793670964791121,0.08448704944867598,-0.08448704944867598,neutral
2012-08-31,2012,0.03691062394526864,-0.2879328820376219,0.2572375164086944,-0.047040055493239245,1.2747773841932646,0.20601085763479202,0.23999390744185978,-0.23999390744185978,stressed
2012-09-04,2012,0.02802995963152895,-0.3073521353970301,0.2572375164086944,0.0736696694045112,0.15981139685626372,0.20283649725027467,0.06903881735904048,-0.06903881735904048,neutral
2012-09-05,2012,0.021369461396224126,-0.3073521353970301,0.2572375164086944,0.10542849353006158,0.33255132176160235,0.20745093505833767,0.102780932126315,-0.102780932126315,neutral
2012-09-06,2012,-0.003052365466560051,-0.3073521353970301,0.2572375164086944,0.0909356465033218,0.1120710867634217,0.14451739085377274,0.04905952327760341,-0.04905952327760341,neutral
2012-09-07,2012,-0.04065886201809112,-0.3073521353970301,0.2572375164086944,0.11774098503130699,0.4950670577520333,0.14430881771523316,0.11105722991535778,-0.11105722991535778,neutral
2012-09-10,2012,-0.053979858488700766,-0.3073521353970301,0.2572375164086944,0.20345528704402407,0.0851114370647008,0.1308826505681234,0.052559149533301965,-0.052559149533301965,neutral
2012-09-12,2012,-0.09172268182209438,-0.3073521353970301,0.2572375164086944,0.21559818303204767,0.016284151315400786,0.049699928269846115,0.023290826967810752,-0.023290826967810752,neutral
2012-09-13,2012,-0.09394284790052924,-0.3073521353970301,0.2572375164086944,0.1656893670043845,0.10195900835084148,0.06312609541695591,0.03111950064721949,-0.03111950064721949,neutral
2012-09-14,2012,-0.1639808639990895,-0.3073521353970301,0.2572375164086944,0.22567672737764008,0.644917192714952,-0.03588865869795462,0.1034349630678687,-0.1034349630678687,neutral
2012-09-18,2012,-0.1573203657637847,-0.3073521353970301,0.2572375164086944,0.20852996175709018,0.27352097599465086,0.004598415881914268,0.04653572814692248,-0.04653572814692248,neutral
2012-09-19,2012,-0.15510019968534983,-0.3073521353970301,0.2572375164086944,0.1892106386569218,0.281016339104828,0.04529406360032273,0.05171770378139784,-0.05171770378139784,neutral
2012-09-24,2012,-0.1425138480623727,-0.3073521353970301,0.2572375164086944,0.10638031467367724,0.5389361323997028,0.0903955759882546,0.09051392600182107,-0.09051392600182107,neutral
2012-09-25,2012,-0.12919285159176327,-0.3073521353970301,0.2572375164086944,0.09266700499495843,0.020378623414661734,0.12647678589860004,0.010035823954686869,-0.010035823954686869,neutral
2012-09-26,2012,-0.07590886570932516,-0.3073521353970301,0.2572375164086944,0.04320029844884621,-0.031145455832673308,0.17598416295605523,0.010335920145761216,-0.010335920145761216,neutral
2012-09-27,2012,-0.09145002825836945,-0.3073521353970301,0.2572375164086944,0.06305822487671511,-0.4042723594431604,0.14451739085377274,-0.056376898493229625,0.056376898493229625,neutral
2012-09-28,2012,-0.11120972217302577,-0.3073521353970301,0.2572375164086944,0.07010753009939551,0.31676790353590356,0.14871468238475657,0.0623776291431157,-0.0623776291431157,neutral
2012-10-01,2012,-0.05258861530556344,-0.4777895663935743,0.2572375164086944,0.21209952905319807,0.5162801437810589,0.17424987999508348,0.10491481458981618,-0.10491481458981618,neutral
2012-10-02,2012,-0.05036844922712857,-0.4777895663935743,0.2572375164086944,0.16547706966695122,0.14553888000155862,0.1650210043789575,0.034186075805909814,-0.034186075805909814,neutral
2012-10-03,2012,-0.059249113540868266,-0.4777895663935743,0.2572375164086944,0.12423712474759376,0.2323930492575365,0.1650210043789575,0.04030833580972327,-0.04030833580972327,neutral
2012-10-04,2012,-0.07257011001147769,-0.4777895663935743,0.2572375164086944,0.1428616195219927,-0.1972158701416597,0.11530505418296262,-0.03869522607217701,0.03869522607217701,neutral
2012-10-05,2012,-0.10295241149886325,-0.4777895663935743,0.2572375164086944,0.14916582733590925,0.5951672345992514,0.09306715769680618,0.08564929302470393,-0.08564929302470393,neutral
2012-10-09,2012,-0.1007322454204284,-0.4777895663935743,0.2572375164086944,0.16707808656776504,0.03460260899729517,0.0884527198887432,-0.005191813325250802,0.005191813325250802,neutral
2012-10-10,2012,-0.08963141502825363,-0.4777895663935743,0.2572375164086944,0.10268276393668828,0.1165678885812189,0.11572220046004184,0.004131564660802581,-0.004131564660802581,neutral
2012-10-15,2012,-0.1279379351904882,-0.4777895663935743,0.2572375164086944,0.07647137706961059,0.5890566306188116,0.138168670084738,0.07586778209963202,-0.07586778209963202,neutral
2012-10-16,2012,-0.1456992638179676,-0.4777895663935743,0.2572375164086944,0.086534576997851,0.6000410763131212,0.08425542835775941,0.06742996131098068,-0.06742996131098068,neutral
2012-10-17,2012,-0.17456142283762174,-0.4777895663935743,0.2572375164086944,0.08769191993970749,0.5635651573978289,0.03474805130030417,0.04848194263588981,-0.04848194263588981,neutral
2012-10-18,2012,-0.18122192107292634,-0.4777895663935743,0.2572375164086944,0.09897503495382472,0.6308774450304229,-0.0013331586100413333,0.05445755838606667,-0.05445755838606667,neutral
2012-10-19,2012,-0.17107753631964243,-0.4777895663935743,0.2572375164086944,0.07145580459178512,0.5123039432370378,0.06642339654112626,0.04309225967757115,-0.04309225967757115,neutral
2012-10-22,2012,-0.17773803455494705,-0.4777895663935743,0.2572375164086944,0.033910872777331014,0.3583412236245622,0.03957106224690673,0.005588845684828835,-0.005588845684828835,neutral
2012-10-23,2012,-0.1488758755352931,-0.4777895663935743,0.2572375164086944,0.012620102001220657,0.20202223481493098,0.06621482340258666,-0.014761794216905785,0.014761794216905785,neutral
2012-10-24,2012,-0.15331620769216303,-0.4777895663935743,0.2572375164086944,-0.015168827945674054,0.20136318512841825,0.05719452092500029,-0.021746563261549733,0.021746563261549733,neutral
2012-10-25,2012,-0.16663720416277247,-0.4777895663935743,0.2572375164086944,-0.02587598589285023,0.26682786927459445,0.01230158167560802,-0.022322631515050022,0.022322631515050022,neutral
2012-10-26,2012,-0.1488758755352931,-0.4777895663935743,0.2572375164086944,-0.012264432284016025,0.903376377313403,0.08425542835775941,0.10098990797782892,-0.10098990797782892,neutral
2012-10-29,2012,-0.13777504514311856,-0.4777895663935743,0.2572375164086944,-0.03638889704086087,2.1440926522321107,0.12914836760715157,0.31308750461173385,-0.31308750461173385,stressed
2012-10-30,2012,-0.2766261266632525,-0.4777895663935743,0.2572375164086944,-0.04668210877748232,1.2705964583315086,-0.47464529098974534,0.04201514698602476,-0.04201514698602476,neutral
2012-10-31,2012,-0.10003222180972493,-0.4777895663935743,0.2572375164086944,-0.031969497465741514,0.4102693262891933,0.13397137855375416,0.031947822597100196,-0.031947822597100196,neutral
2012-11-01,2012,-0.11335321828033436,-0.12257496411812237,0.2572375164086944,-0.21309944655843613,0.6981134925871849,0.09809874178194838,0.10073702030348915,-0.10073702030348915,neutral
2012-11-02,2012,-0.11731532761775898,-0.12257496411812237,0.2572375164086944,-0.2662833301568101,-0.1534729536695906,0.08886986616582242,-0.05225653216462753,0.05225653216462753,neutral
2012-11-05,2012,-0.11065482938245418,-0.12257496411812237,0.2572375164086944,-0.22340929545655366,1.0740933318051478,0.12474250293762819,0.16657237703239003,-0.16657237703239003,neutral
2012-11-06,2012,-0.12841615800993353,-0.12257496411812237,0.2572375164086944,-0.17871898496936792,0.7616416882598782,0.07544369901871262,0.11076879943164357,-0.11076879943164357,neutral
2012-11-07,2012,-0.09733383291184476,-0.12257496411812237,0.2572375164086944,-0.21579231665458096,2.142255067933935,0.15180341037038733,0.3525991468380781,-0.3525991468380781,stressed
2012-11-08,2012,-0.08845316859810504,-0.12257496411812237,0.2572375164086944,-0.21949497619817634,1.20719811879407,0.20592522523590548,0.20663962525404433,-0.20663962525404433,neutral
2012-11-09,2012,-0.06490231336481585,-0.12257496411812237,0.2572375164086944,-0.1920732600062116,1.5163804812087431,0.21053966304396843,0.26743452052870936,-0.26743452052870936,stressed
2012-11-13,2012,-0.0538014829726411,-0.12257496411812237,0.2572375164086944,-0.20760606890184494,0.7802513973115811,0.23739199733818794,0.14848306584430918,-0.14848306584430918,neutral
2012-11-14,2012,-0.04936115081577135,-0.12257496411812237,0.2572375164086944,-0.20990094198325968,0.9358719989389629,0.2237572570525386,0.1725049525805071,-0.1725049525805071,neutral
2012-11-15,2012,-0.02715949003142203,-0.12257496411812237,0.2572375164086944,-0.23474569431137896,0.7938522195685414,0.21935139238301524,0.1476601633165546,-0.1476601633165546,neutral
2012-11-16,2012,-0.01692963126874224,-0.12257496411812237,0.2572375164086944,-0.2272876172218045,0.6578562234986957,0.21053966304396843,0.12647353172378156,-0.12647353172378156,neutral
2012-11-19,2012,-0.04579179028839637,-0.12257496411812237,0.2572375164086944,-0.19915541087542632,0.6320875306468323,0.20131078742784247,0.12051894486690402,-0.12051894486690402,neutral
2012-11-20,2012,-0.0591127867590058,-0.12257496411812237,0.2572375164086944,-0.23475038955731764,0.5298861108716756,0.16103228598651328,0.08861962880540625,-0.08861962880540625,neutral
2012-11-21,2012,-0.07465394930805029,-0.12257496411812237,0.2572375164086944,-0.22772904283201953,0.2833192550016628,0.14278310789280096,0.043063653840827665,-0.043063653840827665,neutral
2012-11-27,2012,-0.09559188965285499,-0.12257496411812237,0.2572375164086944,-0.21603989483212663,0.47890759991517323,0.18788462028073272,0.08163716466691606,-0.08163716466691606,neutral
2012-11-28,2012,-0.0933717235744201,-0.12257496411812237,0.2572375164086944,-0.2080290972233059,0.2380042291066074,0.19690492275831908,0.04469514722629542,-0.04469514722629542,neutral
2012-11-29,2012,-0.1111330522018995,-0.12257496411812237,0.2572375164086944,-0.2149843636962312,0.7048311957158572,0.1922904849502561,0.11761113617642577,-0.11761113617642577,neutral
2012-11-30,2012,-0.10233786189755549,-0.12257496411812237,0.2572375164086944,-0.1507900969291719,1.0733570417578908,0.18788462028073272,0.19046270925041134,-0.19046270925041134,neutral
2012-12-03,2012,-0.11343869228973025,-0.396709554082835,0.2572375164086944,-0.10805820805205942,0.5119091295304216,0.18767604714219321,0.05643603977611408,-0.05643603977611408,neutral
2012-12-04,2012,-0.11787902444659998,-0.396709554082835,0.2572375164086944,-0.11246890040097311,1.1117041443489617,0.19669634961977947,0.15643008857450458,-0.15643008857450458,neutral
2012-12-05,2012,-0.13342018699564448,-0.396709554082835,0.2572375164086944,-0.12383288331923677,0.562211833209123,0.21473695457495223,0.06337061329917558,-0.06337061329917558,neutral
2012-12-06,2012,-0.1400806852309491,-0.396709554082835,0.2572375164086944,-0.1798838562579417,1.0724716908251777,0.2237572570525386,0.13946539478578082,-0.13946539478578082,neutral
2012-12-07,2012,-0.1655444317420194,-0.396709554082835,0.2572375164086944,-0.19362901851435352,0.609699890688141,0.17424987999508348,0.04755071379211848,-0.04755071379211848,neutral
2012-12-10,2012,-0.1677645978204543,-0.396709554082835,0.2572375164086944,-0.2054765373539792,0.3962466908700485,0.17865574466460687,0.010364877114346879,-0.010364877114346879,neutral
2012-12-11,2012,-0.18108559429106394,-0.396709554082835,0.2572375164086944,-0.20588281521088883,1.5726092122300281,0.14718897256232435,0.19889295626937653,-0.19889295626937653,neutral
2012-12-13,2012,-0.1988469229185433,-0.396709554082835,0.2572375164086944,-0.22012121363554726,0.9710769947942939,0.08005813682677561,0.08211582623213973,-0.08211582623213973,neutral
2012-12-14,2012,-0.2114678957784493,-0.396709554082835,0.2572375164086944,-0.19264048442048662,0.44719305753732663,0.07544369901871262,-0.0034906102195062147,0.0034906102195062147,neutral
2012-12-17,2012,-0.2048073975431447,-0.396709554082835,0.2572375164086944,-0.19064004931558134,0.9443245016378775,0.03034218663078077,0.07329120062263193,-0.07329120062263193,neutral
2012-12-19,2012,-0.23144939048436355,-0.396709554082835,0.2572375164086944,-0.0006044213996319048,-0.21638072780331533,0.008104290144624215,-0.09663371453613785,0.09663371453613785,neutral
2012-12-20,2012,-0.23144939048436355,-0.396709554082835,0.2572375164086944,-0.18854218868995845,0.37484249654181445,0.02153045729173399,-0.027181777169152353,0.027181777169152353,neutral
2012-12-21,2012,-0.2334477557715405,-0.396709554082835,0.2572375164086944,-0.2075415995606654,0.7280491236738373,0.04838279158595351,0.0326617537089074,-0.0326617537089074,neutral
2012-12-27,2012,-0.22900742361467052,-0.396709554082835,0.2572375164086944,-0.16945701104241861,2.171730452209279,0.08425542835775941,0.28634156803930144,-0.28634156803930144,stressed
2013-01-02,2013,-0.26543540542255,-0.10776663616193387,-1.2434124447998331,-0.03270477967497973,1.6017613769563597,-0.03106564775135205,-0.013103922809048195,0.013103922809048195,neutral
2013-01-03,2013,-0.28763706620689933,-0.10776663616193387,-1.2434124447998331,-0.15347704942768958,1.765718402341604,-0.08518746261687017,-0.01862704281193704,0.01862704281193704,neutral
2013-01-07,2013,-0.3154064528058004,-0.10776663616193387,-1.2434124447998331,-0.14712195348176835,0.8304922473274745,-0.08959332728639356,-0.17880142786804246,0.17880142786804246,neutral
2013-01-08,2013,-0.3154064528058004,-0.10776663616193387,-1.2434124447998331,-0.12446470339650835,-0.22932111354606688,-0.0717612954697604,-0.34868877436331713,0.34868877436331713,healthy
2013-01-09,2013,-0.322066951041105,-0.10776663616193387,-1.2434124447998331,-0.1397321794963603,-0.31249272074044027,-0.0717612954697604,-0.36620537128490555,0.36620537128490555,healthy
2013-01-11,2013,-0.35292747534793584,-0.10776663616193387,-1.2434124447998331,-0.13149591731172347,0.41487623803949536,-0.06714685766169744,-0.24797884887393806,0.24797884887393806,neutral
2013-01-22,2013,-0.37617105578057125,-0.10776663616193387,-1.2434124447998331,-0.08841106753390089,-0.030077883506023695,-0.03568008555941502,-0.31358652889027966,0.31358652889027966,healthy
2013-01-23,2013,-0.38283155401587604,-0.10776663616193387,-1.2434124447998331,-0.08995076800856246,0.11897612425099835,-0.03568008555941502,-0.2901108940491037,0.2901108940491037,neutral
2013-01-24,2013,-0.38949205225118066,-0.10776663616193387,-1.2434124447998331,-0.10486050108945344,0.12047505819026394,-0.06756400393877661,-0.29877009667515225,0.29877009667515225,healthy
2013-01-25,2013,-0.4189179080996756,-0.10776663616193387,-1.2434124447998331,-0.10976969412066478,0.20462088537007084,-0.13469483967432536,-0.30165677291439363,0.30165677291439363,healthy
2013-01-29,2013,-0.407817077707501,-0.10776663616193387,-1.2434124447998331,-0.08100981366955896,-0.039485461486475026,-0.17497334111565466,-0.34241079582349276,0.34241079582349276,healthy
2013-01-30,2013,-0.3944960812368916,-0.10776663616193387,-1.2434124447998331,-0.095569568832844,0.1600165209600562,-0.18881665453984361,-0.31167414410188166,0.31167414410188166,healthy
2013-01-31,2013,-0.3700742543741074,-0.10776663616193387,-1.2434124447998331,-0.10373140923250766,-0.07436844851046989,-0.1797963520622572,-0.3465249241901849,0.3465249241901849,healthy
2013-02-01,2013,-0.3763420037993626,-0.3138306386135971,-1.2434124447998331,0.019112246808672722,-0.2041543750087801,-0.19639687959388438,-0.3858373491677975,0.3858373491677975,healthy
2013-02-04,2013,-0.3608008412503183,-0.3138306386135971,-1.2434124447998331,0.0004678817966391839,0.18309704859324433,-0.16513868063014148,-0.31660294581733445,0.31660294581733445,healthy
2013-02-05,2013,-0.3608008412503183,-0.3138306386135971,-1.2434124447998331,-0.003930143754308779,-0.2676548937464016,-0.191991014924361,-0.3969366628481367,0.3969366628481367,healthy
2013-02-06,2013,-0.35414034301501346,-0.3138306386135971,-1.2434124447998331,0.17029495544420903,-0.25418737506852124,-0.15590980501401552,-0.35853094184446194,0.35853094184446194,healthy
2013-02-07,2013,-0.34525967870127383,-0.3138306386135971,-1.2434124447998331,-0.03796912617159572,-0.41981752492527524,-0.15611837815255508,-0.41940129856068836,0.41940129856068836,healthy
2013-02-08,2013,-0.347958067599154,-0.3138306386135971,-1.2434124447998331,-0.04034656536054106,-0.6169714635347638,-0.15611837815255508,-0.45310625967674073,0.45310625967674073,healthy
2013-02-11,2013,-0.3523983997560239,-0.3138306386135971,-1.2434124447998331,-0.04044223190297517,-0.5937415522107116,-0.13807777319738235,-0.4469838400800872,0.4469838400800872,healthy
2013-02-12,2013,-0.35683873191289367,-0.3138306386135971,-1.2434124447998331,-0.0533933661130794,-0.3728545201398418,-0.15590980501401552,-0.41603991776554344,0.41603991776554344,healthy
2013-02-13,2013,-0.37237989446193814,-0.3138306386135971,-1.2434124447998331,-0.049831913512779304,-0.29673252803000505,-0.17856484777725123,-0.4091253778659007,0.4091253778659007,healthy
2013-02-14,2013,-0.37237989446193814,-0.3138306386135971,-1.2434124447998331,-0.029552482893641707,-0.4690537043652713,-0.13828634633592196,-0.4277525852450339,0.4277525852450339,healthy
2013-02-15,2013,-0.37594925498931314,-0.3138306386135971,-1.2434124447998331,-0.04797593728066061,0.08754257544433597,-0.14248363786690574,-0.3393515563509956,0.3393515563509956,healthy
2013-02-19,2013,-0.3848299193030528,-0.3138306386135971,-1.2434124447998331,-0.036674145388601996,-0.67279612333572,-0.1517125134830317,-0.4672092974873061,0.4672092974873061,healthy
2013-02-20,2013,-0.3848299193030528,-0.3138306386135971,-1.2434124447998331,-0.055068917947861874,-0.28870733800102744,-0.1519210866215713,-0.40629505754782397,0.40629505754782397,healthy
2013-02-21,2013,-0.36928875675400835,-0.3138306386135971,-1.2434124447998331,-0.05883955828295014,0.2285094917065399,-0.1250687523273519,-0.3136551098452001,0.3136551098452001,healthy
2013-02-22,2013,-0.37507828335981835,-0.3138306386135971,-1.2434124447998331,-0.06871310454498847,-0.016938195972639625,-0.10241370956411616,-0.35339772947583215,0.35339772947583215,healthy
2013-02-25,2013,-0.37507828335981835,-0.3138306386135971,-1.2434124447998331,-0.07704768207481978,1.4602167162454107,-0.034865727551488146,-0.09733634335902426,0.09733634335902426,neutral
2013-02-26,2013,-0.36397745296764383,-0.3138306386135971,-1.2434124447998331,-0.08483725661546833,1.8387210143155368,-0.026053998212441365,-0.03223179614890783,0.03223179614890783,neutral
2013-02-27,2013,-0.37285811728138335,-0.3138306386135971,-1.2434124447998331,-0.0732330043057841,0.4488803579890967,-0.057103624037644705,-0.26859291184152434,0.26859291184152434,neutral
2013-02-28,2013,-0.37285811728138335,-0.3138306386135971,-1.2434124447998331,-0.08479884733900005,0.907101341462856,-0.048291894698597924,-0.19268176687825925,0.19268176687825925,neutral
2013-03-01,2013,-0.36841778512451356,-0.4038547405218031,-1.2434124447998331,-0.3386872463317365,1.6180633640173239,-0.027076929358907837,-0.1272309636865784,0.1272309636865784,neutral
2013-03-04,2013,-0.37285811728138335,-0.4038547405218031,-1.2434124447998331,-0.34204760469687007,0.1823145984521794,-0.049731972122143454,-0.3715983801616423,0.3715983801616423,healthy
2013-03-05,2013,-0.38617911375199293,-0.4038547405218031,-1.2434124447998331,-0.350524436718698,0.009755508113080902,-0.07637573327782339,-0.40843182682617835,0.40843182682617835,healthy
2013-03-06,2013,-0.3950597780657326,-0.4038547405218031,-1.2434124447998331,-0.3638278841612211,0.23833035061799995,-0.1126655163267085,-0.38008166887621647,0.38008166887621647,healthy
2013-03-07,2013,-0.4106009406147771,-0.4038547405218031,-1.2434124447998331,-0.33186728191132014,-0.38542199460092125,-0.15776702871464024,-0.4888207385272158,0.4888207385272158,healthy
2013-03-08,2013,-0.425749354353772,-0.4038547405218031,-1.2434124447998331,-0.3375230590616094,-0.461355636132598,-0.20265996796403254,-0.5124258671389413,0.5124258671389413,healthy
2013-03-11,2013,-0.4279695204322069,-0.4038547405218031,-1.2434124447998331,-0.31988216713206014,-0.3720064264613208,-0.21168027044161894,-0.49646759496480714,0.49646759496480714,healthy
2013-03-12,2013,-0.425749354353772,-0.4038547405218031,-1.2434124447998331,-0.32918148894521604,-0.36025354643053054,-0.17559906053127342,-0.4896751059304047,0.4896751059304047,healthy
2013-03-14,2013,-0.4368501847459465,-0.4038547405218031,-1.2434124447998331,-0.33105328212319834,-0.8749715777168385,-0.1846193630088598,-0.5791269321527466,0.5791269321527466,healthy
2013-03-15,2013,-0.4373284075653918,-0.4038547405218031,-1.2434124447998331,-0.308930228469113,-0.5018197070892951,-0.17119319586175,-0.5110897873845311,0.5110897873845311,healthy
2013-03-18,2013,-0.4262275771732173,-0.4038547405218031,-1.2434124447998331,-0.2818594719541698,-0.23566859937673856,-0.13028897500480197,-0.4535519681384273,0.4535519681384273,healthy
2013-03-19,2013,-0.4240074110947822,-0.4038547405218031,-1.2434124447998331,-0.29772055967938155,-0.030125753232935815,-0.1034366407105825,-0.4170929250065531,0.4170929250065531,healthy
2013-03-20,2013,-0.4284477432516521,-0.4038547405218031,-1.2434124447998331,-0.3104627518150276,-0.058045252438409745,-0.13028897500480197,-0.4290853179719212,0.4290853179719212,healthy
2013-03-21,2013,-0.4284477432516521,-0.4038547405218031,-1.2434124447998331,-0.3068824381184249,0.1441920715398609,-0.11665423471915258,-0.39250992164516746,0.39250992164516746,healthy
2013-03-22,2013,-0.4280549944416025,-0.4038547405218031,-1.2434124447998331,-0.2726842007229685,-0.29918894029776005,-0.1032280675720429,-0.458403898059335,0.458403898059335,healthy
2013-03-26,2013,-0.4280549944416025,-0.4038547405218031,-1.2434124447998331,-0.20622427117980274,0.09999963310184701,-0.09882220290251952,-0.3800615034572857,0.3800615034572857,healthy
2013-03-27,2013,-0.4213944962062979,-0.4038547405218031,-1.2434124447998331,-0.24832526002253164,0.2432120630178859,-0.044908961175540996,-0.35311397328468686,0.35311397328468686,healthy
2013-03-28,2013,-0.42361466228473277,-0.4038547405218031,-1.2434124447998331,-0.22701561612922913,-0.6379579255121814,-0.05372069051458778,-0.49826267996039464,0.49826267996039464,healthy
2013-03-29,2013,-0.49570806897766745,-0.4038547405218031,-1.2434124447998331,-0.20622427117980274,-0.20921076461306534,-0.5097209435481592,-0.5113552056067219,0.5113552056067219,healthy
2013-04-01,2013,-0.789473626436703,0.07545542754731135,-1.2434124447998331,-0.37699550093932643,-0.3118852828524556,-0.04367745689053493,-0.4483314807285903,0.4483314807285903,healthy
2013-04-02,2013,-0.7961341246720078,0.07545542754731135,-1.2434124447998331,-0.3671122632249157,-0.5243546823659948,-0.05689505089910509,-0.4854088564024243,0.4854088564024243,healthy
2013-04-03,2013,-0.789473626436703,0.07545542754731135,-1.2434124447998331,-0.3914885602517166,-0.4087937736039178,-0.020813840988759713,-0.4630878030889365,0.4630878030889365,healthy
2013-04-04,2013,-0.7850332942798334,0.07545542754731135,-1.2434124447998331,-0.42275966135800763,-0.30898791271862003,0.019464660452569577,-0.4442122041927355,0.4442122041927355,healthy
2013-04-05,2013,-0.7811566589518044,0.07545542754731135,-1.2434124447998331,-0.4129893366520923,-0.27926797040544776,0.08281535093421381,-0.42642593872127543,0.42642593872127543,healthy
2013-04-08,2013,-0.7922574893439789,0.07545542754731135,-1.2434124447998331,-0.4039407498306826,-0.6690793845463795,0.0467341410238683,-0.4977500833249491,0.4977500833249491,healthy
2013-04-09,2013,-0.7989179875792839,0.07545542754731135,-1.2434124447998331,-0.40684726579343583,-0.6586199915456548,0.024287671399172168,-0.5013424317952874,0.5013424317952874,healthy
2013-04-15,2013,-0.8315204551451041,0.07545542754731135,-1.2434124447998331,-0.4732040087943968,0.2780054557066241,0.06918061064856446,-0.35424923580613904,0.35424923580613904,healthy
2013-04-16,2013,-0.833740621223539,0.07545542754731135,-1.2434124447998331,-0.47607883765340137,-0.9032295205395293,0.0513485788319313,-0.5549429029728433,0.5549429029728433,healthy
2013-04-17,2013,-0.8293002890666693,0.07545542754731135,-1.2434124447998331,-0.49811104196600425,-0.20925385642369046,0.06938918378710401,-0.4392055034869637,0.4392055034869637,healthy
2013-04-18,2013,-0.8293002890666693,0.07545542754731135,-1.2434124447998331,-0.4968436681560508,-0.4089797530038145,0.074003621595167,-0.47151285098064816,0.47151285098064816,healthy
2013-04-19,2013,-0.8472325657129399,0.07545542754731135,-1.2434124447998331,-0.48671640141015465,-0.5737805992118472,0.06498331911758064,-0.5017838774116472,0.5017838774116472,healthy
2013-04-22,2013,-0.8538930639482446,0.07545542754731135,-1.2434124447998331,-0.45439352391138765,-0.563685939935715,0.074003621595167,-0.494320987242117,0.494320987242117,healthy
2013-04-23,2013,-0.8627737282619844,0.07545542754731135,-1.2434124447998331,-0.4106578961627087,-0.2584018283561263,0.0513485788319313,-0.4414069818669017,0.4414069818669017,healthy
2013-04-24,2013,-0.8738745586541589,0.07545542754731135,-1.2434124447998331,-0.38339475936857664,-0.13002048317095366,0.06477474597904104,-0.41507867874452825,0.41507867874452825,healthy
2013-04-25,2013,-0.8849753890463333,0.07545542754731135,-1.2434124447998331,-0.3508559704764616,-0.7909122484114883,0.0513485788319313,-0.5238920077258123,0.5238920077258123,healthy
2013-04-26,2013,-0.9047350829609897,0.07545542754731135,-1.2434124447998331,-0.3545198517095236,-0.40611722114287463,0.08281535093421381,-0.4584189703552826,0.4584189703552826,healthy
2013-04-29,2013,-0.9202762455100341,0.07545542754731135,-1.2434124447998331,-0.34126084678102675,-0.2758602408621155,0.07358647531808783,-0.4386279791812684,0.4386279791812684,healthy
2013-04-30,2013,-0.9158359133531645,0.07545542754731135,-1.2434124447998331,-0.339353935254145,-0.4996518203389888,0.08281535093421381,-0.47333055587743433,0.47333055587743433,healthy
2013-05-01,2013,-0.926936743745339,-0.25027665625891016,-1.2434124447998331,-0.19811748144132993,-0.4790400111450357,0.09068978152568063,-0.5011822593107945,0.5011822593107945,healthy
2013-05-02,2013,-0.9380375741375134,-0.25027665625891016,-1.2434124447998331,-0.15481702092070643,-0.3283892975564117,0.08628391685615726,-0.47144151280286956,0.47144151280286956,healthy
2013-05-03,2013,-0.9768223171191934,-0.25027665625891016,-1.2434124447998331,-0.1224416788632449,-0.3708342915129516,-0.012730837258753161,-0.4960863709688144,0.4960863709688144,healthy
2013-05-06,2013,-0.9834828153544981,-0.25027665625891016,-1.2434124447998331,-0.11287269092239682,-0.6740198860169615,-0.03517730688344928,-0.5498736333726749,0.5498736333726749,healthy
2013-05-07,2013,-0.9968038118251078,-0.25027665625891016,-1.2434124447998331,-0.10644293457643494,-0.3249449882383915,-0.05321791183862201,-0.49584979125621653,0.49584979125621653,healthy
2013-05-08,2013,-0.9968038118251078,-0.25027665625891016,-1.2434124447998331,-0.10814648465539693,-0.7434491420151822,-0.04419760936103567,-0.5643810248192443,0.5643810248192443,healthy
2013-05-09,2013,-0.9990239779035425,-0.25027665625891016,-1.2434124447998331,-0.09584483968561645,-0.9488781680235528,-0.04419760936103567,-0.5969389493387486,0.5969389493387486,healthy
2013-05-10,2013,-1.0057699501482429,-0.25027665625891016,-1.2434124447998331,-0.07296208532728943,-0.7110417119628387,-0.106922580427061,-0.5650642381540293,0.5650642381540293,healthy
2013-05-13,2013,-0.9791279572070243,-0.25027665625891016,-1.2434124447998331,-0.09821454408257058,-0.8215558151308215,-0.12978619632883628,-0.5870622689679993,0.5870622689679993,healthy
2013-05-14,2013,-0.9791279572070243,-0.25027665625891016,-1.2434124447998331,-0.11145834673644606,0.12997492448964376,-0.15663853062305574,-0.43515650185593757,0.43515650185593757,healthy
2013-05-15,2013,-0.976907791128589,-0.25027665625891016,-1.2434124447998331,-0.15637083320434916,-0.7281179556734435,-0.14300379033740637,-0.5830149119004219,0.5830149119004219,healthy
2013-05-21,2013,-0.9764295683091438,-0.25027665625891016,-1.2434124447998331,0.011722618566550361,-0.7322633620917287,-0.14300379033740637,-0.5556105338717453,0.5556105338717453,healthy
2013-05-22,2013,-0.9941908969366233,-0.25027665625891016,-1.2434124447998331,-0.020521551697737228,-0.5029344397946649,-0.2241865126356837,-0.5392537503539088,0.5392537503539088,healthy
2013-05-23,2013,-0.9608884057600995,-0.25027665625891016,-1.2434124447998331,-0.023945725497012637,-0.5575326110620193,-0.210760345488574,-0.5411360314777415,0.5411360314777415,healthy
2013-05-24,2013,-0.9407359630353938,-0.25027665625891016,-1.2434124447998331,-0.03822091781408234,-0.5059476943711324,-0.206145907680511,-0.5307899306599771,0.5307899306599771,healthy
2013-05-28,2013,-0.962937623819743,-0.25027665625891016,-1.2434124447998331,-0.013674764041100925,-0.6214860550974495,-0.31418096427300785,-0.5676614180483408,0.5676614180483408,healthy
2013-05-29,2013,-0.9185343022510445,-0.25027665625891016,-1.2434124447998331,-0.011434150703932425,-0.4852285489000672,-0.29152592150977213,-0.5334020040705932,0.5334020040705932,healthy
2013-05-30,2013,-0.9207544683294794,-0.25027665625891016,-1.2434124447998331,-0.017075398703981243,-0.6047636098333091,-0.29131734837123247,-0.5545999877161242,0.5545999877161242,healthy
2013-05-31,2013,-0.8814060285189586,-0.25027665625891016,-1.2434124447998331,-0.02708836820922959,-0.3873181612280998,-0.3229926936120546,-0.518749058771181,0.518749058771181,healthy
2013-06-03,2013,-0.8503237034208698,-0.11004890220346489,-1.2434124447998331,0.15152957733929776,-0.2350570806773859,-0.3032178056959101,-0.43175505990969437,0.43175505990969437,healthy
2013-06-04,2013,-0.8436632051855648,-0.11004890220346489,-1.2434124447998331,0.1479654004634632,-0.4410993509525576,-0.3074150972268939,-0.4662789333174751,0.4662789333174751,healthy
2013-06-05,2013,-0.7903792193031268,-0.11004890220346489,-1.2434124447998331,0.16319862760357112,-0.31789506628279124,-0.2761568982631509,-0.42911565054146594,0.42911565054146594,healthy
2013-06-06,2013,-0.7792783889109524,-0.11004890220346489,-1.2434124447998331,0.16618895543496012,-0.4103805763109921,-0.25811629330797814,-0.4391746083497101,0.4391746083497101,healthy
2013-06-07,2013,-0.7958268498713541,-0.11004890220346489,-1.2434124447998331,0.2298858477356335,-0.5115773414445954,-0.33447600465965294,-0.46090928254054453,0.46090928254054453,healthy
2013-06-10,2013,-0.8024873481066587,-0.11004890220346489,-1.2434124447998331,0.2784188189928414,-0.37940404954785023,-0.37517165237806127,-0.43868426300717117,0.43868426300717117,healthy
2013-06-11,2013,-0.7536436943810906,-0.11004890220346489,-1.2434124447998331,0.24982686721230793,-0.18488222887304487,-0.3479021718067627,-0.3983437624753147,0.3983437624753147,healthy
2013-06-12,2013,-0.7669646908517002,-0.11004890220346489,-1.2434124447998331,0.26607943308214677,-0.08029516926690136,-0.3930036841946946,-0.3879409097057413,0.3879409097057413,healthy
2013-06-13,2013,-0.7469831961457857,-0.11004890220346489,-1.2434124447998331,0.265708518246672,-0.5280311152433756,-0.3481107449453024,-0.45181298084851496,0.45181298084851496,healthy
2013-06-14,2013,-0.7368896641649684,-0.11004890220346489,-1.2434124447998331,0.2662141974636254,-0.1294472538793933,-0.3168525459815594,-0.37840610226093224,0.37840610226093224,healthy
2013-06-17,2013,-0.7524308267140128,-0.11004890220346489,-1.2434124447998331,0.3105300157899353,-0.007836239840676662,-0.3711829339856172,-0.36239688862561154,0.36239688862561154,healthy
2013-06-21,2013,-0.7055509170386923,-0.11004890220346489,-1.2434124447998331,0.11026249167183025,0.016254732878536363,-0.6180940998572747,-0.425098189891483,0.425098189891483,healthy
2013-06-26,2013,-0.661147595469994,-0.11004890220346489,-1.2434124447998331,0.14795313299885224,-0.24629448833371176,-0.6361347048124474,-0.4581808337700999,0.4581808337700999,healthy
2013-06-28,2013,-0.6805653933470673,-0.11004890220346489,-1.2434124447998331,0.16003832043898464,0.06035318929886243,-0.6317288401429239,-0.4075606784592403,0.4075606784592403,healthy
2013-07-02,2013,-0.6507638368223984,-0.20526086346315356,-1.2434124447998331,0.23166862959431925,-0.1885935000233212,-0.6092823705182279,-0.4442740643387692,0.4442740643387692,healthy
2013-07-03,2013,-0.6507638368223984,-0.20526086346315356,-1.2434124447998331,0.2419643974333483,-0.3302700774856543,-0.6273229754734005,-0.469177633435182,0.469177633435182,healthy
2013-07-05,2013,-0.6751856636851826,-0.20526086346315356,-1.2434124447998331,0.2355574372355862,0.5077391267035205,-0.8026974409399856,-0.36387664149150806,0.36387664149150806,healthy
2013-07-08,2013,-0.659644501136138,-0.20526086346315356,-1.2434124447998331,0.19549644045845804,0.1870756362498732,-0.7399724698739601,-0.4109530337607923,0.4109530337607923,healthy
2013-07-09,2013,-0.6751856636851826,-0.20526086346315356,-1.2434124447998331,0.21689278850392954,0.06262502492876143,-0.7443783345434835,-0.43145324884316033,0.43145324884316033,healthy
2013-07-10,2013,-0.688506660155792,-0.20526086346315356,-1.2434124447998331,0.3073426379331869,-0.5764933767734826,-0.7848654091233525,-0.5318660193970711,0.5318660193970711,healthy
2013-07-15,2013,-0.7445745089455061,-0.20526086346315356,-1.2434124447998331,0.2805011524609013,-0.5260922237229412,-0.6860592281469815,-0.5208163527695857,0.5208163527695857,healthy
2013-07-16,2013,-0.7556753393376807,-0.20526086346315356,-1.2434124447998331,0.26604315657347405,-0.351521791662224,-0.6724244878613321,-0.4937086284251249,0.4937086284251249,healthy
2013-07-17,2013,-0.7645560036514203,-0.20526086346315356,-1.2434124447998331,0.2770154960103199,-0.5679995200746643,-0.6545924560446993,-0.5264676320039084,0.5264676320039084,healthy
2013-07-18,2013,-0.7889778305142044,-0.20526086346315356,-1.2434124447998331,0.3217256810595381,-0.7602693591716589,-0.6906736659550446,-0.5611447471407262,0.5611447471407262,healthy
2013-07-19,2013,-0.8073883299799206,-0.20526086346315356,-1.2434124447998331,0.30871058392990997,-0.5313044771853394,-0.6365518510895266,-0.5192012304313106,0.5192012304313106,healthy
2013-07-22,2013,-0.8140488282152253,-0.20526086346315356,-1.2434124447998331,0.31825116022477623,0.1783753323569428,-0.6321459864200031,-0.3997069383860827,0.3997069383860827,healthy
2013-07-23,2013,-0.82070932645053,-0.20526086346315356,-1.2434124447998331,0.2631377763879728,-0.713797907831578,-0.6634041853837459,-0.5639078252568113,0.5639078252568113,healthy
2013-07-24,2013,-0.8096084960583555,-0.20526086346315356,-1.2434124447998331,0.23013848472875695,-0.3167710919980536,-0.7265463027268505,-0.511910119052915,0.511910119052915,healthy
2013-07-25,2013,-0.7874068352740061,-0.20526086346315356,-1.2434124447998331,0.2123755026610644,-0.7419290149991643,-0.7401810430124999,-0.5843024498145988,0.5843024498145988,healthy
2013-07-26,2013,-0.7889269777417377,-0.20526086346315356,-1.2434124447998331,0.20786808183718844,-0.9938889588978157,-0.7133287087182802,-0.6228249786306054,0.6228249786306054,healthy
2013-07-29,2013,-0.7933673098986075,-0.20526086346315356,-1.2434124447998331,0.20610508579200973,-0.09341979290775698,-0.7311607405349134,-0.4767526776353758,0.4767526776353758,healthy
2013-07-30,2013,-0.8000278081339123,-0.20526086346315356,-1.2434124447998331,0.19469716974292398,-0.5538240657641029,-0.7447954808205627,-0.55877058220644,0.55877058220644,healthy
2013-07-31,2013,-0.7889269777417377,-0.20526086346315356,-1.2434124447998331,0.22025383227636233,-0.5374027749942989,-0.7269634490039297,-0.5469521129544317,0.5469521129544317,healthy
2013-08-01,2013,-0.8066883063692171,-0.20813667216601334,-1.2434124447998331,0.04492663756044122,-0.45569318322475105,-0.8406358745509559,-0.5849399739250548,0.5849399739250548,healthy
2013-08-02,2013,-0.7930600350979536,-0.20813667216601334,-1.2434124447998331,0.02063788718609753,-0.8241574984093847,-0.7644847363378208,-0.635435583270818,0.635435583270818,healthy
2013-08-05,2013,-0.7930600350979536,-0.20813667216601334,-1.2434124447998331,-0.00018592160799313362,-0.772791012278682,-0.7869312059625169,-0.634086215318832,0.634086215318832,healthy
2013-08-06,2013,-0.7886197029410841,-0.20813667216601334,-1.2434124447998331,-0.01926794849125831,-0.7358584100596208,-0.7913370706320402,-0.6311053748483083,0.6311053748483083,healthy
2013-08-07,2013,-0.7775188725489094,-0.20813667216601334,-1.2434124447998331,-0.0300456194051457,-0.39151926025628075,-0.7328093910969987,-0.5639070433788635,0.5639070433788635,healthy
2013-08-08,2013,-0.7797390386273442,-0.20813667216601334,-1.2434124447998331,-0.047387073413384606,-0.5513659438632438,-0.7149773592803653,-0.5908364220250307,0.5908364220250307,healthy
2013-08-09,2013,-0.7864850108720448,-0.20813667216601334,-1.2434124447998331,-0.022172683887058203,-0.36744536793376337,-0.6967281811866531,-0.5540633934742277,0.5540633934742277,healthy
2013-08-12,2013,-0.7909253430289146,-0.20813667216601334,-1.2434124447998331,-0.00767418103416595,-0.5658463106741014,-0.7284035264274751,-0.5907330796884173,0.5907330796884173,healthy
2013-08-13,2013,-0.8042463394995242,-0.20813667216601334,-1.2434124447998331,0.0002296630868895977,-0.5906476220729477,-0.809377675587213,-0.6092651818397735,0.6092651818397735,healthy
2013-08-14,2013,-0.8109068377348287,-0.20813667216601334,-1.2434124447998331,0.00456741625993413,-0.6715292970214706,-0.8137835402567365,-0.623866895953158,0.623866895953158,healthy
2013-08-19,2013,-0.805117311129019,-0.20813667216601334,-1.2434124447998331,0.01953926870701182,0.07803414504509212,-0.9534939420900551,-0.5187644927388028,0.5187644927388028,healthy
2013-08-20,2013,-0.7851358164231046,-0.20813667216601334,-1.2434124447998331,-0.029913592215913415,-0.1408155620678469,-0.9081838565635837,-0.5525996573727159,0.5525996573727159,healthy
2013-08-21,2013,-0.7917963146584094,-0.20813667216601334,-1.2434124447998331,-0.11762195354828336,-0.1796928621861585,-0.9440564933353898,-0.5807861234490146,0.5807861234490146,healthy
2013-08-22,2013,-0.8006769789721488,-0.20813667216601334,-1.2434124447998331,-0.015421771336847153,-0.33373009630701833,-0.9570655142054202,-0.5930739129645469,0.5930739129645469,healthy
2013-08-23,2013,-0.7908398690195187,-0.20813667216601334,-1.2434124447998331,0.0020376243602911646,-0.7494995860315736,-0.8941319700008553,-0.6473304862762506,0.6473304862762506,healthy
2013-08-26,2013,-0.7908398690195187,-0.20813667216601334,-1.2434124447998331,-0.007545361794046579,-0.0331263628981715,-0.8580507600905097,-0.5235185784613489,0.5235185784613489,healthy
2013-08-27,2013,-0.7752987064704744,-0.20813667216601334,-1.2434124447998331,0.018760648363571237,-0.19164538274733317,-0.8043460915020707,-0.534013108220359,0.534013108220359,healthy
2013-08-28,2013,-0.7863995368626492,-0.20813667216601334,-1.2434124447998331,0.029399419917673458,-0.39417429683516436,-0.8580507600905097,-0.5767957151394161,0.5767957151394161,healthy
2013-08-29,2013,-0.7886197029410841,-0.20813667216601334,-1.2434124447998331,0.004035624931658839,-0.1763230833108665,-0.8400101551353369,-0.5420777389035792,0.5420777389035792,healthy
2013-08-30,2013,-1.0137043001043036,-0.20813667216601334,-1.2434124447998331,-0.0018340393961673491,-0.13114513493519517,-0.8626651978985729,-0.5768162982166809,0.5768162982166809,healthy
2013-09-03,2013,-0.800113282143308,0.07617019230748606,-1.2434124447998331,-0.22267356575285271,0.4584519970101563,-0.9207757311565352,-0.4420588057558144,0.4420588057558144,healthy
2013-09-05,2013,-0.8223149429276573,0.07617019230748606,-1.2434124447998331,-0.17792801707668815,0.012812842541812502,-0.9874894206150047,-0.5236936317616474,0.5236936317616474,healthy
2013-09-06,2013,-0.8107358897160374,0.07617019230748606,-1.2434124447998331,-0.10803471173397705,0.4472327178384705,-0.9790948375530372,-0.436312495609488,0.436312495609488,healthy
2013-09-09,2013,-0.8040753914807327,0.07617019230748606,-1.2434124447998331,-0.1223833070462309,-0.4988700636117719,-0.9476280654507546,-0.5900331800136395,0.5900331800136395,healthy
2013-09-10,2013,-0.8173963879513422,0.07617019230748606,-1.2434124447998331,-0.15478713497187632,-0.6468910463783206,-0.9786776912759579,-0.6274990855116408,0.6274990855116408,healthy
2013-09-11,2013,-0.8107358897160374,0.07617019230748606,-1.2434124447998331,-0.1394170148509267,-0.35751376941332735,-0.9654600972673878,-0.5733948372900043,0.5733948372900043,healthy
2013-09-12,2013,-0.8151762218729072,0.07617019230748606,-1.2434124447998331,-0.11788774922792948,-0.6114703617495093,-0.9700745350754509,-0.613641853403024,0.613641853403024,healthy
2013-09-13,2013,-0.8200947768492224,0.07617019230748606,-1.2434124447998331,-0.10613402700264592,-0.7835184151996072,-0.9520339301202781,-0.6381705669440169,0.6381705669440169,healthy
2013-09-16,2013,-0.8334157733198317,0.07617019230748606,-1.2434124447998331,-0.15562159458629032,0.12596590217689477,-0.948045211727834,-0.49639315499156805,0.49639315499156805,healthy
2013-09-17,2013,-0.8223149429276573,0.07617019230748606,-1.2434124447998331,-0.1736762898106652,-0.04098508883958907,-0.9436393470583105,-0.5246429868547616,0.5246429868547616,healthy
2013-09-18,2013,-0.8045536143001778,0.07617019230748606,-1.2434124447998331,-0.14312632255053928,-0.4708934531000176,-0.8133663939796572,-0.5665303394037898,0.5665303394037898,healthy
2013-09-19,2013,-0.8400762715551368,0.07617019230748606,-1.2434124447998331,-0.1588280943067236,-0.48257215736217585,-0.8765085113227618,-0.5875378811731908,0.5875378811731908,healthy
2013-09-20,2013,-0.8388125511155922,0.07617019230748606,-1.2434124447998331,-0.125129468140506,0.10663425762227108,-0.8674882088451755,-0.48200637049522493,0.48200637049522493,healthy
2013-09-24,2013,-0.814390724252808,0.07617019230748606,-1.2434124447998331,-0.16756596345980554,-0.07928228926523578,-0.7863054865468979,-0.5024644526695158,0.5024644526695158,healthy
2013-09-25,2013,-0.8032898938606335,0.07617019230748606,-1.2434124447998331,-0.1679911128912818,-0.03237329932528263,-0.7456098388284896,-0.4860843995663391,0.4860843995663391,healthy
2013-09-27,2013,-0.8029826190599797,0.07617019230748606,-1.2434124447998331,-0.19082660781030628,-0.2548392634172101,-0.7638590169222019,-0.5299582932836742,0.5299582932836742,healthy
2013-09-30,2013,-0.7852212904325002,0.07617019230748606,-1.2434124447998331,-0.20953126156988822,0.36647786261070825,-0.7684734547302648,-0.4273317327690487,0.4273317327690487,healthy
2013-10-01,2013,-0.48250923931425777,0.056915478144410316,-1.2434124447998331,-0.293638524034691,1.2095964354049769,-0.7806681175923688,-0.2556194020319606,0.2556194020319606,neutral
2013-10-03,2013,-0.48916973754956256,0.056915478144410316,-1.2434124447998331,-0.2825132640353521,0.3407354758005648,-0.7401810430124999,-0.3929375892420454,0.3929375892420454,healthy
2013-10-07,2013,-0.5146334840606329,0.056915478144410316,-1.2434124447998331,-0.2842011206505983,0.4316488923401233,-0.748784199213007,-0.3837444797065896,0.3837444797065896,healthy
2013-10-08,2013,-0.516853650139068,0.056915478144410316,-1.2434124447998331,-0.2511419664473789,1.01562355448418,-0.7351494589273574,-0.2790030812808412,0.2790030812808412,neutral
2013-10-09,2013,-0.5190738162175029,0.056915478144410316,-1.2434124447998331,-0.25057318740764534,0.6803118622387629,-0.7670333773067193,-0.34047758089142127,0.34047758089142127,healthy
2013-10-10,2013,-0.5323948126881123,0.056915478144410316,-1.2434124447998331,-0.2081485157349201,0.7725707641496997,-0.8033231603556042,-0.32629878188072664,0.32629878188072664,healthy
2013-10-15,2013,-0.5641263086244378,0.056915478144410316,-1.2434124447998331,-0.22050609995862577,1.789999275096405,-0.7905227126241132,-0.16194213546103242,0.16194213546103242,neutral
2013-10-16,2013,-0.5619061425460029,0.056915478144410316,-1.2434124447998331,-0.20039285404600685,1.3884384161252354,-0.7678676698608776,-0.22137086949717913,0.22137086949717913,neutral
2013-10-17,2013,-0.5663464747028727,0.056915478144410316,-1.2434124447998331,-0.22314752014057193,1.4582912108530885,-0.7223490111958667,-0.20667479364027427,0.20667479364027427,neutral
2013-10-18,2013,-0.6007763595370785,0.056915478144410316,-1.2434124447998331,-0.22992010854377565,0.4136572655178138,-0.7177345733878037,-0.38687845710104446,0.38687845710104446,healthy
2013-10-21,2013,-0.611877189929253,0.056915478144410316,-1.2434124447998331,-0.26206401964353415,-1.1019264888748916,-0.7447954808205627,-0.651193357653944,0.651193357653944,healthy
2013-10-22,2013,-0.6052166916939482,0.056915478144410316,-1.2434124447998331,-0.2516944502302484,-0.3513447151019438,-0.6728416341384115,-0.5112657429699958,0.5112657429699958,healthy
2013-10-23,2013,-0.6052166916939482,0.056915478144410316,-1.2434124447998331,-0.27195744788308435,0.2307061194142067,-0.6457807267056526,-0.4131242855873169,0.4131242855873169,healthy
2013-10-24,2013,-0.6140973560076879,0.056915478144410316,-1.2434124447998331,-0.31681696976437407,-0.4909870481328022,-0.6589983207142226,-0.5445661102124183,0.5445661102124183,healthy
2013-10-25,2013,-0.6285457461359795,0.056915478144410316,-1.2434124447998331,-0.24870709342075512,-0.1759313182620177,-0.6592068938527621,-0.4831480030544895,0.4831480030544895,healthy
2013-10-28,2013,-0.6241054139791095,0.056915478144410316,-1.2434124447998331,-0.2398947089266812,-0.4675650282246295,-0.6682271963303487,-0.5310482190193653,0.5310482190193653,healthy
2013-10-29,2013,-0.6218852479006746,0.056915478144410316,-1.2434124447998331,-0.26058129657590695,0.19714329607043757,-0.6638213316608252,-0.422606924453732,0.422606924453732,healthy
2013-10-30,2013,-0.6263255800575446,0.056915478144410316,-1.2434124447998331,-0.27195079674460665,0.2978266372024325,-0.6726330609998717,-0.4099299612091689,0.4099299612091689,healthy
2013-10-31,2013,-0.6418667426065889,0.056915478144410316,-1.2434124447998331,-0.2760175514512755,-0.5923725185186619,-0.6999025415711704,-0.5661093868005199,0.5661093868005199,healthy
2013-11-01,2013,-0.6691579063860448,-0.3394274346230021,-1.2434124447998331,-0.18467500428936498,-0.8123495873138584,-0.7686820278688044,-0.6696174008801513,0.6696174008801513,healthy
2013-11-04,2013,-0.6647175742291749,-0.3394274346230021,-1.2434124447998331,-0.17217577740506163,-0.02553014736920206,-0.7508499960521714,-0.5326855624130743,0.5326855624130743,healthy
2013-11-05,2013,-0.6647175742291749,-0.3394274346230021,-1.2434124447998331,-0.20353889480850462,-0.6677619626528579,-0.8049718109176897,-0.653971687005177,0.653971687005177,healthy
2013-11-06,2013,-0.6602772420723052,-0.3394274346230021,-1.2434124447998331,-0.2193188379641291,-0.7676495153187077,-0.7961600815786429,-0.6710409260594368,0.6710409260594368,healthy
2013-11-07,2013,-0.66249740815074,-0.3394274346230021,-1.2434124447998331,-0.19055758269591774,-0.7473915045712192,-0.7646933094763603,-0.6579966140528454,0.6579966140528454,healthy
2013-11-08,2013,-0.6671086883264014,-0.3394274346230021,-1.2434124447998331,-0.19516926038347018,-0.5239178212456264,-0.8727283660688571,-0.6402940025745317,0.6402940025745317,healthy
2013-11-12,2013,-0.6737691865617061,-0.3394274346230021,-1.2434124447998331,-0.2123761178376453,-1.15625563400279,-0.8817486685464435,-0.7511649143952367,0.7511649143952367,healthy
2013-11-13,2013,-0.6582280240126616,-0.3394274346230021,-1.2434124447998331,-0.20607499115386377,-0.7908390888621122,-0.8458760317746377,-0.6806430025376851,0.6806430025376851,healthy
2013-11-14,2013,-0.6604481900910965,-0.3394274346230021,-1.2434124447998331,-0.20157742647983143,-0.859639713895596,-0.8055975303333082,-0.6850171233704446,0.6850171233704446,healthy
2013-11-15,2013,-0.6792514383668622,-0.3394274346230021,-1.2434124447998331,-0.1912914367748987,-0.7183579501398797,-0.8144092596723551,-0.6643583273961385,0.6643583273961385,healthy
2013-11-18,2013,-0.685911936602167,-0.3394274346230021,-1.2434124447998331,-0.22194778754744401,-0.4005610723585398,-0.7739221850924861,-0.6108638101705787,0.6108638101705787,healthy
2013-11-19,2013,-0.6947926009159068,-0.3394274346230021,-1.2434124447998331,-0.22982431795182867,-0.4986533267503475,-0.8236381352884811,-0.6382913767215666,0.6382913767215666,healthy
2013-11-21,2013,-0.6925724348374717,-0.3394274346230021,-1.2434124447998331,-0.1983168392266614,-0.48088179231829375,-0.9002064197786955,-0.6424695609306595,0.6424695609306595,healthy
2013-11-22,2013,-0.7064571281369223,-0.3394274346230021,-1.2434124447998331,-0.19936647509380814,-0.7212761746107152,-0.8548963342522239,-0.6774726652527508,0.6774726652527508,healthy
2013-11-25,2013,-0.7131176263722271,-0.3394274346230021,-1.2434124447998331,-0.1817066088551087,-0.09949278495990832,-0.8460846049131772,-0.570540250753876,0.570540250753876,healthy
2013-11-26,2013,-0.7131176263722271,-0.3394274346230021,-1.2434124447998331,-0.18720492152609114,-0.9236864784035541,-0.8280439999580045,-0.705815484280452,0.705815484280452,healthy
2013-11-27,2013,-0.7197781246075317,-0.3394274346230021,-1.2434124447998331,-0.2003694275219073,-0.869422622139016,-0.8597193451988265,-0.7053548998150195,0.7053548998150195,healthy
2013-11-29,2013,-0.728744262930667,-0.3394274346230021,-1.2434124447998331,-0.21064294538182549,-0.3742345050443638,-0.8731455123459364,-0.6282678508542713,0.6282678508542713,healthy
2013-12-02,2013,-0.7376249272444068,0.011535255502804497,-1.2434124447998331,-0.05940956677954579,-0.16700129385667883,-0.9165983741717826,-0.5187518918915738,0.5187518918915738,healthy
2013-12-03,2013,-0.7309644290091021,0.011535255502804497,-1.2434124447998331,-0.04414438825279965,-0.2378850492678053,-0.9033807801632125,-0.5247086393316581,0.5247086393316581,healthy
2013-12-04,2013,-0.7376249272444068,0.011535255502804497,-1.2434124447998331,-0.03519422341127612,-0.26581549968575147,-0.9392534169350185,-0.5349608760955803,0.5349608760955803,healthy
2013-12-05,2013,-0.7442854254797115,0.011535255502804497,-1.2434124447998331,-0.04358710194991866,-0.4519262035302346,-0.9753346268453641,-0.5745017578503763,0.5745017578503763,healthy
2013-12-06,2013,-0.7563427015107768,0.011535255502804497,-1.2434124447998331,-0.06170338384378662,-0.6543378622820817,-0.9753346268453641,-0.6132659606298396,0.6132659606298396,healthy
2013-12-09,2013,-0.7607830336676465,0.011535255502804497,-1.2434124447998331,-0.07531502751112988,-0.6142747501505686,-0.9528881572206679,-0.6058563596411736,0.6058563596411736,healthy
2013-12-10,2013,-0.7519023693539069,0.011535255502804497,-1.2434124447998331,-0.039130610717571214,-0.3301678541735099,-0.9077866448327362,-0.5434774447291255,0.5434774447291255,healthy
2013-12-11,2013,-0.7607830336676465,0.011535255502804497,-1.2434124447998331,-0.05368037602100306,-0.17804830256198842,-0.948273719412605,-0.5287771034933786,0.5287771034933786,healthy
2013-12-12,2013,-0.7607830336676465,0.011535255502804497,-1.2434124447998331,-0.1764857083363448,-0.09392366845893377,-0.961491313421175,-0.5374268188635214,0.5374268188635214,healthy
2013-12-13,2013,-0.762610450936032,0.011535255502804497,-1.2434124447998331,-0.09779404614190124,0.06285677787968152,-0.9524710109435889,-0.49698265323981156,0.49698265323981156,healthy
2013-12-16,2013,-0.7692709491713366,0.011535255502804497,-1.2434124447998331,-0.08936956552695752,-0.13419974351156685,-0.961491313421175,-0.5310347934880107,0.5310347934880107,healthy
2013-12-17,2013,-0.7559499527007271,0.011535255502804497,-1.2434124447998331,-0.08843437501548017,-0.13411155193835078,-0.9254101035108295,-0.5226305287437361,0.5226305287437361,healthy
2013-12-18,2013,-0.7581701187791622,0.011535255502804497,-1.2434124447998331,-0.09622401791709856,-0.3454884439768726,-0.970720189037301,-0.5670799931679105,0.5670799931679105,healthy
2013-12-19,2013,-0.7737112813282064,0.011535255502804497,-1.2434124447998331,-0.1764857083363448,0.1250340683449656,-1.0063842526705673,-0.5105707272145302,0.5105707272145302,healthy
2013-12-20,2013,-0.7830701684613914,0.011535255502804497,-1.2434124447998331,-0.09471755085613609,-0.716070759680733,-0.9476479999969861,-0.6288972780487125,0.6288972780487125,healthy
2013-12-27,2013,-0.8008314970888709,0.011535255502804497,-1.2434124447998331,-0.08417691779403923,-0.6721285254836871,-1.05106861878142,-0.6400137914075077,0.6400137914075077,healthy
2013-12-30,2013,-0.7986113310104358,0.011535255502804497,-1.2434124447998331,-0.1055166406788483,-0.45840494456713043,-1.028622149156724,-0.6038387091183611,0.6038387091183611,healthy
2014-01-07,2014,-0.9799310745614905,0.17917004780922016,-1.2434124447998331,-0.1522897401810374,-0.449824944667952,-1.0218562821106099,-0.611357406418617,0.611357406418617,healthy
2014-01-08,2014,-0.9910319049536653,0.17917004780922016,-1.2434124447998331,-0.11770323067737076,-0.35239823975532103,-1.0487086164048296,-0.5956807314636333,0.5956807314636333,healthy
2014-01-09,2014,-0.9888117388752304,0.17917004780922016,-1.2434124447998331,-0.1799158624173558,-0.7242890904474308,-1.0124188333559443,-0.661612987014429,0.661612987014429,healthy
2014-01-13,2014,-0.9647826608224959,0.17917004780922016,-1.2434124447998331,-0.17078047349411798,-0.3701735321933347,-0.92263295485716,-0.5821020030596202,0.5821020030596202,healthy
2014-01-21,2014,-0.9838077098895196,0.17917004780922016,-1.2434124447998331,-0.15910913023286702,-0.4568256738063205,-0.92263295485716,-0.59776964429608,0.59776964429608,healthy
2014-01-22,2014,-0.9926883742032592,0.17917004780922016,-1.2434124447998331,-0.12428758011143615,-0.07021312303331262,-0.9222158085800808,-0.5289412138197837,0.5289412138197837,healthy
2014-01-23,2014,-0.9704867134189099,0.17917004780922016,-1.2434124447998331,-0.11964047368863064,-0.3873605314472598,-0.8731255777997048,-0.5691426155575197,0.5691426155575197,healthy
2014-01-24,2014,-0.9295672783681909,0.17917004780922016,-1.2434124447998331,-0.12338086149439546,-0.09404503647497399,-0.8462732435054852,-0.5095848028056097,0.5095848028056097,healthy
2014-01-28,2014,-0.9295672783681909,0.17917004780922016,-1.2434124447998331,-0.10547104672541542,0.3487668428167986,-0.8552935459830717,-0.43430123754174876,0.43430123754174876,healthy
2014-01-29,2014,-0.9140261158191464,0.17917004780922016,-1.2434124447998331,-0.12215095432269855,0.6044332677061666,-0.79676586644803,-0.3821253443123869,0.3821253443123869,healthy
2014-01-30,2014,-0.9206866140544513,0.17917004780922016,-1.2434124447998331,-0.11721448248264958,-0.14808396238666405,-0.8326385032198358,-0.5138109931890356,0.5138109931890356,healthy
2014-01-31,2014,-0.8980067304506569,0.17917004780922016,-1.2434124447998331,-0.12000236958609654,-0.39561000621827014,-0.79676586644803,-0.5457712282822776,0.5457712282822776,healthy
2014-02-03,2014,-0.8824655679016123,0.2021002149046806,-1.2434124447998331,-0.27365184179600055,0.12868684136126565,-0.7478842088061937,-0.46943783450628224,0.46943783450628224,healthy
2014-02-04,2014,-0.8758050696663077,0.2021002149046806,-1.2434124447998331,-0.2491929399235107,-0.1094845912474251,-0.7659248137613663,-0.5069532740822937,0.5069532740822937,healthy
2014-02-05,2014,-0.8824655679016123,0.2021002149046806,-1.2434124447998331,-0.32480128319853124,0.21487615455191475,-0.8110263261492981,-0.47412154209877994,0.47412154209877994,healthy
2014-02-06,2014,-0.8980067304506569,0.2021002149046806,-1.2434124447998331,-0.2508951857195682,0.26073881304500307,-0.8334727957739942,-0.46049135479906145,0.46049135479906145,healthy
2014-02-07,2014,-0.9015760909780317,0.2021002149046806,-1.2434124447998331,-0.20543706337462242,-0.4298954425444638,-0.8248696395734871,-0.5671817443942929,0.5671817443942929,healthy
2014-02-10,2014,-0.9104567552917716,0.2021002149046806,-1.2434124447998331,-0.17724136579761818,-0.47144347281065846,-0.8110263261492981,-0.5685800249907499,0.5685800249907499,healthy
2014-02-11,2014,-0.9282180839192508,0.2021002149046806,-1.2434124447998331,-0.18332446464487162,-0.44043139842642864,-0.8510962544520879,-0.5740637385562986,0.5740637385562986,healthy
2014-02-12,2014,-0.9437592464682952,0.2021002149046806,-1.2434124447998331,-0.1735255554085846,-0.6858185874018079,-0.8961977668400197,-0.6234355643356434,0.6234355643356434,healthy
2014-02-13,2014,-0.9304382499976857,0.2021002149046806,-1.2434124447998331,-0.17341817433478623,-0.6584781398010546,-0.8557106922601511,-0.6098929143814716,0.6098929143814716,healthy
2014-02-14,2014,-0.9433664976582458,0.2021002149046806,-1.2434124447998331,-0.17563285280215626,-0.8000193493771073,-0.878157161884847,-0.6397480152695849,0.6397480152695849,healthy
2014-02-18,2014,-0.9478068298151155,0.2021002149046806,-1.2434124447998331,-0.12080061663699802,-0.6082195319089614,-0.8334727957739942,-0.591935334005037,0.591935334005037,healthy
2014-02-19,2014,-0.9611278262857251,0.2021002149046806,-1.2434124447998331,-0.10161179211474046,-0.4698406218604886,-0.8378786604435176,-0.5686285217666041,0.5686285217666041,healthy
2014-02-20,2014,-0.9677883245210298,0.2021002149046806,-1.2434124447998331,-0.11515021138318561,-0.5068699638182858,-0.8647309947377372,-0.5826419540592318,0.5826419540592318,healthy
2014-02-21,2014,-0.9789746289226002,0.2021002149046806,-1.2434124447998331,-0.11763035684661872,-0.08528042806925115,-0.842284525113041,-0.5109136948077772,0.5109136948077772,healthy
2014-02-24,2014,-0.9900754593147747,0.2021002149046806,-1.2434124447998331,-0.12436157476357189,-0.044993756478241914,-0.8510962544520879,-0.5086398791506381,0.5086398791506381,healthy
2014-02-25,2014,-0.9922956253932099,0.2021002149046806,-1.2434124447998331,-0.14238768573978505,-0.15102779948537132,-0.8106091798722188,-0.522938753397623,0.522938753397623,healthy
2014-02-26,2014,-0.9922956253932099,0.2021002149046806,-1.2434124447998331,-0.1344792905346742,-0.38214348782530144,-0.7881627102475228,-0.5563988906493103,0.5563988906493103,healthy
2014-02-27,2014,-0.9945157914716445,0.2021002149046806,-1.2434124447998331,-0.142359449113588,-0.5917893542338852,-0.7745279699618733,-0.5907507991126906,0.5907507991126906,healthy
2014-02-28,2014,-1.0043529014242747,0.2021002149046806,-1.2434124447998331,-0.14038095548924173,-0.5435964416486424,-0.7791424077699364,-0.5847974893712079,0.5847974893712079,healthy
2014-03-03,2014,-0.9910319049536653,0.047136338986746226,-1.2434124447998331,0.08906770824632998,-0.47136895830227443,-0.7237890886194119,-0.5488997249070181,0.5488997249070181,healthy
2014-03-04,2014,-1.0087932335811447,0.047136338986746226,-1.2434124447998331,0.06299307874686245,-0.7173861332013987,-0.809377675587213,-0.6114733449059968,0.6114733449059968,healthy
2014-03-05,2014,-1.0110133996595796,0.047136338986746226,-1.2434124447998331,0.03799851803401703,-0.6846512266786545,-0.8049718109176897,-0.609819004172499,0.609819004172499,healthy
2014-03-06,2014,-1.0110133996595796,0.047136338986746226,-1.2434124447998331,0.05520362673242729,-0.621213270952033,-0.8270011342653065,-0.6000500473262632,0.6000500473262632,healthy
2014-03-07,2014,-1.012840816927965,0.047136338986746226,-1.2434124447998331,0.0569920149895739,-0.6313260427784615,-0.8721026466532384,-0.609258932863863,0.609258932863863,healthy
2014-03-10,2014,-1.0061803186926603,0.047136338986746226,-1.2434124447998331,0.04983734745283188,-0.4681191446809825,-0.8721026466532384,-0.5821401447311894,0.5821401447311894,healthy
2014-03-11,2014,-1.0061803186926603,0.047136338986746226,-1.2434124447998331,0.0246700544737113,-0.5405490103444387,-0.8540620416980657,-0.5953995703457567,0.5953995703457567,healthy
2014-03-12,2014,-0.9950794883004855,0.047136338986746226,-1.2434124447998331,-0.012757313059599514,-0.8851294934178192,-0.8179808317877201,-0.6512038720631185,0.6512038720631185,healthy
2014-03-13,2014,-0.9839786579083111,0.047136338986746226,-1.2434124447998331,-0.026673199858778956,-0.5671100883305834,-0.7686820278688044,-0.5904533466299274,0.5904533466299274,healthy
2014-03-14,2014,-0.9750979935945713,0.047136338986746226,-1.2434124447998331,-0.025473720099991368,-0.2026889721864346,-0.7504328497750922,-0.5249949402448627,0.5249949402448627,healthy
2014-03-17,2014,-0.9884189900651809,0.047136338986746226,-1.2434124447998331,-0.042742710240943595,-0.36055574901281107,-0.7818996218773746,-0.5616488628348995,0.5616488628348995,healthy
2014-03-18,2014,-0.9950794883004855,0.047136338986746226,-1.2434124447998331,-0.013139086936330056,-0.4476997828109015,-0.7774937572078512,-0.5716147035114425,0.5716147035114425,healthy
2014-03-19,2014,-1.0239416473201395,0.047136338986746226,-1.2434124447998331,-0.015367091171715053,-0.6305521408029167,-0.8125321014254988,-0.6131115144222261,0.6131115144222261,healthy
2014-03-20,2014,-1.012840816927965,0.047136338986746226,-1.2434124447998331,-0.028517034911573685,0.11688888119329957,-0.830781279519211,-0.4919210593297561,0.4919210593297561,healthy
2014-03-21,2014,-1.0181521207143298,0.047136338986746226,-1.2434124447998331,0.0010054687266615285,-0.07636509694800024,-0.7947000696088655,-0.5140813207262701,0.5140813207262701,healthy
2014-03-24,2014,-1.0203722867927645,0.047136338986746226,-1.2434124447998331,0.023740814664239464,-0.4314876969562577,-0.7764508915151535,-0.5668076944021706,0.5668076944021706,healthy
2014-03-25,2014,-1.0248126189496345,0.047136338986746226,-1.2434124447998331,0.025473227842974025,-0.9797316330718948,-0.7898770586622629,-0.6608706981089841,0.6608706981089841,healthy
2014-03-26,2014,-1.0203722867927645,0.047136338986746226,-1.2434124447998331,0.02906347314210053,-0.5315017306031158,-0.7630247243680435,-0.5803518957391517,0.5803518957391517,healthy
2014-03-27,2014,-1.0159319546358947,0.047136338986746226,-1.2434124447998331,0.026223472041970983,-0.6571357668248211,-0.7493899840823942,-0.5987517232190377,0.5987517232190377,healthy
2014-03-28,2014,-1.022114230051754,0.047136338986746226,-1.2434124447998331,0.02667860855410187,-0.3855707008122816,-0.7854711939927395,-0.5604589370192934,0.5604589370192934,healthy
2014-03-31,2014,-1.0132335657380145,0.047136338986746226,-1.2434124447998331,0.039327870280725104,-0.765364373232417,-0.7856797671312794,-0.6202043236056788,0.6202043236056788,healthy
2014-04-01,2014,-0.9388577512836842,-0.49995634611014206,-1.2434124447998331,0.23093369858259727,-0.5584579451012844,-0.8203208996180792,-0.6383452813884043,0.6383452813884043,healthy
2014-04-02,2014,-0.9543989138327288,-0.49995634611014206,-1.2434124447998331,0.2633370229603221,-0.8011996937512448,-0.8603908279208686,-0.6826702005757492,0.6826702005757492,healthy
2014-04-03,2014,-0.9588392459895986,-0.49995634611014206,-1.2434124447998331,0.2721503798875897,-0.7214074457512835,-0.846964660773759,-0.6664049605895045,0.6664049605895045,healthy
2014-04-07,2014,-0.938379528464239,-0.49995634611014206,-1.2434124447998331,0.28661298354347325,-0.3122695159550402,-0.7844482628462733,-0.5819755191053424,0.5819755191053424,healthy
2014-04-09,2014,-0.9339391963073691,-0.49995634611014206,-1.2434124447998331,0.31132456234388617,-0.7462203858421057,-0.7985001494090017,-0.6517839933540943,0.6517839933540943,healthy
2014-04-16,2014,-0.9321117790389839,-0.49995634611014206,-1.2434124447998331,0.24137213600056243,-0.7485554460281647,-0.7351494589273574,-0.6529688898173197,0.6529688898173197,healthy
2014-04-17,2014,-0.9432126094311584,-0.49995634611014206,-1.2434124447998331,0.2599638748187373,-0.9699822240767068,-0.79325999218532,-0.6983099569640704,0.6983099569640704,healthy
2014-04-21,2014,-0.9427343866117132,-0.49995634611014206,-1.2434124447998331,0.2539050983714228,-0.681661213551795,-0.7934685653238596,-0.6512213096709867,0.6512213096709867,healthy
2014-04-22,2014,-0.947174718768583,-0.49995634611014206,-1.2434124447998331,0.20335973509211813,-0.7723726183827055,-0.784031116569194,-0.6739312515897232,0.6739312515897232,healthy
2014-04-23,2014,-0.9405142205332783,-0.49995634611014206,-1.2434124447998331,0.19411128930002483,-0.7060007127475606,-0.7706049494220842,-0.6610628973854789,0.6610628973854789,healthy
2014-04-24,2014,-0.944954552690148,-0.49995634611014206,-1.2434124447998331,0.20886604748917362,-0.7575733232669675,-0.7750108140916075,-0.6686735722449207,0.6686735722449207,healthy
2014-04-25,2014,-0.9369448600059033,-0.49995634611014206,-1.2434124447998331,0.1817247107120278,-0.6121591526782941,-0.7481584797973881,-0.6431510954465888,0.6431510954465888,healthy
2014-04-28,2014,-0.9391650260843382,-0.49995634611014206,-1.2434124447998331,0.18671870078546515,-0.42522224164588984,-0.7615846469444979,-0.613770334133206,0.613770334133206,healthy
2014-04-29,2014,-0.943605358241208,-0.49995634611014206,-1.2434124447998331,0.19502102376584407,-0.6260040499919989,-0.7750108140916075,-0.6488279982448243,0.6488279982448243,healthy
2014-04-30,2014,-0.9325045278490335,-0.49995634611014206,-1.2434124447998331,0.19065426623777867,-0.8849647230290191,-0.7437526151278648,-0.6856560651130189,0.6856560651130189,healthy
2014-05-01,2014,-0.9236238635352937,-0.26683044796882954,-1.2434124447998331,0.2168433758724421,-0.6117458717472856,-0.7122858430255824,-0.5901758492007304,0.5901758492007304,healthy
2014-05-02,2014,-0.9307625845900437,-0.26683044796882954,-1.2434124447998331,0.22164063321619168,-0.7851660394158891,-0.6850163624542837,-0.6149245410021146,0.6149245410021146,healthy
2014-05-05,2014,-0.9285424185116088,-0.26683044796882954,-1.2434124447998331,0.2064944728400856,-0.5135459423386138,-0.7030569674094566,-0.5748156246980428,0.5748156246980428,healthy
2014-05-06,2014,-0.9329827506684786,-0.26683044796882954,-1.2434124447998331,0.1968063669529323,-0.3428959863433334,-0.6850163624542837,-0.5457219375469711,0.5457219375469711,healthy
2014-05-07,2014,-0.9285424185116088,-0.26683044796882954,-1.2434124447998331,0.2042802749710725,-0.7436986847109905,-0.7032655405479958,-0.6135782102613643,0.6135782102613643,healthy
2014-05-08,2014,-0.9263222524331739,-0.26683044796882954,-1.2434124447998331,0.2069989104201075,-0.15230659323134885,-0.6988596758784725,-0.5134554173152585,0.5134554173152585,healthy
2014-05-09,2014,-0.9325900018584291,-0.26683044796882954,-1.2434124447998331,0.22395363824806194,-0.7627831896167578,-0.707879978356059,-0.6149237373919745,0.6149237373919745,healthy
2014-05-12,2014,-0.9414706661721688,-0.26683044796882954,-1.2434124447998331,0.2288582178572479,-0.6406546388963767,-0.7393467504583414,-0.6004761217397169,0.6004761217397169,healthy
2014-05-13,2014,-0.9414706661721688,-0.26683044796882954,-1.2434124447998331,0.24546952049922507,-0.5638390656981949,-0.7034741136865357,-0.5789262029710561,0.5789262029710561,healthy
2014-05-14,2014,-0.934810167936864,-0.26683044796882954,-1.2434124447998331,0.2959822062971889,-0.5481116947564878,-0.6403319963434307,-0.556252424251376,0.556252424251376,healthy
2014-05-15,2014,-0.9237093375446895,-0.26683044796882954,-1.2434124447998331,0.23212710614098098,-0.6645073748063499,-0.6088652242411486,-0.5791996205366449,0.5791996205366449,healthy
2014-05-20,2014,-0.9313262814188848,-0.26683044796882954,-1.2434124447998331,0.2796929397601318,-0.6432764990324359,-0.6407491426205103,-0.574316979346727,0.574316979346727,healthy
2014-05-21,2014,-0.9313262814188848,-0.26683044796882954,-1.2434124447998331,0.27798909431558366,-0.7757902510505656,-0.6451550072900336,-0.5974208897020938,0.5974208897020938,healthy
2014-05-22,2014,-0.92910611534045,-0.26683044796882954,-1.2434124447998331,0.2753535616798534,-1.0128873206032232,-0.6676014769147297,-0.6407473739912021,0.6407473739912021,healthy
2014-05-28,2014,-0.9327609498772206,-0.26683044796882954,-1.2434124447998331,0.23639255918487104,-0.3164798406282451,-0.5549519825141699,-0.5130071844339045,0.5130071844339045,healthy
2014-05-29,2014,-0.9372012820340904,-0.26683044796882954,-1.2434124447998331,0.2505896469813719,-1.0373539782595007,-0.5639722849917564,-0.6330301318454398,0.6330301318454398,healthy
2014-05-30,2014,-0.9519569469630357,-0.26683044796882954,-1.2434124447998331,0.23476168497293057,-0.7987511362351616,-0.5910331924245152,-0.6028704139030742,0.6028704139030742,healthy
2014-06-02,2014,-0.9830392720611246,-0.3084231632789002,0.2572375164086944,0.1908915318793527,-0.7111674995299987,-0.6300801895808386,-0.3640968460271358,0.3640968460271358,healthy
2014-06-03,2014,-0.9874796042179944,-0.3084231632789002,0.2572375164086944,0.17992310196205674,0.5273951990707768,-0.6749731288302309,-0.16772001314759957,0.16772001314759957,neutral
2014-06-04,2014,-0.9874796042179944,-0.3084231632789002,0.2572375164086944,0.17878250538793716,-0.9062390011756929,-0.6839934313078172,-0.40835252969729546,0.40835252969729546,healthy
2014-06-05,2014,-0.9874796042179944,-0.3084231632789002,0.2572375164086944,0.17060905913691385,-0.9128261106433009,-0.6705672641607073,-0.40857492779254906,0.40857492779254906,healthy
2014-06-06,2014,-1.0048481840354244,-0.3084231632789002,0.2572375164086944,0.17486067711318018,-1.0626909388903076,-0.6749731288302309,-0.43647287025216475,0.43647287025216475,healthy
2014-06-09,2014,-1.011508682270729,-0.3084231632789002,0.2572375164086944,0.2360901720121847,-0.8169848216100479,-0.6837848581692776,-0.3878956394846793,0.3878956394846793,healthy
2014-06-10,2014,-1.0203893465844687,-0.3084231632789002,0.2572375164086944,0.2492662244340854,-0.9470551609457506,-0.6925965875083243,-0.41032675291244397,0.41032675291244397,healthy
2014-06-11,2014,-1.0203893465844687,-0.3084231632789002,0.2572375164086944,0.23321128843051184,-0.304105845644638,-0.7062313277939736,-0.30811681307712907,0.30811681307712907,healthy
2014-06-12,2014,-1.011508682270729,-0.3084231632789002,0.2572375164086944,0.2558108694626831,-0.4222944368559342,-0.6523180860669952,-0.31358266376686356,0.31358266376686356,healthy
2014-06-17,2014,-1.0359305091335131,-0.3084231632789002,0.2572375164086944,0.2387327293719251,-1.1141675030848266,-0.6829505656151191,-0.44091691588862325,0.44091691588862325,healthy
2014-06-18,2014,-1.0314901769766431,-0.3084231632789002,0.2572375164086944,0.2156049019939912,-0.9235401593048019,-0.6560982313208997,-0.40778488541309327,0.40778488541309327,healthy
2014-06-19,2014,-1.0359305091335131,-0.3084231632789002,0.2572375164086944,0.1999427318556133,-0.7426123223545411,-0.6875650034231823,-0.3862251249876381,0.3862251249876381,healthy
2014-06-25,2014,-1.023002261472953,-0.3084231632789002,0.2572375164086944,0.16082250846356166,-0.8807885432148618,-0.6200170214105541,-0.4023618274175021,0.4023618274175021,healthy
2014-06-26,2014,-1.0141215971592135,-0.3084231632789002,0.2572375164086944,0.15024780781583819,-1.1370261808916224,-0.5887588224468113,-0.4401407399253358,0.4401407399253358,healthy
2014-06-27,2014,-1.0024570699381978,-0.3084231632789002,0.2572375164086944,0.11861729670347136,-1.1503497835177028,-0.606799427401984,-0.44869577183743653,0.44869577183743653,healthy
2014-07-01,2014,-0.9852080487400864,-0.4928759391093377,0.2572375164086944,0.08064953966977233,-0.5920081075994773,-0.6439035684587959,-0.39601810130487175,0.39601810130487175,healthy
2014-07-02,2014,-0.9940887130538262,-0.4928759391093377,0.2572375164086944,0.06792956768933657,-0.6966242309683889,-0.6887965077081882,-0.4245363844569517,0.4245363844569517,healthy
2014-07-03,2014,-0.998529045210696,-0.4928759391093377,0.2572375164086944,0.0668610214529239,-1.0906887265444698,-0.688379361431109,-0.49106242240566567,0.49106242240566567,healthy
2014-07-09,2014,-0.9694959381722508,-0.4928759391093377,0.2572375164086944,0.040583131069840774,-0.9118416328592437,-0.6120196500794344,-0.4480687521236219,0.4480687521236219,healthy
2014-07-10,2014,-0.9450741113094665,-0.4928759391093377,0.2572375164086944,0.042406381012936055,-0.8458495089068752,-0.6214570988340997,-0.4342687934563581,0.4342687934563581,healthy
2014-07-14,2014,-0.9413338027633,-0.4928759391093377,0.2572375164086944,0.0395491720250554,-0.29307012689155243,-0.6078223585484505,-0.3397192564798151,0.3397192564798151,healthy
2014-07-15,2014,-0.9346733045279954,-0.4928759391093377,0.2572375164086944,0.03446564642359451,-0.34800124226837154,-0.6166340878874973,-0.35008023516015213,0.35008023516015213,healthy
2014-07-16,2014,-0.9280128062926906,-0.4928759391093377,0.2572375164086944,0.049826814864284995,-0.30369769361294147,-0.6029993476018478,-0.33675357589063964,0.33675357589063964,healthy
2014-07-17,2014,-0.9035909794299063,-0.4928759391093377,0.2572375164086944,0.08592145840116072,-0.48961938533410465,-0.5446802412053461,-0.34793459504480656,0.34793459504480656,healthy
2014-07-18,2014,-0.8785199817288857,-0.4928759391093377,0.2572375164086944,0.06520828430057983,-0.6514138154980857,-0.5532833974058531,-0.37560788883881463,0.37560788883881463,healthy
2014-07-21,2014,-0.8740796495720158,-0.4928759391093377,0.2572375164086944,0.05213174789679325,-0.6756206885942754,-0.5398572302587433,-0.3788440405381474,0.3788440405381474,healthy
2014-07-22,2014,-0.8762998156504507,-0.4928759391093377,0.2572375164086944,0.054351283942300044,-0.8081693107539891,-0.540065803397283,-0.40097034476001103,0.40097034476001103,healthy
2014-07-23,2014,-0.8807401478073206,-0.4928759391093377,0.2572375164086944,0.04964348541934646,-0.9246155704487793,-0.53545136558922,-0.4211336701877695,0.4211336701877695,healthy
2014-07-24,2014,-0.891840978199495,-0.4928759391093377,0.2572375164086944,0.05179165561297474,-1.0044108989751965,-0.5576892620753766,-0.4396313177229561,0.4396313177229561,healthy
2014-07-25,2014,-0.8703393410258493,-0.4928759391093377,0.2572375164086944,0.08709238075628238,-0.9519922590844689,-0.5216080521650311,-0.41541428236995165,0.41541428236995165,healthy
2014-07-28,2014,-0.8725595071042842,-0.4928759391093377,0.2572375164086944,0.10213297970771155,-0.8373307011253448,-0.5306283546426175,-0.39567066764419634,0.39567066764419634,healthy
2014-07-29,2014,-0.8592385106336747,-0.4928759391093377,0.2572375164086944,0.06677502866614343,-0.8202889888165721,-0.5123791765489051,-0.39346167833894197,0.39346167833894197,healthy
2014-07-30,2014,-0.8614586767121096,-0.4928759391093377,0.2572375164086944,0.058832385276867155,-0.22828399180988151,-0.5845415963695959,-0.3085150503858939,0.3085150503858939,healthy
2014-07-31,2014,-0.8059545247512366,-0.4928759391093377,0.2572375164086944,-0.009417545334564034,-0.16514652903243685,-0.6118110769408945,-0.3046613497932959,0.3046613497932959,healthy
2014-08-01,2014,-0.7485374815125825,-0.32328771444884413,0.2572375164086944,-0.12217431267709117,-0.43781947328358545,-0.5853758889237545,-0.32665955907286054,0.32665955907286054,healthy
2014-08-04,2014,-0.7507576475910174,-0.32328771444884413,0.2572375164086944,-0.12313863028116111,0.042190615100496404,-0.5719497217766448,-0.2449509304314128,0.2449509304314128,neutral
2014-08-05,2014,-0.766298810140062,-0.32328771444884413,0.2572375164086944,-0.13392522979972618,-0.23127539176443743,-0.5583149814909953,-0.2926441018725618,0.2926441018725618,healthy
2014-08-06,2014,-0.7574181458263222,-0.32328771444884413,0.2572375164086944,-0.13404695376336834,-0.6596899509849121,-0.5537005436829322,-0.3618176320496141,0.3618176320496141,healthy
2014-08-07,2014,-0.7596383119047571,-0.32328771444884413,0.2572375164086944,-0.10855177743707485,-0.5616465825392726,-0.5180364800496661,-0.3356538916618201,0.3356538916618201,healthy
2014-08-08,2014,-0.7528923396600566,-0.32328771444884413,0.2572375164086944,-0.09619400865685786,-0.4740831067572618,-0.5224423447191895,-0.3186103329722526,0.3186103329722526,healthy
2014-08-11,2014,-0.7706536682875361,-0.32328771444884413,0.2572375164086944,-0.10099745618851526,-0.33202742509165617,-0.5088076044335401,-0.2964227253402329,0.2964227253402329,healthy
2014-08-12,2014,-0.7817544986797106,-0.32328771444884413,0.2572375164086944,-0.12345911941031608,-0.9609274283234638,-0.5404829496743622,-0.41211236568800036,0.41211236568800036,healthy
2014-08-13,2014,-0.7906351629934503,-0.32328771444884413,0.2572375164086944,-0.1155947279347338,-1.0659034952574078,-0.5182450531882058,-0.42607143956899124,0.42607143956899124,healthy
2014-08-14,2014,-0.8039561594640597,-0.32328771444884413,0.2572375164086944,-0.16595980806679472,-1.016125844272291,-0.4957985835635095,-0.4246484322344674,0.4246484322344674,healthy
2014-08-15,2014,-0.8039561594640597,-0.32328771444884413,0.2572375164086944,-0.15767213179672682,-0.5912352377775325,-0.44608263336751475,-0.3441660600743306,0.3441660600743306,healthy
2014-08-20,2014,-0.8439191488758883,-0.32328771444884413,0.2572375164086944,0.02695459519273378,-1.1130264643377372,-0.4905584263398279,-0.4144332737334782,0.4144332737334782,healthy
2014-08-21,2014,-0.8394788167190185,-0.32328771444884413,0.2572375164086944,-0.1779263183425548,-1.1091025690060923,-0.48132955072370187,-0.4456479088052528,0.4456479088052528,healthy
2014-08-22,2014,-0.8425699544269483,-0.32328771444884413,0.2572375164086944,-0.16940090416165854,-0.7996440031797947,-0.4494456323443403,-0.38785178202548193,0.38785178202548193,healthy
2014-08-25,2014,-0.8470102865838182,-0.32328771444884413,0.2572375164086944,-0.1620737089646697,-0.8669262108303649,-0.43601946519723045,-0.3963466449360388,0.3963466449360388,healthy
2014-08-26,2014,-0.8447901205053833,-0.32328771444884413,0.2572375164086944,-0.17669809269129153,-1.0541485509194173,-0.4450397676748168,-0.43112112163850974,0.43112112163850974,healthy
2014-08-27,2014,-0.8381296222700785,-0.32328771444884413,0.2572375164086944,-0.16762771172904897,-0.9787047531999893,-0.42720773585818367,-0.412953336849575,0.412953336849575,healthy
2014-08-28,2014,-0.8359094561916436,-0.32328771444884413,0.2572375164086944,-0.14219245130055444,-0.9214573836012554,-0.409167130903011,-0.3957961033394357,0.3957961033394357,healthy
2014-08-29,2014,-0.8376513994506332,-0.32328771444884413,0.2572375164086944,-0.12926891647240435,-1.0450834973675502,-0.4274163089967233,-0.4175783867212435,0.4175783867212435,healthy
2014-09-02,2014,-0.8376513994506332,-0.4748625033091667,0.2572375164086944,-0.20451880990841323,-0.619545115204159,-0.46748623729951294,-0.3911377581271984,0.3911377581271984,healthy
2014-09-04,2014,-0.8265505690584586,-0.4748625033091667,0.2572375164086944,-0.16158798839871694,-0.9940721805766641,-0.489932706924209,-0.44829473864308683,0.44829473864308683,healthy
2014-09-05,2014,-0.8006940737373386,-0.4748625033091667,0.2572375164086944,-0.19976605609410647,-1.0150993190744817,-0.5081818850179214,-0.45689438680405337,0.45689438680405337,healthy
2014-09-08,2014,-0.8029142398157735,-0.4748625033091667,0.2572375164086944,-0.18924406458929585,-1.041500755571138,-0.5213994790264915,-0.46211392098386184,0.46211392098386184,healthy
2014-09-09,2014,-0.8006940737373386,-0.4748625033091667,0.2572375164086944,-0.17404225444029053,-0.6311028220587172,-0.5302112083655383,-0.3922792242503928,0.3922792242503928,healthy
2014-09-10,2014,-0.7829327451098593,-0.4748625033091667,0.2572375164086944,-0.17471461833197763,-0.6753793553242351,-0.5570635426597578,-0.4012858747210504,0.4012858747210504,healthy
2014-09-11,2014,-0.7740520807961196,-0.4748625033091667,0.2572375164086944,-0.15840180583143895,-0.8707260282279535,-0.5570635426597578,-0.4296447407359571,0.4296447407359571,healthy
2014-09-12,2014,-0.7636512740146483,-0.4748625033091667,0.2572375164086944,-0.16079679607808053,-0.7759054580136939,-0.6292259624804487,-0.42453407958122397,0.42453407958122397,healthy
2014-09-18,2014,-0.774752104406823,-0.4748625033091667,0.2572375164086944,-0.14553295922635434,-1.0712986316589024,-0.633631827149972,-0.47380675155708735,0.47380675155708735,healthy
2014-09-23,2014,-0.7212116964961978,-0.4748625033091667,0.2572375164086944,-0.1783709148852313,-0.2139256704945682,-0.5660838451373441,-0.316202852318969,0.316202852318969,healthy
2014-09-24,2014,-0.7101108661040231,-0.4748625033091667,0.2572375164086944,-0.1494031236777378,-0.8076736605629247,-0.5795100122844538,-0.4107204415882686,0.4107204415882686,healthy
2014-09-25,2014,-0.6768083749274992,-0.4748625033091667,0.2572375164086944,-0.15403387600547327,-0.6541515760111215,-0.5526576779902342,-0.37587941530580005,0.37587941530580005,healthy
2014-09-29,2014,-0.6139090798836894,-0.4748625033091667,0.2572375164086944,-0.13959677389168806,-0.6169164484043721,-0.5209823327494122,-0.3515049369716057,0.3515049369716057,healthy
2014-10-02,2014,-0.6274862300689829,-0.4536994133403229,0.2572375164086944,-0.23154182511077606,-0.6961412575572448,-0.49433857159373246,-0.37432829687706076,0.37432829687706076,healthy
2014-10-03,2014,-0.6347612779055952,-0.4536994133403229,0.2572375164086944,-0.2565409286561332,-0.23804707786990148,-0.4849011228390668,-0.30178538403372085,0.30178538403372085,healthy
2014-10-07,2014,-0.6169999492781159,-0.4536994133403229,0.2572375164086944,-0.2519781888369234,-0.1263352111913335,-0.4223847249115811,-0.26902666185826374,0.26902666185826374,neutral
2014-10-08,2014,-0.5925781224153317,-0.4536994133403229,0.2572375164086944,-0.2541765572447766,-0.671811322746255,-0.44545691395189585,-0.3600808022149813,0.3600808022149813,healthy
2014-10-09,2014,-0.5836974581015921,-0.4536994133403229,0.2572375164086944,-0.2550677766016104,-0.2885986626992515,-0.4364366114743096,-0.293377067634732,0.293377067634732,healthy
2014-10-10,2014,-0.536424799616222,-0.4536994133403229,0.2572375164086944,-0.2465579919141704,-0.11983700264513392,-0.41399014184961347,-0.2522119721594614,0.2522119721594614,neutral
2014-10-14,2014,-0.49868197628282845,-0.4536994133403229,0.2572375164086944,-0.29831939523039047,0.11671004719688272,-0.34706787925260435,-0.2039701834167615,0.2039701834167615,neutral
2014-10-15,2014,-0.44317782432195546,-0.4536994133403229,0.2572375164086944,-0.30970577621084516,0.4561449046958888,-0.31601825342740103,-0.13486980769932355,0.13486980769932355,neutral
2014-10-16,2014,-0.4653794851063046,-0.4536994133403229,0.2572375164086944,-0.29984622999461835,0.5112602739051559,-0.3250385559049875,-0.12924431567206385,0.12924431567206385,neutral
2014-10-17,2014,-0.5211909118678316,-0.4536994133403229,0.2572375164086944,-0.2804616802022451,-0.05500915888946284,-0.3560881817301908,-0.23486863827022644,0.23486863827022644,neutral
2014-10-20,2014,-0.5211909118678316,-0.4536994133403229,0.2572375164086944,-0.2758478311497365,-0.3705342010409035,-0.347276452391144,-0.285218548896874,0.285218548896874,neutral
2014-10-21,2014,-0.5611539012796599,-0.4536994133403229,0.2572375164086944,-0.25290006435246837,-0.4527954902855079,-0.36972292201584006,-0.3055057124775174,0.3055057124775174,healthy
2014-10-22,2014,-0.5744748977502695,-0.4536994133403229,0.2572375164086944,-0.2847872284020168,-0.2370055365825965,-0.37392021354682387,-0.2777749622022225,0.2777749622022225,neutral
2014-10-23,2014,-0.5877958942208791,-0.4536994133403229,0.2572375164086944,-0.24606911154429068,-0.5431489999242419,-0.41440728812669253,-0.33131386512462213,0.33131386512462213,healthy
2014-10-24,2014,-0.5904942831187592,-0.4536994133403229,0.2572375164086944,-0.27767601920761864,-0.5929625372701989,-0.41440728812669253,-0.3453336707758163,0.3453336707758163,healthy
2014-10-27,2014,-0.5838337848834544,-0.4536994133403229,0.2572375164086944,-0.27289726162620503,-0.3956910045849741,-0.39196081850199654,-0.3068074610880431,0.3068074610880431,healthy
2014-10-28,2014,-0.5882741170403243,-0.4536994133403229,0.2572375164086944,-0.2748389616484315,-0.5033302856548812,-0.41440728812669253,-0.329552091566993,0.329552091566993,healthy
2014-10-29,2014,-0.6038152795893686,-0.4536994133403229,0.2572375164086944,-0.27022860809541077,-0.5585427333426367,-0.41839600651913694,-0.3412407540796969,0.3412407540796969,healthy
2014-10-30,2014,-0.597154781354064,-0.4536994133403229,0.2572375164086944,-0.26377078616758476,-0.7742684303357881,-0.409167130903011,-0.3734705042820127,0.3734705042820127,healthy
2014-10-31,2014,-0.6150015839909391,-0.4536994133403229,0.2572375164086944,-0.2780033857756325,-0.28282371274629226,-0.42699916271964405,-0.29988162369402277,0.29988162369402277,healthy
2014-11-03,2014,-0.617221750069374,-0.15593570022945405,0.2572375164086944,-0.45606877363932874,-0.5377118001746513,-0.4223847249115811,-0.3220142054359491,0.3220142054359491,healthy
2014-11-04,2014,-0.6039007535987646,-0.15593570022945405,0.2572375164086944,-0.47541914835234317,-0.5723435348697334,-0.40895855776447126,-0.3265533630676787,0.3265533630676787,healthy
2014-11-05,2014,-0.6105612518340692,-0.15593570022945405,0.2572375164086944,-0.4495406179661414,-0.521981348706488,-0.41797886024205777,-0.31646004376158604,0.31646004376158604,healthy
2014-11-06,2014,-0.6150015839909391,-0.15593570022945405,0.2572375164086944,-0.4626011126763286,-0.6888817441436997,-0.4358108920586908,-0.35016558611506965,0.35016558611506965,healthy
2014-11-07,2014,-0.6111249486629101,-0.15593570022945405,0.2572375164086944,-0.45262495084279997,-0.9755547757782336,-0.3865120881397752,-0.38741915787407977,0.38741915787407977,healthy
2014-11-10,2014,-0.6200056129766498,-0.15593570022945405,0.2572375164086944,-0.486871763526691,-0.8605729186208773,-0.4265820164425648,-0.382121749231257,0.382121749231257,healthy
2014-11-12,2014,-0.6177854468982149,-0.15593570022945405,0.2572375164086944,-0.47587932132892136,-0.7970662547646876,-0.4175617139649786,-0.36783182012959365,0.36783182012959365,healthy
2014-11-13,2014,-0.6089047825844752,-0.15593570022945405,0.2572375164086944,-0.5071372001851914,-0.8128828494332112,-0.40874998462593176,-0.37272883344159485,0.37272883344159485,healthy
2014-11-14,2014,-0.6023297583585663,-0.15593570022945405,0.2572375164086944,-0.4730418316492693,-0.9363947883899777,-0.3770746393851096,-0.38125653360061373,0.38125653360061373,healthy
2014-11-18,2014,-0.580128097574217,-0.15593570022945405,0.2572375164086944,-0.49406163664461517,-0.6719196752426231,-0.38168907719317263,-0.33774944507923127,0.33774944507923127,healthy
2014-11-19,2014,-0.5712474332604773,-0.15593570022945405,0.2572375164086944,-0.5040735088877932,-0.7278335587703952,-0.4175617139649786,-0.3532357331174007,0.3532357331174007,healthy
2014-11-20,2014,-0.5623667689467376,-0.15593570022945405,0.2572375164086944,-0.5119537122306268,-0.7389926779780329,-0.3997296821483453,-0.3519568375207504,0.3519568375207504,healthy
2014-11-21,2014,-0.576558737046842,-0.15593570022945405,0.2572375164086944,-0.5120635042984784,-0.7372284759052706,-0.3770746393851096,-0.3502705900760767,0.3502705900760767,healthy
2014-11-24,2014,-0.576558737046842,-0.15593570022945405,0.2572375164086944,-0.5223930020162121,-0.5964187821512588,-0.3636484722379998,-0.32628619621217875,0.32628619621217875,healthy
2014-11-25,2014,-0.576558737046842,-0.15593570022945405,0.2572375164086944,-0.5445203365941689,-0.7730672156903063,-0.3458164404213668,-0.3564434855955739,0.3564434855955739,healthy
2014-11-26,2014,-0.5721184048899723,-0.15593570022945405,0.2572375164086944,-0.5451010876716132,-1.061161247489514,-0.30952665737248175,-0.39776759687405683,0.39776759687405683,healthy
2014-12-01,2014,-0.5062989201570236,-0.28833652728495307,0.2572375164086944,-0.9315982056187657,-0.794724710720309,-0.28800011270083054,-0.4252868266788647,0.4252868266788647,healthy
2014-12-02,2014,-0.5062989201570236,-0.28833652728495307,0.2572375164086944,-0.9466824004773636,-0.6597312890504721,-0.3144353007179708,-0.4097078202131815,0.4097078202131815,healthy
2014-12-04,2014,-0.5040787540785888,-0.28833652728495307,0.2572375164086944,-0.9552948605516706,-0.855647110434383,-0.2917802579547351,-0.439649998982606,0.439649998982606,healthy
2014-12-05,2014,-0.4998602227129772,-0.28833652728495307,0.2572375164086944,-0.9693857617025249,-0.7903359067247835,-0.2997576947396235,-0.431739766126028,0.431739766126028,healthy
2014-12-08,2014,-0.4776585619286278,-0.28833652728495307,0.2572375164086944,-1.0062737504594843,-0.6673104082484014,-0.25486475549023135,-0.40620108116716724,0.40620108116716724,healthy
2014-12-09,2014,-0.4354754064383645,-0.28833652728495307,0.2572375164086944,-1.0045627897461538,-0.5742878780948879,-0.21437768091036258,-0.37663379434433786,0.37663379434433786,healthy
2014-12-10,2014,-0.40217291526184057,-0.28833652728495307,0.2572375164086944,-1.0316629036821505,-0.42263699315320713,-0.20577452470985527,-0.3488910579472187,0.3488910579472187,healthy
2014-12-11,2014,-0.39329225094810094,-0.28833652728495307,0.2572375164086944,-1.044259174543208,-0.3151457248808123,-0.20095151376325282,-0.33079127916860546,0.33079127916860546,healthy
2014-12-12,2014,-0.31881390269267096,-0.28833652728495307,0.2572375164086944,-0.8481370942904036,-0.18566300124969426,-0.15186128298287674,-0.255929048681984,0.255929048681984,neutral
2014-12-15,2014,-0.3077130723004964,-0.28833652728495307,0.2572375164086944,-1.0911635555904506,-0.32319759155994976,-0.14263240736675079,-0.31596760628231774,0.31596760628231774,healthy
2014-12-16,2014,-0.2655299168102328,-0.28833652728495307,0.2572375164086944,-1.0957633719794053,0.13056758942181967,-0.11116563526446827,-0.22883172425142426,0.22883172425142426,neutral
2014-12-17,2014,-0.3165937366142359,-0.28833652728495307,0.2572375164086944,-1.0841938830935431,0.1399040880944394,-0.15585000137532085,-0.24130542397748653,0.24130542397748653,neutral
2014-12-18,2014,-0.38985921720258826,-0.28833652728495307,0.2572375164086944,-1.1046940627900501,-0.0285529981991342,-0.20053436748617362,-0.2924566094257008,0.2924566094257008,neutral
2014-12-19,2014,-0.37214874134757564,-0.28833652728495307,0.2572375164086944,-0.8481370942904036,-0.5670588152718073,-0.15543285509824165,-0.32897941948071446,0.32897941948071446,healthy
2014-12-22,2014,-0.3854697378181851,-0.28833652728495307,0.2572375164086944,-1.0730563303676333,-0.35634505373116604,-0.13256923919646643,-0.3297565619982849,0.3297565619982849,healthy
2014-12-23,2014,-0.4054512325240993,-0.28833652728495307,0.2572375164086944,-1.0450531131301828,-0.7180513439408234,-0.21333481521766448,-0.40216491928150483,0.40216491928150483,healthy
2015-01-06,2015,-0.09051092238251485,-0.4674842243782217,0.2572375164086944,-1.6423868890928717,0.16505850452590196,0.005492512074767271,-0.29543225047404076,0.29543225047404076,healthy
2015-01-07,2015,-0.10383191885312448,-0.4674842243782217,0.2572375164086944,-1.58674835120946,-0.2151552714233141,0.0006695011281646901,-0.3525521247212102,0.3525521247212102,healthy
2015-01-08,2015,-0.1349142439512133,-0.4674842243782217,0.2572375164086944,-1.636125229739936,-0.3871503262471876,-0.062472616214939825,-0.40515152068713406,0.40515152068713406,healthy
2015-01-09,2015,-0.10261905118604664,-0.4674842243782217,0.2572375164086944,-1.652075255458606,-0.4645784662326662,-0.03562028192072029,-0.4108566271279277,0.4108566271279277,healthy
2015-01-20,2015,-0.04154717341062194,-0.4674842243782217,0.2572375164086944,-1.6764042934672503,-0.029762422270383698,0.08542379554180696,-0.3120894669293294,0.3120894669293294,healthy
2015-01-21,2015,-0.04820767164592655,-0.4674842243782217,0.2572375164086944,-1.6582800870293302,-0.36138642355488426,0.040322283153875094,-0.37296643450763217,0.37296643450763217,healthy
2015-01-23,2015,-0.049385918076075314,-0.4674842243782217,0.2572375164086944,-1.6928356944535388,-0.22721954781272047,0.08542379554180696,-0.34904401212834246,0.34904401212834246,healthy
2015-01-26,2015,-0.058266582389815,-0.4674842243782217,0.2572375164086944,-1.7002900967244834,-0.5522673749077411,0.08101793087228358,-0.4066754718532139,0.4066754718532139,healthy
2015-01-27,2015,-0.051606084154510186,-0.4674842243782217,0.2572375164086944,-1.6996301234285174,-0.40190005793725386,0.07661206620276019,-0.3811284845478415,0.3811284845478415,healthy
2015-01-28,2015,-0.04716575199764044,-0.4674842243782217,0.2572375164086944,-1.7196291753277986,0.04400502620974636,0.14835733974637197,-0.297446544889808,0.297446544889808,healthy
2015-01-29,2015,-0.05382625023294505,-0.4674842243782217,0.2572375164086944,-1.718416417066677,-0.4635085386620969,0.12129643231361287,-0.38745024693627217,0.38745024693627217,healthy
2015-01-30,2015,-0.029797172180210524,-0.4674842243782217,0.2572375164086944,-1.6803125618412607,-0.011977226707842181,0.17961553871011493,-0.2921196883314543,0.2921196883314543,neutral
2015-02-02,2015,-0.05421899904299471,0.050174177349606566,0.2572375164086944,-1.6998533235402302,-0.024415817140961193,0.18884441432624088,-0.21370533860660737,0.21370533860660737,neutral
2015-02-03,2015,-0.08752149021951838,0.050174177349606566,0.2572375164086944,-1.6585962667964536,-0.31156022536335165,0.1034644004969797,-0.2744669813540071,0.2744669813540071,neutral
2015-02-04,2015,-0.100842486690128,0.050174177349606566,0.2572375164086944,-1.640893040532309,-0.2148072793556656,0.08101793087228358,-0.261352196991253,0.261352196991253,neutral
2015-02-05,2015,-0.11416348316073743,0.050174177349606566,0.2572375164086944,-1.6986219249135421,0.05004147035589799,0.06738319058663424,-0.23132484222890773,0.23132484222890773,neutral
2015-02-06,2015,-0.16213616525681082,0.050174177349606566,0.2572375164086944,-1.6909080083536523,-0.36738967532386774,0.019127252360416635,-0.31564915046926884,0.31564915046926884,healthy
2015-02-09,2015,-0.1576958330999411,0.050174177349606566,0.2572375164086944,-1.6753812325467985,-0.032588342487947106,0.005701085213306876,-0.2587587715271798,0.2587587715271798,neutral
2015-02-10,2015,-0.16879666349211567,0.050174177349606566,0.2572375164086944,-1.703065558199938,-0.1730117547665183,-0.03017155155849904,-0.29460563904312836,0.29460563904312836,healthy
2015-02-11,2015,-0.16657649741368077,0.050174177349606566,0.2572375164086944,-1.7197953942346444,-0.4643904543942579,-0.02115124908091266,-0.34408365022753246,0.34408365022753246,healthy
2015-02-12,2015,-0.17101682957055053,0.050174177349606566,0.2572375164086944,-1.6894135460803812,-0.7903755829602717,-0.0354117087821807,-0.39646766227251384,0.39646766227251384,healthy
2015-02-13,2015,-0.18442330005055582,0.050174177349606566,0.2572375164086944,-1.6774219237712849,-0.620194955179992,-0.04380629184414828,-0.36973912951461335,0.36973912951461335,healthy
2015-02-17,2015,-0.2155056251486446,0.050174177349606566,0.2572375164086944,-1.6675467739951297,-0.5599705720397264,-0.12918630567340944,-0.37746626384976817,0.37746626384976817,healthy
2015-02-18,2015,-0.20440479475647008,0.050174177349606566,0.2572375164086944,-1.6957921477198292,-0.6986585072685518,-0.1029596907948086,-0.39906724113022646,0.39906724113022646,healthy
2015-02-19,2015,-0.21328545907020977,0.050174177349606566,0.2572375164086944,-1.6975789883343928,-0.18207269563832937,-0.11596871166483919,-0.3169156934915784,0.3169156934915784,healthy
2015-02-20,2015,-0.23383065060496497,0.050174177349606566,0.2572375164086944,-1.7001439128315223,-0.8067729388666196,-0.13400931662001195,-0.42789085419413625,0.42789085419413625,healthy
2015-02-23,2015,-0.22717015236966034,0.050174177349606566,0.2572375164086944,-1.7047186434296504,-0.4573298880972491,-0.08471051270109636,-0.3610862504732259,0.3610862504732259,healthy
2015-02-24,2015,-0.22272982021279042,0.050174177349606566,0.2572375164086944,-1.7214441834549048,-0.10229239913575175,-0.04002614659024368,-0.2965134759392316,0.2965134759392316,healthy
2015-02-25,2015,-0.2316104845265301,0.050174177349606566,0.2572375164086944,-1.6949828953606882,-0.5275979961946229,-0.008350801349421677,-0.35918841394549367,0.35918841394549367,healthy
2015-02-26,2015,-0.25603231138931426,0.050174177349606566,0.2572375164086944,-1.7174723164046821,-0.5234679764742738,-0.044014864982687994,-0.3722626292487761,0.3722626292487761,healthy
2015-02-27,2015,-0.26547667253189494,0.050174177349606566,0.2572375164086944,-1.6824040292444913,-0.23052948952937233,-0.03520313564364121,-0.3177002721985165,0.3177002721985165,healthy
2015-03-02,2015,-0.2765775029240695,0.03589778001448216,0.2572375164086944,-1.6903406108928953,-0.4593528425764996,-0.09352224204014314,-0.3711096503350719,0.3711096503350719,healthy
2015-03-03,2015,-0.2765775029240695,0.03589778001448216,0.2572375164086944,-1.6847217912289978,-0.8269810474486844,-0.12037457633436266,-0.43591993691882297,0.43591993691882297,healthy
2015-03-04,2015,-0.26325650645345994,0.03589778001448216,0.2572375164086944,-1.6679212816109075,-0.37261558991675375,-0.13400931662001195,-0.35744456636299277,0.35744456636299277,healthy
2015-03-05,2015,-0.25881617429659015,0.03589778001448216,0.2572375164086944,-1.685840284853052,-0.558006390696828,-0.12519758728096517,-0.3891208567840431,0.3891208567840431,healthy
2015-03-06,2015,-0.27444281085503036,0.03589778001448216,0.2572375164086944,-1.7018567626699799,-0.6383893349278302,-0.20995188169460752,-0.4219175822873786,0.4219175822873786,healthy
2015-03-09,2015,-0.2544613161491161,0.03589778001448216,0.2572375164086944,-1.6925257035519448,-0.5192138788198687,-0.18330812053892767,-0.39272895377278005,0.39272895377278005,healthy
2015-03-10,2015,-0.2211588249725922,0.03589778001448216,0.2572375164086944,-1.7109202270324964,-0.2063301643137909,-0.12918630567340944,-0.32907670426151875,0.32907670426151875,healthy
2015-03-11,2015,-0.23225965536476678,0.03589778001448216,0.2572375164086944,-1.7152948584741619,-0.5217116610218718,-0.09771953357112695,-0.3789750686681252,0.3789750686681252,healthy
2015-03-12,2015,-0.2300394892863319,0.03589778001448216,0.2572375164086944,-1.7235845470875863,-0.7274872922701949,-0.10254254451772941,-0.4150864294564443,0.4150864294564443,healthy
2015-03-13,2015,-0.22076607616254276,0.03589778001448216,0.2572375164086944,-1.752922993047899,-0.5305904123684346,-0.12498901414242564,-0.38935553321635424,0.38935553321635424,healthy
2015-03-16,2015,-0.21188541184880305,0.03589778001448216,0.2572375164086944,-1.7663168246908008,-0.5490637213802573,-0.09834525298674562,-0.38874598574723834,0.38874598574723834,healthy
2015-03-17,2015,-0.19634424929975858,0.03589778001448216,0.2572375164086944,-1.7743903715347618,-0.6780860037016467,-0.04380629184414828,-0.3999152699928565,0.3999152699928565,healthy
2015-03-18,2015,-0.1697022563585395,0.03589778001448216,0.2572375164086944,-1.7602525156326692,-0.4893855680759842,0.004658219520608899,-0.3535911373539012,0.3535911373539012,healthy
2015-03-19,2015,-0.19634424929975858,0.03589778001448216,0.2572375164086944,-1.7578734159828056,-0.6873175213410738,-0.012756666018945068,-0.3935260927032344,0.3935260927032344,healthy
2015-03-23,2015,-0.19508052886021413,0.03589778001448216,0.2572375164086944,-1.723780114769147,-0.293398296775801,0.027521835422384216,-0.3152669680932669,0.3152669680932669,healthy
2015-03-24,2015,-0.1973006949386492,0.03589778001448216,0.2572375164086944,-1.7322564270870624,-0.8728177067711163,0.049968305047080254,-0.40987853788776185,0.40987853788776185,healthy
2015-03-25,2015,-0.20840152533082376,0.03589778001448216,0.2572375164086944,-1.7097485808605308,-0.5735143148590951,0.01829295980625824,-0.3633726941368358,0.3633726941368358,healthy
2015-03-26,2015,-0.21284185748769355,0.03589778001448216,0.2572375164086944,-1.6923993116603457,-0.591566149448485,-0.049046449067830046,-0.37545307854019633,0.37545307854019633,healthy
2015-03-27,2015,-0.20975071977976387,0.03589778001448216,0.2572375164086944,-1.7249543075736282,-0.5363660079322097,-0.004362082956977477,-0.3637163036365671,0.3637163036365671,healthy
2015-03-30,2015,-0.21641121801506846,0.03589778001448216,0.2572375164086944,-1.7258581522583443,-0.47510551927501493,-0.013382385434563751,-0.3562703297599692,0.3562703297599692,healthy
2015-03-31,2015,-0.1964297233091542,0.03589778001448216,0.2572375164086944,-1.7373546771715471,-0.29800416043815886,-0.008976520765040361,-0.3246049642101207,0.3246049642101207,healthy
2015-04-01,2015,-0.18114471447479377,-0.04741851534038573,0.2572375164086944,-1.7945661599263687,-0.33714124511655863,0.05539710086307006,-0.34127266959772373,0.34127266959772373,healthy
2015-04-02,2015,-0.19002537878853343,-0.04741851534038573,0.2572375164086944,-1.8032605798937997,-0.8411667595578696,0.005889723805614894,-0.4364573322277132,0.4364573322277132,healthy
2015-04-03,2015,-0.145913266948443,-0.04741851534038573,0.2572375164086944,-1.767349988851789,-0.5580583449261789,0.04134521430034153,-0.37002623089296005,0.37002623089296005,healthy
2015-04-07,2015,-0.21492542847076293,-0.04741851534038573,0.2572375164086944,-1.767349988851789,-0.43106348074712125,0.01910731781418497,-0.3640687631978632,0.3640687631978632,healthy
2015-04-08,2015,-0.2260262588629375,-0.04741851534038573,0.2572375164086944,-1.7927201812089457,-0.6756145434757075,0.0056811506670754,-0.4131434719687011,0.4131434719687011,healthy
2015-04-10,2015,-0.2442658103098622,-0.04741851534038573,0.2572375164086944,-1.7647884165480778,-0.9042837226724105,-0.02096261048860452,-0.45408025982510775,0.45408025982510775,healthy
2015-04-15,2015,-0.24870614246673195,-0.04741851534038573,0.2572375164086944,-1.712766328722334,1.2964171213470672,-0.0035477249490505534,-0.07646401228712345,0.07646401228712345,neutral
2015-04-17,2015,-0.2322940082881927,-0.04741851534038573,0.2572375164086944,-1.7122224148135545,-0.7753872438525253,0.02812762029177135,-0.41365950759903214,0.41365950759903214,healthy
2015-04-21,2015,-0.25227550299410695,-0.04741851534038573,0.2572375164086944,-1.7137701692219298,-0.8057751227574823,0.010295588475138284,-0.4252843675716787,0.4252843675716787,healthy
2015-04-22,2015,-0.2611561673078466,-0.04741851534038573,0.2572375164086944,-1.7051383208187365,-0.9284523063608079,-0.04361765325184025,-0.4547575744451538,0.4547575744451538,healthy
2015-04-23,2015,-0.2567158351509769,-0.04741851534038573,0.2572375164086944,-1.700952981690767,-0.9750762059838649,-0.0257856214352071,-0.45811860719875125,0.45811860719875125,healthy
2015-04-24,2015,-0.2571940579704222,-0.04741851534038573,0.2572375164086944,-1.7152759908859665,-0.9149936745881997,-0.003339151810510967,-0.4468306456977984,0.4468306456977984,healthy
2015-04-27,2015,-0.25941422404885706,-0.04741851534038573,0.2572375164086944,-1.7165959415676824,-0.9099331919292735,-0.016765318957620717,-0.44881494590585413,0.44881494590585413,healthy
2015-04-28,2015,-0.2660747222841619,-0.04741851534038573,0.2572375164086944,-1.6990837352662467,-1.0065080451574233,-0.061658258207013004,-0.47058429330775603,0.47058429330775603,healthy
2015-04-29,2015,-0.2638545562057268,-0.04741851534038573,0.2572375164086944,-1.6862909504351722,-0.9220340640277122,-0.12018593774205454,-0.46375775122372614,0.46375775122372614,healthy
2015-04-30,2015,-0.2505335597351174,-0.04741851534038573,0.2572375164086944,-1.681771427243245,-0.7532980325358104,-0.1019367596483423,-0.4296201296823677,0.4296201296823677,healthy
2015-05-01,2015,-0.2652037506546669,0.04730283989156804,0.2572375164086944,-1.562677636106157,-0.9220750792878644,-0.15585000137532085,-0.43354435185395773,0.43354435185395773,healthy
2015-05-04,2015,-0.26964408281153684,0.04730283989156804,0.2572375164086944,-1.559090278362718,-0.9973178815179001,-0.18752534661614306,-0.45150620550133924,0.45150620550133924,healthy
2015-05-05,2015,-0.27630458104684147,0.04730283989156804,0.2572375164086944,-1.5469680550512812,-0.8467711008745245,-0.20976324310229957,-0.4292111039624474,0.4292111039624474,healthy
2015-05-06,2015,-0.2718642488899717,0.04730283989156804,0.2572375164086944,-1.545131086105086,-0.6828186711504205,-0.24563587987410537,-0.40681825495322016,0.40681825495322016,healthy
2015-05-07,2015,-0.2607634184977971,0.04730283989156804,0.2572375164086944,-1.5648974272786862,-0.38497489161627285,-0.19612850281665015,-0.3503706473181906,0.3503706473181906,healthy
2015-05-08,2015,-0.2652037506546669,0.04730283989156804,0.2572375164086944,-1.5695957589498324,-0.5586835529336367,-0.19654564909372932,-0.38091472588860054,0.38091472588860054,healthy
2015-05-11,2015,-0.28296507928214626,0.04730283989156804,0.2572375164086944,-1.5698123260980976,-0.2671951299161771,-0.28654010073105324,-0.3503287132878687,0.3503287132878687,healthy
2015-05-12,2015,-0.2585432524193623,0.04730283989156804,0.2572375164086944,-1.5600700447175555,-0.42944387220566316,-0.28674867386959296,-0.37171091448531857,0.37171091448531857,healthy
2015-05-13,2015,-0.26964408281153684,0.04730283989156804,0.2572375164086944,-1.5745538590355252,-0.4428782303750636,-0.2913631116776559,-0.3789831545999198,0.3789831545999198,healthy
2015-05-14,2015,-0.26742391673310195,0.04730283989156804,0.2572375164086944,-1.5673716637564041,-0.825171378695962,-0.2735310798610229,-0.438159613791038,0.438159613791038,healthy
2015-05-15,2015,-0.2607634184977971,0.04730283989156804,0.2572375164086944,-1.5605128574933431,-0.7255381429511363,-0.1925569307012852,-0.4058051655572166,0.4058051655572166,healthy
2015-05-19,2015,-0.28074491320371137,0.04730283989156804,0.2572375164086944,-1.5864925079967003,-0.8475224388799654,-0.272905360445404,-0.44718747737091974,0.44718747737091974,healthy
2015-05-20,2015,-0.2740844149684066,0.04730283989156804,0.2572375164086944,-1.5668668859824677,-0.7593101712100655,-0.2777283713920067,-0.42890824787544735,0.42890824787544735,healthy
2015-05-21,2015,-0.26964408281153684,0.04730283989156804,0.2572375164086944,-1.5555489905169024,-0.8043353166286645,-0.21458625404890208,-0.4232623812842906,0.4232623812842906,healthy
2015-05-22,2015,-0.2798739415742166,0.04730283989156804,0.2572375164086944,-1.568933216092259,-0.74174647079982,-0.21416910777182288,-0.41669706332297607,0.41669706332297607,healthy
2015-05-27,2015,-0.2776537754957816,0.04730283989156804,0.2572375164086944,-1.5940809295094163,-0.780128798206571,-0.15543285509824165,-0.417126000334958,0.417126000334958,healthy
2015-05-28,2015,-0.2732134433389118,0.04730283989156804,0.2572375164086944,-1.5917992406031016,-0.4653776420963308,-0.15564142823678132,-0.36358189966247717,0.36358189966247717,healthy
2015-05-29,2015,-0.26742391673310195,0.04730283989156804,0.2572375164086944,-1.5651626963215464,-0.8130113787870752,-0.15123556356725784,-0.41538219985145325,0.41538219985145325,healthy
2015-06-01,2015,-0.26742391673310195,-0.22307079316030634,1.56654434273266,-1.4976274945750212,-0.8528157225777557,-0.19028256072358116,-0.24411269083951773,0.24411269083951773,neutral
2015-06-02,2015,-0.2740844149684066,-0.22307079316030634,1.56654434273266,-1.4884673379399063,-0.5248185588762755,-0.2668508452137953,-0.20179126790433832,0.20179126790433832,neutral
2015-06-04,2015,-0.2585432524193623,-0.22307079316030634,1.56654434273266,-1.5191750810291296,-0.41040312434675186,-0.2892973148384916,-0.1889908705102303,0.1889908705102303,neutral
2015-06-05,2015,-0.2585432524193623,-0.22307079316030634,1.56654434273266,-1.5060194837637466,-0.7750594286423729,-0.3427934102883909,-0.2564903375902532,0.2564903375902532,neutral
2015-06-08,2015,-0.24744242202718755,-0.22307079316030634,1.56654434273266,-1.518360155461598,0.2076871067040742,-0.3430019834269306,-0.09294065077321474,0.09294065077321474,neutral
2015-06-09,2015,-0.23634159163501298,-0.22307079316030634,1.56654434273266,-1.502827998476164,-0.5510265158954595,-0.3608340152435637,-0.2179260952796411,0.2179260952796411,neutral
2015-06-10,2015,-0.24966258810562258,-0.22307079316030634,1.56654434273266,-1.4839835968719688,-0.9021698348332399,-0.4191531216400657,-0.2852492653130905,0.2852492653130905,neutral
2015-06-12,2015,-0.24030370097243758,-0.22307079316030634,1.56654434273266,-1.4995767672806224,-0.757978056032456,-0.3245442321946787,-0.24648820115130687,0.24648820115130687,neutral
2015-06-17,2015,-0.21144154195278364,-0.22307079316030634,1.56654434273266,-1.4946783139405415,-0.6677804298772501,-0.2981090441775383,-0.22142263006262664,0.22142263006262664,neutral
2015-06-18,2015,-0.22254237234495822,-0.22307079316030634,1.56654434273266,-1.4892382698481903,-0.5495832905004336,-0.32978438941836036,-0.20794579542326477,0.20794579542326477,neutral
2015-06-22,2015,-0.23982547815299227,-0.22307079316030634,1.56654434273266,-1.485671058810353,-0.705675284650016,-0.33859611875740714,-0.23771573179973582,0.23771573179973582,neutral
2015-06-23,2015,-0.23982547815299227,-0.22307079316030634,1.56654434273266,-1.454068597740645,-0.7409821332090513,-0.37446875552921305,-0.24431190250992463,0.24431190250992463,neutral
2015-06-24,2015,-0.23094481383925258,-0.22307079316030634,1.56654434273266,-1.4822312254103835,-0.9591122919316775,-0.34761642123499364,-0.27940520047399225,0.27940520047399225,neutral
2015-06-25,2015,-0.2287246477608177,-0.22307079316030634,1.56654434273266,-1.4858716510275987,-0.7320938174777125,-0.3656570261901663,-0.24481226548065693,0.24481226548065693,neutral
2015-06-30,2015,-0.1514115838256451,-0.22307079316030634,1.56654434273266,-1.4710809879045872,0.2204965759803538,-0.3390132650344863,-0.0662559518686685,0.0662559518686685,neutral
2015-07-01,2015,-0.23249050519214057,0.013116553263857378,1.56654434273266,-1.5039188701140143,-0.21070185604393232,-0.38810349581486236,-0.125925638528072,0.125925638528072,neutral
2015-07-02,2015,-0.22583000695683575,0.013116553263857378,1.56654434273266,-1.4968799419152976,-0.5268367550646542,-0.3841147774224183,-0.17566676422711477,0.17566676422711477,neutral
2015-07-06,2015,-0.18356137745717657,0.013116553263857378,1.56654434273266,-1.5635471222264699,-0.05904240700238714,-0.307963639209283,-0.08907560831646653,0.08907560831646653,neutral
2015-07-08,2015,-0.15247905235908774,0.013116553263857378,1.56654434273266,-1.580511790843488,-0.14338514886021841,-0.2588734084289071,-0.09259808408253063,0.09259808408253063,neutral
2015-07-09,2015,-0.17468071314343683,0.013116553263857378,1.56654434273266,-1.5645865671024872,0.17238945192137484,-0.3215983794949324,-0.0514692186371607,0.0514692186371607,neutral
2015-07-10,2015,-0.19901706599682542,0.013116553263857378,1.56654434273266,-1.5606376823615704,-0.11608365221241698,-0.397540944569528,-0.11560307485730392,0.11560307485730392,neutral
2015-07-14,2015,-0.20567756423213002,0.013116553263857378,1.56654434273266,-1.5649291734385444,-0.6212737696558333,-0.38390620428387856,-0.1993543026023115,0.1993543026023115,neutral
2015-07-15,2015,-0.20789773031056505,0.013116553263857378,1.56654434273266,-1.584423111295225,-0.6815449903694106,-0.34362770284254934,-0.20630543980353877,0.20630543980353877,neutral
2015-07-17,2015,-0.19671142590899462,0.013116553263857378,1.56654434273266,-1.582780598195911,-0.9484211300456884,-0.30272348198560134,-0.24182929002327969,0.24182929002327969,neutral
2015-07-21,2015,-0.17228959904621063,0.013116553263857378,1.56654434273266,-1.5508473063484551,-0.6864506216984085,-0.2979004710389987,-0.18797118368925927,0.18797118368925927,neutral
2015-07-22,2015,-0.15008793826186134,0.013116553263857378,1.56654434273266,-1.567902695652654,-0.9252667653836202,-0.2569962501820508,-0.22009879224727816,0.22009879224727816,neutral
2015-07-23,2015,-0.1389871078696868,0.013116553263857378,1.56654434273266,-1.5757813697773404,-0.8691481283604956,-0.23475835369589423,-0.20650234395114994,0.20650234395114994,neutral
2015-07-24,2015,-0.10107333651750162,0.013116553263857378,1.56654434273266,-1.5749587756681935,-0.6550194759386985,-0.22594662435684745,-0.16288955274745395,0.16288955274745395,neutral
2015-07-27,2015,-0.06333051318410801,0.013116553263857378,1.56654434273266,-1.586381152574387,-0.6992871382332886,-0.19468842539310463,-0.16067105556472847,0.16067105556472847,neutral
2015-07-28,2015,-0.07443134357628257,0.013116553263857378,1.56654434273266,-1.5788563250230734,-0.858728395660915,-0.21713489501780067,-0.19158167721359234,0.19158167721359234,neutral
2015-07-29,2015,-0.09885317043906676,0.013116553263857378,1.56654434273266,-1.5725438954739746,-0.8084649976092615,-0.2351754999729734,-0.1892294445831265,0.1892294445831265,neutral
2015-07-30,2015,-0.11439433298811126,0.013116553263857378,1.56654434273266,-1.5711577127954903,-0.9867337171692712,-0.21252045720973767,-0.21752422069434885,0.21752422069434885,neutral
2015-07-31,2015,-0.0719547554696605,0.013116553263857378,1.56654434273266,-1.5883099922616744,-1.0394969298614396,-0.1590243617598383,-0.21318752389268258,0.21318752389268258,neutral
2015-08-03,2015,-0.05197326076374626,-0.04498660005432118,1.56654434273266,-1.6257762732979064,-0.5252636134880679,-0.11248277194836082,-0.1323230294699571,0.1323230294699571,neutral
2015-08-04,2015,-0.060853925077485944,-0.04498660005432118,1.56654434273266,-1.6295393618718819,-0.7698102407311904,-0.14793826244308741,-0.18109734124088447,0.18109734124088447,neutral
2015-08-05,2015,-0.087495918018705,-0.04498660005432118,1.56654434273266,-1.6319935994199468,-0.8900234960548412,-0.19765421263908237,-0.21426824724237278,0.21426824724237278,neutral
2015-08-06,2015,-0.06307409115592082,-0.04498660005432118,1.56654434273266,-1.6257342511475577,-0.9670178554464073,-0.17940503454536993,-0.2189455816028195,0.2189455816028195,neutral
2015-08-07,2015,-0.012146598133780226,-0.04498660005432118,1.56654434273266,-1.6461272303777257,-1.1443373061036954,-0.1162629172022654,-0.23288605152318798,0.23288605152318798,neutral
2015-08-10,2015,-0.014366764212215102,-0.04498660005432118,1.56654434273266,-1.6207116219228228,-0.5976360450398361,-0.1439495440506433,-0.14251770542452977,0.14251770542452977,neutral
2015-08-11,2015,0.02115589304274365,-0.04498660005432118,1.56654434273266,-1.6401508654360655,-0.6127177046201107,-0.09465074013172757,-0.13413427907780354,0.13413427907780354,neutral
2015-08-12,2015,0.04779788598396271,-0.04498660005432118,1.56654434273266,-1.6483177513054665,-0.8443235755120415,-0.09024487546220428,-0.16892176226956845,0.16892176226956845,neutral
2015-08-13,2015,0.018935726964308775,-0.04498660005432118,1.56654434273266,-1.6612298096514795,-0.8746547137191585,-0.11227419880982113,-0.18461087542296858,0.18461087542296858,neutral
2015-08-14,2015,0.01753567974290181,-0.04498660005432118,1.56654434273266,-1.659370084875935,-0.7676071291652038,-0.12108592814886791,-0.16816161996146098,0.16816161996146098,neutral
2015-08-18,2015,0.026416344056641495,-0.04498660005432118,1.56654434273266,-1.6680488884458908,-0.6457503463709832,-0.1252832196798517,-0.14851806129362424,0.14851806129362424,neutral
2015-08-19,2015,0.053058336997860535,-0.04498660005432118,1.56654434273266,-1.500881698829697,-0.3381978502963918,-0.09423359385464837,-0.059782843884089644,0.059782843884089644,neutral
2015-08-20,2015,0.06859949954690504,-0.04498660005432118,1.56654434273266,-1.6613221114576477,-0.40066229538577225,-0.07116140481433346,-0.09049809490541826,0.09049809490541826,neutral
2015-08-21,2015,0.12270360428637134,-0.04498660005432118,1.56654434273266,-1.6807279347308146,0.6981605892285281,-0.0537465192747796,0.10132458036460733,-0.10132458036460733,neutral
2015-08-24,2015,0.18486825448254893,-0.04498660005432118,1.56654434273266,-1.7017571608465907,2.346502768503891,-0.02751990439617884,0.3872752834036682,-0.3872752834036682,stressed
2015-08-25,2015,0.13158426860011102,-0.04498660005432118,1.56654434273266,-1.6851580060360734,2.1480635682244493,-0.08542186451560159,0.3384376181585374,-0.3384376181585374,stressed
2015-08-26,2015,0.1338044346785459,-0.04498660005432118,1.56654434273266,-1.6894794182283448,0.9478254560476727,-0.1439495440506433,0.12829311185426154,-0.12829311185426154,neutral
2015-08-27,2015,0.10938260781576171,-0.04498660005432118,1.56654434273266,-1.6429294214985228,0.3838606647173367,-0.13933510624258033,0.03875608124505567,-0.03875608124505567,neutral
2015-08-28,2015,0.11860516816708427,-0.04498660005432118,1.56654434273266,-1.603586726103596,0.638050042158039,-0.12989765748791468,0.09078809490199186,-0.09078809490199186,neutral
2015-08-31,2015,0.11416483601021453,-0.04498660005432118,1.56654434273266,-1.5642698059358937,1.0049056840793424,-0.12989765748791468,0.15774346655734792,-0.15774346655734792,neutral
2015-09-01,2015,0.13192616463769388,-0.05526966285744177,1.56654434273266,-1.7483706334162339,1.080245887593274,-0.13430352215743815,0.140128762755419,-0.140128762755419,neutral
2015-09-02,2015,0.12082533424551935,-0.05526966285744177,1.56654434273266,-1.7414528974834458,0.6468101832096095,-0.15213555397407122,0.06422029097880501,-0.06422029097880501,neutral
2015-09-03,2015,0.11416483601021453,-0.05526966285744177,1.56654434273266,-1.7480696252832735,0.3131471473340743,-0.14311525149648494,0.00790029773995809,-0.00790029773995809,neutral
2015-09-04,2015,0.1405850281601754,-0.05526966285744177,1.56654434273266,-1.7532396787982443,1.2023529224314955,-0.09801373910855299,0.16715986876001532,-0.16715986876001532,neutral
2015-09-08,2015,0.11838336737582607,-0.05526966285744177,1.56654434273266,-1.743419483878333,0.34781546180384465,-0.12968908434937518,0.017394156804530117,-0.017394156804530117,neutral
2015-09-09,2015,0.10728253698365152,-0.05526966285744177,1.56654434273266,-1.7591183695727548,0.2756802508420606,-0.14731254302746874,-0.002032240816548861,0.002032240816548861,neutral
2015-09-10,2015,0.10506237090521665,-0.05526966285744177,1.56654434273266,-1.7390170322517722,0.2867320497069303,-0.16975901265216478,-0.000951157402761966,0.000951157402761966,neutral
2015-09-15,2015,0.10427687328511753,-0.05526966285744177,1.56654434273266,-1.7766191676042873,0.40884214913726324,-0.16053013703603883,0.014540732942878809,-0.014540732942878809,neutral
2015-09-16,2015,0.11537770367729211,-0.05526966285744177,1.56654434273266,-1.7415999239679325,0.03863585711021972,-0.18297660666073504,-0.04321471499432291,0.04321471499432291,neutral
2015-09-17,2015,0.14201969661851116,-0.05526966285744177,1.56654434273266,-1.7237231175816161,0.05176530277932362,-0.17919646140683043,-0.0329766499525656,0.0329766499525656,neutral
2015-09-18,2015,0.16200119132442542,-0.05526966285744177,1.56654434273266,-1.7478999727341558,0.20117412520206598,-0.11605434406372572,0.001749279933971351,-0.001749279933971351,neutral
2015-09-22,2015,0.20196418073625408,-0.05526966285744177,1.56654434273266,-1.7241413212496992,0.29324875734621036,-0.1250746465413122,0.026211941694445216,-0.026211941694445216,neutral
2015-09-23,2015,0.20196418073625408,-0.05526966285744177,1.56654434273266,-1.747632423682368,0.08238767642190492,-0.13409494901889848,-0.014350139277981525,0.014350139277981525,neutral
2015-09-25,2015,0.23161183737600713,-0.05526966285744177,1.56654434273266,-1.7159615356036946,0.040189128700373444,-0.14752111616600824,-0.013401167636350672,0.013401167636350672,neutral
2015-09-28,2015,0.3048773179643595,-0.05526966285744177,1.56654434273266,-1.720461782883941,0.35269065847672243,-0.09381644757756918,0.05909407097579832,-0.05909407097579832,neutral
2015-09-30,2015,0.3359596430624483,-0.05526966285744177,1.56654434273266,-1.7118126339642306,0.3841659318917291,-0.07598441576093613,0.07393386751737148,-0.07393386751737148,neutral
2015-10-02,2015,0.8302039917048752,0.27851081325622246,1.56654434273266,-1.6041123445354153,-0.016987807201344074,-0.052220809452347444,0.16698969775077513,-0.16698969775077513,neutral
2015-10-06,2015,0.7613788432733927,0.27851081325622246,1.56654434273266,-1.5717061527555198,0.2282800939995391,-0.09249931089367663,0.19508477160210294,-0.19508477160210294,neutral
2015-10-07,2015,0.7169755217046946,0.27851081325622246,1.56654434273266,-1.5802813836027358,-0.3556928585114136,-0.10110246709418391,0.08749232808087391,-0.08749232808087391,neutral
2015-10-09,2015,0.6545544494803295,0.27851081325622246,1.56654434273266,-1.5379490013315147,-0.22455633367675745,-0.13277781233500593,0.10072107635432233,-0.10072107635432233,neutral
2015-10-14,2015,0.6945174388921579,0.27851081325622246,1.56654434273266,-1.585178651823145,-0.303799948793774,-0.05683524726041042,0.09895979116728514,-0.09895979116728514,neutral
2015-10-15,2015,0.6834166084999834,0.27851081325622246,1.56654434273266,-1.5893256167067615,-0.6606658806034493,-0.07907314374656686,0.033234520572014654,-0.033234520572014654,neutral
2015-10-16,2015,0.6454173631384026,0.27851081325622246,1.56654434273266,-1.5838187602226823,-0.6179932145073572,-0.07907314374656686,0.03493123344177972,-0.03493123344177972,neutral
2015-10-20,2015,0.6187753701971835,0.27851081325622246,1.56654434273266,-1.5902368107547578,-0.748848407031077,-0.08767629994707415,0.00617816807552618,-0.00617816807552618,neutral
2015-10-21,2015,0.6209955362756187,0.27851081325622246,1.56654434273266,-1.5849159216793378,-0.21918853547058273,-0.0652298303223779,0.09945273413203375,-0.09945273413203375,neutral
2015-10-22,2015,0.6276560345109231,0.27851081325622246,1.56654434273266,-1.5762371738317256,-0.6559048268714116,-0.08347900841609035,0.026181696896763012,-0.026181696896763012,neutral
2015-10-23,2015,0.581254347655048,0.27851081325622246,1.56654434273266,-1.6027040343907586,-0.6641453828684615,-0.10110246709418391,0.009726269881754401,-0.009726269881754401,neutral
2015-10-26,2015,0.5879148458903528,0.27851081325622246,1.56654434273266,-1.606247562901478,-0.4049430378216494,-0.07865599746948769,0.057187233947770054,-0.057187233947770054,neutral
2015-10-27,2015,0.6034560084393973,0.27851081325622246,1.56654434273266,-1.612465804641168,-0.3971690841872399,-0.06082396565285462,0.06300871832450287,-0.06300871832450287,neutral
2015-10-28,2015,0.581254347655048,0.27851081325622246,1.56654434273266,-1.5639460189276146,-0.1832991841719307,-0.06460411090675934,0.10241003160627095,-0.10241003160627095,neutral
2015-10-29,2015,0.5634930190275687,0.27851081325622246,1.56654434273266,-1.5661897471885815,-0.4429568575635038,-0.12334036358034045,0.046010201114004175,-0.046010201114004175,neutral
2015-10-30,2015,0.5491301029086729,0.27851081325622246,1.56654434273266,-1.5521365752507494,-0.720106442709298,-0.09187359147805796,0.00501144157657496,-0.00501144157657496,neutral
2015-11-02,2015,0.5402494385949332,0.1332497023599683,1.56654434273266,-1.4169934727607032,-0.8417095860619983,-0.11872592577227746,-0.022897583484569568,0.022897583484569568,neutral
2015-11-03,2015,0.5247082760458888,0.1332497023599683,1.56654434273266,-1.4075574226964342,-0.4860547560879883,-0.14075524911989432,0.031689148872366665,-0.031689148872366665,neutral
2015-11-04,2015,0.5158276117321492,0.1332497023599683,1.56654434273266,-1.4277238733924913,-0.6281196633986177,-0.14474396751233862,0.002505692086888283,-0.002505692086888283,neutral
2015-11-05,2015,0.5313687742811936,0.1332497023599683,1.56654434273266,-1.4333558099710242,-0.7648721423075604,-0.14914983218186192,-0.019369160847770826,0.019369160847770826,neutral
2015-11-06,2015,0.5304123286423031,0.1332497023599683,1.56654434273266,-1.4473431912029728,-0.4546970926830619,-0.1850224689536677,0.02385727014920482,-0.02385727014920482,neutral
2015-11-09,2015,0.5570543215835223,0.1332497023599683,1.56654434273266,-1.4631925974811104,-0.41946306493365115,-0.1812423236997633,0.03215839676027094,-0.03215839676027094,neutral
2015-11-10,2015,0.5748156502110014,0.1332497023599683,1.56654434273266,-1.4654339852807468,-0.6549531708560825,-0.15879585407506705,-0.0007622191513777752,0.0007622191513777752,neutral
2015-11-12,2015,0.5992374770737856,0.1332497023599683,1.56654434273266,-1.481096771675972,-0.5900549252720834,-0.1451611137894178,0.013786451904823466,-0.013786451904823466,neutral
2015-11-13,2015,0.6290560817323301,0.1332497023599683,1.56654434273266,-1.4938801265366255,-0.3413133441193481,-0.12292321730326126,0.06178890647762062,-0.06178890647762062,neutral
2015-11-16,2015,0.6379367460460698,0.1332497023599683,1.56654434273266,-1.4322510062694906,-0.03137517634508154,-0.10026817454002553,0.12897273899735007,-0.12897273899735007,neutral
2015-11-17,2015,0.6179552513401555,0.1332497023599683,1.56654434273266,-1.421897223475378,-0.20294535341465908,-0.09586230987050205,0.09950740161204079,-0.09950740161204079,neutral
2015-11-18,2015,0.6201754174185904,0.1332497023599683,1.56654434273266,-1.4514586799986777,-0.32861937274291614,-0.10425689293246976,0.07260575280619251,-0.07260575280619251,neutral
2015-11-19,2015,0.6379367460460698,0.1332497023599683,1.56654434273266,-1.4354734177945574,-0.5204646568910225,-0.07698741236117103,0.050800884015324545,-0.050800884015324545,neutral
2015-11-20,2015,0.6589601604002703,0.1332497023599683,1.56654434273266,-1.4574531132769575,-0.6027727837089387,-0.0813932770306945,0.03618917191271797,-0.03618917191271797,neutral
2015-11-23,2015,0.665620658635575,0.1332497023599683,1.56654434273266,-1.4539393589594027,-0.8726929513575562,-0.058946807405998274,-0.00336073566579234,0.00336073566579234,neutral
2015-11-24,2015,0.6789416551061845,0.1332497023599683,1.56654434273266,-1.418717343074842,-0.7263192540675376,-0.0457292133974282,0.031328314943167436,-0.031328314943167436,neutral
2015-11-25,2015,0.6700609907924449,0.1332497023599683,1.56654434273266,-1.3831991764665625,-0.8558546216507836,-0.023491316911271664,0.017884986809409188,-0.017884986809409188,neutral
2015-11-30,2015,0.695610211312911,0.1332497023599683,1.56654434273266,-1.3603872638439711,-0.44077187448215716,0.012381319860534229,0.10110440632332425,-0.10110440632332425,neutral
2015-12-01,2015,0.695610211312911,0.19432061496541347,1.56654434273266,-1.2194578277693087,-0.6735481706893531,0.11840526174916809,0.11364573871691513,-0.11364573871691513,neutral
2015-12-02,2015,0.6822892148423015,0.19432061496541347,1.56654434273266,-1.206735384853747,-0.5755974452367376,0.10518766774059791,0.12766816836508135,-0.12766816836508135,neutral
2015-12-03,2015,0.6778488826854318,0.19432061496541347,1.56654434273266,-1.1843223891555497,-0.4645111289964502,-0.02088799380707174,0.12816538807073888,-0.12816538807073888,neutral
2015-12-04,2015,0.7132352131585279,0.19432061496541347,1.56654434273266,-1.2118971260702363,-0.772632080137386,0.033025247919907,0.087099368761481,-0.087099368761481,neutral
2015-12-07,2015,0.7443175382566167,0.19432061496541347,1.56654434273266,-1.2273974843930742,-0.5551801317395126,0.09533307270885315,0.13632299208849277,-0.13632299208849277,neutral
2015-12-08,2015,0.7753998633547058,0.19432061496541347,1.56654434273266,-1.267449322199079,-0.4643019240812898,0.07750104089222,0.14700243594410506,-0.14700243594410506,neutral
2015-12-09,2015,0.79094102590375,0.19432061496541347,1.56654434273266,-1.2517015838618235,-0.18959679970586682,0.08652134336980637,0.1995048239006566,-0.1995048239006566,neutral
2015-12-11,2015,0.9049896147609591,0.19432061496541347,1.56654434273266,-1.28742243202313,0.6425926653298926,0.13141428261919863,0.35873984806416565,-0.35873984806416565,stressed
2015-12-14,2015,0.9560534345649622,0.19432061496541347,1.56654434273266,-1.2673424555892423,0.06674883579316587,0.09595879212447193,0.2687139274319052,-0.2687139274319052,stressed
2015-12-15,2015,0.9027694486825242,0.19432061496541347,1.56654434273266,-1.2395589187728786,0.09046005869829082,0.051065852875079754,0.2609335665301816,-0.2609335665301816,stressed
2015-12-16,2015,0.87834762181974,0.19432061496541347,1.56654434273266,-1.2600392900056832,-0.10748657191654248,0.06029472849120573,0.22199690768113223,-0.22199690768113223,neutral
2015-12-17,2015,0.8850081200550447,0.19432061496541347,1.56654434273266,-1.2807632724555293,0.10335570304361891,0.08756420906250445,0.259338286233952,-0.259338286233952,stressed
2015-12-18,2015,0.9568735534219904,0.19432061496541347,1.56654434273266,-1.27694748795155,0.13849607158074947,0.1011989493481537,0.2800810073495695,-0.2800810073495695,stressed
2015-12-21,2015,0.9679743838141649,0.19432061496541347,1.56654434273266,-1.2673424555892423,-0.0884687267674874,0.1095935324101213,0.2471036152609383,-0.2471036152609383,stressed
2015-12-23,2015,0.9235710622454665,0.19432061496541347,1.56654434273266,-1.183772569018531,-0.380159500233347,0.05190014542923812,0.19540068268681668,-0.19540068268681668,neutral
2015-12-29,2015,0.9305734565183542,0.19432061496541347,1.56654434273266,-1.1300008246078226,-0.4679451645815024,0.056931729514380296,0.19173735909024714,-0.19173735909024714,neutral
2016-01-06,2016,1.0124296314093426,0.19809212491473266,1.56654434273266,-0.7938828125793804,-0.3251576602227923,0.18671927771160277,0.30745748399436085,-0.30745748399436085,stressed
2016-01-07,2016,1.0412917904289964,0.19809212491473266,1.56654434273266,-0.8933661798770912,0.2520196394505516,0.18651070457306318,0.3918487370371522,-0.3918487370371522,stressed
2016-01-08,2016,1.0606587355336032,0.19809212491473266,1.56654434273266,-0.912730670176578,0.4673641838675746,0.20434273638969633,0.43071190887694816,-0.43071190887694816,stressed
2016-01-11,2016,1.0784200641610824,0.19809212491473266,1.56654434273266,-0.9234331390083118,0.26502192665914376,0.17266739114887422,0.39288545176803025,-0.39288545176803025,stressed
2016-01-13,2016,1.1206032196513458,0.19809212491473266,1.56654434273266,-0.9289944697223405,0.868417118344888,0.2444126646924859,0.5115125001022953,-0.5115125001022953,severe_stress
2016-01-19,2016,1.222509058468094,0.19809212491473266,1.56654434273266,-1.020413210777922,0.5469089534789278,0.26623341490156327,0.46331244728634263,-0.46331244728634263,stressed
2016-01-22,2016,1.2337808368790601,0.19809212491473266,1.56654434273266,-0.9477623282321751,0.12872272772210552,0.27924243577159386,0.40977002329799617,-0.40977002329799617,stressed
2016-01-26,2016,1.2249001725653204,0.19809212491473266,1.56654434273266,-1.0466639689659003,0.2203112740599613,0.31952093721292313,0.4137841470866162,-0.4137841470866162,stressed
2016-01-27,2016,1.213799342173146,0.19809212491473266,1.56654434273266,-1.004832107840512,-0.04547682549545129,0.3102920615967972,0.37306982301356206,-0.37306982301356206,stressed
2016-01-28,2016,1.207138843937841,0.19809212491473266,1.56654434273266,-0.9461329777321464,0.0640134942614266,0.3369358227524771,0.4044319418111652,-0.4044319418111652,stressed
2016-01-29,2016,1.2143630390019868,0.19809212491473266,1.56654434273266,-0.9172099275498639,-0.26763955485149815,0.3499448436225076,0.35734914464508755,-0.35734914464508755,stressed
2016-02-01,2016,1.2254638693941615,-0.34108287834174617,1.56654434273266,-1.1362574697277381,0.8619250708516004,0.3781516229413861,0.4257907596417206,-0.4257907596417206,stressed
2016-02-02,2016,1.267647024884425,-0.34108287834174617,1.56654434273266,-1.1913006788879008,0.4995918433759661,0.43626215619934844,0.3729436349937921,-0.3729436349937921,stressed
2016-02-03,2016,1.2787478552765994,-0.34108287834174617,1.56654434273266,-1.0042152695560984,0.11239783795128552,0.4089926756280498,0.33689742728179173,-0.33689742728179173,stressed
2016-02-04,2016,1.2787478552765994,-0.34108287834174617,1.56654434273266,-1.1663191746649233,-0.1373391721979792,0.39116064381141663,0.26528526943600456,-0.26528526943600456,stressed
2016-02-05,2016,1.298336601172464,-0.34108287834174617,1.56654434273266,-1.1647507184410841,-0.003541158794808097,0.4230445621907783,0.29642512508637736,-0.29642512508637736,stressed
2016-02-08,2016,1.389363410388296,-0.34108287834174617,1.56654434273266,-1.176605300707963,0.5942688203438334,0.4941641163187713,0.42110875178897517,-0.42110875178897517,stressed
2016-02-09,2016,1.41378523725108,-0.34108287834174617,1.56654434273266,-1.2001187252533203,0.23531598421621125,0.5082160028814998,0.3637766605810641,-0.3637766605810641,stressed
2016-02-10,2016,1.3938037425451657,-0.34108287834174617,1.56654434273266,-1.2045857820684391,0.5340102445414878,0.5489116505999083,0.41626688666817274,-0.41626688666817274,stressed
2016-02-11,2016,1.469289389211953,-0.34108287834174617,1.56654434273266,-1.2215633303288256,0.9182853320814848,0.5755554117555882,0.4945047111851857,-0.4945047111851857,stressed
2016-02-12,2016,1.41822556940795,-0.34108287834174617,1.56654434273266,-1.1740795693556567,0.43386358479505355,0.5174448784976259,0.4034859879559811,-0.4034859879559811,stressed
2016-02-16,2016,1.3760424139176861,-0.34108287834174617,1.56654434273266,-1.174757273451761,0.11527741834023286,0.4952069820114693,0.33953850086809023,-0.33953850086809023,stressed
2016-02-17,2016,1.3227584280352485,-0.34108287834174617,1.56654434273266,-1.1354529861695546,0.45198209507549986,0.4681460745787102,0.3888158459851363,-0.3888158459851363,stressed
2016-02-18,2016,1.3138777637215087,-0.34108287834174617,1.56654434273266,-1.144805365303056,0.4665694594237179,0.5084245760200394,0.3949213163755206,-0.3949213163755206,stressed
2016-02-19,2016,1.3164052046005974,-0.34108287834174617,1.56654434273266,-1.1842371229418018,0.11906836476689389,0.5268823272522914,0.3339300396781491,-0.3339300396781491,stressed
2016-02-22,2016,1.2853228795025087,-0.34108287834174617,1.56654434273266,-1.1361849103216668,-0.21953175331301536,0.5359026297298778,0.281828384998103,-0.281828384998103,stressed
2016-02-23,2016,1.2875430455809433,-0.34108287834174617,1.56654434273266,-1.1100612843361979,-0.07449736440711846,0.5493287968769875,0.3129624430175881,-0.3129624430175881,stressed
2016-02-24,2016,1.3030842081299878,-0.34108287834174617,1.56654434273266,-1.147598949534194,-0.056216502719168226,0.5400999212608616,0.3108050235880668,-0.3108050235880668,stressed
2016-02-25,2016,1.2831027134240738,-0.34108287834174617,1.56654434273266,-1.102722156839568,-0.22889967099232278,0.5579319530774947,0.28914571717676524,-0.28914571717676524,stressed
2016-02-26,2016,1.2033985353916745,-0.34108287834174617,1.56654434273266,-1.091680486810349,-0.29721182310691024,0.5541518078235901,0.2656865829481532,-0.2656865829481532,stressed
2016-02-29,2016,1.1922977049995,-0.34108287834174617,1.56654434273266,-1.0518691216431442,-0.04218530320015895,0.5629635371626369,0.3144447136182913,-0.3144447136182913,stressed
2016-03-01,2016,1.1279128887248875,0.09281968219034903,-1.2434124447998331,-0.9453881797626896,-0.41238577291404266,0.5023899953346624,-0.14634397187111106,0.14634397187111106,neutral
2016-03-02,2016,1.0946103975483634,0.09281968219034903,-1.2434124447998331,-0.9227019517603176,-0.5256635879626848,0.5065872868656461,-0.1662934363197461,0.1662934363197461,neutral
2016-03-03,2016,1.087949899313059,0.09281968219034903,-1.2434124447998331,-0.9122050644797777,-0.5017664175263516,0.4803606719870455,-0.16604227888591816,0.16604227888591816,neutral
2016-03-04,2016,1.0233086610102589,0.09281968219034903,-1.2434124447998331,-0.9032934893722802,-0.5035063459959057,0.45350833769282595,-0.18009593321243086,0.18009593321243086,neutral
2016-03-07,2016,1.0122078306180844,0.09281968219034903,-1.2434124447998331,-0.8414342038603887,-0.35534315681066075,0.45350833769282595,-0.14694232582827052,0.14694232582827052,neutral
2016-03-08,2016,1.0366296574808684,0.09281968219034903,-1.2434124447998331,-0.9114619345561968,-0.10417319499933832,0.49860985008075787,-0.10516473076723216,0.10516473076723216,neutral
2016-03-09,2016,1.0388498235593036,0.09281968219034903,-1.2434124447998331,-0.9153070017629331,-0.37819022185982487,0.4491024730233025,-0.15935628160827264,0.15935628160827264,neutral
2016-03-10,2016,1.0144279966965193,0.09281968219034903,-1.2434124447998331,-0.9049523853327969,-0.5382095306072602,0.44469660835377917,-0.18910501224987375,0.18910501224987375,neutral
2016-03-11,2016,0.9439972317879097,0.09281968219034903,-1.2434124447998331,-0.9193926073653568,-0.675108990160115,0.4224587118676227,-0.22977306941323727,0.22977306941323727,neutral
2016-03-14,2016,0.9262359031604303,0.09281968219034903,-1.2434124447998331,-0.992225595694273,-0.4393676319087713,0.43588487901473244,-0.20334420133956096,0.20334420133956096,neutral
2016-03-15,2016,0.9484375639447794,0.09281968219034903,-1.2434124447998331,-0.9700418180765012,-0.5141650248529187,0.4404993168227955,-0.20764378746188816,0.20764378746188816,neutral
2016-03-16,2016,0.9706392247291288,0.09281968219034903,-1.2434124447998331,-0.9195934720168717,-0.6437311498976928,0.40358381435829155,-0.22328239090610472,0.22328239090610472,neutral
2016-03-17,2016,0.9439972317879097,0.09281968219034903,-1.2434124447998331,-0.8624945059579833,-0.7592209634175937,0.4218329924520039,-0.23441300129085793,0.23441300129085793,neutral
2016-03-18,2016,0.9020358770889043,0.09281968219034903,-1.2434124447998331,-0.9220694712772485,-0.6449805411411502,0.4394564511300974,-0.22935840780148017,0.22935840780148017,neutral
2016-03-21,2016,0.8887148806182948,0.09281968219034903,-1.2434124447998331,-0.8948209132239521,-0.4099987303210155,0.4216244193134642,-0.1908455177037821,0.1908455177037821,neutral
2016-03-22,2016,0.8975955449320345,0.09281968219034903,-1.2434124447998331,-0.9621234667193304,-0.6593005889830157,0.4176357009210201,-0.24279759540979592,0.24279759540979592,neutral
2016-03-23,2016,0.9197972057163836,0.09281968219034903,-1.2434124447998331,-0.9796813003659731,-0.329348146778253,0.4532997645542864,-0.18108753991384008,0.18108753991384008,neutral
2016-03-24,2016,0.9508795308144724,0.09281968219034903,-1.2434124447998331,-1.0104944647516418,-0.6524861620499514,0.4354677327376532,-0.23787102097649193,0.23787102097649193,neutral
2016-03-28,2016,0.950708582795681,0.09281968219034903,-1.2434124447998331,-0.965457136708351,-0.15950320489414174,0.4491024730233025,-0.1459570080654989,0.1459570080654989,neutral
2016-03-29,2016,0.9840110739722047,0.09281968219034903,-1.2434124447998331,-1.0017752840800975,-0.5697712381593465,0.4440708889381604,-0.21567622032309386,0.21567622032309386,neutral
2016-03-30,2016,0.9595892471094207,0.09281968219034903,-1.2434124447998331,-1.0066088405970017,-0.14471757090889162,0.40358381435829155,-0.15645768544127756,0.15645768544127756,neutral
2016-03-31,2016,0.9640295792662904,0.09281968219034903,-1.2434124447998331,-1.0257436875226749,-0.8295294092956154,0.4392478779915578,-0.26709806702832106,0.26709806702832106,neutral
2016-04-01,2016,1.0634590749742627,0.25816514324815365,-1.2434124447998331,-0.951059571630128,-0.9486228189489286,0.45872856037027615,-0.22712367613103282,0.22712367613103282,neutral
2016-04-04,2016,1.0590187428173932,0.25816514324815365,-1.2434124447998331,-0.9769389257003196,-0.7953570996910058,0.4631344250397995,-0.20589835984763538,0.20589835984763538,neutral
2016-04-05,2016,1.081220403601742,0.25816514324815365,-1.2434124447998331,-0.9609216751259422,-0.7938380048285879,0.4943926240035425,-0.1940656589834875,0.1940656589834875,neutral
2016-04-06,2016,1.061238908895828,0.25816514324815365,-1.2434124447998331,-0.9061848834030212,-0.8198921267370995,0.4719461543788463,-0.19635654140285433,0.19635654140285433,neutral
2016-04-08,2016,1.0549711594705729,0.25816514324815365,-1.2434124447998331,-0.8644854360025064,-0.7620557864747732,0.4941840508650029,-0.17710555228223057,0.17710555228223057,neutral
2016-04-13,2016,0.9839258449606554,0.25816514324815365,-1.2434124447998331,-0.8172376263515931,-0.8279990244809734,0.4721547275173859,-0.19573389665103413,0.19573389665103413,neutral
2016-04-14,2016,0.959504018097871,0.25816514324815365,-1.2434124447998331,-0.8435637897331233,-0.9702109124355149,0.44991683103122937,-0.23160019243186955,0.23160019243186955,neutral
2016-04-15,2016,0.9598967669079208,0.25816514324815365,-1.2434124447998331,-0.8836794119850208,-0.7294223939159812,0.4721547275173859,-0.19438293550456243,0.19438293550456243,neutral
2016-04-18,2016,0.9598967669079208,0.25816514324815365,-1.2434124447998331,-0.9094231542230503,-0.6635280259216048,0.45872856037027615,-0.18992885906968957,0.18992885906968957,neutral
2016-04-19,2016,0.924374109652962,0.25816514324815365,-1.2434124447998331,-0.881812951765129,-1.0163541938913474,0.4545312688392924,-0.25075151145265023,0.25075151145265023,neutral
2016-04-20,2016,0.8910716184764382,0.25816514324815365,-1.2434124447998331,-0.8452154506510392,-0.8458084936467233,0.42306449673700985,-0.22702252177266566,0.22702252177266566,neutral
2016-04-21,2016,0.8866312863195684,0.25816514324815365,-1.2434124447998331,-0.8560968672987035,-0.8469474840209565,0.40523246492037684,-0.23273798360523235,0.23273798360523235,neutral
2016-04-22,2016,0.8839328974216881,0.25816514324815365,-1.2434124447998331,-0.8707487597086369,-0.2756862448282913,0.4054410380589164,-0.1403847284346672,0.1403847284346672,neutral
2016-04-25,2016,0.890593395656993,0.25816514324815365,-1.2434124447998331,-0.8656974410675152,-0.6290453361776347,0.40082660025085337,-0.19809501381483052,0.19809501381483052,neutral
2016-04-26,2016,0.8772723991863834,0.25816514324815365,-1.2434124447998331,-0.8554745440346272,-0.7233777722127497,0.3739742659566339,-0.2188088254426732,0.2188088254426732,neutral
2016-04-27,2016,0.8750522331079486,0.25816514324815365,-1.2434124447998331,-0.8017539274025003,-0.7963207231380629,0.4232730698755495,-0.21416610818479076,0.21416610818479076,neutral
2016-04-28,2016,0.8617312366373392,0.25816514324815365,-1.2434124447998331,-0.8089725276659974,-0.8543276561023497,0.4184500589289469,-0.2280610316256234,0.2280610316256234,neutral
2016-04-29,2016,0.8728320670295137,0.25816514324815365,-1.2434124447998331,-0.8068538918823721,-0.5339509655987028,0.4228559235984702,-0.17172736140079511,0.17172736140079511,neutral
2016-05-02,2016,0.8550707384020342,0.175043646568876,-1.2434124447998331,-0.8609230998586305,-0.4746351589064144,0.3915977246347275,-0.19287643232654006,0.19287643232654006,neutral
2016-05-03,2016,0.8883732295785579,0.175043646568876,-1.2434124447998331,-0.8789405063757633,-0.619326023098815,0.42726178826799366,-0.20850005164316396,0.20850005164316396,neutral
2016-05-04,2016,0.9061345582060373,0.175043646568876,-1.2434124447998331,-0.872810986871909,-0.592370824819902,0.43649066388411956,-0.19848756463876857,0.19848756463876857,neutral
2016-05-05,2016,0.9127950564413422,0.175043646568876,-1.2434124447998331,-0.8318967830057459,-0.6855338517590078,0.4541141225622132,-0.20314837566535926,0.20314837566535926,neutral
2016-05-06,2016,0.928814441809832,0.175043646568876,-1.2434124447998331,-0.8511512067075362,-0.8068642109662917,0.43187622607605664,-0.22761559133648276,0.22761559133648276,neutral
2016-05-09,2016,0.9399152722020064,0.175043646568876,-1.2434124447998331,-0.8885864509008093,-0.589036238891602,0.46271727876272034,-0.190559822843107,0.190559822843107,neutral
2016-05-10,2016,0.924374109652962,0.175043646568876,-1.2434124447998331,-0.8481593796806809,-0.6410939030636973,0.46271727876272034,-0.19508844875994222,0.19508844875994222,neutral
2016-05-11,2016,0.9110531131823526,0.175043646568876,-1.2434124447998331,-0.8040403438815538,-0.6222203127061945,0.5168390936282385,-0.17778954133468572,0.17778954133468572,neutral
2016-05-12,2016,0.902172448868613,0.175043646568876,-1.2434124447998331,-0.7874903706373538,-0.6745487126508503,0.5124332289587152,-0.18596703394863887,0.18596703394863887,neutral
2016-05-13,2016,0.9159716681586675,0.175043646568876,-1.2434124447998331,-0.7989249039375524,-0.5495590328315698,0.5573261682081075,-0.15725914977221742,0.15725914977221742,neutral
2016-05-16,2016,0.8915498412958834,0.175043646568876,-1.2434124447998331,-0.7731375347476627,-0.3930537577509787,0.5306824070524275,-0.13538797373021458,0.13538797373021458,neutral
2016-05-18,2016,0.8604675161977946,0.175043646568876,-1.2434124447998331,-0.8042830780477899,-0.6980804718830872,0.48200932254913065,-0.20470925156915146,0.20470925156915146,neutral
2016-05-19,2016,0.8893296752174485,0.175043646568876,-1.2434124447998331,-0.8187284869164962,-0.4521419082380591,0.4998413543657638,-0.15834469396705,0.15834469396705,neutral
2016-05-20,2016,0.8778360960152244,0.175043646568876,-1.2434124447998331,-0.8041852390577892,-0.810301681751896,0.5086530837048105,-0.21606108988676795,0.21606108988676795,neutral
2016-05-24,2016,0.8578546013093101,0.175043646568876,-1.2434124447998331,-0.7890069151223774,-0.5502498721332105,0.5222878239904599,-0.1712471933644625,0.1712471933644625,neutral
2016-05-25,2016,0.8378731066033959,0.175043646568876,-1.2434124447998331,-0.7542709901570356,-0.7114440576157193,0.5044557921738267,-0.19862582453774827,0.19862582453774827,neutral
2016-05-26,2016,0.8467537709171356,0.175043646568876,-1.2434124447998331,-0.7869125629930158,-0.9810018786523522,0.5086530837048105,-0.24681273087572983,0.24681273087572983,neutral
2016-05-27,2016,0.853499743161836,0.175043646568876,-1.2434124447998331,-0.7981054709303482,-1.0380168018863178,0.5088616568433503,-0.25702161184040623,0.25702161184040623,neutral
2016-05-31,2016,0.8290779162990519,0.175043646568876,-1.2434124447998331,-0.7822485077928231,-0.7141824796739147,0.5128503752357944,-0.20381191569380808,0.20381191569380808,neutral
2016-06-01,2016,0.8379585806127915,0.13661599602800611,-1.2434124447998331,-0.7451520652978827,-0.7117291479326158,0.5105103074054355,-0.20253479566401644,0.20253479566401644,neutral
2016-06-02,2016,0.8357384145343566,0.13661599602800611,-1.2434124447998331,-0.7511086915967325,-0.7914564458089688,0.5329567770301314,-0.21344439910217336,0.21344439910217336,neutral
2016-06-03,2016,0.8638150759339115,0.13661599602800611,-1.2434124447998331,-0.7575551832927555,-0.7212594329537712,0.5768068505868258,-0.19083152308293608,0.19083152308293608,neutral
2016-06-06,2016,0.8438335812279972,0.13661599602800611,-1.2434124447998331,-0.7467033252418992,-0.04316255590901569,0.5591833919087322,-0.08227422613100205,0.08227422613100205,neutral
2016-06-07,2016,0.8260722526005179,0.13661599602800611,-1.2434124447998331,-0.7225840682842534,-0.07983708320109234,0.5589748187701927,-0.08736175481441034,0.08736175481441034,neutral
2016-06-08,2016,0.8038705918161687,0.13661599602800611,-1.2434124447998331,-0.7128805563550745,-0.7377665281841834,0.5503716625696854,-0.2005335464875385,0.2005335464875385,neutral
2016-06-09,2016,0.8127512561299084,0.13661599602800611,-1.2434124447998331,-0.7416087103446444,-0.6647053057036302,0.5816298615334284,-0.18645489119279413,0.18645489119279413,neutral
2016-06-10,2016,0.8488376102137082,0.13661599602800611,-1.2434124447998331,-0.7520232402867242,-0.29531531773997954,0.5992533202115219,-0.11767401272888346,0.11767401272888346,neutral
2016-06-14,2016,0.8954610978608416,0.13661599602800611,-1.2434124447998331,-0.7540404505263562,0.09907013857949337,0.626314227644281,-0.039998572535594544,0.039998572535594544,neutral
2016-06-15,2016,0.8932409317824064,0.13661599602800611,-1.2434124447998331,-0.7483335050405682,0.03489245760506318,0.6168767788896153,-0.05168663092255169,0.05168663092255169,neutral
2016-06-20,2016,0.8640714979620987,0.13661599602800611,-1.2434124447998331,-0.6974682984545733,0.011476260010050768,0.5856185799258725,-0.05718306822139637,0.05718306822139637,neutral
2016-06-22,2016,0.855190833648359,0.13661599602800611,-1.2434124447998331,-0.6217250068737905,0.6660034271545294,0.5677865481092396,0.06007655887775174,-0.06007655887775174,neutral
2016-06-23,2016,0.8263286746287051,0.13661599602800611,0.06589438152413227,-0.6150021755843177,0.16543078613110263,0.5541518078235901,0.18890324509186973,-0.18890324509186973,neutral
2016-06-28,2016,0.9773854419716755,0.13661599602800611,0.06589438152413227,-0.652393027372271,1.2088467751639518,0.7062455111113207,0.4070991797378026,-0.4070991797378026,stressed
2016-06-29,2016,0.928541788246107,0.13661599602800611,0.06589438152413227,-0.6014998460607219,0.2874185013261396,0.6747787390090383,0.24862492667878355,-0.24862492667878355,stressed
2016-06-30,2016,0.9174409578539325,0.13661599602800611,0.06589438152413227,-0.6511873256072271,-0.2062464082260388,0.6653412902543726,0.1546431486378629,-0.1546431486378629,neutral
2016-07-01,2016,0.8022397064252167,0.12186472999637374,0.06589438152413227,-0.6397150581799357,-0.17953697870263022,0.7116743069273106,0.14707018133174457,-0.14707018133174457,neutral
2016-07-05,2016,0.8111203707389564,0.12186472999637374,0.06589438152413227,-0.678418949285355,-0.26760773336768173,0.7790137158013989,0.13864441923463744,-0.13864441923463744,neutral
2016-07-06,2016,0.8066800385820865,0.12186472999637374,0.06589438152413227,-0.648909124521306,0.4586427506352687,0.7748164242704151,0.2631648667478284,-0.2631648667478284,stressed
2016-07-07,2016,0.7800380456408673,0.12186472999637374,0.06589438152413227,-0.7054022603234235,-0.10348745272832142,0.7655875486542891,0.15408249879398628,-0.15408249879398628,neutral
2016-07-14,2016,0.6499192186427022,0.12186472999637374,0.06589438152413227,-0.6422050819620048,-0.7884507072444211,0.7076855885348664,0.019118021581941463,-0.019118021581941463,neutral
2016-07-15,2016,0.6400821086900718,0.12186472999637374,0.06589438152413227,-0.6528088415060306,-0.9525241503104693,0.6583867846159507,-0.019850831164995236,0.019850831164995236,neutral
2016-07-18,2016,0.6445224408469418,0.12186472999637374,0.06589438152413227,-0.6635291266168755,-0.3366130959621737,0.6535637736693481,0.0809505172429578,-0.0809505172429578,neutral
2016-07-19,2016,0.6467426069253767,0.12186472999637374,0.06589438152413227,-0.6464402845996005,-0.9663604994586541,0.6854476920487098,-0.015475228927277004,0.015475228927277004,neutral
2016-07-20,2016,0.6356417765332021,0.12186472999637374,0.06589438152413227,-0.5959250278312631,-0.9345748618386315,0.6766359627096631,-0.005077173151087226,0.005077173151087226,neutral
2016-07-21,2016,0.637861942611637,0.12186472999637374,0.06589438152413227,-0.6318363874565771,-0.9205252110295743,0.6808332542406469,-0.00765121501889358,0.00765121501889358,neutral
2016-07-22,2016,0.6280248326590067,0.12186472999637374,0.06589438152413227,-0.6307238593368582,-0.8054325983288979,0.6898535567182332,0.011580173871998315,-0.011580173871998315,neutral
2016-07-25,2016,0.6280248326590067,0.12186472999637374,0.06589438152413227,-0.6451356354758954,-0.5798863970983826,0.6810418273791864,0.045300623164070186,-0.045300623164070186,neutral
2016-07-26,2016,0.6413458291296162,0.12186472999637374,0.06589438152413227,-0.6316751636388832,-0.7426369506318452,0.6994995786114385,0.0257154008318054,-0.0257154008318054,neutral
2016-07-27,2016,0.6546668256002257,0.12186472999637374,0.06589438152413227,-0.6631411917624531,-0.22270494031569069,0.7353722153832442,0.11532533673763869,-0.11532533673763869,neutral
2016-07-28,2016,0.6613273238355305,0.12186472999637374,0.06589438152413227,-0.6393040099872088,-0.6083419002099133,0.704322589558041,0.050960519119492564,-0.050960519119492564,neutral
2016-07-29,2016,0.6701225141398744,0.12186472999637374,0.06589438152413227,-0.6315567194694596,-0.66464922655095,0.7485898093918144,0.051710914838630884,-0.051710914838630884,neutral
2016-08-01,2016,0.6878838427673539,0.18088535742411946,0.06589438152413227,-0.5589961613530349,-0.6428471539239875,0.713740103766475,0.07442672836750973,-0.07442672836750973,neutral
2016-08-02,2016,0.6967645070810935,0.18088535742411946,0.06589438152413227,-0.5776275302515852,-0.7229467174711973,0.6776588938561295,0.05343814869378205,-0.05343814869378205,neutral
2016-08-03,2016,0.6945443410026586,0.18088535742411946,0.06589438152413227,-0.5309296486796755,-0.903075346689105,0.6732530291866062,0.03009535229478934,-0.03009535229478934,neutral
2016-08-04,2016,0.6790031784536142,0.18088535742411946,0.06589438152413227,-0.5183622665482895,-0.9065945092552613,0.6866791963337159,0.03125088965533851,-0.03125088965533851,neutral
2016-08-05,2016,0.6341216340654704,0.18088535742411946,0.06589438152413227,-0.47225770558242663,-0.6133323038459192,0.6602440083165755,0.07592589531699197,-0.07592589531699197,neutral
2016-08-08,2016,0.6252409697517308,0.18088535742411946,0.06589438152413227,-0.4461987837443368,-0.4470010568889004,0.6826904779412718,0.1102518910013362,-0.1102518910013362,neutral
2016-08-09,2016,0.6119199732811214,0.18088535742411946,0.06589438152413227,-0.4381222561165537,-0.8157357691063424,0.6961166450883814,0.05015972201580975,-0.05015972201580975,neutral
2016-08-10,2016,0.616360305437991,0.18088535742411946,0.06589438152413227,-0.39997039110239263,-0.620489255207568,0.7275834171906638,0.09504396921115765,-0.09504396921115765,neutral
2016-08-11,2016,0.6008191428889466,0.18088535742411946,0.06589438152413227,-0.3791080512359421,-0.9633790344973145,0.6967423645040002,0.03364236010132365,-0.03364236010132365,neutral
2016-08-12,2016,0.6074796411242515,0.18088535742411946,0.06589438152413227,-0.33114288527078256,-0.8141243699906524,0.7321978549987268,0.07353166330163251,-0.07353166330163251,neutral
2016-08-15,2016,0.5830578142614674,0.18088535742411946,0.06589438152413227,-0.4173519975659443,-0.5627086234894816,0.7095428122354912,0.09321995739829742,-0.09321995739829742,neutral
2016-08-17,2016,0.5741771499477277,0.18088535742411946,0.06589438152413227,-0.5546689500865,-0.5939199837299998,0.7053455207045074,0.06295224596399786,-0.06295224596399786,neutral
2016-08-19,2016,0.5679948745318683,0.18088535742411946,0.06589438152413227,-0.44966696724730987,-0.8869510977335813,0.6965337913654607,0.02911505664411494,-0.02911505664411494,neutral
2016-08-22,2016,0.5746553727671728,0.18088535742411946,0.06589438152413227,-0.5001746200754025,-0.9413691278485438,0.7191888341286963,0.016513366320029105,-0.016513366320029105,neutral
2016-08-23,2016,0.5657747084534331,0.18088535742411946,0.06589438152413227,-0.4650944430117903,-0.9275878097650949,0.7143658231820936,0.022373002967815542,-0.022373002967815542,neutral
2016-08-24,2016,0.5635545423749982,0.18088535742411946,0.06589438152413227,-0.6808988630500172,-0.816010956298711,0.7189802609901568,0.005400787160779759,-0.005400787160779759,neutral
2016-08-25,2016,0.5657747084534331,0.18088535742411946,0.06589438152413227,-0.4762500618321391,-0.4787412437633072,0.7189802609901568,0.09609056713273256,-0.09609056713273256,neutral
2016-08-26,2016,0.5503190199137845,0.18088535742411946,0.06589438152413227,-0.41404466829246417,-0.1997631998349908,0.7149915425977125,0.14971373888871564,-0.14971373888871564,neutral
2016-08-31,2016,0.563640016384394,0.18088535742411946,0.06589438152413227,-0.48615543855403603,-0.7962311606714947,0.7282091366062827,0.0427070487855663,-0.0427070487855663,neutral
2016-09-08,2016,0.5486625506641906,0.283572680730702,0.06589438152413227,-0.20745639237314642,-1.0254794074072624,0.7007310828964443,0.060987482672510064,-0.060987482672510064,neutral
2016-09-26,2016,0.6025957073848653,0.283572680730702,0.06589438152413227,-0.3278293706780317,-0.8297280176723997,0.6654841655402572,0.07666492447158758,-0.07666492447158758,neutral
2016-09-28,2016,0.5981553752279954,0.283572680730702,0.06589438152413227,-0.24263248694140901,-0.9435247243617144,0.6877220620264138,0.07486454803435337,-0.07486454803435337,neutral
2016-09-29,2016,0.5870545448358209,0.283572680730702,0.06589438152413227,-0.21819211911192096,-0.6990170799402322,0.6831076242183508,0.11707000537614214,-0.11707000537614214,neutral
2016-09-30,2016,0.5563649685477815,0.283572680730702,0.06589438152413227,-0.2165083728932047,-0.8965815576940253,0.6787017595488273,0.07857397662736887,-0.07857397662736887,neutral
2016-10-04,2016,0.30557091738483594,-0.22530971886537454,0.06589438152413227,-0.11992217509470941,-0.761319125819076,0.6382146849689585,-0.01614517265020554,0.01614517265020554,neutral
2016-10-05,2016,0.2900297548357917,-0.22530971886537454,0.06589438152413227,-0.05990550790112519,-0.677719883149358,0.6205912262908652,0.002263375455821892,-0.002263375455821892,neutral
2016-10-11,2016,0.27392489545790627,-0.22530971886537454,0.06589438152413227,0.018518823795643142,-0.5650290063257968,0.5979361835276293,0.027655926519023283,-0.027655926519023283,neutral
2016-10-12,2016,0.27392489545790627,-0.22530971886537454,0.06589438152413227,0.024914694449370372,-0.4802436129031252,0.5887073079115034,0.04131465792906875,-0.04131465792906875,neutral
2016-10-13,2016,0.28946605800695074,-0.22530971886537454,0.06589438152413227,0.032707710749560116,-0.48607254583287635,0.5847185895190592,0.04356741251690857,-0.04356741251690857,neutral
2016-10-14,2016,0.2537724527332005,-0.22530971886537454,0.06589438152413227,-0.04608456734887569,-0.2906752773498858,0.5438143686621112,0.05023527322588465,-0.05023527322588465,neutral
2016-10-17,2016,0.26265311704694017,-0.22530971886537454,0.06589438152413227,-0.057501301525555736,-0.003516498648815383,0.5658436920097282,0.10134394525684248,-0.10134394525684248,neutral
2016-10-18,2016,0.2537724527332005,-0.22530971886537454,0.06589438152413227,-0.06456254374311085,-0.6447682716338781,0.5884987347729638,-0.004412494202011156,0.004412494202011156,neutral
2016-10-19,2016,0.24045145626259104,-0.22530971886537454,0.06589438152413227,-0.021530062776169884,-0.5894836965503465,0.5792698591568378,0.008215369791945037,-0.008215369791945037,neutral
2016-10-20,2016,0.23157079194885136,-0.22530971886537454,0.06589438152413227,-0.09600696265202026,-0.7461376619079536,0.5931131725810268,-0.029479332895222993,0.029479332895222993,neutral
2016-10-21,2016,0.2167296530105103,-0.22530971886537454,0.06589438152413227,-0.05005453666907792,-0.8993025446814285,0.6067479128666761,-0.04754914213576037,0.04754914213576037,neutral
2016-10-24,2016,0.21228932085364038,-0.22530971886537454,0.06589438152413227,-0.03266376119182726,-0.7269078700570342,0.5752811407643936,-0.021902751162011607,0.021902751162011607,neutral
2016-10-25,2016,0.21228932085364038,-0.22530971886537454,0.06589438152413227,-0.02466332958631227,-0.23770797270752494,0.5889158810500429,0.0632364270447673,-0.0632364270447673,neutral
2016-10-26,2016,0.22561031732425,-0.22530971886537454,0.06589438152413227,-0.029615173375828863,-0.772722320083458,0.5664694114253469,-0.028278850341822037,0.028278850341822037,neutral
2016-10-27,2016,0.23227081555955484,-0.22530971886537454,0.06589438152413227,-0.01571896924984245,-0.3159910449039408,0.5037444403593215,0.040814984070641804,-0.040814984070641804,neutral
2016-10-28,2016,0.23027245027237786,-0.22530971886537454,0.06589438152413227,-0.0042547075097648475,-0.33798933879507953,0.4901097000736721,0.03645379444999389,-0.03645379444999389,neutral
2016-10-31,2016,0.26357494144890176,-0.22530971886537454,0.06589438152413227,-0.017862037983445284,-0.08922724204509629,0.5257737637069385,0.08714068129767606,-0.08714068129767606,neutral
2016-11-01,2016,0.29465726654699054,0.10719434982866738,0.06589438152413227,0.05589093265266498,-0.3785775195545215,0.5312025595229282,0.11271032842014365,-0.11271032842014365,neutral
2016-11-02,2016,0.31685892733133986,0.10719434982866738,0.06589438152413227,-0.009294739416160241,-0.18475200582042087,0.5488260182010217,0.14078782194143002,-0.14078782194143002,neutral
2016-11-03,2016,0.31685892733133986,0.10719434982866738,0.06589438152413227,0.0007563849792026992,0.06347784502946574,0.5442115803929588,0.18306557818096114,-0.18306557818096114,neutral
2016-11-04,2016,0.3117694243362333,0.10719434982866738,0.06589438152413227,-0.015726545669829024,0.3012674635168682,0.5666580500176549,0.22284285392562117,-0.22284285392562117,neutral
2016-11-07,2016,0.2695862688459697,0.10719434982866738,0.06589438152413227,0.01205405221707854,-0.12247183049783274,0.5530233097320055,0.14754675527500347,-0.14754675527500347,neutral
2016-11-08,2016,0.2629257706106651,0.10719434982866738,0.06589438152413227,0.05005955140321163,0.24208021804713192,0.5398057157234354,0.21132666452287396,-0.21132666452287396,neutral
2016-11-09,2016,0.2540451062969254,0.10719434982866738,0.06589438152413227,0.06059625904660576,0.9044323209480769,0.3910750114125301,0.29720623817615627,-0.29720623817615627,stressed
2016-11-10,2016,0.26070560453223,0.10719434982866738,0.06589438152413227,-0.005026787704005664,1.150568122076537,0.3413590612165353,0.32011578857901607,-0.32011578857901607,stressed
2016-11-14,2016,0.27289920734515766,0.10719434982866738,0.06589438152413227,-0.08660702857416863,1.0525934617604658,0.336953196547012,0.29148792807187773,-0.29148792807187773,stressed
2016-11-15,2016,0.23515638401176406,0.10719434982866738,0.06589438152413227,0.03796954452519904,0.1381542883690457,0.3285586134850444,0.15215459362397546,-0.15215459362397546,neutral
2016-11-16,2016,0.23515638401176406,0.10719434982866738,0.06589438152413227,0.034121280459822656,-0.04770106640081323,0.3107265816684112,0.11756531851533074,-0.11756531851533074,neutral
2016-11-18,2016,0.19541519539119356,0.10719434982866738,0.06589438152413227,0.05318343144542603,0.21198259022707167,0.2215664225852456,0.1425393951669561,-0.1425393951669561,neutral
2016-11-21,2016,0.18209419892058412,0.10719434982866738,0.06589438152413227,0.06585145472960063,-0.4888037587502155,0.2440128922099416,0.029373919743785087,-0.029373919743785087,neutral
2016-11-22,2016,0.16433287029310475,0.10719434982866738,0.06589438152413227,0.11629512817370169,-0.4236911634174,0.27065665336562156,0.05011370329463794,-0.05011370329463794,neutral
2016-11-23,2016,0.15545220597936507,0.10719434982866738,0.06589438152413227,0.15963300599617716,-0.5684989282716888,0.2574390593570514,0.02951901240228408,-0.02951901240228408,neutral
2016-11-29,2016,0.1459223708273887,0.10719434982866738,0.06589438152413227,0.1916555954595424,-0.75642886525367,0.2844999667898105,0.006456299862645194,-0.006456299862645194,neutral
2016-11-30,2016,0.14148203867051878,0.10719434982866738,0.06589438152413227,0.29085539407715894,-0.660414273600441,0.23058672506283193,0.029266435927144726,-0.029266435927144726,neutral
2016-12-01,2016,0.13038120827834423,-0.16241878020604814,0.06589438152413227,0.5580542938226711,0.24548114092673662,0.24826486587622687,0.18094285170367716,-0.18094285170367716,neutral
2016-12-02,2016,0.12267879039475311,-0.16241878020604814,0.06589438152413227,0.6519977108500269,0.05780450464652337,0.28392892950949317,0.1699809227864801,-0.1699809227864801,neutral
2016-12-05,2016,0.10935779392414369,-0.16241878020604814,0.06589438152413227,0.6786368557201405,-0.3523688372528008,0.3021781076032055,0.10687992021879551,-0.10687992021879551,neutral
2016-12-06,2016,0.09159646529666432,-0.16241878020604814,0.06589438152413227,0.6664472636931666,-0.01931049747854663,0.29756366979514254,0.1566287504374185,-0.1566287504374185,neutral
2016-12-07,2016,0.07383513666918494,-0.16241878020604814,0.06589438152413227,0.639426134957862,0.04373127364810653,0.3466539005755185,0.16785367452812602,-0.16785367452812602,neutral
2016-12-08,2016,0.06495447235544526,-0.16241878020604814,0.06589438152413227,0.6006727935950916,-0.21714503352539583,0.2973550966566029,0.1082188217333047,-0.1082188217333047,neutral
2016-12-09,2016,0.03061006153063528,-0.16241878020604814,0.06589438152413227,0.5937806006021215,-0.5199084601931253,0.26127388674625746,0.0448719483339955,-0.0448719483339955,neutral
2016-12-12,2016,0.02394956329533045,-0.16241878020604814,0.06589438152413227,0.5945078049183686,-0.4280252591535972,0.2300156877825145,0.05398723302678343,-0.05398723302678343,neutral
2016-12-13,2016,0.012848732903155913,-0.16241878020604814,0.06589438152413227,0.30114977027832024,1.5007844132762926,0.26148245988479707,0.32995682961010836,-0.32995682961010836,stressed
2016-12-14,2016,-0.004912595724323454,-0.16241878020604814,0.06589438152413227,0.595607000440567,-0.751470928712296,0.257910887769432,0.00010166084857727668,-0.00010166084857727668,neutral
2016-12-15,2016,0.012848732903155913,-0.16241878020604814,0.06589438152413227,0.5306285096943565,0.6659303313425298,0.1953944898419463,0.2180462775166788,-0.2180462775166788,neutral
2016-12-16,2016,0.005624537839010069,-0.16241878020604814,0.06589438152413227,0.6135259272710628,-0.8399375133032201,0.1907800520338833,-0.0210885658068633,0.0210885658068633,neutral
2016-12-19,2016,0.010064869995880077,-0.16241878020604814,0.06589438152413227,0.5967822489976438,-0.5701479233813226,0.2308499803366729,0.028504129544493047,-0.028504129544493047,neutral
2016-12-20,2016,0.0034043717605752497,-0.16241878020604814,0.06589438152413227,0.30114977027832024,-0.8528351900870597,0.20840351071197685,-0.07273365600301719,0.07273365600301719,neutral
2016-12-21,2016,0.0011842056821403564,-0.16241878020604814,0.06589438152413227,0.5896040598655083,-1.0450893037463662,0.20798636443489768,-0.057139845407622604,0.057139845407622604,neutral
2016-12-23,2016,-0.013571459246805029,-0.16241878020604814,0.06589438152413227,0.7362604335023031,-1.0444569147756695,0.21260080224296063,-0.034281922826521115,0.034281922826521115,neutral
2017-01-04,2017,-0.055951123298844996,-0.25457104941744724,-1.2434124447998331,0.6996400424831407,-0.4732582385940045,0.3717236278506462,-0.15930486429605717,0.15930486429605717,neutral
2017-01-05,2017,-0.051510791141975064,-0.25457104941744724,-1.2434124447998331,1.3944348626527165,-0.22511861175584558,0.4161994208229592,0.006003564393429112,-0.006003564393429112,neutral
2017-01-06,2017,-0.07292695430622509,-0.25457104941744724,-1.2434124447998331,1.5421594474519116,-0.5580788408980119,0.3985759621448657,-0.03137564663745668,0.03137564663745668,neutral
2017-01-09,2017,-0.06404628999248548,-0.25457104941744724,-1.2434124447998331,1.2510636960684387,-0.3372512913116863,0.4168251402385781,-0.038565373202405905,0.038565373202405905,neutral
2017-01-20,2017,-0.07753823448188646,-0.25457104941744724,-1.2434124447998331,1.100234994925829,-0.17859008097817275,0.3220076776546514,-0.05531152284947655,0.05531152284947655,neutral
2017-01-25,2017,-0.09751972918780057,-0.25457104941744724,-1.2434124447998331,1.2476911198696143,0.032724618657789084,0.29074947869090856,-0.004056334364461502,0.004056334364461502,neutral
2017-01-26,2017,-0.09751972918780057,-0.25457104941744724,-1.2434124447998331,1.4114417830751924,-0.6781020360103983,0.30396707269947865,-0.09303273394013471,0.09303273394013471,neutral
2017-01-27,2017,-0.10291650698356099,-0.25457104941744724,-1.2434124447998331,1.4409251503771943,-0.31122176581179045,0.3310279801322377,-0.02336143941719998,0.02336143941719998,neutral
2017-01-30,2017,-0.09625600874825624,-0.25457104941744724,-1.2434124447998331,1.5271297160531268,-0.36487340996312806,0.32662211546271436,-0.017560180235470613,0.017560180235470613,neutral
2017-01-31,2017,-0.0873753444345166,-0.25457104941744724,-1.2434124447998331,1.2961504207076258,-0.15941225559987748,0.35326587661839426,-0.015892466154275735,0.015892466154275735,neutral
2017-02-01,2017,-0.09847617482669113,-0.14176659241383432,-1.2434124447998331,0.9617741823344477,-0.020560920875603905,0.34148836003336974,-0.033492265091357505,0.033492265091357505,neutral
2017-02-02,2017,-0.10291650698356099,-0.14176659241383432,-1.2434124447998331,1.5194884056916544,-0.3731033694218022,0.34127978689483013,-7.17868387577018e-05,7.17868387577018e-05,neutral
2017-02-03,2017,-0.12115605843048567,-0.14176659241383432,-1.2434124447998331,1.4212910505025054,-0.3092753742137802,0.32785361974772037,-0.011077633267951248,0.011077633267951248,neutral
2017-02-06,2017,-0.11005522803831098,-0.14176659241383432,-1.2434124447998331,1.3871221205862572,-0.11757058685126626,0.37673527738955687,0.02517542431209487,-0.02517542431209487,neutral
2017-02-07,2017,-0.10561489588144117,-0.14176659241383432,-1.2434124447998331,1.4321140153180505,-0.3592574399544974,0.39477588234472955,-0.003860245897804352,0.003860245897804352,neutral
2017-02-08,2017,-0.09451406548926662,-0.14176659241383432,-1.2434124447998331,1.328560167962762,-0.36885575562571704,0.44868912407170813,-0.011883261049030147,0.011883261049030147,neutral
2017-02-09,2017,-0.10561489588144117,-0.14176659241383432,-1.2434124447998331,1.3228847067702267,-0.7780682158646882,0.4176394982465048,-0.0880563239905109,0.0880563239905109,neutral
2017-02-10,2017,-0.11362458856568607,-0.14176659241383432,-1.2434124447998331,1.4433086414650542,0.49054703041897196,0.41302506043844184,0.1413461844238524,-0.1413461844238524,neutral
2017-02-13,2017,-0.12250525287942578,-0.14176659241383432,-1.2434124447998331,1.347433905158803,-0.7338043275104025,0.38176686147469896,-0.08538130849499899,0.08538130849499899,neutral
2017-02-14,2017,-0.1358262493500353,-0.14176659241383432,-1.2434124447998331,1.34148076843211,-0.4181992713428251,0.3775695699437152,-0.03669236992178377,0.03669236992178377,neutral
2017-02-15,2017,-0.14248674758534005,-0.14176659241383432,-1.2434124447998331,1.2766914763634558,-0.2350444038974657,0.3507172356494957,-0.02255024611392027,0.02255024611392027,neutral
2017-02-16,2017,-0.12916575111473047,-0.14176659241383432,-1.2434124447998331,1.2008368229973707,-0.5854261270311814,0.3773609968051756,-0.0869288492595055,0.0869288492595055,neutral
2017-02-17,2017,-0.12250525287942578,-0.14176659241383432,-1.2434124447998331,1.1919606862970558,-0.1686588211974887,0.3998074664298718,-0.014095826427275748,0.014095826427275748,neutral
2017-02-21,2017,-0.1336060832716003,-0.14176659241383432,-1.2434124447998331,1.1473252646838574,-0.6136491837779436,0.39540160176034833,-0.09828457296983428,0.09828457296983428,neutral
2017-02-22,2017,-0.14026658150690516,-0.14176659241383432,-1.2434124447998331,1.0487521627285745,0.5279886211541776,0.4000160395684113,0.07521853412176514,-0.07521853412176514,neutral
2017-02-23,2017,-0.14248674758534005,-0.14176659241383432,-1.2434124447998331,1.1268726647969467,-0.6246705479866932,0.41323363357698134,-0.10203833906862876,0.10203833906862876,neutral
2017-02-24,2017,-0.12289800168947533,-0.14176659241383432,-1.2434124447998331,1.071395415937186,-0.5291372519801926,0.4530949887412315,-0.08545398103415298,0.08545398103415298,neutral
2017-02-27,2017,-0.14287949639538958,-0.14176659241383432,-1.2434124447998331,1.0665924393200428,-0.32866514629393995,0.43609724947875667,-0.059005665184032934,0.059005665184032934,neutral
2017-02-28,2017,-0.14509966247382441,-0.14176659241383432,-1.2434124447998331,1.0352745681226707,-0.28479881343297453,0.45854371910345293,-0.05354320431572381,0.05354320431572381,neutral
2017-03-01,2017,-0.1828424858072181,-0.28305505509491774,-1.2434124447998331,0.9327156093686378,-0.3354929115520843,0.5206976528891608,-0.09856493916604246,0.09856493916604246,neutral
2017-03-02,2017,-0.18728281796408797,-0.28305505509491774,-1.2434124447998331,0.9352288601934416,-0.2879891286353783,0.5251035175586842,-0.09023451145701522,0.09023451145701522,neutral
2017-03-03,2017,-0.17348359867403315,-0.28305505509491774,-1.2434124447998331,0.8678930118209095,-0.6533660134749121,0.5427269762367778,-0.15711618733100147,0.15711618733100147,neutral
2017-03-06,2017,-0.16016260220342363,-0.28305505509491774,-1.2434124447998331,0.7980880178445142,-0.5054407382934996,0.551330132437285,-0.14044211501831247,0.14044211501831247,neutral
2017-03-07,2017,-0.14462143965437924,-0.28305505509491774,-1.2434124447998331,0.8096814056461277,-0.7562661432377258,0.5376953921516356,-0.17999638083151545,0.17999638083151545,neutral
2017-03-08,2017,-0.13130044318376974,-0.28305505509491774,-1.2434124447998331,0.7151467027191889,-0.2899809869133487,0.49783403698738554,-0.12246136504754916,0.12246136504754916,neutral
2017-03-09,2017,-0.11131894847785546,-0.28305505509491774,-1.2434124447998331,0.6356297705901232,-0.4894026484726801,0.47538756736268944,-0.16936195981541233,0.16936195981541233,neutral
2017-03-10,2017,-0.10640039350154029,-0.28305505509491774,-1.2434124447998331,0.7224629235592214,-0.6538691956122408,0.49762546384884593,-0.17777478360007745,0.17777478360007745,neutral
2017-03-13,2017,-0.09529956310936576,-0.28305505509491774,-1.2434124447998331,0.7246424194370782,-0.883444580078657,0.49762546384884593,-0.2138239599661416,0.2138239599661416,neutral
2017-03-14,2017,-0.07087773624658163,-0.28305505509491774,-1.2434124447998331,0.7346006678449041,-0.2712311357501499,0.5112602041344952,-0.10378591665201385,0.10378591665201385,neutral
2017-03-15,2017,-0.07753823448188646,-0.28305505509491774,-1.2434124447998331,0.7413593190791897,-0.025834027715898378,0.5381125384287149,-0.058394650764105195,0.058394650764105195,neutral
2017-03-16,2017,-0.10862055957997525,-0.28305505509491774,-1.2434124447998331,0.7810372341989703,-0.6120432523013177,0.529300809089668,-0.1561322114145676,0.1561322114145676,neutral
2017-03-17,2017,-0.09926167244679025,-0.28305505509491774,-1.2434124447998331,0.7822267669410223,-0.11550831081062396,0.5471328409063011,-0.06864631255080696,0.06864631255080696,neutral
2017-03-20,2017,-0.08594067597618071,-0.28305505509491774,-1.2434124447998331,0.7647165004192683,-0.03208819307404204,0.5735680289234415,-0.05103530660037733,0.05103530660037733,neutral
2017-03-21,2017,-0.07039951342713631,-0.28305505509491774,-1.2434124447998331,0.8042662586913458,0.2465965511116101,0.6002117900791214,0.009034597760031701,-0.009034597760031701,neutral
2017-03-22,2017,-0.043757520485917266,-0.28305505509491774,-1.2434124447998331,0.858013441208476,-0.6864766049347206,0.6272726975118806,-0.1285692477658387,0.1285692477658387,neutral
2017-03-23,2017,-0.05485835087809184,-0.28305505509491774,-1.2434124447998331,0.8391475626914048,-0.7994296852996666,0.6092320925567078,-0.15539598013739944,0.15539598013739944,neutral
2017-03-24,2017,-0.06104062629395135,-0.28305505509491774,-1.2434124447998331,0.7203636573539537,-0.34530589977752824,0.6270641243733409,-0.09756437403982264,0.09756437403982264,neutral
2017-03-27,2017,-0.04993979590177674,-0.28305505509491774,-1.2434124447998331,0.7283519361066714,-0.5719842528498609,0.6497191671365765,-0.12838674090052346,0.12838674090052346,neutral
2017-03-28,2017,-0.07436162276456093,-0.28305505509491774,-1.2434124447998331,0.6804070745564476,-0.5992392347297582,0.62748127065042,-0.1486966686970337,0.1486966686970337,neutral
2017-03-29,2017,-0.08990278531360534,-0.28305505509491774,-1.2434124447998331,0.686750520771998,-0.7954647587735256,0.6360844268509273,-0.18150001605982613,0.18150001605982613,neutral
2017-03-30,2017,-0.1098842800195196,-0.28305505509491774,-1.2434124447998331,0.6554874474053716,-0.5836615862186673,0.6182523950342943,-0.15771225394887864,0.15771225394887864,neutral
2017-03-31,2017,-0.09569231191941525,-0.28305505509491774,-1.2434124447998331,0.6750072205644352,0.5372088647757247,0.6228668328423572,0.03548718439472518,-0.03548718439472518,neutral
2017-04-04,2017,-0.21686255038184163,-0.2017452807113198,-1.2434124447998331,0.6564954415021546,-0.4623777099105992,0.7272421241689057,-0.12344340335542231,0.12344340335542231,neutral
2017-04-07,2017,-0.24890132111882113,-0.2017452807113198,-1.2434124447998331,0.6136345356118255,-0.6642222844894535,0.740876864454555,-0.16729498850884114,0.16729498850884114,neutral
2017-04-10,2017,-0.24890132111882113,-0.2017452807113198,-1.2434124447998331,0.6199230432966342,-0.15979819833556597,0.7498971669321414,-0.08067283912279412,0.08067283912279412,neutral
2017-04-12,2017,-0.22669966033447184,-0.2017452807113198,-1.2434124447998331,0.6703798414399734,-0.3289864935801167,0.8036018355205804,-0.08781036707753133,0.08781036707753133,neutral
2017-04-17,2017,-0.22456496826543262,-0.2017452807113198,-1.2434124447998331,0.5259186960721921,-0.09334664929272501,0.816610856390611,-0.07008996510108458,0.07008996510108458,neutral
2017-04-18,2017,-0.20902380571638815,-0.2017452807113198,-1.2434124447998331,0.5234636456400709,-0.5070692496745739,0.8705240981175896,-0.1278771728574091,0.1278771728574091,neutral
2017-04-19,2017,-0.22234480218699781,-0.2017452807113198,-1.2434124447998331,0.509564561254953,-0.28700057003995333,0.8436717638233701,-0.1002111287766302,0.1002111287766302,neutral
2017-04-20,2017,-0.2290053004223025,-0.2017452807113198,-1.2434124447998331,0.5349899825083299,-0.6553766936513707,0.8170280026676902,-0.16292028906813438,0.16292028906813438,neutral
2017-04-21,2017,-0.24201902209225815,-0.2017452807113198,-1.2434124447998331,0.5159769431625233,-0.05922732237999523,0.8124135648596272,-0.06966892699354264,0.06966892699354264,neutral
2017-04-24,2017,-0.26644084895504233,-0.2017452807113198,-1.2434124447998331,0.4819284785975304,-0.21673072044078734,0.8082162733286434,-0.10636409049680146,0.10636409049680146,neutral
2017-04-25,2017,-0.2842021775825217,-0.2017452807113198,-1.2434124447998331,0.48301743792018353,-0.9137989597353819,0.767937771887314,-0.23203394217025983,0.23203394217025983,neutral
2017-04-26,2017,-0.2886425097393916,-0.2017452807113198,-1.2434124447998331,0.514534858152062,-0.8124869876386502,0.7947901061815337,-0.2061603764259332,0.2061603764259332,neutral
2017-04-27,2017,-0.2842021775825217,-0.2017452807113198,-1.2434124447998331,0.47391771964960966,-0.9127707249044688,0.7901756683734705,-0.2296728733291772,0.2296728733291772,neutral
2017-04-28,2017,-0.3043546203072274,-0.2017452807113198,-1.2434124447998331,0.4424074506603007,-0.8766380078972646,0.8086334196057225,-0.2291849139082703,0.2291849139082703,neutral
2017-05-01,2017,-0.2976941220719227,-0.20104092450276384,-1.2434124447998331,0.23559278569378042,-0.6546646294042897,0.7916157457970163,-0.22826726488133545,0.22826726488133545,neutral
2017-05-02,2017,-0.29547395599348775,-0.20104092450276384,-1.2434124447998331,0.21801250580929643,-0.6787607469571593,0.8186766532297752,-0.23033315220236208,0.23033315220236208,neutral
2017-05-03,2017,-0.30213445422879254,-0.20104092450276384,-1.2434124447998331,0.18566271354879005,-0.6938663254665456,0.809656350752189,-0.2408558474494927,0.2408558474494927,neutral
2017-05-04,2017,-0.29325378991505285,-0.20104092450276384,-1.2434124447998331,0.12177184738550778,0.07915436132386999,0.7962301836050792,-0.12342512781719878,0.12342512781719878,neutral
2017-05-05,2017,-0.30365459669652406,-0.20104092450276384,-1.2434124447998331,0.14094074618235944,-0.821148679318381,0.8138536422831728,-0.26907704280866157,0.26907704280866157,neutral
2017-05-08,2017,-0.3080949288533939,-0.20104092450276384,-1.2434124447998331,0.14530694900815824,-0.5561197884544254,0.795813037328,-0.227924683379043,0.227924683379043,neutral
2017-05-09,2017,-0.32141592532400326,-0.20104092450276384,-1.2434124447998331,0.1419153245049917,-0.7687522487236609,0.7872098811274929,-0.26758272295296276,0.26758272295296276,neutral
2017-05-10,2017,-0.32585625748087316,-0.20104092450276384,-1.2434124447998331,0.16489177287842335,-0.8907543184630338,0.7825954433194299,-0.2855961215081084,0.2855961215081084,neutral
2017-05-11,2017,-0.32585625748087316,-0.20104092450276384,-1.2434124447998331,0.17879744211875734,-1.0003646194082556,0.7962301836050792,-0.2992744367446482,0.2992744367446482,healthy
2017-05-12,2017,-0.3282473715780996,-0.20104092450276384,-1.2434124447998331,0.1556614639111441,-0.3719896688700326,0.8182595069526961,-0.19512823981448146,0.19512823981448146,neutral
2017-05-15,2017,-0.3393482019702741,-0.20104092450276384,-1.2434124447998331,0.1809164761274795,-0.04594231603277088,0.8272798094302826,-0.13692460029131331,0.13692460029131331,neutral
2017-05-18,2017,-0.3104860429506202,-0.20104092450276384,-1.2434124447998331,0.18986495162446634,-0.3405212817904746,0.9212629794600508,-0.16405546049319578,0.16405546049319578,neutral
2017-05-19,2017,-0.3381699555401256,-0.20104092450276384,-1.2434124447998331,0.21201370432616948,-0.5770074782545951,0.9214715525985904,-0.2043575910287596,0.2043575910287596,neutral
2017-05-22,2017,-0.351490952010735,-0.20104092450276384,-1.2434124447998331,0.22135542358012708,-0.6987217158903675,0.9124512501210039,-0.22680989391709475,0.22680989391709475,neutral
2017-05-23,2017,-0.3625917824029097,-0.20104092450276384,-1.2434124447998331,0.23883321552669937,-0.867226333171101,0.8811930511572611,-0.2590408696987745,0.2590408696987745,neutral
2017-05-24,2017,-0.36037161632447473,-0.20104092450276384,-1.2434124447998331,0.21231614105265675,-0.8354516308292064,0.9034309476434176,-0.25408825462670054,0.25408825462670054,neutral
2017-05-25,2017,-0.3625917824029097,-0.20104092450276384,-1.2434124447998331,0.14482776977804326,-1.0360307340528192,0.9214715525985904,-0.29612942723028207,0.29612942723028207,healthy
2017-05-26,2017,-0.37473453244337057,-0.20104092450276384,-1.2434124447998331,0.1487001014136561,-0.9598034540387261,0.9214715525985904,-0.28480328362874124,0.28480328362874124,neutral
2017-05-30,2017,-0.37251436636493557,-0.20104092450276384,-1.2434124447998331,0.19612687254803096,-1.0544999463189295,0.9439180222232865,-0.2885704645358575,0.2885704645358575,neutral
2017-05-31,2017,-0.359193369894326,-0.20104092450276384,-1.2434124447998331,0.17058184760739725,-0.05714519228726456,0.9659473455709033,-0.12071045638431448,0.12071045638431448,neutral
2017-06-01,2017,-0.3702942002865007,-0.18677988130802786,-1.2434124447998331,0.05741995676774627,-0.6523329884844388,1.0419445927808002,-0.22557582755504232,0.22557582755504232,neutral
2017-06-02,2017,-0.37973856142908136,-0.18677988130802786,-1.2434124447998331,0.055770783867065195,-0.9773589450232035,1.0960664076463187,-0.27257544017446034,0.27257544017446034,neutral
2017-06-05,2017,-0.38195872750751625,-0.18677988130802786,-1.2434124447998331,0.09124275373757267,0.7766854449751451,1.0786515221067645,0.022404777867350827,-0.022404777867350827,neutral
2017-06-06,2017,-0.3730780631937765,-0.18677988130802786,-1.2434124447998331,0.06424093146033713,-0.7250975078904637,1.1099097210705073,-0.22570287411020948,0.22570287411020948,neutral
2017-06-07,2017,-0.3708578971153416,-0.18677988130802786,-1.2434124447998331,-0.018721904163111164,-1.0479148852241775,1.0962749807848582,-0.29523533863760554,0.29523533863760554,healthy
2017-06-08,2017,-0.36419739888003694,-0.18677988130802786,-1.2434124447998331,-0.012057427844416546,-1.1716643994450247,1.0962749807848582,-0.31363942858208016,0.31363942858208016,healthy
2017-06-09,2017,-0.3789530638089822,-0.18677988130802786,-1.2434124447998331,-0.013307153672280692,-0.8622492519258311,1.0874632514458114,-0.2662064240115239,0.2662064240115239,neutral
2017-06-13,2017,-0.3900538942011568,-0.18677988130802786,-1.2434124447998331,0.0544519646587113,-0.24742488273939278,1.096900700200477,-0.1527197396982037,0.1527197396982037,neutral
2017-06-14,2017,-0.38561356204428693,-0.18677988130802786,-1.2434124447998331,0.03706252508392891,-1.005619952438006,1.1415850663113296,-0.27379637486581593,0.27379637486581593,neutral
2017-06-20,2017,-0.375469177291003,-0.18677988130802786,-1.2434124447998331,-0.06591672676887995,-0.6266172783244557,1.137179201641806,-0.2268360511417323,0.2268360511417323,neutral
2017-06-22,2017,-0.3532675165066537,-0.18677988130802786,-1.2434124447998331,-0.03738568021335864,-0.6538172291396166,1.1149413051556498,-0.22662024113530668,0.22662024113530668,neutral
2017-06-27,2017,-0.37951676063782314,-0.18677988130802786,-1.2434124447998331,0.034171871191840286,-0.6110905641323886,1.096900700200477,-0.21495451324762596,0.21495451324762596,neutral
2017-06-28,2017,-0.37951676063782314,-0.18677988130802786,-1.2434124447998331,0.061513545490515575,-0.6789901127954714,1.0782343758296855,-0.22482521303682576,0.22482521303682576,neutral
2017-06-29,2017,-0.38173692671625803,-0.18677988130802786,-1.2434124447998331,0.015787072205271386,-0.8034393691575754,1.0604023440130521,-0.2565298676272285,0.2565298676272285,neutral
2017-06-30,2017,-0.3835643439846434,-0.18677988130802786,-1.2434124447998331,0.08940025754843132,-0.44886814381896667,1.0199152694331834,-0.19221821448830934,0.19221821448830934,neutral
2017-07-05,2017,-0.4276689031617971,-0.07506509500348983,-1.2434124447998331,0.07877739127296803,-0.9023950879914961,1.0888350702650051,-0.2468215115697738,0.2468215115697738,neutral
2017-07-06,2017,-0.4165680727696226,-0.07506509500348983,-1.2434124447998331,0.10332764135812363,-0.6226886087675949,1.0437335578770732,-0.2017788370175573,0.2017788370175573,neutral
2017-07-11,2017,-0.4064236880163385,-0.07506509500348983,-1.2434124447998331,0.12341054119322735,-0.6890105963029716,1.0342961091224079,-0.20936752896783295,0.20936752896783295,neutral
2017-07-13,2017,-0.4241850166438179,-0.07506509500348983,-1.2434124447998331,0.18322658123808486,-0.8661878405415637,1.0523367140775806,-0.22888118361217322,0.22888118361217322,neutral
2017-07-17,2017,-0.44599392861811754,-0.07506509500348983,-1.2434124447998331,0.21218957822425022,-0.7184389485065835,1.09261521551891,-0.19635093719747732,0.19635093719747732,neutral
2017-07-19,2017,-0.45709475901029206,-0.07506509500348983,-1.2434124447998331,0.2749073140411387,-1.0545549773836658,1.1509343219154118,-0.23404760670678845,0.23404760670678845,neutral
2017-07-20,2017,-0.4637552572455969,-0.07506509500348983,-1.2434124447998331,0.28259959785771166,-0.6752408909771547,1.1685577805935052,-0.16771938492914296,0.16771938492914296,neutral
2017-07-21,2017,-0.4597931479081723,-0.07506509500348983,-1.2434124447998331,0.21566636081136062,-0.9126305668586285,1.195410114887725,-0.21330412981183974,0.21330412981183974,neutral
2017-07-24,2017,-0.4620133139866072,-0.07506509500348983,-1.2434124447998331,0.19401973508107342,0.9777554241646068,1.1863898124101384,0.09627901964431475,-0.09627901964431475,neutral
2017-07-25,2017,-0.4797746426140866,-0.07506509500348983,-1.2434124447998331,0.23755829410250318,-0.1831795098546502,1.1414968731607464,-0.10039608750146838,0.10039608750146838,neutral
2017-07-26,2017,-0.47755447653565164,-0.07506509500348983,-1.2434124447998331,0.22239972660337215,-0.8366565875463038,1.137091008491223,-0.21219964479844722,0.21219964479844722,neutral
2017-07-27,2017,-0.4797746426140866,-0.07506509500348983,-1.2434124447998331,0.24256405228390512,-1.1165271596795012,1.101218371719417,-0.26183281968226474,0.26183281968226474,neutral
2017-07-28,2017,-0.46954478385140686,-0.07506509500348983,-1.2434124447998331,0.2912273100325327,-1.0623214150061553,1.0968125070498935,-0.24371732026307655,0.24371732026307655,neutral
2017-07-31,2017,-0.465104451694537,-0.07506509500348983,-1.2434124447998331,0.2507126937203499,-0.7760855832317419,1.0924066423803702,-0.20275803977148033,0.20275803977148033,neutral
2017-08-01,2017,-0.4673246177729719,-0.08313005769384044,-1.2434124447998331,0.3118000418671015,-0.872800933245484,1.138739659053308,-0.2026880587652867,0.2026880587652867,neutral
2017-08-02,2017,-0.46954478385140686,-0.08313005769384044,-1.2434124447998331,0.28844818545660217,-0.9654512136624851,1.1389482321918478,-0.22235701372651928,0.22235701372651928,neutral
2017-08-03,2017,-0.4606641195376671,-0.08313005769384044,-1.2434124447998331,0.25327900434054823,-0.9227953051576809,1.156780264008481,-0.2166571098066654,0.2166571098066654,neutral
2017-08-04,2017,-0.4566165361908469,-0.08313005769384044,-1.2434124447998331,0.26001638620888246,-0.9334560323875499,1.1389482321918478,-0.2196084087785567,0.2196084087785567,neutral
2017-08-07,2017,-0.45439637011241185,-0.08313005769384044,-1.2434124447998331,0.22194151172806,-0.6764646536583963,1.1215333466522939,-0.185654777980688,0.185654777980688,neutral
2017-08-08,2017,-0.45439637011241185,-0.08313005769384044,-1.2434124447998331,0.20865577960437612,-0.9129358340330209,1.112095897897628,-0.22885383818951707,0.22885383818951707,neutral
2017-08-09,2017,-0.4166535467790183,-0.08313005769384044,-1.2434124447998331,0.26073383126842203,-0.8582316973819062,1.1433540968613711,-0.19955663642080082,0.19955663642080082,neutral
2017-08-10,2017,-0.3922317199162342,-0.08313005769384044,-1.2434124447998331,0.21838631624282065,-0.4110027074830648,1.1750294421021932,-0.1227268619246598,0.1227268619246598,neutral
2017-08-11,2017,-0.36772441904405434,-0.08313005769384044,-1.2434124447998331,0.25505246071706694,-0.6549353970455385,1.1613947018165438,-0.15545919267494257,0.15545919267494257,neutral
2017-08-14,2017,-0.3921462459068384,-0.08313005769384044,-1.2434124447998331,0.2097862929320734,-0.5389957068855967,1.1437712431384501,-0.15068781986926416,0.15068781986926416,neutral
2017-08-15,2017,-0.3965865780637083,-0.08313005769384044,-1.2434124447998331,0.19368469762572504,-0.580248050296519,1.1167103357056911,-0.16549701625374746,0.16549701625374746,neutral
2017-08-17,2017,-0.38326558159309876,-0.08313005769384044,-1.2434124447998331,0.21307021080389987,-0.5309729199035711,1.1574059834240995,-0.14505080162705733,0.14505080162705733,neutral
2017-08-18,2017,-0.3654187789562237,-0.08313005769384044,-1.2434124447998331,0.29135342116445145,-0.6099187838581154,1.1708321505712094,-0.13994908226205863,0.13994908226205863,neutral
2017-08-21,2017,-0.3609784467993538,-0.08313005769384044,-1.2434124447998331,0.3025953304607575,-0.6967052612037812,1.166426285901686,-0.15253409902239412,0.15253409902239412,neutral
2017-08-22,2017,-0.37651960934839823,-0.08313005769384044,-1.2434124447998331,0.27590826102921506,-0.7394011528151372,1.1349595137994033,-0.1719325816380984,0.1719325816380984,neutral
2017-08-23,2017,-0.37207927719152845,-0.08313005769384044,-1.2434124447998331,0.36407027012028687,-0.7066354888308652,1.1754465883792724,-0.1442900683360846,0.1442900683360846,neutral
2017-08-24,2017,-0.3809599415052681,-0.08313005769384044,-1.2434124447998331,0.2537894448786699,-0.920316006114414,1.1708321505712094,-0.20053280911057939,0.20053280911057939,neutral
2017-08-25,2017,-0.38000349586637766,-0.08313005769384044,-1.2434124447998331,0.24792250681219344,-0.7624885189807414,1.2025074958120314,-0.16976741911942794,0.16976741911942794,neutral
2017-08-29,2017,-0.3777833297879429,-0.08313005769384044,-1.2434124447998331,0.20917354463585103,-0.6520762844508068,1.229359830106251,-0.1529781236650535,0.1529781236650535,neutral
2017-08-30,2017,-0.3866639941016825,-0.08313005769384044,-1.2434124447998331,0.1877079522955377,-1.0115828823606852,1.211319225151078,-0.2209603669182376,0.2209603669182376,neutral
2017-08-31,2017,-0.3888841601801174,-0.08313005769384044,-1.2434124447998331,0.25273366289343624,-1.0533708750035684,1.2295684032447904,-0.21441591192318876,0.21441591192318876,neutral
2017-09-01,2017,-0.39284626951754203,-0.33440098449220235,-1.2434124447998331,0.3928027197101683,-0.9767316849518186,1.2012759915270255,-0.2255521120873671,0.2255521120873671,neutral
2017-09-05,2017,-0.37286477481162766,-0.33440098449220235,-1.2434124447998331,0.44225772586946005,-0.11479081079316689,1.2637923894545111,-0.05990314992880982,0.05990314992880982,neutral
2017-09-06,2017,-0.38840593736067214,-0.33440098449220235,-1.2434124447998331,0.44633617625645056,0.2876913173402444,1.2543549406998455,0.0036938446073054854,-0.0036938446073054854,neutral
2017-09-07,2017,-0.3795252730469325,-0.33440098449220235,-1.2434124447998331,0.4311135463981726,-0.6080239881242888,1.2768014103245415,-0.14290795562342373,0.14290795562342373,neutral
2017-09-08,2017,-0.36929541428425267,-0.33440098449220235,-1.2434124447998331,0.3507894709838457,-0.7181942119046794,1.263375243177432,-0.17518972355328158,0.17518972355328158,neutral
2017-09-15,2017,-0.4155261531213364,-0.33440098449220235,-1.2434124447998331,0.36569069906073404,-0.8532552936161402,1.196870126857502,-0.21400567501854603,0.21400567501854603,neutral
2017-09-18,2017,-0.426626983513511,-0.33440098449220235,-1.2434124447998331,0.34938064829876003,-0.8857878337561398,1.174423657232806,-0.22773732350502005,0.22773732350502005,neutral
2017-09-20,2017,-0.4443883121409904,-0.33440098449220235,-1.2434124447998331,0.33321101566584976,-1.0476916645044334,1.1479884692156654,-0.26478232017599074,0.26478232017599074,neutral
2017-09-25,2017,-0.43646409346614107,-0.33440098449220235,-1.2434124447998331,0.3303804378021312,-0.582089831469777,1.201901710942644,-0.17734753424719638,0.17734753424719638,neutral
2017-09-27,2017,-0.45644558817205544,-0.33440098449220235,-1.2434124447998331,0.35219669298696016,-0.9497012787506738,1.1433740314076026,-0.24806492863670038,0.24806492863670038,neutral
2017-09-28,2017,-0.45644558817205544,-0.33440098449220235,-1.2434124447998331,0.31917404083503537,-0.6562712383604196,1.1297392911219533,-0.2069361539779203,0.2069361539779203,neutral
2017-09-29,2017,-0.47120125310100075,-0.33440098449220235,-1.2434124447998331,0.3331910082425112,-0.6226608999638347,1.1209275617829066,-0.2029261687219088,0.2029261687219088,neutral
2017-10-02,2017,-0.6162810109968433,-0.22740143107244587,-1.2434124447998331,0.26122946498563815,-0.8893353666712162,1.0991068115738292,-0.26934899616347857,0.26934899616347857,neutral
2017-10-03,2017,-0.6162810109968433,-0.22740143107244587,-1.2434124447998331,0.2605816782271693,-1.0693737559430518,1.12533342645243,-0.2950922563554292,0.2950922563554292,healthy
2017-10-04,2017,-0.6185011770752782,-0.22740143107244587,-1.2434124447998331,0.2592786381518724,-1.095104514061219,1.1297392911219533,-0.29923360628915846,0.29923360628915846,healthy
2017-10-05,2017,-0.6229415092321481,-0.22740143107244587,-1.2434124447998331,0.26931238669843344,-1.1890356365970538,1.1165216971133833,-0.3161594896482774,0.3161594896482774,healthy
2017-10-06,2017,-0.6323858703747287,-0.22740143107244587,-1.2434124447998331,0.21074811289641046,-0.7886626220775971,1.1215532811985252,-0.25992682903827824,0.25992682903827824,neutral
2017-10-10,2017,-0.6323858703747287,-0.22740143107244587,-1.2434124447998331,0.26555989167131694,-0.8437397018790724,1.1301564373990325,-0.2585371865092885,0.2585371865092885,neutral
2017-10-11,2017,-0.6323858703747287,-0.22740143107244587,-1.2434124447998331,0.2831186276354047,-0.9764818035162586,1.1389681667380793,-0.27626579256496375,0.27626579256496375,neutral
2017-10-16,2017,-0.6396100654388744,-0.22740143107244587,-1.2434124447998331,0.3060935842559427,-0.6637912138135568,1.1979129925502,-0.21170142971976125,0.21170142971976125,neutral
2017-10-18,2017,-0.6551512279879189,-0.22740143107244587,-1.2434124447998331,0.38097045409481994,-0.6367710654110359,1.180498107010646,-0.20021126802762798,0.20021126802762798,neutral
2017-10-19,2017,-0.650710895831049,-0.22740143107244587,-1.2434124447998331,0.36753691886299616,-0.7812653695995081,1.1893098363496928,-0.22432389768169117,0.22432389768169117,neutral
2017-10-20,2017,-0.6734762534442392,-0.22740143107244587,-1.2434124447998331,0.4114465962017399,-0.9512545662751716,1.1488227617698241,-0.2558792229366876,0.2558792229366876,neutral
2017-10-23,2017,-0.677916585601109,-0.22740143107244587,-1.2434124447998331,0.436808186813099,-0.26108588089474555,1.1398024592922376,-0.1388676160437995,0.1388676160437995,neutral
2017-10-24,2017,-0.682356917757979,-0.22740143107244587,-1.2434124447998331,0.46410050743372167,-1.0552249782826506,1.1261677190065882,-0.2696879242454331,0.2696879242454331,neutral
2017-10-25,2017,-0.6734762534442392,-0.22740143107244587,-1.2434124447998331,0.43202155378315354,-0.8641949660443375,1.1127415518594785,-0.24395366495303727,0.24395366495303727,neutral
2017-10-26,2017,-0.6756964195226741,-0.22740143107244587,-1.2434124447998331,0.4405019525802261,-0.4187800485149938,1.0995239578509084,-0.17087740557980205,0.17087740557980205,neutral
2017-10-27,2017,-0.67578189353207,-0.22740143107244587,-1.2434124447998331,0.4703770133812483,-0.762313490793317,1.1127415518594785,-0.2209651158261565,0.2209651158261565,neutral
2017-10-30,2017,-0.6646810631398952,-0.22740143107244587,-1.2434124447998331,0.4920713902569629,-0.888469853856247,1.1620403557783943,-0.22830884113884398,0.22830884113884398,neutral
2017-10-31,2017,-0.6602407309830255,-0.22740143107244587,-1.2434124447998331,0.5361288876195256,-1.0304106672984763,1.1754665229255037,-0.24164497726812526,0.24164497726812526,neutral
2017-11-01,2017,-0.6669012292183302,-0.5510786051393535,-1.2434124447998331,0.6349145589630393,-0.896610250848353,1.2081647993127926,-0.2524871952883397,0.2524871952883397,neutral
2017-11-02,2017,-0.6580205649045905,-0.5510786051393535,-1.2434124447998331,0.5632347341591819,-0.7683348710469404,1.2217995395984418,-0.23930203535551567,0.23930203535551567,neutral
2017-11-03,2017,-0.6634173427003509,-0.5510786051393535,-1.2434124447998331,0.5978515599127895,-0.683620911606197,1.2444545823616775,-0.21653719366187796,0.21653719366187796,neutral
2017-11-06,2017,-0.6567568444650461,-0.5510786051393535,-1.2434124447998331,0.6448344600137533,-0.7554522262869408,1.2576721763702476,-0.21736558071786213,0.21736558071786213,neutral
2017-11-07,2017,-0.6523165123081763,-0.5510786051393535,-1.2434124447998331,0.6315151185394744,-0.645122715691158,1.2801186459949436,-0.1967160855673505,0.1967160855673505,neutral
2017-11-08,2017,-0.6301148515238272,-0.5510786051393535,-1.2434124447998331,0.5711648137520263,-0.925279055620756,1.293753386280593,-0.2474944595085251,0.2474944595085251,neutral
2017-11-09,2017,-0.603472858582608,-0.5510786051393535,-1.2434124447998331,0.5628060820256184,-0.8845001531048902,1.279910072856404,-0.23995798445744373,0.23995798445744373,neutral
2017-11-13,2017,-0.6106115796373581,-0.5510786051393535,-1.2434124447998331,0.6039884138867503,-0.23522967394916994,1.2490690201697403,-0.13121247824487073,0.13121247824487073,neutral
2017-11-14,2017,-0.5950704170883138,-0.5510786051393535,-1.2434124447998331,0.5655145674933049,-0.44720000400543664,1.266692478847834,-0.167425737448633,0.167425737448633,neutral
2017-11-15,2017,-0.5662082580686597,-0.5510786051393535,-1.2434124447998331,0.586502469615457,-0.7222001536909722,1.3073881265662424,-0.1981681442528532,0.1981681442528532,neutral
2017-11-16,2017,-0.6061712474804882,-0.5510786051393535,-1.2434124447998331,0.5939660052737032,-0.6282016779845775,1.2985763972271955,-0.1893869288172256,0.1893869288172256,neutral
2017-11-17,2017,-0.6155301346136733,-0.5510786051393535,-1.2434124447998331,0.5063047005156243,-0.5355479783013684,1.330043169329478,-0.18487021550152105,0.18487021550152105,neutral
2017-11-20,2017,-0.6288511310842827,-0.5510786051393535,-1.2434124447998331,0.4654798344723983,-0.7554248880916207,1.3348661802760808,-0.22973684239443515,0.22973684239443515,neutral
2017-11-21,2017,-0.6377317953980224,-0.5510786051393535,-1.2434124447998331,0.464370154490958,0.14002550391351232,1.343886482753667,-0.08065678402984529,0.08065678402984529,neutral
2017-11-22,2017,-0.6288511310842827,-0.5510786051393535,-1.2434124447998331,0.4859751742201052,-1.0348244064423695,1.3617185145703001,-0.26841214977923894,0.26841214977923894,neutral
2017-11-28,2017,-0.6355116293195875,-0.5510786051393535,-1.2434124447998331,0.4926878466146419,0.22286108647196523,1.352698212092714,-0.06029258901324216,0.06029258901324216,neutral
2017-11-29,2017,-0.6421721275548922,-0.5510786051393535,-1.2434124447998331,0.4491064772912123,-0.5529366505241896,1.3350747534146201,-0.20090309955207264,0.20090309955207264,neutral
2017-11-30,2017,-0.648832625790197,-0.5510786051393535,-1.2434124447998331,0.4465922290252429,-0.5248735740066675,1.2811615116876418,-0.2067405848371944,0.2067405848371944,neutral
2017-12-01,2017,-0.6470906825312074,-0.25655073266160466,-1.2434124447998331,0.44617736811712666,-0.6300916676244998,1.4081062133785396,-0.1538103243535798,0.1538103243535798,neutral
2017-12-04,2017,-0.6581915129233818,-0.25655073266160466,-1.2434124447998331,0.4301295556544407,-0.49487333153615887,1.4261468183337123,-0.13279194132213765,0.13279194132213765,neutral
2017-12-05,2017,-0.660411679001817,-0.25655073266160466,-1.2434124447998331,0.40934874527719156,-0.569640983238034,1.453416298905011,-0.14454179925318103,0.14454179925318103,neutral
2017-12-06,2017,-0.6470906825312074,-0.25655073266160466,-1.2434124447998331,0.3652984766545572,-0.9004842440145738,1.4574050172974553,-0.20413910167586777,0.20413910167586777,neutral
2017-12-07,2017,-0.6470906825312074,-0.25655073266160466,-1.2434124447998331,0.3781977840689052,-1.1106606307558062,1.4261468183337123,-0.24222831472430564,0.24222831472430564,neutral
2017-12-08,2017,-0.6484398769801475,-0.25655073266160466,-1.2434124447998331,0.41007567688755087,-0.9740216332425433,1.4127206511866024,-0.2166047266016626,0.2166047266016626,neutral
2017-12-11,2017,-0.6528802091370174,-0.25655073266160466,-1.2434124447998331,0.41197740322937565,-0.8486750744503424,1.4349585476727589,-0.19243041835777716,0.19243041835777716,neutral
2017-12-12,2017,-0.6595407073723221,-0.25655073266160466,-1.2434124447998331,0.3960777050335518,-0.9221229171460881,1.4349585476727589,-0.20843175821225624,0.20843175821225624,neutral
2017-12-14,2017,-0.6484398769801475,-0.25655073266160466,-1.2434124447998331,0.3750977772599387,-1.1487917058336448,1.4666338929135811,-0.24257718168361841,0.24257718168361841,neutral
2017-12-15,2017,-0.6502672942485328,-0.25655073266160466,-1.2434124447998331,0.3548932778985552,-0.6525992728371911,1.4714569038601837,-0.16274659379807052,0.16274659379807052,neutral
2017-12-18,2017,-0.6502672942485328,-0.25655073266160466,-1.2434124447998331,0.3569896747973775,-0.7250171710689196,1.466216746636502,-0.17534020355750182,0.17534020355750182,neutral
2017-12-19,2017,-0.6591479585622725,-0.25655073266160466,-1.2434124447998331,0.3646094901459466,-0.7835795754485669,1.412512078048063,-0.1942615238797113,0.1942615238797113,neutral
2017-12-20,2017,-0.6635882907191423,-0.25655073266160466,-1.2434124447998331,0.5034751004066533,-1.0135600314202238,1.3898570352848274,-0.21396322731822057,0.21396322731822057,neutral
2017-12-21,2017,-0.6658084567975773,-0.25655073266160466,-1.2434124447998331,0.41359494516070566,-0.7323453766776885,1.3948886193699694,-0.1816055744010047,0.1816055744010047,neutral
2017-12-28,2017,-0.6742963723012675,-0.25655073266160466,-1.2434124447998331,0.48305353248575106,-0.9263072904516692,1.4668424660521204,-0.19177847361275055,0.19177847361275055,neutral
2017-12-29,2017,-0.6730326518617229,-0.25655073266160466,-1.2434124447998331,0.4621657443837031,-0.1807073880835514,1.4846744978687536,-0.06781049585904257,0.06781049585904257,neutral
2018-01-03,2018,-0.743266896550728,-0.3417554382744566,-1.2434124447998331,0.4640451526508759,-1.0995254304772804,1.544782569361529,-0.2365220813483155,0.2365220813483155,neutral
2018-01-05,2018,-0.7739564728387673,-0.3417554382744566,-1.2434124447998331,0.484610601127236,-0.6381506956414614,1.5181388082058491,-0.16575427370357218,0.16575427370357218,neutral
2018-01-11,2018,-0.7650758085250277,-0.3417554382744566,-1.2434124447998331,0.5014671157901274,-0.5585413305805964,1.4818490251569638,-0.15424481353880373,0.15424481353880373,neutral
2018-01-22,2018,-0.7774403593567465,-0.3417554382744566,-1.2434124447998331,0.46917720759919784,-0.47084250284664947,1.4241556381760807,-0.15668631658373453,0.15668631658373453,neutral
2018-01-23,2018,-0.7796605254351814,-0.3417554382744566,-1.2434124447998331,0.4789870973976329,-0.7582829525984083,1.4419876699927139,-0.20035609895292206,0.20035609895292206,neutral
2018-01-24,2018,-0.7863210236704862,-0.3417554382744566,-1.2434124447998331,0.5245034160721084,-0.5755584464807533,1.4287700759841435,-0.1656289768615462,0.1656289768615462,neutral
2018-01-25,2018,-0.7863210236704862,-0.3417554382744566,-1.2434124447998331,0.5444023795071893,-0.6903468241606374,1.4424048162697929,-0.17917142252140517,0.17917142252140517,neutral
2018-01-26,2018,-0.7852791040221999,-0.3417554382744566,-1.2434124447998331,0.5532824547422402,-0.4725103039204275,1.4340102332078255,-0.14261076717780855,0.14261076717780855,neutral
2018-01-29,2018,-0.7786186057868952,-0.3417554382744566,-1.2434124447998331,0.5254310773852205,-0.44326210880355194,1.401917741689924,-0.14661662976493203,0.14661662976493203,neutral
2018-01-30,2018,-0.7630774432378508,-0.3417554382744566,-1.2434124447998331,0.48212809710765675,-0.5000647625302455,1.3840857098732913,-0.16368271364357298,0.16368271364357298,neutral
2018-01-31,2018,-0.7719581075515904,-0.3417554382744566,-1.2434124447998331,0.5077560954857155,-0.5767316295170668,1.4065321794979873,-0.16992822419320738,0.16992822419320738,neutral
2018-02-01,2018,-0.7719581075515904,-0.3217809739866825,-1.2434124447998331,0.5755124549036204,-0.7612804976715319,1.3762969116807107,-0.19110377623755112,0.19110377623755112,neutral
2018-02-02,2018,-0.7388774171663247,-0.3217809739866825,-1.2434124447998331,0.5693925823376759,-0.3488726092651891,1.3175606590071296,-0.12766503397887066,0.12766503397887066,neutral
2018-02-05,2018,-0.7122354242251058,-0.3217809739866825,-1.2434124447998331,0.534661269968513,2.0033518496950484,1.3616193057023633,0.27036726372571723,-0.27036726372571723,stressed
2018-02-06,2018,-0.6855934312838867,-0.3217809739866825,-1.2434124447998331,0.5202754070887201,0.9609002093917925,1.3572134410328403,0.09793370124049178,-0.09793370124049178,neutral
2018-02-07,2018,-0.7166757563819756,-0.3217809739866825,-1.2434124447998331,0.5411107299151097,0.49558586972098484,1.3484017116937934,0.017204856026899473,-0.017204856026899473,neutral
2018-02-08,2018,-0.6878135973623216,-0.3217809739866825,-1.2434124447998331,0.46124802113391894,1.2240654007232017,1.3301525336000808,0.1270764898847274,-0.1270764898847274,neutral
2018-02-09,2018,-0.6124642774773967,-0.3217809739866825,-1.2434124447998331,0.4277773027117255,0.8039748307821211,1.3112776360907497,0.06089534555344733,-0.06089534555344733,neutral
2018-02-12,2018,-0.6368861043401808,-0.3217809739866825,-1.2434124447998331,0.4126521700662354,0.5020724973782409,1.3335155325769064,0.007693446149114343,-0.007693446149114343,neutral
2018-02-13,2018,-0.6213449417911364,-0.3217809739866825,-1.2434124447998331,0.42188913079539253,0.6404374075564737,1.3519732838091583,0.03796024359722879,-0.03796024359722879,neutral
2018-02-14,2018,-0.6413264364970507,-0.3217809739866825,-1.2434124447998331,0.4486000548138745,0.18469781930187018,1.3077060639753848,-0.04425265286540614,0.04425265286540614,neutral
2018-02-15,2018,-0.6679684294382696,-0.3217809739866825,-1.2434124447998331,0.4653681459133521,0.024963939611082966,1.3259552420690972,-0.06947908677187553,0.06947908677187553,neutral
2018-02-16,2018,-0.6632716752532127,-0.3217809739866825,-1.2434124447998331,0.47790951058473197,-0.01324814976780353,1.379868483796076,-0.06398920823778735,0.06398920823778735,neutral
2018-02-20,2018,-0.6677120074100826,-0.3217809739866825,-1.2434124447998331,0.4899185812840396,0.07872153321183673,1.4069293912288348,-0.04288932007864784,0.04288932007864784,neutral
2018-02-21,2018,-0.6721523395669525,-0.3217809739866825,-1.2434124447998331,0.48955794053799934,0.15727327687361248,1.3486102848323327,-0.04031737601825399,0.04031737601825399,neutral
2018-02-22,2018,-0.656611177017908,-0.3217809739866825,-1.2434124447998331,0.5225180974163954,-0.32012382234533815,1.3576305873099193,-0.11029662223724117,0.11029662223724117,neutral
2018-02-23,2018,-0.625272429891632,-0.3217809739866825,-1.2434124447998331,0.6148839945184807,-0.4615781953071827,1.3981176618897881,-0.10650706459617694,0.10650706459617694,neutral
2018-02-26,2018,-0.6430337585191114,-0.3217809739866825,-1.2434124447998331,0.6524112333555123,-0.41471193026048525,1.4111266827598188,-0.09323353190846355,0.09323353190846355,neutral
2018-02-27,2018,-0.649694256754416,-0.3217809739866825,-1.2434124447998331,0.6534676681145647,-0.3115909987592236,1.3981176618897881,-0.07914889071596709,0.07914889071596709,neutral
2018-02-28,2018,-0.649694256754416,-0.3217809739866825,-1.2434124447998331,0.6219002026551289,-0.2549117614214264,1.4115438290368978,-0.0727259008783886,0.0727259008783886,neutral
2018-03-01,2018,-0.6230522638131971,-0.46961395326293287,-1.2434124447998331,0.6577148405120844,0.14660056627767115,1.4956240799768015,-0.006023195851567668,0.006023195851567668,neutral
2018-03-02,2018,-0.5894933506084862,-0.46961395326293287,-1.2434124447998331,0.6302410929020437,-0.33368603238909866,1.4731776103521053,-0.08879784630103367,0.08879784630103367,neutral
2018-03-05,2018,-0.6028143470790958,-0.46961395326293287,-1.2434124447998331,0.6609348947780492,0.4756215452589452,1.4725518909364865,0.048877930971936524,-0.048877930971936524,neutral
2018-03-06,2018,-0.6161353435497052,-0.46961395326293287,-1.2434124447998331,0.6608951228137742,0.32732811708673215,1.4683545994055027,0.021236016282256354,-0.021236016282256354,neutral
2018-03-07,2018,-0.6094748453144004,-0.46961395326293287,-1.2434124447998331,0.6439347134343268,-0.09969518321134084,1.4593342969279162,-0.053154569371044014,0.053154569371044014,neutral
2018-03-08,2018,-0.6094748453144004,-0.46961395326293287,-1.2434124447998331,0.6445017820478033,-0.44704313617134084,1.481989339691152,-0.1071755429682586,0.1071755429682586,neutral
2018-03-09,2018,-0.598595815713484,-0.46961395326293287,-1.2434124447998331,0.6803560371583375,0.006903249985109355,1.4551370053969326,-0.028204320205978406,0.028204320205978406,neutral
2018-03-12,2018,-0.5941554835566141,-0.46961395326293287,-1.2434124447998331,0.6735910605923459,-0.10204253363453566,1.4998213715077853,-0.03930199719229743,0.03930199719229743,neutral
2018-03-13,2018,-0.5874949853213093,-0.46961395326293287,-1.2434124447998331,0.6491877844836619,-0.4802890795830852,1.5310795704715279,-0.10009051800199516,0.10009051800199516,neutral
2018-03-14,2018,-0.5786143210075696,-0.46961395326293287,-1.2434124447998331,0.6622433264262254,-0.20638964679833507,1.571358071912857,-0.04407149458826476,0.04407149458826476,neutral
2018-03-15,2018,-0.5786143210075696,-0.46961395326293287,-1.2434124447998331,0.6289855576267328,-0.5483585275342805,1.5805869475289833,-0.1050711235748167,0.1050711235748167,neutral
2018-03-16,2018,-0.5682135142260984,-0.46961395326293287,-1.2434124447998331,0.6229105548953017,-0.07153535102073842,1.5671607803818735,-0.0271173213387379,0.0271173213387379,neutral
2018-03-19,2018,-0.5571126838339239,-0.46961395326293287,-1.2434124447998331,0.5939945364463998,-0.09753857047891443,1.57597250972092,-0.03295176770138075,0.03295176770138075,neutral
2018-03-20,2018,-0.5637731820692286,-0.46961395326293287,-1.2434124447998331,0.617105538493753,-0.12793362665603958,1.558140477904287,-0.038247865064999,0.038247865064999,neutral
2018-03-21,2018,-0.5682135142260984,-0.46961395326293287,-1.2434124447998331,0.6628377308784955,-0.3465597743094823,1.5134561117934346,-0.07525097398773606,0.07525097398773606,neutral
2018-03-22,2018,-0.5460118534417492,-0.46961395326293287,0.2572375164086944,0.6239028584895352,0.12234446849556158,1.5495373217037798,0.25623272639881484,-0.25623272639881484,stressed
2018-03-23,2018,-0.5276868279854289,-0.46961395326293287,0.2572375164086944,0.6531144632074475,0.3249817350797609,1.5627549157123501,0.3001313081933152,-0.3001313081933152,stressed
2018-03-27,2018,-0.525466661906994,-0.46961395326293287,0.2572375164086944,0.6107172082560414,-0.2302092540685165,1.6028248440151396,0.207581616573572,-0.207581616573572,neutral
2018-03-28,2018,-0.5210263297501242,-0.46961395326293287,0.2572375164086944,0.5709797162668094,-0.16698084199680735,1.6034505634307585,0.21234111184939966,-0.21234111184939966,neutral
2018-03-29,2018,-0.5165859975932543,-0.46961395326293287,0.2572375164086944,0.5747265141407898,-0.48739101581434235,1.6258970330554545,0.16404501615573486,-0.16404501615573486,neutral
2018-03-30,2018,-0.28666716101709866,-0.46961395326293287,0.2572375164086944,0.5788142012752967,-0.9649121647897315,1.8929612567031973,0.1679699492195709,-0.1679699492195709,neutral
2018-04-02,2018,-0.561305374685219,-0.449734892790722,0.2572375164086944,0.5687688106000272,1.0396625607307692,1.7485388762702503,0.43386124942230003,-0.43386124942230003,stressed
2018-04-03,2018,-0.5746263711558285,-0.449734892790722,0.2572375164086944,0.6190672897796913,0.18988408952795638,1.6994486454898743,0.290212712876611,-0.290212712876611,stressed
2018-04-04,2018,-0.5746263711558285,-0.449734892790722,0.2572375164086944,0.5891209149627689,-0.18702690604243183,1.6818251868117808,0.21946590803237698,-0.21946590803237698,neutral
2018-04-05,2018,-0.6012683640970476,-0.449734892790722,0.2572375164086944,0.5969175241088728,0.17481031656804208,1.6593787171870844,0.27289013623082065,-0.27289013623082065,stressed
2018-04-06,2018,-0.5942151170516932,-0.449734892790722,0.2572375164086944,0.616172559750185,0.07565597342299268,1.7040630832979373,0.2681965205062324,-0.2681965205062324,stressed
2018-04-09,2018,-0.600875615286998,-0.449734892790722,0.2572375164086944,0.6522634442770592,1.7558857386281472,1.7174892504450472,0.555377573613538,-0.555377573613538,severe_stress
2018-04-12,2018,-0.6430587707772615,-0.449734892790722,0.2572375164086944,0.7633633493468955,0.7937821405456214,1.691054062427907,0.4021072341935224,-0.4021072341935224,stressed
2018-04-16,2018,-0.6765322099725767,-0.449734892790722,0.2572375164086944,0.7524741674871165,-0.37845923206493715,1.731749710146315,0.2061225098689817,-0.2061225098689817,neutral
2018-04-17,2018,-0.6854128742863163,-0.449734892790722,0.2572375164086944,0.7479451910363144,-0.48523880669869135,1.7544047529095508,0.18986681442980502,-0.18986681442980502,neutral
2018-04-18,2018,-0.6965137046784909,-0.449734892790722,0.2572375164086944,0.8061054177974988,-0.40836478316956554,1.7183235429992056,0.20450884942777006,-0.20450884942777006,neutral
2018-04-19,2018,-0.6765322099725767,-0.449734892790722,0.2572375164086944,0.8409785060301943,-0.5795336467398623,1.6868567708969229,0.17987867397210844,-0.17987867397210844,neutral
2018-04-20,2018,-0.695420932257738,-0.449734892790722,0.2572375164086944,0.8354507584492064,-0.49535911047138387,1.6555985719331803,0.1846286518785395,-0.1846286518785395,neutral
2018-04-23,2018,-0.6887604340224334,-0.449734892790722,0.2572375164086944,0.8968864868811703,-0.3834188782394152,1.6778364684193365,0.21834104444277178,-0.21834104444277178,neutral
2018-04-24,2018,-0.6776596036302586,-0.449734892790722,0.2572375164086944,0.874109158505101,-0.501254703157847,1.655181425656101,0.1929798168318448,-0.1929798168318448,neutral
2018-04-25,2018,-0.6643386071596491,-0.449734892790722,0.2572375164086944,0.8741890856140309,0.08001572959009434,1.623923226692358,0.2868820097258011,-0.2868820097258011,stressed
2018-04-26,2018,-0.6732192714733888,-0.449734892790722,0.2572375164086944,0.900228070611246,-0.3795161759845225,1.6377665401165469,0.21546029781464235,-0.21546029781464235,neutral
2018-04-27,2018,-0.6898878276801153,-0.449734892790722,0.2572375164086944,0.8488799049408419,-0.7937798932373958,1.6738477500268925,0.14109375961136592,-0.14109375961136592,neutral
2018-04-30,2018,-0.6854474955232455,-0.449734892790722,0.2572375164086944,0.8416824352965611,-0.25748949390218945,1.7048973758520958,0.2351909075568657,-0.2351909075568657,stressed
2018-05-01,2018,-0.6832273294448106,-0.6595916039068161,0.2572375164086944,1.0129460421326826,-0.17100176800390776,1.6885054214590083,0.2408113797741418,-0.2408113797741418,stressed
2018-05-02,2018,-0.6876676616016804,-0.6595916039068161,0.2572375164086944,0.9945505976425503,-0.1792190825513498,1.6794851189814217,0.23413248082880336,-0.23413248082880336,stressed
2018-05-03,2018,-0.6765668312095058,-0.6595916039068161,0.2572375164086944,1.013636912506768,-0.4990618334561402,1.7065460264141807,0.19036669779286353,-0.19036669779286353,neutral
2018-05-04,2018,-0.6949773306752217,-0.6595916039068161,0.2572375164086944,1.0292395532139151,-0.7442876713089275,1.7067545995527205,0.14906251054739408,-0.14906251054739408,neutral
2018-05-07,2018,-0.7016378289105266,-0.6595916039068161,0.2572375164086944,1.0420288170839829,-0.27420748774652176,1.7063374532756412,0.22836114436740904,-0.22836114436740904,neutral
2018-05-08,2018,-0.7016378289105266,-0.6595916039068161,0.2572375164086944,0.9703545287676762,-0.25096697988409333,1.7019315886061177,0.21955453684684204,-0.21955453684684204,neutral
2018-05-09,2018,-0.7082983271458313,-0.6595916039068161,0.2572375164086944,1.006209996549541,-0.6648259643714782,1.693119859267071,0.15397524613353017,-0.15397524613353017,neutral
2018-05-10,2018,-0.7127386593027012,-0.6595916039068161,0.2572375164086944,1.0011821758906339,-0.5848949292190287,1.7289924960388772,0.17169783265160987,-0.17169783265160987,neutral
2018-05-11,2018,-0.7271015754215969,-0.6595916039068161,0.2572375164086944,0.9906658085278409,-0.5987805030531337,1.7378042253779238,0.1667056446554854,-0.1667056446554854,neutral
2018-05-15,2018,-0.7359822397353367,-0.6595916039068161,0.2572375164086944,1.0483319143356467,-0.7217622763513478,1.6570386493567257,0.1408786600179277,-0.1408786600179277,neutral
2018-05-17,2018,-0.7359822397353367,-0.6595916039068161,0.2572375164086944,1.049615901856417,-0.5644263426630278,1.6253633041159035,0.16203608934597238,-0.16203608934597238,neutral
2018-05-18,2018,-0.7316273815878623,-0.6595916039068161,0.2572375164086944,1.088022565457399,-0.12105797573663873,1.656830076218186,0.24830219947549367,-0.24830219947549367,stressed
2018-05-22,2018,-0.7360677137447321,-0.6595916039068161,0.2572375164086944,1.128534426641671,-0.43868701853706626,1.6840995567894848,0.20592086060853929,-0.20592086060853929,neutral
2018-05-23,2018,-0.716086219038818,-0.6595916039068161,0.2572375164086944,1.1327801986371204,0.14849711944763427,1.6971085776595152,0.30999093153455504,-0.30999093153455504,stressed
2018-05-24,2018,-0.713866052960383,-0.6595916039068161,0.2572375164086944,1.0829142447264768,-0.8467160538754444,1.7059203069985622,0.13764972623184835,-0.13764972623184835,neutral
2018-05-25,2018,-0.7049853886466434,-0.6595916039068161,0.2572375164086944,1.0967190008548673,-0.35823981759630413,1.7373870791008448,0.22808779770244048,-0.22808779770244048,neutral
2018-05-29,2018,-0.6561417349210751,-0.6595916039068161,0.2572375164086944,1.0691783271471962,-0.4602023230827169,1.8210985078217892,0.2285964482445119,-0.2285964482445119,neutral
2018-05-30,2018,-0.6805635617838592,-0.6595916039068161,0.2572375164086944,1.093745349284896,0.05328239707191798,1.8085066332288378,0.3121027883839452,-0.3121027883839452,stressed
2018-05-31,2018,-0.6827837278622941,-0.6595916039068161,0.2572375164086944,1.0530921602197283,-0.3748901513990127,1.8038921954207747,0.2328260648135124,-0.2328260648135124,stressed
2018-06-01,2018,-0.6937990842450731,-0.3358542536264665,0.2572375164086944,1.095053841338563,-0.2773239659200453,1.847816885659002,0.31552182326911243,-0.31552182326911243,stressed
2018-06-04,2018,-0.7071200807156827,-0.3358542536264665,0.2572375164086944,1.0807422070822446,-0.5708674877059795,1.8345992916504317,0.259789532182207,-0.259789532182207,stressed
2018-06-05,2018,-0.7048999146372478,-0.3358542536264665,0.2572375164086944,1.08985539603705,-0.9595426532593818,1.8387965831814155,0.197598779017344,-0.197598779017344,neutral
2018-06-06,2018,-0.7182209111078572,-0.3358542536264665,0.2572375164086944,1.0888043233911782,-1.0093247397299627,1.8119442488871957,0.182431030703797,-0.182431030703797,neutral
2018-06-07,2018,-0.7182209111078572,-0.3358542536264665,0.2572375164086944,1.1528101055145052,-0.8225987432458227,1.834390718511892,0.2279607387424909,-0.2279607387424909,neutral
2018-06-08,2018,-0.7079055783357818,-0.3358542536264665,0.2572375164086944,1.1817201113783238,-0.36054068512028287,1.8299848538423686,0.31077366075780927,-0.31077366075780927,stressed
2018-06-11,2018,-0.7212265748063912,-0.3358542536264665,0.2572375164086944,1.1882390401845822,-0.13695693966521794,1.8165586866952588,0.3446662458650766,-0.3446662458650766,stressed
2018-06-12,2018,-0.7234467408848263,-0.3358542536264665,0.2572375164086944,1.1822748724884777,0.6499120637051103,1.8169758329723382,0.4745165485105547,-0.4745165485105547,stressed
2018-06-13,2018,-0.7345475712770009,-0.3358542536264665,0.2572375164086944,1.1736813334130198,-0.0982580870005389,1.830819146396527,0.3488463473857059,-0.3488463473857059,stressed
2018-06-14,2018,-0.7389879034338707,-0.3358542536264665,0.2572375164086944,1.1420210494365728,-0.4934605407972532,1.8669003563068725,0.2829760373824249,-0.2829760373824249,stressed
2018-06-19,2018,-0.7095620475853757,-0.3358542536264665,0.2572375164086944,1.0347756232966117,0.16913696025075559,1.8889296796544894,0.3841105797331182,-0.3841105797331182,stressed
2018-06-22,2018,-0.70368704697017,-0.3358542536264665,0.2572375164086944,1.1617207370351128,-0.48862840775738337,1.8847323881235056,0.29592015553554885,-0.29592015553554885,stressed
2018-06-25,2018,-0.6859257183426907,-0.3358542536264665,0.2572375164086944,1.1680549509989469,-0.3283301856803081,1.9025644199401388,0.32962445494971915,-0.32962445494971915,stressed
2018-06-27,2018,-0.6659442236367764,-0.3358542536264665,0.2572375164086944,1.395991186992357,-0.4740427849109578,1.9294167542343583,0.35113403257686815,-0.35113403257686815,stressed
2018-06-28,2018,-0.648182895009297,-0.3358542536264665,0.2572375164086944,1.2714970964833778,-0.15970455505762998,1.920396451756772,0.3842315601592418,-0.3842315601592418,stressed
2018-06-29,2018,-0.6507958098977816,-0.3358542536264665,0.2572375164086944,1.2713855824469211,-0.50867245529884,1.9113761492791854,0.32411278821861883,-0.32411278821861883,stressed
2018-07-06,2018,-0.7705827693013451,-0.47306354862951466,0.2572375164086944,1.2233545174510203,0.3217326945440377,2.013288432035722,0.42866114041810244,-0.42866114041810244,stressed
2018-07-10,2018,-0.8038852604778689,-0.47306354862951466,0.2572375164086944,1.2808432965826013,-0.5695572430846259,2.004685275835215,0.2827100061057502,-0.2827100061057502,stressed
2018-07-11,2018,-0.7883440979288244,-0.47306354862951466,0.2572375164086944,1.177846568250077,-0.8210266656915249,2.0092997136432778,0.22699158100869754,-0.22699158100869754,neutral
2018-07-12,2018,-0.799444928320999,-0.47306354862951466,0.2572375164086944,1.1188172332526862,-0.550737312898507,2.022934453928927,0.26262390229021454,-0.26262390229021454,stressed
2018-07-16,2018,-0.8119804271715095,-0.47306354862951466,0.2572375164086944,1.0305772353504743,-0.49434589172996624,2.0315376101294347,0.25666041572626885,-0.25666041572626885,stressed
2018-07-18,2018,-0.8186409254068142,-0.47306354862951466,0.2572375164086944,1.0075497694535533,-0.6701175225018207,2.004685275835215,0.21794176085988556,-0.21794176085988556,neutral
2018-07-19,2018,-0.8119804271715095,-0.47306354862951466,0.2572375164086944,1.053009471935986,-0.7663003038100582,2.0407664857455603,0.21661153241319306,-0.21661153241319306,neutral
2018-07-20,2018,-0.83165464707677,-0.47306354862951466,0.2572375164086944,1.0599003225079324,-0.14510554608309192,1.9912591086881053,0.30976220096922596,-0.30976220096922596,stressed
2018-07-23,2018,-0.8427554774689444,-0.47306354862951466,0.2572375164086944,1.024036083551638,-0.5986871825806056,1.9465747425772524,0.2188903556430867,-0.2188903556430867,neutral
2018-07-24,2018,-0.8494159757042491,-0.47306354862951466,0.2572375164086944,1.0710278904125883,-0.6260648874355509,1.964198201255346,0.22398653271788568,-0.22398653271788568,neutral
2018-07-25,2018,-0.8471958096258142,-0.47306354862951466,0.2572375164086944,1.085380059064711,-0.7936342516181476,1.9826559524875977,0.20189665301458778,-0.20189665301458778,neutral
2018-07-26,2018,-0.8605168060964239,-0.47306354862951466,0.2572375164086944,1.1053381636726245,-0.4275501086254366,1.9516063266623949,0.2588419238987231,-0.2588419238987231,stressed
2018-07-27,2018,-0.8726595561368847,-0.47306354862951466,0.2572375164086944,1.0236924439297532,-0.7032287914411333,1.964823920670965,0.19946699746698002,-0.19946699746698002,neutral
2018-07-30,2018,-0.8704393900584497,-0.47306354862951466,0.2572375164086944,1.113778202287898,0.14383827309339647,1.9597923365858227,0.3551905649479745,-0.3551905649479745,stressed
2018-07-31,2018,-0.863778891823145,-0.47306354862951466,0.2572375164086944,1.0754138525424768,-0.4778189743161541,1.978041514679535,0.2493385781436487,-0.2493385781436487,stressed
2018-08-01,2018,-0.8704393900584497,-0.6710067983004634,0.2572375164086944,0.9833763032111813,-0.7236936199911741,1.9419603047691893,0.15290571933982966,-0.15290571933982966,neutral
2018-08-02,2018,-0.8704393900584497,-0.6710067983004634,0.2572375164086944,0.987504598443563,-0.31579788823187627,1.950980607246776,0.223079774251374,-0.223079774251374,neutral
2018-08-03,2018,-0.8825821400989105,-0.6710067983004634,0.2572375164086944,1.002892006744043,-0.6062785920156707,1.9597923365858227,0.17667572155391928,-0.17667572155391928,neutral
2018-08-06,2018,-0.8825821400989105,-0.6710067983004634,0.2572375164086944,1.0058037851125405,-0.4331072736290274,1.9910505355495653,0.2112326041737332,-0.2112326041737332,neutral
2018-08-07,2018,-0.9003434687263899,-0.6710067983004634,0.2572375164086944,0.9590767995623158,-0.790915990483104,1.9778329415409954,0.13864683333367475,-0.13864683333367475,neutral
2018-08-08,2018,-0.8959031365695201,-0.6710067983004634,0.2572375164086944,0.9465289160097164,-0.9212081796451991,1.995873546496168,0.11858697739989939,-0.11858697739989939,neutral
2018-08-09,2018,-0.8936829704910852,-0.6710067983004634,0.2572375164086944,0.9355375482748846,-0.7810636966306121,2.0044767026966754,0.14191638365968226,-0.14191638365968226,neutral
2018-08-13,2018,-0.8747433954334571,-0.6710067983004634,0.2572375164086944,0.9591182589385637,-0.338302106047048,2.035734901660418,0.2280063962044513,-0.2280063962044513,neutral
2018-08-14,2018,-0.8836240597471967,-0.6710067983004634,0.2572375164086944,0.9408357121296061,-0.730861506630951,2.0447552041380046,0.15955601133294905,-0.15955601133294905,neutral
2018-08-16,2018,-0.8814038936687618,-0.6710067983004634,0.2572375164086944,0.9425897019527789,-0.9159826037920649,2.0583899444236535,0.13163731117063948,-0.13163731117063948,neutral
2018-08-17,2018,-0.8908482548113424,-0.6710067983004634,0.2572375164086944,0.9711117002879949,-0.728507301740996,2.0403493394684813,0.16305603355206144,-0.16305603355206144,neutral
2018-08-20,2018,-0.8841877565760378,-0.6710067983004634,0.2572375164086944,0.9410377966881228,-0.8801855567466851,2.0852422787178733,0.14135624669858404,-0.14135624669858404,neutral
2018-08-21,2018,-0.8930684208897773,-0.6710067983004634,0.2572375164086944,0.9581002606926244,-0.5517163230435003,2.071607538432224,0.19519229554996698,-0.19519229554996698,neutral
2018-08-22,2018,-0.8930684208897773,-0.6710067983004634,0.2572375164086944,0.8123901845176075,-0.9541341785328072,2.0984598727264436,0.10831302932161628,-0.10831302932161628,neutral
2018-08-23,2018,-0.8952885869682122,-0.6710067983004634,0.2572375164086944,0.9568887000259494,-0.5257691827380045,2.098668445864983,0.20345501571549116,-0.20345501571549116,neutral
2018-08-24,2018,-0.905603919740288,-0.6710067983004634,0.2572375164086944,0.953966975801363,-0.6370725745794684,2.1123031861506325,0.18497073095674502,-0.18497073095674502,neutral
2018-08-27,2018,-0.9122644179755927,-0.6710067983004634,0.2572375164086944,0.9607309202678551,-0.39517959708753314,2.1169176239586958,0.22607254121194267,-0.22607254121194267,neutral
2018-08-28,2018,-0.9189249162108973,-0.6710067983004634,0.2572375164086944,0.9823779743490261,0.09662677370009903,2.09426258119546,0.3067621885236531,-0.3067621885236531,stressed
2018-08-30,2018,-0.9100442518971578,-0.6710067983004634,0.2572375164086944,0.9959823814067015,-0.42671604668584384,2.0896481433873966,0.22251682405322123,-0.22251682405322123,neutral
2018-08-31,2018,-0.9043401993007434,-0.6710067983004634,0.2572375164086944,0.9514909135180064,-0.2313857766993174,2.0804192677712705,0.24706915389957454,-0.24706915389957454,stressed
2018-09-04,2018,-0.9110006975360482,-0.42261836380470674,0.2572375164086944,0.8048900779252935,-0.5879717630257525,2.0949913068045003,0.2059213461286635,-0.2059213461286635,neutral
2018-09-05,2018,-0.9043401993007434,-0.42261836380470674,0.2572375164086944,0.7806395095284856,-0.8228158188469992,2.0993971714740236,0.16458330257645906,-0.16458330257645906,neutral
2018-09-06,2018,-0.8976797010654387,-0.42261836380470674,0.2572375164086944,0.7715157418568169,-0.511322331109723,2.103803036143547,0.2168226497381983,-0.2168226497381983,neutral
2018-09-07,2018,-0.9092587542770586,-0.42261836380470674,0.2572375164086944,0.7473629469677808,-0.4970231376048575,2.0863881506039927,0.21034805971564086,-0.21034805971564086,neutral
2018-09-11,2018,-0.927020082904538,-0.42261836380470674,0.2572375164086944,0.7802099338959373,-0.7854282270229295,2.0777849944034856,0.16336096182932383,-0.16336096182932383,neutral
2018-09-12,2018,-0.9314604150614079,-0.42261836380470674,0.2572375164086944,0.7587735424526495,-0.8654915495352031,2.0819822859344694,0.14640383606574928,-0.14640383606574928,neutral
2018-09-13,2018,-0.9381209132967125,-0.42261836380470674,0.2572375164086944,0.7286222963390451,-1.015349200510042,2.086805296881072,0.11609610533622505,-0.11609610533622505,neutral
2018-09-17,2018,-0.9527911042162621,-0.42261836380470674,0.2572375164086944,0.7333026574637415,-0.3311807023064872,2.082399432211549,0.22772490595942144,-0.22772490595942144,neutral
2018-09-18,2018,-0.9638919346084367,-0.42261836380470674,0.2572375164086944,0.7533414850644453,-0.6401822301549203,2.046526795439743,0.17173554472413652,-0.17173554472413652,neutral
2018-09-19,2018,-0.9638919346084367,-0.42261836380470674,0.2572375164086944,0.8112809390744337,-0.7078616386247147,2.0150600233374605,0.16486775696378841,-0.16486775696378841,neutral
2018-09-24,2018,-0.9509636869478769,-0.42261836380470674,0.2572375164086944,0.851672494575222,-0.5482860295300641,2.050724086970727,0.2062943362786659,-0.2062943362786659,neutral
2018-09-25,2018,-0.9554040191047467,-0.42261836380470674,0.2572375164086944,0.9019637315343113,-0.8011949035916848,2.0282776173460304,0.1680435964646496,-0.1680435964646496,neutral
2018-09-26,2018,-0.9531838530263118,-0.42261836380470674,0.2572375164086944,0.8679356803970325,-0.9118371973737798,2.0599529625868525,0.14958112419796352,-0.14958112419796352,neutral
2018-09-27,2018,-0.9576241851831816,-0.42261836380470674,0.2572375164086944,0.8246925718784602,-1.0669447137393049,2.051141233247806,0.11431400980129454,-0.11431400980129454,neutral
2018-09-28,2018,-0.953098379016916,-0.42261836380470674,0.2572375164086944,0.8344412839293294,-0.8526779516445235,2.0553385247787896,0.15310377177511122,-0.15310377177511122,neutral
2018-10-01,2018,-0.9575387111737858,-0.297676486635006,0.2572375164086944,0.9840647056434486,0.06339997499225053,2.1817978215882565,0.37188080347064306,-0.37188080347064306,stressed
2018-10-04,2018,-0.9419975486247414,-0.297676486635006,0.2572375164086944,0.9246767113381469,-0.1351045619535839,2.1102611211831843,0.3195661252861157,-0.3195661252861157,stressed
2018-10-05,2018,-0.9272418836957961,-0.297676486635006,0.2572375164086944,0.9154332695013373,-0.5122292138589402,2.0832002137504255,0.2531205692451191,-0.2531205692451191,stressed
2018-10-09,2018,-0.9072603889898817,-0.297676486635006,0.2572375164086944,0.9428416934156442,-0.703670458655406,2.1100525480446444,0.2335874039314482,-0.2335874039314482,stressed
2018-10-10,2018,-0.8850587282055327,-0.297676486635006,0.2572375164086944,0.8968200701783035,0.1038940621935952,2.1098439749061053,0.36417673480769325,-0.36417673480769325,stressed
2018-10-11,2018,-0.8695175656564881,-0.297676486635006,0.2572375164086944,0.8383296220997295,0.3482417263858372,2.168163081302607,0.4074629823175624,-0.4074629823175624,stressed
2018-10-15,2018,-0.8760071158730014,-0.297676486635006,0.2572375164086944,0.8539935478476316,0.18280781372760357,2.1677459350255277,0.38135020175024165,-0.38135020175024165,stressed
2018-10-16,2018,-0.8848877801867411,-0.297676486635006,0.2572375164086944,0.813690986050057,0.06995218244958613,2.1725689459721305,0.35514756067645353,-0.35514756067645353,stressed
2018-10-17,2018,-0.8848877801867411,-0.297676486635006,0.2572375164086944,0.7618930552599542,-0.20575725782763848,2.159142778825021,0.2983253043073807,-0.2983253043073807,stressed
2018-10-18,2018,-0.8715667837161316,-0.297676486635006,0.2572375164086944,0.7352050695094766,0.19560363780773912,2.172360372833591,0.3651938877013939,-0.3651938877013939,stressed
2018-10-19,2018,-0.8567256447777907,-0.297676486635006,0.2572375164086944,0.7469352094283419,-0.0602237994644689,2.163965789771623,0.32558543078856556,-0.32558543078856556,stressed
2018-10-22,2018,-0.8545054786993557,-0.297676486635006,0.2572375164086944,0.7428538136938316,0.0744165012384074,2.1771833837801933,0.34991820829779413,-0.34991820829779413,stressed
2018-10-23,2018,-0.8256433196797017,-0.297676486635006,0.2572375164086944,0.6613439160924802,-0.13984616411066209,2.1859951131192403,0.3069017625325075,-0.3069017625325075,stressed
2018-10-24,2018,-0.8189828214443969,-0.297676486635006,0.2572375164086944,0.6235596426144504,0.41135733454137013,2.2304709060915537,0.40099434859611094,-0.40099434859611094,stressed
2018-10-25,2018,-0.8101021571306571,-0.297676486635006,0.2572375164086944,0.6401445884395298,0.456275498356953,2.2036185717973336,0.4082495885394746,-0.4082495885394746,stressed
2018-10-26,2018,-0.7623512758258421,-0.297676486635006,0.2572375164086944,0.6549243967618644,0.25684290151949374,2.230262332953014,0.389873230863703,-0.389873230863703,stressed
2018-10-29,2018,-0.7645714419042772,-0.297676486635006,0.2572375164086944,0.6360212735284639,0.29129551128143966,2.234668197622537,0.39282909505030866,-0.39282909505030866,stressed
2018-10-30,2018,-0.7534706115121024,-0.297676486635006,0.2572375164086944,0.6294563305069334,0.07392081917865467,2.208024436466857,0.35291533406900516,-0.35291533406900516,stressed
2018-10-31,2018,-0.7712319401395819,-0.297676486635006,0.2572375164086944,0.6121840276226301,0.1224538690798739,2.1992127071278103,0.3536966155774035,-0.3536966155774035,stressed
2018-11-01,2018,-0.7712319401395819,-0.18178142813405618,0.2572375164086944,0.3864673480536796,0.006325521470708334,2.19142390893523,0.31474015443244574,-0.31474015443244574,stressed
2018-11-02,2018,-0.7709755181113946,-0.18178142813405618,0.2572375164086944,0.38440320548594703,0.010927611192762005,2.1559684184405037,0.3092966342137427,-0.3092966342137427,stressed
2018-11-05,2018,-0.7709755181113946,-0.18178142813405618,0.2572375164086944,0.38758535575429337,0.10901336579190567,2.1872266174042463,0.3313843181856148,-0.3313843181856148,stressed
2018-11-06,2018,-0.7798561824251342,-0.18178142813405618,0.2572375164086944,0.3449206149477216,0.5786197697195026,2.1740090233956764,0.3988582189854008,-0.3988582189854008,stressed
2018-11-07,2018,-0.7976175110526137,-0.18178142813405618,0.2572375164086944,0.33574268524246903,-0.42825499560034985,2.196664066158912,0.23033172217050926,-0.23033172217050926,neutral
2018-11-08,2018,-0.8042780092879184,-0.18178142813405618,0.2572375164086944,0.3034657793785536,-0.47555299286810365,2.1790406074808186,0.21302191216299807,-0.21302191216299807,neutral
2018-11-09,2018,-0.7529577674557281,-0.18178142813405618,0.2572375164086944,0.27253897063955584,-0.5082752544796156,2.2100902333060217,0.2161420450474787,-0.2161420450474787,neutral
2018-11-13,2018,-0.7129947780438995,-0.18178142813405618,0.2572375164086944,0.16708970391566355,-0.09338497056920539,2.2409312859926853,0.2795162215949804,-0.2795162215949804,stressed
2018-11-14,2018,-0.6907931172595503,-0.18178142813405618,0.2572375164086944,0.1920809115310943,-0.07946897801332453,2.2451285775236696,0.29040058034275457,-0.29040058034275457,stressed
2018-11-15,2018,-0.6641511243183312,-0.18178142813405618,0.2572375164086944,0.20013568435000573,-0.17635421138083462,2.2497430153317324,0.28080490870953506,-0.28080490870953506,stressed
2018-11-16,2018,-0.6216260727904851,-0.18178142813405618,0.2572375164086944,0.21416062179304454,-0.5286867615980245,2.249325869054653,0.23143829078897102,-0.23143829078897102,stressed
2018-11-19,2018,-0.6060849102414405,-0.18178142813405618,0.2572375164086944,0.2241424892478682,-0.5237927589610025,2.2669493277327466,0.239445039342135,-0.239445039342135,stressed
2018-11-20,2018,-0.5883235816139611,-0.18178142813405618,0.2572375164086944,0.1354277138408359,-0.17694764939857954,2.27135519240227,0.2861612939175339,-0.2861612939175339,stressed
2018-11-21,2018,-0.6083050763198754,-0.18178142813405618,0.2572375164086944,0.1701070363863496,-0.17431416057054416,2.2893957973574426,0.29205661418800183,-0.29205661418800183,stressed
2018-11-27,2018,-0.564430830343089,-0.18178142813405618,0.2572375164086944,0.11656700628091869,0.05185180065377987,2.2986246729735687,0.32967812297330273,-0.32967812297330273,stressed
2018-11-28,2018,-0.5777518268136985,-0.18178142813405618,0.2572375164086944,0.08108930231197913,0.07121558949762746,2.2849899326879193,0.32249984765974427,-0.32249984765974427,stressed
2018-11-29,2018,-0.5844123250490033,-0.18178142813405618,0.2572375164086944,0.1199670499270682,0.7628736444325437,2.298833246112108,0.44545295061622586,-0.44545295061622586,stressed
2018-11-30,2018,-0.5432364679700971,-0.18178142813405618,0.2572375164086944,0.11603894271201375,0.32390945226527207,2.312259413259218,0.38073790475684083,-0.38073790475684083,stressed
2018-12-03,2018,-0.5632179626760113,0.022044242480994413,0.2572375164086944,0.04986417580893201,0.3668405479624447,2.3984910934371726,0.42187660223703777,-0.42187660223703777,stressed
2018-12-04,2018,-0.5432364679700971,0.022044242480994413,0.2572375164086944,0.04910647243352079,0.32645984655071486,2.4654133560341815,0.42950416098966815,-0.42950416098966815,stressed
2018-12-06,2018,-0.49661298032296375,0.022044242480994413,0.2572375164086944,0.013675001900297893,0.3712381910602096,2.4740165122346887,0.44026641396032024,-0.44026641396032024,stressed
2018-12-07,2018,-0.4709782857931019,0.022044242480994413,0.2572375164086944,0.02656360051454426,0.47037301889292243,2.473807939096149,0.46317467193336714,-0.46317467193336714,stressed
2018-12-10,2018,-0.45765728932249256,0.022044242480994413,0.2572375164086944,-0.009505064234633412,0.17518288910996216,2.4782138037656725,0.4109193497013663,-0.4109193497013663,stressed
2018-12-11,2018,-0.4754186179499717,0.022044242480994413,0.2572375164086944,0.002908829854795273,0.24251569233980452,2.469819220703705,0.41985114730633694,-0.41985114730633694,stressed
2018-12-12,2018,-0.49317994657745107,0.022044242480994413,0.2572375164086944,0.2620391521209661,-0.029326254563863285,2.455975907279516,0.41246510285814275,-0.41246510285814275,stressed
2018-12-13,2018,-0.49540011265588607,0.022044242480994413,0.2572375164086944,0.0008314424731279783,0.4192581397652281,2.44674703166339,0.4417863766892581,-0.4417863766892581,stressed
2018-12-17,2018,-0.4356774293294013,0.022044242480994413,0.2572375164086944,-0.056886309990472804,0.5802663458478403,2.4555587610024365,0.4704238544033486,-0.4704238544033486,stressed
2018-12-18,2018,-0.4045951042313125,0.022044242480994413,0.2572375164086944,-0.13306356171522427,0.6806403230597307,2.464161917202944,0.4810708888676378,-0.4810708888676378,stressed
2018-12-19,2018,-0.3779531112900935,0.022044242480994413,0.2572375164086944,0.2620391521209661,0.7691889541053027,2.5044404186442732,0.5728328620783563,-0.5728328620783563,severe_stress
2018-12-20,2018,-0.3180086271723505,0.022044242480994413,0.2572375164086944,-0.14054262005638538,0.7205930024533312,2.500451700251829,0.5069625357276856,-0.5069625357276856,stressed
2018-12-21,2018,-0.28549163361592594,0.022044242480994413,0.2572375164086944,-0.16187626648075024,1.395596626839827,2.4819939490195773,0.6182507391087362,-0.6182507391087362,severe_stress
2018-12-27,2018,-0.24996897636096724,0.022044242480994413,0.2572375164086944,-0.19440959247396503,1.514263094431644,2.4765452186573556,0.6376185838572926,-0.6376185838572926,severe_stress
2019-01-08,2019,0.165178001408283,-0.009815690042714898,0.2572375164086944,-0.3897055895837415,1.518858070618906,2.619881874741341,0.6936056972584614,-0.6936056972584614,severe_stress
2019-01-09,2019,0.1363158423886289,-0.009815690042714898,0.2572375164086944,-0.34847997405818876,0.3533172888716358,2.597226831978105,0.4976336359243601,-0.4976336359243601,stressed
2019-01-23,2019,0.049438322064550934,-0.009815690042714898,0.2572375164086944,-0.35149529835140253,0.05445519356544705,2.570791643960965,0.42843528126758995,-0.42843528126758995,stressed
2019-01-24,2019,0.06275931853516052,-0.009815690042714898,0.2572375164086944,-0.33295999761870815,0.1461787690498311,2.5800205195770904,0.4505700726515589,-0.4505700726515589,stressed
2019-01-25,2019,0.005956824897814017,-0.009815690042714898,0.2572375164086944,-0.29928571199733844,0.01651077536700905,2.571208790238044,0.42363541747858463,-0.42363541747858463,stressed
2019-01-28,2019,0.021497987446858564,-0.009815690042714898,0.2572375164086944,-0.32099802895783414,-0.1175685862814428,2.5934466867242008,0.403966647549627,-0.403966647549627,stressed
2019-01-29,2019,0.01927782136842367,-0.009815690042714898,0.2572375164086944,-0.26436921404295943,-0.18648338612445506,2.6020498429247074,0.4029828150819494,-0.4029828150819494,stressed
2019-01-30,2019,0.01039715705468395,-0.009815690042714898,0.2572375164086944,-0.24733933118351978,0.18670438679827256,2.6016326966476284,0.4664694559471741,-0.4664694559471741,stressed
2019-01-31,2019,0.012617323133118844,-0.009815690042714898,0.2572375164086944,-0.2522797825688973,0.11639902144670686,2.628067884664769,0.45870437884027954,-0.45870437884027954,stressed
2019-02-01,2019,-0.03752467226892283,0.1541207683032403,0.2572375164086944,-0.2796923711921308,-0.16594846261714963,2.592820967308582,0.4201689576570522,-0.4201689576570522,stressed
2019-02-04,2019,-0.04640533658266255,0.1541207683032403,0.2572375164086944,-0.30523165450554685,0.7761189904786241,2.5791862270229324,0.569171085187547,-0.569171085187547,severe_stress
2019-02-05,2019,-0.06860699736701163,0.1541207683032403,0.2572375164086944,-0.3272929923452264,-0.2787295953211273,2.597226831978105,0.3889925886094458,-0.3889925886094458,stressed
2019-02-06,2019,-0.07304732952388156,0.1541207683032403,0.2572375164086944,-0.20167058994013776,0.171274767019038,2.6016326966476284,0.4849246381524303,-0.4849246381524303,stressed
2019-02-07,2019,-0.03752467226892283,0.1541207683032403,0.2572375164086944,-0.3455075292385488,-0.16315329986111415,2.628276457803308,0.4155748735244429,-0.4155748735244429,stressed
2019-02-08,2019,-0.05784806301241996,0.1541207683032403,0.2572375164086944,-0.3415393722866396,-0.35486355486269217,2.6368796140038158,0.3823311514256664,-0.3823311514256664,stressed
2019-02-11,2019,-0.0667287273261596,0.1541207683032403,0.2572375164086944,-0.3619448345946357,-0.4740301240653816,2.6414940518118786,0.3583581084229394,-0.3583581084229394,stressed
2019-02-12,2019,-0.0911505541889438,0.1541207683032403,0.2572375164086944,-0.36123202437452734,-0.6293560709910913,2.614850290656199,0.3240783209689285,-0.3240783209689285,stressed
2019-02-13,2019,-0.10225138458111833,0.1541207683032403,0.2572375164086944,-0.353364136108169,-0.2294517072071311,2.606038561317152,0.3887216030221114,-0.3887216030221114,stressed
2019-02-14,2019,-0.0911505541889438,0.1541207683032403,0.2572375164086944,-0.33079627512437915,-0.643911645724181,2.6328908956113715,0.3297317842143004,-0.3297317842143004,stressed
2019-02-15,2019,-0.12653688466203994,0.1541207683032403,0.2572375164086944,-0.2863918142337289,-0.5946576765392968,2.6421197712274975,0.3409819467507278,-0.3409819467507278,stressed
2019-02-19,2019,-0.12875705074047483,0.1541207683032403,0.2572375164086944,-0.2728099652283105,-0.400697133658668,2.6507229274280046,0.3766361770854143,-0.3766361770854143,stressed
2019-02-20,2019,-0.1354175489757796,0.1541207683032403,0.2572375164086944,-0.2800518040702459,-0.5892427020200581,2.6507229274280046,0.3428948595123093,-0.3428948595123093,stressed
2019-02-21,2019,-0.1442982132895193,0.1541207683032403,0.2572375164086944,-0.2799733033095752,-0.3737091136110271,2.628485030941848,0.37364378090727685,-0.37364378090727685,stressed
2019-02-22,2019,-0.1596175750473057,0.1541207683032403,0.2572375164086944,-0.255170904283959,-0.22681855711884774,2.645899916481402,0.402608527457204,-0.402608527457204,stressed
2019-02-25,2019,-0.17071840543948025,0.1541207683032403,0.2572375164086944,-0.26966705785348366,-0.36884620717528527,2.6461084896199414,0.3747058506439378,-0.3747058506439378,stressed
2019-02-26,2019,-0.16849823936104544,0.1541207683032403,0.2572375164086944,-0.2990250270795969,-0.4676798964480058,2.650514354289465,0.3544449126854586,-0.3544449126854586,stressed
2019-02-27,2019,-0.18403940191008983,0.1541207683032403,0.2572375164086944,-0.2611222396836847,-0.018559852886953748,2.614641717517659,0.4270464179581442,-0.4270464179581442,stressed
2019-02-28,2019,-0.18847973406695961,0.1541207683032403,0.2572375164086944,-0.2448024471745048,-0.04081759259842899,2.5877893832234395,0.42084131568258015,-0.42084131568258015,stressed
2019-03-01,2019,-0.21394348057803,0.03455079251424982,0.2572375164086944,-0.10664273811637526,-0.25892483267685495,2.576011866638415,0.3813815206983498,-0.3813815206983498,stressed
2019-03-04,2019,-0.20506281626429035,0.03455079251424982,0.2572375164086944,-0.09600467003248288,-0.49265383298732424,2.6209048058878075,0.3531619659211091,-0.3531619659211091,stressed
2019-03-05,2019,-0.20284265018585537,0.03455079251424982,0.2572375164086944,-0.11531337511391548,0.062303016097424946,2.6209048058878075,0.44280668426806763,-0.44280668426806763,stressed
2019-03-06,2019,-0.18730148763681098,0.03455079251424982,0.2572375164086944,-0.11665514729151916,-0.3383718463302161,2.638528264565901,0.38133134870504987,-0.38133134870504987,stressed
2019-03-07,2019,-0.16065949469559196,0.03455079251424982,0.2572375164086944,-0.13143033209481395,0.22030516081008172,2.651745858574471,0.4786249169195152,-0.4786249169195152,stressed
2019-03-08,2019,-0.14964413831281312,0.03455079251424982,0.2572375164086944,-0.17147787083779517,-0.2868658955675212,2.6649634525830415,0.39146064279797604,-0.39146064279797604,stressed
2019-03-12,2019,-0.17184579909716222,0.03455079251424982,0.2572375164086944,-0.16279812048111544,-0.38428198800743196,2.6739837550606276,0.37447435939964374,-0.37447435939964374,stressed
2019-03-13,2019,-0.19182729380307648,0.03455079251424982,0.2572375164086944,-0.1351765302109215,-0.5102735806815617,2.6695778903911047,0.35401479910308153,-0.35401479910308153,stressed
2019-03-14,2019,-0.2007079581168161,0.03455079251424982,0.2572375164086944,-0.12559668212990704,-0.7057169933240162,2.6561517232439944,0.31931973309936657,-0.31931973309936657,stressed
2019-03-15,2019,-0.20610473591257653,0.03455079251424982,0.2572375164086944,-0.11300507222434321,-0.6751363124210907,2.678389619730151,0.32932196801584745,-0.32932196801584745,stressed
2019-03-18,2019,-0.20610473591257653,0.03455079251424982,0.2572375164086944,-0.11196738755075786,-0.5697189329469702,2.6741923281991675,0.3463649301186345,-0.3463649301186345,stressed
2019-03-19,2019,-0.21498540022631626,0.03455079251424982,0.2572375164086944,0.049874779075074295,-0.4860308212245321,2.678598192868691,0.38654084323597687,-0.38654084323597687,stressed
2019-03-20,2019,-0.20166440375570668,0.03455079251424982,0.2572375164086944,-0.06517469061362667,-0.5130981459401172,2.7228654127024643,0.372452746885993,-0.372452746885993,stressed
2019-03-21,2019,-0.21276523414788137,0.03455079251424982,0.2572375164086944,-0.07354021009989124,-0.41263357410805845,2.7318857151800504,0.38745583429119396,-0.38745583429119396,stressed
2019-03-25,2019,-0.17153852429650843,0.03455079251424982,0.2572375164086944,-0.09744382368439942,-0.365132548912401,2.7486748813039856,0.4010580488889368,-0.4010580488889368,stressed
2019-03-26,2019,-0.18041918861024817,0.03455079251424982,0.2572375164086944,-0.05238805336760821,-0.42959120752367136,2.7574866106430327,0.39781274501074154,-0.39781274501074154,stressed
2019-03-27,2019,-0.18041918861024817,0.03455079251424982,0.2572375164086944,-0.08359108891036249,-0.2739394937606654,2.7574866106430327,0.4185541913807835,-0.4185541913807835,stressed
2019-03-28,2019,-0.18263935468868298,0.03455079251424982,0.2572375164086944,-0.11792911918530495,-0.6492264453041314,2.7576951837815726,0.34994809558773293,-0.34994809558773293,stressed
2019-03-29,2019,-0.20666843274141755,0.03455079251424982,0.2572375164086944,-0.12292808659790644,-0.4053210939369776,2.7448947360500813,0.38362757194945396,-0.38362757194945396,stressed
2019-04-01,2019,-0.44192132135531875,-0.008292016897025568,0.2572375164086944,-0.05688631903460543,-0.21977919983293515,2.719482479179407,0.37497352307803605,-0.37497352307803605,stressed
2019-04-02,2019,-0.4397011552768837,-0.008292016897025568,0.2572375164086944,-0.04575707371871022,-0.11601047672869655,2.710253603563281,0.39295506622510984,-0.39295506622510984,stressed
2019-04-03,2019,-0.4508019856690584,-0.008292016897025568,0.2572375164086944,-0.029683653775050185,-0.47816525675069854,2.6968274364161715,0.3311870066221722,-0.3311870066221722,stressed
2019-04-04,2019,-0.4508019856690584,-0.008292016897025568,0.2572375164086944,-0.03949856177257229,-0.48476980128909863,2.7058477388937576,0.32995381494578285,-0.32995381494578285,stressed
2019-04-05,2019,-0.46507942777855843,-0.008292016897025568,0.2572375164086944,-0.052845754643474574,-0.8124309403546583,2.7240969169874703,0.2737810489537413,-0.2737810489537413,stressed
2019-04-08,2019,-0.4695197599354283,-0.008292016897025568,0.2572375164086944,-0.030361358294294094,-0.7182779679924316,2.7062648851708366,0.2895085497433919,-0.2895085497433919,stressed
2019-04-09,2019,-0.46507942777855843,-0.008292016897025568,0.2572375164086944,-0.034900853129305166,-0.609467906933163,2.7062648851708366,0.3076270328069131,-0.3076270328069131,stressed
2019-04-10,2019,-0.46507942777855843,-0.008292016897025568,0.2572375164086944,-0.015745126333210957,-0.5972108126114437,2.719273906040867,0.3150306731382205,-0.3150306731382205,stressed
2019-04-16,2019,-0.5179706648509469,-0.008292016897025568,0.2572375164086944,-0.03327721728805503,-0.8013394971229888,2.657174654390461,0.2589221291066898,-0.2589221291066898,stressed
2019-04-17,2019,-0.5113101666156422,-0.008292016897025568,0.2572375164086944,-0.04437068679338115,-0.7247102261301114,2.6659863837295075,0.2724234672836736,-0.2724234672836736,stressed
2019-04-18,2019,-0.4979891701450326,-0.008292016897025568,0.2572375164086944,-0.020388142583947593,-0.8180725389255052,2.6659863837295075,0.2630803385977818,-0.2630803385977818,stressed
2019-04-19,2019,-0.24486180015908232,-0.008292016897025568,0.2572375164086944,0.12031980932700131,-0.8957259516946551,3.4889034481110324,0.4529301675159942,-0.4529301675159942,stressed
2019-04-22,2019,-0.5006875590429128,-0.008292016897025568,0.2572375164086944,-0.01194229458666172,-0.614618968277913,2.6567575081133814,0.2964090309529271,-0.2964090309529271,stressed
2019-04-23,2019,-0.5029077251213477,-0.008292016897025568,0.2572375164086944,-0.021840793071775944,-0.802244670239102,2.6699751021219513,0.26532123553356574,-0.26532123553356574,stressed
2019-04-24,2019,-0.5006875590429128,-0.008292016897025568,0.2572375164086944,-0.04137193536183629,-0.7048401905568231,2.6831926961305217,0.2808730851134364,-0.2808730851134364,stressed
2019-04-25,2019,-0.496247226886043,-0.008292016897025568,0.2572375164086944,-0.024612474311580795,-0.5646765628383401,2.6743809667914746,0.3062983670445299,-0.3062983670445299,stressed
2019-04-26,2019,-0.4926778663586681,-0.008292016897025568,0.2572375164086944,-0.08859735260516448,-0.6762089817783641,2.673963820514396,0.27757085321397806,-0.27757085321397806,stressed
2019-04-29,2019,-0.4993383645939728,-0.008292016897025568,0.2572375164086944,-0.08979529571812528,-0.40442685609899254,2.6649435180368095,0.3200547501895646,-0.3200547501895646,stressed
2019-04-30,2019,-0.4993383645939728,-0.008292016897025568,0.2572375164086944,-0.0737216657327577,-0.5833645444043869,2.6737552473758566,0.294379362026068,-0.294379362026068,stressed
2019-05-01,2019,-0.5037786967508425,0.04463650906504855,0.2572375164086944,-0.25117623386640303,-0.1403383631668303,2.665654869851315,0.3453726002568303,-0.3453726002568303,stressed
2019-05-02,2019,-0.49711819851553773,0.04463650906504855,0.2572375164086944,-0.2834151268868578,-0.8407671556916931,2.6746751723289015,0.22587478611809264,-0.22587478611809264,neutral
2019-05-03,2019,-0.49751094732558726,0.04463650906504855,0.2572375164086944,-0.2810778807233705,-0.7475049859668992,2.6568431405122683,0.2387705586616924,-0.2387705586616924,stressed
2019-05-06,2019,-0.4753092865412382,0.04463650906504855,0.2572375164086944,-0.27669634754369904,-0.24070756615350491,2.6790810369984244,0.3313736437056209,-0.3313736437056209,stressed
2019-05-07,2019,-0.45976812399219363,0.04463650906504855,0.2572375164086944,-0.28718724902177756,0.2227499284515165,2.7149536737702307,0.4154370424469198,-0.4154370424469198,stressed
2019-05-08,2019,-0.4642084561490636,0.04463650906504855,0.2572375164086944,-0.2897392095715618,0.15423302284157675,2.688101339476011,0.3983767870117842,-0.3983767870117842,stressed
2019-05-09,2019,-0.4375664632078445,0.04463650906504855,0.2572375164086944,-0.2958879499216325,-0.1490424728687532,2.7057247981541046,0.3541836562716029,-0.3541836562716029,stressed
2019-05-10,2019,-0.4236817699083941,0.04463650906504855,0.2572375164086944,-0.29168665851780745,-0.07455031523031018,2.687684193198932,0.3666065791693605,-0.3666065791693605,stressed
2019-05-13,2019,-0.38149861441813054,0.04463650906504855,0.2572375164086944,-0.2878606473998437,0.192027041129895,2.705099078738486,0.42160681392069166,-0.42160681392069166,stressed
2019-05-14,2019,-0.397039776967175,0.04463650906504855,0.2572375164086944,-0.23444369823572744,0.24384442011989424,2.6962873493994395,0.4350870532983624,-0.4350870532983624,stressed
2019-05-15,2019,-0.3881591126534354,0.04463650906504855,0.2572375164086944,-0.1326702650689672,0.1546640935174738,2.727336975224642,0.4438409527489094,-0.4438409527489094,stressed
2019-05-16,2019,-0.4125809395162195,0.04463650906504855,0.2572375164086944,-0.1994537339022275,-0.2455879076600389,2.7099220896850884,0.35902892234672423,-0.35902892234672423,stressed
2019-05-21,2019,-0.41732854647374307,0.04463650906504855,0.2572375164086944,-0.18239709120559125,-0.4433933799441203,2.706141944431184,0.32748282538024537,-0.32748282538024537,stressed
2019-05-22,2019,-0.40844788216000333,0.04463650906504855,0.2572375164086944,-0.1924737388842727,-0.4924600147701001,2.7239739762478172,0.32207772765119735,-0.32207772765119735,stressed
2019-05-23,2019,-0.36626472666974,0.04463650906504855,0.2572375164086944,-0.26755969018026265,-0.3016433201270032,2.7409717155102915,0.3512296673345048,-0.3512296673345048,stressed
2019-05-24,2019,-0.36879216754882865,0.04463650906504855,0.2572375164086944,-0.24350797109416064,0.20224547146901972,2.7415974349259105,0.4389027988709473,-0.4389027988709473,stressed
2019-05-29,2019,-0.3243888459801303,0.04463650906504855,0.2572375164086944,-0.25642071973278896,-0.3449288917501444,2.781250216951621,0.3595642974937167,-0.3595642974937167,stressed
2019-05-30,2019,-0.331049344215435,0.04463650906504855,0.2572375164086944,-0.29973185768919913,-0.43363647087135637,2.7988736756297143,0.33938833805457785,-0.33938833805457785,stressed
2019-05-31,2019,-0.2625314705846064,0.04463650906504855,0.2572375164086944,-0.3523269989986759,0.036316199556441,2.8070596855531424,0.42173190683334066,-0.42173190683334066,stressed
2019-06-03,2019,-0.23810964372182228,-0.05950019056461643,0.2572375164086944,-0.47366676000756175,-0.1252878475908683,2.804368169298359,0.3608402073036974,-0.3608402073036974,stressed
2019-06-04,2019,-0.2758524670552159,-0.05950019056461643,0.2572375164086944,-0.4439150266949059,0.09965401221246234,2.7869532837588054,0.39409618801087065,-0.39409618801087065,stressed
2019-06-05,2019,-0.28695329744739045,-0.05950019056461643,0.2572375164086944,-0.4883911553297686,0.8158303525365284,2.7638810947184904,0.5003507200536562,-0.5003507200536562,stressed
2019-06-06,2019,-0.3002742939180001,-0.05950019056461643,0.2572375164086944,-0.46037097937785854,0.1537390982179605,2.7781415544197583,0.3948287841976564,-0.3948287841976564,stressed
2019-06-07,2019,-0.3046291520654741,-0.05950019056461643,0.2572375164086944,-0.4488917909148819,1.0337536934566025,2.7693298250807117,0.5412166502335061,-0.5412166502335061,severe_stress
2019-06-10,2019,-0.3357114771635629,-0.05950019056461643,0.2572375164086944,-0.4559706432961552,0.3544344246239573,2.742686063925032,0.4171959489888915,-0.4171959489888915,stressed
2019-06-12,2019,-0.33793164324199804,-0.05950019056461643,0.2572375164086944,-0.544438570779609,-0.02129759746564512,2.729468469916462,0.33725633071221467,-0.33725633071221467,stressed
2019-06-14,2019,-0.3330130882656827,-0.05950019056461643,0.2572375164086944,-0.6032167152619637,0.16148605239680186,2.729468469916462,0.35874367410494923,-0.35874367410494923,stressed
2019-06-18,2019,-0.3529945829715972,-0.05950019056461643,0.2572375164086944,-0.54971543405634,0.1610262885665774,2.7745699823043934,0.3717705966145186,-0.3717705966145186,stressed
2019-06-21,2019,-0.3951777384618606,-0.05950019056461643,0.2572375164086944,-0.30324297196883715,0.4457160100886608,2.675555228189483,0.4367646422819207,-0.4367646422819207,stressed
2019-06-24,2019,-0.384076908069686,-0.05950019056461643,0.2572375164086944,-0.4797746241334406,-0.2640468621275254,2.7063962808761466,0.2960392020649288,-0.2960392020649288,stressed
2019-06-26,2019,-0.37297607767751145,-0.05950019056461643,0.2572375164086944,-0.4687202185975787,0.21821964331983115,2.7112192918227493,0.3809133274519281,-0.3809133274519281,stressed
2019-06-27,2019,-0.36409541336377177,-0.05950019056461643,0.2572375164086944,-0.4707058267932596,-0.44966430289355197,2.7290513236393825,0.27372051773881284,-0.27372051773881284,stressed
2019-06-28,2019,-0.3712341344185217,-0.05950019056461643,0.2572375164086944,-0.44069560153283094,0.018523842656075457,2.7338743345859853,0.3563676278557977,-0.3563676278557977,stressed
2019-07-03,2019,-0.33750455316635114,-0.008534121895153545,0.2572375164086944,-0.36991535840319695,-0.21657622378495522,2.830529086324305,0.35920605758055707,-0.35920605758055707,stressed
2019-07-09,2019,-0.3406811648836765,-0.008534121895153545,0.2572375164086944,-0.38924390384277024,-0.7877294492210043,2.8225516495394167,0.25893342101758443,-0.25893342101758443,stressed
2019-07-10,2019,-0.34512149704054645,-0.008534121895153545,0.2572375164086944,-0.31353552491238645,-0.8316364586023699,2.7499720834416466,0.25139699956664746,-0.25139699956664746,stressed
2019-07-11,2019,-0.34734166311898124,-0.008534121895153545,0.2572375164086944,-0.35848216995429166,-0.36830165510370844,2.696475987991747,0.31184231572138443,-0.31184231572138443,stressed
2019-07-16,2019,-0.35892071633060113,-0.008534121895153545,0.2572375164086944,-0.3697238564101524,-0.7826880953316302,2.6968931342688265,0.23904397678499725,-0.23904397678499725,stressed
2019-07-17,2019,-0.34781988593842667,-0.008534121895153545,0.2572375164086944,-0.41685139751282024,-0.4986211983954675,2.737171635710156,0.28709709139616374,-0.28709709139616374,stressed
2019-07-18,2019,-0.3256182251540773,-0.008534121895153545,0.2572375164086944,-0.4228252407570137,-0.6602802766075129,2.6878728317912395,0.2546420806310294,-0.2546420806310294,stressed
2019-07-19,2019,-0.33314969501887687,-0.008534121895153545,0.2572375164086944,-0.40381969226192216,-0.5819387700144973,2.697101707407366,0.2711494907709351,-0.2711494907709351,stressed
2019-07-22,2019,-0.3353698610973119,-0.008534121895153545,0.2572375164086944,-0.39857948546909766,-0.5493716984726655,2.710319301415936,0.2792836084817336,-0.2792836084817336,stressed
2019-07-23,2019,-0.35091102364635623,-0.008534121895153545,0.2572375164086944,-0.38122722043785506,-0.3107042450644702,2.6838841133987956,0.31495750312727583,-0.31495750312727583,stressed
2019-07-24,2019,-0.35313118972479124,-0.008534121895153545,0.2572375164086944,-0.3988756122582687,-0.6353500811807062,2.7285684795096485,0.26498583180990387,-0.26498583180990387,stressed
2019-07-25,2019,-0.36423202011696576,-0.008534121895153545,0.2572375164086944,-0.4012496469468387,-0.8958158492099042,2.7153508855010777,0.21712612729015165,-0.21712612729015165,neutral
2019-07-26,2019,-0.3690651010838852,-0.008534121895153545,0.2572375164086944,-0.36881090859983146,-0.3330416281836413,2.7241626148401252,0.316991395247718,-0.316991395247718,stressed
2019-07-29,2019,-0.3601844367701455,-0.008534121895153545,0.2572375164086944,-0.3539897775055077,-0.5133032381752214,2.7375887819872347,0.2931357873416502,-0.2931357873416502,stressed
2019-07-30,2019,-0.3513037724564058,-0.008534121895153545,0.2572375164086944,-0.3457219360497293,0.002626588360600257,2.719965323309141,0.3790449329461912,-0.3790449329461912,stressed
2019-07-31,2019,-0.3601844367701455,-0.008534121895153545,0.2572375164086944,-0.33268011192492636,-0.10928425730319241,2.7745042844517385,0.3701764788278359,-0.3701764788278359,stressed
2019-08-01,2019,-0.322441613436752,-0.11624427017876271,0.2572375164086944,-0.45731455526303133,0.4188052304017638,2.6466706080713807,0.4044521526672155,-0.4044521526672155,stressed
2019-08-02,2019,-0.2916665631393167,-0.11624427017876271,0.2572375164086944,-0.39648233302158936,0.13150014853628514,2.6737315155041403,0.37634600235157517,-0.37634600235157517,stressed
2019-08-05,2019,-0.21618091647252954,-0.11624427017876271,0.2572375164086944,-0.4192360801687756,0.4344388943281584,2.708561286583248,0.4414294050833388,-0.4414294050833388,stressed
2019-08-06,2019,-0.23172207902157402,-0.11624427017876271,0.2572375164086944,-0.4431943482855318,0.07449614464610357,2.7312163293464837,0.37863154881923555,-0.37863154881923555,stressed
2019-08-07,2019,-0.21840108255096458,-0.11624427017876271,0.2572375164086944,-0.49144766135862766,0.08403771961948302,2.7314249024850237,0.3744345207374744,-0.3744345207374744,stressed
2019-08-08,2019,-0.26502457019809794,-0.11624427017876271,0.2572375164086944,-0.4779244085942153,-0.12068027429540645,2.736247913431626,0.33560198442897304,-0.33560198442897304,stressed
2019-08-09,2019,-0.2515326257086971,-0.11624427017876271,0.2572375164086944,-0.45534246761961555,-0.041532043958118124,2.7140100169454695,0.3510993543148284,-0.3510993543148284,stressed
2019-08-13,2019,-0.2648536221793065,-0.11624427017876271,0.2572375164086944,-0.43725939332865044,-0.2592759212053038,2.7819751452351764,0.3269299091253079,-0.3269299091253079,stressed
2019-08-14,2019,-0.21156963629686842,-0.11624427017876271,0.2572375164086944,-0.47024638667371965,0.6375909876760066,2.8086189063908567,0.48423118622103445,-0.48423118622103445,stressed
2019-08-15,2019,-0.20490913806156383,-0.11624427017876271,0.2572375164086944,-0.4626022429874271,0.6463398547096972,2.8035873223057144,0.48723484036605874,-0.48723484036605874,stressed
2019-08-16,2019,-0.19981963506645717,-0.11624427017876271,0.2572375164086944,-0.47184341734256363,0.10835534825899276,2.7589029561948615,0.38943141637912754,-0.38943141637912754,stressed
2019-08-19,2019,-0.22424146192924121,-0.11624427017876271,0.2572375164086944,-0.45682054720719395,0.2929100387266182,2.7677146855339085,0.42009266022567054,-0.42009266022567054,stressed
2019-08-20,2019,-0.22646162800767625,-0.11624427017876271,0.2572375164086944,-0.45260485240436116,1.028724645738708,2.798972884497651,0.5482707160090422,-0.5482707160090422,severe_stress
2019-08-21,2019,-0.25754395310576506,-0.11624427017876271,0.2572375164086944,-0.2857519177606054,1.2840769484171004,2.8037958954442534,0.6142617032041525,-0.6142617032041525,severe_stress
2019-08-22,2019,-0.2686447834979396,-0.11624427017876271,0.2572375164086944,-0.4657147931368026,0.6101900732401415,2.81302477106038,0.4716414189826185,-0.4716414189826185,stressed
2019-08-23,2019,-0.23517134430262443,-0.11624427017876271,0.2572375164086944,-0.4713797830967561,1.546487027802764,2.8438658237470436,0.6374658283967265,-0.6374658283967265,severe_stress
2019-08-26,2019,-0.2418318425379292,-0.11624427017876271,0.2572375164086944,-0.468905943776117,1.4937832975951397,2.857291990894153,0.6302217914008631,-0.6302217914008631,severe_stress
2019-08-27,2019,-0.2484923407732338,-0.11624427017876271,0.2572375164086944,-0.4443833961175361,0.810831707606066,2.8845614714654517,0.5239184480684466,-0.5239184480684466,severe_stress
2019-08-28,2019,-0.2529326729301038,-0.11624427017876271,0.2572375164086944,-0.4294967141286194,0.40072604168270975,2.8931646276659593,0.45874242141997956,-0.45874242141997956,stressed
2019-08-29,2019,-0.27291416763601806,-0.11624427017876271,0.2572375164086944,-0.43783405111184087,0.0149718423868469,2.879947033657389,0.3875273172543848,-0.3875273172543848,stressed
2019-08-30,2019,-0.25720205706818217,-0.11624427017876271,0.2572375164086944,-0.4765688622923861,0.23768801071974283,2.8661037202332,0.4185023429703844,-0.4185023429703844,stressed
2019-09-03,2019,-0.22611973197009316,-0.07115327809885257,0.2572375164086944,-0.5255366083608594,0.12566334492051795,2.822301970734626,0.3970655356056722,-0.3970655356056722,stressed
2019-09-04,2019,-0.22611973197009316,-0.07115327809885257,0.2572375164086944,-0.48721984446268235,-0.09752044199427444,2.799438354832851,0.3624437624526071,-0.3624437624526071,stressed
2019-09-05,2019,-0.26164238922505195,-0.07115327809885257,0.2572375164086944,-0.498446098782797,-0.06794748032501419,2.7646085837537426,0.35377614228845355,-0.35377614228845355,stressed
2019-09-06,2019,-0.25663836023934117,-0.07115327809885257,0.2572375164086944,-0.5116572648043972,0.020203949901333507,2.7690144484232664,0.3678345019317839,-0.3678345019317839,stressed
2019-09-09,2019,-0.2699593567099507,-0.07115327809885257,0.2572375164086944,-0.48565952147905583,-0.4812233005276224,2.7199242176428897,0.27819437953935044,-0.27819437953935044,stressed
2019-09-10,2019,-0.289940851415865,-0.07115327809885257,0.2572375164086944,-0.49394664877873,-0.49685735099680156,2.6758655709476558,0.2635341596776835,-0.2635341596776835,stressed
2019-09-11,2019,-0.28550051925899506,-0.07115327809885257,0.2572375164086944,-0.5490918480795087,-0.5955067864370739,2.6578249659924835,0.23563500842112461,-0.23563500842112461,stressed
2019-09-13,2019,-0.2987360417202089,-0.07115327809885257,0.2572375164086944,-0.5511030498395731,-0.30665798143187323,2.5732792447173805,0.2671444016725945,-0.2671444016725945,stressed
2019-09-17,2019,-0.30317637387707874,-0.07115327809885257,0.2572375164086944,-0.494281722451173,-0.4422930177174308,2.6353784963677875,0.2636186034386578,-0.2636186034386578,stressed
2019-09-18,2019,-0.30095620779864385,-0.07115327809885257,0.2572375164086944,-0.5359345983030038,-0.5360956108994013,2.6498475292075954,0.24382422508606472,-0.24382422508606472,stressed
2019-09-24,2019,-0.2777981013754041,-0.07115327809885257,0.2572375164086944,-0.5376050911871381,0.11239445055376601,2.702509332103336,0.36426413806740027,-0.36426413806740027,stressed
2019-09-26,2019,-0.26669727098322943,-0.07115327809885257,0.2572375164086944,-0.559743467052549,-0.46132489460541415,2.6364213620604855,0.25578999462152247,-0.25578999462152247,stressed
2019-09-30,2019,-0.2511561084341851,-0.07115327809885257,0.2572375164086944,-0.546806544265587,-0.0183544219120977,2.6626479769390863,0.33873585677284307,-0.33873585677284307,stressed
2019-10-03,2019,0.09578832789179308,-0.002745480857856683,0.2572375164086944,-0.5914443184077133,-0.31645322771546147,2.476115356225914,0.319749695590895,-0.319749695590895,stressed
2019-10-04,2019,0.08595121793916276,-0.002745480857856683,0.2572375164086944,-0.5582480750908322,-0.010446132545008046,2.503176263658673,0.37915421825213885,-0.37915421825213885,stressed
2019-10-08,2019,0.08817138401759765,-0.002745480857856683,0.2572375164086944,-0.5557615888853836,0.7423059150908545,2.4987703989891497,0.504663024127176,-0.504663024127176,stressed
2019-10-09,2019,0.07263022146855332,-0.002745480857856683,0.2572375164086944,-0.557005878660946,-0.22689755491572822,2.4635234816329628,0.33445705084594657,-0.33445705084594657,stressed
2019-10-10,2019,0.0593092249979437,-0.002745480857856683,0.2572375164086944,-0.5068600623354363,0.14858356951905816,2.414641823991126,0.39502776528725486,-0.39502776528725486,stressed
2019-10-11,2019,0.012993012151464164,-0.002745480857856683,0.2572375164086944,-0.48816582457121455,-0.2185130669325338,2.3796034797734786,0.3234016059953387,-0.3234016059953387,stressed
2019-10-15,2019,-0.006988482554450097,-0.002745480857856683,0.2572375164086944,-0.5334678226290478,-0.6074360496142964,2.3569484370102427,0.243924686293881,-0.243924686293881,stressed
2019-10-16,2019,-0.006988482554450097,-0.002745480857856683,0.2572375164086944,-0.5160491123278047,-0.2182467666454373,2.3567398638717036,0.3116579229824749,-0.3116579229824749,stressed
2019-10-17,2019,-0.009208648632884916,-0.002745480857856683,0.2572375164086944,-0.49741015707247654,0.13239201519600657,2.3569484370102427,0.3728689470086209,-0.3728689470086209,stressed
2019-10-18,2019,-0.022307844312236424,-0.002745480857856683,0.2572375164086944,-0.4878566592466321,-0.5806955238896077,2.347719561394117,0.25189192824941314,-0.25189192824941314,stressed
2019-10-21,2019,-0.031188508625975997,-0.002745480857856683,0.2572375164086944,-0.47269074980024234,-0.6526416908593835,2.3345019673855467,0.2387455089417971,-0.2387455089417971,stressed
2019-10-22,2019,-0.028968342547541104,-0.002745480857856683,0.2572375164086944,-0.4485146749565956,-0.7398127400473858,2.3345019673855467,0.2286163742308103,-0.2286163742308103,neutral
2019-10-23,2019,-0.031188508625975997,-0.002745480857856683,0.2572375164086944,-0.41912598894961484,-0.47130878240388224,2.334293394247007,0.27786035830306194,-0.27786035830306194,stressed
2019-10-24,2019,-0.03562884078284586,-0.002745480857856683,0.2572375164086944,-0.4004048098142821,-0.6887091190032274,2.3431051235860543,0.2454757315894228,-0.2454757315894228,stressed
2019-10-25,2019,-0.07005872561705158,-0.002745480857856683,0.2572375164086944,-0.3855610274076846,-0.6829543618421083,2.3347105405240867,0.24177141020134663,-0.24177141020134663,stressed
2019-10-28,2019,-0.0789393899307913,-0.002745480857856683,0.2572375164086944,-0.3859611395497005,-0.9601039469879027,2.289817601274694,0.18655086005952284,-0.18655086005952284,neutral
2019-10-29,2019,-0.07671922385235641,-0.002745480857856683,0.2572375164086944,-0.38201788696291367,-0.10041710277991758,2.2900261744132338,0.33089399939481395,-0.33089399939481395,stressed
2019-10-30,2019,-0.05451756306800718,-0.002745480857856683,0.2572375164086944,-0.38527131748322313,-0.35930598716091333,2.3258988111850396,0.2968826631706223,-0.2968826631706223,stressed
2019-10-31,2019,-0.012334407577743697,-0.002745480857856683,0.2572375164086944,-0.32533903568891376,-0.10555621262728376,2.3303046758545634,0.3569278425852433,-0.3569278425852433,stressed
2019-11-01,2019,-0.04049654298669436,-0.12730061714060212,0.2572375164086944,-0.09885738305455187,-0.9773517836853797,2.1401831092314905,0.19223571646215945,-0.19223571646215945,neutral
2019-11-04,2019,-0.06269820377104351,-0.12730061714060212,0.2572375164086944,-0.09884533411978857,-0.6049304126606212,2.108924910267748,0.2453979764973978,-0.2453979764973978,stressed
2019-11-05,2019,-0.0671385359279133,-0.12730061714060212,0.2572375164086944,-0.08582509992224126,-0.14706732437903838,2.0728437003574025,0.3171249398993837,-0.3171249398993837,stressed
2019-11-06,2019,-0.056037705535738835,-0.12730061714060212,0.2572375164086944,-0.11590698772747537,-0.8402718283060364,2.1087163371292084,0.20440611913800835,-0.20440611913800835,neutral
2019-11-07,2019,-0.06935870200634826,-0.12730061714060212,0.2572375164086944,-0.024144557693468825,-0.6766140532836046,2.041794074532199,0.23360227680281156,-0.23360227680281156,stressed
2019-11-08,2019,-0.07396998218200938,-0.12730061714060212,0.2572375164086944,-0.04385910288695701,-0.2488308508802265,2.019347604907503,0.2971040947044004,-0.2971040947044004,stressed
2019-11-12,2019,-0.07396998218200938,-0.12730061714060212,0.2572375164086944,-0.07364400437588994,-0.504735205707771,2.0457827929246437,0.25389508332117766,-0.25389508332117766,stressed
2019-11-13,2019,-0.06286915178983483,-0.12730061714060212,0.2572375164086944,0.01909655573066742,-0.3378419875427273,2.059208960071753,0.30125521262299176,-0.30125521262299176,stressed
2019-11-14,2019,-0.05620865355453001,-0.12730061714060212,0.2572375164086944,0.01601175098812599,-0.7641057404095914,2.0902585858969562,0.2359821403648422,-0.2359821403648422,stressed
2019-11-15,2019,-0.06739495795610047,-0.12730061714060212,0.2572375164086944,0.06749833614529133,-0.8229439935267671,2.086061294365973,0.2321929297160815,-0.2321929297160815,stressed
2019-11-18,2019,-0.06073445972079564,-0.12730061714060212,0.2572375164086944,0.01781675626965501,-1.0878939184625307,2.108507763990669,0.18460550689084831,-0.18460550689084831,neutral
2019-11-19,2019,-0.05407396148549082,-0.12730061714060212,0.2572375164086944,-0.006807159984634187,-0.9469040835561265,2.1265483689458415,0.20811667719794705,-0.20811667719794705,neutral
2019-11-20,2019,-0.04075296501488138,-0.12730061714060212,0.2572375164086944,-0.019233736054044246,-0.8471966720426689,2.1622124325791074,0.23082765978926756,-0.23082765978926756,neutral
2019-11-21,2019,-0.042973131093316276,-0.12730061714060212,0.2572375164086944,0.009724668379011064,-0.6649230428499664,2.1489948385705375,0.26346003871239304,-0.26346003871239304,stressed
2019-11-25,2019,-0.06160543135029043,-0.12730061714060212,0.2572375164086944,0.03659352170291167,-0.9643211261278678,2.175847172864757,0.2194085060596004,-0.2194085060596004,neutral
2019-11-26,2019,-0.06826592958559526,-0.12730061714060212,0.2572375164086944,0.017704284633929323,-1.0216248976846896,2.1756385997262178,0.2055648260596591,-0.2055648260596591,neutral
2019-11-27,2019,-0.0815869260562047,-0.12730061714060212,0.2572375164086944,0.055012802362905476,-1.0066423808901033,2.18046161067282,0.21286366755958497,-0.21286366755958497,neutral
2019-12-03,2019,-0.041538462634980476,-0.6156984931969733,0.2572375164086944,0.12130096312399087,-0.39587422626382224,2.157389421632505,0.24713611984490239,-0.24713611984490239,stressed
2019-12-04,2019,-0.06818045557619956,-0.6156984931969733,0.2572375164086944,0.20746532741330423,-0.5338248233574464,2.1265483689458415,0.2289245734395368,-0.2289245734395368,neutral
2019-12-05,2019,-0.07262078773306928,-0.6156984931969733,0.2572375164086944,0.30932643743729227,-0.7784811739902892,2.0950815968435585,0.1991408492948689,-0.1991408492948689,neutral
2019-12-06,2019,-0.08489986455539267,-0.6156984931969733,0.2572375164086944,0.2738357322053514,-0.059596152850299844,2.068437835687879,0.3065527622832099,-0.3065527622832099,stressed
2019-12-09,2019,-0.08712003063382763,-0.6156984931969733,0.2572375164086944,0.33765765408147136,0.08892936701258541,2.0910928784511147,0.3453498153538441,-0.3453498153538441,stressed
2019-12-10,2019,-0.09600069494756736,-0.6156984931969733,0.2572375164086944,0.35134918680778043,0.5517568916282063,2.0910928784511147,0.4232895475252092,-0.4232895475252092,stressed
2019-12-11,2019,-0.09822086102600225,-0.6156984931969733,0.2572375164086944,0.09600951069576685,-0.13196381017685213,2.1311628067539043,0.27308777824308966,-0.27308777824308966,stressed
2019-12-12,2019,-0.12708302004565616,-0.6156984931969733,0.2572375164086944,0.09600951069576685,-0.3169748292741498,2.050605803871246,0.22401608140982132,-0.22401608140982132,neutral
2019-12-13,2019,-0.1140692983757005,-0.6156984931969733,0.2572375164086944,0.35203373663255394,0.09732958043346795,2.1041018993211456,0.34682249020386463,-0.34682249020386463,stressed
2019-12-16,2019,-0.13405079308161474,-0.6156984931969733,0.2572375164086944,0.4047625205176046,-0.6300048469446358,2.0594175332102926,0.22361057281889463,-0.22361057281889463,neutral
2019-12-17,2019,-0.1429314573953544,-0.6156984931969733,0.2572375164086944,0.39900226900662855,-0.12226873883255224,2.0457827929246437,0.30352064815251445,-0.30352064815251445,stressed
2019-12-18,2019,-0.15847261994439896,-0.6156984931969733,0.2572375164086944,0.09600951069576685,-0.510635233879698,2.018721885491884,0.1811937609292125,-0.1811937609292125,neutral
2019-12-19,2019,-0.1518121217090941,-0.6156984931969733,0.2572375164086944,0.09600951069576685,-0.6740622721704655,2.0185133123533445,0.15503124206354546,-0.15503124206354546,neutral
2019-12-20,2019,-0.14863550999176867,-0.6156984931969733,0.2572375164086944,0.35126311153865847,-0.09835174621281906,2.027533614830931,0.29555808222945384,-0.29555808222945384,stressed
2019-12-23,2019,-0.15085567607020356,-0.6156984931969733,0.2572375164086944,0.33451331838272663,-0.33768200731348713,2.027533614830931,0.252508045506948,-0.252508045506948,stressed
2020-01-06,2020,-0.336957647815711,-0.42846566259234625,0.2572375164086944,0.41786402538401396,0.06577364739150932,2.0764152724727674,0.34197785854148793,-0.34197785854148793,stressed
2020-01-07,2020,-0.34361814605101576,-0.42846566259234625,0.2572375164086944,0.3619441710921385,-0.2955255229400517,2.049562938178548,0.2668558823493279,-0.2668558823493279,stressed
2020-01-08,2020,-0.35249881036475544,-0.42846566259234625,0.2572375164086944,0.33451031540978954,-0.42779042567622105,2.0319394795004544,0.23582206878093592,-0.23582206878093592,stressed
2020-01-09,2020,-0.35471897644319034,-0.42846566259234625,0.2572375164086944,0.321066452330452,-0.6593880871423836,2.049980084455627,0.19761855450280888,-0.19761855450280888,neutral
2020-01-10,2020,-0.38392303150042717,-0.42846566259234625,0.2572375164086944,0.31331933588297184,-0.6361721916229153,2.0587918137946737,0.19679796339510855,-0.19679796339510855,neutral
2020-01-21,2020,-0.4158254754555442,-0.42846566259234625,-1.2434124447998331,0.23435410293569528,-0.5068573029727095,2.098861742097464,-0.043557506797879064,0.043557506797879064,neutral
2020-01-22,2020,-0.41138514329867437,-0.42846566259234625,-1.2434124447998331,0.21964136127148473,-0.585870858837566,2.1034761799055266,-0.05766942805856804,0.05766942805856804,neutral
2020-01-23,2020,-0.3914036485927601,-0.42846566259234625,-1.2434124447998331,0.2127990652162843,-0.6328608630785673,2.1213082117221598,-0.060339223687510435,0.060339223687510435,neutral
2020-01-24,2020,-0.38809071009357227,-0.42846566259234625,-1.2434124447998331,0.17864327954255343,-0.6810103732910502,2.1437546813468558,-0.06976353831456539,0.06976353831456539,neutral
2020-01-27,2020,-0.31038489734835006,-0.42846566259234625,-1.2434124447998331,0.18413365095190695,-0.5877831055765286,2.2062710792743414,-0.029940230015134944,0.029940230015134944,neutral
2020-01-28,2020,-0.34812772068174375,-0.42846566259234625,-1.2434124447998331,0.18765973689970794,-0.16344043855086648,2.183616036511106,0.031304917797670716,-0.031304917797670716,neutral
2020-01-29,2020,-0.35478821891704854,-0.42846566259234625,-1.2434124447998331,0.19359530064953376,-0.2033716020623073,2.210468370805325,0.02900429051388727,-0.02900429051388727,neutral
2020-01-30,2020,-0.32814622597582943,-0.42846566259234625,0.4485806512932565,0.15596801504710658,0.1545136936073536,2.237320705099545,0.3732951960798477,-0.3732951960798477,stressed
2020-01-31,2020,-0.30768650845046985,-0.42846566259234625,0.4485806512932565,0.12951604357676014,0.27277062233977756,2.2457152881615126,0.39340507238808176,-0.39340507238808176,stressed
2020-02-04,2020,-0.34764949786229843,-0.6075358029895014,0.4485806512932565,-0.11101354217170556,-0.04260777790750314,2.2187773214684063,0.2597585586384424,-0.2597585586384424,stressed
2020-02-05,2020,-0.3698511586466477,-0.6075358029895014,0.4485806512932565,0.08204713416678253,-0.33648253416979773,2.1875191225046637,0.23404623535979266,-0.23404623535979266,stressed
2020-02-06,2020,-0.3809519890388222,-0.6075358029895014,0.4485806512932565,-0.09403262398577743,-0.37815396489054454,2.19653942498225,0.19740761589514347,-0.19740761589514347,neutral
2020-02-07,2020,-0.3347721029742052,-0.6075358029895014,0.4485806512932565,-0.11926495375496543,0.05741275553201908,2.2324120617540557,0.27947210147677654,-0.27947210147677654,stressed
2020-02-10,2020,-0.3347721029742052,-0.6075358029895014,0.4485806512932565,-0.13457286802460103,-0.13136321082128347,2.24982694729361,0.2483606022962126,-0.2483606022962126,stressed
2020-02-11,2020,-0.3569737637585544,-0.6075358029895014,0.4485806512932565,-0.1276848524818331,0.21505052119417942,2.236817926423579,0.3013757799468544,-0.3013757799468544,stressed
2020-02-12,2020,-0.3702947602291639,-0.6075358029895014,0.4485806512932565,-0.07585451213224383,-0.4999581037326371,2.2280061970845324,0.18715727821570713,-0.18715727821570713,neutral
2020-02-13,2020,-0.3747350923860337,-0.6075358029895014,0.4485806512932565,-0.07177185516006528,-0.44174198178753404,2.2414323642316423,0.19903804720029408,-0.19903804720029408,neutral
2020-02-14,2020,-0.296003591528063,-0.6075358029895014,0.4485806512932565,-0.0870163245382264,-0.5639347892176751,2.2458382289011656,0.18998806198682602,-0.18998806198682602,neutral
2020-02-18,2020,-0.28490276113588847,-0.6075358029895014,0.4485806512932565,-0.06476537983457938,-0.42438680881294505,2.277305001003448,0.22404914992063174,-0.22404914992063174,neutral
2020-02-19,2020,-0.2937834254496281,-0.6075358029895014,0.4485806512932565,-0.05652073009400491,-0.6312747697196854,2.272899136333925,0.18872750989572692,-0.18872750989572692,neutral
2020-02-20,2020,-0.28268259505745347,-0.6075358029895014,0.4485806512932565,-0.04667799020191591,-0.15034483086974654,2.2951370328200813,0.2760794108324534,-0.2760794108324534,stressed
2020-02-21,2020,-0.13888248584970422,-0.6075358029895014,0.4485806512932565,-0.048556647898867655,-0.0003087483756197204,2.317374929306238,0.3284453159143002,-0.3284453159143002,stressed
2020-02-24,2020,-0.05673634094761223,-0.6075358029895014,0.4485806512932565,-0.09433699526308548,0.5172710576204036,2.3394042526538548,0.4244411370612193,-0.4244411370612193,stressed
2020-02-25,2020,-0.023433849771088533,-0.6075358029895014,0.4485806512932565,-0.11061052672610742,1.2310654842507547,2.3568191381934085,0.5491475157084538,-0.5491475157084538,severe_stress
2020-02-26,2020,-0.00345235506517431,-0.6075358029895014,0.4485806512932565,-0.14966186628208147,0.799000152583803,2.338361386961157,0.4708820277502432,-0.4708820277502432,stressed
2020-02-27,2020,0.07425345768004799,-0.6075358029895014,0.4485806512932565,-0.18025655329313417,1.838732144924319,2.3071031879974138,0.6468128476020669,-0.6468128476020669,severe_stress
2020-02-28,2020,0.35503846137698786,-0.6075358029895014,0.4485806512932565,-0.245889339276428,2.4517557322633072,2.2657818208633866,0.7779552539218347,-0.7779552539218347,severe_stress
2020-03-02,2020,0.3394972988279433,1.0563568102175114,2.1405737473863464,-0.6487074303850467,1.7411690877748407,1.6782591326512757,1.0511914410788117,-1.0511914410788117,severe_stress
2020-03-03,2020,0.3106351398082894,1.0563568102175114,2.1405737473863464,-0.6383168062726449,1.8544366290905145,1.6111282969157272,1.055802302857624,-1.055802302857624,severe_stress
2020-03-04,2020,0.2906536451023751,1.0563568102175114,2.1405737473863464,-0.6561231480752032,1.9758330024436948,1.4913356582844373,1.049771619226527,-1.049771619226527,severe_stress
2020-03-05,2020,0.35725862745542264,1.0563568102175114,2.1405737473863464,-0.6729024713358389,1.969975651361991,1.5005645339005629,1.0586378164976658,-1.0586378164976658,severe_stress
2020-03-06,2020,0.7041195379134981,1.0563568102175114,2.1405737473863464,-0.7739830974712026,2.2339533817734725,1.5418859010345904,1.1504843801423694,-1.1504843801423694,severe_stress
2020-03-09,2020,0.9350168100707297,1.0563568102175114,2.1405737473863464,-0.9568781484672391,3.398452945038846,1.6186627586633442,1.3653641538182566,-1.3653641538182566,severe_stress
2020-03-10,2020,0.8684118277176823,1.0563568102175114,2.1405737473863464,-0.8823978318134195,3.5595093755224663,1.5240538692179573,1.3777512997080905,-1.3777512997080905,severe_stress
2020-03-11,2020,0.9194756475216854,1.0563568102175114,2.1405737473863464,-0.9056989310149977,3.062162581388187,1.4611203250133924,1.2889983634186875,-1.2889983634186875,severe_stress
2020-03-12,2020,1.0993090998749138,1.0563568102175114,2.1405737473863464,-0.9464839418515578,2.676129436893996,1.3673457281221637,1.2322051467738957,-1.2322051467738957,severe_stress
2020-03-13,2020,1.2988535515361856,1.0563568102175114,2.1405737473863464,-0.9388503864295763,3.8408720430625136,1.2865801521009657,1.4473976529789911,-1.4473976529789911,severe_stress
2020-03-16,2020,1.536411321928722,1.0563568102175114,2.1405737473863464,-0.9889577474697511,3.783027832114171,1.398395353947367,1.4876345530207278,-1.4876345530207278,severe_stress
2020-03-17,2020,1.5430718201640268,1.0563568102175114,2.1405737473863464,-1.03344699742889,4.0,1.1655360746384382,1.4786819091629055,-1.4786819091629055,severe_stress
2020-03-18,2020,1.6829422831054266,1.0563568102175114,2.1405737473863464,-1.160107588399649,4.0,0.9786126002715997,1.4497296420968724,-1.4497296420968724,severe_stress
2020-03-19,2020,1.8561152372233505,1.0563568102175114,2.1405737473863464,-1.0846712127425995,4.0,0.9954017663955348,1.4939627247466907,-1.4939627247466907,severe_stress
2020-03-20,2020,2.111692916437407,1.0563568102175114,2.1405737473863464,-1.1827650024200977,4.0,1.1479126159603446,1.5456285145969186,-1.5456285145969186,severe_stress
2020-03-23,2020,2.2848658705553304,1.0563568102175114,2.1405737473863464,-1.1128630060998577,4.0,1.2374899213205894,1.6010705572299868,-1.6010705572299868,severe_stress
2020-03-25,2020,2.1161332485942768,1.0563568102175114,2.1405737473863464,-1.1712666260840348,4.0,1.1481211890988843,1.548319728202164,-1.548319728202164,severe_stress
2020-03-26,2020,1.9340796301626133,1.0563568102175114,2.1405737473863464,-1.2406184738416675,4.0,1.1747649502545643,1.5108594440298946,-1.5108594440298946,severe_stress
2020-03-27,2020,1.9916005371120546,1.0563568102175114,2.1405737473863464,-1.262152225434986,4.0,1.2641336824762697,1.5317520919595327,-1.5317520919595327,severe_stress
2020-03-30,2020,1.953857713778661,1.0563568102175114,2.1405737473863464,-1.281790189234332,4.0,1.312598193841027,1.530266045998202,-1.530266045998202,severe_stress
2020-03-31,2020,1.942756883386486,1.0563568102175114,2.1405737473863464,-1.1725660381946466,4.0,1.3081923291715034,1.5458856219945336,-1.5458856219945336,severe_stress
2020-04-01,2020,3.172130404004669,3.638131390228886,2.1405737473863464,-1.8293086175251052,4.0,1.020786494069008,2.023718903027301,-2.023718903027301,severe_stress
2020-04-03,2020,3.29579430202325,3.638131390228886,2.1405737473863464,-1.6918729350188768,4.0,1.0251923587385312,2.0679698105596898,-2.0679698105596898,severe_stress
2020-04-07,2020,3.17368516770933,3.638131390228886,2.1405737473863464,-1.5527879269746085,4.0,0.948624074248317,2.0580377420997116,-2.0580377420997116,severe_stress
2020-04-14,2020,2.816460229872565,3.638131390228886,2.1405737473863464,-1.830786918693047,3.6983844735234808,0.9429667707475559,1.900954948844298,-1.900954948844298,severe_stress
2020-04-15,2020,2.880845046147178,3.638131390228886,2.1405737473863464,-1.834628188459096,3.954962555387282,1.0199522015148494,1.9666394587009075,-1.9666394587009075,severe_stress
2020-04-17,2020,2.7320246764181806,3.638131390228886,2.1405737473863464,-1.8639973085562065,3.7308732566166247,0.9930998672206299,1.8951176048857434,-1.8951176048857434,severe_stress
2020-04-20,2020,2.7786481640653142,3.638131390228886,2.1405737473863464,-2.368525284649739,4.0,1.0111404721758026,1.8666614148677685,-1.8666614148677685,severe_stress
2020-04-21,2020,2.8630144750458406,3.638131390228886,2.1405737473863464,-2.022456698307682,4.0,1.051836119894211,1.9451831723746007,-1.9451831723746007,severe_stress
2020-04-22,2020,2.8519136446536657,3.638131390228886,2.1405737473863464,-1.9399310177175346,4.0,1.0203693477919287,1.9518428520572153,-1.9518428520572153,severe_stress
2020-04-23,2020,2.8563539768105364,3.638131390228886,2.1405737473863464,-1.9110670875021685,3.999947024285481,1.034004088077578,1.95965718988111,-1.95965718988111,severe_stress
2020-04-24,2020,2.786639467048167,3.638131390228886,2.1405737473863464,-1.8977563637896475,3.545937106701807,1.0474302552246877,1.876825933800041,-1.876825933800041,severe_stress
2020-04-27,2020,2.782199134891298,3.638131390228886,2.1405737473863464,-1.963323411617944,3.326013036532835,0.993517013497709,1.8195184851531883,-1.8195184851531883,severe_stress
2020-04-28,2020,2.7844193009697324,3.638131390228886,2.1405737473863464,-1.9594747060742106,3.349338316702271,1.0157549099838656,1.828123826532815,-1.828123826532815,severe_stress
2020-04-29,2020,2.7511168097932086,3.638131390228886,2.1405737473863464,-1.9094845495540624,3.15440561814341,1.0023287428367558,1.7961786264724242,-1.7961786264724242,severe_stress
2020-04-30,2020,2.6978328239107707,3.638131390228886,2.1405737473863464,-1.8388121590210609,3.397654968481818,0.9889025756896461,1.837380557779401,-1.837380557779401,severe_stress
2020-05-01,2020,2.582502124912626,3.2878687925506958,0.4485806512932565,-1.7603504527002543,3.650900867464271,1.0021201696982163,1.535270358869802,-1.535270358869802,severe_stress
2020-05-04,2020,2.6024836196185404,3.2878687925506958,0.4485806512932565,-1.7522593311150778,3.549269289583155,1.0019115965596768,1.5229757697483741,-1.5229757697483741,severe_stress
2020-05-05,2020,2.5603004641282765,3.2878687925506958,0.4485806512932565,-1.6798285527673842,3.3526704995836196,0.983870991604504,1.4922438077321614,-1.4922438077321614,severe_stress
2020-05-06,2020,2.5603004641282765,3.2878687925506958,0.4485806512932565,-1.6940350157628747,3.395155831320807,0.9161144364533363,1.4856641933305827,-1.4856641933305827,severe_stress
2020-05-07,2020,2.5603004641282765,3.2878687925506958,0.4485806512932565,-1.69685954023963,3.1718995782704873,0.9744335428498384,1.4577039148088209,-1.4577039148088209,severe_stress
2020-05-08,2020,2.4076196906067877,3.2878687925506958,0.4485806512932565,-1.6673507169608932,2.8836657590338794,0.9385609060780326,1.3831575137669596,-1.3831575137669596,severe_stress
2020-05-11,2020,2.405399524528353,3.2878687925506958,0.4485806512932565,-1.6519676750360037,2.8495108845000616,0.9070941339757502,1.3744143853020188,-1.3744143853020188,severe_stress
2020-05-12,2020,2.385418029822439,3.2878687925506958,0.4485806512932565,-1.625137282750935,3.305186893524409,0.9475812085556189,1.458249715499247,-1.458249715499247,severe_stress
2020-05-13,2020,2.427601185312702,3.2878687925506958,0.4485806512932565,-1.44636755336449,3.491789134879901,0.9880682831354877,1.532923415634592,-1.532923415634592,severe_stress
2020-05-14,2020,2.463123842567661,3.2878687925506958,0.4485806512932565,-1.5987715112107292,3.2693659275499174,0.9926827209435508,1.477141737282392,-1.477141737282392,severe_stress
2020-05-15,2020,2.3439165082414872,3.2878687925506958,0.4485806512932565,-1.5601086035153093,3.209386635685653,0.9836624184659644,1.4522177337869577,-1.4522177337869577,severe_stress
2020-05-18,2020,2.2617703633393953,3.2878687925506958,0.4485806512932565,-1.4906035209195367,2.9936277941183658,0.9161144364533363,1.4028930861392521,-1.4028930861392521,severe_stress
2020-05-19,2020,2.2484493668687855,3.2878687925506958,0.4485806512932565,-1.4464903411293566,3.0960924177198184,0.9385609060780326,1.4288436322302054,-1.4288436322302054,severe_stress
2020-05-20,2020,2.2062662113785225,3.2878687925506958,0.4485806512932565,-1.4175306609134166,2.8844988047542164,0.9475812085556189,1.3928775012698154,-1.3928775012698154,severe_stress
2020-05-21,2020,2.188504882751043,3.2878687925506958,0.4485806512932565,-1.4055809101908896,3.012787845686117,0.9521956463636818,1.4140594847423174,-1.4140594847423174,severe_stress
2020-05-22,2020,2.0774781891279055,3.2878687925506958,0.4485806512932565,-1.3964846735011467,2.8986605819999456,0.9702362513188546,1.3810566321315854,-1.3810566321315854,severe_stress
2020-05-27,2020,1.9975522103042485,3.2878687925506958,0.4485806512932565,-1.4342107500391956,2.8536761131017467,0.9746421159883779,1.3546848555331883,-1.3546848555331883,severe_stress
2020-05-28,2020,1.9753505495198993,3.2878687925506958,0.4485806512932565,-1.4159143014031468,2.9344815479744373,0.9473726354170794,1.362956645892037,-1.362956645892037,severe_stress
2020-05-29,2020,1.9147731260994574,3.2878687925506958,0.4485806512932565,-1.3456977819079519,2.8445126101780396,0.9834538453274247,1.355581873923487,-1.355581873923487,severe_stress
2020-06-01,2020,1.8526084759032795,2.120618427643057,0.4485806512932565,-1.0761528811952117,1.9024101426993498,0.9827424935129194,1.0384678849761084,-1.0384678849761084,severe_stress
2020-06-02,2020,1.7971043239424065,2.120618427643057,0.4485806512932565,-1.0483505566360176,2.0352496774891202,0.982951066651459,1.0560255983972138,-1.0560255983972138,severe_stress
2020-06-03,2020,1.7127380129618797,2.120618427643057,0.4485806512932565,-1.030968236295297,2.1774007280001095,0.9154030846388311,1.057295444706973,-1.057295444706973,severe_stress
2020-06-04,2020,1.7193985111971843,2.120618427643057,0.4485806512932565,-1.057256413928652,1.7367834280431476,0.8658957075813759,0.9723367186382282,-0.9723367186382282,severe_stress
2020-06-05,2020,1.5840700859575876,2.120618427643057,0.4485806512932565,-1.0132737232277897,1.6603490074210945,0.7985562987072875,0.9331501246324155,-0.9331501246324155,severe_stress
2020-06-08,2020,1.5862902520360225,2.120618427643057,0.4485806512932565,-1.083273058866651,2.444848419203532,0.8344289354790934,1.058582271131385,-1.058582271131385,severe_stress
2020-06-09,2020,1.6395742379184608,2.120618427643057,0.4485806512932565,-1.0738067221777243,1.5599903850384518,0.8700929991123597,0.9275083298046436,-0.9275083298046436,severe_stress
2020-06-10,2020,1.6773170612518544,2.120618427643057,0.4485806512932565,-1.0680700247835284,1.9371929707184004,0.9286206786474013,1.00737662746174,-1.00737662746174,severe_stress
2020-06-11,2020,1.7838850330167304,2.120618427643057,0.4485806512932565,-1.1259996747999719,3.68643179278663,1.0190322765618045,1.3220914177502512,-1.3220914177502512,severe_stress
2020-06-12,2020,1.7167672066073087,2.120618427643057,0.4485806512932565,-1.1475831490842887,3.094470923435236,0.9695248995043494,1.200396493233153,-1.200396493233153,severe_stress
2020-06-15,2020,1.710106708372004,2.120618427643057,0.4485806512932565,-1.1323023184224317,3.0121785220550077,0.978336628843396,1.1895864366307147,-1.1895864366307147,severe_stress
2020-06-17,2020,1.621300065234607,2.120618427643057,0.4485806512932565,-1.113499757819748,3.324060000900828,0.9468698567411137,1.2246548739988523,-1.2246548739988523,severe_stress
2020-06-19,2020,1.6293606106913188,2.120618427643057,0.4485806512932565,-1.0557799161078527,3.4784604033545086,0.9741393373124122,1.2658965856977833,-1.2658965856977833,severe_stress
2020-06-22,2020,1.6315807767697537,2.120618427643057,0.4485806512932565,-1.0122014898929357,2.462630163631177,0.9695248995043494,1.1034555714914427,-1.1034555714914427,severe_stress
2020-06-24,2020,1.675984098338452,2.120618427643057,0.4485806512932565,-1.0942858194988954,2.3503053595568724,0.9831596397899988,1.0807270595204568,-1.0807270595204568,severe_stress
2020-06-25,2020,1.6915252608874962,2.120618427643057,0.4485806512932565,-1.0827588948440041,2.2260458406006243,0.9873569313209826,1.0652280361502353,-1.0652280361502353,severe_stress
2020-06-26,2020,1.6903123932204187,2.120618427643057,0.4485806512932565,-1.1182637526074217,2.715530812332685,1.0146264118922812,1.1452341572957128,-1.1452341572957128,severe_stress
2020-06-30,2020,1.6969728914557234,2.120618427643057,0.4485806512932565,-1.1013323137755786,2.6168909731458774,1.0007830984680923,1.1304189547050714,-1.1304189547050714,severe_stress
2020-07-01,2020,1.6725510645929393,1.4971709023191258,0.4485806512932565,-0.9471044348805607,2.7678879691690463,0.9753708415974183,1.069076165681871,-1.069076165681871,severe_stress
2020-07-02,2020,1.6370284073379804,1.4971709023191258,0.4485806512932565,-0.9100155941469144,2.04211537748096,0.9797767062669417,0.9491094084252251,-0.9491094084252251,severe_stress
2020-07-06,2020,1.5843589710568502,1.4971709023191258,0.4485806512932565,-0.8779936167753369,2.8803335761525313,0.9751622684588788,1.084602125417551,-1.084602125417551,severe_stress
2020-07-08,2020,1.5910194692921549,1.4971709023191258,0.4485806512932565,-0.8815501118544811,2.639539784492353,0.9932028734140514,1.04799392815941,-1.04799392815941,severe_stress
2020-07-10,2020,1.5831461033897725,1.4971709023191258,0.4485806512932565,-0.8888539835603607,2.087157280490847,1.0024317490301773,0.9549387838271364,-0.9549387838271364,severe_stress
2020-07-13,2020,1.5542839443701186,1.4971709023191258,0.4485806512932565,-0.898390349097148,2.1167698546582185,1.0158579161772872,0.9557121532868097,-0.9557121532868097,severe_stress
2020-07-15,2020,1.50988062280142,1.4971709023191258,0.4485806512932565,-0.889805896851553,2.865338753186465,1.024669645516334,1.075972446377508,-1.075972446377508,severe_stress
2020-07-17,2020,1.4700539601714542,1.4971709023191258,0.4485806512932565,-0.9248283967548853,2.6920652433563657,0.9934114465525911,1.0294089678229847,-1.0294089678229847,severe_stress
2020-07-20,2020,1.4256506386027556,1.4971709023191258,0.4485806512932565,-0.8497732463732071,2.59043366547525,1.0294926564629365,1.0235925446300196,-1.0235925446300196,severe_stress
2020-07-21,2020,1.3790271509556222,1.4971709023191258,0.4485806512932565,-0.861903236731535,2.622089402848056,1.029284083324397,1.0190414923348203,-1.0190414923348203,severe_stress
2020-07-22,2020,1.3679263205634478,1.4971709023191258,0.4485806512932565,-0.8438173682345993,2.1455716880073266,1.0383043858019831,0.9422894299584234,-0.9422894299584234,severe_stress
2020-07-23,2020,1.3634859884065778,1.4971709023191258,0.4485806512932565,-0.8458731909840119,2.171314397622878,1.052147699226172,0.9478044079806663,-0.9478044079806663,severe_stress
2020-07-24,2020,1.3445117921120209,1.4971709023191258,0.4485806512932565,-0.8003436665606806,2.2173479556889903,1.0385129589405229,0.9576300989655392,-0.9576300989655392,severe_stress
2020-07-27,2020,1.3334109617198464,1.4971709023191258,0.4485806512932565,-0.8201070245442788,2.613758945644686,1.0160664893158267,1.0148134876247437,-1.0148134876247437,severe_stress
2020-07-28,2020,1.340071459955151,1.4971709023191258,0.4485806512932565,-0.8603867981119477,2.3904505659460655,1.0385129589405229,0.975733290057029,-0.975733290057029,severe_stress
2020-07-29,2020,1.313429467013932,1.4971709023191258,0.4485806512932565,-0.8641473730610385,2.5604440195431173,1.0383043858019831,0.9989636754850627,-0.9989636754850627,severe_stress
2020-07-30,2020,1.311209300935497,1.4971709023191258,0.4485806512932565,-0.9185685795852793,2.2693160733288615,1.0519391260876327,0.9432745790631824,-0.9432745790631824,severe_stress
2020-07-31,2020,1.2913641330114454,1.4971709023191258,0.4485806512932565,-0.8873231314324265,2.59043366547525,1.0519391260876327,0.9986942244590472,-0.9986942244590472,severe_stress
2020-08-03,2020,1.2736028043839658,1.5581223989502166,0.4485806512932565,-0.6851732791528531,1.931764351003018,1.0531706303726387,0.9300112594750404,-0.9300112594750404,severe_stress
2020-08-04,2020,1.2847036347761405,1.5581223989502166,0.4485806512932565,-0.6731557140231859,2.532120465051659,1.084845975613461,1.039202901943591,-1.039202901943591,severe_stress
2020-08-05,2020,1.2647221400702262,1.5581223989502166,0.4485806512932565,-0.6827499156626607,1.6861720697925342,1.062190932850225,0.8895063795489663,-0.8895063795489663,severe_stress
2020-08-06,2020,1.269162472227096,1.5581223989502166,0.4485806512932565,-0.688121389427036,1.9141777638172603,1.062190932850225,0.9273521382851696,-0.9273521382851696,severe_stress
2020-08-07,2020,1.2516229443908748,1.5581223989502166,0.4485806512932565,-0.6955067298624447,1.8051779812864794,1.0533792035111782,0.9035627415949268,-0.9035627415949268,severe_stress
2020-08-10,2020,1.2582834426261795,1.5581223989502166,0.4485806512932565,-0.675337758837089,2.396334012636725,1.0443589010335919,1.0050569412838133,-1.0050569412838133,severe_stress
2020-08-11,2020,1.2449624461555702,1.5581223989502166,0.4485806512932565,-0.6644283885086176,2.5546126995007583,1.008486264261786,1.0250560119421617,-1.0250560119421617,severe_stress
2020-08-12,2020,1.2605036087046144,1.5581223989502166,0.4485806512932565,-0.6339903544416382,1.207452758520502,0.9633847518738542,0.8006756358168009,-0.8006756358168009,severe_stress
2020-08-13,2020,1.273824605175224,1.5581223989502166,0.4485806512932565,-0.6638060547210789,1.847284224754739,0.9409382822491582,0.9008240179502526,-0.9008240179502526,severe_stress
2020-08-14,2020,1.282534321470172,1.5581223989502166,0.4485806512932565,-0.679588538539675,2.3516580700034506,0.9317094066330321,0.9821693849684089,-0.9821693849684089,severe_stress
2020-08-17,2020,1.289194819705477,1.5581223989502166,0.4485806512932565,-0.6766106239701474,2.331356446450438,0.9497500115882049,0.9833989506695743,-0.9833989506695743,severe_stress
2020-08-18,2020,1.282534321470172,1.5581223989502166,0.4485806512932565,-0.6524744629668349,2.2732957090734347,0.9633847518738542,0.9789072282823499,-0.9789072282823499,severe_stress
2020-08-19,2020,1.2803141553917372,1.5581223989502166,0.4485806512932565,-0.5434346776668226,1.3423699401145066,0.9631761787353147,0.8415214411363681,-0.8415214411363681,severe_stress
2020-08-20,2020,1.286974653627042,1.5581223989502166,0.4485806512932565,-0.6395772432347769,1.6333804867514456,0.9856226483600108,0.8788505992911991,-0.8788505992911991,severe_stress
2020-08-21,2020,1.2708697942491567,1.5581223989502166,0.4485806512932565,-0.6810898865335647,1.908254832935477,1.0040803995922627,0.9181363650811339,-0.9181363650811339,severe_stress
2020-08-25,2020,1.2309068048373282,1.5581223989502166,0.4485806512932565,-0.66792857609236,1.2796310331152942,0.9587703140657912,0.8013471043615877,-0.8013471043615877,severe_stress
2020-08-26,2020,1.2198059744451533,1.5581223989502166,0.4485806512932565,-0.6879089295451584,0.9016227399103287,0.9633847518738542,0.7339345978212751,-0.7339345978212751,severe_stress
2020-08-27,2020,1.210925310131414,1.5581223989502166,0.4485806512932565,-0.6869381811855947,1.2149798953114632,0.9182832394859224,0.777325552331113,-0.777325552331113,severe_stress
2020-08-28,2020,1.2126672533904035,1.5581223989502166,0.4485806512932565,-0.6601557416473112,2.0262824117639333,0.904648499200273,0.9150242454917953,-0.9150242454917953,severe_stress
2020-08-31,2020,1.2171075855472733,1.5581223989502166,0.4485806512932565,-0.6589796676415322,1.2833433045504823,0.9270949688249693,0.7958782069207776,-0.7958782069207776,severe_stress
2020-09-01,2020,1.2060067551550986,1.1430591943738218,0.4485806512932565,-0.5521748995020052,1.5475148760908928,0.957121663503706,0.7916847068191283,-0.7916847068191283,severe_stress
2020-09-02,2020,1.197126090841359,1.1430591943738218,0.4485806512932565,-0.6654596370614589,1.8534833271794584,0.9797767062669417,0.8260943888155631,-0.8260943888155631,severe_stress
2020-09-03,2020,1.221547917704143,1.1430591943738218,0.4485806512932565,-0.642636377690271,2.485211605872749,0.9978173112221146,0.9422633837959689,-0.9422633837959689,severe_stress
2020-09-04,2020,1.2455769957568776,1.1430591943738218,0.4485806512932565,-0.6606064801775853,2.0897346742318583,0.9212490267319002,0.8645990103683548,-0.8645990103683548,severe_stress
2020-09-08,2020,1.2722189886980968,1.1430591943738218,0.4485806512932565,-0.7105582478794318,2.0254961398795315,0.957121663503706,0.8559863983114967,-0.8559863983114967,severe_stress
2020-09-09,2020,1.2522374939921825,1.1430591943738218,0.4485806512932565,-0.697656559874253,1.8108961108698778,0.9346751938790098,0.8152986807556492,-0.8152986807556492,severe_stress
2020-09-10,2020,1.2522374939921825,1.1430591943738218,0.4485806512932565,-0.6947209565848157,1.955218467397382,0.9617361013117689,0.844351825297266,-0.844351825297266,severe_stress
2020-09-11,2020,1.2687351021801174,1.1430591943738218,0.4485806512932565,-0.6825173036732304,1.8719935547057207,0.9617361013117689,0.8352645500319092,-0.8352645500319092,severe_stress
2020-09-14,2020,1.2620746039448127,1.1430591943738218,0.4485806512932565,-0.6826598566902241,2.0591499284519093,0.9573302366422456,0.8645891263359703,-0.8645891263359703,severe_stress
2020-09-15,2020,1.253193939631073,1.1430591943738218,0.4485806512932565,-0.6580982834775936,1.8321194865662163,0.9573302366422456,0.8293642041715034,-0.8293642041715034,severe_stress
2020-09-16,2020,1.2376527770820287,1.1430591943738218,0.4485806512932565,-0.5941166597486727,1.8645026430153515,0.9527157988341827,0.8420657341416614,-0.8420657341416614,severe_stress
2020-09-17,2020,1.253193939631073,1.1430591943738218,0.4485806512932565,-0.569872321226284,1.9340836698170447,0.9348837670175495,0.8573214834844102,-0.8573214834844102,severe_stress
2020-09-22,2020,1.327415865858316,1.1430591943738218,0.4485806512932565,-0.5877120778986974,0.9724688674588229,0.9483099341646591,0.7086870725416965,-0.7086870725416965,severe_stress
2020-09-23,2020,1.3318561980151857,1.1430591943738218,0.4485806512932565,-0.5787686960089046,1.402219299862867,0.9573302366422456,0.7840461473630788,-0.7840461473630788,severe_stress
2020-09-24,2020,1.3695990213485791,1.1430591943738218,0.4485806512932565,-0.57291357898166,2.083308238407339,0.9619446744503085,0.9055963668152742,-0.9055963668152742,severe_stress
2020-09-25,2020,1.3763449935932799,1.1430591943738218,0.4485806512932565,-0.5737974549118136,1.95504518071175,0.9617361013117689,0.8851614443953438,-0.8851614443953438,severe_stress
2020-09-28,2020,1.3497030006520607,1.1430591943738218,0.4485806512932565,-0.5800569624030384,1.4326348875715844,0.966350539119832,0.7933785517679195,-0.7933785517679195,severe_stress
2020-10-01,2020,1.3141803433971022,0.966152260069547,0.4485806512932565,-0.6351956686081099,2.0398709119150693,0.9485185073031989,0.8470178342283439,-0.8470178342283439,severe_stress
2020-10-06,2020,1.2516229443908748,0.966152260069547,0.4485806512932565,-0.6081470266083661,2.8772825654064436,0.8807619521520312,0.9693755577839646,-0.9693755577839646,severe_stress
2020-10-07,2020,1.242742280077135,0.966152260069547,0.4485806512932565,-0.6152686254070925,2.8903301247965754,0.8448893153802253,0.9629043343682744,-0.9629043343682744,severe_stress
2020-10-08,2020,1.2316414496849604,0.966152260069547,0.4485806512932565,-0.6046395920520302,2.298418997434929,0.8537010447192722,0.8656424685249892,-0.8656424685249892,severe_stress
2020-10-09,2020,1.220540619292786,0.966152260069547,0.4485806512932565,-0.6415435988303356,2.2806406404048034,0.8629299203353981,0.8562167487609093,-0.8562167487609093,severe_stress
2020-10-14,2020,1.2138801210574812,0.966152260069547,0.4485806512932565,-0.6289675032728459,2.6817082522318607,0.9166345889238373,0.9329980617171895,-0.9329980617171895,severe_stress
2020-10-15,2020,1.2405221139987002,0.966152260069547,0.4485806512932565,-0.6255743764973809,1.1038829506641112,0.9032084217767276,0.6727953368841603,-0.6727953368841603,severe_stress
2020-10-16,2020,1.2209333681028356,0.966152260069547,0.4485806512932565,-0.6211395482043299,1.6208707532731181,0.8851678168215548,0.7534275502259971,-0.7534275502259971,severe_stress
2020-10-19,2020,1.214272869867531,0.966152260069547,0.4485806512932565,-0.6088285786839248,2.1642367349948293,0.8763560874825078,0.8434616708372911,-0.8434616708372911,severe_stress
2020-10-20,2020,1.212052703789096,0.966152260069547,0.4485806512932565,-0.6253116861450466,2.0541225744327747,0.8356604397640993,0.8152094905339545,-0.8152094905339545,severe_stress
2020-10-21,2020,1.214272869867531,0.966152260069547,0.4485806512932565,-0.6585173257806338,1.3804247432478247,0.8176198348089269,0.6947555055844087,-0.6947555055844087,severe_stress
2020-10-22,2020,1.2076123716322258,0.966152260069547,0.4485806512932565,-0.6570290312920766,1.414186174968378,0.7863616358451839,0.6943106770860857,-0.6943106770860857,severe_stress
2020-10-23,2020,1.1972970388601505,0.966152260069547,0.4485806512932565,-0.6589584395975516,1.1291105266449502,0.8180369810860059,0.6500365030593931,-0.6500365030593931,severe_stress
2020-10-26,2020,1.2328196961151092,0.966152260069547,0.4485806512932565,-0.6951752505239416,2.8042274721101137,0.8492951800497487,0.9343166681856389,-0.9343166681856389,severe_stress
2020-10-27,2020,1.239480194350414,0.966152260069547,0.4485806512932565,-0.6783160633889098,2.007059733447805,0.8629299203353981,0.807647782684585,-0.807647782684585,severe_stress
2020-10-28,2020,1.290544014154417,0.966152260069547,0.4485806512932565,-0.43583715841093795,2.9656947326747582,0.8629299203353981,1.0163440700194066,-1.0163440700194066,severe_stress
2020-10-29,2020,1.2816633498406775,0.966152260069547,0.4485806512932565,-0.7394935076779922,3.2618792752349925,0.8044022408003566,1.0038640449268064,-1.0038640449268064,severe_stress
2020-10-30,2020,1.2708697942491567,0.966152260069547,0.4485806512932565,-0.7478528256503173,3.1281373091158136,0.7681124577514714,0.972333274471488,-0.972333274471488,severe_stress
2020-11-02,2020,1.2708697942491567,1.1126866334867325,0.4485806512932565,-0.6987461257962071,3.6459025931422495,0.7863616358451839,1.0942758637033954,-1.0942758637033954,severe_stress
2020-11-03,2020,1.2309068048373282,1.1126866334867325,0.4485806512932565,-0.6946939035985994,3.391204776357918,0.7683210308900111,1.0428343322111078,-1.0428343322111078,severe_stress
2020-11-04,2020,1.1687421546411503,1.1126866334867325,0.4485806512932565,-0.6560873733115478,3.0161200285674648,0.8627213471968584,0.992127240312319,-0.992127240312319,severe_stress
2020-11-05,2020,1.124338833072452,1.1126866334867325,0.4485806512932565,-0.6383777086517514,2.4661582449712935,0.8537010447192722,0.8945146164818758,-0.8945146164818758,severe_stress
2020-11-06,2020,1.1232114394147699,1.1126866334867325,0.4485806512932565,-0.693337818820604,2.6237554942887304,0.8268487104250527,0.9069575183479898,-0.9069575183479898,severe_stress
2020-11-09,2020,1.0233039658851986,1.1126866334867325,0.4485806512932565,-0.6556399110802706,1.918928189142234,0.7186050806940162,0.761077434903528,-0.761077434903528,severe_stress
2020-11-10,2020,1.0566064570617224,1.1126866334867325,0.4485806512932565,-0.6252558126550701,1.3349887358795136,0.7053874866854462,0.6721656919586,-0.6721656919586,severe_stress
2020-11-12,2020,1.1121106090225954,1.1126866334867325,0.4485806512932565,-0.6382003528218639,1.3177771242826286,0.7863616358451839,0.6898860501847555,-0.6898860501847555,severe_stress
2020-11-13,2020,1.0927436639179888,1.1126866334867325,0.4485806512932565,-0.654795681915226,0.6405293730699942,0.7729354686980741,0.5687800180918033,-0.5687800180918033,severe_stress
2020-11-16,2020,1.0638815048983348,1.1126866334867325,0.4485806512932565,-0.3957711185314999,1.6432129584205377,0.7641237393590274,0.7727857281543983,-0.7727857281543983,severe_stress
2020-11-17,2020,1.059441172741465,1.1126866334867325,0.4485806512932565,-0.6300553145300931,1.1996070162300685,0.7955905114613099,0.6643084451137898,-0.6643084451137898,severe_stress
2020-11-18,2020,1.0461201762708554,1.1126866334867325,0.4485806512932565,-0.5922925343665136,0.953481118226136,0.7773413333675975,0.624319563046344,-0.624319563046344,severe_stress
2020-11-19,2020,1.059441172741465,1.1126866334867325,0.4485806512932565,-0.5962787336746044,1.4584726591614563,0.7957990845998494,0.7131169112680259,-0.7131169112680259,severe_stress
2020-11-20,2020,1.0400742276368584,1.1126866334867325,0.4485806512932565,-0.6205031045112303,1.5525852937430349,0.8136311164164826,0.7245091363441891,-0.7245091363441891,severe_stress
2020-11-23,2020,1.0267532311662488,1.1126866334867325,0.4485806512932565,-0.6026775978998077,2.440485435814587,0.7909760736532467,0.8694674045857106,-0.8694674045857106,severe_stress
2020-11-24,2020,1.0001112382250297,1.1126866334867325,0.4485806512932565,-0.5799259554178704,1.642735082040017,0.7773413333675975,0.7335881638324605,-0.7335881638324605,severe_stress
2020-11-25,2020,1.0045515703818997,1.1126866334867325,0.4485806512932565,-0.5607865502786531,1.726177763746703,0.7819557711756605,0.7521943066342666,-0.7521943066342666,severe_stress
2020-12-01,2020,0.9590208551555194,1.1073689401685172,0.4485806512932565,-0.4795941039136787,1.4543286395708674,0.7458745612653148,0.7059299239232995,-0.7059299239232995,severe_stress
2020-12-02,2020,0.9501401908417796,1.1073689401685172,0.4485806512932565,-0.4683660677527582,0.7463696137942435,0.7141992160244929,0.5830487573949219,-0.5830487573949219,severe_stress
2020-12-03,2020,0.9345990282927352,1.1073689401685172,0.4485806512932565,-0.4698680543350658,1.024581610498687,0.7368542587877286,0.6303527391176431,-0.6303527391176431,severe_stress
2020-12-04,2020,0.9015183379074697,1.1073689401685172,0.4485806512932565,-0.46009488117715175,1.1880804374454783,0.6961586110693201,0.6469353494511484,-0.6469353494511484,severe_stress
2020-12-07,2020,0.9015183379074697,1.1073689401685172,0.4485806512932565,-0.47425380316822086,1.6742000817220557,0.70958477821643,0.7278331643565847,-0.7278331643565847,severe_stress
2020-12-08,2020,0.9015183379074697,1.1073689401685172,0.4485806512932565,-0.4639207366955079,1.5395115884868593,0.7320312478411259,0.7108483381669535,-0.7108483381669535,severe_stress
2020-12-09,2020,0.9037385039859046,1.1073689401685172,0.4485806512932565,-0.4679191246651113,0.7413545818809333,0.7097933513549695,0.5738194840030783,-0.5738194840030783,severe_stress
2020-12-10,2020,0.9126191682996442,1.1073689401685172,0.4485806512932565,-0.4538520795152428,1.663626852651555,0.7276253831716026,0.734328152678222,-0.734328152678222,severe_stress
2020-12-11,2020,0.9102280542024177,1.1073689401685172,0.4485806512932565,-0.22179214703426034,0.6459522023409046,0.7318226747025864,0.6036933959455704,-0.6036933959455704,severe_stress
2020-12-15,2020,0.8946868916533733,1.1073689401685172,0.4485806512932565,-0.4472941689838332,0.7486075795674699,0.7137820697474136,0.5776219939076995,-0.5776219939076995,severe_stress
2020-12-16,2020,0.8946868916533733,1.1073689401685172,0.4485806512932565,-0.4409383137480191,0.6904372630420791,0.727416810033063,0.5712587070737116,-0.5712587070737116,severe_stress
2020-12-17,2020,0.8924667255749384,1.1073689401685172,0.4485806512932565,-0.4250747600177369,1.1270141057452598,0.704970340408367,0.6425543338621004,-0.6425543338621004,severe_stress
2020-12-18,2020,0.8772328378265479,1.1073689401685172,0.4485806512932565,-0.22179214703426034,0.6984340986564808,0.6959500379307806,0.6009624031402204,-0.6009624031402204,severe_stress
2020-12-23,2020,0.8861135021402875,1.1073689401685172,0.4485806512932565,-0.4612303512738847,2.013230561129669,0.6913356001227177,0.7808998172634273,-0.7808998172634273,severe_stress
2020-12-29,2020,0.8291746817210788,1.1073689401685172,0.4485806512932565,-0.40301469515529925,1.9559127737682633,0.7091676319393508,0.7745316639558611,-0.7745316639558611,severe_stress
2020-12-30,2020,0.8336150138779486,1.1073689401685172,0.4485806512932565,-0.3826519896659115,2.449648938738294,0.7093762050778901,0.8609896265816658,-0.8609896265816658,severe_stress
2020-12-31,2020,0.8313948477995137,1.1073689401685172,0.4485806512932565,-0.3832348625507905,2.0966079539729954,0.7183965075554767,0.8031856730398282,-0.8031856730398282,severe_stress
2021-01-05,2021,-0.13979852760890207,0.7181943426354226,1.9492306125017842,-0.21655354189008344,1.5142949159154604,0.6913356001227177,0.7527839002793999,-0.7527839002793999,severe_stress
2021-01-06,2021,-0.16644052055012123,0.7181943426354226,1.9492306125017842,-0.007088530538159443,0.9344242902554406,0.6237876181100896,0.675351302069076,-0.675351302069076,severe_stress
2021-01-07,2021,-0.17088085270699102,0.7181943426354226,1.9492306125017842,-0.1957301259291037,0.583767750537797,0.5877064081997442,0.5787146892064422,-0.5787146892064422,severe_stress
2021-01-08,2021,-0.1820671571085614,0.7181943426354226,1.9492306125017842,-0.14148457927147992,0.3583941744477537,0.538199031142289,0.5400777373912014,-0.5400777373912014,severe_stress
2021-01-13,2021,-0.1687461606379518,0.7181943426354226,1.9492306125017842,-0.05793070915898333,1.3747489998179303,0.5696658032445714,0.7308604814004621,-0.7308604814004621,severe_stress
2021-01-15,2021,-0.18920587816331125,0.7181943426354226,1.9492306125017842,-0.07356309067107594,0.9555984253315145,0.5560310629589221,0.6527142457655427,-0.6527142457655427,severe_stress
2021-01-20,2021,-0.2047470407123558,0.7181943426354226,1.9492306125017842,0.015830516614629534,2.017045765225194,0.5606455007669852,0.8426999495052766,-0.8426999495052766,severe_stress
2021-01-22,2021,-0.18968410098275656,0.7181943426354226,1.9492306125017842,-0.021717573414199304,1.0939954797989715,0.5606455007669852,0.6851107102177013,-0.6851107102177013,severe_stress
2021-01-26,2021,-0.19190426706119146,0.7181943426354226,1.9492306125017842,-0.002645338079041292,1.6962865512520664,0.5921122728692677,0.7935456956863848,-0.7935456956863848,severe_stress
2021-01-27,2021,-0.16748244019840733,0.7181943426354226,1.9492306125017842,0.019130857263753718,2.8475929940120146,0.6101528778244404,0.996136540673168,-0.996136540673168,severe_stress
2021-01-28,2021,-0.18746393490432176,0.7181943426354226,1.9492306125017842,-0.0025282912236395698,1.4451633632766796,0.5786861057221578,0.7502136996680138,-0.7502136996680138,severe_stress
2021-01-29,2021,-0.18215263111795701,0.7181943426354226,1.9492306125017842,-0.030029992267478243,2.4867980539057273,0.5335845933342259,0.9126041631652875,-0.9126041631652875,severe_stress
2021-02-01,2021,-0.1732719668042173,1.2656248503659306,1.9492306125017842,0.3592397259996394,1.3993779770130235,0.5501851208658531,0.891731053323669,-0.891731053323669,severe_stress
2021-02-02,2021,-0.19103329543169667,1.2656248503659306,1.9492306125017842,0.37135305765662446,2.1332619497334795,0.523124213433094,1.0085935647098694,-1.0085935647098694,severe_stress
2021-02-03,2021,-0.20657445798074114,1.2656248503659306,1.9492306125017842,0.5414477154367163,0.801798766474735,0.4828457119917647,0.8057288664650315,-0.8057288664650315,severe_stress
2021-02-04,2021,-0.21545512229448072,1.2656248503659306,1.9492306125017842,0.39971715616841624,0.5748592579489621,0.4828457119917647,0.7428037444470629,-0.7428037444470629,severe_stress
2021-02-05,2021,-0.23147450766297042,1.2656248503659306,1.9492306125017842,0.38540749402364155,0.3527631724152831,0.43312976179576995,0.6924468972399064,-0.6924468972399064,severe_stress
2021-02-08,2021,-0.24035517197671016,1.2656248503659306,1.9492306125017842,0.39887815954760697,1.367180493092721,0.45117036675094263,0.8652882183803792,-0.8652882183803792,severe_stress
2021-02-09,2021,-0.24701567021201498,1.2656248503659306,1.9492306125017842,0.41599019035163765,0.1993613918572317,0.45578480455900566,0.6731626965705958,-0.6731626965705958,severe_stress
2021-02-10,2021,-0.24701567021201498,1.2656248503659306,1.9492306125017842,0.47020240262661,0.46072788158273464,0.4872515766612881,0.7310036089210553,-0.7310036089210553,severe_stress
2021-02-11,2021,-0.24923583629044987,1.2656248503659306,1.9492306125017842,0.4996498518534079,0.4713472548126998,0.47823127418370176,0.7358080012378457,-0.7358080012378457,severe_stress
2021-02-12,2021,-0.25637455734519987,1.2656248503659306,1.9492306125017842,0.5577952098801384,1.088661196775373,0.43774419960383293,0.84044691863031,-0.84044691863031,severe_stress
2021-02-16,2021,-0.2719157198942443,1.2656248503659306,1.9492306125017842,0.6866933398295233,0.7185977727121855,0.3567700504440953,0.784166817659879,-0.784166817659879,severe_stress
2021-02-17,2021,-0.2652552216589396,1.2656248503659306,1.9492306125017842,0.6493175892442112,0.19201541243791875,0.35656147730555565,0.6912491200327434,-0.6912491200327434,severe_stress
2021-02-18,2021,-0.2608148895020697,1.2656248503659306,1.9492306125017842,0.6184366221767678,0.7860112355689797,0.35215561263603234,0.7851073406245709,-0.7851073406245709,severe_stress
2021-02-19,2021,-0.2746141087921245,1.2656248503659306,1.9492306125017842,0.6030937022129045,0.41306686022349265,0.3114599649176238,0.711310313571602,-0.711310313571602,severe_stress
2021-02-22,2021,-0.2679536105568198,1.2656248503659306,1.9492306125017842,0.6906690615486211,0.7386291434737218,0.2799931928153413,0.7760322083580965,-0.7760322083580965,severe_stress
2021-02-23,2021,-0.261293112321515,1.2656248503659306,1.9492306125017842,0.8610357880582494,0.8152191088395512,0.28439905748486466,0.8190360508214775,-0.8190360508214775,severe_stress
2021-02-24,2021,-0.27239394271368966,1.2656248503659306,1.9492306125017842,1.4504298408591405,1.0055186374094236,0.27558732814581793,0.9456662210947345,-0.9456662210947345,severe_stress
2021-02-25,2021,-0.27239394271368966,1.2656248503659306,1.9492306125017842,1.2357334602330325,1.1305592037446957,0.15874054221427433,0.9112491210576713,-0.9112491210576713,severe_stress
2021-02-26,2021,-0.25289067082722055,1.2656248503659306,1.9492306125017842,1.2551418711008668,1.8503247856578382,0.23510025356594913,1.0504219503941914,-1.0504219503941914,severe_stress
2021-03-01,2021,-0.2484503386703508,-0.39761716951893467,1.9492306125017842,1.911142223702847,1.7469471501229445,0.22002543585675416,0.8635463189991741,-0.8635463189991741,severe_stress
2021-03-02,2021,-0.25067050474878566,-0.39761716951893467,1.9492306125017842,1.8714541098942448,0.709332385216086,0.24268047861998987,0.6874016519940641,-0.6874016519940641,severe_stress
2021-03-03,2021,-0.2551108369056556,-0.39761716951893467,1.9492306125017842,2.1301191111151216,0.7730625925974276,0.20659926870964443,0.7343805964165647,-0.7343805964165647,severe_stress
2021-03-04,2021,-0.2484503386703508,-0.39761716951893467,1.9492306125017842,2.283981347945487,0.712926723835786,0.13905128669701652,0.7398537437984647,-0.7398537437984647,severe_stress
2021-03-05,2021,-0.24052611999550164,-0.39761716951893467,1.9492306125017842,2.283981347945487,1.6392818698823808,0.12101068174184375,0.8925602037595098,-0.8925602037595098,severe_stress
2021-03-08,2021,-0.24718661823080637,-0.39761716951893467,1.9492306125017842,2.283981347945487,2.4962429369434025,0.11219895240279698,1.032808343673955,-1.032808343673955,severe_stress
2021-03-09,2021,-0.23608578783863177,-0.39761716951893467,1.9492306125017842,2.283981347945487,1.0743845353719235,0.14828016231314248,0.8036956167957952,-0.8036956167957952,severe_stress
2021-03-10,2021,-0.23386562176019687,-0.39761716951893467,1.9492306125017842,2.283981347945487,1.1751212138698945,0.15730046479072873,0.8223584746381273,-0.8223584746381273,severe_stress
2021-03-11,2021,-0.258287448622981,-0.39761716951893467,1.9492306125017842,2.283981347945487,1.7683585217233466,0.13905128669701652,0.9141195251209532,-0.9141195251209532,severe_stress
2021-03-12,2021,-0.25837292263237677,-0.39761716951893467,1.9492306125017842,2.283981347945487,0.3013929282786204,0.04884826192115275,0.6545771764159555,-0.6545771764159555,severe_stress
2021-03-15,2021,-0.25837292263237677,-0.39761716951893467,1.9492306125017842,2.283981347945487,1.0576891214320394,0.06688886687632552,0.7836333094340541,-0.7836333094340541,severe_stress
2021-03-16,2021,-0.25837292263237677,-0.39761716951893467,1.9492306125017842,2.283981347945487,0.07046628393069843,0.0626915753453417,0.618396621262,-0.618396621262,severe_stress
2021-03-17,2021,-0.23617126184802753,-0.39761716951893467,1.9492306125017842,2.283981347945487,0.8374423490178826,0.04444239725162937,0.7468847125583035,-0.7468847125583035,severe_stress
2021-03-18,2021,-0.2339510957695925,-0.39761716951893467,1.9492306125017842,2.283981347945487,0.9694498383722274,-0.018282573814395946,0.7588018266194293,-0.7588018266194293,severe_stress
2021-03-19,2021,-0.23982609638479832,-0.39761716951893467,1.9492306125017842,2.283981347945487,1.1732972065071803,-0.04534348124715507,0.7872870699672605,-0.7872870699672605,severe_stress
2021-03-22,2021,-0.2598075910907125,-0.39761716951893467,1.9492306125017842,2.283981347945487,1.516917840073808,0.003955322671760612,0.8494433937638655,-0.8494433937638655,severe_stress
2021-03-23,2021,-0.26202775716914745,-0.39761716951893467,1.9492306125017842,2.0407383306874034,0.9722703068850711,0.04926540819823196,0.725309955264068,-0.725309955264068,severe_stress
2021-03-24,2021,-0.275348753639757,-0.39761716951893467,1.9492306125017842,2.283981347945487,0.5020991899627452,0.05807713753727872,0.6867370607981006,-0.6867370607981006,severe_stress
2021-03-25,2021,-0.2709084214828872,-0.39761716951893467,1.9492306125017842,2.283981347945487,0.5143894447929444,0.04905683505969235,0.6880221082163477,-0.6880221082163477,severe_stress
2021-03-26,2021,-0.2914536130176424,-0.39761716951893467,1.9492306125017842,2.283981347945487,0.16741682209591288,0.01297562514934695,0.620755604192659,-0.620755604192659,severe_stress
2021-03-29,2021,-0.3025544434098169,-0.39761716951893467,1.9492306125017842,2.283981347945487,0.8803546228165668,-0.03674032504664789,0.7294424408814063,-0.7294424408814063,severe_stress
2021-03-30,2021,-0.3003342773313821,-0.39761716951893467,1.9492306125017842,1.4259720219182306,0.3284896554967254,-0.0319173141000453,0.49563725482772963,-0.49563725482772963,stressed
2021-03-31,2021,-0.3180956059588615,-0.39761716951893467,1.9492306125017842,2.283981347945487,0.4314639610281711,-0.03653175190810829,0.652071899014923,-0.652071899014923,severe_stress
2021-04-01,2021,-0.984403589818104,-3.080508046629121,1.9492306125017842,3.140268066916864,-0.22657622356389587,0.008778333618363146,0.13446485883764842,-0.13446485883764842,neutral
2021-04-02,2021,-0.849368631656235,-3.080508046629121,1.9492306125017842,2.710402100375296,0.437283357750764,-0.009053698198269991,0.19299761569070298,-0.19299761569070298,neutral
2021-04-06,2021,-1.010260085139224,-3.080508046629121,1.9492306125017842,3.140268066916864,0.23920199261719266,0.02220450076547294,0.21002284017216144,-0.21002284017216144,neutral
2021-04-07,2021,-1.0169205833745287,-3.080508046629121,1.9492306125017842,0.4736014002501972,0.8071819832475339,0.013184198287886565,-0.14237173928604133,0.14237173928604133,neutral
2021-04-15,2021,-1.021053640730745,-3.080508046629121,1.9492306125017842,3.140268066916864,0.00046755664687744836,0.12142782801892295,0.18497206278743042,-0.18497206278743042,neutral
2021-04-16,2021,-1.03715850010863,-3.080508046629121,1.9492306125017842,3.140268066916864,-0.22937377343253915,0.09436692058616382,0.13947087997242033,-0.13947087997242033,neutral
2021-04-20,2021,-1.0082963410889763,-3.080508046629121,1.9492306125017842,3.140268066916864,-0.0015051728615412402,0.10317864992521063,0.1837279614607034,-0.1837279614607034,neutral
2021-04-21,2021,-1.0105165071674114,-3.080508046629121,1.9492306125017842,3.140268066916864,-0.012957237137747124,0.11219895240279698,0.18295264014786103,-0.18295264014786103,neutral
2021-04-22,2021,-1.0105165071674114,-3.080508046629121,1.9492306125017842,3.140268066916864,-0.15431045080973566,0.11681339021085996,0.16016284417054005,-0.16016284417054005,neutral
2021-04-23,2021,-1.0297125042532265,-3.080508046629121,1.9492306125017842,3.140268066916864,-0.009862968260231399,0.1077930877332736,0.17953470800155713,-0.17953470800155713,neutral
2021-04-26,2021,-1.0363730024885311,-3.080508046629121,1.9492306125017842,3.140268066916864,-0.12864907830064026,0.11702196334939957,0.1601650858916259,-0.1601650858916259,neutral
2021-04-27,2021,-1.040813334645401,-3.080508046629121,1.9492306125017842,3.140268066916864,0.5162845792665226,0.058494283814357916,0.25715936020416774,-0.25715936020416774,stressed
2021-04-28,2021,-1.0363730024885311,-3.080508046629121,1.9492306125017842,3.140268066916864,-0.01840296911851363,0.058494283814357916,0.16878482416614005,-0.16878482416614005,neutral
2021-04-29,2021,-1.040813334645401,-3.080508046629121,1.9492306125017842,3.140268066916864,0.42242250360000816,0.035839241051122274,0.23773984046587612,-0.23773984046587612,stressed
2021-04-30,2021,-1.0386786425763619,-3.080508046629121,1.9492306125017842,3.140268066916864,0.283018762052486,0.035839241051122274,0.21486166555279562,-0.21486166555279562,neutral
2021-05-03,2021,-1.0408988086547968,-3.0260940111497625,1.9492306125017842,3.5048586634887227,1.6469365676109824,0.06125149792179609,0.5158807536197877,-0.5158807536197877,severe_stress
2021-05-04,2021,-1.029797978262622,-3.0260940111497625,1.9492306125017842,3.4767733229802755,0.301862272427965,0.07048037353792207,0.2904090986725937,-0.2904090986725937,stressed
2021-05-05,2021,-1.0364584764979268,-3.0260940111497625,1.9492306125017842,3.289685121821521,0.7416622521022775,0.0885209784930948,0.33442441287849806,-0.33442441287849806,stressed
2021-05-06,2021,-1.0342383104194919,-3.0260940111497625,1.9492306125017842,3.226168426734136,0.3988514387407234,0.09754128097068115,0.268576572896345,-0.268576572896345,stressed
2021-05-07,2021,-1.0476447808994973,-3.0260940111497625,1.9492306125017842,3.151103914508114,0.48423573782020385,0.07027180039938245,0.2635172121967042,-0.2635172121967042,stressed
2021-05-10,2021,-1.0498649469779322,-3.0260940111497625,1.9492306125017842,3.1039862401518463,0.7186070142915537,0.05243976858274929,0.2913841129000399,-0.2913841129000399,stressed
2021-05-11,2021,-1.0276632861935828,-3.0260940111497625,1.9492306125017842,3.1670160967188337,0.9576501207681251,0.039013601435639624,0.3431921890135062,-0.3431921890135062,stressed
2021-05-12,2021,-1.0321036183504528,-3.0260940111497625,1.9492306125017842,3.257287995233084,0.6492734180754364,-0.001682046282768875,0.2993187250045535,-0.2993187250045535,stressed
2021-05-13,2021,-1.025443120115148,-3.0260940111497625,1.9492306125017842,3.045242356357717,0.406952836976845,0.025378861149990273,0.22921125595357103,-0.22921125595357103,neutral
2021-05-14,2021,-1.032581841169898,-3.0260940111497625,1.9492306125017842,3.212380566239453,0.09131089416351597,0.04803390391322591,0.20704668741638652,-0.20704668741638652,neutral
2021-05-17,2021,-1.032581841169898,-3.0260940111497625,1.9492306125017842,3.1858906968565015,0.4006822846358535,0.04341946610516293,0.25342453462994036,-0.25342453462994036,stressed
2021-05-18,2021,-1.032581841169898,-3.0260940111497625,1.9492306125017842,3.047399436587385,0.2720961700209845,0.04341946610516293,0.20891163881594277,-0.20891163881594277,neutral
2021-05-19,2021,-1.0214810107777232,-3.0260940111497625,1.9492306125017842,2.983603639421045,0.7575133463039448,0.00293239152529412,0.2742841613040971,-0.2742841613040971,stressed
2021-05-21,2021,-1.0321890923598482,-3.0260940111497625,1.9492306125017842,2.896839430058087,0.2744746485141474,0.052648341721288884,0.1858183215476161,-0.1858183215476161,neutral
2021-05-24,2021,-1.0321890923598482,-3.0260940111497625,1.9492306125017842,2.966260134022505,0.7321671759624582,0.06586593572985906,0.2758734591178326,-0.2758734591178326,stressed
2021-05-25,2021,-1.0388495905951531,-3.0260940111497625,1.9492306125017842,2.86847082202874,0.46234408679232886,0.11096744811779093,0.22101156128262142,-0.22101156128262142,neutral
2021-05-26,2021,-1.036629424516718,-3.0260940111497625,1.9492306125017842,2.9361971388396335,-0.2599664217671926,0.08831240535455519,0.1085083832103833,-0.1085083832103833,neutral
2021-05-27,2021,-1.0477302549088927,-3.0260940111497625,1.9492306125017842,2.9094663644092456,-0.3230382728758696,0.06125149792179609,0.08718098931638353,-0.08718098931638353,neutral
2021-05-28,2021,-1.0526488098852078,-3.0260940111497625,1.9492306125017842,2.867251942726663,0.5018141315145375,0.0839065406850318,0.22057673439884115,-0.22057673439884115,neutral
2021-06-01,2021,-1.043768145571468,-2.1995009267831,1.9492306125017842,3.2310368096451185,0.6338048792119382,0.07315195524647367,0.4406591973751244,-0.4406591973751244,stressed
2021-06-02,2021,-1.048208477728338,-2.1995009267831,1.9492306125017842,3.2143718909238115,-0.1555882124021131,0.08636954925504385,0.30777907262784804,-0.30777907262784804,stressed
2021-06-03,2021,-1.054868975963643,-2.1995009267831,1.9492306125017842,3.1515929644732448,0.10275271657544202,0.06413165276888731,0.3355563405954359,-0.3355563405954359,stressed
2021-06-04,2021,-1.0562181704125828,-2.1995009267831,1.9492306125017842,3.1918234860410966,-0.36792395366247604,0.11804489449586597,0.27257599036343133,-0.27257599036343133,stressed
2021-06-07,2021,-1.0584383364910177,-2.1995009267831,1.9492306125017842,3.1359391516069763,-0.016078844210582602,0.11825346763440557,0.3215675207097443,-0.3215675207097443,stressed
2021-06-08,2021,-1.0606585025694528,-2.1995009267831,1.9492306125017842,3.1149555447465223,0.024944810841531256,0.1451058019286251,0.329012890110985,-0.329012890110985,stressed
2021-06-09,2021,-1.0695391668831924,-2.1995009267831,1.9492306125017842,3.067284033817925,0.27181007941917645,0.1858014496470334,0.3675143469532711,-0.3675143469532711,stressed
2021-06-11,2021,-1.0704101385126872,-2.1995009267831,1.9492306125017842,3.2332275248949958,-0.1911319428113804,0.2128623570797926,0.3223795810615675,-0.3223795810615675,stressed
2021-06-21,2021,-1.0819037177149113,-2.1995009267831,1.9492306125017842,3.169868999273978,0.6141765156484424,0.24537199487477304,0.44954057963349436,-0.44954057963349436,stressed
2021-06-24,2021,-1.0952247141855207,-2.1995009267831,1.9492306125017842,3.159963382839917,-0.0405225991570045,0.24977785954429643,0.33728726912672874,-0.33728726912672874,stressed
2021-06-25,2021,-1.0987086007035003,-2.1995009267831,1.9492306125017842,3.1686040508302007,-0.23300403028176758,0.2183110874420139,0.3008220321676052,-0.3008220321676052,stressed
2021-06-28,2021,-1.0964884346250654,-2.1995009267831,1.9492306125017842,3.1983366466978502,0.3910457114255301,0.24516342173623348,0.4146311718255387,-0.4146311718255387,stressed
2021-06-30,2021,-1.0987086007035003,-2.1995009267831,1.9492306125017842,3.1919456329355502,0.11478523521840903,0.2812446316465789,0.37316609746928703,-0.37316609746928703,stressed
2021-07-01,2021,-1.6571247338940658,-1.6250521242486067,1.9492306125017842,3.2388649784088432,-0.32746328603764274,0.26587560839995783,0.3073885091883784,-0.3073885091883784,stressed
2021-07-02,2021,-1.6459384294924952,-1.6250521242486067,1.9492306125017842,3.1951109781091858,0.04693695961410224,0.2973423805022403,0.36960506283103506,-0.36960506283103506,stressed
2021-07-06,2021,-1.6437182634140608,-1.6250521242486067,1.9492306125017842,3.1799277915276973,0.699728310969083,0.3512556222292189,0.4852286582608527,-0.4852286582608527,stressed
2021-07-13,2021,-1.636494068349915,-1.6250521242486067,1.9492306125017842,3.190189001326321,0.6978020802942244,0.32461186107353895,0.48338122709955783,-0.48338122709955783,stressed
2021-07-14,2021,-1.623173071879305,-1.6250521242486067,1.9492306125017842,3.121362084230505,-0.1268694895299421,0.3602759247068053,0.34262898929687347,-0.34262898929687347,stressed
2021-07-16,2021,-1.5959673821092448,-1.6250521242486067,1.9492306125017842,3.102187908284838,0.39023931048666494,0.419220750518926,0.4399765125723935,-0.4399765125723935,stressed
2021-07-19,2021,-1.5382430640699372,-1.6250521242486067,1.9492306125017842,3.017440390050029,0.4301383137745373,0.5090066290177105,0.4570867928375862,-0.4570867928375862,stressed
2021-07-20,2021,-1.5515640605405467,-1.6250521242486067,1.9492306125017842,3.029843578838007,0.4131003754060688,0.46831098129930204,0.4473115605426681,-0.4473115605426681,stressed
2021-07-21,2021,-1.5826463856386355,-1.6250521242486067,1.9492306125017842,3.0759341331437375,0.7056064526504098,0.41439773957232345,0.4895784046635021,-0.4895784046635021,stressed
2021-07-22,2021,-1.5826463856386355,-1.6250521242486067,1.9492306125017842,3.0876437148619416,-0.07498411175856672,0.4322297713889565,0.3644035795178122,-0.3644035795178122,stressed
2021-07-23,2021,-1.5789915511018648,-1.6250521242486067,1.9492306125017842,3.063891856288149,0.26950066372967757,0.41439773957232345,0.41549619945691046,-0.41549619945691046,stressed
2021-07-26,2021,-1.5812117171803,-1.6250521242486067,1.9492306125017842,3.0758589268434897,0.19413650941794555,0.4234180420499098,0.4060633748973704,-0.4060633748973704,stressed
2021-07-27,2021,-1.5678907207096904,-1.6250521242486067,1.9492306125017842,3.0986586725273946,0.39993880138208476,0.4502703763441293,0.4508592696328493,-0.4508592696328493,stressed
2021-07-28,2021,-1.5701108867881253,-1.6250521242486067,1.9492306125017842,3.0811663590131424,0.4753887601544247,0.44125007386654297,0.45864546574986037,-0.45864546574986037,stressed
2021-07-29,2021,-1.57677138502343,-1.6250521242486067,1.9492306125017842,3.1329027103893297,0.3576551585481372,0.4276153335808936,0.4442633842913513,-0.4442633842913513,stressed
2021-07-30,2021,-1.5620157200944849,-1.6250521242486067,1.9492306125017842,3.0920172956492173,0.31384795349761957,0.45908210568317614,0.43785168716478434,-0.43785168716478434,stressed
2021-08-02,2021,-1.5398140593101353,-1.5795383681177433,1.9492306125017842,3.009408631120687,0.3437008606501201,0.4756826332148032,0.44311171834325264,-0.44311171834325264,stressed
2021-08-03,2021,-1.526493062839526,-1.5795383681177433,1.9492306125017842,3.0011693088525635,-0.15349551763969466,0.4847029356923896,0.3625959847416289,-0.3625959847416289,stressed
2021-08-04,2021,-1.526493062839526,-1.5795383681177433,1.9492306125017842,2.902355482171705,-0.24374373937417287,0.4847029356923896,0.33108564333907275,-0.33108564333907275,stressed
2021-08-05,2021,-1.5375938932317006,-1.5795383681177433,1.9492306125017842,2.925644211883354,0.6030577342214527,0.4670794770142961,0.4713132957119072,-0.4713132957119072,stressed
2021-08-06,2021,-1.5432979458281146,-1.5795383681177433,1.9492306125017842,2.9033327021550726,-0.07348824241141294,0.39932292186312845,0.34259361336045235,-0.34259361336045235,stressed
2021-08-09,2021,-1.5388576136712449,-1.5795383681177433,1.9492306125017842,2.8714316624999796,0.1995391777657043,0.3905111925240817,0.3820527772504269,-0.3820527772504269,stressed
2021-08-10,2021,-1.5432979458281146,-1.5795383681177433,1.9492306125017842,2.9294912982324326,1.9514875979767585,0.3636588582298621,0.6785053421658299,-0.6785053421658299,severe_stress
2021-08-11,2021,-1.53219711543594,-1.5795383681177433,1.9492306125017842,2.949567676525105,-0.1705064565525954,0.36806472289938547,0.33077017863666597,-0.33077017863666597,stressed
2021-08-12,2021,-1.5388576136712449,-1.5795383681177433,1.9492306125017842,2.914682863823822,-0.25567572840375513,0.3634502850913226,0.3088820085373642,-0.3088820085373642,stressed
2021-08-13,2021,-1.530369698167555,-1.5795383681177433,1.9492306125017842,2.893750087145996,-0.17814162303451653,0.42659240243442714,0.33025390212706546,-0.33025390212706546,stressed
2021-08-16,2021,-1.5259293660106852,-1.5795383681177433,1.9492306125017842,2.8835639753802216,0.11893302874930213,0.4444244342510603,0.38178071945899,-0.38178071945899,stressed
2021-08-17,2021,-1.5281495320891196,-1.5795383681177433,1.9492306125017842,2.8563319205957747,0.1265972430596472,0.4580591745367097,0.38042184174784205,-0.38042184174784205,stressed
2021-08-18,2021,-1.5325898642459894,-1.5795383681177433,1.9492306125017842,2.8409217434341922,0.4275222759516383,0.44903887205912324,0.4257642119305009,-0.4257642119305009,stressed
2021-08-20,2021,-1.5254511431912396,-1.5795383681177433,1.9492306125017842,2.755182328544482,-0.0490923571919034,0.44924744519766285,0.3332630862905071,-0.3332630862905071,stressed
2021-08-24,2021,-1.5498729700540241,-1.5795383681177433,1.9492306125017842,3.0239732433638036,-0.14921645296823347,0.42680097557296676,0.353562840049759,-0.353562840049759,stressed
2021-08-25,2021,-1.5587536343677637,-1.5795383681177433,1.9492306125017842,3.453440407245027,-0.2870344239622815,0.3724705875689089,0.3916358634779886,-0.3916358634779886,stressed
2021-08-26,2021,-1.5631939665246335,-1.5795383681177433,1.9492306125017842,3.1643688751878236,-0.2724556237139279,0.3863139009930978,0.3474542383877335,-0.3474542383877335,stressed
2021-08-27,2021,-1.5712036592088783,-1.5795383681177433,1.9492306125017842,3.1430872518156705,-0.3581089170641762,0.399531495001668,0.3304997358213875,-0.3304997358213875,stressed
2021-08-30,2021,-1.573423825287313,-1.5795383681177433,1.9492306125017842,3.1987018282049937,-0.30809506170833106,0.4083432243407148,0.3492030683223509,-0.3492030683223509,stressed
2021-08-31,2021,-1.5623229948951387,-1.5795383681177433,1.9492306125017842,3.1693336958350424,0.43725257211161855,0.3949170571936051,0.4681454291048614,-0.4681454291048614,stressed
2021-09-01,2021,-1.5667633270520085,-1.3009873097543978,1.9492306125017842,3.271146429443963,-0.2257247106191667,0.38445667729247307,0.41855972863544116,-0.41855972863544116,stressed
2021-09-02,2021,-1.573423825287313,-1.3009873097543978,1.9492306125017842,3.2564115417181196,-0.33027520638496627,0.4024972822476458,0.40057551584014545,-0.40057551584014545,stressed
2021-09-03,2021,-1.579213351893123,-1.3009873097543978,1.9492306125017842,3.1424567070227893,-0.20413593965307636,0.3710305101453633,0.39639687139488994,-0.39639687139488994,stressed
2021-09-08,2021,-1.5747730197362533,-1.3009873097543978,1.9492306125017842,3.186932962405432,0.1707835363790932,0.3576043429982536,0.46479852079898526,-0.46479852079898526,stressed
2021-09-09,2021,-1.576993185814688,-1.3009873097543978,1.9492306125017842,3.142185323413584,-0.25966596068670417,0.40291442852472503,0.39278065136405055,-0.39278065136405055,stressed
2021-09-13,2021,-1.5930125711831777,-1.3009873097543978,1.9492306125017842,3.178129908969449,1.020288207217234,0.37543637481488673,0.6048475370942964,-0.6048475370942964,severe_stress
2021-09-16,2021,-1.5996730694184826,-1.3009873097543978,1.9492306125017842,3.2920100365825213,-0.36709981078175524,0.3668332186143795,0.39005227962400824,-0.39005227962400824,stressed
2021-09-17,2021,-1.6068117904732329,-1.3009873097543978,1.9492306125017842,3.22350236815552,0.12295021268478648,0.3397723111816205,0.4546094007160135,-0.4546094007160135,stressed
2021-09-21,2021,-1.5779496314535786,-1.3009873097543978,1.9492306125017842,3.345165053014823,1.331145516109165,0.3668332186143795,0.6855729098386959,-0.6855729098386959,severe_stress
2021-09-22,2021,-1.595710960081058,-1.3009873097543978,1.9492306125017842,3.278328318409121,0.2510092102988709,0.38969683451615483,0.49526111764841246,-0.49526111764841246,stressed
2021-09-23,2021,-1.6090319565516673,-1.3009873097543978,1.9492306125017842,3.2368842739017616,-0.09389497530460607,0.3177429878340036,0.41665727210447967,-0.41665727210447967,stressed
2021-09-27,2021,-1.603720652765303,-1.3009873097543978,1.9492306125017842,3.2681141067357005,1.248890742591569,0.27746448639267435,0.6398319976170045,-0.6398319976170045,severe_stress
2021-09-29,2021,-1.5970601545299983,-1.3009873097543978,1.9492306125017842,3.3484353342855204,0.4403215033636376,0.20970793124150677,0.5082746528513423,-0.5082746528513423,stressed
2021-09-30,2021,-1.5837391580593885,-1.3009873097543978,1.9492306125017842,3.3103155701352205,0.7956823561154795,0.22753996305813992,0.5663403389994729,-0.5663403389994729,severe_stress
2021-10-01,2021,-1.1192790611520804,-1.457142965653785,1.9492306125017842,3.552363366976548,0.19485946114012215,0.25900673516042244,0.5631730248288352,-0.5631730248288352,severe_stress
2021-10-05,2021,-1.125939559387385,-1.457142965653785,1.9492306125017842,3.6456127377416867,0.27467803111614775,0.20949935810296716,0.5826563690702359,-0.5826563690702359,severe_stress
2021-10-06,2021,-1.0992975664461662,-1.457142965653785,1.9492306125017842,3.6054041606077623,0.6417148622777877,0.22774853619667948,0.6446096065806771,-0.6446096065806771,severe_stress
2021-10-07,2021,-1.1214992272305153,-1.457142965653785,1.9492306125017842,3.592195521209718,0.15876640443406234,0.196281764094397,0.5529720182259436,-0.5529720182259436,severe_stress
2021-10-08,2021,-1.1165806722542,-1.457142965653785,1.9492306125017842,3.6999738172885674,0.060271820323718146,0.16922085666163786,0.5508289114779538,-0.5508289114779538,severe_stress
2021-10-13,2021,-1.1054798418620255,-1.457142965653785,1.9492306125017842,3.8169760925923932,0.16634586237174376,0.23739455808988466,0.6012207196733325,-0.6012207196733325,severe_stress
2021-10-15,2021,-1.126246834188039,-1.457142965653785,1.9492306125017842,3.9369446650105018,-0.40068552090103615,0.2287914018893775,0.5218152264431338,-0.5218152264431338,severe_stress
2021-10-19,2021,-1.1329073324233436,-1.457142965653785,1.9492306125017842,3.9888617624509854,-0.37969973640312255,0.17466958702385924,0.5238353212493961,-0.5238353212493961,severe_stress
2021-10-20,2021,-1.1373476645802134,-1.457142965653785,1.9492306125017842,3.9888617624509854,-0.5114238610080193,0.17005514921579623,0.5003721721544246,-0.5003721721544246,stressed
2021-10-21,2021,-1.1462283288939534,-1.457142965653785,1.9492306125017842,3.9332563591388046,-0.4713679261486743,0.17047229549287543,0.49637000773950857,-0.49637000773950857,stressed
2021-10-22,2021,-1.1238557200908126,-1.457142965653785,1.9492306125017842,3.8913697971648404,-0.17713424254060328,0.20235621387223712,0.5474706158756102,-0.5474706158756102,severe_stress
2021-10-25,2021,-1.114975055777073,-1.457142965653785,1.9492306125017842,3.919816607681179,-0.18575183843372572,0.21578238101934688,0.5544932902229543,-0.5544932902229543,severe_stress
2021-10-26,2021,-1.1194153879339428,-1.457142965653785,1.9492306125017842,3.9888617624509854,-0.1497879885610339,0.22480268349693325,0.5727581193834902,-0.5727581193834902,severe_stress
2021-10-27,2021,-1.114975055777073,-1.457142965653785,1.9492306125017842,3.7759151181170076,-0.35586649987114155,0.3198287192193995,0.5194983214226986,-0.5194983214226986,severe_stress
2021-10-28,2021,-1.1216355540123777,-1.457142965653785,1.9492306125017842,3.7169487562572576,-0.17655928768159462,0.2927678117866404,0.5339348955329876,-0.5339348955329876,severe_stress
2021-10-29,2021,-1.1027468317272164,-1.457142965653785,1.9492306125017842,3.733441064777454,-0.30550431370789594,0.29717367645616377,0.5190752071077508,-0.5190752071077508,severe_stress
2021-11-01,2021,-1.0849855030997368,-1.6599313054184477,1.9492306125017842,3.778080819800292,0.1835174908620767,0.2793416446395306,0.5742089598809165,-0.5742089598809165,severe_stress
2021-11-02,2021,-1.0738846727075624,-1.6599313054184477,1.9492306125017842,3.828223026452077,-0.05407659977499706,0.2789244983624514,0.5447475932358842,-0.5447475932358842,severe_stress
2021-11-03,2021,-1.080545170942867,-1.6599313054184477,1.9492306125017842,3.6779382841405943,0.4989034389899657,0.24745772626016901,0.6055089309218663,-0.6055089309218663,severe_stress
2021-11-04,2021,-1.0783250048644322,-1.6599313054184477,1.9492306125017842,3.621074630164376,0.26984455905161425,0.2785073520853722,0.5634001405867112,-0.5634001405867112,severe_stress
2021-11-05,2021,-1.0695806673325547,-1.6599313054184477,1.9492306125017842,3.663380678503954,0.799872583602909,0.34584676095946065,0.6714697771361843,-0.6714697771361843,severe_stress
2021-11-08,2021,-1.089562162038469,-1.6599313054184477,1.9492306125017842,3.685734523674583,1.9873085639512502,0.3238174376118437,0.8660996117137575,-0.8660996117137575,severe_stress
2021-11-09,2021,-1.0784613316462945,-1.6599313054184477,1.9492306125017842,3.720551687541814,0.4083913040809993,0.34164946942847685,0.6135717394147221,-0.6135717394147221,severe_stress
2021-11-10,2021,-1.0829016638031643,-1.6599313054184477,1.9492306125017842,3.5994794333073714,-0.4104318653041122,0.30199668740276636,0.4495736497810328,-0.4495736497810328,stressed
2021-11-12,2021,-1.0506064710379979,-1.6599313054184477,1.9492306125017842,3.4690918940213105,0.7128331442952267,0.2931849580637195,0.6189671387375992,-0.6189671387375992,severe_stress
2021-11-15,2021,-1.048386304959563,-1.6599313054184477,1.9492306125017842,4.0,-0.03884557243820267,0.2480834456757877,0.5750251458935598,-0.5750251458935598,severe_stress
2021-11-16,2021,-1.0439459728026932,-1.6599313054184477,1.9492306125017842,4.0,-0.013033800018987046,0.25269788348385064,0.5808362362909179,-0.5808362362909179,severe_stress
2021-11-17,2021,-1.0328451424105183,-1.6599313054184477,1.9492306125017842,3.423540078993362,0.06935124435426532,0.2705299153004838,0.5033125672201549,-0.5033125672201549,stressed
2021-11-18,2021,-1.0284048102536485,-1.6599313054184477,1.9492306125017842,3.4665095242747057,0.32742793735192444,0.2795502177780702,0.5557303627057314,-0.5557303627057314,severe_stress
2021-11-19,2021,-0.9930184797805522,-1.6599313054184477,1.9492306125017842,3.3686463076323,0.180471753256633,0.3246517301660021,0.5283417697262865,-0.5283417697262865,severe_stress
2021-11-22,2021,-1.0063394762511617,-1.6599313054184477,1.9492306125017842,3.36680093008134,0.05657011355821784,0.2942278237564175,0.5000931163713583,-0.5000931163713583,stressed
2021-11-23,2021,-0.9796974833099427,-1.6599313054184477,1.9492306125017842,3.381165243064313,0.1268853979686554,0.24870916509140648,0.5110602716496282,-0.5110602716496282,severe_stress
2021-11-24,2021,-0.9752571511530729,-1.6599313054184477,1.9492306125017842,3.401908320764719,0.32337619014591923,0.2942278237564175,0.5555924150995531,-0.5555924150995531,severe_stress
2021-11-30,2021,-0.8759642272248094,-1.6599313054184477,1.9492306125017842,3.07984067513185,0.9281807055013289,0.4238750574194521,0.6408719196518596,-0.6408719196518596,severe_stress
2021-12-01,2021,-0.8959457219307235,-1.6101766904270989,1.9492306125017842,2.912170935399877,1.184113060069353,0.44673867332122735,0.6643551448224032,-0.6643551448224032,severe_stress
2021-12-02,2021,-0.9048263862444633,-1.6101766904270989,1.9492306125017842,2.9209516280679524,0.7740497962338446,0.4656135708305585,0.5991404218270964,-0.5991404218270964,severe_stress
2021-12-03,2021,-0.8855449151492524,-1.6101766904270989,1.9492306125017842,2.9071467268523485,2.0470999588038064,0.5373588443741701,0.8241857561592929,-0.8241857561592929,severe_stress
2021-12-07,2021,-0.974351558286649,-1.6101766904270989,1.9492306125017842,2.9947328275944023,0.5234469663985473,0.46623929024617733,0.5581869080045271,-0.5581869080045271,severe_stress
2021-12-08,2021,-0.9632507278944745,-1.6101766904270989,1.9492306125017842,3.0481037640904134,0.1344764686639686,0.42533506938922927,0.49728641605397045,-0.49728641605397045,stressed
2021-12-09,2021,-0.954370063580735,-1.6101766904270989,1.9492306125017842,3.038929601156237,-0.007177560762604507,0.4572189877685909,0.4789424811093623,-0.4789424811093623,stressed
2021-12-10,2021,-0.9427910103691151,-1.6101766904270989,1.9492306125017842,3.026413364849746,-0.09027394410040135,0.4523959768219883,0.4641330515461506,-0.4641330515461506,stressed
2021-12-13,2021,-0.9339103460553754,-1.6101766904270989,1.9492306125017842,3.0063879318465454,1.142747299000127,0.49749748920992004,0.6752960493459836,-0.6752960493459836,severe_stress
2021-12-16,2021,-0.9361305121338104,-1.6101766904270989,1.9492306125017842,3.0439532497545962,0.6595253635971374,0.47022800863862146,0.5961050053218717,-0.5961050053218717,severe_stress
2021-12-17,2021,-0.931297431166891,-1.6101766904270989,1.9492306125017842,2.998454718984854,0.5709175888067732,0.5065177916875064,0.580607765064488,-0.580607765064488,severe_stress
2021-12-20,2021,-0.9201966007747163,-1.6101766904270989,1.9492306125017842,2.9439304531951134,0.5802950708708566,0.49267447826331745,0.5726262206048761,-0.5726262206048761,severe_stress
2021-12-21,2021,-0.9557192580296748,-1.6101766904270989,1.9492306125017842,3.794381877390073,0.793558565151781,0.47064515491570064,0.7403200435837608,-0.7403200435837608,severe_stress
2021-12-22,2021,-0.9645999223434147,-1.6101766904270989,1.9492306125017842,3.0683359852428267,0.324867946813017,0.48386274892427084,0.5419201134518975,-0.5419201134518975,severe_stress
2022-01-05,2022,-0.897439790544121,-1.3636339413126377,0.2572375164086944,3.7915848116925237,0.256823788684286,0.33197761877507975,0.3960916672839709,-0.3960916672839709,stressed
2022-01-06,2022,-0.8796784619166417,-1.3636339413126377,0.2572375164086944,3.0325534716771743,1.251566601638764,0.3414150675297454,0.43991004233751646,-0.43991004233751646,stressed
2022-01-19,2022,-0.8966542929240221,-1.3636339413126377,0.2572375164086944,3.16266912237653,0.27735866438855894,0.35588410036955304,0.29881019488444605,-0.29881019488444605,stressed
2022-01-21,2022,-0.8485961368185527,-1.3636339413126377,0.2572375164086944,3.0617593985265827,1.1377588799996006,0.41420320676605504,0.44312148726162376,-0.44312148726162376,stressed
2022-01-25,2022,-0.8263944760342036,-1.3636339413126377,0.2572375164086944,3.05637567072441,1.8554891693933242,0.40056846648040567,0.5632737342766655,-0.5632737342766655,severe_stress
2022-01-26,2022,-0.8574768011322925,-1.3636339413126377,0.2572375164086944,3.055740240846467,1.5648597593981697,0.388185165025994,0.5074853232057324,-0.5074853232057324,stressed
2022-01-27,2022,-0.8108533134851591,-1.3636339413126377,0.2572375164086944,3.0310093398367464,1.589118937706735,0.4517444286461776,0.5257704946334262,-0.5257704946334262,severe_stress
2022-01-28,2022,-0.7586621000234741,-1.3636339413126377,0.2572375164086944,3.0223015236570223,1.0653611586253682,0.4605561579852244,0.44719338589003294,-0.44719338589003294,stressed
2022-01-31,2022,-0.7542217678666042,-1.3636339413126377,0.2572375164086944,3.063629492515734,1.278995547683797,0.4785967629403971,0.49343393506156347,-0.49343393506156347,stressed
2022-02-01,2022,-0.7808637608078234,-2.0147791926774383,0.2572375164086944,2.987093575100492,0.7054843912205215,0.4473385639766542,0.26691851553685003,-0.26691851553685003,stressed
2022-02-02,2022,-0.7941847572784327,-2.0147791926774383,0.2572375164086944,3.757035127623653,0.3718411775283862,0.4651705957932874,0.34038674456635826,-0.34038674456635826,stressed
2022-02-03,2022,-0.7808637608078234,-2.0147791926774383,0.2572375164086944,3.007282487052155,0.4997538560437183,0.4473385639766542,0.23599491166599337,-0.23599491166599337,stressed
2022-02-04,2022,-0.7441282358857868,-2.0147791926774383,0.2572375164086944,3.017504194078191,1.0376122521218545,0.41670608442853013,0.3283587697456742,-0.3283587697456742,stressed
2022-02-07,2022,-0.7352475715720471,-2.0147791926774383,0.2572375164086944,3.0179071266724726,0.4056863494023474,0.4387354077761471,0.22825660600169598,-0.22825660600169598,neutral
2022-02-08,2022,-0.7463484019642218,-2.0147791926774383,0.2572375164086944,3.0179772114884607,0.43767538555871466,0.4169146575670697,0.22811286273021322,-0.22811286273021322,neutral
2022-02-09,2022,-0.7663298966701361,-2.0147791926774383,0.2572375164086944,2.953855790531721,0.05238436935928459,0.4439755649998289,0.15439069199199237,-0.15439069199199237,neutral
2022-02-10,2022,-0.770770228827006,-2.0147791926774383,0.2572375164086944,2.95874273471219,0.38872871598673464,0.5398358932764534,0.22649923981327139,-0.22649923981327139,neutral
2022-02-11,2022,-0.6881967138779351,-2.0147791926774383,0.2572375164086944,2.9763137947555047,0.54083560675268,0.570676945963117,0.27368132622077046,-0.27368132622077046,stressed
2022-02-14,2022,-0.6704353852504559,-2.0147791926774383,0.2572375164086944,3.012584048712433,1.7082858615835206,0.5843116862487664,0.47953408917092005,-0.47953408917092005,stressed
2022-02-15,2022,-0.6859765477995005,-2.0147791926774383,0.2572375164086944,3.001547262645797,0.7410277669556924,0.5079519748970919,0.30116813007172283,-0.30116813007172283,stressed
2022-02-16,2022,-0.6837563817210653,-2.0147791926774383,0.2572375164086944,3.06084991225657,0.3355624801621817,0.48949422366483986,0.2407680930156304,-0.2407680930156304,stressed
2022-02-17,2022,-0.6704353852504559,-2.0147791926774383,0.2572375164086944,3.0470954343673324,0.922672410509562,0.5209609957671223,0.34379196318746946,-0.34379196318746946,stressed
2022-02-18,2022,-0.6210788874685135,-2.0147791926774383,0.2572375164086944,2.99294024663716,1.4853023767442726,0.5524277678694047,0.44200830458559665,-0.44200830458559665,stressed
2022-02-22,2022,-0.6277393857038182,-2.0147791926774383,0.2572375164086944,2.889653087895081,1.5737672517020926,0.5847288325258456,0.44381135169174285,-0.44381135169174285,stressed
2022-02-23,2022,-0.6343998839391228,-2.0147791926774383,0.2572375164086944,2.914863768965301,1.0236377454976529,0.5356386017454697,0.34703309266675947,-0.34703309266675947,stressed
2022-02-24,2022,-0.5877763962919895,-2.0147791926774383,1.9492306125017842,2.950201122404634,1.5084444193005169,0.5354300286069301,0.7234584323074063,-0.7234584323074063,severe_stress
2022-02-25,2022,-0.6174749057042093,-2.0147791926774383,1.9492306125017842,2.9210254287469035,1.3208009594631278,0.5354300286069301,0.682372155156183,-0.682372155156183,severe_stress
2022-02-28,2022,-0.5841724145276855,-2.0147791926774383,1.9492306125017842,2.9578796767720816,1.578375486542714,0.6197671767434932,0.7510502242258248,-0.7510502242258248,severe_stress
2022-03-01,2022,-0.5575304215864664,-1.0642095782916832,1.9492306125017842,3.1549715725903344,2.012499997789508,0.7159365236003823,1.0351497844339768,-1.0351497844339768,severe_stress
2022-03-02,2022,-0.597493410998295,-1.0642095782916832,1.9492306125017842,3.2799760177574573,1.3668211632698157,0.6861383366064165,0.9367438568075825,-0.9367438568075825,severe_stress
2022-03-03,2022,-0.597493410998295,-1.0642095782916832,1.9492306125017842,3.243821360766025,1.9117759960714569,0.7176051087086989,1.0267883481263311,-1.0267883481263311,severe_stress
2022-03-04,2022,-0.518882005386649,-1.0642095782916832,1.9492306125017842,3.388845541376392,2.1523402617176464,0.7943819663374528,1.1169511330424906,-1.1169511330424906,severe_stress
2022-03-07,2022,-0.49446017852386487,-1.0642095782916832,1.9492306125017842,3.6037977653169935,2.0840749153076827,0.798996404145516,1.1462383234094047,-1.1462383234094047,severe_stress
2022-03-08,2022,-0.4900198463669949,-1.0642095782916832,1.9492306125017842,3.6294528727501256,1.9770293950609283,0.754937757450282,1.1260702021840736,-1.1260702021840736,severe_stress
2022-03-09,2022,-0.5100013410729093,-1.0642095782916832,1.9492306125017842,3.3628868019841445,1.5717340075555302,0.7146592560089527,1.00404995978097,-1.00404995978097,severe_stress
2022-03-10,2022,-0.49668034460229976,-1.0642095782916832,1.9492306125017842,3.4336208542833435,1.4511232126729028,0.7014416620003826,0.9957544030940717,-0.9957544030940717,severe_stress
2022-03-11,2022,-0.4572464307823833,-1.0642095782916832,1.9492306125017842,3.383308530176388,2.162242473669907,0.7016502351389221,1.1124959737354891,-1.1124959737354891,severe_stress
2022-03-14,2022,-0.43282460391959904,-1.0642095782916832,1.9492306125017842,3.357953892432985,2.162796235452163,0.6527685774970857,1.104285855945456,-1.104285855945456,severe_stress
2022-03-15,2022,-0.4217237735274246,-1.0642095782916832,1.9492306125017842,3.157219370515994,1.4485868182576997,0.6389252640728968,0.9513381189215444,-0.9513381189215444,severe_stress
2022-03-16,2022,-0.47722792548829746,-1.0642095782916832,3.588946970558654,3.113374692496187,1.690306509064003,0.6401767029041344,1.2485612285404997,-1.2485612285404997,severe_stress
2022-03-17,2022,-0.5105304166648214,-1.0642095782916832,3.588946970558654,3.28685777797868,0.9682851875670899,0.6089185039403915,1.1463780741813852,-1.1463780741813852,severe_stress
2022-03-18,2022,-0.49434008327754014,-1.0642095782916832,3.588946970558654,3.3616432613271496,1.089329794912318,0.6856953615691456,1.1945109544663406,-1.1945109544663406,severe_stress
2022-03-21,2022,-0.525422408375629,-1.0642095782916832,3.588946970558654,3.4246215588435844,1.6164402884066253,0.6546457357439421,1.2825037611475825,-1.2825037611475825,severe_stress
2022-03-23,2022,-0.5143215779834543,-1.0642095782916832,3.588946970558654,3.5674833830990145,0.6211091822680583,0.6324078392577855,1.1385693698180623,-1.1385693698180623,severe_stress
2022-03-24,2022,-0.525422408375629,-1.0642095782916832,3.588946970558654,3.53264692811107,0.5573741847271567,0.6231789636416596,1.1187525100618714,-1.1187525100618714,severe_stress
2022-03-25,2022,-0.5528498989369471,-1.0642095782916832,3.588946970558654,3.5541785442876233,1.1401657766447157,0.5885577657010913,1.2091315966605756,-1.2091315966605756,severe_stress
2022-03-28,2022,-0.5461894007016423,-1.0642095782916832,3.588946970558654,3.4006276922675696,1.9580571121978982,0.6472940183746724,1.330754469067578,-1.330754469067578,severe_stress
2022-03-29,2022,-0.5817120579566011,-1.0642095782916832,3.588946970558654,3.3502230688524457,0.8588844780798128,0.6747720720845107,1.1378174922211899,-1.1378174922211899,severe_stress
2022-03-30,2022,-0.5928128883487757,-1.0642095782916832,3.588946970558654,3.4024225202093175,0.17578453655347498,0.710436135717777,1.0367612827331274,-1.0367612827331274,severe_stress
2022-03-31,2022,-0.5706112275644264,-1.0642095782916832,3.588946970558654,3.253221130105891,0.08916178150866516,0.710436135717777,1.0011575353391462,-1.0011575353391462,severe_stress
2022-04-01,2022,-0.1582909430615018,-1.3493601727084605,3.588946970558654,3.1981042319381583,0.27449892211735555,0.8015281351831004,1.0592378573378842,-1.0592378573378842,severe_stress
2022-04-04,2022,-0.1738321056105462,-1.3493601727084605,3.588946970558654,3.2594654274385424,0.1973760493062696,0.8271290306460823,1.0582875332717567,-1.0582875332717567,severe_stress
2022-04-05,2022,-0.1871531020811558,-1.3493601727084605,3.588946970558654,3.2440583588958507,0.4932033422851425,0.7513950387100264,1.0901817392766764,-1.0901817392766764,severe_stress
2022-04-07,2022,-0.12720861796341293,-1.3493601727084605,3.588946970558654,3.1556658197024436,0.8941998588700237,0.6379112517553084,1.1333591850357594,-1.1333591850357594,severe_stress
2022-04-13,2022,-0.07209721481258952,-1.3493601727084605,3.588946970558654,3.3169868677896424,0.26363581257039825,0.5865267164509967,1.0557731633081069,-1.0557731633081069,severe_stress
2022-04-15,2022,0.39886926142966417,-1.3493601727084605,3.588946970558654,3.9252473871251112,-0.08525888400947397,-0.17650224424322658,1.0503237196920445,-1.0503237196920445,severe_stress
2022-04-18,2022,-0.09151501268966276,-1.3493601727084605,3.588946970558654,3.2996003901896374,0.31385613105469956,0.5191873075769085,1.0467859356636293,-1.0467859356636293,severe_stress
2022-04-19,2022,-0.10483600916027226,-1.3493601727084605,3.588946970558654,3.244248950326586,1.730179254113188,0.5162414548771622,1.270903408001143,-1.270903408001143,severe_stress
2022-04-20,2022,-0.10927634131714213,-1.3493601727084605,3.588946970558654,3.218192126327596,0.17626959020616362,0.5881953015593137,1.0188279124376873,-1.0188279124376873,severe_stress
2022-04-21,2022,-0.12259733778775163,-1.3493601727084605,3.588946970558654,3.206922748191522,0.32409777097474385,0.584415156305409,1.0387375225890194,-1.0387375225890194,severe_stress
2022-04-22,2022,-0.07580290212182689,-1.3493601727084605,3.588946970558654,3.192075769462054,1.2668881598583501,0.602872907537661,1.2042701220977385,-1.2042701220977385,severe_stress
2022-04-25,2022,-0.04250041094530316,-1.3493601727084605,3.588946970558654,3.160714122568796,0.9922787430680631,0.6777726069195585,1.171308643243551,-1.171308643243551,severe_stress
2022-04-26,2022,-0.03583991270999833,-1.3493601727084605,3.588946970558654,3.2057637018758167,1.559358980418323,0.6370769592011499,1.2676577544392476,-1.2676577544392476,severe_stress
2022-04-27,2022,-0.022518916239388787,-1.3493601727084605,3.588946970558654,3.1956730717885313,0.9079004376547999,0.6060273333759466,1.1544447874050137,-1.1544447874050137,severe_stress
2022-04-28,2022,-0.03583991270999833,-1.3493601727084605,3.588946970558654,3.2443700639678017,0.861437550414583,0.6020386149835025,1.1519321857510136,-1.1519321857510136,severe_stress
2022-04-29,2022,0.005250470359512149,-1.3493601727084605,3.588946970558654,3.2122580013675353,1.5174427971613274,0.6114760637381681,1.2643356884127894,-1.2643356884127894,severe_stress
2022-05-02,2022,0.03189246330073109,-1.012515692976457,3.588946970558654,3.2645188422239086,1.2121026382977473,0.8143671278291461,1.3165520582056216,-1.3165520582056216,severe_stress
2022-05-03,2022,0.014131134673251833,-1.012515692976457,3.588946970558654,3.1784466034454333,0.9896086744653396,0.859885786494157,1.2697505794433965,-1.2697505794433965,severe_stress
2022-05-04,2022,0.042993293692905665,-1.012515692976457,3.588946970558654,3.2425074224858057,0.8337149658871339,0.8317820133687,1.2545714955027905,-1.2545714955027905,severe_stress
2022-05-05,2022,0.02745213114386134,-1.012515692976457,3.588946970558654,3.2685031107231226,1.0246981086834464,0.7289871139998848,1.2710119570220855,-1.2710119570220855,severe_stress
2022-05-06,2022,0.08504012240130678,-1.012515692976457,3.588946970558654,3.358705753513682,1.9498366533866234,0.6704594344648432,1.440078873558109,-1.440078873558109,severe_stress
2022-05-09,2022,0.14942493867591947,-1.012515692976457,3.588946970558654,3.2819162529126675,1.4005524831396567,0.7136837886059189,1.3536681234860601,-1.3536681234860601,severe_stress
2022-05-10,2022,0.160525769068094,-1.012515692976457,3.588946970558654,3.1766194489782382,1.5613046945368294,0.7592024472709298,1.3723472729060482,-1.3723472729060482,severe_stress
2022-05-11,2022,0.1671862673033988,-1.012515692976457,3.588946970558654,3.2066399979224767,1.2522224911271,0.8586343476629194,1.3435190635996819,-1.3435190635996819,severe_stress
2022-05-12,2022,0.21602992102896698,-1.012515692976457,3.588946970558654,3.2137067087388753,1.5324239589969058,0.897661410273011,1.4060422127699927,-1.4060422127699927,severe_stress
2022-05-13,2022,0.21058229046074003,-1.012515692976457,3.588946970558654,3.28222872895627,1.2525209357034206,0.8703919297017125,1.3653591937340568,-1.3653591937340568,severe_stress
2022-05-16,2022,0.2283436190882194,-1.012515692976457,3.588946970558654,3.3279344796090125,1.0092691823180597,0.9192735873435488,1.3435420243235063,-1.3435420243235063,severe_stress
2022-05-17,2022,0.2039217922254352,-1.012515692976457,3.588946970558654,3.314613712458136,0.7076748260065879,0.8846523894029806,1.281215666279223,-1.281215666279223,severe_stress
2022-05-18,2022,0.2572057781078733,-1.012515692976457,3.588946970558654,3.900875166893081,1.0849901837340241,0.9387742042684986,1.4597127684309454,-1.4597127684309454,severe_stress
2022-05-20,2022,0.29838163518677957,-1.012515692976457,3.588946970558654,3.2526963986683697,1.6647080223713155,1.001082029057445,1.4655498938110176,-1.4655498938110176,severe_stress
2022-05-24,2022,0.30504213342208436,-1.012515692976457,3.588946970558654,3.2312848113620496,1.2667305667417177,0.986195849940558,1.3942807731747677,-1.3942807731747677,severe_stress
2022-05-25,2022,0.26063881185338594,-1.012515692976457,3.588946970558654,3.245755188076792,0.8940217182874551,0.9859872768020185,1.3271390454336414,-1.3271390454336414,severe_stress
2022-05-26,2022,0.18071283302972874,-1.012515692976457,3.588946970558654,3.2745953914913475,1.0781190320374638,0.9811642658554159,1.3485037999993585,-1.3485037999993585,severe_stress
2022-05-27,2022,0.16821195541614756,-1.012515692976457,3.588946970558654,3.2607456876690972,1.0307807129234061,0.9992048708105887,1.339229084066906,-1.339229084066906,severe_stress
2022-05-31,2022,0.17487245365145218,-1.012515692976457,3.588946970558654,3.2238108495466427,0.4856587226203569,0.9629150877617035,1.2372813985270588,-1.2372813985270588,severe_stress
2022-06-01,2022,0.1548909589455379,-0.8992533082540544,3.588946970558654,3.2976199168014717,1.1630893727064318,1.1945356443937574,1.4166382591919664,-1.4166382591919664,severe_stress
2022-06-02,2022,0.15933129110240782,-0.8992533082540544,3.588946970558654,3.294577660342751,0.9402658680964235,1.2167735408799136,1.3834403371210158,-1.3834403371210158,severe_stress
2022-06-03,2022,0.2036837598986395,-0.8992533082540544,3.588946970558654,3.327167984098765,1.1058573898056339,1.2029302274557248,1.4215555039272274,-1.4215555039272274,severe_stress
2022-06-06,2022,0.19924342774176976,-0.8992533082540544,3.588946970558654,3.3432653241458787,0.8328323567411245,1.1850981956390918,1.3750221610954105,-1.3750221610954105,severe_stress
2022-06-07,2022,0.23254591891829338,-0.8992533082540544,3.588946970558654,3.345923990770546,1.0724983037379612,1.248448886120736,1.4315184603086895,-1.4315184603086895,severe_stress
2022-06-08,2022,0.23254591891829338,-0.8992533082540544,3.588946970558654,3.33180071334065,0.6015057697872743,1.2260024164960397,1.3469247468078096,-1.3469247468078096,severe_stress
2022-06-09,2022,0.25030724754577277,-0.8992533082540544,3.588946970558654,3.337673624677013,0.7949853398265824,1.2488660323978151,1.3869209844586303,-1.3869209844586303,severe_stress
2022-06-10,2022,0.30266940902624934,-0.8992533082540544,3.588946970558654,3.326810560082473,0.7837185296677365,1.2954275567555242,1.3997199529727637,-1.3997199529727637,severe_stress
2022-06-16,2022,0.44920037020295406,-0.8992533082540544,3.588946970558654,3.2784936247272043,1.9937484369932048,1.303196420401873,1.6190554191049726,-1.6190554191049726,severe_stress
2022-06-21,2022,0.45493904403629726,-0.8992533082540544,3.588946970558654,3.1233304749662003,1.3633741280994358,1.3569010889903117,1.4980397330661408,-1.4980397330661408,severe_stress
2022-06-23,2022,0.5282045246246496,-0.8992533082540544,3.588946970558654,3.0909088128530544,0.9188302069584692,1.4410296639883355,1.4447778117881847,-1.4447778117881847,severe_stress
2022-06-24,2022,0.5040391197900527,-0.8992533082540544,3.588946970558654,3.171932471883082,0.8879271944187997,1.4540386848583662,1.4512718555424833,-1.4512718555424833,severe_stress
2022-06-29,2022,0.6017264272411892,-0.8992533082540544,3.588946970558654,3.1656405143511113,1.1555410109700304,1.5123577912548676,1.5208265676869663,-1.5208265676869663,severe_stress
2022-06-30,2022,0.6572305792020622,-0.8992533082540544,3.588946970558654,3.086283997726826,1.388015475203386,1.529564103655882,1.5584646363487928,-1.5584646363487928,severe_stress
2022-07-01,2022,1.5007340416365846,-0.8317422636991957,3.588946970558654,2.8575378374998945,1.377416972244765,1.8620167690110083,1.725818387875285,-1.725818387875285,severe_stress
2022-07-06,2022,1.4740920486953655,-0.8317422636991957,3.588946970558654,2.8573600385031437,0.6814918200701158,1.9518026475097925,1.6203252102729795,-1.6203252102729795,severe_stress
2022-07-12,2022,1.3865491259975131,-0.8317422636991957,3.588946970558654,2.6847469799834602,1.0129076485930562,2.0934160363501597,1.6558040829639413,-1.6558040829639413,severe_stress
2022-07-13,2022,1.395429790311253,-0.8317422636991957,3.588946970558654,2.6980085382610492,0.37546388649700624,2.2595616262006186,1.5809447580215643,-1.5809447580215643,severe_stress
2022-07-15,2022,1.3601289338475524,-0.8317422636991957,3.588946970558654,2.710898072872683,1.439325929984441,2.2327092919063998,1.750044489245089,-1.750044489245089,severe_stress
2022-07-18,2022,1.3290466087494635,-0.8317422636991957,3.588946970558654,2.7581590710531696,1.3029990222436423,2.27215350079357,1.7365938182832172,-1.7365938182832172,severe_stress
2022-07-19,2022,1.2957441175729396,-0.8317422636991957,3.588946970558654,2.7759763203902224,1.1896911272129762,2.272779220209189,1.7152325820407974,-1.7152325820407974,severe_stress
2022-07-20,2022,1.2513407960042413,-0.8317422636991957,3.588946970558654,2.808158701333978,0.6207659803599698,2.2505413237230325,1.6146685847134468,-1.6146685847134468,severe_stress
2022-07-21,2022,1.2713222907101556,-0.8317422636991957,3.588946970558654,2.73002121437815,0.7140322468304756,2.2853710948021404,1.6263252589300634,-1.6263252589300634,severe_stress
2022-07-22,2022,1.2390270979449889,-0.8317422636991957,3.588946970558654,2.7732280184962885,0.7564625475029276,2.360687940461117,1.6477683852107967,-1.6477683852107967,severe_stress
2022-07-25,2022,1.236806931866554,-0.8317422636991957,3.588946970558654,2.7861908874673955,0.6365070283665091,2.3911118468707016,1.6346369002384364,-1.6346369002384364,severe_stress
2022-07-26,2022,1.261228758729338,-0.8317422636991957,3.588946970558654,2.7720975160414594,0.5371510122525639,2.3694996698001636,1.6161969439471637,-1.6161969439471637,severe_stress
2022-07-27,2022,1.2634489248077732,-0.8317422636991957,3.588946970558654,2.8500042061885065,1.1236952452546476,2.320409439019788,1.7191270870216957,-1.7191270870216957,severe_stress
2022-07-28,2022,1.243467430101859,-0.8317422636991957,3.588946970558654,2.792494858792242,0.47276756156352523,2.351041918567912,1.6028294126474993,-1.6028294126474993,severe_stress
2022-07-29,2022,1.1725584423738036,-0.8317422636991957,3.588946970558654,2.8050560070063253,0.5452534904453177,2.374114107608227,1.609031125715522,-1.609031125715522,severe_stress
2022-08-01,2022,1.1792189406091085,-0.9188962541427668,3.588946970558654,2.6114694283647313,0.7608882540785489,2.8879448688517297,1.6849287013866678,-1.6849287013866678,severe_stress
2022-08-02,2022,1.1370357851188453,-0.9188962541427668,3.588946970558654,2.637353641967596,0.489880369114474,2.8264713366169425,1.6267986415389577,-1.6267986415389577,severe_stress
2022-08-03,2022,1.1214946225698006,-0.9188962541427668,3.588946970558654,2.5953185021345573,0.4791075313822771,2.845346234126273,1.6185529344381326,-1.6185529344381326,severe_stress
2022-08-04,2022,1.1237147886482355,-0.9188962541427668,3.588946970558654,2.5844204574450846,0.13476291393987308,2.8493349525187175,1.5603806381612995,-1.5603806381612995,severe_stress
2022-08-05,2022,1.0817534339492303,-0.9188962541427668,3.588946970558654,2.618763253872151,0.34554606108958613,2.8461805266804316,1.593715665334548,-1.593715665334548,severe_stress
2022-08-08,2022,1.0750929357139254,-0.9188962541427668,3.588946970558654,2.6893334834332747,1.3330259572986551,2.9173000808084244,1.7808005289450277,-1.7808005289450277,severe_stress
2022-08-09,2022,1.0861937661061,-0.9188962541427668,3.588946970558654,2.7206218481139235,1.0584336209050642,2.9313519673711532,1.7444419864853546,-1.7444419864853546,severe_stress
2022-08-10,2022,1.0573316070864462,-0.9188962541427668,3.588946970558654,2.660609383919789,0.04070053619781408,2.917508653946964,1.5577001495944833,-1.5577001495944833,severe_stress
2022-08-11,2022,1.030689614145227,-0.9188962541427668,3.588946970558654,2.655274718834877,0.20102817671175383,2.8231083376401167,1.5633585939579768,-1.5633585939579768,severe_stress
2022-08-12,2022,1.0287767228674458,-0.9188962541427668,3.588946970558654,2.5967440968394775,-0.2664195501762165,2.863803985358525,1.4821593285508532,-1.4821593285508532,severe_stress
2022-08-15,2022,1.0265565567890111,-0.9188962541427668,3.588946970558654,2.5793252754097833,0.5550552046528818,2.925486090731853,1.6260789739999026,-1.6260789739999026,severe_stress
2022-08-16,2022,1.0287767228674458,-0.9188962541427668,3.588946970558654,2.5003544325507003,0.19564739485459542,2.9126856430003616,1.551252484948165,-1.551252484948165,severe_stress
2022-08-17,2022,1.0465380514949254,-0.9188962541427668,3.588946970558654,2.516985007618104,-0.015075931070822002,2.8545751097423993,1.5121788257000823,-1.5121788257000823,severe_stress
2022-08-19,2022,1.0772276277829647,-0.9188962541427668,3.588946970558654,2.573800292673765,0.22730176133404997,2.7859842620370734,1.5557274433739565,-1.5557274433739565,severe_stress
2022-08-22,2022,1.1149704511163583,-0.9188962541427668,3.588946970558654,2.541015586873723,1.0652702571341366,2.8084307316617694,1.6999562905336456,-1.6999562905336456,severe_stress
2022-08-23,2022,1.1282914475869676,-0.9188962541427668,3.588946970558654,2.604544925390853,0.4777354012294272,2.7677350839433608,1.6080595957610828,-1.6080595957610828,severe_stress
2022-08-24,2022,1.1127502850379234,-0.9188962541427668,3.588946970558654,3.3339833496978972,0.726573399315491,2.754726063073331,1.766347302256755,-1.766347302256755,severe_stress
2022-08-25,2022,1.1105301189594885,-0.9188962541427668,3.588946970558654,2.5733328841998837,0.06538322136732433,2.848709233103099,1.5446676956742804,-1.5446676956742804,severe_stress
2022-08-26,2022,1.1378212827389442,-0.9188962541427668,3.588946970558654,2.5593190903338017,0.829984888772713,2.8533236709111613,1.6750832748620847,-1.6750832748620847,severe_stress
2022-08-30,2022,1.1933254346998172,-0.9188962541427668,3.588946970558654,2.5251893901556524,0.5710125870437172,2.8669584111968107,1.6377560899186474,-1.6377560899186474,severe_stress
2022-08-31,2022,1.222187593719471,-0.9188962541427668,3.588946970558654,2.4794483653042456,0.8929138559831898,2.8218568988088797,1.6810762383719455,-1.6810762383719455,severe_stress
2022-09-01,2022,1.2332884241116457,-0.8902091054417209,3.588946970558654,2.31944088687002,0.45772417545669875,2.8891827312139178,1.5997290137948692,-1.5997290137948692,severe_stress
2022-09-02,2022,1.2571811753825177,-0.8902091054417209,3.588946970558654,2.2840019201085333,0.36354146185219977,2.8793281361821728,1.5804650931070594,-1.5804650931070594,severe_stress
2022-09-06,2022,1.2394198467550386,-0.8902091054417209,3.588946970558654,2.2940701584753525,0.6967296859393264,2.8522672287494135,1.6302041308393438,-1.6302041308393438,severe_stress
2022-09-07,2022,1.2371996806766037,-0.8902091054417209,3.588946970558654,2.2501960286610028,0.47611374431511333,2.896534448583187,1.5931302945588064,-1.5931302945588064,severe_stress
2022-09-08,2022,1.19945685734321,-0.8902091054417209,3.588946970558654,2.272345455473172,0.06592877372381267,2.88793129238268,1.5207333740066347,-1.5207333740066347,severe_stress
2022-09-13,2022,1.2065447256254933,-0.8902091054417209,3.588946970558654,2.263848608120147,0.7575047662697364,2.9921862037212725,1.6531370281422637,-1.6531370281422637,severe_stress
2022-09-15,2022,1.2265262203314076,-0.8902091054417209,3.588946970558654,2.211294157717825,0.8623964155707685,2.9940633619681285,1.6655030034508436,-1.6655030034508436,severe_stress
2022-09-16,2022,1.3153674847057333,-0.8902091054417209,3.588946970558654,2.2154147955484746,0.9031343028264823,2.976022757012956,1.6847795342017633,-1.6847795342017633,severe_stress
2022-09-21,2022,1.2865053256860794,-0.8902091054417209,3.588946970558654,2.1422642937598155,0.6192420634693035,3.048810896249265,1.6325934073802326,-1.6325934073802326,severe_stress
2022-09-22,2022,1.2953859899998192,-0.8902091054417209,3.588946970558654,2.1289637539729864,1.1194168421283464,2.9101433601086444,1.692107968554455,-1.692107968554455,severe_stress
2022-09-27,2022,1.3979409996548038,-0.8902091054417209,3.588946970558654,2.0528908066619147,2.008663616551575,2.7807046995841493,1.8231563312615624,-1.8231563312615624,severe_stress
2022-09-28,2022,1.4534451516156768,-0.8902091054417209,3.588946970558654,2.088536509387639,1.4895715064225175,2.922109515285977,1.7754000913047905,-1.7754000913047905,severe_stress
2022-09-29,2022,1.4601056498509817,-0.8902091054417209,3.588946970558654,2.0757224846653215,1.1201404713300267,2.909934786970105,1.7107735429888946,-1.7107735429888946,severe_stress
2022-09-30,2022,1.4701991818317992,-0.8902091054417209,3.588946970558654,2.0513806236933227,1.9096880755342545,2.8612617024668077,1.831877908107186,-1.831877908107186,severe_stress
2022-10-04,2022,1.7803362203566007,-0.6805281577940858,3.588946970558654,1.9052647618164105,1.3403934207314396,3.1367075048270032,1.845186786749337,-1.845186786749337,severe_stress
2022-10-05,2022,1.7736757221212958,-0.6805281577940858,3.588946970558654,1.9199782789698585,1.333126407240319,3.037901323850632,1.8288500908244456,-1.8288500908244456,severe_stress
2022-10-06,2022,1.7425933970232073,-0.6805281577940858,3.588946970558654,1.9209199004259399,1.6246719096953706,3.011674708972032,1.8680464548135196,-1.8680464548135196,severe_stress
2022-10-07,2022,1.767578920714832,-0.6805281577940858,3.588946970558654,1.9583352676881853,1.4584910626484717,2.9854480940934303,1.8463786929849144,-1.8463786929849144,severe_stress
2022-10-12,2022,1.8319637369894446,-0.6805281577940858,3.588946970558654,1.8869489750191955,2.023604424672161,3.0683252302602164,1.9532101966175974,-1.9532101966175974,severe_stress
2022-10-13,2022,1.8186427405188352,-0.6805281577940858,3.588946970558654,1.8962067794665562,1.7433694734884675,3.141530515773606,1.918028053668672,-1.918028053668672,severe_stress
2022-10-18,2022,1.7506885637168477,-0.6805281577940858,3.588946970558654,1.8428193961168935,0.848347071632775,3.1971381713690925,1.7579020026000294,-1.7579020026000294,severe_stress
2022-10-19,2022,1.7551288958737175,-0.6805281577940858,3.588946970558654,1.8706450045816834,0.8482134133795991,3.1484650868657957,1.7551452022442273,-1.7551452022442273,severe_stress
2022-10-20,2022,1.737367567246238,-0.6805281577940858,3.588946970558654,1.8731812090464697,0.8455358446992998,3.09937485608542,1.7439797149736658,-1.7439797149736658,severe_stress
2022-10-21,2022,1.744728089092246,-0.6805281577940858,3.588946970558654,1.9087330148658248,1.0562379775479651,3.06644807201336,1.7807609943806606,-1.7807609943806606,severe_stress
2022-10-24,2022,1.7269667604647667,-0.6805281577940858,3.588946970558654,1.9463269302688833,1.56334887396152,3.0658223525977415,1.8684806216762466,-1.8684806216762466,severe_stress
2022-10-25,2022,1.720306262229462,-0.6805281577940858,3.588946970558654,1.9223135041198727,0.9344109359960164,3.1553996579579864,1.7734748621779843,-1.7734748621779843,severe_stress
2022-10-26,2022,1.7025449336019827,-0.6805281577940858,3.588946970558654,1.9450854844061565,0.6729487386853774,3.182460565390746,1.7352430891414719,-1.7352430891414719,severe_stress
2022-10-27,2022,1.693664269288243,-0.6805281577940858,3.588946970558654,1.9100396103473107,1.2166445999244409,3.2219047742779163,1.825112011100413,-1.825112011100413,severe_stress
2022-10-28,2022,1.6259318932775135,-0.6805281577940858,3.588946970558654,1.9350343896168871,1.5134516123964992,3.240571098648708,1.8705679677840292,-1.8705679677840292,severe_stress
2022-10-31,2022,1.6459133879834278,-0.6805281577940858,3.588946970558654,1.913887794017348,1.1746234834372855,3.2321765155867404,1.8125033322982282,-1.8125033322982282,severe_stress
2022-11-01,2022,1.641473055826558,-0.3101721996608261,3.588946970558654,1.8178323309685827,0.8961790403680737,3.2774866011132118,1.8186242998623756,-1.8186242998623756,severe_stress
2022-11-02,2022,1.643693221904993,-0.3101721996608261,3.588946970558654,1.8412086614943328,0.6631343955009253,3.2783208936673702,1.7841886572442416,-1.7841886572442416,severe_stress
2022-11-03,2022,1.685876377395256,-0.3101721996608261,3.588946970558654,1.8164757457095326,0.9610376575196171,3.3016016558462247,1.8406277012280767,-1.8406277012280767,severe_stress
2022-11-04,2022,1.6527102130005948,-0.3101721996608261,3.588946970558654,1.9160226741249418,0.7473865427385884,3.2338451006950577,1.8047898835761684,-1.8047898835761684,severe_stress
2022-11-07,2022,1.6393892165299853,-0.3101721996608261,3.588946970558654,1.895309852085018,1.7308471747706289,3.25167713251169,1.9659996911325248,-1.9659996911325248,severe_stress
2022-11-08,2022,1.6571505451574646,-0.3101721996608261,3.588946970558654,1.8991835570809752,0.8422532571123119,3.296361498622543,1.828953938145187,-1.828953938145187,severe_stress
2022-11-09,2022,1.7015538667261632,-0.3101721996608261,3.588946970558654,1.845616809121827,1.0744036641414754,3.291121341398861,1.8652450753810257,-1.8652450753810257,severe_stress
2022-11-10,2022,1.6593707112358995,-0.3101721996608261,3.588946970558654,1.831092815766505,0.6421623040021881,3.4327347302392277,1.8073558886902745,-1.8073558886902745,severe_stress
2022-11-14,2022,1.6075722465842641,-0.3101721996608261,3.588946970558654,2.645380826868002,1.436155436965437,3.4327347302392277,2.06676966859246,-2.06676966859246,severe_stress
2022-11-15,2022,1.600911748348959,-0.3101721996608261,3.588946970558654,2.645380826868002,0.5279769127904805,3.4778362426271605,1.921813416922072,-1.921813416922072,severe_stress
2022-11-16,2022,1.6164529108980037,-0.3101721996608261,3.588946970558654,1.9634075540384366,0.5953681663512668,3.5902771638891804,1.840713427679119,-1.840713427679119,severe_stress
2022-11-18,2022,1.5855923865911732,-0.3101721996608261,3.588946970558654,1.9615638409416924,0.719969193516843,3.537615360993439,1.8472525921568292,-1.8472525921568292,severe_stress
2022-11-22,2022,1.5678310579636936,-0.3101721996608261,3.588946970558654,1.9549111095201395,0.5036825574692672,3.599714612643846,1.817485684749129,-1.817485684749129,severe_stress
2022-11-23,2022,1.554510061493084,-0.3101721996608261,3.588946970558654,1.8471881674564912,0.8942060199229359,3.640201687223715,1.8691467844990088,-1.8691467844990088,severe_stress
2022-11-29,2022,1.5717076932917224,-0.3101721996608261,3.588946970558654,1.8118379155399553,0.2701962613221902,3.604537623590448,1.7561757107736906,-1.7561757107736906,severe_stress
2022-11-30,2022,1.5539463646642433,-0.3101721996608261,3.588946970558654,1.8594088713714658,0.15604438529305886,3.6171294981833992,1.7442173150683324,-1.7442173150683324,severe_stress
2022-12-01,2022,1.5384052021151986,-0.10082421269761177,3.588946970558654,1.7973388951813243,0.8009247214285902,3.6748228851642835,1.8832690769584064,-1.8832690769584064,severe_stress
2022-12-02,2022,1.536099562027368,-0.10082421269761177,3.588946970558654,1.7730671179314792,-0.3097854426865575,3.7111126682131683,1.699769443891083,-1.699769443891083,severe_stress
2022-12-05,2022,1.5205583994783236,-0.10082421269761177,3.588946970558654,1.7023065114131954,0.9579892259305016,3.6987293667587564,1.8946177102403032,-1.8946177102403032,severe_stress
2022-12-06,2022,1.5516407245764128,-0.10082421269761177,3.588946970558654,1.6849360764459271,0.4163392218805447,3.752016889070116,1.8155092783056739,-1.8155092783056739,severe_stress
2022-12-07,2022,1.5760625514391966,-0.10082421269761177,3.588946970558654,1.6859521227959957,0.828978895106496,3.7610371915477026,1.8900255864584057,-1.8900255864584057,severe_stress
2022-12-08,2022,1.5472003924195425,-0.10082421269761177,3.588946970558654,1.6372656942101773,0.23295463392277663,3.7255817010529757,1.7718541965777526,-1.7718541965777526,severe_stress
2022-12-09,2022,1.5218221199178679,-0.10082421269761177,3.588946970558654,1.6074982662358854,0.5412355812272968,3.6668454483793944,1.8042540289369144,-1.8042540289369144,severe_stress
2022-12-12,2022,1.5085011234472585,-0.10082421269761177,3.588946970558654,1.6203628776990808,1.1707447160458488,3.689291918004091,1.9128372321762201,-1.9128372321762201,severe_stress
2022-12-13,2022,1.495180126976649,-0.10082421269761177,3.588946970558654,2.5223911322610504,0.583045799100532,3.6878319060343134,1.9627619537055978,-1.9627619537055978,severe_stress
2022-12-14,2022,1.5018406252119538,-0.10082421269761177,3.588946970558654,1.6581694613503861,0.4538392788810384,3.7016752194585023,1.8006078904604872,-1.8006078904604872,severe_stress
2022-12-15,2022,1.5395834485453472,-0.10082421269761177,3.588946970558654,1.6324452056206713,0.5464204964943751,3.751182596515958,1.826292417506232,-1.826292417506232,severe_stress
2022-12-16,2022,1.5603504408713607,-0.10082421269761177,3.588946970558654,1.5999215951557229,0.4002758263029169,3.674197165748664,1.7871446309899512,-1.7871446309899512,severe_stress
2022-12-20,2022,1.5625706069497955,-0.10082421269761177,3.588946970558654,1.6427750474454677,0.09280810253533378,3.5393097748619478,1.7209310482755977,-1.7209310482755977,severe_stress
2022-12-21,2022,1.5359286140085766,-0.10082421269761177,3.588946970558654,1.6656672140293705,0.581254613506546,3.5210605967682356,1.798672299362295,-1.798672299362295,severe_stress
2022-12-22,2022,1.5470294444007513,-0.10082421269761177,3.588946970558654,1.6438715514800675,0.34304931104118297,3.5527359420090576,1.7624681677986835,-1.7624681677986835,severe_stress
2022-12-27,2022,1.5202165034407409,-0.10082421269761177,3.588946970558654,1.640430482877326,0.08096428914462306,3.4847708137193507,1.7024174745071805,-1.7024174745071805,severe_stress
2022-12-29,2022,1.5779408214800485,-0.10082421269761177,3.588946970558654,1.5971257699545853,0.5014336404835685,3.4986141271435396,1.7772061861537976,-1.7772061861537976,severe_stress
2023-01-04,2023,1.5114721659088637,-0.42683865056361264,2.1405737473863464,2.402560142676878,0.47203467484813266,3.6781858841411084,1.6296646607329528,-1.6296646607329528,severe_stress
2023-01-05,2023,1.5025915015951237,-0.42683865056361264,2.1405737473863464,1.4025330519755572,1.0102711270415974,3.750139730823259,1.5632117513763786,-1.5632117513763786,severe_stress
2023-01-06,2023,1.4484873968556575,-0.42683865056361264,2.1405737473863464,1.3890884167015949,0.7606985485413807,3.7299443348187324,1.506992298956683,-1.506992298956683,severe_stress
2023-01-17,2023,1.3525928854359774,-0.42683865056361264,2.1405737473863464,1.4613912741291346,-0.07861267490903534,3.711486583586481,1.3600988608442153,-1.3600988608442153,severe_stress
2023-01-19,2023,1.396996207004676,-0.42683865056361264,2.1405737473863464,1.455873823060882,0.2822082643679089,3.7345587726267957,1.4305620273138329,-1.4305620273138329,severe_stress
2023-01-24,2023,1.3566913215552645,-0.42683865056361264,2.1405737473863464,1.4066617564278154,0.31150981278510476,3.7161010213945436,1.4174498348309104,-1.4174498348309104,severe_stress
2023-01-25,2023,1.3611316537121343,-0.42683865056361264,2.1405737473863464,1.41631875658691,0.22130910610344254,3.711486583586481,1.4039968661352837,-1.4039968661352837,severe_stress
2023-01-26,2023,1.33670982684935,-0.42683865056361264,2.1405737473863464,1.4476234290910603,-0.13879091388983672,3.72532989701067,1.3474345559806629,-1.3474345559806629,severe_stress
2023-01-27,2023,1.3115533551389338,-0.42683865056361264,2.1405737473863464,1.4337058549394783,0.15365293908325633,3.720715459202607,1.388893784197835,-1.388893784197835,severe_stress
2023-01-30,2023,1.3182138533742382,-0.42683865056361264,2.1405737473863464,1.409372297948231,0.9216220141856734,3.7345587726267957,1.516250339159612,-1.516250339159612,severe_stress
2023-01-31,2023,1.327094517687978,-0.42683865056361264,2.1405737473863464,1.387463433687626,0.6109916521507581,3.7299443348187324,1.4615381725279715,-1.4615381725279715,severe_stress
2023-02-01,2023,1.329314683766413,-0.1727808857037608,2.1405737473863464,1.1323181341348452,0.3135676533402835,3.7345587726267957,1.4129253509251536,-1.4129253509251536,severe_stress
2023-02-02,2023,1.247168538864321,-0.1727808857037608,2.1405737473863464,1.159586361195825,0.22139866857001084,3.7299443348187324,1.387648460855246,-1.387648460855246,severe_stress
2023-02-03,2023,1.2399443438001752,-0.1727808857037608,2.1405737473863464,1.1137256756821794,0.17851715223285441,3.7668598372832367,1.3778066451135054,-1.3778066451135054,severe_stress
2023-02-06,2023,1.248825008113915,-0.1727808857037608,2.1405737473863464,1.141395672105712,1.1063817968884029,3.7853175885154884,1.541618821217684,-1.541618821217684,severe_stress
2023-02-07,2023,1.248825008113915,-0.1727808857037608,2.1405737473863464,1.1832504548875689,0.809807246715457,3.7807031507074256,1.498396453684492,-1.498396453684492,severe_stress
2023-02-08,2023,1.2665863367413943,-0.1727808857037608,2.1405737473863464,2.1002035905999654,0.479789160973238,3.7899320263235516,1.6007173293867893,-1.6007173293867893,severe_stress
2023-02-09,2023,1.2621460045845243,-0.1727808857037608,2.1405737473863464,1.1850526665295489,0.4841259825617954,3.7853175885154884,1.447405850645657,-1.447405850645657,severe_stress
2023-02-10,2023,1.3097259378705484,-0.1727808857037608,2.1405737473863464,1.2050015600181778,0.232245343331088,3.7622453994751734,1.4128351837295956,-1.4128351837295956,severe_stress
2023-02-13,2023,1.3075057717921135,-0.1727808857037608,2.1405737473863464,1.2032833854163134,-0.02476209957550571,3.7807031507074256,1.3724205116704888,-1.3724205116704888,severe_stress
2023-02-14,2023,1.289744443164634,-0.1727808857037608,2.1405737473863464,1.2018658856315863,0.14517138855591785,3.794546464131615,1.3998535071943898,-1.3998535071943898,severe_stress
2023-02-15,2023,1.2964049413999386,-0.1727808857037608,2.1405737473863464,1.1522143574083632,0.8571069536163147,3.7853175885154884,1.5098061171037818,-1.5098061171037818,severe_stress
2023-02-16,2023,1.3097259378705484,-0.1727808857037608,2.1405737473863464,1.0857745470200746,1.201567100827255,3.7622453994751734,1.5545176411459396,-1.5545176411459396,severe_stress
2023-02-17,2023,1.3596969852537983,-0.1727808857037608,2.1405737473863464,1.0114537848096556,0.17355715138428027,3.7714742750913,1.3806625097036032,-1.3806625097036032,severe_stress
2023-02-21,2023,1.3841188121165828,-0.1727808857037608,2.1405737473863464,0.9783061866197147,0.17668182304922808,3.7232873965290403,1.3716978466661922,-1.3716978466661922,severe_stress
2023-02-22,2023,1.3663574834891035,-0.1727808857037608,2.1405737473863464,0.9356970192223147,0.7070503236562513,3.727901834337103,1.4507999203978932,-1.4507999203978932,severe_stress
2023-02-23,2023,1.341935656626319,-0.1727808857037608,2.1405737473863464,0.9232156263532308,1.0001187108483691,3.7714742750913,1.500756188433634,-1.500756188433634,severe_stress
2023-02-24,2023,1.3725743801418917,-0.1727808857037608,2.1405737473863464,1.0236593499100375,0.18568057151847914,3.774046212417733,1.3872922292784544,-1.3872922292784544,severe_stress
2023-02-27,2023,1.3570332175928472,-0.1727808857037608,2.1405737473863464,1.0381309397894445,0.5167573108133872,3.8083897775558033,1.4480173512390113,-1.4480173512390113,severe_stress
2023-02-28,2023,1.3592533836712821,-0.1727808857037608,2.1405737473863464,1.027072414098263,0.15372676017779202,3.822233090979992,1.3883464184349859,-1.3883464184349859,severe_stress
2023-03-01,2023,1.3481525532791077,0.10438078802050836,2.1405737473863464,0.5715060115900293,0.0704122690852183,3.7883066721190013,1.3372220069133685,-1.3372220069133685,severe_stress
2023-03-03,2023,1.3633355882550315,0.10438078802050836,2.1405737473863464,0.6680205530559574,-0.016846955741656053,3.814950433274681,1.345735692375145,-1.345735692375145,severe_stress
2023-03-06,2023,1.3455742596275524,0.10438078802050836,2.1405737473863464,0.603569412489943,-0.01746328053491275,3.8285851735603305,1.334203350091628,-1.334203350091628,severe_stress
2023-03-07,2023,1.347794425705987,0.10438078802050836,2.1405737473863464,0.5586653439812926,0.13336141315319133,3.8868352202928738,1.3619351564233666,-1.3619351564233666,severe_stress
2023-03-08,2023,1.372216252568771,0.10438078802050836,3.588946970558654,0.49600627138135,-0.11402139210611856,3.905292971525126,1.5588036436580486,-1.5588036436580486,severe_stress
2023-03-09,2023,1.4121792419805999,0.10438078802050836,3.588946970558654,0.4940074926483126,0.39895669477629125,3.859148593444496,1.6429366302381438,-1.6429366302381438,severe_stress
2023-03-10,2023,1.53083911101347,0.10438078802050836,3.588946970558654,0.4779736303440074,1.1348834122907094,3.8268475287880555,1.7773119068359007,-1.7773119068359007,severe_stress
2023-03-14,2023,1.559701270033124,0.10438078802050836,3.588946970558654,0.419002903907638,1.68616556999987,3.6699566433139137,1.8380256909722847,-1.8380256909722847,severe_stress
2023-03-15,2023,1.6618289096411303,0.10438078802050836,3.588946970558654,0.43429827115397734,1.2319289646272116,3.605354514001032,1.7711230696670857,-1.7711230696670857,severe_stress
2023-03-16,2023,1.6018844255233875,0.10438078802050836,3.588946970558654,0.46417356983775654,1.1812909456607819,3.67918551893004,1.7699770364218548,-1.7699770364218548,severe_stress
2023-03-17,2023,1.6969934393229684,0.10438078802050836,3.588946970558654,0.4248002799793296,1.754648621687482,3.605354514001032,1.862520768928329,-1.862520768928329,severe_stress
2023-03-22,2023,1.6592506159895748,0.10438078802050836,3.588946970558654,0.49804719538389985,1.3119154014528378,3.6330411408494103,1.7992636853758144,-1.7992636853758144,severe_stress
2023-03-23,2023,1.681452276773924,0.10438078802050836,3.588946970558654,0.49758218205818455,1.1361058200129428,3.5868967627687804,1.7658941333654992,-1.7658941333654992,severe_stress
2023-03-24,2023,1.7337289642450049,0.10438078802050836,3.588946970558654,0.5348696412728088,0.8507252591892185,3.5868967627687804,1.7332580643424957,-1.7332580643424957,severe_stress
2023-03-27,2023,1.6915458087547417,0.10438078802050836,3.588946970558654,0.5793713952514458,0.5782557134744144,3.600740076192969,1.6905401253754555,-1.6905401253754555,severe_stress
2023-03-28,2023,1.6871054765978715,0.10438078802050836,3.588946970558654,0.5626870802938561,0.3310154533735524,3.628426703041347,1.6504270786476318,-1.6504270786476318,severe_stress
2023-03-29,2023,1.6471424871860432,0.10438078802050836,3.588946970558654,0.5964774664556446,0.3350637813133497,3.6468844542735988,1.6531493246346332,-1.6531493246346332,severe_stress
2023-03-30,2023,1.627160992480129,0.10438078802050836,3.588946970558654,0.5581737363185028,-0.031592929425761945,3.6653422055058513,1.5854019605763139,-1.5854019605763139,severe_stress
2023-03-31,2023,1.5970351130209304,0.10438078802050836,3.588946970558654,0.5433800133902207,0.44573957434367667,3.67918551893004,1.6597779963773382,-1.6597779963773382,severe_stress
2023-04-04,2023,1.6303376041974544,0.20955622424177428,3.588946970558654,1.1618347838332173,0.5480185891536734,3.637655578657473,1.7960582917737078,-1.7960582917737078,severe_stress
2023-04-06,2023,1.6547594310602385,0.20955622424177428,3.588946970558654,0.4933538435648381,-0.4265803719285001,3.651498892081662,1.5285891649297778,-1.5285891649297778,severe_stress
2023-04-13,2023,1.5730060349681958,0.20955622424177428,3.588946970558654,0.5082968174585337,1.2867131471631512,3.6468844542735988,1.8022339414439845,-1.8022339414439845,severe_stress
2023-04-18,2023,1.5315229030886357,0.20955622424177428,3.588946970558654,0.4779962010109329,0.6264124168934092,3.6930288323542286,1.687910591357939,-1.687910591357939,severe_stress
2023-04-19,2023,1.5404035674023755,0.20955622424177428,3.588946970558654,0.4558087673807191,0.12951445131122702,3.706872145778418,1.6051836877788614,-1.6051836877788614,severe_stress
2023-04-20,2023,1.5692657264220295,0.20955622424177428,3.588946970558654,0.4567180175442229,-0.054463219990189535,3.688414394546166,1.5764063522204428,-1.5764063522204428,severe_stress
2023-04-21,2023,1.5339648699583288,0.20955622424177428,3.588946970558654,0.4219913523595928,0.06800545211182371,3.688414394546166,1.585146543962723,-1.585146543962723,severe_stress
2023-04-24,2023,1.5384052021151986,0.20955622424177428,3.588946970558654,0.4274886051151014,0.33206284884270604,3.688414394546166,1.6308123742365999,-1.6308123742365999,severe_stress
2023-04-25,2023,1.5739278593701573,0.20955622424177428,3.588946970558654,0.40030911808390973,0.17739559692941326,3.6238122652332847,1.5956580057361986,-1.5956580057361986,severe_stress
2023-04-26,2023,1.5717076932917224,0.20955622424177428,3.588946970558654,0.4209978401394878,0.3770360277886807,3.628426703041347,1.6327785765102778,-1.6327785765102778,severe_stress
2023-04-27,2023,1.5384052021151986,0.20955622424177428,3.588946970558654,0.452345019534307,0.4040001289072099,3.660727767697788,1.6423302188424886,-1.6423302188424886,severe_stress
2023-04-28,2023,1.5280043953337274,0.20955622424177428,3.588946970558654,0.42833238563079434,-0.21019662553374774,3.688414394546166,1.5388429574628948,-1.5388429574628948,severe_stress
2023-05-01,2023,1.516903564941553,-0.15818027739242796,3.588946970558654,-0.10274606794709544,1.8923413518328303,3.6653422055058513,1.7337679579165608,-1.7337679579165608,severe_stress
2023-05-02,2023,1.5724077169024258,-0.15818027739242796,2.1405737473863464,-0.1728073184992002,1.216265914132641,3.6561133298897253,1.3757288520699185,-1.3757288520699185,severe_stress
2023-05-03,2023,1.5923892116083402,-0.15818027739242796,2.1405737473863464,-0.2247053302255435,0.3746756777801578,3.6468844542735988,1.228606247238412,-1.228606247238412,severe_stress
2023-05-04,2023,1.6279118688632987,-0.15818027739242796,2.1405737473863464,-0.215335196993813,0.23755673957917448,3.5868967627687804,1.2032372740352264,-1.2032372740352264,severe_stress
2023-05-05,2023,1.5758061294110093,-0.15818027739242796,2.1405737473863464,-0.1711907765241004,-0.03699933984513623,3.6330411408494103,1.1638417706475168,-1.1638417706475168,severe_stress
2023-05-08,2023,1.5647052990188346,-0.15818027739242796,2.1405737473863464,-0.16964325027386926,1.6501286083808344,3.6330411408494103,1.4434375446615215,-1.4434375446615215,severe_stress
2023-05-09,2023,1.5691456311757046,-0.15818027739242796,2.1405737473863464,-0.16695079120299416,0.5096608900242269,3.6330411408494103,1.2545483901400443,-1.2545483901400443,severe_stress
2023-05-10,2023,1.5780262954894446,-0.15818027739242796,2.1405737473863464,-0.16335749052900442,-0.31237241674668825,3.628426703041347,1.1188527602081697,-1.1188527602081697,severe_stress
2023-05-11,2023,1.5846867937247489,-0.15818027739242796,2.1405737473863464,-0.19443001347933583,0.38116811181622995,3.6422700164655364,1.232681396420183,-1.232681396420183,severe_stress
2023-05-12,2023,1.565490796638934,-0.15818027739242796,2.1405737473863464,-0.20413080833470762,0.6735347084942349,3.651498892081662,1.2781311764790069,-1.2781311764790069,severe_stress
2023-05-15,2023,1.5677109627173689,-0.15818027739242796,2.1405737473863464,-0.2136080728014597,-0.057656276979297566,3.637655578657473,1.1527492769313339,-1.1527492769313339,severe_stress
2023-05-19,2023,1.5276624992961445,-0.15818027739242796,2.1405737473863464,-0.20342919116533173,0.016977038989897407,3.67918551893004,1.1671315560074447,-1.1671315560074447,severe_stress
2023-05-23,2023,1.5232221671392747,-0.15818027739242796,2.1405737473863464,-0.21268954988764657,0.5287949583556661,3.6699566433139137,1.2486129481525212,-1.2486129481525212,severe_stress
2023-05-24,2023,1.5409834957667539,-0.15818027739242796,2.1405737473863464,-0.19560520307342158,1.8248135380564878,3.67918551893004,1.471961803278963,-1.471961803278963,severe_stress
2023-05-25,2023,1.518781834982405,-0.15818027739242796,2.1405737473863464,-0.22687721161430777,1.2346113712701035,3.720715459202607,1.3716041539724542,-1.3716041539724542,severe_stress
2023-05-26,2023,1.5049826156923503,-0.15818027739242796,2.1405737473863464,-0.23374535004106436,0.9932988322105849,3.753016523859048,1.3333243486191397,-1.3333243486191397,severe_stress
2023-05-31,2023,1.540505272947309,-0.15818027739242796,2.1405737473863464,-0.2667400285722616,1.3529794261542882,3.7622453994751734,1.395230589999738,-1.395230589999738,severe_stress
2023-06-01,2023,1.5316246086335692,0.07118882828198711,2.1405737473863464,-0.7210531112121611,-0.10298838327104876,3.7437876482429218,1.1105222230102691,-1.1105222230102691,severe_stress
2023-06-02,2023,1.4681107639884514,0.07118882828198711,2.1405737473863464,-0.6849619542967916,-0.2888095453788275,3.7853175885154884,1.0819032380827756,-1.0819032380827756,severe_stress
2023-06-06,2023,1.4725510961453212,0.07118882828198711,2.1405737473863464,-0.6495534394436974,-0.616357880528211,3.7853175885154884,1.0339533233928726,-1.0339533233928726,severe_stress
2023-06-07,2023,1.4592300996747116,0.07118882828198711,2.1405737473863464,-0.334398330178329,-0.16134635696075195,3.7668598372832367,1.1570179709145334,-1.1570179709145334,severe_stress
2023-06-08,2023,1.4725510961453212,0.07118882828198711,2.1405737473863464,-0.6598723041238975,-0.36511338827416057,3.7760887128993623,1.07256944871916,-1.07256944871916,severe_stress
2023-06-09,2023,1.4490002409120317,0.07118882828198711,2.1405737473863464,-0.6429799830561552,-0.6635628960631887,3.7991609019396777,1.0255634732334498,-1.0255634732334498,severe_stress
2023-06-12,2023,1.4601010713042066,0.07118882828198711,2.1405737473863464,-0.6717268466353441,0.6194896374639769,3.7899320263235516,1.2349264106874542,-1.2349264106874542,severe_stress
2023-06-14,2023,1.4245784140492477,0.07118882828198711,2.1405737473863464,-0.6960486669874616,0.06389801229592296,3.8314619665961183,1.1392753836036935,-1.1392753836036935,severe_stress
2023-06-20,2023,1.4307606894651073,0.07118882828198711,2.1405737473863464,-0.6620360011140526,0.5958379129777402,3.845305280020307,1.236938409502906,-1.236938409502906,severe_stress
2023-06-22,2023,1.4485220180925866,0.07118882828198711,2.1405737473863464,-0.6197991674722292,-0.6218412085029219,3.859148593444496,1.0462988018717108,-1.0462988018717108,severe_stress
2023-06-23,2023,1.4653269010811754,0.07118882828198711,2.1405737473863464,-0.6139424506915311,-0.5674009690919515,3.859148593444496,1.0591491084017537,-1.0591491084017537,severe_stress
2023-06-28,2023,1.4364647420615213,0.07118882828198711,2.1405737473863464,-0.64850629454284,0.07153592056454838,3.8729919068686853,1.157374808436708,-1.157374808436708,severe_stress
2023-06-29,2023,1.4076025830418673,0.07118882828198711,2.1405737473863464,-0.5831574546940862,-0.20349874458847544,3.882220782484811,1.1191549569854082,-1.1191549569854082,severe_stress
2023-06-30,2023,1.3781767271933727,0.07118882828198711,2.1405737473863464,-0.580105185172576,-0.36994963399408654,3.9006785337170626,1.090093836235351,-1.090093836235351,severe_stress
2023-07-11,2023,1.3673831716018519,-0.1868559102666783,2.1405737473863464,-0.2909778246376975,-0.7440463380388872,3.822233090979992,1.0180516561708213,-1.0180516561708213,severe_stress
2023-07-12,2023,1.345181510817503,-0.1868559102666783,2.1405737473863464,-0.2989431599096479,-0.43592877429547106,3.8083897775558033,1.0620695318813091,-1.0620695318813091,severe_stress
2023-07-13,2023,1.3496218429743727,-0.1868559102666783,2.1405737473863464,-0.26888784787569214,-0.5376034317439391,3.794546464131615,1.0485658107676707,-1.0485658107676707,severe_stress
2023-07-14,2023,1.3165411525891069,-0.1868559102666783,2.1405737473863464,-0.3042299884957426,0.49876124850561376,3.8314619665961183,1.2160420360524606,-1.2160420360524606,severe_stress
2023-07-17,2023,1.3320823151381513,-0.1868559102666783,2.1405737473863464,-0.31061095106195097,0.09968138227647061,3.840690842212244,1.1525935709474304,-1.1525935709474304,severe_stress
2023-07-18,2023,1.3165411525891069,-0.1868559102666783,2.1405737473863464,-0.3112219388683024,-0.33448143431245914,3.845305280020307,1.07831014942472,-1.07831014942472,severe_stress
2023-07-19,2023,1.314320986510672,-0.1868559102666783,2.1405737473863464,-0.2752024639606672,-0.8397672912096998,3.868377469060622,1.0035744229200991,-1.0035744229200991,severe_stress
2023-07-20,2023,1.3165411525891069,-0.1868559102666783,2.1405737473863464,-0.2772289366689848,0.986578773837993,3.8499197178283704,1.3049214241176923,-1.3049214241176923,severe_stress
2023-07-21,2023,1.2940830697765706,-0.1868559102666783,2.1405737473863464,-0.22497265620969417,-0.49930657005804435,3.863763031252559,1.0645474519801763,-1.0645474519801763,severe_stress
2023-07-24,2023,1.278541907227526,-0.1868559102666783,2.1405737473863464,-0.18445640268750726,-0.2718375574188787,3.8499197178283704,1.104314250344863,-1.104314250344863,severe_stress
2023-07-25,2023,1.2829822393843957,-0.1868559102666783,2.1405737473863464,-0.17804997297698155,-0.8261709044382034,3.845305280020307,1.012964079851531,-1.012964079851531,severe_stress
2023-07-26,2023,1.2985234019334404,-0.1868559102666783,2.1405737473863464,-0.2035306550696047,0.5985513839532235,3.854534155636433,1.2502993539288603,-1.2502993539288603,severe_stress
2023-07-27,2023,1.2696612429137863,-0.1868559102666783,0.4485806512932565,-0.18765607074822707,-0.3139540586857622,3.8268475287880555,0.8094372305490718,-0.8094372305490718,severe_stress
2023-07-28,2023,1.2569547960444847,-0.1868559102666783,0.4485806512932565,-0.19821242468286063,-0.5090795592425923,3.8314619665961183,0.773808253290288,-0.773808253290288,severe_stress
2023-07-31,2023,1.2502942978091798,-0.1868559102666783,0.4485806512932565,-0.20659327570189281,-0.4934858465540612,3.8314619665961183,0.7739003138626538,-0.7739003138626538,severe_stress
2023-08-01,2023,1.2569547960444847,0.056006365269641735,0.4485806512932565,0.09826917246833862,0.10346649045562717,3.813004215363866,0.9627136151492025,-0.9627136151492025,severe_stress
2023-08-02,2023,1.2880371211425734,0.056006365269641735,0.4485806512932565,0.10276030244006877,0.03874117688316414,3.7807031507074256,0.9524714612893549,-0.9524714612893549,severe_stress
2023-08-03,2023,1.2924774532994432,0.056006365269641735,0.4485806512932565,0.16001362103137254,-0.45648351998617626,3.7345587726267957,0.8725255572557221,-0.8725255572557221,severe_stress
2023-08-04,2023,1.2762016459027663,0.056006365269641735,0.4485806512932565,0.15662164195968345,-0.3713894560572484,3.748402086050985,0.8857371557365141,-0.8857371557365141,severe_stress
2023-08-07,2023,1.2673209815890267,0.056006365269641735,0.4485806512932565,0.12175224445422812,-0.4925543673962283,3.720715459202607,0.8536368890687552,-0.8536368890687552,severe_stress
2023-08-08,2023,1.2739814798243314,0.056006365269641735,0.4485806512932565,0.12987497113541813,-0.550461818835075,3.7437876482429218,0.850294882821749,-0.850294882821749,severe_stress
2023-08-09,2023,1.2606604833537218,0.056006365269641735,0.4485806512932565,0.1477960164179891,-0.33130582832848743,3.7760887128993623,0.8929710668175806,-0.8929710668175806,severe_stress
2023-08-10,2023,1.236238656490938,0.056006365269641735,0.4485806512932565,0.09903767292159904,-0.5876439637499443,3.748402086050985,0.8334369113794127,-0.8334369113794127,severe_stress
2023-08-11,2023,1.2146515453078963,0.056006365269641735,0.4485806512932565,0.11244770988678825,0.3292311222463268,3.748402086050985,0.9848865800091491,-0.9848865800091491,severe_stress
2023-08-14,2023,1.2057708809941567,0.056006365269641735,0.4485806512932565,0.12699413173050908,0.8641227466472117,3.7668598372832367,1.0780557688696686,-1.0780557688696686,severe_stress
2023-08-15,2023,1.219091877464766,0.056006365269641735,0.4485806512932565,0.10700390547854859,-0.48343975041868914,3.7391732104348585,0.8477360432537303,-0.8477360432537303,severe_stress
2023-08-18,2023,1.2392951729619384,0.056006365269641735,0.4485806512932565,0.14665921098879006,-0.5463273636292618,3.7161010213945436,0.8433858430464847,-0.8433858430464847,severe_stress
2023-08-22,2023,1.2193136782560243,0.056006365269641735,0.4485806512932565,0.16583873008824554,-0.44613933394857985,3.72532989701067,0.8614883313282098,-0.8614883313282098,severe_stress
2023-08-23,2023,1.2170935121775892,0.056006365269641735,0.4485806512932565,0.4526704049709157,0.18852773261582703,3.7622453994751734,1.0208540109670674,-1.0208540109670674,severe_stress
2023-08-24,2023,1.2148733460991543,0.056006365269641735,0.4485806512932565,0.15597238636790753,-0.23432727448844928,3.757630961667111,0.8997894060347703,-0.8997894060347703,severe_stress
2023-08-25,2023,1.2018596244291986,0.056006365269641735,0.4485806512932565,0.22735564803723954,0.13226484080115025,3.7714742750913,0.9729235674869644,-0.9729235674869644,severe_stress
2023-08-28,2023,1.192978960115459,0.056006365269641735,0.4485806512932565,0.21008769313220207,-0.46229603406439135,3.7714742750913,0.8694719851395779,-0.8694719851395779,severe_stress
2023-08-29,2023,1.195199126193894,0.056006365269641735,0.4485806512932565,0.17726399772188928,-0.5223122444430965,3.757630961667111,0.8520614762837827,-0.8520614762837827,severe_stress
2023-08-30,2023,1.1796579636448494,0.056006365269641735,0.4485806512932565,0.1729560855645187,-0.5881050825391767,3.7714742750913,0.8400950430540649,-0.8400950430540649,severe_stress
2023-08-31,2023,1.1907587940370241,0.056006365269641735,0.4485806512932565,0.20075679395127344,0.19783379663232636,3.7622453994751734,0.9760303001097826,-0.9760303001097826,severe_stress
2023-09-01,2023,1.173782963029644,-0.08474321729867022,0.4485806512932565,0.2678143982300023,-0.7313653662477835,3.7299443348187324,0.8006689606375303,-0.8006689606375303,severe_stress
2023-09-06,2023,1.1848837934218184,-0.08474321729867022,0.4485806512932565,0.32714685834895524,-0.7506105447966391,3.7391732104348585,0.8107384585672633,-0.8107384585672633,severe_stress
2023-09-07,2023,1.1937644577355582,-0.08474321729867022,0.4485806512932565,0.33756370740771396,-0.3121136324715119,3.720715459202607,0.8839612376448255,-0.8839612376448255,severe_stress
2023-09-11,2023,1.177352323557019,-0.08474321729867022,0.4485806512932565,0.35215946870224246,-0.47130365350457004,3.72532989701067,0.8578959116266579,-0.8578959116266579,severe_stress
2023-09-12,2023,1.1817926557138887,-0.08474321729867022,0.4485806512932565,0.4453519489109434,-0.2934646177927612,3.7391732104348585,0.9061151052102526,-0.9061151052102526,severe_stress
2023-09-14,2023,1.1684716592432791,-0.08474321729867022,0.4485806512932565,0.46538005065916926,-0.31386893170465796,3.7391732104348585,0.9038322371045392,-0.9038322371045392,severe_stress
2023-09-15,2023,1.1774377975664148,-0.08474321729867022,0.4485806512932565,0.418528755942661,-0.6219321418628421,3.7299443348187324,0.8446360300765922,-0.8446360300765922,severe_stress
2023-09-20,2023,1.1729974654095447,-0.08474321729867022,0.4485806512932565,0.3765652247902795,-0.3541665545081393,3.7668598372832367,0.887682234494918,-0.887682234494918,severe_stress
2023-09-27,2023,1.2415153390403735,-0.08474321729867022,0.4485806512932565,0.3341141672505454,0.44666560179678966,3.637655578657473,1.0039646867899614,-1.0039646867899614,severe_stress
2023-09-28,2023,1.2548363355109828,-0.08474321729867022,0.4485806512932565,0.332546365690137,0.0642880199086352,3.6191978274252214,0.9391176637549271,-0.9391176637549271,severe_stress
2023-09-29,2023,1.2590548668765946,-0.08474321729867022,0.4485806512932565,0.346051568741433,0.2752564371100527,3.614583389617158,0.9764639493899708,-0.9764639493899708,severe_stress
2023-10-05,2023,1.2684092019156397,0.056606193925445435,0.4485806512932565,0.13222729242907114,-0.35759310594995986,3.5252837170594113,0.8455856584454774,-0.8455856584454774,severe_stress
2023-10-06,2023,1.2721495104618061,0.056606193925445435,0.4485806512932565,0.10481448559873922,-0.05965497378968418,3.5030458205732544,0.8875902813438029,-0.8875902813438029,severe_stress
2023-10-10,2023,1.2566083479127617,0.056606193925445435,0.4485806512932565,0.15066787076566593,0.29268647926712216,3.5471044672684884,0.9587090017387899,-0.9587090017387899,severe_stress
2023-10-11,2023,1.2543881818343268,0.056606193925445435,0.4485806512932565,0.11442997737445772,0.6154009717435319,3.600740076192969,1.0150243420606646,-1.0150243420606646,severe_stress
2023-10-12,2023,1.2543881818343268,0.056606193925445435,0.4485806512932565,0.094009546104257,0.6405933388430348,3.5659793647778195,1.0100262127963566,-1.0100262127963566,severe_stress
2023-10-13,2023,1.2776317622669622,0.056606193925445435,0.4485806512932565,0.12415376161191545,-0.20119790893318493,3.600740076192969,0.8844190893928939,-0.8844190893928939,severe_stress
2023-10-17,2023,1.2665309318747875,0.056606193925445435,0.4485806512932565,0.1304056074387496,-0.004876661369937342,3.5042972594044923,0.9002573304277991,-0.9002573304277991,severe_stress
2023-10-18,2023,1.282072094423832,0.056606193925445435,0.4485806512932565,0.16823142608655625,0.046233782272292925,3.4277289749142774,0.9049088538192768,-0.9049088538192768,severe_stress
2023-10-19,2023,1.2931729248160067,0.056606193925445435,0.4485806512932565,0.1575722102559878,1.76160049674837,3.3371088038613355,1.1757735468167336,-1.1757735468167336,severe_stress
2023-10-20,2023,1.334570582686171,0.056606193925445435,0.4485806512932565,0.13381743961057888,1.8509401261005274,3.3410975222537793,1.1942687526449598,-1.1942687526449598,severe_stress
2023-10-23,2023,1.332350416607736,0.056606193925445435,0.4485806512932565,0.11227258607447343,0.6324946186562406,3.3950107639807583,0.9962192050896516,-0.9962192050896516,severe_stress
2023-10-24,2023,1.3101487558233869,0.056606193925445435,0.4485806512932565,0.05042494477943569,-0.05933331963244384,3.4082283579893278,0.8691092640297348,-0.8691092640297348,severe_stress
2023-10-25,2023,1.3012680915096473,0.056606193925445435,0.4485806512932565,0.07676114881012307,0.4015156690959426,3.332077219776193,0.9361348290684347,-0.9361348290684347,severe_stress
2023-10-26,2023,1.3301302505293011,0.056606193925445435,0.4485806512932565,0.08346992646166791,-0.256818508652637,3.3855733152260927,0.8412569714638544,-0.8412569714638544,severe_stress
2023-10-27,2023,1.3381399432135461,0.056606193925445435,0.4485806512932565,0.14847268428483412,0.2157119261246117,3.3897706067570765,0.9328803342664619,-0.9328803342664619,severe_stress
2023-10-30,2023,1.3314794449782412,0.056606193925445435,0.4485806512932565,0.10099795472092521,0.6879466899809321,3.3765530127485057,1.0003606579412176,-1.0003606579412176,severe_stress
2023-10-31,2023,1.3137181163507619,0.056606193925445435,0.4485806512932565,0.05292146403927145,-0.4321987290497387,3.3906048993112345,0.8050387659783719,-0.8050387659783719,severe_stress
2023-11-01,2023,1.3248189467429363,-0.21983183883538068,0.4485806512932565,0.033941375601879396,0.18813564476157038,3.425643243528882,0.8668813371821905,-0.8668813371821905,severe_stress
2023-11-02,2023,1.253773632233019,-0.21983183883538068,0.4485806512932565,0.046918355653161624,-0.5111155292415149,3.5164719877203647,0.755799543137151,-0.755799543137151,severe_stress
2023-11-03,2023,1.2226058331255345,-0.21983183883538068,0.4485806512932565,0.03851988557278515,-0.4611461084120299,3.531523509072025,0.7600419886360318,-0.7600419886360318,severe_stress
2023-11-06,2023,1.2137251688117947,-0.21983183883538068,0.4485806512932565,0.09329662009981605,1.7315411583361022,3.5022115280190964,1.1282538812874474,-1.1282538812874474,severe_stress
2023-11-07,2023,1.231486497439274,-0.21983183883538068,0.4485806512932565,0.06638713924482069,-0.05978724521516396,3.5638245737284655,0.8384432962758788,-0.8384432962758788,severe_stress
2023-11-08,2023,1.231486497439274,-0.21983183883538068,0.4485806512932565,0.04176528290093837,-0.11610653898792878,3.614583389617158,0.8334129072378863,-0.8334129072378863,severe_stress
2023-11-09,2023,1.2226058331255345,-0.21983183883538068,0.4485806512932565,0.03433959008868289,0.14319972306978768,3.5846456891486107,0.8689232746484153,-0.8689232746484153,severe_stress
2023-11-13,2023,1.2095921114555788,-0.21983183883538068,0.4485806512932565,0.2140921692489099,-0.11563959788553625,3.575416813532485,0.8520350514682189,-0.8520350514682189,severe_stress
2023-11-14,2023,1.1851702845927947,-0.21983183883538068,0.4485806512932565,0.1304883304690805,0.5005582564127599,3.577667887152655,0.9371055951808609,-0.9371055951808609,severe_stress
2023-11-15,2023,1.17850978635749,-0.21983183883538068,0.4485806512932565,0.09602394983039542,-0.5478830223320237,3.582282324960717,0.7562803085457425,-0.7562803085457425,severe_stress
2023-11-16,2023,1.2073719453771437,-0.21983183883538068,0.4485806512932565,0.03251734892399668,0.11521561248045753,3.5868967627687804,0.8617917470013756,-0.8617917470013756,severe_stress
2023-11-17,2023,1.185870308203498,-0.21983183883538068,0.4485806512932565,0.04062099486727846,0.22865990755100424,3.614583389617158,0.8830805687828024,-0.8830805687828024,severe_stress
2023-11-20,2023,1.1703291456544536,-0.21983183883538068,1.7578874776172222,0.055230472504703164,-0.8220166111146462,3.628426703041347,0.9283375581446166,-0.9283375581446166,severe_stress
2023-11-21,2023,1.1769896438897585,-0.21983183883538068,1.7578874776172222,0.07455781989399182,1.2188392589309724,3.6191978274252214,1.2712733648202976,-1.2712733648202976,severe_stress
2023-11-22,2023,1.1658888134975838,-0.21983183883538068,1.7578874776172222,0.09488352144292016,-0.6819292075376512,3.628426703041347,0.9575542448710069,-0.9575542448710069,severe_stress
2023-11-28,2023,1.1510476745592426,-0.21983183883538068,1.7578874776172222,0.17317436284537788,-0.40457862690246477,3.5915112005768433,1.00820170831014,-1.00820170831014,severe_stress
2023-11-29,2023,1.1288460137748935,-0.21983183883538068,1.7578874776172222,0.16451648082629744,-0.5268131430066058,3.582282324960717,0.981147885889524,-0.981147885889524,severe_stress
2023-11-30,2023,1.1377266780886333,-0.21983183883538068,1.7578874776172222,0.09851308907551126,-0.013643947824987623,3.577667887152655,1.0563865575456088,-1.0563865575456088,severe_stress
2023-12-01,2023,1.1308952318345369,-0.49269158529320445,1.7578874776172222,0.15538882557394645,-0.923693655675722,3.5684390115365283,0.8660375509322179,-0.8660375509322179,severe_stress
2023-12-04,2023,1.1153540692854926,-0.49269158529320445,1.7578874776172222,0.1586323881934966,-0.7823462643168937,3.577667887152655,0.8890839954397948,-0.8890839954397948,severe_stress
2023-12-05,2023,1.1153540692854926,-0.49269158529320445,1.7578874776172222,0.17119650277962797,1.4424277945455977,3.5915112005768433,1.2642809099185965,-1.2642809099185965,severe_stress
2023-12-06,2023,1.1131339032070577,-0.49269158529320445,1.7578874776172222,0.1155607235920482,-0.4923239534699717,3.6330411408494103,0.9391012844170937,-0.9391012844170937,severe_stress
2023-12-07,2023,1.1086935710501877,-0.49269158529320445,1.7578874776172222,0.10428886498275143,-0.6020542356035377,3.614583389617158,0.9151179137284297,-0.9151179137284297,severe_stress
2023-12-08,2023,1.092110488852857,-0.49269158529320445,1.7578874776172222,0.10183274749845696,-0.7339513240886586,3.6330411408494103,0.8930381575726806,-0.8930381575726806,severe_stress
2023-12-12,2023,1.094330654931292,-0.49269158529320445,1.7578874776172222,0.04845761916671287,-0.9818482467634251,3.6561133298897253,0.8470415415913871,-0.8470415415913871,severe_stress
2023-12-14,2023,1.0299458386566795,-0.49269158529320445,1.7578874776172222,0.090497605703808,-0.5184796052767795,3.6191978274252214,0.914392926472158,-0.914392926472158,severe_stress
2023-12-15,2023,1.0266837529299582,-0.49269158529320445,1.7578874776172222,0.09525494250015643,-0.7662743205737461,3.6561133298897253,0.8794955995116852,-0.8794955995116852,severe_stress
2023-12-18,2023,1.0266837529299582,-0.49269158529320445,1.7578874776172222,0.11658758320535251,0.9044767714087809,3.6330411408494103,1.1576641901195865,-1.1576641901195865,severe_stress
2023-12-19,2023,1.0155829225377835,-0.49269158529320445,1.7578874776172222,0.10944391737441371,1.5966101211131898,3.6330411408494103,1.2699789990331358,-1.2699789990331358,severe_stress
2023-12-20,2023,1.0089224243024788,-0.49269158529320445,1.7578874776172222,0.37762995619566947,-0.5849403958989889,3.6330411408494103,0.9499748362954312,-0.9499748362954312,severe_stress
2023-12-21,2023,1.004482092145609,-0.49269158529320445,1.7578874776172222,0.15750156816332336,-0.3719185895622009,3.614583389617158,0.9449740587813179,-0.9449740587813179,severe_stress
2023-12-22,2023,0.9878990099482783,-0.49269158529320445,1.7578874776172222,0.21142178590708996,-0.7797873059315866,3.600740076192969,0.8809115764067948,-0.8809115764067948,severe_stress
2024-01-05,2024,0.4081261020906959,0.21424136150346423,1.7578874776172222,0.03502761127303905,-0.3118449450718076,3.5730534493445916,0.9460818427928676,-0.9460818427928676,severe_stress
2024-01-08,2024,0.39702527169852125,0.21424136150346423,1.7578874776172222,-0.015074417740064239,0.0469971355124944,3.5730534493445916,0.9956883796560382,-0.9956883796560382,severe_stress
2024-01-17,2024,0.38401155002856563,0.21424136150346423,1.7578874776172222,0.038427775638716334,-0.48783160307198253,3.5222946334558984,0.9048385325286473,-0.9048385325286473,severe_stress
2024-01-22,2024,0.34570502986633106,0.21424136150346423,1.7578874776172222,0.10252535392636057,0.23431108644097104,3.531523509072025,1.0310323030710624,-1.0310323030710624,severe_stress
2024-01-23,2024,0.35014536202320073,0.21424136150346423,1.7578874776172222,0.13109006450127175,-0.6609854704534894,3.489993568799458,0.8803953939985213,-0.8803953939985213,severe_stress
2024-01-24,2024,0.33460419947415637,0.21424136150346423,1.7578874776172222,0.13164150090127372,-0.4473767418259649,3.485379130991395,0.9127294881102578,-0.9127294881102578,severe_stress
2024-01-25,2024,0.3368243655525913,0.21424136150346423,1.7578874776172222,0.12187598825310116,-0.23805493262157362,3.4761502553752686,0.9448207526133455,-0.9448207526133455,severe_stress
2024-01-26,2024,0.3154082023883413,0.21424136150346423,1.7578874776172222,0.11107070475320774,-0.49109267477681023,3.4992224444155835,0.9011229193168347,-0.9011229193168347,severe_stress
2024-01-29,2024,0.3198485345452111,0.21424136150346423,1.7578874776172222,0.10023902706001116,0.5684619177558988,3.50845132003171,1.0781882730855863,-1.0781882730855863,severe_stress
2024-01-30,2024,0.32206870062364595,0.21424136150346423,1.7578874776172222,0.09152850004528001,-0.009105098593437944,3.5499812603042766,0.9877670335834084,-0.9877670335834084,severe_stress
2024-01-31,2024,0.3598115239570396,0.21424136150346423,1.7578874776172222,0.0584817911469089,-0.42888873953005446,3.5407523846881506,0.9170476332304552,-0.9170476332304552,severe_stress
2024-02-01,2024,0.3531510257217349,-0.07076833426466948,1.7578874776172222,0.1923458813862529,-0.3365556777848297,3.5638245737284655,0.909980824400696,-0.909980824400696,severe_stress
2024-02-02,2024,0.3237251698732399,-0.07076833426466948,1.7578874776172222,0.17613426142217048,-0.6862010949369445,3.5638245737284655,0.8441003422399139,-0.8441003422399139,severe_stress
2024-02-05,2024,0.3303856681085447,-0.07076833426466948,1.7578874776172222,0.18454412899742176,0.5501509760859244,3.5453668224962134,1.049594456506776,-1.049594456506776,severe_stress
2024-02-06,2024,0.3348260002654144,-0.07076833426466948,1.7578874776172222,0.22218786954196248,-0.3128331808618247,3.5499812603042766,0.9135468487670635,-0.9135468487670635,severe_stress
2024-02-07,2024,0.3148445055595003,-0.07076833426466948,1.7578874776172222,0.45791419032497294,0.22878775942536422,3.5592101359204023,1.0413126224304654,-1.0413126224304654,severe_stress
2024-02-08,2024,0.30374367516732564,-0.07076833426466948,1.7578874776172222,0.2634720917671795,0.024135038439490497,3.55459569811234,0.9721776078064813,-0.9721776078064813,severe_stress
2024-02-09,2024,0.28319848363257044,-0.07076833426466948,1.7578874776172222,0.30699053081047495,-0.6618164678009707,3.55459569811234,0.8616812313511613,-0.8616812313511613,severe_stress
2024-02-12,2024,0.2876388157894402,-0.07076833426466948,1.7578874776172222,0.28819622221441527,0.6170161447995262,3.5453668224962134,1.0708895247753578,-1.0708895247753578,severe_stress
2024-02-13,2024,0.2898589818678751,-0.07076833426466948,1.7578874776172222,0.28796999635199605,0.518039216954509,3.5638245737284655,1.0578019853758998,-1.0578019853758998,severe_stress
2024-02-14,2024,0.294299314024745,-0.07076833426466948,1.7578874776172222,0.27993787450492597,-0.3845052087271762,3.5453668224962134,0.9037029909418767,-0.9037029909418767,severe_stress
2024-02-15,2024,0.2876388157894402,-0.07076833426466948,1.7578874776172222,0.28056109320767625,-0.44692347778840447,3.5592101359204023,0.8946009517469445,-0.8946009517469445,severe_stress
2024-02-16,2024,0.2746250941194845,-0.07076833426466948,1.7578874776172222,0.28729282704530934,-0.6279497641105054,3.5684390115365283,0.8649210519905616,-0.8649210519905616,severe_stress
2024-02-20,2024,0.2812855923547893,-0.07076833426466948,1.7578874776172222,0.24545273401940756,0.21268367139299235,3.5592101359204023,0.997625212840024,-0.997625212840024,severe_stress
2024-02-21,2024,0.2746250941194845,-0.07076833426466948,1.7578874776172222,0.23737920367380982,-0.10531865329754769,3.5592101359204023,0.9421691539614502,-0.9421691539614502,severe_stress
2024-02-22,2024,0.2479831011782656,-0.07076833426466948,1.7578874776172222,0.2888973779851303,-0.5059842741458206,3.577667887152655,0.8826138725871305,-0.8826138725871305,severe_stress
2024-02-23,2024,0.23940971166517966,-0.07076833426466948,1.7578874776172222,0.27277062261109325,-0.19248592854524588,3.600740076192969,0.9345922708794246,-0.9345922708794246,severe_stress
2024-02-26,2024,0.23940971166517966,-0.07076833426466948,1.7578874776172222,0.3004009955894256,0.21709947484408604,3.600740076192969,1.0074615669407023,-1.0074615669407023,severe_stress
2024-02-27,2024,0.24607020990048434,-0.07076833426466948,1.7578874776172222,0.3044614973499988,-0.21687499116668363,3.5915112005768433,0.9353811766688659,-0.9353811766688659,severe_stress
2024-02-28,2024,0.2571710402926591,-0.07076833426466948,1.7578874776172222,0.32782227626032306,0.026296780071229098,3.582282324960717,0.9801152608229136,-0.9801152608229136,severe_stress
2024-02-29,2024,0.2527307081357892,-0.07076833426466948,1.7578874776172222,0.3818421004369213,-0.3127836174361527,3.5915112005768433,0.9334032558443255,-0.9334032558443255,severe_stress
2024-03-01,2024,0.25129603967745334,0.014988937840461847,1.7578874776172222,0.6270792445361656,-0.7198965443802896,3.5730534493445916,0.9174014341059342,-0.9174014341059342,severe_stress
2024-03-05,2024,0.24907587359901848,0.014988937840461847,1.7578874776172222,0.6128170394221565,-0.2861326541780322,3.600740076192969,0.991562791748966,-0.991562791748966,severe_stress
2024-03-06,2024,0.24019520928527874,0.014988937840461847,1.7578874776172222,0.6102455345721189,-0.2043786278821244,3.614583389617158,1.005586986841686,-1.005586986841686,severe_stress
2024-03-07,2024,0.24019520928527874,0.014988937840461847,1.7578874776172222,0.5714804038465499,-0.624332152172509,3.600740076192969,0.9268266587683286,-0.9268266587683286,severe_stress
2024-03-08,2024,0.23257826541108342,0.014988937840461847,1.7578874776172222,0.5349001208263765,-0.7617744541638367,3.5915112005768433,0.8950152580180251,-0.8950152580180251,severe_stress
2024-03-11,2024,0.23257826541108342,0.014988937840461847,1.7578874776172222,0.5499979723334666,0.2698267852410703,3.600740076192969,1.0710032524393789,-1.0710032524393789,severe_stress
2024-03-12,2024,0.219257268940474,0.014988937840461847,1.7578874776172222,0.5541483902357885,-0.2856082789639516,3.605354514001032,0.9776713849451713,-0.9776713849451713,severe_stress
2024-03-13,2024,0.20815643854829938,0.014988937840461847,1.7578874776172222,0.5243256596753123,0.14817920736200985,3.605354514001032,1.043148705840723,-1.043148705840723,severe_stress
2024-03-14,2024,0.20815643854829938,0.014988937840461847,1.7578874776172222,0.5425382197773495,-0.5225887865944727,3.5915112005768433,0.9320822479609504,-0.9320822479609504,severe_stress
2024-03-15,2024,0.20767821572885414,0.014988937840461847,1.7578874776172222,0.5421021350060525,0.3843892163488501,3.600740076192969,1.0846310097890683,-1.0846310097890683,severe_stress
2024-03-19,2024,0.19435721925824465,0.014988937840461847,1.7578874776172222,0.5331615823048236,-0.3904055756388555,3.5868967627687804,0.9494810673584461,-0.9494810673584461,severe_stress
2024-03-20,2024,0.20323788357198427,0.014988937840461847,1.7578874776172222,0.4394630936993915,0.4361792412091853,3.5592101359204023,1.0684944616431078,-1.0684944616431078,severe_stress
2024-03-21,2024,0.18325638886606996,0.014988937840461847,1.7578874776172222,0.4243801427866949,-0.581797241075305,3.5730534493445916,0.895294859229956,-0.895294859229956,severe_stress
2024-03-22,2024,0.192615275999255,0.014988937840461847,1.7578874776172222,0.4124115107653192,-0.6069150936664236,3.582282324960717,0.8922117389194253,-0.8922117389194253,severe_stress
2024-03-25,2024,0.19927577423455967,0.014988937840461847,1.7578874776172222,0.4300927742841649,-0.542454032008201,3.5453668224962134,0.9008596257440701,-0.9008596257440701,severe_stress
2024-03-26,2024,0.20815643854829938,0.014988937840461847,1.7578874776172222,0.6813752937762543,-0.4907334086912818,3.5592101359204023,0.9551474791685597,-0.9551474791685597,severe_stress
2024-03-27,2024,0.20815643854829938,0.014988937840461847,1.7578874776172222,0.43929984495995694,-0.42891983573133435,3.5684390115365283,0.9266419791285223,-0.9266419791285223,severe_stress
2024-03-28,2024,0.20149594031299464,0.014988937840461847,1.7578874776172222,0.43941075503061633,-0.7223939719081967,3.5915112005768433,0.880483389911657,-0.880483389911657,severe_stress
2024-03-29,2024,1.0176300200718045,0.014988937840461847,1.7578874776172222,0.6813752937762543,-0.2200666809535104,4.0,1.2086358413920386,-1.2086358413920386,severe_stress
2024-04-01,2024,0.24076741852322905,0.030964783262050953,1.7578874776172222,0.44780335733148585,-0.2281182052018254,3.5915112005768433,0.9734693386848342,-0.9734693386848342,severe_stress
2024-04-02,2024,0.2651892453860132,0.030964783262050953,1.7578874776172222,0.4608005777989829,-0.5483564632270803,3.5684390115365283,0.9224874387289529,-0.9224874387289529,severe_stress
2024-04-03,2024,0.2651892453860132,0.030964783262050953,1.7578874776172222,0.4877544975434776,-0.3879413086194285,3.5592101359204023,0.952177471851623,-0.952177471851623,severe_stress
2024-04-04,2024,0.26740941146444813,0.030964783262050953,1.7578874776172222,0.5045243014140526,-0.2778343412638861,3.5684390115365283,0.9752317740050694,-0.9752317740050694,severe_stress
2024-04-05,2024,0.2608343872385392,0.030964783262050953,1.7578874776172222,0.5339778263949541,-0.41742573997572047,3.5684390115365283,0.9557796243455957,-0.9557796243455957,severe_stress
2024-04-10,2024,0.2430730586110598,0.030964783262050953,1.7578874776172222,0.5324150746591387,0.11771405622762054,3.580448397617628,1.0437504746657866,-1.0437504746657866,severe_stress
2024-04-12,2024,0.283121522032284,0.030964783262050953,1.7578874776172222,0.5951324074897969,0.48703294894909505,3.584019969732992,1.1230265181805736,-1.1230265181805736,severe_stress
2024-04-16,2024,0.30754334889506807,0.030964783262050953,1.7578874776172222,0.5499598720526588,0.9069150233232074,3.4722047678865913,1.170912545506133,-1.170912545506133,severe_stress
2024-04-17,2024,0.3208643453656776,0.030964783262050953,1.7578874776172222,0.5310671184106517,-0.04171150763100616,3.5259094364750303,1.0208302755832712,-1.0208302755832712,severe_stress
2024-04-18,2024,0.3142038471303729,0.030964783262050953,1.7578874776172222,0.5964726729806469,-0.19579557932517824,3.508285977796936,1.0020031965770084,-1.0020031965770084,severe_stress
2024-04-19,2024,0.3165094872182035,0.030964783262050953,1.7578874776172222,0.6586654238292283,-0.16459926704284417,3.517306280274523,1.0194556975263973,-1.0194556975263973,severe_stress
2024-04-22,2024,0.2987481585907242,0.030964783262050953,1.7578874776172222,0.6611020731789963,-0.36089998307449955,3.5040886862659533,0.9819818659734079,-0.9819818659734079,severe_stress
2024-04-23,2024,0.27876666388480986,0.030964783262050953,1.7578874776172222,0.6137733098198582,-0.5690530606623856,3.4755677668634166,0.931317823464162,-0.931317823464162,severe_stress
2024-04-24,2024,0.27654649780637497,0.030964783262050953,1.7578874776172222,0.5805106392653747,-0.12080777149567057,3.4577357350467834,0.997139560250356,-0.997139560250356,severe_stress
2024-04-25,2024,0.2876473281985496,0.030964783262050953,1.7578874776172222,0.5834539425850824,0.8470731636524227,3.449341151984816,1.1593946412166904,-1.1593946412166904,severe_stress
2024-04-26,2024,0.27258438846895044,0.030964783262050953,1.7578874776172222,0.6104740240001958,-0.45560534632563116,3.4719961947480513,0.9480502536284732,-0.9480502536284732,severe_stress
2024-04-29,2024,0.2637037241552107,0.030964783262050953,1.7578874776172222,0.6244984278279572,-0.4136542929270519,3.508285977796936,0.9619476829553874,-0.9619476829553874,severe_stress
2024-04-30,2024,0.2770247206258203,0.030964783262050953,1.7578874776172222,0.6271642523393955,-0.07657772112936859,3.4908710922573825,1.0178891008287505,-1.0178891008287505,severe_stress
2024-05-01,2024,0.28368521886112497,0.21468271068961675,1.7578874776172222,0.5661786088086509,-0.5812441727068964,3.508077404658397,0.9582112079880192,-0.9582112079880192,severe_stress
2024-05-02,2024,0.27258438846895044,0.21468271068961675,1.7578874776172222,0.5683446114394859,-0.4116060326909934,3.511648976773762,0.9855903553830073,-0.9855903553830073,severe_stress
2024-05-03,2024,0.2548230598414711,0.21468271068961675,1.7578874776172222,0.5210588028943915,-0.7114919114082874,3.5517189050765516,0.9314465074518276,-0.9314465074518276,severe_stress
2024-05-06,2024,0.24372222944929636,0.21468271068961675,1.7578874776172222,0.5439930925091463,-0.5426581080240492,3.5638245737284655,0.9635753293282829,-0.9635753293282829,severe_stress
2024-05-07,2024,0.2503827276846012,0.21468271068961675,1.7578874776172222,0.5462755186609553,-0.8692551258978558,3.5730534493445916,0.9121711263498552,-0.9121711263498552,severe_stress
2024-05-08,2024,0.2592633919983409,0.21468271068961675,1.7578874776172222,0.5513476850906226,-0.9126384534789886,3.577667887152655,0.9080351165115781,-0.9080351165115781,severe_stress
2024-05-09,2024,0.26814405631208055,0.21468271068961675,1.7578874776172222,0.5378014037428087,-0.811999546873354,3.5730534493445916,0.9232615918054944,-0.9232615918054944,severe_stress
2024-05-10,2024,0.2623545297062706,0.21468271068961675,1.7578874776172222,0.497737997086861,-0.4061144793561705,3.582282324960717,0.984805093450753,-0.984805093450753,severe_stress
2024-05-14,2024,0.26679486186314044,0.21468271068961675,1.7578874776172222,0.5277431040790216,-0.07350258102140467,3.577667887152655,1.0452122433967086,-1.0452122433967086,severe_stress
2024-05-15,2024,0.2645746957847055,0.21468271068961675,1.7578874776172222,0.6972959528135145,-0.4684814753586227,3.582282324960717,1.0080402810845257,-1.0080402810845257,severe_stress
2024-05-21,2024,0.25125369931409597,0.21468271068961675,1.7578874776172222,0.5535824227263882,-0.7942950109377642,3.600740076192969,0.9306418959337547,-0.9306418959337547,severe_stress
2024-05-22,2024,0.26013436362783565,0.21468271068961675,1.7578874776172222,0.5241081613165139,-0.816075213008471,3.6099689518090954,0.9251177420086355,-0.9251177420086355,severe_stress
2024-05-23,2024,0.2579141975494008,0.21468271068961675,1.7578874776172222,0.5056143976514461,-0.5974524846212361,3.614583389617158,0.9588716147506013,-0.9588716147506013,severe_stress
2024-05-24,2024,0.26148355807677576,0.21468271068961675,1.7578874776172222,0.5076567785933905,-0.05139557995980154,3.628426703041347,1.0531236080097586,-1.0531236080097586,severe_stress
2024-05-29,2024,0.27036422239051544,0.21468271068961675,1.7578874776172222,0.6327872723085087,-0.10045505344795774,3.5261180096135702,1.0502307731952458,-1.0502307731952458,severe_stress
2024-05-30,2024,0.2792448867042551,0.21468271068961675,1.7578874776172222,0.5688304171824569,-0.32961443113100525,3.5617820732468357,1.0088021890515635,-1.0088021890515635,severe_stress
2024-05-31,2024,0.2855126361295104,0.21468271068961675,1.7578874776172222,0.5743228372515908,-0.6238436633192683,3.584019969732992,0.965430328016944,-0.965430328016944,severe_stress
2024-06-03,2024,0.27885213789420565,0.11016729991208714,1.7578874776172222,0.41164620120303264,0.3605101743971569,3.600740076192969,1.0866338945361123,-1.0866338945361123,severe_stress
2024-06-05,2024,0.2855126361295104,0.11016729991208714,1.7578874776172222,0.580166037851879,-0.9484030174953924,3.6099689518090954,0.899216564304067,-0.899216564304067,severe_stress
2024-06-06,2024,0.2855126361295104,0.11016729991208714,1.7578874776172222,0.42569966114719193,-0.5893811344984501,3.614583389617158,0.93407822165412,-0.93407822165412,severe_stress
2024-06-07,2024,0.28250697243097633,0.11016729991208714,1.7578874776172222,0.39957656265365676,-0.8183419038047135,3.614583389617158,0.8910632997377311,-0.8910632997377311,severe_stress
2024-06-10,2024,0.28250697243097633,0.11016729991208714,1.7578874776172222,0.49048130159567394,-0.4746224980608381,3.5961256383849065,0.960424365313338,-0.960424365313338,severe_stress
2024-06-11,2024,0.29138763674471596,0.11016729991208714,1.7578874776172222,0.4981697266234593,-0.7356416891325408,3.605354514001032,0.9212208276276627,-0.9212208276276627,severe_stress
2024-06-12,2024,0.26918597596036675,0.11016729991208714,1.7578874776172222,0.505699545178021,-0.47152685828997043,3.614583389617158,0.9643328049991474,-0.9643328049991474,severe_stress
2024-06-13,2024,0.29360780282315097,0.11016729991208714,1.7578874776172222,0.5328433570258184,-0.5287899533263923,3.614583389617158,0.9633832289448407,-0.9633832289448407,severe_stress
2024-06-20,2024,0.30971266220103627,0.11016729991208714,1.7578874776172222,0.580166037851879,-0.45175493334877037,3.6191978274252214,0.9875627286097792,-0.9875627286097792,severe_stress
2024-06-26,2024,0.30940538740038254,0.11016729991208714,1.7578874776172222,0.4766980096667,-0.6993052348492403,3.5915112005768433,0.9243940233873325,-0.9243940233873325,severe_stress
2024-06-27,2024,0.3160658856356872,0.11016729991208714,1.7578874776172222,0.45913870969015774,-0.5467361612717742,3.600740076192969,0.9495438812960582,-0.9495438812960582,severe_stress
2024-06-28,2024,0.31884974854296316,0.11016729991208714,1.7578874776172222,0.4416359844125351,-0.7936147681744995,3.5730534493445916,0.9013298652758167,-0.9013298652758167,severe_stress
2024-07-03,2024,0.08782364704810848,0.25560568146928736,1.7578874776172222,0.528603644358307,-0.8030038789305589,3.5730534493445916,0.8999950034844929,-0.8999950034844929,severe_stress
2024-07-11,2024,0.07902845674376462,0.25560568146928736,1.7578874776172222,0.42276783435129106,-0.9708279147082759,3.5499812603042766,0.849073799296261,-0.849073799296261,severe_stress
2024-07-15,2024,0.07602279304523048,0.25560568146928736,1.7578874776172222,0.4072775759680083,-0.38617573565331426,3.50845132003171,0.9365115187463573,-0.9365115187463573,severe_stress
2024-07-17,2024,0.06714212873149077,0.25560568146928736,1.7578874776172222,0.39718662939420457,-0.03226904357462643,3.531523509072025,0.9961793971182673,-0.9961793971182673,severe_stress
2024-07-18,2024,0.06714212873149077,0.25560568146928736,1.7578874776172222,0.4032893623684628,1.8798456660277751,3.531523509072025,1.3158823042143772,-1.3158823042143772,severe_stress
2024-07-19,2024,0.07388810097619129,0.25560568146928736,1.7578874776172222,0.39216587940849607,-0.19140780748325278,3.5222946334558984,0.9684056609073072,-0.9684056609073072,severe_stress
2024-07-22,2024,0.06500743666245157,0.25560568146928736,1.7578874776172222,0.3613467314334473,-0.4065424695056112,3.5222946334558984,0.925933248522116,-0.925933248522116,severe_stress
2024-07-23,2024,0.05834693842714689,0.25560568146928736,1.7578874776172222,0.3055702255784792,0.08761468690576799,3.480764693183332,0.990964950530206,-0.990964950530206,severe_stress
2024-07-24,2024,0.07610826705462632,0.25560568146928736,1.7578874776172222,0.323188414979695,-0.14247757269715322,3.4530780663349545,0.9538983891264387,-0.9538983891264387,severe_stress
2024-07-25,2024,0.0716679348977564,0.25560568146928736,1.7578874776172222,0.31906683135676656,-0.4271720843787966,3.4761502553752686,0.9088676827229175,-0.9088676827229175,severe_stress
2024-07-26,2024,0.08015585040144657,0.25560568146928736,1.7578874776172222,0.29043408404668547,-0.36945091921090994,3.485379130991395,0.9166685508858544,-0.9166685508858544,severe_stress
2024-07-29,2024,0.08681634863675125,0.25560568146928736,1.7578874776172222,0.2920863862005451,-0.36726866198192326,3.4992224444155835,0.9207249460595778,-0.9207249460595778,severe_stress
2024-07-30,2024,0.10235751118579572,0.25560568146928736,1.7578874776172222,0.27313579456154374,-0.21797435310846117,3.5038368822236468,0.9458081656581724,-0.9458081656581724,severe_stress
2024-07-31,2024,0.11345834157797034,0.25560568146928736,1.7578874776172222,0.32374184294775926,-0.4941196223524543,3.5038368822236468,0.9100684339139052,-0.9100684339139052,severe_stress
2024-08-01,2024,0.13566000236231948,0.09830379188451895,1.7578874776172222,0.07268607510060043,-0.2440250716851092,3.489993568799458,0.8850843073465017,-0.8850843073465017,severe_stress
2024-08-02,2024,0.2205045361622918,0.09830379188451895,1.7578874776172222,0.05667780365319839,0.4532403732242295,3.4484636285268913,1.005846268511392,-1.005846268511392,severe_stress
2024-08-05,2024,0.2671280238094251,0.09830379188451895,1.7578874776172222,0.03616895333198711,2.1427237856930983,3.46230694195108,1.2940864957145555,-1.2940864957145555,severe_stress
2024-08-06,2024,0.2094037057701171,0.09830379188451895,1.7578874776172222,0.027804795955600592,1.7055696647556775,3.4530780663349545,1.2086745837196817,-1.2086745837196817,severe_stress
2024-08-07,2024,0.18720204498576795,0.09830379188451895,1.7578874776172222,0.06283524986562705,0.4653993250451721,3.4300058772946387,1.0002722944488245,-1.0002722944488245,severe_stress
2024-08-08,2024,0.1672205502798537,0.09830379188451895,1.7578874776172222,0.08194352844938596,-0.15377483344646348,3.434620315102702,0.8977001383145365,-0.8977001383145365,severe_stress
2024-08-09,2024,0.16809152190934853,0.09830379188451895,1.7578874776172222,0.10887919190189355,0.404277332603746,3.46230694195108,0.9999577096446348,-0.9999577096446348,severe_stress
2024-08-13,2024,0.17919235230152308,0.09830379188451895,1.7578874776172222,0.10863986728642282,-0.061361064271254116,3.4484636285268913,0.9218543422242207,-0.9218543422242207,severe_stress
2024-08-14,2024,0.16143102367404372,0.09830379188451895,1.7578874776172222,0.08797285728935905,0.03807904667019543,3.46230694195108,0.9343301898477366,-0.9343301898477366,severe_stress
2024-08-16,2024,0.11154545030018921,0.09830379188451895,1.7578874776172222,0.06937533986726797,0.5256802057495906,3.489993568799458,1.0087976390363744,-1.0087976390363744,severe_stress
2024-08-19,2024,0.09378412167270984,0.09830379188451895,1.7578874776172222,0.016089345511356972,-0.34896967180933286,3.5038368822236468,0.8534886578500203,-0.8534886578500203,severe_stress
2024-08-20,2024,0.10266478598644957,0.09830379188451895,1.7578874776172222,-0.013915289916175022,-0.5237359863944743,3.489993568799458,0.8185330579961665,-0.8185330579961665,severe_stress
2024-08-21,2024,0.10710511814331936,0.09830379188451895,1.7578874776172222,0.24758776562207022,0.015011163948239134,3.4715358175672058,0.949571855797096,-0.949571855797096,severe_stress
2024-08-22,2024,0.09378412167270984,0.09830379188451895,1.7578874776172222,-0.04711757237124605,-0.1187284150583321,3.4715358175672058,0.8759442035520131,-0.8759442035520131,severe_stress
2024-08-23,2024,0.075851845026439,0.09830379188451895,1.7578874776172222,-0.029420108080343437,-0.4016122258336534,3.4530780663349545,0.825681474491523,-0.825681474491523,severe_stress
2024-08-27,2024,0.07141151286956922,0.09830379188451895,1.7578874776172222,-0.02045634098937064,-0.7119906580601519,3.411548126062387,0.7677839848973624,-0.7677839848973624,severe_stress
2024-08-28,2024,0.075851845026439,0.09830379188451895,1.7578874776172222,-0.03084710651649623,-0.3421203906690288,3.4069336882543246,0.8276682175994967,-0.8276682175994967,severe_stress
2024-08-29,2024,0.06697118071269936,0.09830379188451895,1.7578874776172222,-0.030200025431048032,-0.23536575118364234,3.411548126062387,0.8448574666103562,-0.8448574666103562,severe_stress
2024-08-30,2024,0.047689709617488495,0.09830379188451895,1.7578874776172222,-0.05668656704206763,-0.5438176139955307,3.411548126062387,0.7858208206906697,-0.7858208206906697,severe_stress
2024-09-03,2024,0.08765269902931709,0.20285233834807076,1.7578874776172222,-0.2743484975189076,0.013617824784292965,3.4300058772946387,0.869611286592439,-0.869611286592439,severe_stress
2024-09-04,2024,0.09653336334305673,0.20285233834807076,1.7578874776172222,-0.2944154998459085,0.2406978300956582,3.4069336882543246,0.9017481996354041,-0.9017481996354041,severe_stress
2024-09-05,2024,0.08321236687244722,0.20285233834807076,1.7578874776172222,-0.29179530797335723,-0.18471987746554103,3.420777001678513,0.8313689998462258,-0.8313689998462258,severe_stress
2024-09-06,2024,0.08922369426951533,0.20285233834807076,1.7578874776172222,-0.2918324563391322,0.4122023636277794,3.383861499214009,0.9256991527895773,-0.9256991527895773,severe_stress
2024-09-10,2024,0.10476485681855974,0.20285233834807076,1.7578874776172222,-0.32189645333776484,0.25849467028451995,3.383861499214009,0.8976607314907694,-0.8976607314907694,severe_stress
2024-09-11,2024,0.10032452466168988,0.20285233834807076,1.7578874776172222,-0.30038838402086926,-0.5050890360229237,3.397704812638198,0.7755486222035647,-0.7755486222035647,severe_stress
2024-09-12,2024,0.08922369426951533,0.20285233834807076,1.7578874776172222,-0.29668858584926067,-0.3909826107394084,3.3930903748301353,0.7925637814127123,-0.7925637814127123,severe_stress
2024-09-18,2024,0.03711795481722587,0.20285233834807076,1.7578874776172222,-0.24746400021958315,0.46402556493093916,3.3700181857898204,0.9307395868806158,-0.9307395868806158,severe_stress
2024-09-19,2024,0.012696127954441824,0.20285233834807076,1.7578874776172222,-0.2397680301533194,0.09502868104080062,3.3469459967495054,0.862607098592787,-0.862607098592787,severe_stress
2024-09-20,2024,0.013003402755095594,0.20285233834807076,1.7578874776172222,-0.18909897680661866,-0.40362151918241584,3.3284882455172533,0.7849184947081013,-0.7849184947081013,severe_stress
2024-09-25,2024,0.02188406706883524,0.20285233834807076,1.7578874776172222,0.013981207804203977,-0.16138225925593608,3.2666666266693447,0.8503149097086234,-0.8503149097086234,severe_stress
2024-09-26,2024,0.010783236676660701,0.20285233834807076,1.7578874776172222,-0.2631442497193363,-0.34132561842213976,3.294561826656262,0.7769358351927899,-0.7769358351927899,severe_stress
2024-09-30,2024,-0.023082951328704155,0.20285233834807076,1.7578874776172222,-0.2251193902931228,0.04871345192400024,3.326237171897084,0.8479146830274251,-0.8479146830274251,severe_stress
2024-10-01,2024,-0.2671738955794844,0.1115915304226824,1.7578874776172222,-0.10548533258730097,-0.20562908314787023,3.3515604345575682,0.7737918552138029,-0.7737918552138029,severe_stress
2024-10-02,2024,-0.2693940616579193,0.1115915304226824,1.7578874776172222,-0.09092796266369792,0.36988215695348786,3.3128110047499746,0.8653083575702917,-0.8653083575702917,severe_stress
2024-10-03,2024,-0.27383439381478913,0.1115915304226824,1.7578874776172222,-0.045560187532855734,0.04120302492129474,3.286584389871374,0.8129786402474881,-0.8129786402474881,severe_stress
2024-10-04,2024,-0.31253366278707323,0.1115915304226824,1.7578874776172222,-0.056114769996339166,-0.08260185910404011,3.2974818505958168,0.7859517611247115,-0.7859517611247115,severe_stress
2024-10-07,2024,-0.29921266631646376,0.1115915304226824,1.7578874776172222,-0.03176769856307408,-0.009124645774462758,3.297690423734356,0.8045107368533766,-0.8045107368533766,severe_stress
2024-10-08,2024,-0.290332002002724,0.1115915304226824,1.7578874776172222,-0.07240991804670345,0.5269073398940077,3.27524395410966,0.8848147303323574,-0.8848147303323574,severe_stress
2024-10-09,2024,-0.3014328323948987,0.1115915304226824,1.7578874776172222,-0.0388383419529433,0.03070842303923388,3.2618177869625504,0.8036223406156412,-0.8036223406156412,severe_stress
2024-10-10,2024,-0.290332002002724,0.1115915304226824,1.7578874776172222,0.005234693284817423,0.24004766731441746,3.2301424417217284,0.8424286347263573,-0.8424286347263573,severe_stress
2024-10-16,2024,-0.31571027450439876,0.1115915304226824,1.7578874776172222,-0.04881856865145536,-0.010056802411799792,3.2569947760159472,0.7919813564146997,-0.7919813564146997,severe_stress
2024-10-17,2024,-0.31793044058283365,0.1115915304226824,1.7578874776172222,-0.02894560955333662,0.23531227401328372,3.216507701436079,0.8290704888921828,-0.8290704888921828,severe_stress
2024-10-18,2024,-0.32554738445702897,0.1115915304226824,1.7578874776172222,-0.04201457963086056,-0.21662856086601956,3.216507701436079,0.7502993640870125,-0.7502993640870125,severe_stress
2024-10-21,2024,-0.32554738445702897,0.1115915304226824,1.7578874776172222,-0.04642008899559295,1.5428085784212158,3.1495854388390696,1.031650925307928,-1.031650925307928,severe_stress
2024-10-22,2024,-0.3166667201432893,0.1115915304226824,1.7578874776172222,-0.002274704210884141,0.16938885819048333,3.140773709500023,0.8101166918960395,-0.8101166918960395,severe_stress
2024-10-23,2024,-0.3100062219079845,0.1115915304226824,1.7578874776172222,-0.02628987152886697,0.11489870067974467,3.1275561154914526,0.7959396217957083,-0.7959396217957083,severe_stress
2024-10-24,2024,-0.3144465540648543,0.1115915304226824,1.7578874776172222,0.006705371521348387,-0.1516807359220046,3.141399428915642,0.758576086415006,-0.758576086415006,severe_stress
2024-10-25,2024,-0.33007319062329454,0.1115915304226824,1.7578874776172222,0.05518767723263229,0.08458430412957166,3.136993564246118,0.8026952271708221,-0.8026952271708221,severe_stress
2024-10-28,2024,-0.345614353172339,0.1115915304226824,1.7578874776172222,-0.014335230549481123,-0.02429754558572106,3.1013295006128523,0.764426896557536,-0.764426896557536,severe_stress
2024-10-29,2024,-0.33895385493703417,0.1115915304226824,1.7578874776172222,0.23704261078025612,0.04529340027484391,3.096715062804789,0.8182627044937932,-0.8182627044937932,severe_stress
2024-10-30,2024,-0.35005468532920886,0.1115915304226824,1.7578874776172222,-0.027880247287422406,-0.020607467512196526,3.0929349175508842,0.7606452542436601,-0.7606452542436601,severe_stress
2024-10-31,2024,-0.3322933567017295,0.1115915304226824,1.7578874776172222,-0.019045599008066422,0.5146895511993365,3.0933520638279632,0.8543636112262347,-0.8543636112262347,severe_stress
2024-11-01,2024,-0.3514893537875446,0.27063965657560274,1.7578874776172222,0.11220859756839068,0.4781370694028039,3.0220239365614314,0.8815678973229844,-0.8815678973229844,severe_stress
2024-11-04,2024,-0.34260868947380496,0.27063965657560274,1.7578874776172222,0.19169786293930616,1.4223447323138123,3.075311458872791,1.0625454164741548,-1.0625454164741548,severe_stress
2024-11-05,2024,-0.3448288555522399,0.27063965657560274,1.7578874776172222,0.15620762665982144,1.9518443008396587,3.1252359822073252,1.1528310313912318,-1.1528310313912318,severe_stress
2024-11-06,2024,-0.37147084849345885,0.27063965657560274,1.7578874776172222,0.13062511305802413,0.22370400344814176,3.0178266450304476,0.8382020078726633,-0.8382020078726633,severe_stress
2024-11-07,2024,-0.37369101457189385,0.27063965657560274,1.7578874776172222,0.13734391464451404,1.6005218888374302,3.0849574807659956,1.0796099006448119,-1.0796099006448119,severe_stress
2024-11-08,2024,-0.40533703649882374,0.27063965657560274,1.7578874776172222,0.12931209679311925,1.4564500912249905,3.1170499722838976,1.0543337096660015,-1.0543337096660015,severe_stress
2024-11-12,2024,-0.4097773686556936,0.27063965657560274,1.7578874776172222,0.12275928413934815,0.7643852551517298,3.0367015425397788,0.9237659745613312,-0.9237659745613312,severe_stress
2024-11-13,2024,-0.40311687042038874,0.27063965657560274,1.7578874776172222,0.13261174194312134,0.26173151618917245,2.9821625813971813,0.8336526838836518,-0.8336526838836518,severe_stress
2024-11-14,2024,-0.4119975347341284,0.27063965657560274,1.7578874776172222,0.11421594830439356,0.005013260345187065,3.0278898132007317,0.7939414368848349,-0.7939414368848349,severe_stress
2024-11-15,2024,-0.3961490973844301,0.27063965657560274,1.7578874776172222,0.07186089735163737,1.2324393877740851,3.009640635107019,0.991053159506856,-0.991053159506856,severe_stress
2024-11-18,2024,-0.3961490973844301,0.27063965657560274,1.7578874776172222,0.12669065026214235,1.8506890658159796,3.02264965597705,1.1054012348105944,-1.1054012348105944,severe_stress
2024-11-19,2024,-0.4028095956197349,0.27063965657560274,1.7578874776172222,0.1578086590201841,0.809458593102649,3.03607582312416,0.9381767689700139,-0.9381767689700139,severe_stress
2024-11-20,2024,-0.4072499277766047,0.27063965657560274,1.7578874776172222,0.16411730034017588,0.6157451898708763,3.036492969401239,0.9062721110047519,-0.9062721110047519,severe_stress
2024-11-21,2024,-0.42057092424721426,0.27063965657560274,1.7578874776172222,0.19283871294622187,0.9002513509743596,3.0367015425397788,0.9562913027343285,-0.9562913027343285,severe_stress
2024-11-22,2024,-0.4273168964919148,0.27063965657560274,1.7578874776172222,0.25960110485264715,0.07956999749879809,3.0685854609191403,0.8348278001619159,-0.8348278001619159,severe_stress
2024-11-25,2024,-0.42065639825661,0.27063965657560274,1.7578874776172222,0.2231596854886224,-0.35953503019381783,3.116632826006818,0.7646880362063063,-0.7646880362063063,severe_stress
2024-11-26,2024,-0.41177573394287026,0.27063965657560274,1.7578874776172222,0.18844913478650552,0.10434192232946832,3.0851660539045356,0.8324514185450774,-0.8324514185450774,severe_stress
2024-11-27,2024,-0.40955556786443537,0.27063965657560274,1.7578874776172222,0.1869338554764534,-0.041564833858157874,3.116632826006818,0.8134955689922506,-0.8134955689922506,severe_stress
2024-12-03,2024,-0.42026364944656036,-0.04115289263796633,1.7578874776172222,0.3319792257555314,-0.43186062417227394,3.076980043981108,0.7122615968495101,-0.7122615968495101,severe_stress
2024-12-04,2024,-0.42026364944656036,-0.04115289263796633,1.7578874776172222,0.29492562447202436,0.2750896502170847,3.0857917733201545,0.8253796639236599,-0.8253796639236599,severe_stress
2024-12-05,2024,-0.42026364944656036,-0.04115289263796633,1.7578874776172222,0.27618454655677976,-0.36974009033917427,3.10865538922193,0.7185951301620385,-0.7185951301620385,severe_stress
2024-12-06,2024,-0.4207418722660057,-0.04115289263796633,1.7578874776172222,0.26727858582253455,1.616603218401278,3.0860003464586936,1.0443124772326262,-1.0443124772326262,severe_stress
2024-12-09,2024,-0.4207418722660057,-0.04115289263796633,1.7578874776172222,0.27219997700190435,0.7895239620798484,3.054742147494951,0.9020764665483257,-0.9020764665483257,severe_stress
2024-12-10,2024,-0.4207418722660057,-0.04115289263796633,1.7578874776172222,0.27938671056263625,0.663847878444391,3.041524553486381,0.8801253092011097,-0.8801253092011097,severe_stress
2024-12-11,2024,-0.4274023705013104,-0.04115289263796633,1.7578874776172222,0.5899487854882867,0.6246400372635674,2.9922257495674653,0.9160244644662109,-0.9160244644662109,severe_stress
2024-12-12,2024,-0.42296203834444057,-0.04115289263796633,1.7578874776172222,0.26497846298505195,-0.11083923852645028,2.938729654117566,0.7311069042018304,-0.7311069042018304,severe_stress
2024-12-13,2024,-0.42122009508545094,-0.04115289263796633,1.7578874776172222,0.3049672172353243,0.01156448345195521,2.8944624342837924,0.7510847708108127,-0.7510847708108127,severe_stress
2024-12-16,2024,-0.4189999290070161,-0.04115289263796633,1.7578874776172222,0.33079482048413095,1.2778080897748685,2.916700330769949,0.9705063161668647,-0.9705063161668647,severe_stress
2024-12-17,2024,-0.4056789325364065,-0.04115289263796633,1.7578874776172222,0.3217592122174353,-0.2603003820959129,2.9120858929618856,0.7141000625877095,-0.7141000625877095,severe_stress
2024-12-18,2024,-0.41011926469327636,-0.04115289263796633,1.7578874776172222,0.5899487854882867,2.055669378098953,2.8592155169276054,1.1352415001334706,-1.1352415001334706,severe_stress
2024-12-19,2024,-0.3701562752814478,-0.04115289263796633,1.7578874776172222,0.3378008768517775,1.1112214300058483,2.7778242214907887,0.9289041396743704,-0.9289041396743704,severe_stress
2024-12-20,2024,-0.3826063001225626,-0.04115289263796633,1.7578874776172222,0.2968450893847202,0.7075282319054602,2.809290993593071,0.8579654332899908,-0.8579654332899908,severe_stress
2025-01-03,2025,-0.20731520041595441,-0.08253002360208969,-1.2434124447998331,0.4743764386391806,0.4132808871669011,2.727899698156254,0.3470498925240764,-0.3470498925240764,stressed
2025-01-08,2025,-0.20065470218064965,-0.08253002360208969,-1.2434124447998331,0.427956733171327,0.9053928479343335,2.6691634454826727,0.41265264266762675,-0.41265264266762675,stressed
2025-01-10,2025,-0.21541036710959505,-0.08253002360208969,-1.2434124447998331,0.4725096935158784,0.5381563762423093,2.638739539073088,0.3513421288866263,-0.3513421288866263,stressed
2025-01-13,2025,-0.20652970279585534,-0.08253002360208969,-1.2434124447998331,0.4698662927272033,0.7669493105676608,2.6251047987874396,0.3882413718140876,-0.3882413718140876,stressed
2025-01-22,2025,-0.2709999930798637,-0.08253002360208969,-1.2434124447998331,0.4901090297893935,-0.04227209201133475,2.7413258653033643,0.2653700569332728,-0.2653700569332728,stressed
2025-01-23,2025,-0.26655966092299394,-0.08253002360208969,-1.2434124447998331,0.46431982280099415,0.39461684046431056,2.6962243529154324,0.3271098144759701,-0.3271098144759701,stressed
2025-01-24,2025,-0.27552579924612924,-0.08253002360208969,-1.2434124447998331,0.4569737993366361,0.4828571397433782,2.7006302175849553,0.3398321481694862,-0.3398321481694862,stressed
2025-01-27,2025,-0.2622048027755197,-0.08253002360208969,-1.2434124447998331,0.4012393028624542,0.4959995531291218,2.7314712702716193,0.34009380918095883,-0.34009380918095883,stressed
2025-01-28,2025,-0.2622048027755197,-0.08253002360208969,-1.2434124447998331,0.4022951355672892,1.2085104277226237,2.7182536762630494,0.45681866139592,-0.45681866139592,stressed
2025-01-29,2025,-0.2577644706186499,-0.08253002360208969,-1.2434124447998331,0.3840326246203048,1.8657179212684496,2.727482551879175,0.5655876931245595,-0.5655876931245595,severe_stress
2025-01-30,2025,-0.2599846366970848,-0.08253002360208969,-1.2434124447998331,0.3738453428492261,1.4107128974936545,2.7362942812182216,0.4891542360770158,-0.4891542360770158,stressed
2025-01-31,2025,-0.2618120539654702,-0.08253002360208969,-1.2434124447998331,0.38596587854046294,1.921497952044626,2.705036082254479,0.5707908984120292,-0.5707908984120292,severe_stress
2025-02-03,2025,-0.2507112235732956,0.03319492964986555,-1.2434124447998331,0.277616625636665,1.9149127307741978,2.772792637405646,0.5840655425155409,-0.5840655425155409,severe_stress
2025-02-04,2025,-0.2551515557301655,0.03319492964986555,-1.2434124447998331,0.2557662742119528,1.9864755182309133,2.7633551886509813,0.590037985035619,-0.590037985035619,severe_stress
2025-02-05,2025,-0.25959188788703536,0.03319492964986555,-1.2434124447998331,0.5914101092093069,0.8594933027954937,2.8260801597170064,0.46786236144746735,-0.46786236144746735,stressed
2025-02-06,2025,-0.26625238612234003,0.03319492964986555,-1.2434124447998331,0.23879440067885152,1.8440247000532834,2.8309031706636087,0.5728753950205726,-0.5728753950205726,severe_stress
2025-02-07,2025,-0.26268302559496504,0.03319492964986555,-1.2434124447998331,0.2415317077262161,1.7880604154446589,2.8361433278872905,0.5654724850522054,-0.5654724850522054,severe_stress
2025-02-10,2025,-0.26490319167339993,0.03319492964986555,-1.2434124447998331,0.25162007490618815,1.382532226900396,2.813488285124055,0.4954199800178786,-0.4954199800178786,stressed
2025-02-11,2025,-0.26490319167339993,0.03319492964986555,-1.2434124447998331,0.29126810345963555,0.9183151529954775,2.7910418154993586,0.42091739418851737,-0.42091739418851737,stressed
2025-02-12,2025,-0.2671233577518349,0.03319492964986555,-1.2434124447998331,0.25167165631406135,1.348203356332754,2.751180460335109,0.47895243334668697,-0.47895243334668697,stressed
2025-02-13,2025,-0.2671233577518349,0.03319492964986555,-1.2434124447998331,0.23489249506615684,0.8887442556334175,2.813905431401134,0.410033551533151,-0.410033551533151,stressed
2025-02-14,2025,-0.2683870781913793,0.03319492964986555,-1.2434124447998331,0.23093079183026058,1.3572232978787575,2.835934754748751,0.49091404185273707,-0.49091404185273707,stressed
2025-02-18,2025,-0.2683870781913793,0.03319492964986555,-1.2434124447998331,0.22895255284737237,1.2633598513188908,2.777615648352249,0.4652205765295276,-0.4652205765295276,stressed
2025-02-19,2025,-0.2550660817207697,0.03319492964986555,-1.2434124447998331,0.24917601414763424,1.7519359078632228,2.7910418154993586,0.5544783567732464,-0.5544783567732464,severe_stress
2025-02-20,2025,-0.25950641387763956,0.03319492964986555,-1.2434124447998331,0.26041694407839316,1.8573534315786757,2.813696858262594,0.5769572174820093,-0.5769572174820093,severe_stress
2025-02-21,2025,-0.21937247644701965,0.03319492964986555,-1.2434124447998331,0.21856167270260005,2.069780090264615,2.839923473141195,0.6164458740852371,-0.6164458740852371,severe_stress
2025-02-24,2025,-0.21937247644701965,0.03319492964986555,-1.2434124447998331,0.22651708387921166,2.133924610730565,2.8258715865784665,0.6261205482652094,-0.6261205482652094,severe_stress
2025-02-25,2025,-0.20605147997641007,0.03319492964986555,-1.2434124447998331,0.2104863202248404,1.2125915455624603,2.883982119836429,0.4817984984162253,-0.4817984984162253,stressed
2025-02-26,2025,-0.21271197821171484,0.03319492964986555,-1.2434124447998331,0.20768645649261044,1.5337055742013086,2.9242606212777584,0.5404538597683325,-0.5404538597683325,severe_stress
2025-02-27,2025,-0.21271197821171484,0.03319492964986555,-1.2434124447998331,0.23654802416669582,1.8111299759310309,2.901814151653062,0.587760443064851,-0.587760443064851,severe_stress
2025-02-28,2025,-0.18185145390488403,0.03319492964986555,-1.2434124447998331,0.20126720257120742,2.145362176221103,2.9100001615764897,0.6440934285523248,-0.6440934285523248,severe_stress
2025-03-03,2025,-0.16631029135583963,-0.1300928109719384,-1.2434124447998331,0.00282767172011363,2.450481984458631,2.9815368619815623,0.6491718285054493,-0.6491718285054493,severe_stress
2025-03-04,2025,-0.15520946096366503,-0.1300928109719384,-1.2434124447998331,0.0031460960969083387,2.5112943220432333,2.9230091824465205,0.6514558139752042,-0.6514558139752042,severe_stress
2025-03-05,2025,-0.17963128782644913,-0.1300928109719384,-1.2434124447998331,-0.04071710875699789,2.3796730982299845,2.8871365456747147,0.6121593319249135,-0.6121593319249135,severe_stress
2025-03-06,2025,-0.15520946096366503,-0.1300928109719384,-1.2434124447998331,-0.047544512899126014,2.6245885400090674,2.8598670651034155,0.6513660625796533,-0.6513660625796533,severe_stress
2025-03-07,2025,-0.1367134874885533,-0.1300928109719384,-1.2434124447998331,-0.021915362686162898,2.499631681958515,2.846649471094846,0.6356911745178122,-0.6356911745178122,severe_stress
2025-03-10,2025,-0.09453033199828982,-0.1300928109719384,-1.2434124447998331,-0.026330247012014623,2.873669210389835,2.886302253120556,0.7109342714547191,-0.7109342714547191,severe_stress
2025-03-11,2025,-0.08120933552768032,-0.1300928109719384,-1.2434124447998331,-0.01374602758792883,2.795362912678156,2.859658491964877,0.6977601309592755,-0.6977601309592755,severe_stress
2025-03-12,2025,-0.08564966768455018,-0.1300928109719384,-1.2434124447998331,-0.01300668472835135,2.5712736139074983,2.8602842113804954,0.6598993695172201,-0.6598993695172201,severe_stress
2025-03-13,2025,-0.0412463461158518,-0.1300928109719384,-1.2434124447998331,-0.024061681819898578,2.60709457988199,2.868678794442463,0.6728266817694886,-0.6728266817694886,severe_stress
2025-03-14,2025,-0.05026333721145382,-0.1300928109719384,-1.2434124447998331,-0.013094431421895406,2.3663443667045927,2.8651072223270977,0.6324314274377616,-0.6324314274377616,severe_stress
2025-03-17,2025,-0.06580449976049822,-0.1300928109719384,-1.2434124447998331,-0.02715715969013995,2.2613806059421284,2.8879708382288727,0.6138140881580986,-0.6138140881580986,severe_stress
2025-03-18,2025,-0.05470366936832368,-0.1300928109719384,-1.2434124447998331,0.34650267950135993,2.3605130466622333,2.8967825675679197,0.6959315614319029,-0.6959315614319029,severe_stress
2025-03-19,2025,-0.0635843336820634,-0.1300928109719384,-1.2434124447998331,-0.03895469046295108,2.21056481700157,2.9053857237684273,0.6066510434755352,-0.6066510434755352,severe_stress
2025-03-20,2025,-0.06802466583893318,-0.1300928109719384,-1.2434124447998331,-0.03862432007529363,2.2022343597982004,2.8959482750137617,0.6030047321876606,-0.6030047321876606,severe_stress
2025-03-21,2025,-0.03485850144427179,-0.1300928109719384,-1.2434124447998331,-0.04174767510437072,2.158915982340676,2.8823135347281124,0.5985196807913957,-0.5985196807913957,severe_stress
2025-03-24,2025,-0.07038115869923052,-0.1300928109719384,-1.2434124447998331,-0.041420001896536905,2.0089677526800127,2.8472751905104645,0.5618227544704898,-0.5618227544704898,severe_stress
2025-03-25,2025,-0.06150049438549088,-0.1300928109719384,-1.2434124447998331,-0.044354094116139185,1.981477243908891,2.83742059547872,0.5565896658523682,-0.5565896658523682,severe_stress
2025-03-26,2025,-0.03929883360114165,-0.1300928109719384,-1.2434124447998331,-0.03269635437543935,1.8043121456661027,2.8105682611845,0.5282299938503751,-0.5282299938503751,severe_stress
2025-03-27,2025,-0.021537504973662285,-0.1300928109719384,-1.2434124447998331,-0.017214702096842654,1.8069189578439782,2.7788929159436786,0.5289257351575634,-0.5289257351575634,severe_stress
2025-03-28,2025,0.045802122227017815,-0.1300928109719384,-1.2434124447998331,-0.033973836847023854,2.356347818060548,2.8412007407326243,0.6393119314002325,-0.6393119314002325,severe_stress
2025-03-31,2025,0.0635634508544971,-0.1300928109719384,-1.2434124447998331,0.005486161765185645,2.4088296984417803,2.872876085973447,0.6628750235438564,-0.6628750235438564,severe_stress
2025-04-01,2025,0.446329808480499,-0.10580156376874228,-1.2434124447998331,-0.0730325403366554,2.3663443667045927,2.9177690252228388,0.71803277525045,-0.71803277525045,severe_stress
2025-04-02,2025,0.4285684798530196,-0.10580156376874228,-1.2434124447998331,-0.0639027889077819,2.34468517797583,2.9091658690223317,0.711550454895804,-0.711550454895804,severe_stress
2025-04-03,2025,0.5595582784806798,-0.10580156376874228,-1.2434124447998331,-0.12301878634984136,3.0536070859826303,2.9387554828777582,0.8466146754037753,-0.8466146754037753,severe_stress
2025-04-04,2025,0.6774835026659177,-0.10580156376874228,-1.2434124447998331,-0.1623968888754491,4.0,2.9567960878329305,1.0204447821758038,-1.0204447821758038,severe_stress
2025-04-09,2025,0.6597221740384384,-0.10580156376874228,-1.2434124447998331,-0.161994067500263,3.353503545303956,2.796099228344693,0.8830194786030415,-0.8830194786030415,severe_stress
2025-04-16,2025,0.626590630880706,-0.10580156376874228,-1.2434124447998331,-0.16302014465755663,3.271865064710929,2.767786882080696,0.8590014040743665,-0.8590014040743665,severe_stress
2025-04-17,2025,0.595508305782617,-0.10580156376874228,-1.2434124447998331,-0.12667372301785843,3.022784394330161,2.745548985594539,0.8146589923534805,-0.8146589923534805,severe_stress
2025-04-18,2025,1.3028547726672937,-0.10580156376874228,-1.2434124447998331,0.2443644544317088,4.0,4.0,1.3663342030884043,-1.3663342030884043,severe_stress
2025-04-22,2025,0.5888478075473124,-0.10580156376874228,-1.2434124447998331,-0.09190751309647598,3.0994246006011665,2.654928814541597,0.8170132835041707,-0.8170132835041707,severe_stress
2025-04-23,2025,0.5355638216648743,-0.10580156376874228,-1.2434124447998331,-0.12376750190297488,2.8201579187827575,2.687021306059498,0.7616269226725966,-0.7616269226725966,severe_stress
2025-04-24,2025,0.5311234895080045,-0.10580156376874228,-1.2434124447998331,-0.10988175671954666,2.7578758552629896,2.7363201099784136,0.7610372815768809,-0.7610372815768809,severe_stress
2025-04-25,2025,0.5083581318948142,-0.10580156376874228,-1.2434124447998331,-0.11229043440493991,2.622089402848056,2.749537703986984,0.7364134659593898,-0.7364134659593898,severe_stress
2025-04-28,2025,0.5216791283654238,-0.10580156376874228,-1.2434124447998331,-0.12287615467532342,2.6479138201785037,2.771358454196061,0.7448102065826815,-0.7448102065826815,severe_stress
2025-04-29,2025,0.5238992944438587,-0.10580156376874228,-1.2434124447998331,-0.13165101041624747,2.5662753395854763,2.793804923820757,0.7338524231442115,-0.7338524231442115,severe_stress
2025-04-30,2025,0.568302616012557,-0.10580156376874228,-1.2434124447998331,-0.17227851232079983,2.610426762763338,2.788773339735615,0.7410016996036891,-0.7410016996036891,severe_stress
2025-05-01,2025,0.5327799587575983,0.11664311658092383,-1.2434124447998331,-0.08195068679514395,2.602096305559968,2.762755297995554,0.7814852578831779,-0.7814852578831779,severe_stress
2025-05-02,2025,0.47527744150954865,0.11664311658092383,-1.2434124447998331,-0.10088823160804956,2.4421515272552607,2.7593922990187285,0.7415272846594299,-0.7415272846594299,severe_stress
2025-05-05,2025,0.47527744150954865,0.11664311658092383,-1.2434124447998331,-0.12303271168872199,2.4909175408250763,2.7323313915859693,0.7414540556688273,-0.7414540556688273,severe_stress
2025-05-06,2025,0.48859843798015823,0.11664311658092383,-1.2434124447998331,-0.1051027598362333,2.6154250370853602,2.7633810174111724,0.7725887340702581,-0.7725887340702581,severe_stress
2025-05-07,2025,0.49081860405859307,0.11664311658092383,-1.2434124447998331,-0.11589478691580964,2.5146265049245815,2.803868091991042,0.7611081809732495,-0.7611081809732495,severe_stress
2025-05-08,2025,0.45529594680363433,0.11664311658092383,-1.2434124447998331,-0.08373920924406537,2.4254906128485207,2.7600180184343475,0.7383826734372546,-0.7383826734372546,severe_stress
2025-05-09,2025,0.43679997332852255,0.11664311658092383,-1.2434124447998331,-0.05230583972885324,2.3771739610689737,2.750789142818222,0.7309479848779926,-0.7309479848779926,severe_stress
2025-05-12,2025,0.3524336623479956,0.11664311658092383,-1.2434124447998331,-0.020088773512537534,2.084774913230681,2.7600180184343475,0.675061415380263,-0.675061415380263,severe_stress
2025-05-13,2025,0.33911266587738603,0.11664311658092383,-1.2434124447998331,-0.007578377520550128,2.0706131359849516,2.7379886950867305,0.6688944652016015,-0.6688944652016015,severe_stress
2025-05-14,2025,0.3413328319558211,0.11664311658092383,-1.2434124447998331,0.3417193351583825,2.1039349647984324,2.715750798600574,0.7293281003823835,-0.7293281003823835,severe_stress
2025-05-15,2025,0.36353449274017025,0.11664311658092383,-1.2434124447998331,-0.062061084080825966,2.038124352891808,2.7331656841401277,0.6576656862453951,-0.6576656862453951,severe_stress
2025-05-20,2025,0.33924899265924857,0.11664311658092383,-1.2434124447998331,-0.01669145356721846,2.0597835416205705,2.7107192145154317,0.6610484945015206,-0.6610484945015206,severe_stress
2025-05-21,2025,0.3503498230514232,0.11664311658092383,-1.2434124447998331,0.0005680681278503371,2.0401290346450867,2.6255477738247106,0.6483042285716936,-0.6483042285716936,severe_stress
2025-05-22,2025,0.36589098560046757,0.11664311658092383,-1.2434124447998331,0.007186227209486584,1.7010291536940565,2.6660348484045793,0.6022286477816134,-0.6022286477816134,severe_stress
2025-05-23,2025,0.36476359194278557,0.11664311658092383,-1.2434124447998331,0.002183686108742681,2.233440769703482,2.6886898911678148,0.6937181017839859,-0.6937181017839859,severe_stress
2025-05-28,2025,0.32702076860939194,0.11664311658092383,-1.2434124447998331,-0.04554298934616493,1.608881716674632,2.7019074851763847,0.5775829421492223,-0.5775829421492223,severe_stress
2025-05-29,2025,0.32480060253095705,0.11664311658092383,-1.2434124447998331,-0.05922510858834281,2.0659097108630218,2.7239368085240017,0.6547754475184547,-0.6547754475184547,severe_stress
2025-05-30,2025,0.32859176384959027,0.11664311658092383,-1.2434124447998331,-0.06931788653077768,2.0997697361967473,2.728134100054986,0.6600680642252728,-0.6600680642252728,severe_stress
2025-06-02,2025,0.31971109953585053,-0.08249484733153051,-1.2434124447998331,0.08225624542247086,2.08227577606967,2.7413516940635554,0.6499479204933638,-0.6499479204933638,severe_stress
2025-06-03,2025,0.30194977090837116,-0.08249484733153051,-1.2434124447998331,0.09592596296387397,2.02646171280709,2.7461747050101586,0.6407674765930217,-0.6407674765930217,severe_stress
2025-06-04,2025,0.3108304352221109,-0.08249484733153051,-1.2434124447998331,0.06785627921494419,2.0197973470443937,2.7902333517053926,0.6438016868425797,-0.6438016868425797,severe_stress
2025-06-05,2025,0.2997296048299363,-0.08249484733153051,-1.2434124447998331,0.06045566811733116,2.0137535973190865,2.7862446333129482,0.6390460352413231,-0.6390460352413231,severe_stress
2025-06-06,2025,0.26760536008356106,-0.08249484733153051,-1.2434124447998331,0.5324456663579403,1.9498215065360844,2.7379886950867305,0.6936589893221589,-0.6936589893221589,severe_stress
2025-06-09,2025,0.2742658583188659,-0.08249484733153051,-1.2434124447998331,0.07903713924509159,1.8071415010842182,2.746591851287237,0.5968548429673416,-0.5968548429673416,severe_stress
2025-06-10,2025,0.2742658583188659,-0.08249484733153051,-1.2434124447998331,0.09194206381509991,1.3421245419674428,2.7690383209119336,0.5252439154803298,-0.5252439154803298,severe_stress
2025-06-11,2025,0.2742658583188659,-0.08249484733153051,-1.2434124447998331,0.1252938922105076,1.4350288005657164,2.790859071121011,0.5499233883474562,-0.5499233883474562,severe_stress
2025-06-13,2025,0.2767932991979547,-0.08249484733153051,-1.2434124447998331,0.19603415587778175,1.6355101159626486,2.8000879467371376,0.5970863709406932,-0.5970863709406932,severe_stress
2025-06-18,2025,0.27235296704108486,-0.08249484733153051,-1.2434124447998331,0.19337753478583375,2.2305579142896588,2.8047023845452004,0.6958472514217356,-0.6958472514217356,severe_stress
2025-06-20,2025,0.25759730211213944,-0.08249484733153051,-1.2434124447998331,0.1855303712649918,2.0747976878546086,2.7730270393043774,0.6608408514007923,-0.6608408514007923,severe_stress
2025-06-25,2025,0.2376158074062252,-0.08249484733153051,-1.2434124447998331,0.07589204401519718,1.8855383934160663,2.775972892004124,0.6081853074517082,-0.6081853074517082,severe_stress
2025-06-26,2025,0.2376158074062252,-0.08249484733153051,-1.2434124447998331,0.09088362136074742,1.0385496013958804,2.7889819128741546,0.47168727515094067,-0.47168727515094067,stressed
2025-06-27,2025,0.2237311141067746,-0.08249484733153051,-1.2434124447998331,0.08733505460274409,1.5443516240814337,2.7757643188655847,0.5508791365875289,-0.5508791365875289,severe_stress
2025-07-01,2025,-0.08888621618394343,-0.22018142052345513,-1.2434124447998331,0.11664432387594859,1.9548197808581065,2.830303280008182,0.5582145505391676,-0.5582145505391676,severe_stress
2025-07-02,2025,-0.09554671441924827,-0.22018142052345513,-1.2434124447998331,0.1461298619570837,1.9389919121717034,2.79862793476736,0.5541015215256018,-0.5541015215256018,severe_stress
2025-07-10,2025,-0.09611041124808928,-0.22018142052345513,-1.2434124447998331,0.1914259375472586,1.8673499802227198,2.794847789513456,0.5489865717853428,-0.5489865717853428,severe_stress
2025-07-11,2025,-0.09310474754955522,-0.22018142052345513,-1.2434124447998331,0.21068402906302838,1.6917378307646773,2.7367372562554926,0.5137434172017258,-0.5137434172017258,severe_stress
2025-07-17,2025,-0.10642574402016473,-0.22018142052345513,-1.2434124447998331,0.23138975454671493,1.928995363527659,2.7052704841532105,0.5492726654806885,-0.5492726654806885,severe_stress
2025-07-18,2025,-0.10873138410799532,-0.22018142052345513,-1.2434124447998331,0.18837940401914852,1.919831860603952,2.7140822134922566,0.5416613714473456,-0.5416613714473456,severe_stress
2025-07-21,2025,-0.11761204842173505,-0.22018142052345513,-1.2434124447998331,0.2061546407564375,1.4448117088091357,2.7587665796031096,0.4714211692372765,-0.4714211692372765,stressed
2025-07-22,2025,-0.11539188234330015,-0.22018142052345513,-1.2434124447998331,0.22941676326052426,0.8772060322225075,2.776598611419743,0.38403927653936437,-0.38403927653936437,stressed
2025-07-23,2025,-0.13093304489234456,-0.22018142052345513,-1.2434124447998331,0.2141961317726637,0.8870132140691354,2.754569288072126,0.37687528728304875,-0.37687528728304875,stressed
2025-07-24,2025,-0.1331532109707795,-0.22018142052345513,-1.2434124447998331,0.2287010723849406,1.4402246670452663,2.745757558733079,0.4696560369782031,-0.4696560369782031,stressed
2025-07-25,2025,-0.13410965660967009,-0.22018142052345513,-1.2434124447998331,0.1907308465477641,0.7994822213161006,2.772818466165839,0.36088800201612425,-0.36088800201612425,stressed
2025-07-28,2025,-0.13854998876653993,-0.22018142052345513,-1.2434124447998331,0.19919856822593832,1.2538774200903031,2.7459661318716186,0.43281637768300535,-0.43281637768300535,stressed
2025-07-29,2025,-0.1296693244528003,-0.22018142052345513,-1.2434124447998331,0.2258547964796266,0.6595448789094738,2.795056362651995,0.34786547471083445,-0.34786547471083445,stressed
2025-07-30,2025,-0.12300882621749547,-0.22018142052345513,-1.2434124447998331,0.1985568837358365,1.2237985504313544,2.8002965198756766,0.43934154375034734,-0.43934154375034734,stressed
2025-07-31,2025,-0.1296693244528003,-0.22018142052345513,-1.2434124447998331,0.208203376376116,1.9456562779343993,2.809316822353263,0.5616522144812817,-0.5616522144812817,severe_stress
2025-08-01,2025,-0.07377242368187775,0.007489349153670344,-1.2434124447998331,0.3007265414368333,2.2505510115777474,2.793804923820757,0.6725644929178829,-0.6725644929178829,severe_stress
2025-08-04,2025,-0.09819425054466187,0.007489349153670344,-1.2434124447998331,0.2718299346441843,1.2787805841928532,2.8028252262983435,0.5032197331574261,-0.5032197331574261,stressed
2025-08-05,2025,-0.10707491485840144,0.007489349153670344,-1.2434124447998331,0.2750757416260356,1.23830009438462,2.8122626750530095,0.49710675009318345,-0.49710675009318345,stressed
2025-08-06,2025,-0.10707491485840144,0.007489349153670344,-1.2434124447998331,0.2905867451926809,0.9682363653582984,2.789607632289773,0.4509054553893647,-0.4509054553893647,stressed
2025-08-07,2025,-0.11373541309370627,0.007489349153670344,-1.2434124447998331,0.2905031570875476,1.3669357724251612,2.794430643236376,0.5170351773348693,-0.5170351773348693,severe_stress
2025-08-08,2025,-0.11865396807002138,0.007489349153670344,-1.2434124447998331,0.3237551659659417,0.9190771034736385,2.776807184558282,0.4441770650469463,-0.4441770650469463,stressed
2025-08-11,2025,-0.11865396807002138,0.007489349153670344,-1.2434124447998331,0.31233769448245574,1.57748818284321,2.7856189138973293,0.5534779545844685,-0.5534779545844685,severe_stress
2025-08-12,2025,-0.1208741341484562,0.007489349153670344,-1.2434124447998331,0.27379349866452624,1.1754976240894954,2.744714693040381,0.4728680976666307,-0.4728680976666307,stressed
2025-08-13,2025,-0.12753463238376103,0.007489349153670344,-1.2434124447998331,0.2356382025767004,0.875033016572889,2.7491205577099045,0.4160556748049283,-0.4160556748049283,stressed
2025-08-14,2025,-0.12975479846219592,0.007489349153670344,-1.2434124447998331,0.2765775744395194,0.5648788212853904,2.740725974647937,0.36941741271074796,-0.36941741271074796,stressed
2025-08-15,2025,-0.13467335343851108,0.007489349153670344,-1.2434124447998331,0.2714599675916291,1.5876317280655106,2.7092592025456548,0.5329590748530201,-0.5329590748530201,severe_stress
2025-08-20,2025,-0.12135235696790159,0.007489349153670344,-1.2434124447998331,0.7337129349143812,0.46031464845475867,2.740725974647937,0.42957968423383536,-0.42957968423383536,stressed
2025-08-21,2025,-0.11913219088946662,0.007489349153670344,-1.2434124447998331,0.33824462570907315,0.3783869648647788,2.7365286831169535,0.34968416452586276,-0.34968416452586276,stressed
2025-08-22,2025,-0.1360225478874512,0.007489349153670344,-1.2434124447998331,0.34732035466778305,0.15800517923843777,2.726882661223748,0.3100437585993925,-0.3100437585993925,stressed
2025-08-26,2025,-0.15822420867180043,0.007489349153670344,-1.2434124447998331,0.36201972507342356,1.770716676663626,2.6989874612368303,0.5729294264426528,-0.5729294264426528,severe_stress
2025-08-27,2025,-0.15822420867180043,0.007489349153670344,-1.2434124447998331,0.36040752456807734,1.1327538627512272,2.6989874612368303,0.46633359070636193,-0.46633359070636193,stressed
2025-08-28,2025,-0.1648847069071051,0.007489349153670344,-1.2434124447998331,0.4126112454119976,1.1797524151577488,2.730871379616192,0.4870712062721117,-0.4870712062721117,stressed
2025-08-29,2025,-0.15069273880700082,0.007489349153670344,-1.2434124447998331,0.37916442835980796,1.019448693572921,2.694790169705847,0.4511312428642354,-0.4511312428642354,stressed
2025-09-02,2025,-0.12849107802265158,-0.01611269066527903,-1.2434124447998331,0.4808545695896152,1.9831433353495653,2.6687721279657857,0.6241256365695337,-0.6241256365695337,severe_stress
2025-09-03,2025,-0.1373717423363913,-0.01611269066527903,-1.2434124447998331,0.4342161228023196,0.5758943631809799,2.6910100244519417,0.38403727210562294,-0.38403727210562294,stressed
2025-09-04,2025,-0.14625240665013095,-0.01611269066527903,-1.2434124447998331,0.4112545464027462,1.8273637856465432,2.7180709318847014,0.5918186203031246,-0.5918186203031246,severe_stress
2025-09-08,2025,-0.14625240665013095,-0.01611269066527903,-1.2434124447998331,0.3837005332507257,1.5582693422047629,2.7537349955179677,0.5483212214763689,-0.5483212214763689,severe_stress
2025-09-09,2025,-0.1395919084148262,-0.01611269066527903,-1.2434124447998331,0.3911009404157307,0.9381875916157179,2.749746277125523,0.44665296087950557,-0.44665296087950557,stressed
2025-09-10,2025,-0.14625240665013095,-0.01611269066527903,-1.2434124447998331,0.42562646910315644,1.2684637522849211,2.781421622366345,0.5116223836065299,-0.5116223836065299,severe_stress
2025-09-11,2025,-0.15957340312074053,-0.01611269066527903,-1.2434124447998331,0.39214867890443217,1.4649159163146408,2.794847789513456,0.5388023076911127,-0.5388023076911127,severe_stress
2025-09-17,2025,-0.15735323704230555,-0.01611269066527903,-1.2434124447998331,0.4689770948972762,1.862351705900698,2.723311089108383,0.6062935862331567,-0.6062935862331567,severe_stress
2025-09-18,2025,-0.17511456566978492,-0.01611269066527903,-1.2434124447998331,0.43693786670931606,1.325003186250974,2.70568763043029,0.5054981637092805,-0.5054981637092805,stressed
2025-09-19,2025,-0.17019601069346976,-0.01611269066527903,-1.2434124447998331,0.4184803685134044,0.654928434643084,2.6786267229975302,0.38705239666590613,-0.38705239666590613,stressed
2025-09-24,2025,-0.17463634285033955,-0.01611269066527903,-1.2434124447998331,0.3637974307924958,1.9006718090362005,2.6561802533728343,0.5810813358143464,-0.5810813358143464,severe_stress
2025-09-26,2025,-0.163535512458165,-0.01611269066527903,-1.2434124447998331,0.42902427437275364,1.826530739926206,2.6477856703108666,0.5800466727810916,-0.5800466727810916,severe_stress
2025-09-29,2025,-0.1657556785365999,-0.01611269066527903,-1.2434124447998331,0.3632714960392787,1.3457325895206635,2.701698912037845,0.49757036393267917,-0.49757036393267917,stressed
2025-09-30,2025,-0.15243468206599045,-0.01611269066527903,-1.2434124447998331,0.3516504232587551,1.909002266239571,2.6700235667970227,0.586452739794041,-0.586452739794041,severe_stress
2025-10-01,2025,-0.24627968379686682,0.42407139540956174,-1.2434124447998331,0.3113700209465101,1.5584604186352828,2.6786267229975302,0.5804727382320308,-0.5804727382320308,severe_stress
2025-10-03,2025,-0.2458014609774216,0.42407139540956174,-1.2434124447998331,-0.13165746381777454,1.585776592632828,2.6922614632831796,0.5135396802884233,-0.5135396802884233,severe_stress
2025-10-07,2025,-0.24136112882055172,0.42407139540956174,-1.2434124447998331,-0.08673898092757473,0.9787914659441592,2.669814993658484,0.41686088341070765,-0.41686088341070765,stressed
2025-10-08,2025,-0.23692079666368185,0.42407139540956174,-1.2434124447998331,-0.09567983056464952,1.9106683576802448,2.683449733944133,0.5736960691676292,-0.5736960691676292,severe_stress
2025-10-09,2025,-0.21249896980089775,0.42407139540956174,-1.2434124447998331,-0.1523269772738972,1.921497952044626,2.6924700364217196,0.57163349866688,-0.57163349866688,severe_stress
2025-10-10,2025,-0.15873676109901433,0.42407139540956174,-1.2434124447998331,-0.18350523208236663,2.067862925059104,2.7323313915859693,0.6064352123455702,-0.6064352123455702,severe_stress
2025-10-16,2025,-0.18981908619710328,0.42407139540956174,-1.2434124447998331,-0.13966816999479298,2.661242551703896,2.735694390562795,0.7080181061140872,-0.7080181061140872,severe_stress
2025-10-17,2025,-0.18577150285028302,0.42407139540956174,-1.2434124447998331,-0.16894299666080592,2.283872840391228,2.7228939428313037,0.6387852057201951,-0.6387852057201951,severe_stress
2025-10-21,2025,-0.20131266539932743,0.42407139540956174,-1.2434124447998331,-0.17841063549814917,1.4674543431683558,2.7367372562554926,0.5008545415226834,-0.5008545415226834,stressed
2025-10-22,2025,-0.19243200108558786,0.42407139540956174,-1.2434124447998331,-0.20264723332643186,2.1022688733577586,2.745757558733079,0.6056010247147577,-0.6056010247147577,severe_stress
2025-10-23,2025,-0.20353283147776238,0.42407139540956174,-1.2434124447998331,-0.13919011199469966,0.9892176984364042,2.7191137975773993,0.424377917191845,-0.424377917191845,stressed
2025-10-24,2025,-0.21724657675842143,0.42407139540956174,-1.2434124447998331,-0.13754437007537756,1.727963529504658,2.701281765760766,0.542518883173559,-0.542518883173559,severe_stress
2025-10-27,2025,-0.2350079053859008,0.42407139540956174,-1.2434124447998331,-0.15462784617388559,1.868183025943057,2.692678609560259,0.5586474724255431,-0.5586474724255431,severe_stress
2025-10-28,2025,-0.23056757322903096,0.42407139540956174,-1.2434124447998331,-0.14183041584097045,1.2615976976189844,2.706104776707369,0.46266057264434673,-0.46266057264434673,stressed
2025-10-29,2025,-0.24388856969964046,0.42407139540956174,-1.2434124447998331,0.3113700209465101,1.2320384130145567,2.697918766783941,0.5296829302758493,-0.5296829302758493,severe_stress
2025-10-30,2025,-0.2239070749937261,0.42407139540956174,-1.2434124447998331,-0.08554691928786978,1.3906415117568778,2.6756808702977843,0.4895878897304658,-0.4895878897304658,stressed
2025-10-31,2025,-0.1985288024920516,0.42407139540956174,-1.2434124447998331,-0.08329381659955862,2.0056355697986645,2.657848838481151,0.5937201232996556,-0.5937201232996556,severe_stress
2025-11-03,2025,-0.17632714170770236,0.034321779526344555,-1.2434124447998331,0.3016443706257571,-0.8126760634993468,2.679461015551689,0.13050191928281807,-0.13050191928281807,neutral
2025-11-04,2025,-0.1563456470017881,0.034321779526344555,-1.2434124447998331,0.3191981140373435,1.6106831760015863,2.6884813180292753,0.5421543826321548,-0.5421543826321548,severe_stress
2025-11-05,2025,-0.17410697562926747,0.034321779526344555,-1.2434124447998331,0.2730268506689802,1.6506242585718993,2.6484113897264856,0.5314774763441016,-0.5314774763441016,severe_stress
2025-11-06,2025,-0.1563456470017881,0.034321779526344555,-1.2434124447998331,0.2665405549659019,1.9038038524717362,2.661628983735056,0.5777561798162362,-0.5777561798162362,severe_stress
2025-11-07,2025,-0.14785773149809792,0.034321779526344555,-1.2434124447998331,0.2781403328387764,2.0395940788269735,2.647994243449406,0.6014633763905949,-0.6014633763905949,severe_stress
2025-11-10,2025,-0.17671989051775192,0.034321779526344555,-1.2434124447998331,0.268836888244006,2.018964301324057,2.6570145459269927,0.5931675299506358,-0.5931675299506358,severe_stress
2025-11-12,2025,-0.17671989051775192,0.034321779526344555,-1.2434124447998331,0.25631914378124004,0.9905087983538617,2.6928871826987986,0.42565076150710995,-0.42565076150710995,stressed
2025-11-13,2025,-0.1611787279687075,0.034321779526344555,-1.2434124447998331,0.2650233959002917,2.218895274204941,2.679461015551689,0.6321850487357876,-0.6321850487357876,severe_stress
2025-11-14,2025,-0.16292067122769707,0.034321779526344555,-1.2434124447998331,0.28644585460885746,1.8148768106367392,2.6664519946816583,0.565960553904345,-0.565960553904345,severe_stress
2025-11-18,2025,-0.1340585122080431,0.034321779526344555,-1.2434124447998331,0.3076554290315559,2.6095937170430012,2.661628983735056,0.7059548253880136,-0.7059548253880136,severe_stress
2025-11-19,2025,-0.14071901044334786,0.034321779526344555,-1.2434124447998331,0.28643971291748277,1.5200879624843715,2.6570145459269927,0.5189554242686684,-0.5189554242686684,severe_stress
2025-11-20,2025,-0.14071901044334786,0.034321779526344555,-1.2434124447998331,0.25847508382525647,2.4471366418162788,2.6658262752660398,0.6702713875317897,-0.6702713875317897,severe_stress
2025-11-21,2025,-0.13492948383753797,0.034321779526344555,-1.2434124447998331,0.2574773420713508,1.815506441886388,2.6658262752660398,0.5657983183521252,-0.5657983183521252,severe_stress
2025-11-24,2025,-0.1438101481512776,0.034321779526344555,-1.2434124447998331,0.26462756392903874,1.0357222784162765,2.665200555850421,0.43544159746182826,-0.43544159746182826,stressed
2025-11-25,2025,-0.15491097854345215,0.034321779526344555,-1.2434124447998331,0.25086303271809907,1.8822075654937256,2.6740122851894674,0.5738468732640586,-0.5738468732640586,severe_stress
2025-11-26,2025,-0.17711263932780139,0.034321779526344555,-1.2434124447998331,0.25886620337202765,1.0215335176493234,2.7010731926222267,0.4325449348403813,-0.4325449348403813,stressed
2025-12-02,2025,-0.19622316240422086,0.2764200301738315,-1.2434124447998331,0.18756178293761186,1.4631455531889663,2.5814891271294766,0.511496814370972,-0.511496814370972,severe_stress
2025-12-03,2025,-0.2028836606395256,0.2764200301738315,-1.2434124447998331,0.1983674286502611,1.8923413518328303,2.5772918355984924,0.5830207568026761,-0.5830207568026761,severe_stress
2025-12-04,2025,-0.20510382671796057,0.2764200301738315,-1.2434124447998331,0.2191145742110661,1.8673499802227198,2.5416277719652265,0.575999347509175,-0.575999347509175,severe_stress
2025-12-09,2025,-0.2069312439863459,0.2764200301738315,-1.2434124447998331,0.204793466923178,1.9631502380614767,2.528827324233735,0.5871412284343404,-0.5871412284343404,severe_stress
2025-12-10,2025,-0.20249091182947607,0.2764200301738315,-1.2434124447998331,0.2118361998345957,1.7539722006675535,2.524004313287133,0.5533882312223007,-0.5533882312223007,severe_stress
2025-12-11,2025,-0.20915141006478088,0.2764200301738315,-1.2434124447998331,0.1798297939248182,1.7898767282313774,2.4925375411848503,0.5476833731083772,-0.5476833731083772,severe_stress
2025-12-12,2025,-0.2092368840741765,0.2764200301738315,-1.2434124447998331,0.6454420805657878,1.8640177973413719,2.4342184347883484,0.6279081689992216,-0.6279081689992216,severe_stress
2025-12-17,2025,-0.19147555544669714,0.2764200301738315,-1.2434124447998331,0.14324310316574326,1.0515214539483522,2.4518418934664417,0.4146897467513064,-0.4146897467513064,stressed
2025-12-18,2025,-0.20035621976043685,0.2764200301738315,-1.2434124447998331,0.1371064679407468,1.95748797965205,2.4652680606135515,0.5654189789699849,-0.5654189789699849,severe_stress
2025-12-19,2025,-0.22225060574413225,0.2764200301738315,-1.2434124447998331,0.6454420805657878,1.4959973763079428,2.4384157263193322,0.5651020271371548,-0.5651020271371548,severe_stress
2025-12-22,2025,-0.22669093790100212,0.2764200301738315,-1.2434124447998331,0.15067678596090736,0.8190852950571327,2.4197494019485406,0.3659713550732628,-0.3659713550732628,stressed
2025-12-29,2025,-0.24375224291777808,0.2764200301738315,-1.2434124447998331,0.6454420805657878,1.7357287564094714,2.487088810822629,0.609585831709018,-0.609585831709018,severe_stress
2025-12-30,2025,-0.2504127411530828,0.2764200301738315,-1.2434124447998331,0.10616003664411662,1.3844895697108788,2.455830611858886,0.4548458437391328,-0.4548458437391328,stressed
2026-01-07,2026,-0.3147807776073231,0.021126029579259808,-1.2434124447998331,0.44845758480883896,1.0497938475846222,2.4428215909888555,0.40066763842573677,-0.40066763842573677,stressed
2026-01-08,2026,-0.32144127584262777,0.021126029579259808,-1.2434124447998331,-0.020746229136249867,1.8398594714515983,2.415969256694636,0.4485591346577971,-0.4485591346577971,stressed
2026-01-13,2026,-0.3371533864104637,0.021126029579259808,-1.2434124447998331,0.04482376190529802,1.8840108946294603,2.465476633752091,0.4724785814426354,-0.4724785814426354,stressed
2026-01-15,2026,-0.34603405072420346,0.021126029579259808,-1.2434124447998331,0.029214895846798,1.872348254544742,2.4927461143233898,0.4709981331283588,-0.4709981331283588,stressed
2026-01-22,2026,-0.3696703799668882,0.021126029579259808,-1.2434124447998331,0.04417004515561899,1.8556873401380019,2.447853175073998,0.4592922941966928,-0.4592922941966928,stressed
2026-01-23,2026,-0.3634881045510287,0.021126029579259808,-1.2434124447998331,0.08719397258868393,1.5535465778805169,2.456873477551584,0.4186399180415304,-0.4186399180415304,stressed
2026-01-27,2026,-0.356827606315724,0.021126029579259808,-1.2434124447998331,0.10873307751212731,1.91483358628193,2.411354818886573,0.47596791019072215,-0.47596791019072215,stressed
2026-01-28,2026,-0.35460744023728913,0.021126029579259808,-1.2434124447998331,0.10093754615454335,1.861753349416405,2.4115633920251125,0.4662267386896997,-0.4662267386896997,stressed
2026-01-29,2026,-0.3435066098451145,0.021126029579259808,-1.2434124447998331,0.11895076372032316,1.1362689126373273,2.411354818886573,0.3501302450297559,-0.3501302450297559,stressed
2026-01-30,2026,-0.33144933381404956,0.021126029579259808,-1.2434124447998331,0.1410569790309806,0.879277872647926,2.3886997761233375,0.30921647979460354,-0.30921647979460354,stressed
2026-02-02,2026,-0.3292291677356145,0.1595223239559766,-1.2434124447998331,0.19887701439815034,0.665554291731369,2.3935227870699403,0.3074724674366648,-0.3074724674366648,stressed
2026-02-03,2026,-0.32034850342187476,0.1595223239559766,-1.2434124447998331,0.2227356903635511,1.8182199447305598,2.4025430895475264,0.5065433500626509,-0.5065433500626509,stressed
2026-02-04,2026,-0.31812833734344004,0.1595223239559766,-1.2434124447998331,0.6005783298266336,1.7237647857203966,2.3935227870699403,0.552641240738279,-0.552641240738279,severe_stress
2026-02-05,2026,-0.2937065104806558,0.1595223239559766,-1.2434124447998331,0.2114511994650661,1.8872099206271158,2.410729099470954,0.5219655980397706,-0.5219655980397706,severe_stress
2026-02-06,2026,-0.3037654212245442,0.1595223239559766,-1.2434124447998331,0.219734231463786,0.6200358672999694,2.41995797508708,0.3120120886304058,-0.3120120886304058,stressed
2026-02-09,2026,-0.31042591945984893,0.1595223239559766,-1.2434124447998331,0.2272107080565701,0.9571924371794449,2.4151349641404773,0.3675370115121311,-0.3675370115121311,stressed
2026-02-10,2026,-0.30598558730297915,0.1595223239559766,-1.2434124447998331,0.2517729892591663,0.8631474785738341,2.4554134655818065,0.3634097042113285,-0.3634097042113285,stressed
2026-02-11,2026,-0.31042591945984893,0.1595223239559766,-1.2434124447998331,0.2562733211202646,1.2224493229883604,2.4740797899525986,0.4264143989595863,-0.4264143989595863,stressed
2026-02-12,2026,-0.29266459083236956,0.1595223239559766,-1.2434124447998331,0.25661839757506505,2.287205023272576,2.5321903232105605,0.6165765053969959,-0.6165765053969959,severe_stress
2026-02-13,2026,-0.2684645647608435,0.1595223239559766,-1.2434124447998331,0.2602111376476348,2.1623283418678914,2.536179041603005,0.6010606392523051,-0.6010606392523051,severe_stress
2026-02-17,2026,-0.2706847308392786,0.1595223239559766,-1.2434124447998331,0.23625594682410497,1.6564131765264098,2.5454079172191313,0.5139170314810851,-0.5139170314810851,severe_stress
2026-02-18,2026,-0.2884460594667579,0.1595223239559766,-1.2434124447998331,0.3001906531594729,1.2792153810060216,2.5321903232105605,0.4565433628442401,-0.4565433628442401,stressed
2026-02-19,2026,-0.2840057273098881,0.1595223239559766,-1.2434124447998331,0.32395348312926736,2.238055325772692,2.5368047610186237,0.6218196202944731,-0.6218196202944731,severe_stress
2026-02-20,2026,-0.2668589482837163,0.1595223239559766,-1.2434124447998331,0.35478302626692004,2.1430881136542723,2.5414191988266865,0.614756878270051,-0.614756878270051,severe_stress
2026-02-23,2026,-0.246877453577802,0.1595223239559766,-1.2434124447998331,0.34868576067718804,2.3030328919589795,2.5634485221743035,0.6473999333981354,-0.6473999333981354,severe_stress
2026-02-24,2026,-0.2424371214209322,0.1595223239559766,-1.2434124447998331,0.32572835035947206,2.181408216789775,2.554428219696717,0.6225395907635293,-0.6225395907635293,severe_stress
2026-02-25,2026,-0.24909761965623703,0.1595223239559766,-1.2434124447998331,0.33625084918181747,2.0464548100951783,2.554636792835257,0.6007257852686932,-0.6007257852686932,severe_stress
2026-02-26,2026,-0.24021695534249732,0.1595223239559766,-1.2434124447998331,0.3295382511800083,1.8503672355487186,2.5634485221743035,0.5698744887861128,-0.5698744887861128,severe_stress
2026-02-27,2026,-0.18794026787141638,0.1595223239559766,-1.2434124447998331,0.3417741056683224,1.96141937506127,2.58568641866046,0.6028415851124632,-0.6028415851124632,severe_stress
2026-03-02,2026,-0.20348143042046093,-0.07801281059225912,-1.2434124447998331,0.8392907210426719,2.3388538579334712,2.577083262459953,0.7050535259372571,-0.7050535259372571,severe_stress
2026-03-03,2026,-0.19238060002828625,-0.07801281059225912,-1.2434124447998331,0.8832525995048024,2.5162925963652554,2.5821148465450947,0.744642364499129,-0.744642364499129,severe_stress
2026-03-05,2026,-0.21014192865576561,-0.07801281059225912,-1.2434124447998331,0.9862628289920569,2.5312874193313215,2.542253491380845,0.7547060926093941,-0.7547060926093941,severe_stress
2026-03-06,2026,-0.15564507510624984,-0.07801281059225912,-1.2434124447998331,1.1490827104584356,3.0094556628047684,2.5151925839480858,0.866110104452158,-0.866110104452158,severe_stress
2026-03-09,2026,-0.14232407863564034,-0.07801281059225912,-1.2434124447998331,1.1864113820842388,2.6770704203902995,2.5510652207198916,0.8251329481944496,-0.8251329481944496,severe_stress
2026-03-10,2026,-0.17118623765529425,-0.07801281059225912,-1.2434124447998331,1.0118239713342942,2.126877206648616,2.528618751095196,0.6957847393384533,-0.6957847393384533,severe_stress
2026-03-11,2026,-0.16452573941998958,-0.07801281059225912,-1.2434124447998331,1.0425063198514255,2.5712736139074983,2.506798000886118,0.7724378233054935,-0.7724378233054935,severe_stress
2026-03-12,2026,-0.14676441079251012,-0.07801281059225912,-1.2434124447998331,1.1812913954586481,2.8261856043306253,2.5124553043868794,0.841957106331925,-0.841957106331925,severe_stress
2026-03-13,2026,-0.10210466719562465,-0.07801281059225912,-1.2434124447998331,1.2139720361240787,2.817855147127255,2.489591688485104,0.8496481581914535,-0.8496481581914535,severe_stress
2026-03-16,2026,-0.10432483327405954,-0.07801281059225912,-1.2434124447998331,1.1290107987051914,1.6408608019034392,2.511621011832721,0.6426237539625332,-0.6426237539625332,severe_stress
2026-03-17,2026,-0.11542566366623408,-0.07801281059225912,-1.2434124447998331,1.1819558878144345,2.2115070871961993,2.53868191926548,0.7492156625362979,-0.7492156625362979,severe_stress
2026-03-18,2026,-0.11986599582310394,-0.07801281059225912,-1.2434124447998331,1.1388514546514066,2.620296686185042,2.5258814715339892,0.8072897268592069,-0.8072897268592069,severe_stress
2026-03-19,2026,-0.10432483327405954,-0.07801281059225912,-1.2434124447998331,1.1440281623767465,2.557111836661769,2.5487450874357642,0.8040224996346881,-0.8040224996346881,severe_stress
2026-03-20,2026,-0.09884258146890341,-0.07801281059225912,-1.2434124447998331,1.1731816075711634,2.4456117246407008,2.4683966576916454,0.777820358840419,-0.777820358840419,severe_stress
2026-03-23,2026,-0.1099434118610781,-0.07801281059225912,-1.2434124447998331,1.1249843786129665,2.7175921199571045,2.4904259810392624,0.8169389687260272,-0.8169389687260272,severe_stress
2026-03-24,2026,-0.1099434118610781,-0.07801281059225912,-1.2434124447998331,1.3093985702119684,2.797862049839167,2.4776255333077715,0.8589195810176227,-0.8589195810176227,severe_stress
2026-03-25,2026,-0.11438374401794789,-0.07801281059225912,-1.2434124447998331,1.3161430567701398,2.041189027222439,2.4996548566553884,0.7368629902063212,-0.7368629902063212,severe_stress
2026-03-26,2026,-0.10550307970420825,-0.07801281059225912,-1.2434124447998331,1.4291965432349778,2.8386812901356806,2.4738453880538667,0.8857991477213707,-0.8857991477213707,severe_stress
2026-03-27,2026,-0.05483200871025473,-0.07801281059225912,-1.2434124447998331,1.4455130001691094,2.743153979072072,2.41888928063419,0.8718831659621706,-0.8718831659621706,severe_stress
2026-03-31,2026,-0.08591433380834361,-0.07801281059225912,-1.2434124447998331,1.4945193595493407,2.656244277381874,2.4904259810392624,0.8723083381283402,-0.8723083381283402,severe_stress
