experiment,target,model,feature_set,seed,feature,feature_clean,feature_group,importance,signed_value
test_target_tweaks1,failure_pressure_conservative_v2_next_4obs,logistic_l2,all_features,42,num__CPIAUCSL,CPIAUCSL,macro,2.2374975786502795,2.2374975786502795
test_target_tweaks1,failure_pressure_conservative_v2_next_4obs,logistic_l2,all_features,42,cat__Sector_Consumer Defensive,Sector_Consumer Defensive,sector,1.6524347826827526,-1.6524347826827526
test_target_tweaks1,failure_pressure_conservative_v2_next_4obs,logistic_l2,all_features,42,num__BUSLOANS,BUSLOANS,macro,1.6001850640017397,-1.6001850640017397
test_target_tweaks1,failure_pressure_conservative_v2_next_4obs,logistic_l2,all_features,42,cat__Sector_Consumer Discretionary,Sector_Consumer Discretionary,sector,1.5825140644929363,-1.5825140644929363
test_target_tweaks1,failure_pressure_conservative_v2_next_4obs,logistic_l2,all_features,42,cat__Sector_Energy,Sector_Energy,sector,1.4847192358812826,1.4847192358812826
test_target_tweaks1,failure_pressure_conservative_v2_next_4obs,logistic_l2,all_features,42,num__net_income_negative_count_prior_4obs,net_income_negative_count_prior_4obs,firm_trend,1.4786533205435681,1.4786533205435681
test_target_tweaks1,failure_pressure_conservative_v2_next_4obs,logistic_l2,all_features,42,num__leverage_assets_lag1,leverage_assets_lag1,firm_trend,1.4025760752523297,-1.4025760752523297
test_target_tweaks1,failure_pressure_conservative_v2_next_4obs,logistic_l2,all_features,42,num__roa_lag1,roa_lag1,firm_trend,1.3687911998688997,-1.3687911998688997
test_target_tweaks1,failure_pressure_conservative_v2_next_4obs,logistic_l2,all_features,42,cat__Sector_Financial Services,Sector_Financial Services,sector,1.2835659318364152,-1.2835659318364152
test_target_tweaks1,failure_pressure_conservative_v2_next_4obs,logistic_l2,all_features,42,num__missingindicator_current_liabilities_growth_4obs,current_liabilities_growth_4obs,firm_trend,1.0887567667271205,-1.0887567667271205
test_target_tweaks1,failure_pressure_conservative_v2_next_4obs,logistic_l2,all_features,42,num__GDPC1,GDPC1,macro,1.0706508802550498,-1.0706508802550498
test_target_tweaks1,failure_pressure_conservative_v2_next_4obs,logistic_l2,all_features,42,num__missingindicator_total_assets_growth_4obs,total_assets_growth_4obs,firm_trend,0.9988791786541608,0.9988791786541608
test_target_tweaks1,failure_pressure_conservative_v2_next_4obs,logistic_l2,all_features,42,num__M2SL,M2SL,macro,0.8905044829866692,0.8905044829866692
test_target_tweaks1,failure_pressure_conservative_v2_next_4obs,logistic_l2,all_features,42,num__r_and_d_intensity,r_and_d_intensity,financial_ratio,0.8763294552196054,0.8763294552196054
test_target_tweaks1,failure_pressure_conservative_v2_next_4obs,logistic_l2,all_features,42,num__INDPRO,INDPRO,macro,0.8260415633309224,0.8260415633309224
test_target_tweaks1,failure_pressure_conservative_v2_next_4obs,logistic_l2,all_features,42,num__total_equity,total_equity,accounting_fundamental,0.801986289561268,-0.801986289561268
test_target_tweaks1,failure_pressure_conservative_v2_next_4obs,logistic_l2,all_features,42,num__BUSLOANS_yoy_pct,BUSLOANS_yoy_pct,macro,0.7612742371241172,-0.7612742371241172
test_target_tweaks1,failure_pressure_conservative_v2_next_4obs,logistic_l2,all_features,42,num__net_margin_lag1,net_margin_lag1,firm_trend,0.7379960491479656,-0.7379960491479656
test_target_tweaks1,failure_pressure_conservative_v2_next_4obs,logistic_l2,all_features,42,num__missingindicator_net_margin,net_margin,financial_ratio,0.7369618232723889,-0.7369618232723889
test_target_tweaks1,failure_pressure_conservative_v2_next_4obs,logistic_l2,all_features,42,num__PAYEMS,PAYEMS,macro,0.6959505483596835,-0.6959505483596835
test_target_tweaks1,failure_pressure_conservative_v2_next_4obs,logistic_l2,all_features,42,num__current_assets,current_assets,accounting_fundamental,0.6835963786277399,-0.6835963786277399
test_target_tweaks1,failure_pressure_conservative_v2_next_4obs,logistic_l2,all_features,42,num__operating_margin_lag1,operating_margin_lag1,firm_trend,0.6197002855898109,0.6197002855898109
test_target_tweaks1,failure_pressure_conservative_v2_next_4obs,logistic_l2,all_features,42,num__tight_financial_conditions,tight_financial_conditions,regime_time,0.6085260104855463,0.6085260104855463
test_target_tweaks1,failure_pressure_conservative_v2_next_4obs,logistic_l2,all_features,42,num__BAMLH0A0HYM2,BAMLH0A0HYM2,macro,0.595432038978409,0.595432038978409
test_target_tweaks1,failure_pressure_conservative_v2_next_4obs,logistic_l2,all_features,42,num__missingindicator_total_revenue,total_revenue,accounting_fundamental,0.584441253411832,0.584441253411832
test_target_tweaks1,failure_pressure_conservative_v2_next_4obs,logistic_l2,all_features,42,num__missingindicator_gross_margin,gross_margin,financial_ratio,0.583241296469691,-0.583241296469691
test_target_tweaks1,failure_pressure_conservative_v2_next_4obs,logistic_l2,all_features,42,num__missingindicator_current_assets,current_assets,accounting_fundamental,0.5673810335810981,0.5673810335810981
test_target_tweaks1,failure_pressure_conservative_v2_next_4obs,logistic_l2,all_features,42,num__total_assets,total_assets,accounting_fundamental,0.5323747533001963,0.5323747533001963
test_target_tweaks1,failure_pressure_conservative_v2_next_4obs,logistic_l2,all_features,42,num__missingindicator_current_ratio_change_4obs,current_ratio_change_4obs,firm_trend,0.5085255366212275,0.5085255366212275
test_target_tweaks1,failure_pressure_conservative_v2_next_4obs,logistic_l2,all_features,42,num__missingindicator_cash_equivalents,cash_equivalents,accounting_fundamental,0.5064872356650302,-0.5064872356650302
test_target_tweaks1,failure_pressure_conservative_v2_next_4obs,logistic_l2,all_features,42,num__RSAFS,RSAFS,macro,0.5010888595617127,0.5010888595617127
test_target_tweaks1,failure_pressure_conservative_v2_next_4obs,logistic_l2,all_features,42,num__missingindicator_current_ratio,current_ratio,financial_ratio,0.4916686518294339,-0.4916686518294339
test_target_tweaks1,failure_pressure_conservative_v2_next_4obs,logistic_l2,all_features,42,num__missingindicator_cash_assets,cash_assets,financial_ratio,0.4878671349156735,0.4878671349156735
test_target_tweaks1,failure_pressure_conservative_v2_next_4obs,logistic_l2,all_features,42,num__VIXCLS,VIXCLS,macro,0.45711475739724083,-0.45711475739724083
test_target_tweaks1,failure_pressure_conservative_v2_next_4obs,logistic_l2,all_features,42,cat__Sector_Communication Services,Sector_Communication Services,sector,0.45052188606733096,0.45052188606733096
test_target_tweaks1,failure_pressure_conservative_v2_next_4obs,logistic_l2,all_features,42,cat__Sector_Utilities,Sector_Utilities,sector,0.44518823005098657,0.44518823005098657
test_target_tweaks1,failure_pressure_conservative_v2_next_4obs,logistic_l2,all_features,42,num__missingindicator_net_margin_change_4obs,net_margin_change_4obs,firm_trend,0.4443674734305692,0.4443674734305692
test_target_tweaks1,failure_pressure_conservative_v2_next_4obs,logistic_l2,all_features,42,num__roa,roa,financial_ratio,0.4338711054823346,-0.4338711054823346
test_target_tweaks1,failure_pressure_conservative_v2_next_4obs,logistic_l2,all_features,42,num__T10Y2Y,T10Y2Y,macro,0.4141356000311907,-0.4141356000311907
test_target_tweaks1,failure_pressure_conservative_v2_next_4obs,logistic_l2,all_features,42,num__missingindicator_total_revenue_growth_4obs,total_revenue_growth_4obs,firm_trend,0.41391424575411734,-0.41391424575411734
test_target_tweaks1,failure_pressure_conservative_v2_next_4obs,random_forest,all_features,42,num__net_income_negative_count_prior_4obs,net_income_negative_count_prior_4obs,firm_trend,0.10037374755181014,0.10037374755181014
test_target_tweaks1,failure_pressure_conservative_v2_next_4obs,random_forest,all_features,42,num__net_income,net_income,accounting_fundamental,0.09979606722698164,0.09979606722698164
test_target_tweaks1,failure_pressure_conservative_v2_next_4obs,random_forest,all_features,42,num__roa_lag1,roa_lag1,firm_trend,0.09097106541828609,0.09097106541828609
test_target_tweaks1,failure_pressure_conservative_v2_next_4obs,random_forest,all_features,42,num__roa,roa,financial_ratio,0.08731530006818843,0.08731530006818843
test_target_tweaks1,failure_pressure_conservative_v2_next_4obs,random_forest,all_features,42,num__operating_income,operating_income,accounting_fundamental,0.05511372378108864,0.05511372378108864
test_target_tweaks1,failure_pressure_conservative_v2_next_4obs,random_forest,all_features,42,num__net_margin_lag1,net_margin_lag1,firm_trend,0.05037582520976491,0.05037582520976491
test_target_tweaks1,failure_pressure_conservative_v2_next_4obs,random_forest,all_features,42,num__net_margin,net_margin,financial_ratio,0.048365721636590094,0.048365721636590094
test_target_tweaks1,failure_pressure_conservative_v2_next_4obs,random_forest,all_features,42,num__operating_margin,operating_margin,financial_ratio,0.03758441474061008,0.03758441474061008
test_target_tweaks1,failure_pressure_conservative_v2_next_4obs,random_forest,all_features,42,num__operating_margin_lag1,operating_margin_lag1,firm_trend,0.027328080399800093,0.027328080399800093
test_target_tweaks1,failure_pressure_conservative_v2_next_4obs,random_forest,all_features,42,num__total_equity,total_equity,accounting_fundamental,0.026946776485849852,0.026946776485849852
test_target_tweaks1,failure_pressure_conservative_v2_next_4obs,random_forest,all_features,42,num__current_assets,current_assets,accounting_fundamental,0.02322435100909815,0.02322435100909815
test_target_tweaks1,failure_pressure_conservative_v2_next_4obs,random_forest,all_features,42,num__total_assets,total_assets,accounting_fundamental,0.021171664937151162,0.021171664937151162
test_target_tweaks1,failure_pressure_conservative_v2_next_4obs,random_forest,all_features,42,num__current_liabilities,current_liabilities,accounting_fundamental,0.018909814824626333,0.018909814824626333
test_target_tweaks1,failure_pressure_conservative_v2_next_4obs,random_forest,all_features,42,num__total_liabilities,total_liabilities,accounting_fundamental,0.01258610535921758,0.01258610535921758
test_target_tweaks1,failure_pressure_conservative_v2_next_4obs,random_forest,all_features,42,num__cash_flow_operating,cash_flow_operating,accounting_fundamental,0.01179582204119355,0.01179582204119355
test_target_tweaks1,failure_pressure_conservative_v2_next_4obs,random_forest,all_features,42,num__total_revenue,total_revenue,accounting_fundamental,0.011737103227567323,0.011737103227567323
test_target_tweaks1,failure_pressure_conservative_v2_next_4obs,random_forest,all_features,42,num__cash_equivalents,cash_equivalents,accounting_fundamental,0.009777577263333045,0.009777577263333045
test_target_tweaks1,failure_pressure_conservative_v2_next_4obs,random_forest,all_features,42,num__total_assets_growth_4obs,total_assets_growth_4obs,firm_trend,0.008676027464832583,0.008676027464832583
test_target_tweaks1,failure_pressure_conservative_v2_next_4obs,random_forest,all_features,42,num__equity_assets,equity_assets,financial_ratio,0.007944096671496552,0.007944096671496552
test_target_tweaks1,failure_pressure_conservative_v2_next_4obs,random_forest,all_features,42,num__roa_change_4obs,roa_change_4obs,firm_trend,0.006815945067363887,0.006815945067363887
test_target_tweaks1,failure_pressure_conservative_v2_next_4obs,random_forest,all_features,42,num__cash_assets,cash_assets,financial_ratio,0.0066550293024050106,0.0066550293024050106
test_target_tweaks1,failure_pressure_conservative_v2_next_4obs,random_forest,all_features,42,num__cash_assets_lag1,cash_assets_lag1,firm_trend,0.006510153132522049,0.006510153132522049
test_target_tweaks1,failure_pressure_conservative_v2_next_4obs,random_forest,all_features,42,num__receivables_assets,receivables_assets,financial_ratio,0.006413751397114292,0.006413751397114292
test_target_tweaks1,failure_pressure_conservative_v2_next_4obs,random_forest,all_features,42,num__net_margin_change_4obs,net_margin_change_4obs,firm_trend,0.005978979025097055,0.005978979025097055
test_target_tweaks1,failure_pressure_conservative_v2_next_4obs,random_forest,all_features,42,num__inventory_assets,inventory_assets,financial_ratio,0.005733666055216784,0.005733666055216784
test_target_tweaks1,failure_pressure_conservative_v2_next_4obs,random_forest,all_features,42,num__total_revenue_growth_4obs,total_revenue_growth_4obs,firm_trend,0.005718890863479484,0.005718890863479484
test_target_tweaks1,failure_pressure_conservative_v2_next_4obs,random_forest,all_features,42,num__current_ratio,current_ratio,financial_ratio,0.005523738002261183,0.005523738002261183
test_target_tweaks1,failure_pressure_conservative_v2_next_4obs,random_forest,all_features,42,num__capex,capex,accounting_fundamental,0.005363215612096806,0.005363215612096806
test_target_tweaks1,failure_pressure_conservative_v2_next_4obs,random_forest,all_features,42,num__current_ratio_lag1,current_ratio_lag1,firm_trend,0.004966139447920977,0.004966139447920977
test_target_tweaks1,failure_pressure_conservative_v2_next_4obs,random_forest,all_features,42,num__current_assets_growth_4obs,current_assets_growth_4obs,firm_trend,0.00478386714541482,0.00478386714541482
test_target_tweaks1,failure_pressure_conservative_v2_next_4obs,random_forest,all_features,42,num__operating_margin_change_4obs,operating_margin_change_4obs,firm_trend,0.004351375782774665,0.004351375782774665
test_target_tweaks1,failure_pressure_conservative_v2_next_4obs,random_forest,all_features,42,num__gross_profit,gross_profit,accounting_fundamental,0.0043063337130701245,0.0043063337130701245
test_target_tweaks1,failure_pressure_conservative_v2_next_4obs,random_forest,all_features,42,num__current_liabilities_growth_4obs,current_liabilities_growth_4obs,firm_trend,0.004244640267031288,0.004244640267031288
test_target_tweaks1,failure_pressure_conservative_v2_next_4obs,random_forest,all_features,42,cat__Sector_Energy,Sector_Energy,sector,0.004049519885290971,0.004049519885290971
test_target_tweaks1,failure_pressure_conservative_v2_next_4obs,random_forest,all_features,42,num__DTWEXBGS_yoy_pct,DTWEXBGS_yoy_pct,macro,0.004024905726742939,0.004024905726742939
test_target_tweaks1,failure_pressure_conservative_v2_next_4obs,random_forest,all_features,42,num__DCOILWTICO,DCOILWTICO,macro,0.003965729392576855,0.003965729392576855
test_target_tweaks1,failure_pressure_conservative_v2_next_4obs,random_forest,all_features,42,num__leverage_assets,leverage_assets,financial_ratio,0.003810023940398078,0.003810023940398078
test_target_tweaks1,failure_pressure_conservative_v2_next_4obs,random_forest,all_features,42,cat__Sector_Financial Services,Sector_Financial Services,sector,0.0037935740405734193,0.0037935740405734193
test_target_tweaks1,failure_pressure_conservative_v2_next_4obs,random_forest,all_features,42,num__T10Y2Y,T10Y2Y,macro,0.0037499256702883954,0.0037499256702883954
test_target_tweaks1,failure_pressure_conservative_v2_next_4obs,random_forest,all_features,42,num__DCOILWTICO_yoy_pct,DCOILWTICO_yoy_pct,macro,0.0037432042971227444,0.0037432042971227444
test_target_tweaks1,failure_pressure_conservative_v2_next_4obs,random_forest,all_features,202,num__roa,roa,financial_ratio,0.10911010600671846,0.10911010600671846
test_target_tweaks1,failure_pressure_conservative_v2_next_4obs,random_forest,all_features,202,num__net_income_negative_count_prior_4obs,net_income_negative_count_prior_4obs,firm_trend,0.10749155356069916,0.10749155356069916
test_target_tweaks1,failure_pressure_conservative_v2_next_4obs,random_forest,all_features,202,num__roa_lag1,roa_lag1,firm_trend,0.08452172410051988,0.08452172410051988
test_target_tweaks1,failure_pressure_conservative_v2_next_4obs,random_forest,all_features,202,num__net_income,net_income,accounting_fundamental,0.06947896100393326,0.06947896100393326
test_target_tweaks1,failure_pressure_conservative_v2_next_4obs,random_forest,all_features,202,num__net_margin,net_margin,financial_ratio,0.06642267185657799,0.06642267185657799
test_target_tweaks1,failure_pressure_conservative_v2_next_4obs,random_forest,all_features,202,num__operating_income,operating_income,accounting_fundamental,0.0531383609104047,0.0531383609104047
test_target_tweaks1,failure_pressure_conservative_v2_next_4obs,random_forest,all_features,202,num__net_margin_lag1,net_margin_lag1,firm_trend,0.04692581629999746,0.04692581629999746
test_target_tweaks1,failure_pressure_conservative_v2_next_4obs,random_forest,all_features,202,num__operating_margin_lag1,operating_margin_lag1,firm_trend,0.03258430100034658,0.03258430100034658
test_target_tweaks1,failure_pressure_conservative_v2_next_4obs,random_forest,all_features,202,num__operating_margin,operating_margin,financial_ratio,0.03143548990526701,0.03143548990526701
test_target_tweaks1,failure_pressure_conservative_v2_next_4obs,random_forest,all_features,202,num__total_equity,total_equity,accounting_fundamental,0.026215618077409717,0.026215618077409717
test_target_tweaks1,failure_pressure_conservative_v2_next_4obs,random_forest,all_features,202,num__current_assets,current_assets,accounting_fundamental,0.02145448158819155,0.02145448158819155
test_target_tweaks1,failure_pressure_conservative_v2_next_4obs,random_forest,all_features,202,num__current_liabilities,current_liabilities,accounting_fundamental,0.021043422999171595,0.021043422999171595
test_target_tweaks1,failure_pressure_conservative_v2_next_4obs,random_forest,all_features,202,num__total_assets,total_assets,accounting_fundamental,0.014498949877520938,0.014498949877520938
test_target_tweaks1,failure_pressure_conservative_v2_next_4obs,random_forest,all_features,202,num__total_liabilities,total_liabilities,accounting_fundamental,0.014389734810659366,0.014389734810659366
test_target_tweaks1,failure_pressure_conservative_v2_next_4obs,random_forest,all_features,202,num__total_revenue,total_revenue,accounting_fundamental,0.012549694735147767,0.012549694735147767
test_target_tweaks1,failure_pressure_conservative_v2_next_4obs,random_forest,all_features,202,num__cash_equivalents,cash_equivalents,accounting_fundamental,0.012161558791338848,0.012161558791338848
test_target_tweaks1,failure_pressure_conservative_v2_next_4obs,random_forest,all_features,202,num__cash_flow_operating,cash_flow_operating,accounting_fundamental,0.011243640674242961,0.011243640674242961
test_target_tweaks1,failure_pressure_conservative_v2_next_4obs,random_forest,all_features,202,num__total_assets_growth_4obs,total_assets_growth_4obs,firm_trend,0.009784997674066766,0.009784997674066766
test_target_tweaks1,failure_pressure_conservative_v2_next_4obs,random_forest,all_features,202,num__equity_assets,equity_assets,financial_ratio,0.008255710503337744,0.008255710503337744
test_target_tweaks1,failure_pressure_conservative_v2_next_4obs,random_forest,all_features,202,num__roa_change_4obs,roa_change_4obs,firm_trend,0.008029498420752724,0.008029498420752724
test_target_tweaks1,failure_pressure_conservative_v2_next_4obs,random_forest,all_features,202,num__cash_assets_lag1,cash_assets_lag1,firm_trend,0.007470061378286826,0.007470061378286826
test_target_tweaks1,failure_pressure_conservative_v2_next_4obs,random_forest,all_features,202,num__cash_assets,cash_assets,financial_ratio,0.007298984048728309,0.007298984048728309
test_target_tweaks1,failure_pressure_conservative_v2_next_4obs,random_forest,all_features,202,num__net_margin_change_4obs,net_margin_change_4obs,firm_trend,0.0057944981713973056,0.0057944981713973056
test_target_tweaks1,failure_pressure_conservative_v2_next_4obs,random_forest,all_features,202,num__current_ratio,current_ratio,financial_ratio,0.005464014979572886,0.005464014979572886
test_target_tweaks1,failure_pressure_conservative_v2_next_4obs,random_forest,all_features,202,num__inventory_assets,inventory_assets,financial_ratio,0.005408193923597345,0.005408193923597345
test_target_tweaks1,failure_pressure_conservative_v2_next_4obs,random_forest,all_features,202,num__current_assets_growth_4obs,current_assets_growth_4obs,firm_trend,0.005282762684853884,0.005282762684853884
test_target_tweaks1,failure_pressure_conservative_v2_next_4obs,random_forest,all_features,202,num__receivables_assets,receivables_assets,financial_ratio,0.00526042679066669,0.00526042679066669
test_target_tweaks1,failure_pressure_conservative_v2_next_4obs,random_forest,all_features,202,num__capex,capex,accounting_fundamental,0.005055349721083118,0.005055349721083118
test_target_tweaks1,failure_pressure_conservative_v2_next_4obs,random_forest,all_features,202,num__total_revenue_growth_4obs,total_revenue_growth_4obs,firm_trend,0.004939851233908791,0.004939851233908791
test_target_tweaks1,failure_pressure_conservative_v2_next_4obs,random_forest,all_features,202,num__current_ratio_lag1,current_ratio_lag1,firm_trend,0.004399866711281224,0.004399866711281224
test_target_tweaks1,failure_pressure_conservative_v2_next_4obs,random_forest,all_features,202,num__operating_margin_change_4obs,operating_margin_change_4obs,firm_trend,0.004261128443230556,0.004261128443230556
test_target_tweaks1,failure_pressure_conservative_v2_next_4obs,random_forest,all_features,202,num__DCOILWTICO,DCOILWTICO,macro,0.004233612934804172,0.004233612934804172
test_target_tweaks1,failure_pressure_conservative_v2_next_4obs,random_forest,all_features,202,num__leverage_assets,leverage_assets,financial_ratio,0.004047229877491095,0.004047229877491095
test_target_tweaks1,failure_pressure_conservative_v2_next_4obs,random_forest,all_features,202,num__current_liabilities_growth_4obs,current_liabilities_growth_4obs,firm_trend,0.0038551799658645596,0.0038551799658645596
test_target_tweaks1,failure_pressure_conservative_v2_next_4obs,random_forest,all_features,202,num__gross_profit,gross_profit,accounting_fundamental,0.003836779050764568,0.003836779050764568
test_target_tweaks1,failure_pressure_conservative_v2_next_4obs,random_forest,all_features,202,num__DTWEXBGS,DTWEXBGS,macro,0.003818030093923965,0.003818030093923965
test_target_tweaks1,failure_pressure_conservative_v2_next_4obs,random_forest,all_features,202,num__DCOILWTICO_yoy_pct,DCOILWTICO_yoy_pct,macro,0.0038012189349978702,0.0038012189349978702
test_target_tweaks1,failure_pressure_conservative_v2_next_4obs,random_forest,all_features,202,cat__Sector_Energy,Sector_Energy,sector,0.003775929380279052,0.003775929380279052
test_target_tweaks1,failure_pressure_conservative_v2_next_4obs,random_forest,all_features,202,num__DTWEXBGS_yoy_pct,DTWEXBGS_yoy_pct,macro,0.0037141388980320533,0.0037141388980320533
test_target_tweaks1,failure_pressure_conservative_v2_next_4obs,random_forest,all_features,202,num__BAMLH0A0HYM2,BAMLH0A0HYM2,macro,0.0036382214170059797,0.0036382214170059797
test_target_tweaks1,failure_pressure_conservative_v2_next_4obs,gradient_boosting,all_features,42,num__net_income,net_income,accounting_fundamental,0.44335743727812216,0.44335743727812216
test_target_tweaks1,failure_pressure_conservative_v2_next_4obs,gradient_boosting,all_features,42,num__net_income_negative_count_prior_4obs,net_income_negative_count_prior_4obs,firm_trend,0.3180421837101998,0.3180421837101998
test_target_tweaks1,failure_pressure_conservative_v2_next_4obs,gradient_boosting,all_features,42,num__roa_lag1,roa_lag1,firm_trend,0.05182398006761469,0.05182398006761469
test_target_tweaks1,failure_pressure_conservative_v2_next_4obs,gradient_boosting,all_features,42,num__operating_income,operating_income,accounting_fundamental,0.032801689009394376,0.032801689009394376
test_target_tweaks1,failure_pressure_conservative_v2_next_4obs,gradient_boosting,all_features,42,num__roa,roa,financial_ratio,0.02483282625002187,0.02483282625002187
test_target_tweaks1,failure_pressure_conservative_v2_next_4obs,gradient_boosting,all_features,42,num__total_equity,total_equity,accounting_fundamental,0.01407986351624142,0.01407986351624142
test_target_tweaks1,failure_pressure_conservative_v2_next_4obs,gradient_boosting,all_features,42,num__missingindicator_roa_lag1,roa_lag1,firm_trend,0.011202268873580449,0.011202268873580449
test_target_tweaks1,failure_pressure_conservative_v2_next_4obs,gradient_boosting,all_features,42,cat__Sector_Financial Services,Sector_Financial Services,sector,0.009313631860210957,0.009313631860210957
test_target_tweaks1,failure_pressure_conservative_v2_next_4obs,gradient_boosting,all_features,42,cat__Sector_Energy,Sector_Energy,sector,0.008273487908912457,0.008273487908912457
test_target_tweaks1,failure_pressure_conservative_v2_next_4obs,gradient_boosting,all_features,42,num__operating_margin_lag1,operating_margin_lag1,firm_trend,0.007720068973552965,0.007720068973552965
test_target_tweaks1,failure_pressure_conservative_v2_next_4obs,gradient_boosting,all_features,42,num__DCOILWTICO_yoy_pct,DCOILWTICO_yoy_pct,macro,0.007647851358769781,0.007647851358769781
test_target_tweaks1,failure_pressure_conservative_v2_next_4obs,gradient_boosting,all_features,42,num__inventory_assets,inventory_assets,financial_ratio,0.007496714950684648,0.007496714950684648
test_target_tweaks1,failure_pressure_conservative_v2_next_4obs,gradient_boosting,all_features,42,num__cash_assets_lag1,cash_assets_lag1,firm_trend,0.003939458409429441,0.003939458409429441
test_target_tweaks1,failure_pressure_conservative_v2_next_4obs,gradient_boosting,all_features,42,num__total_revenue_growth_4obs,total_revenue_growth_4obs,firm_trend,0.0035642699432364713,0.0035642699432364713
test_target_tweaks1,failure_pressure_conservative_v2_next_4obs,gradient_boosting,all_features,42,num__missingindicator_total_assets_growth_4obs,total_assets_growth_4obs,firm_trend,0.003405718622183369,0.003405718622183369
test_target_tweaks1,failure_pressure_conservative_v2_next_4obs,gradient_boosting,all_features,42,num__total_assets,total_assets,accounting_fundamental,0.0033076419120950137,0.0033076419120950137
test_target_tweaks1,failure_pressure_conservative_v2_next_4obs,gradient_boosting,all_features,42,num__total_assets_growth_4obs,total_assets_growth_4obs,firm_trend,0.003090942657065664,0.003090942657065664
test_target_tweaks1,failure_pressure_conservative_v2_next_4obs,gradient_boosting,all_features,42,num__total_liabilities,total_liabilities,accounting_fundamental,0.002637990776847284,0.002637990776847284
test_target_tweaks1,failure_pressure_conservative_v2_next_4obs,gradient_boosting,all_features,42,num__receivables_assets,receivables_assets,financial_ratio,0.0026208808486836207,0.0026208808486836207
test_target_tweaks1,failure_pressure_conservative_v2_next_4obs,gradient_boosting,all_features,42,num__cash_flow_operating,cash_flow_operating,accounting_fundamental,0.0022745783890876776,0.0022745783890876776
test_target_tweaks1,failure_pressure_conservative_v2_next_4obs,gradient_boosting,all_features,42,num__net_margin,net_margin,financial_ratio,0.002165516724720237,0.002165516724720237
test_target_tweaks1,failure_pressure_conservative_v2_next_4obs,gradient_boosting,all_features,42,num__equity_assets,equity_assets,financial_ratio,0.0018837985141322952,0.0018837985141322952
test_target_tweaks1,failure_pressure_conservative_v2_next_4obs,gradient_boosting,all_features,42,num__operating_margin,operating_margin,financial_ratio,0.0018804926882154075,0.0018804926882154075
test_target_tweaks1,failure_pressure_conservative_v2_next_4obs,gradient_boosting,all_features,42,num__BUSLOANS,BUSLOANS,macro,0.0017014485773114536,0.0017014485773114536
test_target_tweaks1,failure_pressure_conservative_v2_next_4obs,gradient_boosting,all_features,42,num__missingindicator_roa_change_4obs,roa_change_4obs,firm_trend,0.0016812314145256892,0.0016812314145256892
test_target_tweaks1,failure_pressure_conservative_v2_next_4obs,gradient_boosting,all_features,42,num__current_liabilities,current_liabilities,accounting_fundamental,0.001564401247441469,0.001564401247441469
test_target_tweaks1,failure_pressure_conservative_v2_next_4obs,gradient_boosting,all_features,42,num__DTWEXBGS_yoy_pct,DTWEXBGS_yoy_pct,macro,0.0015566221345497625,0.0015566221345497625
test_target_tweaks1,failure_pressure_conservative_v2_next_4obs,gradient_boosting,all_features,42,num__capex,capex,accounting_fundamental,0.0012587859835142487,0.0012587859835142487
test_target_tweaks1,failure_pressure_conservative_v2_next_4obs,gradient_boosting,all_features,42,num__INDPRO_yoy_pct,INDPRO_yoy_pct,macro,0.0011598279646351615,0.0011598279646351615
test_target_tweaks1,failure_pressure_conservative_v2_next_4obs,gradient_boosting,all_features,42,num__operating_margin_change_4obs,operating_margin_change_4obs,firm_trend,0.0011412494414278246,0.0011412494414278246
test_target_tweaks1,failure_pressure_conservative_v2_next_4obs,gradient_boosting,all_features,42,num__current_assets,current_assets,accounting_fundamental,0.0011031092865168503,0.0011031092865168503
test_target_tweaks1,failure_pressure_conservative_v2_next_4obs,gradient_boosting,all_features,42,num__current_ratio,current_ratio,financial_ratio,0.001050352732049198,0.001050352732049198
test_target_tweaks1,failure_pressure_conservative_v2_next_4obs,gradient_boosting,all_features,42,num__net_margin_lag1,net_margin_lag1,firm_trend,0.0010141748218644585,0.0010141748218644585
test_target_tweaks1,failure_pressure_conservative_v2_next_4obs,gradient_boosting,all_features,42,num__T10Y2Y,T10Y2Y,macro,0.0009998754173664818,0.0009998754173664818
test_target_tweaks1,failure_pressure_conservative_v2_next_4obs,gradient_boosting,all_features,42,num__USEPUINDXD,USEPUINDXD,macro,0.0008957304984221265,0.0008957304984221265
test_target_tweaks1,failure_pressure_conservative_v2_next_4obs,gradient_boosting,all_features,42,num__total_revenue,total_revenue,accounting_fundamental,0.0008449456550788386,0.0008449456550788386
test_target_tweaks1,failure_pressure_conservative_v2_next_4obs,gradient_boosting,all_features,42,num__DCOILWTICO,DCOILWTICO,macro,0.000833838715296395,0.000833838715296395
test_target_tweaks1,failure_pressure_conservative_v2_next_4obs,gradient_boosting,all_features,42,num__current_liabilities_growth_4obs,current_liabilities_growth_4obs,firm_trend,0.0008326588503969489,0.0008326588503969489
test_target_tweaks1,failure_pressure_conservative_v2_next_4obs,gradient_boosting,all_features,42,num__r_and_d_intensity,r_and_d_intensity,financial_ratio,0.000828458839443278,0.000828458839443278
test_target_tweaks1,failure_pressure_conservative_v2_next_4obs,gradient_boosting,all_features,42,num__total_liabilities_growth_4obs,total_liabilities_growth_4obs,firm_trend,0.0008104397526743734,0.0008104397526743734
test_target_tweaks1,failure_pressure_conservative_v2_next_4obs,gradient_boosting,all_features,202,num__net_income,net_income,accounting_fundamental,0.4433574372781221,0.4433574372781221
test_target_tweaks1,failure_pressure_conservative_v2_next_4obs,gradient_boosting,all_features,202,num__net_income_negative_count_prior_4obs,net_income_negative_count_prior_4obs,firm_trend,0.3180421837102015,0.3180421837102015
test_target_tweaks1,failure_pressure_conservative_v2_next_4obs,gradient_boosting,all_features,202,num__roa_lag1,roa_lag1,firm_trend,0.05182398006761346,0.05182398006761346
test_target_tweaks1,failure_pressure_conservative_v2_next_4obs,gradient_boosting,all_features,202,num__operating_income,operating_income,accounting_fundamental,0.032801689009389706,0.032801689009389706
test_target_tweaks1,failure_pressure_conservative_v2_next_4obs,gradient_boosting,all_features,202,num__roa,roa,financial_ratio,0.024832826250028535,0.024832826250028535
test_target_tweaks1,failure_pressure_conservative_v2_next_4obs,gradient_boosting,all_features,202,num__total_equity,total_equity,accounting_fundamental,0.014041527190525267,0.014041527190525267
test_target_tweaks1,failure_pressure_conservative_v2_next_4obs,gradient_boosting,all_features,202,num__missingindicator_roa_lag1,roa_lag1,firm_trend,0.01120226887358169,0.01120226887358169
test_target_tweaks1,failure_pressure_conservative_v2_next_4obs,gradient_boosting,all_features,202,cat__Sector_Financial Services,Sector_Financial Services,sector,0.009313631860212257,0.009313631860212257
test_target_tweaks1,failure_pressure_conservative_v2_next_4obs,gradient_boosting,all_features,202,cat__Sector_Energy,Sector_Energy,sector,0.00827348790889491,0.00827348790889491
test_target_tweaks1,failure_pressure_conservative_v2_next_4obs,gradient_boosting,all_features,202,num__operating_margin_lag1,operating_margin_lag1,firm_trend,0.007720068973557352,0.007720068973557352
test_target_tweaks1,failure_pressure_conservative_v2_next_4obs,gradient_boosting,all_features,202,num__DCOILWTICO_yoy_pct,DCOILWTICO_yoy_pct,macro,0.007647851358773989,0.007647851358773989
test_target_tweaks1,failure_pressure_conservative_v2_next_4obs,gradient_boosting,all_features,202,num__inventory_assets,inventory_assets,financial_ratio,0.0074967149506771835,0.0074967149506771835
test_target_tweaks1,failure_pressure_conservative_v2_next_4obs,gradient_boosting,all_features,202,num__cash_assets_lag1,cash_assets_lag1,firm_trend,0.003939458409428504,0.003939458409428504
test_target_tweaks1,failure_pressure_conservative_v2_next_4obs,gradient_boosting,all_features,202,num__total_revenue_growth_4obs,total_revenue_growth_4obs,firm_trend,0.003564269943239038,0.003564269943239038
test_target_tweaks1,failure_pressure_conservative_v2_next_4obs,gradient_boosting,all_features,202,num__missingindicator_total_assets_growth_4obs,total_assets_growth_4obs,firm_trend,0.003402200977588893,0.003402200977588893
test_target_tweaks1,failure_pressure_conservative_v2_next_4obs,gradient_boosting,all_features,202,num__total_assets,total_assets,accounting_fundamental,0.003311416356163041,0.003311416356163041
test_target_tweaks1,failure_pressure_conservative_v2_next_4obs,gradient_boosting,all_features,202,num__total_assets_growth_4obs,total_assets_growth_4obs,firm_trend,0.0030909426570755482,0.0030909426570755482
test_target_tweaks1,failure_pressure_conservative_v2_next_4obs,gradient_boosting,all_features,202,num__receivables_assets,receivables_assets,financial_ratio,0.0026208808486838263,0.0026208808486838263
test_target_tweaks1,failure_pressure_conservative_v2_next_4obs,gradient_boosting,all_features,202,num__total_liabilities,total_liabilities,accounting_fundamental,0.002617925936686617,0.002617925936686617
test_target_tweaks1,failure_pressure_conservative_v2_next_4obs,gradient_boosting,all_features,202,num__cash_flow_operating,cash_flow_operating,accounting_fundamental,0.002271892256907918,0.002271892256907918
test_target_tweaks1,failure_pressure_conservative_v2_next_4obs,gradient_boosting,all_features,202,num__net_margin,net_margin,financial_ratio,0.002165516724718512,0.002165516724718512
test_target_tweaks1,failure_pressure_conservative_v2_next_4obs,gradient_boosting,all_features,202,num__equity_assets,equity_assets,financial_ratio,0.0019376073920303522,0.0019376073920303522
test_target_tweaks1,failure_pressure_conservative_v2_next_4obs,gradient_boosting,all_features,202,num__operating_margin,operating_margin,financial_ratio,0.001880492688215192,0.001880492688215192
test_target_tweaks1,failure_pressure_conservative_v2_next_4obs,gradient_boosting,all_features,202,num__BUSLOANS,BUSLOANS,macro,0.0017014485773087576,0.0017014485773087576
test_target_tweaks1,failure_pressure_conservative_v2_next_4obs,gradient_boosting,all_features,202,num__missingindicator_roa_change_4obs,roa_change_4obs,firm_trend,0.0016812314145257096,0.0016812314145257096
test_target_tweaks1,failure_pressure_conservative_v2_next_4obs,gradient_boosting,all_features,202,num__current_liabilities,current_liabilities,accounting_fundamental,0.0015644012474405756,0.0015644012474405756
test_target_tweaks1,failure_pressure_conservative_v2_next_4obs,gradient_boosting,all_features,202,num__DTWEXBGS_yoy_pct,DTWEXBGS_yoy_pct,macro,0.0015566221345467933,0.0015566221345467933
test_target_tweaks1,failure_pressure_conservative_v2_next_4obs,gradient_boosting,all_features,202,num__capex,capex,accounting_fundamental,0.001258785983514122,0.001258785983514122
test_target_tweaks1,failure_pressure_conservative_v2_next_4obs,gradient_boosting,all_features,202,num__operating_margin_change_4obs,operating_margin_change_4obs,firm_trend,0.0011412494414161506,0.0011412494414161506
test_target_tweaks1,failure_pressure_conservative_v2_next_4obs,gradient_boosting,all_features,202,num__INDPRO_yoy_pct,INDPRO_yoy_pct,macro,0.0011089331926568036,0.0011089331926568036
test_target_tweaks1,failure_pressure_conservative_v2_next_4obs,gradient_boosting,all_features,202,num__current_assets,current_assets,accounting_fundamental,0.0011031092865182693,0.0011031092865182693
test_target_tweaks1,failure_pressure_conservative_v2_next_4obs,gradient_boosting,all_features,202,num__current_ratio,current_ratio,financial_ratio,0.0010503527320516026,0.0010503527320516026
test_target_tweaks1,failure_pressure_conservative_v2_next_4obs,gradient_boosting,all_features,202,num__net_margin_lag1,net_margin_lag1,firm_trend,0.0010141748218646712,0.0010141748218646712
test_target_tweaks1,failure_pressure_conservative_v2_next_4obs,gradient_boosting,all_features,202,num__T10Y2Y,T10Y2Y,macro,0.000999875417366651,0.000999875417366651
test_target_tweaks1,failure_pressure_conservative_v2_next_4obs,gradient_boosting,all_features,202,num__USEPUINDXD,USEPUINDXD,macro,0.0008957304984221859,0.0008957304984221859
test_target_tweaks1,failure_pressure_conservative_v2_next_4obs,gradient_boosting,all_features,202,num__total_revenue,total_revenue,accounting_fundamental,0.0008592982358964796,0.0008592982358964796
test_target_tweaks1,failure_pressure_conservative_v2_next_4obs,gradient_boosting,all_features,202,num__DCOILWTICO,DCOILWTICO,macro,0.0008338387152936168,0.0008338387152936168
test_target_tweaks1,failure_pressure_conservative_v2_next_4obs,gradient_boosting,all_features,202,num__current_liabilities_growth_4obs,current_liabilities_growth_4obs,firm_trend,0.0008326588503973629,0.0008326588503973629
test_target_tweaks1,failure_pressure_conservative_v2_next_4obs,gradient_boosting,all_features,202,num__r_and_d_intensity,r_and_d_intensity,financial_ratio,0.0008284588394389307,0.0008284588394389307
test_target_tweaks1,failure_pressure_conservative_v2_next_4obs,gradient_boosting,all_features,202,num__total_liabilities_growth_4obs,total_liabilities_growth_4obs,firm_trend,0.0008104397526737636,0.0008104397526737636
test_target_tweaks1,success_resilience_quality_v2_next_4obs,logistic_l2,all_features,42,num__leverage_assets_lag1,leverage_assets_lag1,firm_trend,2.632295077241239,-2.632295077241239
test_target_tweaks1,success_resilience_quality_v2_next_4obs,logistic_l2,all_features,42,num__missingindicator_total_liabilities,total_liabilities,accounting_fundamental,2.225205327922869,-2.225205327922869
test_target_tweaks1,success_resilience_quality_v2_next_4obs,logistic_l2,all_features,42,cat__Sector_Basic Materials,Sector_Basic Materials,sector,1.8327520731768652,1.8327520731768652
test_target_tweaks1,success_resilience_quality_v2_next_4obs,logistic_l2,all_features,42,num__missingindicator_leverage_assets_change_4obs,leverage_assets_change_4obs,firm_trend,1.8142639250026957,1.8142639250026957
test_target_tweaks1,success_resilience_quality_v2_next_4obs,logistic_l2,all_features,42,num__missingindicator_total_liabilities_growth_4obs,total_liabilities_growth_4obs,firm_trend,1.765749020140129,-1.765749020140129
test_target_tweaks1,success_resilience_quality_v2_next_4obs,logistic_l2,all_features,42,num__total_assets,total_assets,accounting_fundamental,1.6605111011123583,-1.6605111011123583
test_target_tweaks1,success_resilience_quality_v2_next_4obs,logistic_l2,all_features,42,cat__Sector_Utilities,Sector_Utilities,sector,1.6140714186388105,-1.6140714186388105
test_target_tweaks1,success_resilience_quality_v2_next_4obs,logistic_l2,all_features,42,cat__Sector_Consumer Discretionary,Sector_Consumer Discretionary,sector,1.5803047322073924,1.5803047322073924
test_target_tweaks1,success_resilience_quality_v2_next_4obs,logistic_l2,all_features,42,num__GDPC1,GDPC1,macro,1.397003057200824,1.397003057200824
test_target_tweaks1,success_resilience_quality_v2_next_4obs,logistic_l2,all_features,42,cat__Sector_Agriculture,Sector_Agriculture,sector,1.2427251158891364,-1.2427251158891364
test_target_tweaks1,success_resilience_quality_v2_next_4obs,logistic_l2,all_features,42,cat__Sector_Energy,Sector_Energy,sector,1.203181735492071,-1.203181735492071
test_target_tweaks1,success_resilience_quality_v2_next_4obs,logistic_l2,all_features,42,num__missingindicator_net_margin,net_margin,financial_ratio,1.1887866835329985,-1.1887866835329985
test_target_tweaks1,success_resilience_quality_v2_next_4obs,logistic_l2,all_features,42,cat__Sector_Real Estate,Sector_Real Estate,sector,0.9660688497955391,-0.9660688497955391
test_target_tweaks1,success_resilience_quality_v2_next_4obs,logistic_l2,all_features,42,num__missingindicator_total_revenue,total_revenue,accounting_fundamental,0.8958837362518203,0.8958837362518203
test_target_tweaks1,success_resilience_quality_v2_next_4obs,logistic_l2,all_features,42,num__leverage_assets,leverage_assets,financial_ratio,0.8939697420204915,-0.8939697420204915
test_target_tweaks1,success_resilience_quality_v2_next_4obs,logistic_l2,all_features,42,num__missingindicator_current_liabilities_growth_4obs,current_liabilities_growth_4obs,firm_trend,0.8936909483397272,-0.8936909483397272
test_target_tweaks1,success_resilience_quality_v2_next_4obs,logistic_l2,all_features,42,num__missingindicator_current_ratio_change_4obs,current_ratio_change_4obs,firm_trend,0.8830656659173086,0.8830656659173086
test_target_tweaks1,success_resilience_quality_v2_next_4obs,logistic_l2,all_features,42,num__net_income_negative_count_prior_4obs,net_income_negative_count_prior_4obs,firm_trend,0.873271929335791,-0.873271929335791
test_target_tweaks1,success_resilience_quality_v2_next_4obs,logistic_l2,all_features,42,num__T10Y3M,T10Y3M,macro,0.8607969394095685,0.8607969394095685
test_target_tweaks1,success_resilience_quality_v2_next_4obs,logistic_l2,all_features,42,num__r_and_d_intensity,r_and_d_intensity,financial_ratio,0.8238786932664464,-0.8238786932664464
test_target_tweaks1,success_resilience_quality_v2_next_4obs,logistic_l2,all_features,42,num__PPIACO_yoy_pct,PPIACO_yoy_pct,macro,0.8191590449941422,0.8191590449941422
test_target_tweaks1,success_resilience_quality_v2_next_4obs,logistic_l2,all_features,42,num__missingindicator_cash_equivalents,cash_equivalents,accounting_fundamental,0.7812948768026385,0.7812948768026385
test_target_tweaks1,success_resilience_quality_v2_next_4obs,logistic_l2,all_features,42,num__roa_lag1,roa_lag1,firm_trend,0.7798129859177609,0.7798129859177609
test_target_tweaks1,success_resilience_quality_v2_next_4obs,logistic_l2,all_features,42,num__T10Y2Y,T10Y2Y,macro,0.7123313089737109,-0.7123313089737109
test_target_tweaks1,success_resilience_quality_v2_next_4obs,logistic_l2,all_features,42,num__missingindicator_leverage_assets_lag1,leverage_assets_lag1,firm_trend,0.6999197865925377,-0.6999197865925377
test_target_tweaks1,success_resilience_quality_v2_next_4obs,logistic_l2,all_features,42,num__DTWEXBGS,DTWEXBGS,macro,0.6910262395679364,-0.6910262395679364
test_target_tweaks1,success_resilience_quality_v2_next_4obs,logistic_l2,all_features,42,num__current_liabilities,current_liabilities,accounting_fundamental,0.6704028602475841,-0.6704028602475841
test_target_tweaks1,success_resilience_quality_v2_next_4obs,logistic_l2,all_features,42,num__CPIAUCSL,CPIAUCSL,macro,0.6485705641268541,-0.6485705641268541
test_target_tweaks1,success_resilience_quality_v2_next_4obs,logistic_l2,all_features,42,num__equity_assets,equity_assets,financial_ratio,0.6406289762936076,0.6406289762936076
test_target_tweaks1,success_resilience_quality_v2_next_4obs,logistic_l2,all_features,42,cat__Sector_Technology,Sector_Technology,sector,0.6160348609496157,0.6160348609496157
test_target_tweaks1,success_resilience_quality_v2_next_4obs,logistic_l2,all_features,42,num__total_equity,total_equity,accounting_fundamental,0.6130757245403844,0.6130757245403844
test_target_tweaks1,success_resilience_quality_v2_next_4obs,logistic_l2,all_features,42,num__missingindicator_operating_income,operating_income,accounting_fundamental,0.5422421047772599,-0.5422421047772599
test_target_tweaks1,success_resilience_quality_v2_next_4obs,logistic_l2,all_features,42,num__cash_equivalents,cash_equivalents,accounting_fundamental,0.5205051077061,0.5205051077061
test_target_tweaks1,success_resilience_quality_v2_next_4obs,logistic_l2,all_features,42,num__PPIACO,PPIACO,macro,0.5043690869785918,-0.5043690869785918
test_target_tweaks1,success_resilience_quality_v2_next_4obs,logistic_l2,all_features,42,num__PAYEMS,PAYEMS,macro,0.49904702695489356,-0.49904702695489356
test_target_tweaks1,success_resilience_quality_v2_next_4obs,logistic_l2,all_features,42,cat__Sector_Industrials,Sector_Industrials,sector,0.4940145356164159,0.4940145356164159
test_target_tweaks1,success_resilience_quality_v2_next_4obs,logistic_l2,all_features,42,num__missingindicator_total_revenue_growth_4obs,total_revenue_growth_4obs,firm_trend,0.48374910646823643,-0.48374910646823643
test_target_tweaks1,success_resilience_quality_v2_next_4obs,logistic_l2,all_features,42,num__missingindicator_total_assets_growth_4obs,total_assets_growth_4obs,firm_trend,0.4367925037089566,0.4367925037089566
test_target_tweaks1,success_resilience_quality_v2_next_4obs,logistic_l2,all_features,42,num__operating_margin,operating_margin,financial_ratio,0.4367792169306542,0.4367792169306542
test_target_tweaks1,success_resilience_quality_v2_next_4obs,logistic_l2,all_features,42,num__missingindicator_cash_assets_change_4obs,cash_assets_change_4obs,firm_trend,0.4230449660913774,-0.4230449660913774
test_target_tweaks1,success_resilience_quality_v2_next_4obs,random_forest,all_features,42,num__missingindicator_leverage_assets,leverage_assets,financial_ratio,0.08905013080697771,0.08905013080697771
test_target_tweaks1,success_resilience_quality_v2_next_4obs,random_forest,all_features,42,num__missingindicator_total_liabilities,total_liabilities,accounting_fundamental,0.07875636163669718,0.07875636163669718
test_target_tweaks1,success_resilience_quality_v2_next_4obs,random_forest,all_features,42,num__leverage_assets,leverage_assets,financial_ratio,0.0715974986767281,0.0715974986767281
test_target_tweaks1,success_resilience_quality_v2_next_4obs,random_forest,all_features,42,num__missingindicator_leverage_assets_lag1,leverage_assets_lag1,firm_trend,0.05964494101596828,0.05964494101596828
test_target_tweaks1,success_resilience_quality_v2_next_4obs,random_forest,all_features,42,num__leverage_assets_lag1,leverage_assets_lag1,firm_trend,0.05960193044025561,0.05960193044025561
test_target_tweaks1,success_resilience_quality_v2_next_4obs,random_forest,all_features,42,num__equity_assets,equity_assets,financial_ratio,0.05355216986542691,0.05355216986542691
test_target_tweaks1,success_resilience_quality_v2_next_4obs,random_forest,all_features,42,num__total_liabilities,total_liabilities,accounting_fundamental,0.04533242007993079,0.04533242007993079
test_target_tweaks1,success_resilience_quality_v2_next_4obs,random_forest,all_features,42,num__roa_lag1,roa_lag1,firm_trend,0.03661090139491009,0.03661090139491009
test_target_tweaks1,success_resilience_quality_v2_next_4obs,random_forest,all_features,42,num__missingindicator_total_liabilities_growth_4obs,total_liabilities_growth_4obs,firm_trend,0.03222665852291694,0.03222665852291694
test_target_tweaks1,success_resilience_quality_v2_next_4obs,random_forest,all_features,42,num__roa,roa,financial_ratio,0.03048028912795305,0.03048028912795305
test_target_tweaks1,success_resilience_quality_v2_next_4obs,random_forest,all_features,42,num__cash_assets,cash_assets,financial_ratio,0.028882793561384814,0.028882793561384814
test_target_tweaks1,success_resilience_quality_v2_next_4obs,random_forest,all_features,42,num__missingindicator_leverage_assets_change_4obs,leverage_assets_change_4obs,firm_trend,0.026760281240752623,0.026760281240752623
test_target_tweaks1,success_resilience_quality_v2_next_4obs,random_forest,all_features,42,num__cash_assets_lag1,cash_assets_lag1,firm_trend,0.02631395480753384,0.02631395480753384
test_target_tweaks1,success_resilience_quality_v2_next_4obs,random_forest,all_features,42,num__total_equity,total_equity,accounting_fundamental,0.01791057347947406,0.01791057347947406
test_target_tweaks1,success_resilience_quality_v2_next_4obs,random_forest,all_features,42,num__total_liabilities_growth_4obs,total_liabilities_growth_4obs,firm_trend,0.015339232071953493,0.015339232071953493
test_target_tweaks1,success_resilience_quality_v2_next_4obs,random_forest,all_features,42,num__net_income_negative_count_prior_4obs,net_income_negative_count_prior_4obs,firm_trend,0.014946143115264324,0.014946143115264324
test_target_tweaks1,success_resilience_quality_v2_next_4obs,random_forest,all_features,42,num__net_income,net_income,accounting_fundamental,0.01431057763144694,0.01431057763144694
test_target_tweaks1,success_resilience_quality_v2_next_4obs,random_forest,all_features,42,num__leverage_assets_change_4obs,leverage_assets_change_4obs,firm_trend,0.013261093925896767,0.013261093925896767
test_target_tweaks1,success_resilience_quality_v2_next_4obs,random_forest,all_features,42,num__cash_equivalents,cash_equivalents,accounting_fundamental,0.012463090286348663,0.012463090286348663
test_target_tweaks1,success_resilience_quality_v2_next_4obs,random_forest,all_features,42,num__operating_income,operating_income,accounting_fundamental,0.011690868054080119,0.011690868054080119
test_target_tweaks1,success_resilience_quality_v2_next_4obs,random_forest,all_features,42,num__net_margin,net_margin,financial_ratio,0.01101339353363557,0.01101339353363557
test_target_tweaks1,success_resilience_quality_v2_next_4obs,random_forest,all_features,42,num__total_assets,total_assets,accounting_fundamental,0.009877426979819713,0.009877426979819713
test_target_tweaks1,success_resilience_quality_v2_next_4obs,random_forest,all_features,42,num__net_margin_lag1,net_margin_lag1,firm_trend,0.00986710135594383,0.00986710135594383
test_target_tweaks1,success_resilience_quality_v2_next_4obs,random_forest,all_features,42,num__operating_margin,operating_margin,financial_ratio,0.007597016089546553,0.007597016089546553
test_target_tweaks1,success_resilience_quality_v2_next_4obs,random_forest,all_features,42,num__current_ratio,current_ratio,financial_ratio,0.007443739170444959,0.007443739170444959
test_target_tweaks1,success_resilience_quality_v2_next_4obs,random_forest,all_features,42,num__current_assets,current_assets,accounting_fundamental,0.0072775176522333965,0.0072775176522333965
test_target_tweaks1,success_resilience_quality_v2_next_4obs,random_forest,all_features,42,num__current_liabilities,current_liabilities,accounting_fundamental,0.006649048838375292,0.006649048838375292
test_target_tweaks1,success_resilience_quality_v2_next_4obs,random_forest,all_features,42,num__total_revenue,total_revenue,accounting_fundamental,0.0065358559060936195,0.0065358559060936195
test_target_tweaks1,success_resilience_quality_v2_next_4obs,random_forest,all_features,42,num__operating_margin_lag1,operating_margin_lag1,firm_trend,0.006355543572260917,0.006355543572260917
test_target_tweaks1,success_resilience_quality_v2_next_4obs,random_forest,all_features,42,num__current_ratio_lag1,current_ratio_lag1,firm_trend,0.006276934209300787,0.006276934209300787
test_target_tweaks1,success_resilience_quality_v2_next_4obs,random_forest,all_features,42,num__receivables_assets,receivables_assets,financial_ratio,0.0053155353305138105,0.0053155353305138105
test_target_tweaks1,success_resilience_quality_v2_next_4obs,random_forest,all_features,42,num__missingindicator_total_revenue,total_revenue,accounting_fundamental,0.00413411632498795,0.00413411632498795
test_target_tweaks1,success_resilience_quality_v2_next_4obs,random_forest,all_features,42,num__missingindicator_net_margin,net_margin,financial_ratio,0.004003749111692949,0.004003749111692949
test_target_tweaks1,success_resilience_quality_v2_next_4obs,random_forest,all_features,42,num__inventory_assets,inventory_assets,financial_ratio,0.0036071647344885134,0.0036071647344885134
test_target_tweaks1,success_resilience_quality_v2_next_4obs,random_forest,all_features,42,num__capex,capex,accounting_fundamental,0.0035752525571073877,0.0035752525571073877
test_target_tweaks1,success_resilience_quality_v2_next_4obs,random_forest,all_features,42,num__missingindicator_net_margin_lag1,net_margin_lag1,firm_trend,0.003471730571090586,0.003471730571090586
test_target_tweaks1,success_resilience_quality_v2_next_4obs,random_forest,all_features,42,num__missingindicator_operating_margin,operating_margin,financial_ratio,0.0034542396559866426,0.0034542396559866426
test_target_tweaks1,success_resilience_quality_v2_next_4obs,random_forest,all_features,42,num__total_assets_growth_4obs,total_assets_growth_4obs,firm_trend,0.0032311728419316408,0.0032311728419316408
test_target_tweaks1,success_resilience_quality_v2_next_4obs,random_forest,all_features,42,cat__Sector_Utilities,Sector_Utilities,sector,0.003203479021523615,0.003203479021523615
test_target_tweaks1,success_resilience_quality_v2_next_4obs,random_forest,all_features,42,num__missingindicator_operating_margin_lag1,operating_margin_lag1,firm_trend,0.0030944790253538946,0.0030944790253538946
test_target_tweaks1,success_resilience_quality_v2_next_4obs,random_forest,all_features,202,num__missingindicator_total_liabilities,total_liabilities,accounting_fundamental,0.0874854479933498,0.0874854479933498
test_target_tweaks1,success_resilience_quality_v2_next_4obs,random_forest,all_features,202,num__leverage_assets,leverage_assets,financial_ratio,0.08405954227792357,0.08405954227792357
test_target_tweaks1,success_resilience_quality_v2_next_4obs,random_forest,all_features,202,num__missingindicator_leverage_assets,leverage_assets,financial_ratio,0.07800999032298939,0.07800999032298939
test_target_tweaks1,success_resilience_quality_v2_next_4obs,random_forest,all_features,202,num__leverage_assets_lag1,leverage_assets_lag1,firm_trend,0.06610154662167896,0.06610154662167896
test_target_tweaks1,success_resilience_quality_v2_next_4obs,random_forest,all_features,202,num__missingindicator_leverage_assets_lag1,leverage_assets_lag1,firm_trend,0.04875814194830945,0.04875814194830945
test_target_tweaks1,success_resilience_quality_v2_next_4obs,random_forest,all_features,202,num__equity_assets,equity_assets,financial_ratio,0.0452533345871071,0.0452533345871071
test_target_tweaks1,success_resilience_quality_v2_next_4obs,random_forest,all_features,202,num__missingindicator_leverage_assets_change_4obs,leverage_assets_change_4obs,firm_trend,0.03709670710747388,0.03709670710747388
test_target_tweaks1,success_resilience_quality_v2_next_4obs,random_forest,all_features,202,num__missingindicator_total_liabilities_growth_4obs,total_liabilities_growth_4obs,firm_trend,0.03659079057609144,0.03659079057609144
test_target_tweaks1,success_resilience_quality_v2_next_4obs,random_forest,all_features,202,num__total_liabilities,total_liabilities,accounting_fundamental,0.03638133690043754,0.03638133690043754
test_target_tweaks1,success_resilience_quality_v2_next_4obs,random_forest,all_features,202,num__roa,roa,financial_ratio,0.034548395054037485,0.034548395054037485
test_target_tweaks1,success_resilience_quality_v2_next_4obs,random_forest,all_features,202,num__roa_lag1,roa_lag1,firm_trend,0.03390427570799648,0.03390427570799648
test_target_tweaks1,success_resilience_quality_v2_next_4obs,random_forest,all_features,202,num__cash_assets,cash_assets,financial_ratio,0.03362191286591897,0.03362191286591897
test_target_tweaks1,success_resilience_quality_v2_next_4obs,random_forest,all_features,202,num__cash_assets_lag1,cash_assets_lag1,firm_trend,0.025321947683094797,0.025321947683094797
test_target_tweaks1,success_resilience_quality_v2_next_4obs,random_forest,all_features,202,num__total_equity,total_equity,accounting_fundamental,0.019210584578571874,0.019210584578571874
test_target_tweaks1,success_resilience_quality_v2_next_4obs,random_forest,all_features,202,num__net_income_negative_count_prior_4obs,net_income_negative_count_prior_4obs,firm_trend,0.0154233147498649,0.0154233147498649
test_target_tweaks1,success_resilience_quality_v2_next_4obs,random_forest,all_features,202,num__leverage_assets_change_4obs,leverage_assets_change_4obs,firm_trend,0.014553389155981183,0.014553389155981183
test_target_tweaks1,success_resilience_quality_v2_next_4obs,random_forest,all_features,202,num__net_income,net_income,accounting_fundamental,0.014413260292051689,0.014413260292051689
test_target_tweaks1,success_resilience_quality_v2_next_4obs,random_forest,all_features,202,num__total_assets,total_assets,accounting_fundamental,0.01068106820944612,0.01068106820944612
test_target_tweaks1,success_resilience_quality_v2_next_4obs,random_forest,all_features,202,num__operating_income,operating_income,accounting_fundamental,0.010514871056616252,0.010514871056616252
test_target_tweaks1,success_resilience_quality_v2_next_4obs,random_forest,all_features,202,num__cash_equivalents,cash_equivalents,accounting_fundamental,0.01049407539938253,0.01049407539938253
test_target_tweaks1,success_resilience_quality_v2_next_4obs,random_forest,all_features,202,num__net_margin,net_margin,financial_ratio,0.010388949444243336,0.010388949444243336
test_target_tweaks1,success_resilience_quality_v2_next_4obs,random_forest,all_features,202,num__total_liabilities_growth_4obs,total_liabilities_growth_4obs,firm_trend,0.009239457297178332,0.009239457297178332
test_target_tweaks1,success_resilience_quality_v2_next_4obs,random_forest,all_features,202,num__net_margin_lag1,net_margin_lag1,firm_trend,0.00921205352796856,0.00921205352796856
test_target_tweaks1,success_resilience_quality_v2_next_4obs,random_forest,all_features,202,num__current_ratio,current_ratio,financial_ratio,0.007912070709845403,0.007912070709845403
test_target_tweaks1,success_resilience_quality_v2_next_4obs,random_forest,all_features,202,num__operating_margin,operating_margin,financial_ratio,0.007292874860760925,0.007292874860760925
test_target_tweaks1,success_resilience_quality_v2_next_4obs,random_forest,all_features,202,num__operating_margin_lag1,operating_margin_lag1,firm_trend,0.007214579177761845,0.007214579177761845
test_target_tweaks1,success_resilience_quality_v2_next_4obs,random_forest,all_features,202,num__current_liabilities,current_liabilities,accounting_fundamental,0.007018362315427401,0.007018362315427401
test_target_tweaks1,success_resilience_quality_v2_next_4obs,random_forest,all_features,202,num__current_assets,current_assets,accounting_fundamental,0.006803612934501937,0.006803612934501937
test_target_tweaks1,success_resilience_quality_v2_next_4obs,random_forest,all_features,202,num__total_revenue,total_revenue,accounting_fundamental,0.006446685265968728,0.006446685265968728
test_target_tweaks1,success_resilience_quality_v2_next_4obs,random_forest,all_features,202,num__current_ratio_lag1,current_ratio_lag1,firm_trend,0.0062065294604381925,0.0062065294604381925
test_target_tweaks1,success_resilience_quality_v2_next_4obs,random_forest,all_features,202,num__receivables_assets,receivables_assets,financial_ratio,0.004430667884681188,0.004430667884681188
test_target_tweaks1,success_resilience_quality_v2_next_4obs,random_forest,all_features,202,num__missingindicator_operating_margin,operating_margin,financial_ratio,0.0038036261552432922,0.0038036261552432922
test_target_tweaks1,success_resilience_quality_v2_next_4obs,random_forest,all_features,202,num__missingindicator_net_margin,net_margin,financial_ratio,0.0037077690042937694,0.0037077690042937694
test_target_tweaks1,success_resilience_quality_v2_next_4obs,random_forest,all_features,202,num__missingindicator_operating_margin_lag1,operating_margin_lag1,firm_trend,0.0036403689494192704,0.0036403689494192704
test_target_tweaks1,success_resilience_quality_v2_next_4obs,random_forest,all_features,202,num__capex,capex,accounting_fundamental,0.0036077642819911924,0.0036077642819911924
test_target_tweaks1,success_resilience_quality_v2_next_4obs,random_forest,all_features,202,num__inventory_assets,inventory_assets,financial_ratio,0.003488424239636434,0.003488424239636434
test_target_tweaks1,success_resilience_quality_v2_next_4obs,random_forest,all_features,202,num__missingindicator_net_margin_lag1,net_margin_lag1,firm_trend,0.0033804021574134393,0.0033804021574134393
test_target_tweaks1,success_resilience_quality_v2_next_4obs,random_forest,all_features,202,num__missingindicator_total_revenue,total_revenue,accounting_fundamental,0.0033560868122997634,0.0033560868122997634
test_target_tweaks1,success_resilience_quality_v2_next_4obs,random_forest,all_features,202,num__missingindicator_net_margin_change_4obs,net_margin_change_4obs,firm_trend,0.00291642205596096,0.00291642205596096
test_target_tweaks1,success_resilience_quality_v2_next_4obs,random_forest,all_features,202,num__cash_flow_operating,cash_flow_operating,accounting_fundamental,0.0028535475029294356,0.0028535475029294356
test_target_tweaks1,success_resilience_quality_v2_next_4obs,gradient_boosting,all_features,42,num__missingindicator_total_liabilities,total_liabilities,accounting_fundamental,0.2677554140973279,0.2677554140973279
test_target_tweaks1,success_resilience_quality_v2_next_4obs,gradient_boosting,all_features,42,num__missingindicator_leverage_assets,leverage_assets,financial_ratio,0.16070280988709768,0.16070280988709768
test_target_tweaks1,success_resilience_quality_v2_next_4obs,gradient_boosting,all_features,42,num__equity_assets,equity_assets,financial_ratio,0.14947975045307388,0.14947975045307388
test_target_tweaks1,success_resilience_quality_v2_next_4obs,gradient_boosting,all_features,42,num__roa,roa,financial_ratio,0.0849021447166025,0.0849021447166025
test_target_tweaks1,success_resilience_quality_v2_next_4obs,gradient_boosting,all_features,42,num__leverage_assets,leverage_assets,financial_ratio,0.06620318051443758,0.06620318051443758
test_target_tweaks1,success_resilience_quality_v2_next_4obs,gradient_boosting,all_features,42,num__cash_assets,cash_assets,financial_ratio,0.051959126817754935,0.051959126817754935
test_target_tweaks1,success_resilience_quality_v2_next_4obs,gradient_boosting,all_features,42,num__roa_lag1,roa_lag1,firm_trend,0.05033835512540824,0.05033835512540824
test_target_tweaks1,success_resilience_quality_v2_next_4obs,gradient_boosting,all_features,42,num__leverage_assets_lag1,leverage_assets_lag1,firm_trend,0.03440306068970715,0.03440306068970715
test_target_tweaks1,success_resilience_quality_v2_next_4obs,gradient_boosting,all_features,42,num__cash_assets_lag1,cash_assets_lag1,firm_trend,0.032316493841821385,0.032316493841821385
test_target_tweaks1,success_resilience_quality_v2_next_4obs,gradient_boosting,all_features,42,num__net_income_negative_count_prior_4obs,net_income_negative_count_prior_4obs,firm_trend,0.025887367400252777,0.025887367400252777
test_target_tweaks1,success_resilience_quality_v2_next_4obs,gradient_boosting,all_features,42,num__missingindicator_leverage_assets_lag1,leverage_assets_lag1,firm_trend,0.01504860422814414,0.01504860422814414
test_target_tweaks1,success_resilience_quality_v2_next_4obs,gradient_boosting,all_features,42,num__operating_income,operating_income,accounting_fundamental,0.011983432814542604,0.011983432814542604
test_target_tweaks1,success_resilience_quality_v2_next_4obs,gradient_boosting,all_features,42,num__missingindicator_operating_margin,operating_margin,financial_ratio,0.006797212269327272,0.006797212269327272
test_target_tweaks1,success_resilience_quality_v2_next_4obs,gradient_boosting,all_features,42,num__current_assets,current_assets,accounting_fundamental,0.004708862721874142,0.004708862721874142
test_target_tweaks1,success_resilience_quality_v2_next_4obs,gradient_boosting,all_features,42,num__missingindicator_net_margin,net_margin,financial_ratio,0.003344276226824207,0.003344276226824207
test_target_tweaks1,success_resilience_quality_v2_next_4obs,gradient_boosting,all_features,42,num__missingindicator_operating_income,operating_income,accounting_fundamental,0.00294617739888207,0.00294617739888207
test_target_tweaks1,success_resilience_quality_v2_next_4obs,gradient_boosting,all_features,42,num__net_income,net_income,accounting_fundamental,0.0029432682168732444,0.0029432682168732444
test_target_tweaks1,success_resilience_quality_v2_next_4obs,gradient_boosting,all_features,42,num__total_liabilities,total_liabilities,accounting_fundamental,0.0027850858678919632,0.0027850858678919632
test_target_tweaks1,success_resilience_quality_v2_next_4obs,gradient_boosting,all_features,42,cat__Sector_Industrials,Sector_Industrials,sector,0.002169380868144047,0.002169380868144047
test_target_tweaks1,success_resilience_quality_v2_next_4obs,gradient_boosting,all_features,42,num__current_liabilities,current_liabilities,accounting_fundamental,0.002105060498444964,0.002105060498444964
test_target_tweaks1,success_resilience_quality_v2_next_4obs,gradient_boosting,all_features,42,num__receivables_assets,receivables_assets,financial_ratio,0.001985526101113448,0.001985526101113448
test_target_tweaks1,success_resilience_quality_v2_next_4obs,gradient_boosting,all_features,42,num__net_margin,net_margin,financial_ratio,0.0014612414450550933,0.0014612414450550933
test_target_tweaks1,success_resilience_quality_v2_next_4obs,gradient_boosting,all_features,42,num__inventory_assets,inventory_assets,financial_ratio,0.0014571500265096176,0.0014571500265096176
test_target_tweaks1,success_resilience_quality_v2_next_4obs,gradient_boosting,all_features,42,num__total_assets,total_assets,accounting_fundamental,0.0014092828091645246,0.0014092828091645246
test_target_tweaks1,success_resilience_quality_v2_next_4obs,gradient_boosting,all_features,42,num__operating_margin_lag1,operating_margin_lag1,firm_trend,0.0014067632543524598,0.0014067632543524598
test_target_tweaks1,success_resilience_quality_v2_next_4obs,gradient_boosting,all_features,42,num__total_equity,total_equity,accounting_fundamental,0.0012201389881388435,0.0012201389881388435
test_target_tweaks1,success_resilience_quality_v2_next_4obs,gradient_boosting,all_features,42,num__operating_margin,operating_margin,financial_ratio,0.0009469438269423548,0.0009469438269423548
test_target_tweaks1,success_resilience_quality_v2_next_4obs,gradient_boosting,all_features,42,num__missingindicator_gross_profit,gross_profit,accounting_fundamental,0.000743670885561597,0.000743670885561597
test_target_tweaks1,success_resilience_quality_v2_next_4obs,gradient_boosting,all_features,42,num__total_liabilities_growth_4obs,total_liabilities_growth_4obs,firm_trend,0.0006232351900392901,0.0006232351900392901
test_target_tweaks1,success_resilience_quality_v2_next_4obs,gradient_boosting,all_features,42,num__gross_margin,gross_margin,financial_ratio,0.0006090349020798408,0.0006090349020798408
test_target_tweaks1,success_resilience_quality_v2_next_4obs,gradient_boosting,all_features,42,num__gross_profit,gross_profit,accounting_fundamental,0.0005927781333279427,0.0005927781333279427
test_target_tweaks1,success_resilience_quality_v2_next_4obs,gradient_boosting,all_features,42,num__current_ratio_lag1,current_ratio_lag1,firm_trend,0.0005870698674177565,0.0005870698674177565
test_target_tweaks1,success_resilience_quality_v2_next_4obs,gradient_boosting,all_features,42,num__missingindicator_operating_margin_lag1,operating_margin_lag1,firm_trend,0.0005560324689332954,0.0005560324689332954
test_target_tweaks1,success_resilience_quality_v2_next_4obs,gradient_boosting,all_features,42,num__cash_equivalents,cash_equivalents,accounting_fundamental,0.0005030687769974987,0.0005030687769974987
test_target_tweaks1,success_resilience_quality_v2_next_4obs,gradient_boosting,all_features,42,num__net_margin_lag1,net_margin_lag1,firm_trend,0.0003945026623537318,0.0003945026623537318
test_target_tweaks1,success_resilience_quality_v2_next_4obs,gradient_boosting,all_features,42,num__r_and_d_intensity,r_and_d_intensity,financial_ratio,0.0003725843756024155,0.0003725843756024155
test_target_tweaks1,success_resilience_quality_v2_next_4obs,gradient_boosting,all_features,42,cat__Sector_Basic Materials,Sector_Basic Materials,sector,0.0003272854261865127,0.0003272854261865127
test_target_tweaks1,success_resilience_quality_v2_next_4obs,gradient_boosting,all_features,42,cat__Sector_Utilities,Sector_Utilities,sector,0.00030465289977876477,0.00030465289977876477
test_target_tweaks1,success_resilience_quality_v2_next_4obs,gradient_boosting,all_features,42,num__missingindicator_leverage_assets_change_4obs,leverage_assets_change_4obs,firm_trend,0.0002885803495734498,0.0002885803495734498
test_target_tweaks1,success_resilience_quality_v2_next_4obs,gradient_boosting,all_features,42,num__total_revenue,total_revenue,accounting_fundamental,0.0002670419612194739,0.0002670419612194739
test_target_tweaks1,success_resilience_quality_v2_next_4obs,gradient_boosting,all_features,202,num__missingindicator_total_liabilities,total_liabilities,accounting_fundamental,0.26725228603330103,0.26725228603330103
test_target_tweaks1,success_resilience_quality_v2_next_4obs,gradient_boosting,all_features,202,num__missingindicator_leverage_assets,leverage_assets,financial_ratio,0.15982713533736856,0.15982713533736856
test_target_tweaks1,success_resilience_quality_v2_next_4obs,gradient_boosting,all_features,202,num__equity_assets,equity_assets,financial_ratio,0.14970382159967677,0.14970382159967677
test_target_tweaks1,success_resilience_quality_v2_next_4obs,gradient_boosting,all_features,202,num__roa,roa,financial_ratio,0.08529123985969873,0.08529123985969873
test_target_tweaks1,success_resilience_quality_v2_next_4obs,gradient_boosting,all_features,202,num__leverage_assets,leverage_assets,financial_ratio,0.06707114535857613,0.06707114535857613
test_target_tweaks1,success_resilience_quality_v2_next_4obs,gradient_boosting,all_features,202,num__cash_assets,cash_assets,financial_ratio,0.05161776801338002,0.05161776801338002
test_target_tweaks1,success_resilience_quality_v2_next_4obs,gradient_boosting,all_features,202,num__roa_lag1,roa_lag1,firm_trend,0.05006656420897643,0.05006656420897643
test_target_tweaks1,success_resilience_quality_v2_next_4obs,gradient_boosting,all_features,202,num__leverage_assets_lag1,leverage_assets_lag1,firm_trend,0.03466993658433958,0.03466993658433958
test_target_tweaks1,success_resilience_quality_v2_next_4obs,gradient_boosting,all_features,202,num__cash_assets_lag1,cash_assets_lag1,firm_trend,0.03163360863856264,0.03163360863856264
test_target_tweaks1,success_resilience_quality_v2_next_4obs,gradient_boosting,all_features,202,num__net_income_negative_count_prior_4obs,net_income_negative_count_prior_4obs,firm_trend,0.026150670163740303,0.026150670163740303
test_target_tweaks1,success_resilience_quality_v2_next_4obs,gradient_boosting,all_features,202,num__missingindicator_leverage_assets_lag1,leverage_assets_lag1,firm_trend,0.01518102360834115,0.01518102360834115
test_target_tweaks1,success_resilience_quality_v2_next_4obs,gradient_boosting,all_features,202,num__operating_income,operating_income,accounting_fundamental,0.01140535903326378,0.01140535903326378
test_target_tweaks1,success_resilience_quality_v2_next_4obs,gradient_boosting,all_features,202,num__missingindicator_operating_margin,operating_margin,financial_ratio,0.007266857042211269,0.007266857042211269
test_target_tweaks1,success_resilience_quality_v2_next_4obs,gradient_boosting,all_features,202,num__current_assets,current_assets,accounting_fundamental,0.004936103453903044,0.004936103453903044
test_target_tweaks1,success_resilience_quality_v2_next_4obs,gradient_boosting,all_features,202,num__total_liabilities,total_liabilities,accounting_fundamental,0.0035620575120845267,0.0035620575120845267
test_target_tweaks1,success_resilience_quality_v2_next_4obs,gradient_boosting,all_features,202,num__missingindicator_net_margin,net_margin,financial_ratio,0.0030585986756909525,0.0030585986756909525
test_target_tweaks1,success_resilience_quality_v2_next_4obs,gradient_boosting,all_features,202,num__net_income,net_income,accounting_fundamental,0.002988741500395137,0.002988741500395137
test_target_tweaks1,success_resilience_quality_v2_next_4obs,gradient_boosting,all_features,202,num__missingindicator_operating_income,operating_income,accounting_fundamental,0.0026398289745790007,0.0026398289745790007
test_target_tweaks1,success_resilience_quality_v2_next_4obs,gradient_boosting,all_features,202,cat__Sector_Industrials,Sector_Industrials,sector,0.002558705628471867,0.002558705628471867
test_target_tweaks1,success_resilience_quality_v2_next_4obs,gradient_boosting,all_features,202,num__receivables_assets,receivables_assets,financial_ratio,0.0019527177489476674,0.0019527177489476674
test_target_tweaks1,success_resilience_quality_v2_next_4obs,gradient_boosting,all_features,202,num__current_liabilities,current_liabilities,accounting_fundamental,0.0017498344203623977,0.0017498344203623977
test_target_tweaks1,success_resilience_quality_v2_next_4obs,gradient_boosting,all_features,202,num__net_margin,net_margin,financial_ratio,0.001639215752200851,0.001639215752200851
test_target_tweaks1,success_resilience_quality_v2_next_4obs,gradient_boosting,all_features,202,num__operating_margin_lag1,operating_margin_lag1,firm_trend,0.0014281210478005936,0.0014281210478005936
test_target_tweaks1,success_resilience_quality_v2_next_4obs,gradient_boosting,all_features,202,num__inventory_assets,inventory_assets,financial_ratio,0.001338309937268406,0.001338309937268406
test_target_tweaks1,success_resilience_quality_v2_next_4obs,gradient_boosting,all_features,202,num__total_equity,total_equity,accounting_fundamental,0.0011100550561421233,0.0011100550561421233
test_target_tweaks1,success_resilience_quality_v2_next_4obs,gradient_boosting,all_features,202,num__operating_margin,operating_margin,financial_ratio,0.001088429118577938,0.001088429118577938
test_target_tweaks1,success_resilience_quality_v2_next_4obs,gradient_boosting,all_features,202,num__total_assets,total_assets,accounting_fundamental,0.0009356873776364648,0.0009356873776364648
test_target_tweaks1,success_resilience_quality_v2_next_4obs,gradient_boosting,all_features,202,num__net_margin_lag1,net_margin_lag1,firm_trend,0.0009248676494042744,0.0009248676494042744
test_target_tweaks1,success_resilience_quality_v2_next_4obs,gradient_boosting,all_features,202,num__gross_margin,gross_margin,financial_ratio,0.0008411573636194834,0.0008411573636194834
test_target_tweaks1,success_resilience_quality_v2_next_4obs,gradient_boosting,all_features,202,num__gross_profit,gross_profit,accounting_fundamental,0.0007763584121520721,0.0007763584121520721
test_target_tweaks1,success_resilience_quality_v2_next_4obs,gradient_boosting,all_features,202,num__current_ratio_lag1,current_ratio_lag1,firm_trend,0.0006605878607786056,0.0006605878607786056
test_target_tweaks1,success_resilience_quality_v2_next_4obs,gradient_boosting,all_features,202,num__total_liabilities_growth_4obs,total_liabilities_growth_4obs,firm_trend,0.0005856933031412459,0.0005856933031412459
test_target_tweaks1,success_resilience_quality_v2_next_4obs,gradient_boosting,all_features,202,num__missingindicator_gross_profit,gross_profit,accounting_fundamental,0.0005259960195014203,0.0005259960195014203
test_target_tweaks1,success_resilience_quality_v2_next_4obs,gradient_boosting,all_features,202,num__cash_equivalents,cash_equivalents,accounting_fundamental,0.0005078068227371487,0.0005078068227371487
test_target_tweaks1,success_resilience_quality_v2_next_4obs,gradient_boosting,all_features,202,num__missingindicator_operating_margin_lag1,operating_margin_lag1,firm_trend,0.0005072456756379679,0.0005072456756379679
test_target_tweaks1,success_resilience_quality_v2_next_4obs,gradient_boosting,all_features,202,cat__Sector_Basic Materials,Sector_Basic Materials,sector,0.00038799098079757863,0.00038799098079757863
test_target_tweaks1,success_resilience_quality_v2_next_4obs,gradient_boosting,all_features,202,cat__Sector_Utilities,Sector_Utilities,sector,0.00037984804192298913,0.00037984804192298913
test_target_tweaks1,success_resilience_quality_v2_next_4obs,gradient_boosting,all_features,202,num__r_and_d_intensity,r_and_d_intensity,financial_ratio,0.00033713361548500664,0.00033713361548500664
test_target_tweaks1,success_resilience_quality_v2_next_4obs,gradient_boosting,all_features,202,num__total_revenue,total_revenue,accounting_fundamental,0.0003188385911549871,0.0003188385911549871
test_target_tweaks1,success_resilience_quality_v2_next_4obs,gradient_boosting,all_features,202,num__missingindicator_total_liabilities_growth_4obs,total_liabilities_growth_4obs,firm_trend,0.00029912723683550704,0.00029912723683550704
test_target_tweaks2,failure_pressure_profit_roa_next_4obs,logistic_l2,all_features,42,num__CPIAUCSL,CPIAUCSL,macro,2.6110608919829494,2.6110608919829494
test_target_tweaks2,failure_pressure_profit_roa_next_4obs,logistic_l2,all_features,42,num__BUSLOANS,BUSLOANS,macro,1.9990154009035692,-1.9990154009035692
test_target_tweaks2,failure_pressure_profit_roa_next_4obs,logistic_l2,all_features,42,cat__Sector_Energy,Sector_Energy,sector,1.5056671606911909,1.5056671606911909
test_target_tweaks2,failure_pressure_profit_roa_next_4obs,logistic_l2,all_features,42,num__GDPC1,GDPC1,macro,1.4983487556189272,-1.4983487556189272
test_target_tweaks2,failure_pressure_profit_roa_next_4obs,logistic_l2,all_features,42,num__RSAFS,RSAFS,macro,1.4585468191043627,1.4585468191043627
test_target_tweaks2,failure_pressure_profit_roa_next_4obs,logistic_l2,all_features,42,num__net_income_negative_count_prior_4obs,net_income_negative_count_prior_4obs,firm_trend,1.3376025453299496,1.3376025453299496
test_target_tweaks2,failure_pressure_profit_roa_next_4obs,logistic_l2,all_features,42,cat__Sector_Financial Services,Sector_Financial Services,sector,1.2763608235886572,-1.2763608235886572
test_target_tweaks2,failure_pressure_profit_roa_next_4obs,logistic_l2,all_features,42,num__total_assets,total_assets,accounting_fundamental,1.2026322090101917,1.2026322090101917
test_target_tweaks2,failure_pressure_profit_roa_next_4obs,logistic_l2,all_features,42,cat__Sector_Consumer Defensive,Sector_Consumer Defensive,sector,0.9524765470544201,-0.9524765470544201
test_target_tweaks2,failure_pressure_profit_roa_next_4obs,logistic_l2,all_features,42,cat__Sector_Consumer Discretionary,Sector_Consumer Discretionary,sector,0.8395931712026335,-0.8395931712026335
test_target_tweaks2,failure_pressure_profit_roa_next_4obs,logistic_l2,all_features,42,num__PAYEMS,PAYEMS,macro,0.8351173171936285,-0.8351173171936285
test_target_tweaks2,failure_pressure_profit_roa_next_4obs,logistic_l2,all_features,42,num__missingindicator_total_assets_growth_4obs,total_assets_growth_4obs,firm_trend,0.7627759107249208,0.7627759107249208
test_target_tweaks2,failure_pressure_profit_roa_next_4obs,logistic_l2,all_features,42,num__total_liabilities,total_liabilities,accounting_fundamental,0.7323129299296063,-0.7323129299296063
test_target_tweaks2,failure_pressure_profit_roa_next_4obs,logistic_l2,all_features,42,num__missingindicator_current_assets,current_assets,accounting_fundamental,0.6267109443739541,0.6267109443739541
test_target_tweaks2,failure_pressure_profit_roa_next_4obs,logistic_l2,all_features,42,num__leverage_assets_lag1,leverage_assets_lag1,firm_trend,0.6166014897571858,-0.6166014897571858
test_target_tweaks2,failure_pressure_profit_roa_next_4obs,logistic_l2,all_features,42,num__total_equity,total_equity,accounting_fundamental,0.5891612137748505,-0.5891612137748505
test_target_tweaks2,failure_pressure_profit_roa_next_4obs,logistic_l2,all_features,42,num__roa_lag1,roa_lag1,firm_trend,0.5796630004295569,-0.5796630004295569
test_target_tweaks2,failure_pressure_profit_roa_next_4obs,logistic_l2,all_features,42,num__UNRATE,UNRATE,macro,0.5796075944559737,-0.5796075944559737
test_target_tweaks2,failure_pressure_profit_roa_next_4obs,logistic_l2,all_features,42,num__net_margin_lag1,net_margin_lag1,firm_trend,0.5688675402933074,-0.5688675402933074
test_target_tweaks2,failure_pressure_profit_roa_next_4obs,logistic_l2,all_features,42,num__operating_margin,operating_margin,financial_ratio,0.5459014572565282,-0.5459014572565282
test_target_tweaks2,failure_pressure_profit_roa_next_4obs,logistic_l2,all_features,42,num__operating_margin_lag1,operating_margin_lag1,firm_trend,0.5319681905013349,0.5319681905013349
test_target_tweaks2,failure_pressure_profit_roa_next_4obs,logistic_l2,all_features,42,cat__Sector_Real Estate,Sector_Real Estate,sector,0.5012831187105093,-0.5012831187105093
test_target_tweaks2,failure_pressure_profit_roa_next_4obs,logistic_l2,all_features,42,num__missingindicator_current_ratio_change_4obs,current_ratio_change_4obs,firm_trend,0.48280204022850653,-0.48280204022850653
test_target_tweaks2,failure_pressure_profit_roa_next_4obs,logistic_l2,all_features,42,num__missingindicator_total_revenue_growth_4obs,total_revenue_growth_4obs,firm_trend,0.48216622584255775,-0.48216622584255775
test_target_tweaks2,failure_pressure_profit_roa_next_4obs,logistic_l2,all_features,42,num__gross_profit,gross_profit,accounting_fundamental,0.4787697974418889,-0.4787697974418889
test_target_tweaks2,failure_pressure_profit_roa_next_4obs,logistic_l2,all_features,42,num__missingindicator_total_liabilities_growth_4obs,total_liabilities_growth_4obs,firm_trend,0.4738847425869551,-0.4738847425869551
test_target_tweaks2,failure_pressure_profit_roa_next_4obs,logistic_l2,all_features,42,num__missingindicator_net_margin_change_4obs,net_margin_change_4obs,firm_trend,0.4731448710990009,0.4731448710990009
test_target_tweaks2,failure_pressure_profit_roa_next_4obs,logistic_l2,all_features,42,num__missingindicator_leverage_assets_change_4obs,leverage_assets_change_4obs,firm_trend,0.47280374068146247,0.47280374068146247
test_target_tweaks2,failure_pressure_profit_roa_next_4obs,logistic_l2,all_features,42,num__missingindicator_current_liabilities,current_liabilities,accounting_fundamental,0.46836916297487535,0.46836916297487535
test_target_tweaks2,failure_pressure_profit_roa_next_4obs,logistic_l2,all_features,42,num__missingindicator_current_ratio,current_ratio,financial_ratio,0.455954040133725,-0.455954040133725
test_target_tweaks2,failure_pressure_profit_roa_next_4obs,logistic_l2,all_features,42,num__FEDFUNDS,FEDFUNDS,macro,0.39194207083289107,-0.39194207083289107
test_target_tweaks2,failure_pressure_profit_roa_next_4obs,logistic_l2,all_features,42,cat__Sector_Communication Services,Sector_Communication Services,sector,0.37470201026859185,0.37470201026859185
test_target_tweaks2,failure_pressure_profit_roa_next_4obs,logistic_l2,all_features,42,num__missingindicator_total_liabilities,total_liabilities,accounting_fundamental,0.36684288672992216,0.36684288672992216
test_target_tweaks2,failure_pressure_profit_roa_next_4obs,logistic_l2,all_features,42,num__BUSLOANS_yoy_pct,BUSLOANS_yoy_pct,macro,0.3441165701053492,-0.3441165701053492
test_target_tweaks2,failure_pressure_profit_roa_next_4obs,logistic_l2,all_features,42,num__NFCI,NFCI,macro,0.3343525320093336,0.3343525320093336
test_target_tweaks2,failure_pressure_profit_roa_next_4obs,logistic_l2,all_features,42,num__missingindicator_total_revenue,total_revenue,accounting_fundamental,0.3324645596352281,0.3324645596352281
test_target_tweaks2,failure_pressure_profit_roa_next_4obs,logistic_l2,all_features,42,num__missingindicator_operating_margin_lag1,operating_margin_lag1,firm_trend,0.31701963711136116,0.31701963711136116
test_target_tweaks2,failure_pressure_profit_roa_next_4obs,logistic_l2,all_features,42,num__operating_income,operating_income,accounting_fundamental,0.31480704751508476,-0.31480704751508476
test_target_tweaks2,failure_pressure_profit_roa_next_4obs,logistic_l2,all_features,42,num__INDPRO,INDPRO,macro,0.3106105491214593,-0.3106105491214593
test_target_tweaks2,failure_pressure_profit_roa_next_4obs,logistic_l2,all_features,42,cat__Sector_Agriculture,Sector_Agriculture,sector,0.2907658726659564,0.2907658726659564
test_target_tweaks2,failure_pressure_profit_roa_next_4obs,random_forest,all_features,42,num__net_income_negative_count_prior_4obs,net_income_negative_count_prior_4obs,firm_trend,0.09623846231483468,0.09623846231483468
test_target_tweaks2,failure_pressure_profit_roa_next_4obs,random_forest,all_features,42,num__net_income,net_income,accounting_fundamental,0.09240574089570691,0.09240574089570691
test_target_tweaks2,failure_pressure_profit_roa_next_4obs,random_forest,all_features,42,num__roa_lag1,roa_lag1,firm_trend,0.077341245948276,0.077341245948276
test_target_tweaks2,failure_pressure_profit_roa_next_4obs,random_forest,all_features,42,num__roa,roa,financial_ratio,0.07346582200084725,0.07346582200084725
test_target_tweaks2,failure_pressure_profit_roa_next_4obs,random_forest,all_features,42,num__net_margin_lag1,net_margin_lag1,firm_trend,0.04552824937882326,0.04552824937882326
test_target_tweaks2,failure_pressure_profit_roa_next_4obs,random_forest,all_features,42,num__operating_income,operating_income,accounting_fundamental,0.04534110712160634,0.04534110712160634
test_target_tweaks2,failure_pressure_profit_roa_next_4obs,random_forest,all_features,42,num__net_margin,net_margin,financial_ratio,0.04062011819800845,0.04062011819800845
test_target_tweaks2,failure_pressure_profit_roa_next_4obs,random_forest,all_features,42,num__operating_margin,operating_margin,financial_ratio,0.028248374057614684,0.028248374057614684
test_target_tweaks2,failure_pressure_profit_roa_next_4obs,random_forest,all_features,42,num__current_assets,current_assets,accounting_fundamental,0.026032123198014925,0.026032123198014925
test_target_tweaks2,failure_pressure_profit_roa_next_4obs,random_forest,all_features,42,num__operating_margin_lag1,operating_margin_lag1,firm_trend,0.02477183251871687,0.02477183251871687
test_target_tweaks2,failure_pressure_profit_roa_next_4obs,random_forest,all_features,42,num__total_equity,total_equity,accounting_fundamental,0.021650544721569884,0.021650544721569884
test_target_tweaks2,failure_pressure_profit_roa_next_4obs,random_forest,all_features,42,num__total_assets,total_assets,accounting_fundamental,0.018038253318172277,0.018038253318172277
test_target_tweaks2,failure_pressure_profit_roa_next_4obs,random_forest,all_features,42,num__current_liabilities,current_liabilities,accounting_fundamental,0.016080120152904706,0.016080120152904706
test_target_tweaks2,failure_pressure_profit_roa_next_4obs,random_forest,all_features,42,num__cash_equivalents,cash_equivalents,accounting_fundamental,0.013781145904075224,0.013781145904075224
test_target_tweaks2,failure_pressure_profit_roa_next_4obs,random_forest,all_features,42,cat__Sector_Energy,Sector_Energy,sector,0.01244282025291708,0.01244282025291708
test_target_tweaks2,failure_pressure_profit_roa_next_4obs,random_forest,all_features,42,num__total_revenue,total_revenue,accounting_fundamental,0.01174285899603787,0.01174285899603787
test_target_tweaks2,failure_pressure_profit_roa_next_4obs,random_forest,all_features,42,num__total_liabilities,total_liabilities,accounting_fundamental,0.011267165047072305,0.011267165047072305
test_target_tweaks2,failure_pressure_profit_roa_next_4obs,random_forest,all_features,42,num__receivables_assets,receivables_assets,financial_ratio,0.009887179319719457,0.009887179319719457
test_target_tweaks2,failure_pressure_profit_roa_next_4obs,random_forest,all_features,42,num__total_assets_growth_4obs,total_assets_growth_4obs,firm_trend,0.00975773437378807,0.00975773437378807
test_target_tweaks2,failure_pressure_profit_roa_next_4obs,random_forest,all_features,42,num__cash_assets,cash_assets,financial_ratio,0.009732814598040809,0.009732814598040809
test_target_tweaks2,failure_pressure_profit_roa_next_4obs,random_forest,all_features,42,num__roa_change_4obs,roa_change_4obs,firm_trend,0.009329691642514435,0.009329691642514435
test_target_tweaks2,failure_pressure_profit_roa_next_4obs,random_forest,all_features,42,num__cash_flow_operating,cash_flow_operating,accounting_fundamental,0.009309879028032757,0.009309879028032757
test_target_tweaks2,failure_pressure_profit_roa_next_4obs,random_forest,all_features,42,num__equity_assets,equity_assets,financial_ratio,0.009169810268689155,0.009169810268689155
test_target_tweaks2,failure_pressure_profit_roa_next_4obs,random_forest,all_features,42,num__cash_assets_lag1,cash_assets_lag1,firm_trend,0.00813734781277014,0.00813734781277014
test_target_tweaks2,failure_pressure_profit_roa_next_4obs,random_forest,all_features,42,num__net_margin_change_4obs,net_margin_change_4obs,firm_trend,0.007338040417334228,0.007338040417334228
test_target_tweaks2,failure_pressure_profit_roa_next_4obs,random_forest,all_features,42,num__total_revenue_growth_4obs,total_revenue_growth_4obs,firm_trend,0.007216630317021374,0.007216630317021374
test_target_tweaks2,failure_pressure_profit_roa_next_4obs,random_forest,all_features,42,num__current_ratio,current_ratio,financial_ratio,0.006836298070209946,0.006836298070209946
test_target_tweaks2,failure_pressure_profit_roa_next_4obs,random_forest,all_features,42,num__inventory_assets,inventory_assets,financial_ratio,0.006719177568133042,0.006719177568133042
test_target_tweaks2,failure_pressure_profit_roa_next_4obs,random_forest,all_features,42,num__current_ratio_lag1,current_ratio_lag1,firm_trend,0.006623699018242553,0.006623699018242553
test_target_tweaks2,failure_pressure_profit_roa_next_4obs,random_forest,all_features,42,num__capex,capex,accounting_fundamental,0.0064979089953324225,0.0064979089953324225
test_target_tweaks2,failure_pressure_profit_roa_next_4obs,random_forest,all_features,42,num__current_assets_growth_4obs,current_assets_growth_4obs,firm_trend,0.006005488778410721,0.006005488778410721
test_target_tweaks2,failure_pressure_profit_roa_next_4obs,random_forest,all_features,42,num__operating_margin_change_4obs,operating_margin_change_4obs,firm_trend,0.0058201434516943155,0.0058201434516943155
test_target_tweaks2,failure_pressure_profit_roa_next_4obs,random_forest,all_features,42,num__DTWEXBGS_yoy_pct,DTWEXBGS_yoy_pct,macro,0.005563604600773494,0.005563604600773494
test_target_tweaks2,failure_pressure_profit_roa_next_4obs,random_forest,all_features,42,num__DCOILWTICO_yoy_pct,DCOILWTICO_yoy_pct,macro,0.005513900056930406,0.005513900056930406
test_target_tweaks2,failure_pressure_profit_roa_next_4obs,random_forest,all_features,42,num__leverage_assets,leverage_assets,financial_ratio,0.00549154094019103,0.00549154094019103
test_target_tweaks2,failure_pressure_profit_roa_next_4obs,random_forest,all_features,42,num__DCOILWTICO,DCOILWTICO,macro,0.0054053512633085565,0.0054053512633085565
test_target_tweaks2,failure_pressure_profit_roa_next_4obs,random_forest,all_features,42,num__gross_profit,gross_profit,accounting_fundamental,0.005288569723714812,0.005288569723714812
test_target_tweaks2,failure_pressure_profit_roa_next_4obs,random_forest,all_features,42,num__current_liabilities_growth_4obs,current_liabilities_growth_4obs,firm_trend,0.005286591756236292,0.005286591756236292
test_target_tweaks2,failure_pressure_profit_roa_next_4obs,random_forest,all_features,42,num__USEPUINDXD,USEPUINDXD,macro,0.005170539492735007,0.005170539492735007
test_target_tweaks2,failure_pressure_profit_roa_next_4obs,random_forest,all_features,42,num__PAYEMS_yoy_pct,PAYEMS_yoy_pct,macro,0.0050985384938288265,0.0050985384938288265
test_target_tweaks2,failure_pressure_profit_roa_next_4obs,random_forest,all_features,202,num__net_income_negative_count_prior_4obs,net_income_negative_count_prior_4obs,firm_trend,0.09803509509334206,0.09803509509334206
test_target_tweaks2,failure_pressure_profit_roa_next_4obs,random_forest,all_features,202,num__roa,roa,financial_ratio,0.08495265844686113,0.08495265844686113
test_target_tweaks2,failure_pressure_profit_roa_next_4obs,random_forest,all_features,202,num__roa_lag1,roa_lag1,firm_trend,0.08305371656038872,0.08305371656038872
test_target_tweaks2,failure_pressure_profit_roa_next_4obs,random_forest,all_features,202,num__net_income,net_income,accounting_fundamental,0.058083713116278524,0.058083713116278524
test_target_tweaks2,failure_pressure_profit_roa_next_4obs,random_forest,all_features,202,num__net_margin,net_margin,financial_ratio,0.051484838867600274,0.051484838867600274
test_target_tweaks2,failure_pressure_profit_roa_next_4obs,random_forest,all_features,202,num__operating_income,operating_income,accounting_fundamental,0.04917866499693991,0.04917866499693991
test_target_tweaks2,failure_pressure_profit_roa_next_4obs,random_forest,all_features,202,num__net_margin_lag1,net_margin_lag1,firm_trend,0.043911380279473056,0.043911380279473056
test_target_tweaks2,failure_pressure_profit_roa_next_4obs,random_forest,all_features,202,num__operating_margin_lag1,operating_margin_lag1,firm_trend,0.030259409222819073,0.030259409222819073
test_target_tweaks2,failure_pressure_profit_roa_next_4obs,random_forest,all_features,202,num__operating_margin,operating_margin,financial_ratio,0.025264683303525888,0.025264683303525888
test_target_tweaks2,failure_pressure_profit_roa_next_4obs,random_forest,all_features,202,num__total_equity,total_equity,accounting_fundamental,0.021564214208405628,0.021564214208405628
test_target_tweaks2,failure_pressure_profit_roa_next_4obs,random_forest,all_features,202,num__current_assets,current_assets,accounting_fundamental,0.01962954802091762,0.01962954802091762
test_target_tweaks2,failure_pressure_profit_roa_next_4obs,random_forest,all_features,202,num__current_liabilities,current_liabilities,accounting_fundamental,0.01802200080072494,0.01802200080072494
test_target_tweaks2,failure_pressure_profit_roa_next_4obs,random_forest,all_features,202,num__total_assets,total_assets,accounting_fundamental,0.016484608450377674,0.016484608450377674
test_target_tweaks2,failure_pressure_profit_roa_next_4obs,random_forest,all_features,202,num__cash_equivalents,cash_equivalents,accounting_fundamental,0.014958251929857164,0.014958251929857164
test_target_tweaks2,failure_pressure_profit_roa_next_4obs,random_forest,all_features,202,num__total_liabilities,total_liabilities,accounting_fundamental,0.012606024716593233,0.012606024716593233
test_target_tweaks2,failure_pressure_profit_roa_next_4obs,random_forest,all_features,202,num__total_revenue,total_revenue,accounting_fundamental,0.012094319997493753,0.012094319997493753
test_target_tweaks2,failure_pressure_profit_roa_next_4obs,random_forest,all_features,202,num__total_assets_growth_4obs,total_assets_growth_4obs,firm_trend,0.011317314790251772,0.011317314790251772
test_target_tweaks2,failure_pressure_profit_roa_next_4obs,random_forest,all_features,202,cat__Sector_Energy,Sector_Energy,sector,0.010736408304174858,0.010736408304174858
test_target_tweaks2,failure_pressure_profit_roa_next_4obs,random_forest,all_features,202,num__roa_change_4obs,roa_change_4obs,firm_trend,0.010375519150509938,0.010375519150509938
test_target_tweaks2,failure_pressure_profit_roa_next_4obs,random_forest,all_features,202,num__cash_flow_operating,cash_flow_operating,accounting_fundamental,0.010335122485857329,0.010335122485857329
test_target_tweaks2,failure_pressure_profit_roa_next_4obs,random_forest,all_features,202,num__equity_assets,equity_assets,financial_ratio,0.010221221650460207,0.010221221650460207
test_target_tweaks2,failure_pressure_profit_roa_next_4obs,random_forest,all_features,202,num__receivables_assets,receivables_assets,financial_ratio,0.009693791270732976,0.009693791270732976
test_target_tweaks2,failure_pressure_profit_roa_next_4obs,random_forest,all_features,202,num__cash_assets,cash_assets,financial_ratio,0.009422569941848731,0.009422569941848731
test_target_tweaks2,failure_pressure_profit_roa_next_4obs,random_forest,all_features,202,num__cash_assets_lag1,cash_assets_lag1,firm_trend,0.008540153455966122,0.008540153455966122
test_target_tweaks2,failure_pressure_profit_roa_next_4obs,random_forest,all_features,202,num__net_margin_change_4obs,net_margin_change_4obs,firm_trend,0.008332109454572523,0.008332109454572523
test_target_tweaks2,failure_pressure_profit_roa_next_4obs,random_forest,all_features,202,num__total_revenue_growth_4obs,total_revenue_growth_4obs,firm_trend,0.0074009303964870255,0.0074009303964870255
test_target_tweaks2,failure_pressure_profit_roa_next_4obs,random_forest,all_features,202,num__capex,capex,accounting_fundamental,0.007084486515717714,0.007084486515717714
test_target_tweaks2,failure_pressure_profit_roa_next_4obs,random_forest,all_features,202,num__current_ratio_lag1,current_ratio_lag1,firm_trend,0.006948849688548138,0.006948849688548138
test_target_tweaks2,failure_pressure_profit_roa_next_4obs,random_forest,all_features,202,num__inventory_assets,inventory_assets,financial_ratio,0.0069000622005274195,0.0069000622005274195
test_target_tweaks2,failure_pressure_profit_roa_next_4obs,random_forest,all_features,202,num__current_ratio,current_ratio,financial_ratio,0.006484325848856392,0.006484325848856392
test_target_tweaks2,failure_pressure_profit_roa_next_4obs,random_forest,all_features,202,num__DTWEXBGS_yoy_pct,DTWEXBGS_yoy_pct,macro,0.006080254684869131,0.006080254684869131
test_target_tweaks2,failure_pressure_profit_roa_next_4obs,random_forest,all_features,202,num__current_assets_growth_4obs,current_assets_growth_4obs,firm_trend,0.00595870552427388,0.00595870552427388
test_target_tweaks2,failure_pressure_profit_roa_next_4obs,random_forest,all_features,202,num__DCOILWTICO,DCOILWTICO,macro,0.00560357571111129,0.00560357571111129
test_target_tweaks2,failure_pressure_profit_roa_next_4obs,random_forest,all_features,202,num__operating_margin_change_4obs,operating_margin_change_4obs,firm_trend,0.005592520574993722,0.005592520574993722
test_target_tweaks2,failure_pressure_profit_roa_next_4obs,random_forest,all_features,202,num__leverage_assets,leverage_assets,financial_ratio,0.0055914806180831994,0.0055914806180831994
test_target_tweaks2,failure_pressure_profit_roa_next_4obs,random_forest,all_features,202,num__DCOILWTICO_yoy_pct,DCOILWTICO_yoy_pct,macro,0.005396276973460321,0.005396276973460321
test_target_tweaks2,failure_pressure_profit_roa_next_4obs,random_forest,all_features,202,num__PAYEMS_yoy_pct,PAYEMS_yoy_pct,macro,0.004968430632816186,0.004968430632816186
test_target_tweaks2,failure_pressure_profit_roa_next_4obs,random_forest,all_features,202,num__T10Y2Y,T10Y2Y,macro,0.004950842139165902,0.004950842139165902
test_target_tweaks2,failure_pressure_profit_roa_next_4obs,random_forest,all_features,202,num__NFCI,NFCI,macro,0.00487110948881274,0.00487110948881274
test_target_tweaks2,failure_pressure_profit_roa_next_4obs,random_forest,all_features,202,num__VIXCLS,VIXCLS,macro,0.004824769611602909,0.004824769611602909
test_target_tweaks2,failure_pressure_profit_roa_next_4obs,gradient_boosting,all_features,42,num__net_income_negative_count_prior_4obs,net_income_negative_count_prior_4obs,firm_trend,0.5653032618363714,0.5653032618363714
test_target_tweaks2,failure_pressure_profit_roa_next_4obs,gradient_boosting,all_features,42,num__net_income,net_income,accounting_fundamental,0.15892984101822633,0.15892984101822633
test_target_tweaks2,failure_pressure_profit_roa_next_4obs,gradient_boosting,all_features,42,num__roa_lag1,roa_lag1,firm_trend,0.03475508591249262,0.03475508591249262
test_target_tweaks2,failure_pressure_profit_roa_next_4obs,gradient_boosting,all_features,42,num__operating_income,operating_income,accounting_fundamental,0.03350313207438361,0.03350313207438361
test_target_tweaks2,failure_pressure_profit_roa_next_4obs,gradient_boosting,all_features,42,cat__Sector_Energy,Sector_Energy,sector,0.032447543307279204,0.032447543307279204
test_target_tweaks2,failure_pressure_profit_roa_next_4obs,gradient_boosting,all_features,42,num__roa,roa,financial_ratio,0.019137890154995604,0.019137890154995604
test_target_tweaks2,failure_pressure_profit_roa_next_4obs,gradient_boosting,all_features,42,num__missingindicator_roa_lag1,roa_lag1,firm_trend,0.01471432131849986,0.01471432131849986
test_target_tweaks2,failure_pressure_profit_roa_next_4obs,gradient_boosting,all_features,42,num__operating_margin_lag1,operating_margin_lag1,firm_trend,0.010321415006497336,0.010321415006497336
test_target_tweaks2,failure_pressure_profit_roa_next_4obs,gradient_boosting,all_features,42,num__missingindicator_roa_change_4obs,roa_change_4obs,firm_trend,0.007784503067063817,0.007784503067063817
test_target_tweaks2,failure_pressure_profit_roa_next_4obs,gradient_boosting,all_features,42,num__inventory_assets,inventory_assets,financial_ratio,0.007198416854784407,0.007198416854784407
test_target_tweaks2,failure_pressure_profit_roa_next_4obs,gradient_boosting,all_features,42,num__receivables_assets,receivables_assets,financial_ratio,0.006991234142467271,0.006991234142467271
test_target_tweaks2,failure_pressure_profit_roa_next_4obs,gradient_boosting,all_features,42,num__current_assets,current_assets,accounting_fundamental,0.0066874064098882335,0.0066874064098882335
test_target_tweaks2,failure_pressure_profit_roa_next_4obs,gradient_boosting,all_features,42,num__net_margin_lag1,net_margin_lag1,firm_trend,0.00610119664498255,0.00610119664498255
test_target_tweaks2,failure_pressure_profit_roa_next_4obs,gradient_boosting,all_features,42,num__DTWEXBGS_yoy_pct,DTWEXBGS_yoy_pct,macro,0.004762817131935719,0.004762817131935719
test_target_tweaks2,failure_pressure_profit_roa_next_4obs,gradient_boosting,all_features,42,num__total_equity,total_equity,accounting_fundamental,0.004519962579515854,0.004519962579515854
test_target_tweaks2,failure_pressure_profit_roa_next_4obs,gradient_boosting,all_features,42,num__total_assets_growth_4obs,total_assets_growth_4obs,firm_trend,0.003942011313946289,0.003942011313946289
test_target_tweaks2,failure_pressure_profit_roa_next_4obs,gradient_boosting,all_features,42,cat__Sector_Financial Services,Sector_Financial Services,sector,0.0038353647077663936,0.0038353647077663936
test_target_tweaks2,failure_pressure_profit_roa_next_4obs,gradient_boosting,all_features,42,num__cash_assets_lag1,cash_assets_lag1,firm_trend,0.003510141482077628,0.003510141482077628
test_target_tweaks2,failure_pressure_profit_roa_next_4obs,gradient_boosting,all_features,42,num__total_assets,total_assets,accounting_fundamental,0.003482061106996274,0.003482061106996274
test_target_tweaks2,failure_pressure_profit_roa_next_4obs,gradient_boosting,all_features,42,num__DCOILWTICO_yoy_pct,DCOILWTICO_yoy_pct,macro,0.003450712971149071,0.003450712971149071
test_target_tweaks2,failure_pressure_profit_roa_next_4obs,gradient_boosting,all_features,42,num__cash_assets,cash_assets,financial_ratio,0.003391207253651821,0.003391207253651821
test_target_tweaks2,failure_pressure_profit_roa_next_4obs,gradient_boosting,all_features,42,num__equity_assets,equity_assets,financial_ratio,0.0033211917823892036,0.0033211917823892036
test_target_tweaks2,failure_pressure_profit_roa_next_4obs,gradient_boosting,all_features,42,num__NFCI,NFCI,macro,0.002817410506839237,0.002817410506839237
test_target_tweaks2,failure_pressure_profit_roa_next_4obs,gradient_boosting,all_features,42,num__missingindicator_capex,capex,accounting_fundamental,0.002719899532096249,0.002719899532096249
test_target_tweaks2,failure_pressure_profit_roa_next_4obs,gradient_boosting,all_features,42,num__BUSLOANS,BUSLOANS,macro,0.0025809462057521703,0.0025809462057521703
test_target_tweaks2,failure_pressure_profit_roa_next_4obs,gradient_boosting,all_features,42,num__M2SL_yoy_pct,M2SL_yoy_pct,macro,0.00242293327170207,0.00242293327170207
test_target_tweaks2,failure_pressure_profit_roa_next_4obs,gradient_boosting,all_features,42,num__DCOILWTICO,DCOILWTICO,macro,0.0023779477185729603,0.0023779477185729603
test_target_tweaks2,failure_pressure_profit_roa_next_4obs,gradient_boosting,all_features,42,num__UNRATE,UNRATE,macro,0.002272978194346029,0.002272978194346029
test_target_tweaks2,failure_pressure_profit_roa_next_4obs,gradient_boosting,all_features,42,num__total_revenue_growth_4obs,total_revenue_growth_4obs,firm_trend,0.0021187841024959196,0.0021187841024959196
test_target_tweaks2,failure_pressure_profit_roa_next_4obs,gradient_boosting,all_features,42,num__roa_change_4obs,roa_change_4obs,firm_trend,0.002051691311603453,0.002051691311603453
test_target_tweaks2,failure_pressure_profit_roa_next_4obs,gradient_boosting,all_features,42,num__global_event_commodity_oil_severity,global_event_commodity_oil_severity,global_event_context,0.0018935253200884257,0.0018935253200884257
test_target_tweaks2,failure_pressure_profit_roa_next_4obs,gradient_boosting,all_features,42,num__current_ratio,current_ratio,financial_ratio,0.001796275659035342,0.001796275659035342
test_target_tweaks2,failure_pressure_profit_roa_next_4obs,gradient_boosting,all_features,42,num__current_ratio_lag1,current_ratio_lag1,firm_trend,0.0017710284754469262,0.0017710284754469262
test_target_tweaks2,failure_pressure_profit_roa_next_4obs,gradient_boosting,all_features,42,num__current_liabilities,current_liabilities,accounting_fundamental,0.0017342848271024022,0.0017342848271024022
test_target_tweaks2,failure_pressure_profit_roa_next_4obs,gradient_boosting,all_features,42,num__PAYEMS_yoy_pct,PAYEMS_yoy_pct,macro,0.001661126591910581,0.001661126591910581
test_target_tweaks2,failure_pressure_profit_roa_next_4obs,gradient_boosting,all_features,42,num__global_event_commodity_oil_count,global_event_commodity_oil_count,global_event_context,0.0016322759328163494,0.0016322759328163494
test_target_tweaks2,failure_pressure_profit_roa_next_4obs,gradient_boosting,all_features,42,num__capex,capex,accounting_fundamental,0.0013982548101264891,0.0013982548101264891
test_target_tweaks2,failure_pressure_profit_roa_next_4obs,gradient_boosting,all_features,42,num__net_margin_change_4obs,net_margin_change_4obs,firm_trend,0.001212421431605568,0.001212421431605568
test_target_tweaks2,failure_pressure_profit_roa_next_4obs,gradient_boosting,all_features,42,num__missingindicator_cash_assets_change_4obs,cash_assets_change_4obs,firm_trend,0.0011979355299671915,0.0011979355299671915
test_target_tweaks2,failure_pressure_profit_roa_next_4obs,gradient_boosting,all_features,42,num__total_revenue,total_revenue,accounting_fundamental,0.0010702709555931304,0.0010702709555931304
test_target_tweaks2,failure_pressure_profit_roa_next_4obs,gradient_boosting,all_features,202,num__net_income_negative_count_prior_4obs,net_income_negative_count_prior_4obs,firm_trend,0.5653560803175023,0.5653560803175023
test_target_tweaks2,failure_pressure_profit_roa_next_4obs,gradient_boosting,all_features,202,num__net_income,net_income,accounting_fundamental,0.15891157529345545,0.15891157529345545
test_target_tweaks2,failure_pressure_profit_roa_next_4obs,gradient_boosting,all_features,202,num__roa_lag1,roa_lag1,firm_trend,0.03475246424396504,0.03475246424396504
test_target_tweaks2,failure_pressure_profit_roa_next_4obs,gradient_boosting,all_features,202,num__operating_income,operating_income,accounting_fundamental,0.0335031320743647,0.0335031320743647
test_target_tweaks2,failure_pressure_profit_roa_next_4obs,gradient_boosting,all_features,202,cat__Sector_Energy,Sector_Energy,sector,0.03244754330727451,0.03244754330727451
test_target_tweaks2,failure_pressure_profit_roa_next_4obs,gradient_boosting,all_features,202,num__roa,roa,financial_ratio,0.019137890154980117,0.019137890154980117
test_target_tweaks2,failure_pressure_profit_roa_next_4obs,gradient_boosting,all_features,202,num__missingindicator_roa_lag1,roa_lag1,firm_trend,0.014714321318501537,0.014714321318501537
test_target_tweaks2,failure_pressure_profit_roa_next_4obs,gradient_boosting,all_features,202,num__operating_margin_lag1,operating_margin_lag1,firm_trend,0.010321415006493495,0.010321415006493495
test_target_tweaks2,failure_pressure_profit_roa_next_4obs,gradient_boosting,all_features,202,num__missingindicator_roa_change_4obs,roa_change_4obs,firm_trend,0.0077845030670635,0.0077845030670635
test_target_tweaks2,failure_pressure_profit_roa_next_4obs,gradient_boosting,all_features,202,num__inventory_assets,inventory_assets,financial_ratio,0.007163517598059536,0.007163517598059536
test_target_tweaks2,failure_pressure_profit_roa_next_4obs,gradient_boosting,all_features,202,num__receivables_assets,receivables_assets,financial_ratio,0.006961478525030299,0.006961478525030299
test_target_tweaks2,failure_pressure_profit_roa_next_4obs,gradient_boosting,all_features,202,num__current_assets,current_assets,accounting_fundamental,0.006687406409879737,0.006687406409879737
test_target_tweaks2,failure_pressure_profit_roa_next_4obs,gradient_boosting,all_features,202,num__net_margin_lag1,net_margin_lag1,firm_trend,0.006165898190485734,0.006165898190485734
test_target_tweaks2,failure_pressure_profit_roa_next_4obs,gradient_boosting,all_features,202,num__DTWEXBGS_yoy_pct,DTWEXBGS_yoy_pct,macro,0.004768105034137399,0.004768105034137399
test_target_tweaks2,failure_pressure_profit_roa_next_4obs,gradient_boosting,all_features,202,num__total_equity,total_equity,accounting_fundamental,0.004506979966697349,0.004506979966697349
test_target_tweaks2,failure_pressure_profit_roa_next_4obs,gradient_boosting,all_features,202,num__total_assets_growth_4obs,total_assets_growth_4obs,firm_trend,0.00394201131394503,0.00394201131394503
test_target_tweaks2,failure_pressure_profit_roa_next_4obs,gradient_boosting,all_features,202,cat__Sector_Financial Services,Sector_Financial Services,sector,0.003835364707764028,0.003835364707764028
test_target_tweaks2,failure_pressure_profit_roa_next_4obs,gradient_boosting,all_features,202,num__cash_assets_lag1,cash_assets_lag1,firm_trend,0.003510199749605979,0.003510199749605979
test_target_tweaks2,failure_pressure_profit_roa_next_4obs,gradient_boosting,all_features,202,num__total_assets,total_assets,accounting_fundamental,0.003473711259433144,0.003473711259433144
test_target_tweaks2,failure_pressure_profit_roa_next_4obs,gradient_boosting,all_features,202,num__DCOILWTICO_yoy_pct,DCOILWTICO_yoy_pct,macro,0.003450712971159145,0.003450712971159145
test_target_tweaks2,failure_pressure_profit_roa_next_4obs,gradient_boosting,all_features,202,num__cash_assets,cash_assets,financial_ratio,0.0034266457233341784,0.0034266457233341784
test_target_tweaks2,failure_pressure_profit_roa_next_4obs,gradient_boosting,all_features,202,num__equity_assets,equity_assets,financial_ratio,0.0033211917823921596,0.0033211917823921596
test_target_tweaks2,failure_pressure_profit_roa_next_4obs,gradient_boosting,all_features,202,num__NFCI,NFCI,macro,0.002817410506845534,0.002817410506845534
test_target_tweaks2,failure_pressure_profit_roa_next_4obs,gradient_boosting,all_features,202,num__missingindicator_capex,capex,accounting_fundamental,0.0027198995321103293,0.0027198995321103293
test_target_tweaks2,failure_pressure_profit_roa_next_4obs,gradient_boosting,all_features,202,num__global_event_commodity_oil_count,global_event_commodity_oil_count,global_event_context,0.0026871723840777724,0.0026871723840777724
test_target_tweaks2,failure_pressure_profit_roa_next_4obs,gradient_boosting,all_features,202,num__BUSLOANS,BUSLOANS,macro,0.0025809462057466014,0.0025809462057466014
test_target_tweaks2,failure_pressure_profit_roa_next_4obs,gradient_boosting,all_features,202,num__M2SL_yoy_pct,M2SL_yoy_pct,macro,0.0024315977643594817,0.0024315977643594817
test_target_tweaks2,failure_pressure_profit_roa_next_4obs,gradient_boosting,all_features,202,num__DCOILWTICO,DCOILWTICO,macro,0.002389957774662253,0.002389957774662253
test_target_tweaks2,failure_pressure_profit_roa_next_4obs,gradient_boosting,all_features,202,num__UNRATE,UNRATE,macro,0.0023584043854784045,0.0023584043854784045
test_target_tweaks2,failure_pressure_profit_roa_next_4obs,gradient_boosting,all_features,202,num__total_revenue_growth_4obs,total_revenue_growth_4obs,firm_trend,0.002102074195615173,0.002102074195615173
test_target_tweaks2,failure_pressure_profit_roa_next_4obs,gradient_boosting,all_features,202,num__roa_change_4obs,roa_change_4obs,firm_trend,0.0020516913116036283,0.0020516913116036283
test_target_tweaks2,failure_pressure_profit_roa_next_4obs,gradient_boosting,all_features,202,num__current_ratio,current_ratio,financial_ratio,0.0017962030696128948,0.0017962030696128948
test_target_tweaks2,failure_pressure_profit_roa_next_4obs,gradient_boosting,all_features,202,num__current_ratio_lag1,current_ratio_lag1,firm_trend,0.0017710284754401011,0.0017710284754401011
test_target_tweaks2,failure_pressure_profit_roa_next_4obs,gradient_boosting,all_features,202,num__current_liabilities,current_liabilities,accounting_fundamental,0.0017418183894632273,0.0017418183894632273
test_target_tweaks2,failure_pressure_profit_roa_next_4obs,gradient_boosting,all_features,202,num__PAYEMS_yoy_pct,PAYEMS_yoy_pct,macro,0.0016203419524940187,0.0016203419524940187
test_target_tweaks2,failure_pressure_profit_roa_next_4obs,gradient_boosting,all_features,202,num__capex,capex,accounting_fundamental,0.001398254810126443,0.001398254810126443
test_target_tweaks2,failure_pressure_profit_roa_next_4obs,gradient_boosting,all_features,202,num__net_margin_change_4obs,net_margin_change_4obs,firm_trend,0.0012124214316062017,0.0012124214316062017
test_target_tweaks2,failure_pressure_profit_roa_next_4obs,gradient_boosting,all_features,202,num__missingindicator_cash_assets_change_4obs,cash_assets_change_4obs,firm_trend,0.0011979355299643808,0.0011979355299643808
test_target_tweaks2,failure_pressure_profit_roa_next_4obs,gradient_boosting,all_features,202,num__total_revenue,total_revenue,accounting_fundamental,0.0010702709555929335,0.0010702709555929335
test_target_tweaks2,failure_pressure_profit_roa_next_4obs,gradient_boosting,all_features,202,num__missingindicator_total_assets_growth_4obs,total_assets_growth_4obs,firm_trend,0.0010347632884070831,0.0010347632884070831
test_target_tweaks2,success_quality_growth_next_4obs,logistic_l2,all_features,42,num__total_assets,total_assets,accounting_fundamental,5.1776407016961565,-5.1776407016961565
test_target_tweaks2,success_quality_growth_next_4obs,logistic_l2,all_features,42,num__total_liabilities,total_liabilities,accounting_fundamental,3.2087246752428085,-3.2087246752428085
test_target_tweaks2,success_quality_growth_next_4obs,logistic_l2,all_features,42,cat__Sector_Agriculture,Sector_Agriculture,sector,2.8102012373484286,-2.8102012373484286
test_target_tweaks2,success_quality_growth_next_4obs,logistic_l2,all_features,42,num__roa_lag1,roa_lag1,firm_trend,2.4051935249758953,2.4051935249758953
test_target_tweaks2,success_quality_growth_next_4obs,logistic_l2,all_features,42,cat__Sector_Utilities,Sector_Utilities,sector,2.128280022594678,-2.128280022594678
test_target_tweaks2,success_quality_growth_next_4obs,logistic_l2,all_features,42,cat__Sector_Consumer Discretionary,Sector_Consumer Discretionary,sector,2.0619350503312486,2.0619350503312486
test_target_tweaks2,success_quality_growth_next_4obs,logistic_l2,all_features,42,num__missingindicator_operating_income,operating_income,accounting_fundamental,1.5406900322047985,-1.5406900322047985
test_target_tweaks2,success_quality_growth_next_4obs,logistic_l2,all_features,42,num__roa,roa,financial_ratio,1.4108083031242054,1.4108083031242054
test_target_tweaks2,success_quality_growth_next_4obs,logistic_l2,all_features,42,num__cash_equivalents,cash_equivalents,accounting_fundamental,1.4024098929346018,1.4024098929346018
test_target_tweaks2,success_quality_growth_next_4obs,logistic_l2,all_features,42,cat__Sector_Basic Materials,Sector_Basic Materials,sector,1.3060659814527655,-1.3060659814527655
test_target_tweaks2,success_quality_growth_next_4obs,logistic_l2,all_features,42,num__total_equity,total_equity,accounting_fundamental,1.2587988833378243,1.2587988833378243
test_target_tweaks2,success_quality_growth_next_4obs,logistic_l2,all_features,42,num__PAYEMS,PAYEMS,macro,1.176973420985746,-1.176973420985746
test_target_tweaks2,success_quality_growth_next_4obs,logistic_l2,all_features,42,num__missingindicator_total_liabilities,total_liabilities,accounting_fundamental,1.1679305787741985,-1.1679305787741985
test_target_tweaks2,success_quality_growth_next_4obs,logistic_l2,all_features,42,num__missingindicator_leverage_assets,leverage_assets,financial_ratio,1.1665253922350318,-1.1665253922350318
test_target_tweaks2,success_quality_growth_next_4obs,logistic_l2,all_features,42,num__missingindicator_net_margin,net_margin,financial_ratio,1.1284008195388702,-1.1284008195388702
test_target_tweaks2,success_quality_growth_next_4obs,logistic_l2,all_features,42,num__leverage_assets_lag1,leverage_assets_lag1,firm_trend,1.0300865052299688,-1.0300865052299688
test_target_tweaks2,success_quality_growth_next_4obs,logistic_l2,all_features,42,num__UNRATE,UNRATE,macro,0.9857995003028757,-0.9857995003028757
test_target_tweaks2,success_quality_growth_next_4obs,logistic_l2,all_features,42,num__INDPRO,INDPRO,macro,0.9166826903708691,-0.9166826903708691
test_target_tweaks2,success_quality_growth_next_4obs,logistic_l2,all_features,42,cat__Sector_Energy,Sector_Energy,sector,0.8952659658702112,-0.8952659658702112
test_target_tweaks2,success_quality_growth_next_4obs,logistic_l2,all_features,42,num__equity_assets,equity_assets,financial_ratio,0.8191762436680555,0.8191762436680555
test_target_tweaks2,success_quality_growth_next_4obs,logistic_l2,all_features,42,num__CPIAUCSL,CPIAUCSL,macro,0.7663136301137686,0.7663136301137686
test_target_tweaks2,success_quality_growth_next_4obs,logistic_l2,all_features,42,num__BUSLOANS,BUSLOANS,macro,0.7621958948066769,-0.7621958948066769
test_target_tweaks2,success_quality_growth_next_4obs,logistic_l2,all_features,42,num__T10Y3M,T10Y3M,macro,0.7572215277771892,0.7572215277771892
test_target_tweaks2,success_quality_growth_next_4obs,logistic_l2,all_features,42,num__T10Y2Y,T10Y2Y,macro,0.7507576379202537,-0.7507576379202537
test_target_tweaks2,success_quality_growth_next_4obs,logistic_l2,all_features,42,cat__Sector_Real Estate,Sector_Real Estate,sector,0.7387056166853515,-0.7387056166853515
test_target_tweaks2,success_quality_growth_next_4obs,logistic_l2,all_features,42,cat__Sector_Communication Services,Sector_Communication Services,sector,0.706899476704182,-0.706899476704182
test_target_tweaks2,success_quality_growth_next_4obs,logistic_l2,all_features,42,num__missingindicator_operating_margin_lag1,operating_margin_lag1,firm_trend,0.7047510948819744,-0.7047510948819744
test_target_tweaks2,success_quality_growth_next_4obs,logistic_l2,all_features,42,num__GDPC1,GDPC1,macro,0.7027009023906582,0.7027009023906582
test_target_tweaks2,success_quality_growth_next_4obs,logistic_l2,all_features,42,num__leverage_assets,leverage_assets,financial_ratio,0.6455840386496333,-0.6455840386496333
test_target_tweaks2,success_quality_growth_next_4obs,logistic_l2,all_features,42,num__net_margin_lag1,net_margin_lag1,firm_trend,0.6306737602957709,0.6306737602957709
test_target_tweaks2,success_quality_growth_next_4obs,logistic_l2,all_features,42,num__net_income_negative_count_prior_4obs,net_income_negative_count_prior_4obs,firm_trend,0.6039057124901559,-0.6039057124901559
test_target_tweaks2,success_quality_growth_next_4obs,logistic_l2,all_features,42,cat__Sector_Technology,Sector_Technology,sector,0.5871530925096102,0.5871530925096102
test_target_tweaks2,success_quality_growth_next_4obs,logistic_l2,all_features,42,num__operating_margin_lag1,operating_margin_lag1,firm_trend,0.5235029283324134,-0.5235029283324134
test_target_tweaks2,success_quality_growth_next_4obs,logistic_l2,all_features,42,num__missingindicator_current_ratio_change_4obs,current_ratio_change_4obs,firm_trend,0.47299586146934114,0.47299586146934114
test_target_tweaks2,success_quality_growth_next_4obs,logistic_l2,all_features,42,num__operating_income,operating_income,accounting_fundamental,0.4672530949723771,0.4672530949723771
test_target_tweaks2,success_quality_growth_next_4obs,logistic_l2,all_features,42,num__NFCI,NFCI,macro,0.46240520171546007,-0.46240520171546007
test_target_tweaks2,success_quality_growth_next_4obs,logistic_l2,all_features,42,num__missingindicator_total_revenue,total_revenue,accounting_fundamental,0.45715199205191737,0.45715199205191737
test_target_tweaks2,success_quality_growth_next_4obs,logistic_l2,all_features,42,num__net_income,net_income,accounting_fundamental,0.45294035769752583,0.45294035769752583
test_target_tweaks2,success_quality_growth_next_4obs,logistic_l2,all_features,42,num__missingindicator_cash_assets_change_4obs,cash_assets_change_4obs,firm_trend,0.45100579384331935,-0.45100579384331935
test_target_tweaks2,success_quality_growth_next_4obs,logistic_l2,all_features,42,num__INDPRO_yoy_pct,INDPRO_yoy_pct,macro,0.44420194638750604,0.44420194638750604
test_target_tweaks2,success_quality_growth_next_4obs,random_forest,all_features,42,num__leverage_assets,leverage_assets,financial_ratio,0.07229329307920887,0.07229329307920887
test_target_tweaks2,success_quality_growth_next_4obs,random_forest,all_features,42,num__roa,roa,financial_ratio,0.0685003192101774,0.0685003192101774
test_target_tweaks2,success_quality_growth_next_4obs,random_forest,all_features,42,num__roa_lag1,roa_lag1,firm_trend,0.06429907524196879,0.06429907524196879
test_target_tweaks2,success_quality_growth_next_4obs,random_forest,all_features,42,num__leverage_assets_lag1,leverage_assets_lag1,firm_trend,0.061366959163312466,0.061366959163312466
test_target_tweaks2,success_quality_growth_next_4obs,random_forest,all_features,42,num__equity_assets,equity_assets,financial_ratio,0.049308959282349914,0.049308959282349914
test_target_tweaks2,success_quality_growth_next_4obs,random_forest,all_features,42,num__missingindicator_leverage_assets,leverage_assets,financial_ratio,0.04693825841906006,0.04693825841906006
test_target_tweaks2,success_quality_growth_next_4obs,random_forest,all_features,42,num__missingindicator_total_liabilities,total_liabilities,accounting_fundamental,0.04272572198617545,0.04272572198617545
test_target_tweaks2,success_quality_growth_next_4obs,random_forest,all_features,42,num__missingindicator_operating_margin,operating_margin,financial_ratio,0.03154227760478679,0.03154227760478679
test_target_tweaks2,success_quality_growth_next_4obs,random_forest,all_features,42,num__operating_margin,operating_margin,financial_ratio,0.03052996340734876,0.03052996340734876
test_target_tweaks2,success_quality_growth_next_4obs,random_forest,all_features,42,num__cash_assets,cash_assets,financial_ratio,0.030411279414143916,0.030411279414143916
test_target_tweaks2,success_quality_growth_next_4obs,random_forest,all_features,42,num__missingindicator_leverage_assets_lag1,leverage_assets_lag1,firm_trend,0.02648923311652166,0.02648923311652166
test_target_tweaks2,success_quality_growth_next_4obs,random_forest,all_features,42,num__cash_assets_lag1,cash_assets_lag1,firm_trend,0.024178745100576972,0.024178745100576972
test_target_tweaks2,success_quality_growth_next_4obs,random_forest,all_features,42,num__missingindicator_operating_margin_lag1,operating_margin_lag1,firm_trend,0.024109281854080036,0.024109281854080036
test_target_tweaks2,success_quality_growth_next_4obs,random_forest,all_features,42,num__current_ratio,current_ratio,financial_ratio,0.023053460589643426,0.023053460589643426
test_target_tweaks2,success_quality_growth_next_4obs,random_forest,all_features,42,num__net_margin,net_margin,financial_ratio,0.021083523449234202,0.021083523449234202
test_target_tweaks2,success_quality_growth_next_4obs,random_forest,all_features,42,num__total_liabilities,total_liabilities,accounting_fundamental,0.02043189152691897,0.02043189152691897
test_target_tweaks2,success_quality_growth_next_4obs,random_forest,all_features,42,num__operating_margin_lag1,operating_margin_lag1,firm_trend,0.019193582329304,0.019193582329304
test_target_tweaks2,success_quality_growth_next_4obs,random_forest,all_features,42,num__net_margin_lag1,net_margin_lag1,firm_trend,0.018565485874958588,0.018565485874958588
test_target_tweaks2,success_quality_growth_next_4obs,random_forest,all_features,42,num__missingindicator_operating_income,operating_income,accounting_fundamental,0.015632684570475893,0.015632684570475893
test_target_tweaks2,success_quality_growth_next_4obs,random_forest,all_features,42,num__current_ratio_lag1,current_ratio_lag1,firm_trend,0.011709358240481502,0.011709358240481502
test_target_tweaks2,success_quality_growth_next_4obs,random_forest,all_features,42,num__missingindicator_total_liabilities_growth_4obs,total_liabilities_growth_4obs,firm_trend,0.010442950153424209,0.010442950153424209
test_target_tweaks2,success_quality_growth_next_4obs,random_forest,all_features,42,num__operating_income,operating_income,accounting_fundamental,0.010261682103015788,0.010261682103015788
test_target_tweaks2,success_quality_growth_next_4obs,random_forest,all_features,42,num__total_equity,total_equity,accounting_fundamental,0.008782381312243704,0.008782381312243704
test_target_tweaks2,success_quality_growth_next_4obs,random_forest,all_features,42,num__missingindicator_operating_margin_change_4obs,operating_margin_change_4obs,firm_trend,0.008295457650848674,0.008295457650848674
test_target_tweaks2,success_quality_growth_next_4obs,random_forest,all_features,42,num__total_assets,total_assets,accounting_fundamental,0.008217676646545189,0.008217676646545189
test_target_tweaks2,success_quality_growth_next_4obs,random_forest,all_features,42,num__missingindicator_leverage_assets_change_4obs,leverage_assets_change_4obs,firm_trend,0.00819584068987201,0.00819584068987201
test_target_tweaks2,success_quality_growth_next_4obs,random_forest,all_features,42,num__net_income,net_income,accounting_fundamental,0.007861632972282593,0.007861632972282593
test_target_tweaks2,success_quality_growth_next_4obs,random_forest,all_features,42,num__current_assets,current_assets,accounting_fundamental,0.007828808155674464,0.007828808155674464
test_target_tweaks2,success_quality_growth_next_4obs,random_forest,all_features,42,num__cash_equivalents,cash_equivalents,accounting_fundamental,0.007398952941576986,0.007398952941576986
test_target_tweaks2,success_quality_growth_next_4obs,random_forest,all_features,42,num__total_liabilities_growth_4obs,total_liabilities_growth_4obs,firm_trend,0.006806021711041331,0.006806021711041331
test_target_tweaks2,success_quality_growth_next_4obs,random_forest,all_features,42,num__total_revenue,total_revenue,accounting_fundamental,0.006483301841666908,0.006483301841666908
test_target_tweaks2,success_quality_growth_next_4obs,random_forest,all_features,42,num__receivables_assets,receivables_assets,financial_ratio,0.006470173308157739,0.006470173308157739
test_target_tweaks2,success_quality_growth_next_4obs,random_forest,all_features,42,num__current_liabilities,current_liabilities,accounting_fundamental,0.0063207494337773895,0.0063207494337773895
test_target_tweaks2,success_quality_growth_next_4obs,random_forest,all_features,42,cat__Sector_Technology,Sector_Technology,sector,0.005228094359425401,0.005228094359425401
test_target_tweaks2,success_quality_growth_next_4obs,random_forest,all_features,42,num__inventory_assets,inventory_assets,financial_ratio,0.004786941933981578,0.004786941933981578
test_target_tweaks2,success_quality_growth_next_4obs,random_forest,all_features,42,num__leverage_assets_change_4obs,leverage_assets_change_4obs,firm_trend,0.0041230622484652035,0.0041230622484652035
test_target_tweaks2,success_quality_growth_next_4obs,random_forest,all_features,42,num__gross_margin,gross_margin,financial_ratio,0.004037407634049154,0.004037407634049154
test_target_tweaks2,success_quality_growth_next_4obs,random_forest,all_features,42,num__current_assets_growth_4obs,current_assets_growth_4obs,firm_trend,0.003980532030784291,0.003980532030784291
test_target_tweaks2,success_quality_growth_next_4obs,random_forest,all_features,42,num__missingindicator_current_assets,current_assets,accounting_fundamental,0.003846985127394249,0.003846985127394249
test_target_tweaks2,success_quality_growth_next_4obs,random_forest,all_features,42,num__r_and_d_intensity,r_and_d_intensity,financial_ratio,0.003624596054183333,0.003624596054183333
test_target_tweaks2,success_quality_growth_next_4obs,random_forest,all_features,202,num__leverage_assets,leverage_assets,financial_ratio,0.09051887600882902,0.09051887600882902
test_target_tweaks2,success_quality_growth_next_4obs,random_forest,all_features,202,num__roa,roa,financial_ratio,0.07120229237588456,0.07120229237588456
test_target_tweaks2,success_quality_growth_next_4obs,random_forest,all_features,202,num__leverage_assets_lag1,leverage_assets_lag1,firm_trend,0.06696814049766389,0.06696814049766389
test_target_tweaks2,success_quality_growth_next_4obs,random_forest,all_features,202,num__roa_lag1,roa_lag1,firm_trend,0.060003230006673784,0.060003230006673784
test_target_tweaks2,success_quality_growth_next_4obs,random_forest,all_features,202,num__missingindicator_leverage_assets,leverage_assets,financial_ratio,0.04335622518875135,0.04335622518875135
test_target_tweaks2,success_quality_growth_next_4obs,random_forest,all_features,202,num__missingindicator_total_liabilities,total_liabilities,accounting_fundamental,0.04033893901436064,0.04033893901436064
test_target_tweaks2,success_quality_growth_next_4obs,random_forest,all_features,202,num__equity_assets,equity_assets,financial_ratio,0.03547622081461923,0.03547622081461923
test_target_tweaks2,success_quality_growth_next_4obs,random_forest,all_features,202,num__cash_assets,cash_assets,financial_ratio,0.030829475483006248,0.030829475483006248
test_target_tweaks2,success_quality_growth_next_4obs,random_forest,all_features,202,num__missingindicator_operating_margin,operating_margin,financial_ratio,0.02789616875152697,0.02789616875152697
test_target_tweaks2,success_quality_growth_next_4obs,random_forest,all_features,202,num__cash_assets_lag1,cash_assets_lag1,firm_trend,0.025746038282542037,0.025746038282542037
test_target_tweaks2,success_quality_growth_next_4obs,random_forest,all_features,202,num__net_margin,net_margin,financial_ratio,0.024378061057164696,0.024378061057164696
test_target_tweaks2,success_quality_growth_next_4obs,random_forest,all_features,202,num__missingindicator_leverage_assets_lag1,leverage_assets_lag1,firm_trend,0.02418798445723322,0.02418798445723322
test_target_tweaks2,success_quality_growth_next_4obs,random_forest,all_features,202,num__operating_margin_lag1,operating_margin_lag1,firm_trend,0.02302431318532541,0.02302431318532541
test_target_tweaks2,success_quality_growth_next_4obs,random_forest,all_features,202,num__missingindicator_operating_margin_lag1,operating_margin_lag1,firm_trend,0.02293632918979812,0.02293632918979812
test_target_tweaks2,success_quality_growth_next_4obs,random_forest,all_features,202,num__operating_margin,operating_margin,financial_ratio,0.02137253628225298,0.02137253628225298
test_target_tweaks2,success_quality_growth_next_4obs,random_forest,all_features,202,num__current_ratio,current_ratio,financial_ratio,0.02119273170444843,0.02119273170444843
test_target_tweaks2,success_quality_growth_next_4obs,random_forest,all_features,202,num__missingindicator_operating_income,operating_income,accounting_fundamental,0.020202295265929014,0.020202295265929014
test_target_tweaks2,success_quality_growth_next_4obs,random_forest,all_features,202,num__total_liabilities,total_liabilities,accounting_fundamental,0.019108040272169998,0.019108040272169998
test_target_tweaks2,success_quality_growth_next_4obs,random_forest,all_features,202,num__net_margin_lag1,net_margin_lag1,firm_trend,0.01667068946550318,0.01667068946550318
test_target_tweaks2,success_quality_growth_next_4obs,random_forest,all_features,202,num__current_ratio_lag1,current_ratio_lag1,firm_trend,0.012215248855393783,0.012215248855393783
test_target_tweaks2,success_quality_growth_next_4obs,random_forest,all_features,202,num__missingindicator_leverage_assets_change_4obs,leverage_assets_change_4obs,firm_trend,0.011987944606803917,0.011987944606803917
test_target_tweaks2,success_quality_growth_next_4obs,random_forest,all_features,202,num__missingindicator_total_liabilities_growth_4obs,total_liabilities_growth_4obs,firm_trend,0.011247367090656572,0.011247367090656572
test_target_tweaks2,success_quality_growth_next_4obs,random_forest,all_features,202,num__operating_income,operating_income,accounting_fundamental,0.01120939332178159,0.01120939332178159
test_target_tweaks2,success_quality_growth_next_4obs,random_forest,all_features,202,num__net_income,net_income,accounting_fundamental,0.009018747512530212,0.009018747512530212
test_target_tweaks2,success_quality_growth_next_4obs,random_forest,all_features,202,num__total_equity,total_equity,accounting_fundamental,0.008910476921780893,0.008910476921780893
test_target_tweaks2,success_quality_growth_next_4obs,random_forest,all_features,202,num__missingindicator_operating_margin_change_4obs,operating_margin_change_4obs,firm_trend,0.008364532599474773,0.008364532599474773
test_target_tweaks2,success_quality_growth_next_4obs,random_forest,all_features,202,num__cash_equivalents,cash_equivalents,accounting_fundamental,0.007722604129776129,0.007722604129776129
test_target_tweaks2,success_quality_growth_next_4obs,random_forest,all_features,202,num__current_assets,current_assets,accounting_fundamental,0.0077218828991926,0.0077218828991926
test_target_tweaks2,success_quality_growth_next_4obs,random_forest,all_features,202,num__current_liabilities,current_liabilities,accounting_fundamental,0.007108650338764675,0.007108650338764675
test_target_tweaks2,success_quality_growth_next_4obs,random_forest,all_features,202,num__total_assets,total_assets,accounting_fundamental,0.00631747197089541,0.00631747197089541
test_target_tweaks2,success_quality_growth_next_4obs,random_forest,all_features,202,num__receivables_assets,receivables_assets,financial_ratio,0.006143261679533196,0.006143261679533196
test_target_tweaks2,success_quality_growth_next_4obs,random_forest,all_features,202,num__total_revenue,total_revenue,accounting_fundamental,0.005735212352576953,0.005735212352576953
test_target_tweaks2,success_quality_growth_next_4obs,random_forest,all_features,202,num__r_and_d_intensity,r_and_d_intensity,financial_ratio,0.005327277909720348,0.005327277909720348
test_target_tweaks2,success_quality_growth_next_4obs,random_forest,all_features,202,num__total_liabilities_growth_4obs,total_liabilities_growth_4obs,firm_trend,0.0049648327256632,0.0049648327256632
test_target_tweaks2,success_quality_growth_next_4obs,random_forest,all_features,202,num__leverage_assets_change_4obs,leverage_assets_change_4obs,firm_trend,0.004390856249355163,0.004390856249355163
test_target_tweaks2,success_quality_growth_next_4obs,random_forest,all_features,202,num__inventory_assets,inventory_assets,financial_ratio,0.004253956180860781,0.004253956180860781
test_target_tweaks2,success_quality_growth_next_4obs,random_forest,all_features,202,num__gross_margin,gross_margin,financial_ratio,0.004192154612719331,0.004192154612719331
test_target_tweaks2,success_quality_growth_next_4obs,random_forest,all_features,202,num__missingindicator_r_and_d_intensity,r_and_d_intensity,financial_ratio,0.003930790606345,0.003930790606345
test_target_tweaks2,success_quality_growth_next_4obs,random_forest,all_features,202,num__current_assets_growth_4obs,current_assets_growth_4obs,firm_trend,0.0038788119251050514,0.0038788119251050514
test_target_tweaks2,success_quality_growth_next_4obs,random_forest,all_features,202,num__capex,capex,accounting_fundamental,0.0036319774294563617,0.0036319774294563617
test_target_tweaks2,success_quality_growth_next_4obs,gradient_boosting,all_features,42,num__leverage_assets,leverage_assets,financial_ratio,0.3883125783331271,0.3883125783331271
test_target_tweaks2,success_quality_growth_next_4obs,gradient_boosting,all_features,42,num__roa,roa,financial_ratio,0.16038678703552917,0.16038678703552917
test_target_tweaks2,success_quality_growth_next_4obs,gradient_boosting,all_features,42,num__missingindicator_operating_margin,operating_margin,financial_ratio,0.10851243608976431,0.10851243608976431
test_target_tweaks2,success_quality_growth_next_4obs,gradient_boosting,all_features,42,num__roa_lag1,roa_lag1,firm_trend,0.07910288231970261,0.07910288231970261
test_target_tweaks2,success_quality_growth_next_4obs,gradient_boosting,all_features,42,num__missingindicator_leverage_assets,leverage_assets,financial_ratio,0.05435587564408524,0.05435587564408524
test_target_tweaks2,success_quality_growth_next_4obs,gradient_boosting,all_features,42,num__leverage_assets_lag1,leverage_assets_lag1,firm_trend,0.03202264476974042,0.03202264476974042
test_target_tweaks2,success_quality_growth_next_4obs,gradient_boosting,all_features,42,num__equity_assets,equity_assets,financial_ratio,0.030098912665765,0.030098912665765
test_target_tweaks2,success_quality_growth_next_4obs,gradient_boosting,all_features,42,num__cash_assets,cash_assets,financial_ratio,0.026980496036418555,0.026980496036418555
test_target_tweaks2,success_quality_growth_next_4obs,gradient_boosting,all_features,42,num__cash_assets_lag1,cash_assets_lag1,firm_trend,0.02211348965983811,0.02211348965983811
test_target_tweaks2,success_quality_growth_next_4obs,gradient_boosting,all_features,42,num__missingindicator_total_liabilities,total_liabilities,accounting_fundamental,0.020590125182767132,0.020590125182767132
test_target_tweaks2,success_quality_growth_next_4obs,gradient_boosting,all_features,42,num__operating_margin,operating_margin,financial_ratio,0.012216659076770473,0.012216659076770473
test_target_tweaks2,success_quality_growth_next_4obs,gradient_boosting,all_features,42,num__r_and_d_intensity,r_and_d_intensity,financial_ratio,0.007556309628610346,0.007556309628610346
test_target_tweaks2,success_quality_growth_next_4obs,gradient_boosting,all_features,42,num__missingindicator_operating_margin_lag1,operating_margin_lag1,firm_trend,0.005930817005213593,0.005930817005213593
test_target_tweaks2,success_quality_growth_next_4obs,gradient_boosting,all_features,42,num__current_assets,current_assets,accounting_fundamental,0.005895571714073187,0.005895571714073187
test_target_tweaks2,success_quality_growth_next_4obs,gradient_boosting,all_features,42,num__receivables_assets,receivables_assets,financial_ratio,0.004159208182733101,0.004159208182733101
test_target_tweaks2,success_quality_growth_next_4obs,gradient_boosting,all_features,42,num__total_liabilities,total_liabilities,accounting_fundamental,0.0037639438809310075,0.0037639438809310075
test_target_tweaks2,success_quality_growth_next_4obs,gradient_boosting,all_features,42,cat__Sector_Technology,Sector_Technology,sector,0.003667325721040688,0.003667325721040688
test_target_tweaks2,success_quality_growth_next_4obs,gradient_boosting,all_features,42,num__current_liabilities,current_liabilities,accounting_fundamental,0.0035230116074856477,0.0035230116074856477
test_target_tweaks2,success_quality_growth_next_4obs,gradient_boosting,all_features,42,num__missingindicator_operating_income,operating_income,accounting_fundamental,0.00348122527373186,0.00348122527373186
test_target_tweaks2,success_quality_growth_next_4obs,gradient_boosting,all_features,42,num__operating_income,operating_income,accounting_fundamental,0.00256042120079551,0.00256042120079551
test_target_tweaks2,success_quality_growth_next_4obs,gradient_boosting,all_features,42,num__inventory_assets,inventory_assets,financial_ratio,0.0022693153295577453,0.0022693153295577453
test_target_tweaks2,success_quality_growth_next_4obs,gradient_boosting,all_features,42,num__BUSLOANS_yoy_pct,BUSLOANS_yoy_pct,macro,0.0019812698391213244,0.0019812698391213244
test_target_tweaks2,success_quality_growth_next_4obs,gradient_boosting,all_features,42,num__current_ratio,current_ratio,financial_ratio,0.0018413717259307732,0.0018413717259307732
test_target_tweaks2,success_quality_growth_next_4obs,gradient_boosting,all_features,42,num__gross_profit,gross_profit,accounting_fundamental,0.001786958275468464,0.001786958275468464
test_target_tweaks2,success_quality_growth_next_4obs,gradient_boosting,all_features,42,num__missingindicator_leverage_assets_lag1,leverage_assets_lag1,firm_trend,0.001540465211434211,0.001540465211434211
test_target_tweaks2,success_quality_growth_next_4obs,gradient_boosting,all_features,42,num__cash_equivalents,cash_equivalents,accounting_fundamental,0.001398020993390958,0.001398020993390958
test_target_tweaks2,success_quality_growth_next_4obs,gradient_boosting,all_features,42,num__GS10,GS10,macro,0.0011334842404285843,0.0011334842404285843
test_target_tweaks2,success_quality_growth_next_4obs,gradient_boosting,all_features,42,num__total_equity,total_equity,accounting_fundamental,0.0011241212947106479,0.0011241212947106479
test_target_tweaks2,success_quality_growth_next_4obs,gradient_boosting,all_features,42,num__net_income_negative_count_prior_4obs,net_income_negative_count_prior_4obs,firm_trend,0.0008879191763282569,0.0008879191763282569
test_target_tweaks2,success_quality_growth_next_4obs,gradient_boosting,all_features,42,num__total_revenue,total_revenue,accounting_fundamental,0.0007286710951694551,0.0007286710951694551
test_target_tweaks2,success_quality_growth_next_4obs,gradient_boosting,all_features,42,num__operating_margin_lag1,operating_margin_lag1,firm_trend,0.0007045059210674614,0.0007045059210674614
test_target_tweaks2,success_quality_growth_next_4obs,gradient_boosting,all_features,42,num__gross_margin_lag1,gross_margin_lag1,firm_trend,0.0006922781007868061,0.0006922781007868061
test_target_tweaks2,success_quality_growth_next_4obs,gradient_boosting,all_features,42,cat__Sector_Real Estate,Sector_Real Estate,sector,0.0006366634315872221,0.0006366634315872221
test_target_tweaks2,success_quality_growth_next_4obs,gradient_boosting,all_features,42,num__current_ratio_lag1,current_ratio_lag1,firm_trend,0.0006068389981514471,0.0006068389981514471
test_target_tweaks2,success_quality_growth_next_4obs,gradient_boosting,all_features,42,num__VIXCLS,VIXCLS,macro,0.0004948118632233993,0.0004948118632233993
test_target_tweaks2,success_quality_growth_next_4obs,gradient_boosting,all_features,42,num__total_assets,total_assets,accounting_fundamental,0.0004807628382268504,0.0004807628382268504
test_target_tweaks2,success_quality_growth_next_4obs,gradient_boosting,all_features,42,num__capex,capex,accounting_fundamental,0.00046202008201256763,0.00046202008201256763
test_target_tweaks2,success_quality_growth_next_4obs,gradient_boosting,all_features,42,num__cash_flow_operating,cash_flow_operating,accounting_fundamental,0.00043279314933005,0.00043279314933005
test_target_tweaks2,success_quality_growth_next_4obs,gradient_boosting,all_features,42,num__T10Y3M,T10Y3M,macro,0.0004018320032815114,0.0004018320032815114
test_target_tweaks2,success_quality_growth_next_4obs,gradient_boosting,all_features,42,num__leverage_assets_change_4obs,leverage_assets_change_4obs,firm_trend,0.00039320343851492165,0.00039320343851492165
test_target_tweaks2,success_quality_growth_next_4obs,gradient_boosting,all_features,202,num__leverage_assets,leverage_assets,financial_ratio,0.3883125783331333,0.3883125783331333
test_target_tweaks2,success_quality_growth_next_4obs,gradient_boosting,all_features,202,num__roa,roa,financial_ratio,0.16038690509919773,0.16038690509919773
test_target_tweaks2,success_quality_growth_next_4obs,gradient_boosting,all_features,202,num__missingindicator_operating_margin,operating_margin,financial_ratio,0.10851243608976055,0.10851243608976055
test_target_tweaks2,success_quality_growth_next_4obs,gradient_boosting,all_features,202,num__roa_lag1,roa_lag1,firm_trend,0.0791031727833887,0.0791031727833887
test_target_tweaks2,success_quality_growth_next_4obs,gradient_boosting,all_features,202,num__missingindicator_leverage_assets,leverage_assets,financial_ratio,0.05731407003487024,0.05731407003487024
test_target_tweaks2,success_quality_growth_next_4obs,gradient_boosting,all_features,202,num__leverage_assets_lag1,leverage_assets_lag1,firm_trend,0.032024931186966206,0.032024931186966206
test_target_tweaks2,success_quality_growth_next_4obs,gradient_boosting,all_features,202,num__equity_assets,equity_assets,financial_ratio,0.03012145142903358,0.03012145142903358
test_target_tweaks2,success_quality_growth_next_4obs,gradient_boosting,all_features,202,num__cash_assets,cash_assets,financial_ratio,0.0269720772515413,0.0269720772515413
test_target_tweaks2,success_quality_growth_next_4obs,gradient_boosting,all_features,202,num__cash_assets_lag1,cash_assets_lag1,firm_trend,0.02211348965983823,0.02211348965983823
test_target_tweaks2,success_quality_growth_next_4obs,gradient_boosting,all_features,202,num__missingindicator_total_liabilities,total_liabilities,accounting_fundamental,0.017631930791979635,0.017631930791979635
test_target_tweaks2,success_quality_growth_next_4obs,gradient_boosting,all_features,202,num__operating_margin,operating_margin,financial_ratio,0.012199801394247393,0.012199801394247393
test_target_tweaks2,success_quality_growth_next_4obs,gradient_boosting,all_features,202,num__r_and_d_intensity,r_and_d_intensity,financial_ratio,0.007560703151356038,0.007560703151356038
test_target_tweaks2,success_quality_growth_next_4obs,gradient_boosting,all_features,202,num__missingindicator_operating_margin_lag1,operating_margin_lag1,firm_trend,0.0059308170052153435,0.0059308170052153435
test_target_tweaks2,success_quality_growth_next_4obs,gradient_boosting,all_features,202,num__current_assets,current_assets,accounting_fundamental,0.005895612138491654,0.005895612138491654
test_target_tweaks2,success_quality_growth_next_4obs,gradient_boosting,all_features,202,num__receivables_assets,receivables_assets,financial_ratio,0.004159208182726902,0.004159208182726902
test_target_tweaks2,success_quality_growth_next_4obs,gradient_boosting,all_features,202,num__total_liabilities,total_liabilities,accounting_fundamental,0.0037658605873836077,0.0037658605873836077
test_target_tweaks2,success_quality_growth_next_4obs,gradient_boosting,all_features,202,cat__Sector_Technology,Sector_Technology,sector,0.003683254135994255,0.003683254135994255
test_target_tweaks2,success_quality_growth_next_4obs,gradient_boosting,all_features,202,num__current_liabilities,current_liabilities,accounting_fundamental,0.0035269435741435862,0.0035269435741435862
test_target_tweaks2,success_quality_growth_next_4obs,gradient_boosting,all_features,202,num__missingindicator_operating_income,operating_income,accounting_fundamental,0.003481225273730384,0.003481225273730384
test_target_tweaks2,success_quality_growth_next_4obs,gradient_boosting,all_features,202,num__operating_income,operating_income,accounting_fundamental,0.002560421200803569,0.002560421200803569
test_target_tweaks2,success_quality_growth_next_4obs,gradient_boosting,all_features,202,num__inventory_assets,inventory_assets,financial_ratio,0.0022693153295572314,0.0022693153295572314
test_target_tweaks2,success_quality_growth_next_4obs,gradient_boosting,all_features,202,num__BUSLOANS_yoy_pct,BUSLOANS_yoy_pct,macro,0.0019352017334698217,0.0019352017334698217
test_target_tweaks2,success_quality_growth_next_4obs,gradient_boosting,all_features,202,num__current_ratio,current_ratio,financial_ratio,0.0018406389594141763,0.0018406389594141763
test_target_tweaks2,success_quality_growth_next_4obs,gradient_boosting,all_features,202,num__gross_profit,gross_profit,accounting_fundamental,0.0017931238063644181,0.0017931238063644181
test_target_tweaks2,success_quality_growth_next_4obs,gradient_boosting,all_features,202,num__missingindicator_leverage_assets_lag1,leverage_assets_lag1,firm_trend,0.0015404652114342767,0.0015404652114342767
test_target_tweaks2,success_quality_growth_next_4obs,gradient_boosting,all_features,202,num__cash_equivalents,cash_equivalents,accounting_fundamental,0.001388198801145602,0.001388198801145602
test_target_tweaks2,success_quality_growth_next_4obs,gradient_boosting,all_features,202,num__GS10,GS10,macro,0.0011334842404272702,0.0011334842404272702
test_target_tweaks2,success_quality_growth_next_4obs,gradient_boosting,all_features,202,num__total_equity,total_equity,accounting_fundamental,0.0011241212947109892,0.0011241212947109892
test_target_tweaks2,success_quality_growth_next_4obs,gradient_boosting,all_features,202,num__net_income_negative_count_prior_4obs,net_income_negative_count_prior_4obs,firm_trend,0.0008884182889129267,0.0008884182889129267
test_target_tweaks2,success_quality_growth_next_4obs,gradient_boosting,all_features,202,num__total_revenue,total_revenue,accounting_fundamental,0.0007286710951704239,0.0007286710951704239
test_target_tweaks2,success_quality_growth_next_4obs,gradient_boosting,all_features,202,num__operating_margin_lag1,operating_margin_lag1,firm_trend,0.0006930016067268635,0.0006930016067268635
test_target_tweaks2,success_quality_growth_next_4obs,gradient_boosting,all_features,202,num__gross_margin_lag1,gross_margin_lag1,firm_trend,0.0006922781007870693,0.0006922781007870693
test_target_tweaks2,success_quality_growth_next_4obs,gradient_boosting,all_features,202,num__current_ratio_lag1,current_ratio_lag1,firm_trend,0.0006585266248336056,0.0006585266248336056
test_target_tweaks2,success_quality_growth_next_4obs,gradient_boosting,all_features,202,cat__Sector_Real Estate,Sector_Real Estate,sector,0.0006366634315861396,0.0006366634315861396
test_target_tweaks2,success_quality_growth_next_4obs,gradient_boosting,all_features,202,num__VIXCLS,VIXCLS,macro,0.0004948118632234381,0.0004948118632234381
test_target_tweaks2,success_quality_growth_next_4obs,gradient_boosting,all_features,202,num__total_assets,total_assets,accounting_fundamental,0.00048357792604260003,0.00048357792604260003
test_target_tweaks2,success_quality_growth_next_4obs,gradient_boosting,all_features,202,num__capex,capex,accounting_fundamental,0.0004550508378140603,0.0004550508378140603
test_target_tweaks2,success_quality_growth_next_4obs,gradient_boosting,all_features,202,num__cash_flow_operating,cash_flow_operating,accounting_fundamental,0.0004436799916890247,0.0004436799916890247
test_target_tweaks2,success_quality_growth_next_4obs,gradient_boosting,all_features,202,num__T10Y3M,T10Y3M,macro,0.0004024494752649871,0.0004024494752649871
test_target_tweaks2,success_quality_growth_next_4obs,gradient_boosting,all_features,202,num__leverage_assets_change_4obs,leverage_assets_change_4obs,firm_trend,0.00039352809555436187,0.00039352809555436187
test_target_tweaks3,failure_pressure_balance_liquidity_next_4obs,logistic_l2,all_features,42,num__total_equity,total_equity,accounting_fundamental,3.182006995451338,-3.182006995451338
test_target_tweaks3,failure_pressure_balance_liquidity_next_4obs,logistic_l2,all_features,42,num__total_assets,total_assets,accounting_fundamental,2.622216180222456,2.622216180222456
test_target_tweaks3,failure_pressure_balance_liquidity_next_4obs,logistic_l2,all_features,42,num__roa_lag1,roa_lag1,firm_trend,2.553921887409946,2.553921887409946
test_target_tweaks3,failure_pressure_balance_liquidity_next_4obs,logistic_l2,all_features,42,num__leverage_assets_lag1,leverage_assets_lag1,firm_trend,2.5149435972932768,2.5149435972932768
test_target_tweaks3,failure_pressure_balance_liquidity_next_4obs,logistic_l2,all_features,42,cat__Sector_Consumer Discretionary,Sector_Consumer Discretionary,sector,1.8410028847411306,-1.8410028847411306
test_target_tweaks3,failure_pressure_balance_liquidity_next_4obs,logistic_l2,all_features,42,num__leverage_assets,leverage_assets,financial_ratio,1.7337766354341666,1.7337766354341666
test_target_tweaks3,failure_pressure_balance_liquidity_next_4obs,logistic_l2,all_features,42,cat__Sector_Agriculture,Sector_Agriculture,sector,1.6650102205257606,1.6650102205257606
test_target_tweaks3,failure_pressure_balance_liquidity_next_4obs,logistic_l2,all_features,42,cat__Sector_Real Estate,Sector_Real Estate,sector,1.2738013716031729,-1.2738013716031729
test_target_tweaks3,failure_pressure_balance_liquidity_next_4obs,logistic_l2,all_features,42,num__total_liabilities,total_liabilities,accounting_fundamental,1.2615809518737795,1.2615809518737795
test_target_tweaks3,failure_pressure_balance_liquidity_next_4obs,logistic_l2,all_features,42,cat__Sector_Energy,Sector_Energy,sector,1.1910364572650305,1.1910364572650305
test_target_tweaks3,failure_pressure_balance_liquidity_next_4obs,logistic_l2,all_features,42,num__missingindicator_current_ratio_change_4obs,current_ratio_change_4obs,firm_trend,1.1451608297024694,-1.1451608297024694
test_target_tweaks3,failure_pressure_balance_liquidity_next_4obs,logistic_l2,all_features,42,num__CPIAUCSL,CPIAUCSL,macro,1.0820683326424447,1.0820683326424447
test_target_tweaks3,failure_pressure_balance_liquidity_next_4obs,logistic_l2,all_features,42,num__net_income_negative_count_prior_4obs,net_income_negative_count_prior_4obs,firm_trend,0.8228993144603041,0.8228993144603041
test_target_tweaks3,failure_pressure_balance_liquidity_next_4obs,logistic_l2,all_features,42,num__missingindicator_current_liabilities_growth_4obs,current_liabilities_growth_4obs,firm_trend,0.8061907725870708,0.8061907725870708
test_target_tweaks3,failure_pressure_balance_liquidity_next_4obs,logistic_l2,all_features,42,num__RSAFS,RSAFS,macro,0.8061840026462939,0.8061840026462939
test_target_tweaks3,failure_pressure_balance_liquidity_next_4obs,logistic_l2,all_features,42,num__missingindicator_leverage_assets_change_4obs,leverage_assets_change_4obs,firm_trend,0.7439344132992214,-0.7439344132992214
test_target_tweaks3,failure_pressure_balance_liquidity_next_4obs,logistic_l2,all_features,42,num__BUSLOANS,BUSLOANS,macro,0.6663115005684811,-0.6663115005684811
test_target_tweaks3,failure_pressure_balance_liquidity_next_4obs,logistic_l2,all_features,42,cat__Sector_Basic Materials,Sector_Basic Materials,sector,0.6306650452691163,-0.6306650452691163
test_target_tweaks3,failure_pressure_balance_liquidity_next_4obs,logistic_l2,all_features,42,num__missingindicator_current_assets,current_assets,accounting_fundamental,0.5883723875555629,0.5883723875555629
test_target_tweaks3,failure_pressure_balance_liquidity_next_4obs,logistic_l2,all_features,42,num__equity_assets,equity_assets,financial_ratio,0.5721526702013009,-0.5721526702013009
test_target_tweaks3,failure_pressure_balance_liquidity_next_4obs,logistic_l2,all_features,42,num__missingindicator_total_revenue,total_revenue,accounting_fundamental,0.5476328268142114,0.5476328268142114
test_target_tweaks3,failure_pressure_balance_liquidity_next_4obs,logistic_l2,all_features,42,num__missingindicator_total_assets_growth_4obs,total_assets_growth_4obs,firm_trend,0.5104228454448064,0.5104228454448064
test_target_tweaks3,failure_pressure_balance_liquidity_next_4obs,logistic_l2,all_features,42,num__missingindicator_total_liabilities,total_liabilities,accounting_fundamental,0.43812619428504135,0.43812619428504135
test_target_tweaks3,failure_pressure_balance_liquidity_next_4obs,logistic_l2,all_features,42,num__missingindicator_operating_margin_change_4obs,operating_margin_change_4obs,firm_trend,0.434866892172971,0.434866892172971
test_target_tweaks3,failure_pressure_balance_liquidity_next_4obs,logistic_l2,all_features,42,num__M2SL,M2SL,macro,0.43363672087549227,-0.43363672087549227
test_target_tweaks3,failure_pressure_balance_liquidity_next_4obs,logistic_l2,all_features,42,num__BUSLOANS_yoy_pct,BUSLOANS_yoy_pct,macro,0.41744348974318407,-0.41744348974318407
test_target_tweaks3,failure_pressure_balance_liquidity_next_4obs,logistic_l2,all_features,42,num__FEDFUNDS,FEDFUNDS,macro,0.3840426543219514,-0.3840426543219514
test_target_tweaks3,failure_pressure_balance_liquidity_next_4obs,logistic_l2,all_features,42,num__missingindicator_total_liabilities_growth_4obs,total_liabilities_growth_4obs,firm_trend,0.3795084770740945,0.3795084770740945
test_target_tweaks3,failure_pressure_balance_liquidity_next_4obs,logistic_l2,all_features,42,num__missingindicator_total_revenue_growth_4obs,total_revenue_growth_4obs,firm_trend,0.37852453540433056,-0.37852453540433056
test_target_tweaks3,failure_pressure_balance_liquidity_next_4obs,logistic_l2,all_features,42,num__PPIACO_yoy_pct,PPIACO_yoy_pct,macro,0.3666301845833799,-0.3666301845833799
test_target_tweaks3,failure_pressure_balance_liquidity_next_4obs,logistic_l2,all_features,42,num__leverage_assets_change_4obs,leverage_assets_change_4obs,firm_trend,0.3601202727548588,-0.3601202727548588
test_target_tweaks3,failure_pressure_balance_liquidity_next_4obs,logistic_l2,all_features,42,num__cash_assets,cash_assets,financial_ratio,0.35545600535986654,-0.35545600535986654
test_target_tweaks3,failure_pressure_balance_liquidity_next_4obs,logistic_l2,all_features,42,num__missingindicator_cash_assets,cash_assets,financial_ratio,0.344855864548883,-0.344855864548883
test_target_tweaks3,failure_pressure_balance_liquidity_next_4obs,logistic_l2,all_features,42,num__missingindicator_cash_equivalents_growth_4obs,cash_equivalents_growth_4obs,firm_trend,0.3419071837830219,0.3419071837830219
test_target_tweaks3,failure_pressure_balance_liquidity_next_4obs,logistic_l2,all_features,42,num__missingindicator_leverage_assets,leverage_assets,financial_ratio,0.32474358185286817,-0.32474358185286817
test_target_tweaks3,failure_pressure_balance_liquidity_next_4obs,logistic_l2,all_features,42,num__missingindicator_cash_assets_change_4obs,cash_assets_change_4obs,firm_trend,0.31975647458023915,-0.31975647458023915
test_target_tweaks3,failure_pressure_balance_liquidity_next_4obs,logistic_l2,all_features,42,num__PPIACO,PPIACO,macro,0.31783973238658186,0.31783973238658186
test_target_tweaks3,failure_pressure_balance_liquidity_next_4obs,logistic_l2,all_features,42,num__missingindicator_leverage_assets_lag1,leverage_assets_lag1,firm_trend,0.3126394291069011,-0.3126394291069011
test_target_tweaks3,failure_pressure_balance_liquidity_next_4obs,logistic_l2,all_features,42,num__missingindicator_net_margin,net_margin,financial_ratio,0.30797957859125796,-0.30797957859125796
test_target_tweaks3,failure_pressure_balance_liquidity_next_4obs,logistic_l2,all_features,42,num__DRTSCILM,DRTSCILM,macro,0.3063363451203829,-0.3063363451203829
test_target_tweaks3,failure_pressure_balance_liquidity_next_4obs,random_forest,all_features,42,num__equity_assets,equity_assets,financial_ratio,0.1272532171357837,0.1272532171357837
test_target_tweaks3,failure_pressure_balance_liquidity_next_4obs,random_forest,all_features,42,num__leverage_assets,leverage_assets,financial_ratio,0.10588800308676297,0.10588800308676297
test_target_tweaks3,failure_pressure_balance_liquidity_next_4obs,random_forest,all_features,42,num__leverage_assets_lag1,leverage_assets_lag1,firm_trend,0.0956742868553686,0.0956742868553686
test_target_tweaks3,failure_pressure_balance_liquidity_next_4obs,random_forest,all_features,42,num__roa_lag1,roa_lag1,firm_trend,0.0433846357799814,0.0433846357799814
test_target_tweaks3,failure_pressure_balance_liquidity_next_4obs,random_forest,all_features,42,num__roa,roa,financial_ratio,0.04173287489883641,0.04173287489883641
test_target_tweaks3,failure_pressure_balance_liquidity_next_4obs,random_forest,all_features,42,num__total_equity,total_equity,accounting_fundamental,0.03073333682637993,0.03073333682637993
test_target_tweaks3,failure_pressure_balance_liquidity_next_4obs,random_forest,all_features,42,num__net_income,net_income,accounting_fundamental,0.023474629022547606,0.023474629022547606
test_target_tweaks3,failure_pressure_balance_liquidity_next_4obs,random_forest,all_features,42,num__net_income_negative_count_prior_4obs,net_income_negative_count_prior_4obs,firm_trend,0.021938006157181226,0.021938006157181226
test_target_tweaks3,failure_pressure_balance_liquidity_next_4obs,random_forest,all_features,42,num__current_ratio,current_ratio,financial_ratio,0.020359670018660982,0.020359670018660982
test_target_tweaks3,failure_pressure_balance_liquidity_next_4obs,random_forest,all_features,42,num__total_liabilities,total_liabilities,accounting_fundamental,0.019526730503470213,0.019526730503470213
test_target_tweaks3,failure_pressure_balance_liquidity_next_4obs,random_forest,all_features,42,num__current_assets,current_assets,accounting_fundamental,0.019273434014269033,0.019273434014269033
test_target_tweaks3,failure_pressure_balance_liquidity_next_4obs,random_forest,all_features,42,cat__Sector_Financial Services,Sector_Financial Services,sector,0.016863195170650953,0.016863195170650953
test_target_tweaks3,failure_pressure_balance_liquidity_next_4obs,random_forest,all_features,42,num__current_ratio_lag1,current_ratio_lag1,firm_trend,0.015762402076811288,0.015762402076811288
test_target_tweaks3,failure_pressure_balance_liquidity_next_4obs,random_forest,all_features,42,num__cash_assets,cash_assets,financial_ratio,0.015365368560001138,0.015365368560001138
test_target_tweaks3,failure_pressure_balance_liquidity_next_4obs,random_forest,all_features,42,num__total_assets,total_assets,accounting_fundamental,0.015233572156929595,0.015233572156929595
test_target_tweaks3,failure_pressure_balance_liquidity_next_4obs,random_forest,all_features,42,num__net_margin,net_margin,financial_ratio,0.014827555380407023,0.014827555380407023
test_target_tweaks3,failure_pressure_balance_liquidity_next_4obs,random_forest,all_features,42,num__cash_equivalents,cash_equivalents,accounting_fundamental,0.013999695497597423,0.013999695497597423
test_target_tweaks3,failure_pressure_balance_liquidity_next_4obs,random_forest,all_features,42,num__operating_income,operating_income,accounting_fundamental,0.013956915256502065,0.013956915256502065
test_target_tweaks3,failure_pressure_balance_liquidity_next_4obs,random_forest,all_features,42,num__net_margin_lag1,net_margin_lag1,firm_trend,0.01304592556334529,0.01304592556334529
test_target_tweaks3,failure_pressure_balance_liquidity_next_4obs,random_forest,all_features,42,num__missingindicator_current_assets,current_assets,accounting_fundamental,0.012592348019328056,0.012592348019328056
test_target_tweaks3,failure_pressure_balance_liquidity_next_4obs,random_forest,all_features,42,num__cash_assets_lag1,cash_assets_lag1,firm_trend,0.012562695800837551,0.012562695800837551
test_target_tweaks3,failure_pressure_balance_liquidity_next_4obs,random_forest,all_features,42,num__current_liabilities,current_liabilities,accounting_fundamental,0.01063541113139999,0.01063541113139999
test_target_tweaks3,failure_pressure_balance_liquidity_next_4obs,random_forest,all_features,42,num__missingindicator_leverage_assets,leverage_assets,financial_ratio,0.009622492707458769,0.009622492707458769
test_target_tweaks3,failure_pressure_balance_liquidity_next_4obs,random_forest,all_features,42,num__missingindicator_current_liabilities,current_liabilities,accounting_fundamental,0.00949414324397297,0.00949414324397297
test_target_tweaks3,failure_pressure_balance_liquidity_next_4obs,random_forest,all_features,42,num__missingindicator_current_ratio_lag1,current_ratio_lag1,firm_trend,0.009162435162693843,0.009162435162693843
test_target_tweaks3,failure_pressure_balance_liquidity_next_4obs,random_forest,all_features,42,num__total_revenue,total_revenue,accounting_fundamental,0.009134631526798487,0.009134631526798487
test_target_tweaks3,failure_pressure_balance_liquidity_next_4obs,random_forest,all_features,42,num__operating_margin,operating_margin,financial_ratio,0.008079113134639309,0.008079113134639309
test_target_tweaks3,failure_pressure_balance_liquidity_next_4obs,random_forest,all_features,42,num__receivables_assets,receivables_assets,financial_ratio,0.007770168844395797,0.007770168844395797
test_target_tweaks3,failure_pressure_balance_liquidity_next_4obs,random_forest,all_features,42,num__missingindicator_current_ratio,current_ratio,financial_ratio,0.007659547229247887,0.007659547229247887
test_target_tweaks3,failure_pressure_balance_liquidity_next_4obs,random_forest,all_features,42,num__missingindicator_leverage_assets_lag1,leverage_assets_lag1,firm_trend,0.007445895386996955,0.007445895386996955
test_target_tweaks3,failure_pressure_balance_liquidity_next_4obs,random_forest,all_features,42,num__operating_margin_lag1,operating_margin_lag1,firm_trend,0.006991982366317478,0.006991982366317478
test_target_tweaks3,failure_pressure_balance_liquidity_next_4obs,random_forest,all_features,42,num__missingindicator_total_liabilities,total_liabilities,accounting_fundamental,0.006965635690419618,0.006965635690419618
test_target_tweaks3,failure_pressure_balance_liquidity_next_4obs,random_forest,all_features,42,num__total_assets_growth_4obs,total_assets_growth_4obs,firm_trend,0.0057951692506050135,0.0057951692506050135
test_target_tweaks3,failure_pressure_balance_liquidity_next_4obs,random_forest,all_features,42,num__leverage_assets_change_4obs,leverage_assets_change_4obs,firm_trend,0.005741327278194422,0.005741327278194422
test_target_tweaks3,failure_pressure_balance_liquidity_next_4obs,random_forest,all_features,42,num__inventory_assets,inventory_assets,financial_ratio,0.004970653801834462,0.004970653801834462
test_target_tweaks3,failure_pressure_balance_liquidity_next_4obs,random_forest,all_features,42,num__current_assets_growth_4obs,current_assets_growth_4obs,firm_trend,0.004752344990716944,0.004752344990716944
test_target_tweaks3,failure_pressure_balance_liquidity_next_4obs,random_forest,all_features,42,num__cash_flow_operating,cash_flow_operating,accounting_fundamental,0.004719076035749048,0.004719076035749048
test_target_tweaks3,failure_pressure_balance_liquidity_next_4obs,random_forest,all_features,42,num__capex,capex,accounting_fundamental,0.0046761722861785706,0.0046761722861785706
test_target_tweaks3,failure_pressure_balance_liquidity_next_4obs,random_forest,all_features,42,num__net_margin_change_4obs,net_margin_change_4obs,firm_trend,0.004490524854824845,0.004490524854824845
test_target_tweaks3,failure_pressure_balance_liquidity_next_4obs,random_forest,all_features,42,num__missingindicator_leverage_assets_change_4obs,leverage_assets_change_4obs,firm_trend,0.004104485769040815,0.004104485769040815
test_target_tweaks3,failure_pressure_balance_liquidity_next_4obs,random_forest,all_features,202,num__leverage_assets,leverage_assets,financial_ratio,0.11913746710344308,0.11913746710344308
test_target_tweaks3,failure_pressure_balance_liquidity_next_4obs,random_forest,all_features,202,num__leverage_assets_lag1,leverage_assets_lag1,firm_trend,0.11059605636539903,0.11059605636539903
test_target_tweaks3,failure_pressure_balance_liquidity_next_4obs,random_forest,all_features,202,num__equity_assets,equity_assets,financial_ratio,0.10620427067044928,0.10620427067044928
test_target_tweaks3,failure_pressure_balance_liquidity_next_4obs,random_forest,all_features,202,num__roa,roa,financial_ratio,0.04530669482267933,0.04530669482267933
test_target_tweaks3,failure_pressure_balance_liquidity_next_4obs,random_forest,all_features,202,num__roa_lag1,roa_lag1,firm_trend,0.043418647943186534,0.043418647943186534
test_target_tweaks3,failure_pressure_balance_liquidity_next_4obs,random_forest,all_features,202,num__total_equity,total_equity,accounting_fundamental,0.030639697615277833,0.030639697615277833
test_target_tweaks3,failure_pressure_balance_liquidity_next_4obs,random_forest,all_features,202,num__net_income,net_income,accounting_fundamental,0.023175901861677065,0.023175901861677065
test_target_tweaks3,failure_pressure_balance_liquidity_next_4obs,random_forest,all_features,202,num__total_liabilities,total_liabilities,accounting_fundamental,0.023055330930992962,0.023055330930992962
test_target_tweaks3,failure_pressure_balance_liquidity_next_4obs,random_forest,all_features,202,num__current_ratio,current_ratio,financial_ratio,0.02112944439973295,0.02112944439973295
test_target_tweaks3,failure_pressure_balance_liquidity_next_4obs,random_forest,all_features,202,num__net_income_negative_count_prior_4obs,net_income_negative_count_prior_4obs,firm_trend,0.02057007118159874,0.02057007118159874
test_target_tweaks3,failure_pressure_balance_liquidity_next_4obs,random_forest,all_features,202,num__current_assets,current_assets,accounting_fundamental,0.01612167820150013,0.01612167820150013
test_target_tweaks3,failure_pressure_balance_liquidity_next_4obs,random_forest,all_features,202,num__current_ratio_lag1,current_ratio_lag1,firm_trend,0.01593395592236756,0.01593395592236756
test_target_tweaks3,failure_pressure_balance_liquidity_next_4obs,random_forest,all_features,202,num__cash_assets,cash_assets,financial_ratio,0.015301845191727044,0.015301845191727044
test_target_tweaks3,failure_pressure_balance_liquidity_next_4obs,random_forest,all_features,202,num__net_margin,net_margin,financial_ratio,0.015205975911736483,0.015205975911736483
test_target_tweaks3,failure_pressure_balance_liquidity_next_4obs,random_forest,all_features,202,num__total_assets,total_assets,accounting_fundamental,0.014514991345235819,0.014514991345235819
test_target_tweaks3,failure_pressure_balance_liquidity_next_4obs,random_forest,all_features,202,num__operating_income,operating_income,accounting_fundamental,0.014373192933903274,0.014373192933903274
test_target_tweaks3,failure_pressure_balance_liquidity_next_4obs,random_forest,all_features,202,num__cash_equivalents,cash_equivalents,accounting_fundamental,0.013931495358292051,0.013931495358292051
test_target_tweaks3,failure_pressure_balance_liquidity_next_4obs,random_forest,all_features,202,num__cash_assets_lag1,cash_assets_lag1,firm_trend,0.013310954273401537,0.013310954273401537
test_target_tweaks3,failure_pressure_balance_liquidity_next_4obs,random_forest,all_features,202,num__current_liabilities,current_liabilities,accounting_fundamental,0.012917793569248822,0.012917793569248822
test_target_tweaks3,failure_pressure_balance_liquidity_next_4obs,random_forest,all_features,202,cat__Sector_Financial Services,Sector_Financial Services,sector,0.012886401135961676,0.012886401135961676
test_target_tweaks3,failure_pressure_balance_liquidity_next_4obs,random_forest,all_features,202,num__net_margin_lag1,net_margin_lag1,firm_trend,0.012274998719582118,0.012274998719582118
test_target_tweaks3,failure_pressure_balance_liquidity_next_4obs,random_forest,all_features,202,num__missingindicator_current_ratio,current_ratio,financial_ratio,0.009885764864579299,0.009885764864579299
test_target_tweaks3,failure_pressure_balance_liquidity_next_4obs,random_forest,all_features,202,num__missingindicator_current_assets,current_assets,accounting_fundamental,0.009096987869899535,0.009096987869899535
test_target_tweaks3,failure_pressure_balance_liquidity_next_4obs,random_forest,all_features,202,num__total_revenue,total_revenue,accounting_fundamental,0.008688964567285688,0.008688964567285688
test_target_tweaks3,failure_pressure_balance_liquidity_next_4obs,random_forest,all_features,202,num__missingindicator_leverage_assets,leverage_assets,financial_ratio,0.00811835723228701,0.00811835723228701
test_target_tweaks3,failure_pressure_balance_liquidity_next_4obs,random_forest,all_features,202,num__missingindicator_current_liabilities,current_liabilities,accounting_fundamental,0.007891116273904264,0.007891116273904264
test_target_tweaks3,failure_pressure_balance_liquidity_next_4obs,random_forest,all_features,202,num__missingindicator_current_ratio_lag1,current_ratio_lag1,firm_trend,0.00769538747140072,0.00769538747140072
test_target_tweaks3,failure_pressure_balance_liquidity_next_4obs,random_forest,all_features,202,num__receivables_assets,receivables_assets,financial_ratio,0.0076318346736667505,0.0076318346736667505
test_target_tweaks3,failure_pressure_balance_liquidity_next_4obs,random_forest,all_features,202,num__missingindicator_total_liabilities,total_liabilities,accounting_fundamental,0.007049452684314745,0.007049452684314745
test_target_tweaks3,failure_pressure_balance_liquidity_next_4obs,random_forest,all_features,202,num__operating_margin,operating_margin,financial_ratio,0.006421494755647968,0.006421494755647968
test_target_tweaks3,failure_pressure_balance_liquidity_next_4obs,random_forest,all_features,202,num__operating_margin_lag1,operating_margin_lag1,firm_trend,0.006395232256931271,0.006395232256931271
test_target_tweaks3,failure_pressure_balance_liquidity_next_4obs,random_forest,all_features,202,num__leverage_assets_change_4obs,leverage_assets_change_4obs,firm_trend,0.0059139198447700336,0.0059139198447700336
test_target_tweaks3,failure_pressure_balance_liquidity_next_4obs,random_forest,all_features,202,num__total_assets_growth_4obs,total_assets_growth_4obs,firm_trend,0.005704197419732082,0.005704197419732082
test_target_tweaks3,failure_pressure_balance_liquidity_next_4obs,random_forest,all_features,202,num__missingindicator_leverage_assets_lag1,leverage_assets_lag1,firm_trend,0.005031057952183801,0.005031057952183801
test_target_tweaks3,failure_pressure_balance_liquidity_next_4obs,random_forest,all_features,202,num__capex,capex,accounting_fundamental,0.004691209958664591,0.004691209958664591
test_target_tweaks3,failure_pressure_balance_liquidity_next_4obs,random_forest,all_features,202,num__inventory_assets,inventory_assets,financial_ratio,0.004562861787607997,0.004562861787607997
test_target_tweaks3,failure_pressure_balance_liquidity_next_4obs,random_forest,all_features,202,num__current_assets_growth_4obs,current_assets_growth_4obs,firm_trend,0.004554797423380701,0.004554797423380701
test_target_tweaks3,failure_pressure_balance_liquidity_next_4obs,random_forest,all_features,202,num__cash_flow_operating,cash_flow_operating,accounting_fundamental,0.00454667073453801,0.00454667073453801
test_target_tweaks3,failure_pressure_balance_liquidity_next_4obs,random_forest,all_features,202,cat__Sector_Energy,Sector_Energy,sector,0.004393601021045526,0.004393601021045526
test_target_tweaks3,failure_pressure_balance_liquidity_next_4obs,random_forest,all_features,202,num__missingindicator_leverage_assets_change_4obs,leverage_assets_change_4obs,firm_trend,0.00428667241087986,0.00428667241087986
test_target_tweaks3,failure_pressure_balance_liquidity_next_4obs,gradient_boosting,all_features,42,num__equity_assets,equity_assets,financial_ratio,0.31704612699067086,0.31704612699067086
test_target_tweaks3,failure_pressure_balance_liquidity_next_4obs,gradient_boosting,all_features,42,num__leverage_assets,leverage_assets,financial_ratio,0.31198154428106245,0.31198154428106245
test_target_tweaks3,failure_pressure_balance_liquidity_next_4obs,gradient_boosting,all_features,42,num__net_income_negative_count_prior_4obs,net_income_negative_count_prior_4obs,firm_trend,0.09355682528650944,0.09355682528650944
test_target_tweaks3,failure_pressure_balance_liquidity_next_4obs,gradient_boosting,all_features,42,num__net_income,net_income,accounting_fundamental,0.043173373865043836,0.043173373865043836
test_target_tweaks3,failure_pressure_balance_liquidity_next_4obs,gradient_boosting,all_features,42,num__leverage_assets_lag1,leverage_assets_lag1,firm_trend,0.03292753652489371,0.03292753652489371
test_target_tweaks3,failure_pressure_balance_liquidity_next_4obs,gradient_boosting,all_features,42,num__roa,roa,financial_ratio,0.031242509719295757,0.031242509719295757
test_target_tweaks3,failure_pressure_balance_liquidity_next_4obs,gradient_boosting,all_features,42,num__cash_assets,cash_assets,financial_ratio,0.026421241168585217,0.026421241168585217
test_target_tweaks3,failure_pressure_balance_liquidity_next_4obs,gradient_boosting,all_features,42,num__roa_lag1,roa_lag1,firm_trend,0.017842445778267442,0.017842445778267442
test_target_tweaks3,failure_pressure_balance_liquidity_next_4obs,gradient_boosting,all_features,42,num__current_ratio,current_ratio,financial_ratio,0.01688318304183642,0.01688318304183642
test_target_tweaks3,failure_pressure_balance_liquidity_next_4obs,gradient_boosting,all_features,42,num__cash_assets_lag1,cash_assets_lag1,firm_trend,0.015635763282582822,0.015635763282582822
test_target_tweaks3,failure_pressure_balance_liquidity_next_4obs,gradient_boosting,all_features,42,num__cash_equivalents,cash_equivalents,accounting_fundamental,0.012166183293805366,0.012166183293805366
test_target_tweaks3,failure_pressure_balance_liquidity_next_4obs,gradient_boosting,all_features,42,num__current_assets,current_assets,accounting_fundamental,0.01210557221499232,0.01210557221499232
test_target_tweaks3,failure_pressure_balance_liquidity_next_4obs,gradient_boosting,all_features,42,num__current_ratio_lag1,current_ratio_lag1,firm_trend,0.010982902053970503,0.010982902053970503
test_target_tweaks3,failure_pressure_balance_liquidity_next_4obs,gradient_boosting,all_features,42,cat__Sector_Energy,Sector_Energy,sector,0.009924044146527438,0.009924044146527438
test_target_tweaks3,failure_pressure_balance_liquidity_next_4obs,gradient_boosting,all_features,42,num__operating_income,operating_income,accounting_fundamental,0.0071272597977805885,0.0071272597977805885
test_target_tweaks3,failure_pressure_balance_liquidity_next_4obs,gradient_boosting,all_features,42,num__receivables_assets,receivables_assets,financial_ratio,0.0049097043049383705,0.0049097043049383705
test_target_tweaks3,failure_pressure_balance_liquidity_next_4obs,gradient_boosting,all_features,42,num__missingindicator_leverage_assets,leverage_assets,financial_ratio,0.003925817784748036,0.003925817784748036
test_target_tweaks3,failure_pressure_balance_liquidity_next_4obs,gradient_boosting,all_features,42,num__missingindicator_total_liabilities,total_liabilities,accounting_fundamental,0.0026708134185462677,0.0026708134185462677
test_target_tweaks3,failure_pressure_balance_liquidity_next_4obs,gradient_boosting,all_features,42,num__total_assets,total_assets,accounting_fundamental,0.0022403833987659416,0.0022403833987659416
test_target_tweaks3,failure_pressure_balance_liquidity_next_4obs,gradient_boosting,all_features,42,num__current_assets_growth_4obs,current_assets_growth_4obs,firm_trend,0.0021880198160574597,0.0021880198160574597
test_target_tweaks3,failure_pressure_balance_liquidity_next_4obs,gradient_boosting,all_features,42,num__total_assets_growth_4obs,total_assets_growth_4obs,firm_trend,0.001727804756457233,0.001727804756457233
test_target_tweaks3,failure_pressure_balance_liquidity_next_4obs,gradient_boosting,all_features,42,num__total_revenue,total_revenue,accounting_fundamental,0.001667401525168553,0.001667401525168553
test_target_tweaks3,failure_pressure_balance_liquidity_next_4obs,gradient_boosting,all_features,42,num__inventory_assets,inventory_assets,financial_ratio,0.0016053530181317482,0.0016053530181317482
test_target_tweaks3,failure_pressure_balance_liquidity_next_4obs,gradient_boosting,all_features,42,num__operating_margin_lag1,operating_margin_lag1,firm_trend,0.0012621179827413613,0.0012621179827413613
test_target_tweaks3,failure_pressure_balance_liquidity_next_4obs,gradient_boosting,all_features,42,num__total_liabilities_growth_4obs,total_liabilities_growth_4obs,firm_trend,0.001136264331392149,0.001136264331392149
test_target_tweaks3,failure_pressure_balance_liquidity_next_4obs,gradient_boosting,all_features,42,num__missingindicator_net_margin_lag1,net_margin_lag1,firm_trend,0.0009675475011638612,0.0009675475011638612
test_target_tweaks3,failure_pressure_balance_liquidity_next_4obs,gradient_boosting,all_features,42,num__total_liabilities,total_liabilities,accounting_fundamental,0.000952872926146389,0.000952872926146389
test_target_tweaks3,failure_pressure_balance_liquidity_next_4obs,gradient_boosting,all_features,42,num__DTWEXBGS_yoy_pct,DTWEXBGS_yoy_pct,macro,0.0009333483867942037,0.0009333483867942037
test_target_tweaks3,failure_pressure_balance_liquidity_next_4obs,gradient_boosting,all_features,42,num__PAYEMS_yoy_pct,PAYEMS_yoy_pct,macro,0.0008943294705376676,0.0008943294705376676
test_target_tweaks3,failure_pressure_balance_liquidity_next_4obs,gradient_boosting,all_features,42,num__gross_margin_lag1,gross_margin_lag1,firm_trend,0.0008857237293745324,0.0008857237293745324
test_target_tweaks3,failure_pressure_balance_liquidity_next_4obs,gradient_boosting,all_features,42,num__current_liabilities_growth_4obs,current_liabilities_growth_4obs,firm_trend,0.0008349724603633767,0.0008349724603633767
test_target_tweaks3,failure_pressure_balance_liquidity_next_4obs,gradient_boosting,all_features,42,num__global_event_commodity_oil_count,global_event_commodity_oil_count,global_event_context,0.0007860957930085297,0.0007860957930085297
test_target_tweaks3,failure_pressure_balance_liquidity_next_4obs,gradient_boosting,all_features,42,num__current_liabilities,current_liabilities,accounting_fundamental,0.000731946837392538,0.000731946837392538
test_target_tweaks3,failure_pressure_balance_liquidity_next_4obs,gradient_boosting,all_features,42,num__gross_margin,gross_margin,financial_ratio,0.0007261695202291584,0.0007261695202291584
test_target_tweaks3,failure_pressure_balance_liquidity_next_4obs,gradient_boosting,all_features,42,num__global_event_commodity_oil_severity,global_event_commodity_oil_severity,global_event_context,0.0006726899640451076,0.0006726899640451076
test_target_tweaks3,failure_pressure_balance_liquidity_next_4obs,gradient_boosting,all_features,42,num__DCOILWTICO_yoy_pct,DCOILWTICO_yoy_pct,macro,0.0006682079540904077,0.0006682079540904077
test_target_tweaks3,failure_pressure_balance_liquidity_next_4obs,gradient_boosting,all_features,42,num__DCOILWTICO,DCOILWTICO,macro,0.0006487435239276594,0.0006487435239276594
test_target_tweaks3,failure_pressure_balance_liquidity_next_4obs,gradient_boosting,all_features,42,num__missingindicator_r_and_d_intensity,r_and_d_intensity,financial_ratio,0.0005818737147878774,0.0005818737147878774
test_target_tweaks3,failure_pressure_balance_liquidity_next_4obs,gradient_boosting,all_features,42,num__net_margin_change_4obs,net_margin_change_4obs,firm_trend,0.0005816030247655458,0.0005816030247655458
test_target_tweaks3,failure_pressure_balance_liquidity_next_4obs,gradient_boosting,all_features,42,cat__Sector_Communication Services,Sector_Communication Services,sector,0.0005651155638569913,0.0005651155638569913
test_target_tweaks3,failure_pressure_balance_liquidity_next_4obs,gradient_boosting,all_features,202,num__equity_assets,equity_assets,financial_ratio,0.3169962331860394,0.3169962331860394
test_target_tweaks3,failure_pressure_balance_liquidity_next_4obs,gradient_boosting,all_features,202,num__leverage_assets,leverage_assets,financial_ratio,0.3120336920429425,0.3120336920429425
test_target_tweaks3,failure_pressure_balance_liquidity_next_4obs,gradient_boosting,all_features,202,num__net_income_negative_count_prior_4obs,net_income_negative_count_prior_4obs,firm_trend,0.09355682528653274,0.09355682528653274
test_target_tweaks3,failure_pressure_balance_liquidity_next_4obs,gradient_boosting,all_features,202,num__net_income,net_income,accounting_fundamental,0.043173373865045314,0.043173373865045314
test_target_tweaks3,failure_pressure_balance_liquidity_next_4obs,gradient_boosting,all_features,202,num__leverage_assets_lag1,leverage_assets_lag1,firm_trend,0.03292753652491007,0.03292753652491007
test_target_tweaks3,failure_pressure_balance_liquidity_next_4obs,gradient_boosting,all_features,202,num__roa,roa,financial_ratio,0.031242509719306987,0.031242509719306987
test_target_tweaks3,failure_pressure_balance_liquidity_next_4obs,gradient_boosting,all_features,202,num__cash_assets,cash_assets,financial_ratio,0.026417486927027133,0.026417486927027133
test_target_tweaks3,failure_pressure_balance_liquidity_next_4obs,gradient_boosting,all_features,202,num__roa_lag1,roa_lag1,firm_trend,0.01787588205817678,0.01787588205817678
test_target_tweaks3,failure_pressure_balance_liquidity_next_4obs,gradient_boosting,all_features,202,num__current_ratio,current_ratio,financial_ratio,0.01688318304182189,0.01688318304182189
test_target_tweaks3,failure_pressure_balance_liquidity_next_4obs,gradient_boosting,all_features,202,num__cash_assets_lag1,cash_assets_lag1,firm_trend,0.015635774777511206,0.015635774777511206
test_target_tweaks3,failure_pressure_balance_liquidity_next_4obs,gradient_boosting,all_features,202,num__cash_equivalents,cash_equivalents,accounting_fundamental,0.012166183293806162,0.012166183293806162
test_target_tweaks3,failure_pressure_balance_liquidity_next_4obs,gradient_boosting,all_features,202,num__current_assets,current_assets,accounting_fundamental,0.012105572214985632,0.012105572214985632
test_target_tweaks3,failure_pressure_balance_liquidity_next_4obs,gradient_boosting,all_features,202,num__current_ratio_lag1,current_ratio_lag1,firm_trend,0.01098290205396969,0.01098290205396969
test_target_tweaks3,failure_pressure_balance_liquidity_next_4obs,gradient_boosting,all_features,202,cat__Sector_Energy,Sector_Energy,sector,0.00992404414652451,0.00992404414652451
test_target_tweaks3,failure_pressure_balance_liquidity_next_4obs,gradient_boosting,all_features,202,num__operating_income,operating_income,accounting_fundamental,0.007117936141091704,0.007117936141091704
test_target_tweaks3,failure_pressure_balance_liquidity_next_4obs,gradient_boosting,all_features,202,num__receivables_assets,receivables_assets,financial_ratio,0.004909704304937914,0.004909704304937914
test_target_tweaks3,failure_pressure_balance_liquidity_next_4obs,gradient_boosting,all_features,202,num__missingindicator_leverage_assets,leverage_assets,financial_ratio,0.004348819424456236,0.004348819424456236
test_target_tweaks3,failure_pressure_balance_liquidity_next_4obs,gradient_boosting,all_features,202,num__total_assets,total_assets,accounting_fundamental,0.002240383398766377,0.002240383398766377
test_target_tweaks3,failure_pressure_balance_liquidity_next_4obs,gradient_boosting,all_features,202,num__missingindicator_total_liabilities,total_liabilities,accounting_fundamental,0.002195664016970503,0.002195664016970503
test_target_tweaks3,failure_pressure_balance_liquidity_next_4obs,gradient_boosting,all_features,202,num__current_assets_growth_4obs,current_assets_growth_4obs,firm_trend,0.002074341453983694,0.002074341453983694
test_target_tweaks3,failure_pressure_balance_liquidity_next_4obs,gradient_boosting,all_features,202,num__total_assets_growth_4obs,total_assets_growth_4obs,firm_trend,0.0017278047564578884,0.0017278047564578884
test_target_tweaks3,failure_pressure_balance_liquidity_next_4obs,gradient_boosting,all_features,202,num__total_revenue,total_revenue,accounting_fundamental,0.001667401525172415,0.001667401525172415
test_target_tweaks3,failure_pressure_balance_liquidity_next_4obs,gradient_boosting,all_features,202,num__inventory_assets,inventory_assets,financial_ratio,0.0016053530181283737,0.0016053530181283737
test_target_tweaks3,failure_pressure_balance_liquidity_next_4obs,gradient_boosting,all_features,202,num__operating_margin_lag1,operating_margin_lag1,firm_trend,0.0012621179827396244,0.0012621179827396244
test_target_tweaks3,failure_pressure_balance_liquidity_next_4obs,gradient_boosting,all_features,202,num__total_liabilities_growth_4obs,total_liabilities_growth_4obs,firm_trend,0.0012526439666142425,0.0012526439666142425
test_target_tweaks3,failure_pressure_balance_liquidity_next_4obs,gradient_boosting,all_features,202,num__global_event_commodity_oil_severity,global_event_commodity_oil_severity,global_event_context,0.001034658258180987,0.001034658258180987
test_target_tweaks3,failure_pressure_balance_liquidity_next_4obs,gradient_boosting,all_features,202,num__total_liabilities,total_liabilities,accounting_fundamental,0.0009975528546769508,0.0009975528546769508
test_target_tweaks3,failure_pressure_balance_liquidity_next_4obs,gradient_boosting,all_features,202,num__missingindicator_net_margin_lag1,net_margin_lag1,firm_trend,0.0009675475011603442,0.0009675475011603442
test_target_tweaks3,failure_pressure_balance_liquidity_next_4obs,gradient_boosting,all_features,202,num__DTWEXBGS_yoy_pct,DTWEXBGS_yoy_pct,macro,0.0009590320513535181,0.0009590320513535181
test_target_tweaks3,failure_pressure_balance_liquidity_next_4obs,gradient_boosting,all_features,202,num__PAYEMS_yoy_pct,PAYEMS_yoy_pct,macro,0.0008943294705338853,0.0008943294705338853
test_target_tweaks3,failure_pressure_balance_liquidity_next_4obs,gradient_boosting,all_features,202,num__gross_margin_lag1,gross_margin_lag1,firm_trend,0.0008857237293745325,0.0008857237293745325
test_target_tweaks3,failure_pressure_balance_liquidity_next_4obs,gradient_boosting,all_features,202,num__current_liabilities_growth_4obs,current_liabilities_growth_4obs,firm_trend,0.000834972460365192,0.000834972460365192
test_target_tweaks3,failure_pressure_balance_liquidity_next_4obs,gradient_boosting,all_features,202,num__current_liabilities,current_liabilities,accounting_fundamental,0.000731946837392361,0.000731946837392361
test_target_tweaks3,failure_pressure_balance_liquidity_next_4obs,gradient_boosting,all_features,202,num__gross_margin,gross_margin,financial_ratio,0.0007261695202281904,0.0007261695202281904
test_target_tweaks3,failure_pressure_balance_liquidity_next_4obs,gradient_boosting,all_features,202,num__DCOILWTICO_yoy_pct,DCOILWTICO_yoy_pct,macro,0.0006578613963027588,0.0006578613963027588
test_target_tweaks3,failure_pressure_balance_liquidity_next_4obs,gradient_boosting,all_features,202,num__DCOILWTICO,DCOILWTICO,macro,0.0006487435239274378,0.0006487435239274378
test_target_tweaks3,failure_pressure_balance_liquidity_next_4obs,gradient_boosting,all_features,202,num__net_margin_change_4obs,net_margin_change_4obs,firm_trend,0.0005984201883745754,0.0005984201883745754
test_target_tweaks3,failure_pressure_balance_liquidity_next_4obs,gradient_boosting,all_features,202,num__missingindicator_r_and_d_intensity,r_and_d_intensity,financial_ratio,0.0005818737147877075,0.0005818737147877075
test_target_tweaks3,failure_pressure_balance_liquidity_next_4obs,gradient_boosting,all_features,202,cat__Sector_Communication Services,Sector_Communication Services,sector,0.00056511556385557,0.00056511556385557
test_target_tweaks3,failure_pressure_balance_liquidity_next_4obs,gradient_boosting,all_features,202,num__cash_assets_change_4obs,cash_assets_change_4obs,firm_trend,0.000535458520439589,0.000535458520439589
test_target_tweaks3,success_stable_balance_next_4obs,logistic_l2,all_features,42,cat__Sector_Agriculture,Sector_Agriculture,sector,2.982625932527434,-2.982625932527434
test_target_tweaks3,success_stable_balance_next_4obs,logistic_l2,all_features,42,num__total_assets,total_assets,accounting_fundamental,2.60225846402222,-2.60225846402222
test_target_tweaks3,success_stable_balance_next_4obs,logistic_l2,all_features,42,cat__Sector_Consumer Discretionary,Sector_Consumer Discretionary,sector,2.4954260145534586,2.4954260145534586
test_target_tweaks3,success_stable_balance_next_4obs,logistic_l2,all_features,42,num__missingindicator_total_liabilities,total_liabilities,accounting_fundamental,2.1872669729547796,-2.1872669729547796
test_target_tweaks3,success_stable_balance_next_4obs,logistic_l2,all_features,42,num__leverage_assets_lag1,leverage_assets_lag1,firm_trend,1.9931957800554592,-1.9931957800554592
test_target_tweaks3,success_stable_balance_next_4obs,logistic_l2,all_features,42,num__missingindicator_total_liabilities_growth_4obs,total_liabilities_growth_4obs,firm_trend,1.7503318352397996,-1.7503318352397996
test_target_tweaks3,success_stable_balance_next_4obs,logistic_l2,all_features,42,num__missingindicator_leverage_assets_change_4obs,leverage_assets_change_4obs,firm_trend,1.6678102391672507,1.6678102391672507
test_target_tweaks3,success_stable_balance_next_4obs,logistic_l2,all_features,42,num__missingindicator_net_margin,net_margin,financial_ratio,1.4486229299686348,-1.4486229299686348
test_target_tweaks3,success_stable_balance_next_4obs,logistic_l2,all_features,42,num__GDPC1,GDPC1,macro,1.2947242823817278,1.2947242823817278
test_target_tweaks3,success_stable_balance_next_4obs,logistic_l2,all_features,42,cat__Sector_Energy,Sector_Energy,sector,1.130654822851096,-1.130654822851096
test_target_tweaks3,success_stable_balance_next_4obs,logistic_l2,all_features,42,cat__Sector_Utilities,Sector_Utilities,sector,1.0913482713964648,-1.0913482713964648
test_target_tweaks3,success_stable_balance_next_4obs,logistic_l2,all_features,42,num__roa_lag1,roa_lag1,firm_trend,1.029785284270647,1.029785284270647
test_target_tweaks3,success_stable_balance_next_4obs,logistic_l2,all_features,42,num__missingindicator_total_revenue,total_revenue,accounting_fundamental,0.9923455679992688,0.9923455679992688
test_target_tweaks3,success_stable_balance_next_4obs,logistic_l2,all_features,42,num__total_equity,total_equity,accounting_fundamental,0.9426905235360533,0.9426905235360533
test_target_tweaks3,success_stable_balance_next_4obs,logistic_l2,all_features,42,num__missingindicator_current_liabilities_growth_4obs,current_liabilities_growth_4obs,firm_trend,0.9027976222381869,-0.9027976222381869
test_target_tweaks3,success_stable_balance_next_4obs,logistic_l2,all_features,42,num__missingindicator_current_ratio_change_4obs,current_ratio_change_4obs,firm_trend,0.8739397772790531,0.8739397772790531
test_target_tweaks3,success_stable_balance_next_4obs,logistic_l2,all_features,42,cat__Sector_Technology,Sector_Technology,sector,0.7765035022173423,0.7765035022173423
test_target_tweaks3,success_stable_balance_next_4obs,logistic_l2,all_features,42,num__roa,roa,financial_ratio,0.7624426082226741,0.7624426082226741
test_target_tweaks3,success_stable_balance_next_4obs,logistic_l2,all_features,42,num__net_income_negative_count_prior_4obs,net_income_negative_count_prior_4obs,firm_trend,0.7414495747852792,-0.7414495747852792
test_target_tweaks3,success_stable_balance_next_4obs,logistic_l2,all_features,42,num__leverage_assets,leverage_assets,financial_ratio,0.738122344263269,-0.738122344263269
test_target_tweaks3,success_stable_balance_next_4obs,logistic_l2,all_features,42,num__r_and_d_intensity,r_and_d_intensity,financial_ratio,0.6640883618212203,-0.6640883618212203
test_target_tweaks3,success_stable_balance_next_4obs,logistic_l2,all_features,42,num__cash_equivalents,cash_equivalents,accounting_fundamental,0.6485438407485177,0.6485438407485177
test_target_tweaks3,success_stable_balance_next_4obs,logistic_l2,all_features,42,num__missingindicator_cash_assets_change_4obs,cash_assets_change_4obs,firm_trend,0.6427981943841541,-0.6427981943841541
test_target_tweaks3,success_stable_balance_next_4obs,logistic_l2,all_features,42,num__missingindicator_leverage_assets_lag1,leverage_assets_lag1,firm_trend,0.634419015188896,-0.634419015188896
test_target_tweaks3,success_stable_balance_next_4obs,logistic_l2,all_features,42,num__missingindicator_total_revenue_growth_4obs,total_revenue_growth_4obs,firm_trend,0.6097213744557943,-0.6097213744557943
test_target_tweaks3,success_stable_balance_next_4obs,logistic_l2,all_features,42,num__missingindicator_operating_income,operating_income,accounting_fundamental,0.5468438924746267,-0.5468438924746267
test_target_tweaks3,success_stable_balance_next_4obs,logistic_l2,all_features,42,num__missingindicator_net_margin_change_4obs,net_margin_change_4obs,firm_trend,0.5452750546558863,0.5452750546558863
test_target_tweaks3,success_stable_balance_next_4obs,logistic_l2,all_features,42,cat__Sector_Consumer Defensive,Sector_Consumer Defensive,sector,0.5369604028112368,-0.5369604028112368
test_target_tweaks3,success_stable_balance_next_4obs,logistic_l2,all_features,42,num__PAYEMS,PAYEMS,macro,0.530761062222953,-0.530761062222953
test_target_tweaks3,success_stable_balance_next_4obs,logistic_l2,all_features,42,cat__Sector_Real Estate,Sector_Real Estate,sector,0.5273203356324169,-0.5273203356324169
test_target_tweaks3,success_stable_balance_next_4obs,logistic_l2,all_features,42,num__cash_assets,cash_assets,financial_ratio,0.5121970033523529,0.5121970033523529
test_target_tweaks3,success_stable_balance_next_4obs,logistic_l2,all_features,42,num__missingindicator_operating_margin,operating_margin,financial_ratio,0.49927644040643004,0.49927644040643004
test_target_tweaks3,success_stable_balance_next_4obs,logistic_l2,all_features,42,num__equity_assets,equity_assets,financial_ratio,0.49712429027357447,0.49712429027357447
test_target_tweaks3,success_stable_balance_next_4obs,logistic_l2,all_features,42,num__missingindicator_total_assets_growth_4obs,total_assets_growth_4obs,firm_trend,0.47204421470671765,0.47204421470671765
test_target_tweaks3,success_stable_balance_next_4obs,logistic_l2,all_features,42,num__T10Y3M,T10Y3M,macro,0.4689879976036251,0.4689879976036251
test_target_tweaks3,success_stable_balance_next_4obs,logistic_l2,all_features,42,cat__Sector_Consumer Cyclical,Sector_Consumer Cyclical,sector,0.4580485576653941,0.4580485576653941
test_target_tweaks3,success_stable_balance_next_4obs,logistic_l2,all_features,42,num__missingindicator_cash_equivalents_growth_4obs,cash_equivalents_growth_4obs,firm_trend,0.43639198638968485,0.43639198638968485
test_target_tweaks3,success_stable_balance_next_4obs,logistic_l2,all_features,42,num__BUSLOANS,BUSLOANS,macro,0.4075420670351522,-0.4075420670351522
test_target_tweaks3,success_stable_balance_next_4obs,logistic_l2,all_features,42,num__missingindicator_roa_change_4obs,roa_change_4obs,firm_trend,0.3842635615596361,-0.3842635615596361
test_target_tweaks3,success_stable_balance_next_4obs,logistic_l2,all_features,42,num__missingindicator_cash_equivalents,cash_equivalents,accounting_fundamental,0.3759991652616341,0.3759991652616341
test_target_tweaks3,success_stable_balance_next_4obs,random_forest,all_features,42,num__missingindicator_leverage_assets,leverage_assets,financial_ratio,0.0755493033662144,0.0755493033662144
test_target_tweaks3,success_stable_balance_next_4obs,random_forest,all_features,42,num__cash_assets,cash_assets,financial_ratio,0.07350592425802005,0.07350592425802005
test_target_tweaks3,success_stable_balance_next_4obs,random_forest,all_features,42,num__missingindicator_total_liabilities,total_liabilities,accounting_fundamental,0.06920712335419302,0.06920712335419302
test_target_tweaks3,success_stable_balance_next_4obs,random_forest,all_features,42,num__leverage_assets,leverage_assets,financial_ratio,0.06674271261651499,0.06674271261651499
test_target_tweaks3,success_stable_balance_next_4obs,random_forest,all_features,42,num__missingindicator_leverage_assets_lag1,leverage_assets_lag1,firm_trend,0.06467365147642654,0.06467365147642654
test_target_tweaks3,success_stable_balance_next_4obs,random_forest,all_features,42,num__cash_assets_lag1,cash_assets_lag1,firm_trend,0.0639035548999455,0.0639035548999455
test_target_tweaks3,success_stable_balance_next_4obs,random_forest,all_features,42,num__leverage_assets_lag1,leverage_assets_lag1,firm_trend,0.05350861623007177,0.05350861623007177
test_target_tweaks3,success_stable_balance_next_4obs,random_forest,all_features,42,num__equity_assets,equity_assets,financial_ratio,0.049445355124903174,0.049445355124903174
test_target_tweaks3,success_stable_balance_next_4obs,random_forest,all_features,42,num__total_liabilities,total_liabilities,accounting_fundamental,0.03254148216677888,0.03254148216677888
test_target_tweaks3,success_stable_balance_next_4obs,random_forest,all_features,42,num__missingindicator_total_liabilities_growth_4obs,total_liabilities_growth_4obs,firm_trend,0.027084044134248475,0.027084044134248475
test_target_tweaks3,success_stable_balance_next_4obs,random_forest,all_features,42,num__roa_lag1,roa_lag1,firm_trend,0.026367437319526246,0.026367437319526246
test_target_tweaks3,success_stable_balance_next_4obs,random_forest,all_features,42,num__missingindicator_leverage_assets_change_4obs,leverage_assets_change_4obs,firm_trend,0.024209732420546633,0.024209732420546633
test_target_tweaks3,success_stable_balance_next_4obs,random_forest,all_features,42,num__roa,roa,financial_ratio,0.02340018541403769,0.02340018541403769
test_target_tweaks3,success_stable_balance_next_4obs,random_forest,all_features,42,num__total_equity,total_equity,accounting_fundamental,0.016823370622027087,0.016823370622027087
test_target_tweaks3,success_stable_balance_next_4obs,random_forest,all_features,42,num__cash_equivalents,cash_equivalents,accounting_fundamental,0.01643187967376688,0.01643187967376688
test_target_tweaks3,success_stable_balance_next_4obs,random_forest,all_features,42,num__total_liabilities_growth_4obs,total_liabilities_growth_4obs,firm_trend,0.01456275630323322,0.01456275630323322
test_target_tweaks3,success_stable_balance_next_4obs,random_forest,all_features,42,num__net_income,net_income,accounting_fundamental,0.012317224060979053,0.012317224060979053
test_target_tweaks3,success_stable_balance_next_4obs,random_forest,all_features,42,num__current_ratio,current_ratio,financial_ratio,0.011984103464379552,0.011984103464379552
test_target_tweaks3,success_stable_balance_next_4obs,random_forest,all_features,42,num__leverage_assets_change_4obs,leverage_assets_change_4obs,firm_trend,0.011361172311737645,0.011361172311737645
test_target_tweaks3,success_stable_balance_next_4obs,random_forest,all_features,42,num__total_assets,total_assets,accounting_fundamental,0.010596663639473721,0.010596663639473721
test_target_tweaks3,success_stable_balance_next_4obs,random_forest,all_features,42,num__net_margin,net_margin,financial_ratio,0.009794141025753603,0.009794141025753603
test_target_tweaks3,success_stable_balance_next_4obs,random_forest,all_features,42,num__net_income_negative_count_prior_4obs,net_income_negative_count_prior_4obs,firm_trend,0.009770988706413034,0.009770988706413034
test_target_tweaks3,success_stable_balance_next_4obs,random_forest,all_features,42,num__operating_income,operating_income,accounting_fundamental,0.00904457372702779,0.00904457372702779
test_target_tweaks3,success_stable_balance_next_4obs,random_forest,all_features,42,num__net_margin_lag1,net_margin_lag1,firm_trend,0.009018341444141634,0.009018341444141634
test_target_tweaks3,success_stable_balance_next_4obs,random_forest,all_features,42,num__current_assets,current_assets,accounting_fundamental,0.008849504022042057,0.008849504022042057
test_target_tweaks3,success_stable_balance_next_4obs,random_forest,all_features,42,num__current_ratio_lag1,current_ratio_lag1,firm_trend,0.008660151969356608,0.008660151969356608
test_target_tweaks3,success_stable_balance_next_4obs,random_forest,all_features,42,num__current_liabilities,current_liabilities,accounting_fundamental,0.007207224791469231,0.007207224791469231
test_target_tweaks3,success_stable_balance_next_4obs,random_forest,all_features,42,num__operating_margin,operating_margin,financial_ratio,0.006428382877973902,0.006428382877973902
test_target_tweaks3,success_stable_balance_next_4obs,random_forest,all_features,42,num__total_revenue,total_revenue,accounting_fundamental,0.006295952352122391,0.006295952352122391
test_target_tweaks3,success_stable_balance_next_4obs,random_forest,all_features,42,num__operating_margin_lag1,operating_margin_lag1,firm_trend,0.0061440685562494995,0.0061440685562494995
test_target_tweaks3,success_stable_balance_next_4obs,random_forest,all_features,42,num__inventory_assets,inventory_assets,financial_ratio,0.004486546624555838,0.004486546624555838
test_target_tweaks3,success_stable_balance_next_4obs,random_forest,all_features,42,num__capex,capex,accounting_fundamental,0.0040366506414904095,0.0040366506414904095
test_target_tweaks3,success_stable_balance_next_4obs,random_forest,all_features,42,num__receivables_assets,receivables_assets,financial_ratio,0.004025362189108364,0.004025362189108364
test_target_tweaks3,success_stable_balance_next_4obs,random_forest,all_features,42,num__missingindicator_net_margin,net_margin,financial_ratio,0.003563756597779883,0.003563756597779883
test_target_tweaks3,success_stable_balance_next_4obs,random_forest,all_features,42,num__cash_equivalents_growth_4obs,cash_equivalents_growth_4obs,firm_trend,0.003463533289619285,0.003463533289619285
test_target_tweaks3,success_stable_balance_next_4obs,random_forest,all_features,42,num__cash_flow_operating,cash_flow_operating,accounting_fundamental,0.003222935264178524,0.003222935264178524
test_target_tweaks3,success_stable_balance_next_4obs,random_forest,all_features,42,num__cash_assets_change_4obs,cash_assets_change_4obs,firm_trend,0.0031644023547313074,0.0031644023547313074
test_target_tweaks3,success_stable_balance_next_4obs,random_forest,all_features,42,num__total_assets_growth_4obs,total_assets_growth_4obs,firm_trend,0.00296407256464965,0.00296407256464965
test_target_tweaks3,success_stable_balance_next_4obs,random_forest,all_features,42,num__missingindicator_total_revenue,total_revenue,accounting_fundamental,0.0028505259310281817,0.0028505259310281817
test_target_tweaks3,success_stable_balance_next_4obs,random_forest,all_features,42,num__current_assets_growth_4obs,current_assets_growth_4obs,firm_trend,0.0028479552761536127,0.0028479552761536127
test_target_tweaks3,success_stable_balance_next_4obs,random_forest,all_features,202,num__cash_assets,cash_assets,financial_ratio,0.07725140808772553,0.07725140808772553
test_target_tweaks3,success_stable_balance_next_4obs,random_forest,all_features,202,num__missingindicator_leverage_assets,leverage_assets,financial_ratio,0.07519077154772828,0.07519077154772828
test_target_tweaks3,success_stable_balance_next_4obs,random_forest,all_features,202,num__leverage_assets,leverage_assets,financial_ratio,0.07425540638388055,0.07425540638388055
test_target_tweaks3,success_stable_balance_next_4obs,random_forest,all_features,202,num__missingindicator_total_liabilities,total_liabilities,accounting_fundamental,0.06840293919182452,0.06840293919182452
test_target_tweaks3,success_stable_balance_next_4obs,random_forest,all_features,202,num__leverage_assets_lag1,leverage_assets_lag1,firm_trend,0.06763953873461985,0.06763953873461985
test_target_tweaks3,success_stable_balance_next_4obs,random_forest,all_features,202,num__cash_assets_lag1,cash_assets_lag1,firm_trend,0.058719408969472454,0.058719408969472454
test_target_tweaks3,success_stable_balance_next_4obs,random_forest,all_features,202,num__missingindicator_leverage_assets_lag1,leverage_assets_lag1,firm_trend,0.055548853536573184,0.055548853536573184
test_target_tweaks3,success_stable_balance_next_4obs,random_forest,all_features,202,num__equity_assets,equity_assets,financial_ratio,0.04174408590728432,0.04174408590728432
test_target_tweaks3,success_stable_balance_next_4obs,random_forest,all_features,202,num__total_liabilities,total_liabilities,accounting_fundamental,0.03167445536599837,0.03167445536599837
test_target_tweaks3,success_stable_balance_next_4obs,random_forest,all_features,202,num__missingindicator_total_liabilities_growth_4obs,total_liabilities_growth_4obs,firm_trend,0.028843374966617773,0.028843374966617773
test_target_tweaks3,success_stable_balance_next_4obs,random_forest,all_features,202,num__missingindicator_leverage_assets_change_4obs,leverage_assets_change_4obs,firm_trend,0.026030105413063925,0.026030105413063925
test_target_tweaks3,success_stable_balance_next_4obs,random_forest,all_features,202,num__roa_lag1,roa_lag1,firm_trend,0.024965176270946195,0.024965176270946195
test_target_tweaks3,success_stable_balance_next_4obs,random_forest,all_features,202,num__roa,roa,financial_ratio,0.02483529604029383,0.02483529604029383
test_target_tweaks3,success_stable_balance_next_4obs,random_forest,all_features,202,num__cash_equivalents,cash_equivalents,accounting_fundamental,0.01759621159214974,0.01759621159214974
test_target_tweaks3,success_stable_balance_next_4obs,random_forest,all_features,202,num__total_equity,total_equity,accounting_fundamental,0.015761869410085987,0.015761869410085987
test_target_tweaks3,success_stable_balance_next_4obs,random_forest,all_features,202,num__net_income,net_income,accounting_fundamental,0.013014062204704602,0.013014062204704602
test_target_tweaks3,success_stable_balance_next_4obs,random_forest,all_features,202,num__net_income_negative_count_prior_4obs,net_income_negative_count_prior_4obs,firm_trend,0.012182575475051083,0.012182575475051083
test_target_tweaks3,success_stable_balance_next_4obs,random_forest,all_features,202,num__leverage_assets_change_4obs,leverage_assets_change_4obs,firm_trend,0.011410377981256277,0.011410377981256277
test_target_tweaks3,success_stable_balance_next_4obs,random_forest,all_features,202,num__current_ratio,current_ratio,financial_ratio,0.010471270784533767,0.010471270784533767
test_target_tweaks3,success_stable_balance_next_4obs,random_forest,all_features,202,num__total_assets,total_assets,accounting_fundamental,0.010089268416709126,0.010089268416709126
test_target_tweaks3,success_stable_balance_next_4obs,random_forest,all_features,202,num__current_ratio_lag1,current_ratio_lag1,firm_trend,0.009403293396034651,0.009403293396034651
test_target_tweaks3,success_stable_balance_next_4obs,random_forest,all_features,202,num__current_assets,current_assets,accounting_fundamental,0.00922074683454222,0.00922074683454222
test_target_tweaks3,success_stable_balance_next_4obs,random_forest,all_features,202,num__operating_income,operating_income,accounting_fundamental,0.009075651650398453,0.009075651650398453
test_target_tweaks3,success_stable_balance_next_4obs,random_forest,all_features,202,num__net_margin,net_margin,financial_ratio,0.008812325228161059,0.008812325228161059
test_target_tweaks3,success_stable_balance_next_4obs,random_forest,all_features,202,num__net_margin_lag1,net_margin_lag1,firm_trend,0.008515005512209699,0.008515005512209699
test_target_tweaks3,success_stable_balance_next_4obs,random_forest,all_features,202,num__total_revenue,total_revenue,accounting_fundamental,0.007698668223086736,0.007698668223086736
test_target_tweaks3,success_stable_balance_next_4obs,random_forest,all_features,202,num__total_liabilities_growth_4obs,total_liabilities_growth_4obs,firm_trend,0.0072529163576030425,0.0072529163576030425
test_target_tweaks3,success_stable_balance_next_4obs,random_forest,all_features,202,num__current_liabilities,current_liabilities,accounting_fundamental,0.006346858871277972,0.006346858871277972
test_target_tweaks3,success_stable_balance_next_4obs,random_forest,all_features,202,num__operating_margin,operating_margin,financial_ratio,0.006041192685329968,0.006041192685329968
test_target_tweaks3,success_stable_balance_next_4obs,random_forest,all_features,202,num__operating_margin_lag1,operating_margin_lag1,firm_trend,0.005597609041228012,0.005597609041228012
test_target_tweaks3,success_stable_balance_next_4obs,random_forest,all_features,202,num__receivables_assets,receivables_assets,financial_ratio,0.004673782464490844,0.004673782464490844
test_target_tweaks3,success_stable_balance_next_4obs,random_forest,all_features,202,num__inventory_assets,inventory_assets,financial_ratio,0.0044033838564003815,0.0044033838564003815
test_target_tweaks3,success_stable_balance_next_4obs,random_forest,all_features,202,num__capex,capex,accounting_fundamental,0.003987494439769459,0.003987494439769459
test_target_tweaks3,success_stable_balance_next_4obs,random_forest,all_features,202,num__cash_equivalents_growth_4obs,cash_equivalents_growth_4obs,firm_trend,0.0036459341658357726,0.0036459341658357726
test_target_tweaks3,success_stable_balance_next_4obs,random_forest,all_features,202,num__cash_assets_change_4obs,cash_assets_change_4obs,firm_trend,0.0031741242166711562,0.0031741242166711562
test_target_tweaks3,success_stable_balance_next_4obs,random_forest,all_features,202,num__cash_flow_operating,cash_flow_operating,accounting_fundamental,0.003081960135909734,0.003081960135909734
test_target_tweaks3,success_stable_balance_next_4obs,random_forest,all_features,202,num__missingindicator_net_margin_lag1,net_margin_lag1,firm_trend,0.0028677133543017906,0.0028677133543017906
test_target_tweaks3,success_stable_balance_next_4obs,random_forest,all_features,202,num__missingindicator_total_revenue,total_revenue,accounting_fundamental,0.0028596641456080972,0.0028596641456080972
test_target_tweaks3,success_stable_balance_next_4obs,random_forest,all_features,202,num__total_assets_growth_4obs,total_assets_growth_4obs,firm_trend,0.0028426556997536846,0.0028426556997536846
test_target_tweaks3,success_stable_balance_next_4obs,random_forest,all_features,202,num__gross_profit,gross_profit,accounting_fundamental,0.0026948808597471057,0.0026948808597471057
test_target_tweaks3,success_stable_balance_next_4obs,gradient_boosting,all_features,42,num__missingindicator_total_liabilities,total_liabilities,accounting_fundamental,0.29606849607092517,0.29606849607092517
test_target_tweaks3,success_stable_balance_next_4obs,gradient_boosting,all_features,42,num__cash_assets,cash_assets,financial_ratio,0.16455596388988436,0.16455596388988436
test_target_tweaks3,success_stable_balance_next_4obs,gradient_boosting,all_features,42,num__equity_assets,equity_assets,financial_ratio,0.09795387378695648,0.09795387378695648
test_target_tweaks3,success_stable_balance_next_4obs,gradient_boosting,all_features,42,num__leverage_assets,leverage_assets,financial_ratio,0.09478061769289547,0.09478061769289547
test_target_tweaks3,success_stable_balance_next_4obs,gradient_boosting,all_features,42,num__missingindicator_leverage_assets,leverage_assets,financial_ratio,0.07559166028310738,0.07559166028310738
test_target_tweaks3,success_stable_balance_next_4obs,gradient_boosting,all_features,42,num__cash_assets_lag1,cash_assets_lag1,firm_trend,0.0733741472312799,0.0733741472312799
test_target_tweaks3,success_stable_balance_next_4obs,gradient_boosting,all_features,42,num__roa,roa,financial_ratio,0.051667678574284254,0.051667678574284254
test_target_tweaks3,success_stable_balance_next_4obs,gradient_boosting,all_features,42,num__leverage_assets_lag1,leverage_assets_lag1,firm_trend,0.04566372221316123,0.04566372221316123
test_target_tweaks3,success_stable_balance_next_4obs,gradient_boosting,all_features,42,num__net_income_negative_count_prior_4obs,net_income_negative_count_prior_4obs,firm_trend,0.02466726720780023,0.02466726720780023
test_target_tweaks3,success_stable_balance_next_4obs,gradient_boosting,all_features,42,num__roa_lag1,roa_lag1,firm_trend,0.019714101554292922,0.019714101554292922
test_target_tweaks3,success_stable_balance_next_4obs,gradient_boosting,all_features,42,num__missingindicator_leverage_assets_lag1,leverage_assets_lag1,firm_trend,0.013585740733622034,0.013585740733622034
test_target_tweaks3,success_stable_balance_next_4obs,gradient_boosting,all_features,42,num__operating_income,operating_income,accounting_fundamental,0.009955483779689234,0.009955483779689234
test_target_tweaks3,success_stable_balance_next_4obs,gradient_boosting,all_features,42,num__net_income,net_income,accounting_fundamental,0.004816153888059262,0.004816153888059262
test_target_tweaks3,success_stable_balance_next_4obs,gradient_boosting,all_features,42,num__current_assets,current_assets,accounting_fundamental,0.0043012962905493645,0.0043012962905493645
test_target_tweaks3,success_stable_balance_next_4obs,gradient_boosting,all_features,42,num__total_liabilities,total_liabilities,accounting_fundamental,0.0015970158844935307,0.0015970158844935307
test_target_tweaks3,success_stable_balance_next_4obs,gradient_boosting,all_features,42,num__inventory_assets,inventory_assets,financial_ratio,0.0015190857407719755,0.0015190857407719755
test_target_tweaks3,success_stable_balance_next_4obs,gradient_boosting,all_features,42,num__receivables_assets,receivables_assets,financial_ratio,0.001467633644162636,0.001467633644162636
test_target_tweaks3,success_stable_balance_next_4obs,gradient_boosting,all_features,42,num__cash_assets_change_4obs,cash_assets_change_4obs,firm_trend,0.0012956019729467156,0.0012956019729467156
test_target_tweaks3,success_stable_balance_next_4obs,gradient_boosting,all_features,42,num__cash_equivalents_growth_4obs,cash_equivalents_growth_4obs,firm_trend,0.0012855544345150218,0.0012855544345150218
test_target_tweaks3,success_stable_balance_next_4obs,gradient_boosting,all_features,42,num__r_and_d_intensity,r_and_d_intensity,financial_ratio,0.001114292781668814,0.001114292781668814
test_target_tweaks3,success_stable_balance_next_4obs,gradient_boosting,all_features,42,num__total_equity,total_equity,accounting_fundamental,0.001026563306199434,0.001026563306199434
test_target_tweaks3,success_stable_balance_next_4obs,gradient_boosting,all_features,42,num__cash_equivalents,cash_equivalents,accounting_fundamental,0.0009644080834022337,0.0009644080834022337
test_target_tweaks3,success_stable_balance_next_4obs,gradient_boosting,all_features,42,num__operating_margin_lag1,operating_margin_lag1,firm_trend,0.0008706892308400644,0.0008706892308400644
test_target_tweaks3,success_stable_balance_next_4obs,gradient_boosting,all_features,42,num__missingindicator_net_margin,net_margin,financial_ratio,0.0008615228438539881,0.0008615228438539881
test_target_tweaks3,success_stable_balance_next_4obs,gradient_boosting,all_features,42,num__gross_margin,gross_margin,financial_ratio,0.0007880238014425369,0.0007880238014425369
test_target_tweaks3,success_stable_balance_next_4obs,gradient_boosting,all_features,42,num__gross_profit,gross_profit,accounting_fundamental,0.0007769452633255763,0.0007769452633255763
test_target_tweaks3,success_stable_balance_next_4obs,gradient_boosting,all_features,42,num__T10Y2Y,T10Y2Y,macro,0.0006670396161387686,0.0006670396161387686
test_target_tweaks3,success_stable_balance_next_4obs,gradient_boosting,all_features,42,num__net_margin,net_margin,financial_ratio,0.0006502879130762913,0.0006502879130762913
test_target_tweaks3,success_stable_balance_next_4obs,gradient_boosting,all_features,42,num__current_ratio,current_ratio,financial_ratio,0.0006270937145616916,0.0006270937145616916
test_target_tweaks3,success_stable_balance_next_4obs,gradient_boosting,all_features,42,num__current_ratio_lag1,current_ratio_lag1,firm_trend,0.0005526313482942971,0.0005526313482942971
test_target_tweaks3,success_stable_balance_next_4obs,gradient_boosting,all_features,42,num__total_revenue,total_revenue,accounting_fundamental,0.0005310973051823851,0.0005310973051823851
test_target_tweaks3,success_stable_balance_next_4obs,gradient_boosting,all_features,42,num__total_assets,total_assets,accounting_fundamental,0.0004946384905102232,0.0004946384905102232
test_target_tweaks3,success_stable_balance_next_4obs,gradient_boosting,all_features,42,num__DCOILWTICO_yoy_pct,DCOILWTICO_yoy_pct,macro,0.0004128589459944265,0.0004128589459944265
test_target_tweaks3,success_stable_balance_next_4obs,gradient_boosting,all_features,42,num__current_liabilities,current_liabilities,accounting_fundamental,0.00041067914205228254,0.00041067914205228254
test_target_tweaks3,success_stable_balance_next_4obs,gradient_boosting,all_features,42,num__total_liabilities_growth_4obs,total_liabilities_growth_4obs,firm_trend,0.0004032176629342429,0.0004032176629342429
test_target_tweaks3,success_stable_balance_next_4obs,gradient_boosting,all_features,42,num__current_assets_growth_4obs,current_assets_growth_4obs,firm_trend,0.00035250024052466817,0.00035250024052466817
test_target_tweaks3,success_stable_balance_next_4obs,gradient_boosting,all_features,42,num__missingindicator_gross_margin_change_4obs,gross_margin_change_4obs,firm_trend,0.00028400525464083033,0.00028400525464083033
test_target_tweaks3,success_stable_balance_next_4obs,gradient_boosting,all_features,42,num__missingindicator_net_income,net_income,accounting_fundamental,0.00027704696095035914,0.00027704696095035914
test_target_tweaks3,success_stable_balance_next_4obs,gradient_boosting,all_features,42,num__missingindicator_gross_margin,gross_margin,financial_ratio,0.00026342572323107395,0.00026342572323107395
test_target_tweaks3,success_stable_balance_next_4obs,gradient_boosting,all_features,42,num__operating_margin,operating_margin,financial_ratio,0.0002485242429345477,0.0002485242429345477
test_target_tweaks3,success_stable_balance_next_4obs,gradient_boosting,all_features,202,num__missingindicator_total_liabilities,total_liabilities,accounting_fundamental,0.2969018683005902,0.2969018683005902
test_target_tweaks3,success_stable_balance_next_4obs,gradient_boosting,all_features,202,num__cash_assets,cash_assets,financial_ratio,0.16459707630425788,0.16459707630425788
test_target_tweaks3,success_stable_balance_next_4obs,gradient_boosting,all_features,202,num__equity_assets,equity_assets,financial_ratio,0.09794711724285536,0.09794711724285536
test_target_tweaks3,success_stable_balance_next_4obs,gradient_boosting,all_features,202,num__leverage_assets,leverage_assets,financial_ratio,0.09478061769289114,0.09478061769289114
test_target_tweaks3,success_stable_balance_next_4obs,gradient_boosting,all_features,202,num__missingindicator_leverage_assets,leverage_assets,financial_ratio,0.07476824680730335,0.07476824680730335
test_target_tweaks3,success_stable_balance_next_4obs,gradient_boosting,all_features,202,num__cash_assets_lag1,cash_assets_lag1,firm_trend,0.07337414723127793,0.07337414723127793
test_target_tweaks3,success_stable_balance_next_4obs,gradient_boosting,all_features,202,num__roa,roa,financial_ratio,0.05166767857428688,0.05166767857428688
test_target_tweaks3,success_stable_balance_next_4obs,gradient_boosting,all_features,202,num__leverage_assets_lag1,leverage_assets_lag1,firm_trend,0.04566372221316204,0.04566372221316204
test_target_tweaks3,success_stable_balance_next_4obs,gradient_boosting,all_features,202,num__net_income_negative_count_prior_4obs,net_income_negative_count_prior_4obs,firm_trend,0.02466726720779872,0.02466726720779872
test_target_tweaks3,success_stable_balance_next_4obs,gradient_boosting,all_features,202,num__roa_lag1,roa_lag1,firm_trend,0.019714101554292613,0.019714101554292613
test_target_tweaks3,success_stable_balance_next_4obs,gradient_boosting,all_features,202,num__missingindicator_leverage_assets_lag1,leverage_assets_lag1,firm_trend,0.013585740733619251,0.013585740733619251
test_target_tweaks3,success_stable_balance_next_4obs,gradient_boosting,all_features,202,num__operating_income,operating_income,accounting_fundamental,0.009955429983193965,0.009955429983193965
test_target_tweaks3,success_stable_balance_next_4obs,gradient_boosting,all_features,202,num__net_income,net_income,accounting_fundamental,0.004816153888057508,0.004816153888057508
test_target_tweaks3,success_stable_balance_next_4obs,gradient_boosting,all_features,202,num__current_assets,current_assets,accounting_fundamental,0.004282050821304374,0.004282050821304374
test_target_tweaks3,success_stable_balance_next_4obs,gradient_boosting,all_features,202,num__total_liabilities,total_liabilities,accounting_fundamental,0.0015970895007074173,0.0015970895007074173
test_target_tweaks3,success_stable_balance_next_4obs,gradient_boosting,all_features,202,num__inventory_assets,inventory_assets,financial_ratio,0.0015190857407732582,0.0015190857407732582
test_target_tweaks3,success_stable_balance_next_4obs,gradient_boosting,all_features,202,num__receivables_assets,receivables_assets,financial_ratio,0.0014391540672357773,0.0014391540672357773
test_target_tweaks3,success_stable_balance_next_4obs,gradient_boosting,all_features,202,num__cash_assets_change_4obs,cash_assets_change_4obs,firm_trend,0.0012956019729468819,0.0012956019729468819
test_target_tweaks3,success_stable_balance_next_4obs,gradient_boosting,all_features,202,num__cash_equivalents_growth_4obs,cash_equivalents_growth_4obs,firm_trend,0.0012850816112029134,0.0012850816112029134
test_target_tweaks3,success_stable_balance_next_4obs,gradient_boosting,all_features,202,num__r_and_d_intensity,r_and_d_intensity,financial_ratio,0.0011278346384535236,0.0011278346384535236
test_target_tweaks3,success_stable_balance_next_4obs,gradient_boosting,all_features,202,num__total_equity,total_equity,accounting_fundamental,0.0010265633061962809,0.0010265633061962809
test_target_tweaks3,success_stable_balance_next_4obs,gradient_boosting,all_features,202,num__cash_equivalents,cash_equivalents,accounting_fundamental,0.0009727949993180903,0.0009727949993180903
test_target_tweaks3,success_stable_balance_next_4obs,gradient_boosting,all_features,202,num__operating_margin_lag1,operating_margin_lag1,firm_trend,0.0008706892308389478,0.0008706892308389478
test_target_tweaks3,success_stable_balance_next_4obs,gradient_boosting,all_features,202,num__missingindicator_net_margin,net_margin,financial_ratio,0.0008615228438542817,0.0008615228438542817
test_target_tweaks3,success_stable_balance_next_4obs,gradient_boosting,all_features,202,num__gross_margin,gross_margin,financial_ratio,0.0007880238014424801,0.0007880238014424801
test_target_tweaks3,success_stable_balance_next_4obs,gradient_boosting,all_features,202,num__gross_profit,gross_profit,accounting_fundamental,0.0007569598069281499,0.0007569598069281499
test_target_tweaks3,success_stable_balance_next_4obs,gradient_boosting,all_features,202,num__T10Y2Y,T10Y2Y,macro,0.0006670396161382681,0.0006670396161382681
test_target_tweaks3,success_stable_balance_next_4obs,gradient_boosting,all_features,202,num__net_margin,net_margin,financial_ratio,0.0006502879130763792,0.0006502879130763792
test_target_tweaks3,success_stable_balance_next_4obs,gradient_boosting,all_features,202,num__current_ratio,current_ratio,financial_ratio,0.0006415334075015934,0.0006415334075015934
test_target_tweaks3,success_stable_balance_next_4obs,gradient_boosting,all_features,202,num__current_ratio_lag1,current_ratio_lag1,firm_trend,0.0005534818770888136,0.0005534818770888136
test_target_tweaks3,success_stable_balance_next_4obs,gradient_boosting,all_features,202,num__total_assets,total_assets,accounting_fundamental,0.0005338464637817556,0.0005338464637817556
test_target_tweaks3,success_stable_balance_next_4obs,gradient_boosting,all_features,202,num__total_revenue,total_revenue,accounting_fundamental,0.0005310973051826216,0.0005310973051826216
test_target_tweaks3,success_stable_balance_next_4obs,gradient_boosting,all_features,202,num__DCOILWTICO_yoy_pct,DCOILWTICO_yoy_pct,macro,0.00043884994834741606,0.00043884994834741606
test_target_tweaks3,success_stable_balance_next_4obs,gradient_boosting,all_features,202,num__current_liabilities,current_liabilities,accounting_fundamental,0.0004106791420525015,0.0004106791420525015
test_target_tweaks3,success_stable_balance_next_4obs,gradient_boosting,all_features,202,num__total_liabilities_growth_4obs,total_liabilities_growth_4obs,firm_trend,0.0004032176629350339,0.0004032176629350339
test_target_tweaks3,success_stable_balance_next_4obs,gradient_boosting,all_features,202,num__missingindicator_net_income,net_income,accounting_fundamental,0.00038262270136462507,0.00038262270136462507
test_target_tweaks3,success_stable_balance_next_4obs,gradient_boosting,all_features,202,num__current_assets_growth_4obs,current_assets_growth_4obs,firm_trend,0.0003525002405242082,0.0003525002405242082
test_target_tweaks3,success_stable_balance_next_4obs,gradient_boosting,all_features,202,num__missingindicator_gross_margin_change_4obs,gross_margin_change_4obs,firm_trend,0.00028400525464086155,0.00028400525464086155
test_target_tweaks3,success_stable_balance_next_4obs,gradient_boosting,all_features,202,num__missingindicator_gross_margin,gross_margin,financial_ratio,0.0002634257232310737,0.0002634257232310737
test_target_tweaks3,success_stable_balance_next_4obs,gradient_boosting,all_features,202,num__operating_margin,operating_margin,financial_ratio,0.0002460632834098777,0.0002460632834098777
test_target_tweaks4,failure_pressure_sector_strict_next_4obs,logistic_l2,all_features,42,num__RSAFS,RSAFS,macro,1.6096814407716653,1.6096814407716653
test_target_tweaks4,failure_pressure_sector_strict_next_4obs,logistic_l2,all_features,42,num__total_assets,total_assets,accounting_fundamental,1.4384181893514265,1.4384181893514265
test_target_tweaks4,failure_pressure_sector_strict_next_4obs,logistic_l2,all_features,42,num__net_income_negative_count_prior_4obs,net_income_negative_count_prior_4obs,firm_trend,1.27431102414414,1.27431102414414
test_target_tweaks4,failure_pressure_sector_strict_next_4obs,logistic_l2,all_features,42,cat__Sector_Financial Services,Sector_Financial Services,sector,1.2094642035145269,-1.2094642035145269
test_target_tweaks4,failure_pressure_sector_strict_next_4obs,logistic_l2,all_features,42,num__PAYEMS,PAYEMS,macro,0.9603537881380533,-0.9603537881380533
test_target_tweaks4,failure_pressure_sector_strict_next_4obs,logistic_l2,all_features,42,num__GDPC1,GDPC1,macro,0.9340838940206879,-0.9340838940206879
test_target_tweaks4,failure_pressure_sector_strict_next_4obs,logistic_l2,all_features,42,num__CPIAUCSL,CPIAUCSL,macro,0.9098140860684992,0.9098140860684992
test_target_tweaks4,failure_pressure_sector_strict_next_4obs,logistic_l2,all_features,42,num__missingindicator_total_assets_growth_4obs,total_assets_growth_4obs,firm_trend,0.9004323034901757,0.9004323034901757
test_target_tweaks4,failure_pressure_sector_strict_next_4obs,logistic_l2,all_features,42,num__BUSLOANS,BUSLOANS,macro,0.8953275665764537,-0.8953275665764537
test_target_tweaks4,failure_pressure_sector_strict_next_4obs,logistic_l2,all_features,42,num__UNRATE,UNRATE,macro,0.8746368351471299,-0.8746368351471299
test_target_tweaks4,failure_pressure_sector_strict_next_4obs,logistic_l2,all_features,42,num__total_liabilities,total_liabilities,accounting_fundamental,0.8433678678474588,-0.8433678678474588
test_target_tweaks4,failure_pressure_sector_strict_next_4obs,logistic_l2,all_features,42,num__missingindicator_current_assets,current_assets,accounting_fundamental,0.6847856486700059,0.6847856486700059
test_target_tweaks4,failure_pressure_sector_strict_next_4obs,logistic_l2,all_features,42,num__missingindicator_total_liabilities,total_liabilities,accounting_fundamental,0.673710695554908,0.673710695554908
test_target_tweaks4,failure_pressure_sector_strict_next_4obs,logistic_l2,all_features,42,num__missingindicator_current_ratio,current_ratio,financial_ratio,0.671855895637755,-0.671855895637755
test_target_tweaks4,failure_pressure_sector_strict_next_4obs,logistic_l2,all_features,42,cat__Sector_Basic Materials,Sector_Basic Materials,sector,0.6138226412780013,0.6138226412780013
test_target_tweaks4,failure_pressure_sector_strict_next_4obs,logistic_l2,all_features,42,num__missingindicator_leverage_assets_change_4obs,leverage_assets_change_4obs,firm_trend,0.607114592828083,0.607114592828083
test_target_tweaks4,failure_pressure_sector_strict_next_4obs,logistic_l2,all_features,42,num__missingindicator_total_liabilities_growth_4obs,total_liabilities_growth_4obs,firm_trend,0.6052204928276935,-0.6052204928276935
test_target_tweaks4,failure_pressure_sector_strict_next_4obs,logistic_l2,all_features,42,num__operating_margin,operating_margin,financial_ratio,0.5988651707308414,-0.5988651707308414
test_target_tweaks4,failure_pressure_sector_strict_next_4obs,logistic_l2,all_features,42,num__missingindicator_current_liabilities,current_liabilities,accounting_fundamental,0.5459595681082468,0.5459595681082468
test_target_tweaks4,failure_pressure_sector_strict_next_4obs,logistic_l2,all_features,42,num__missingindicator_leverage_assets,leverage_assets,financial_ratio,0.5326778651589151,-0.5326778651589151
test_target_tweaks4,failure_pressure_sector_strict_next_4obs,logistic_l2,all_features,42,cat__Sector_Consumer Defensive,Sector_Consumer Defensive,sector,0.5297875002267889,0.5297875002267889
test_target_tweaks4,failure_pressure_sector_strict_next_4obs,logistic_l2,all_features,42,num__total_equity,total_equity,accounting_fundamental,0.5231786167918229,-0.5231786167918229
test_target_tweaks4,failure_pressure_sector_strict_next_4obs,logistic_l2,all_features,42,num__leverage_assets_lag1,leverage_assets_lag1,firm_trend,0.47606106499944467,-0.47606106499944467
test_target_tweaks4,failure_pressure_sector_strict_next_4obs,logistic_l2,all_features,42,num__missingindicator_current_liabilities_growth_4obs,current_liabilities_growth_4obs,firm_trend,0.4712983840897486,-0.4712983840897486
test_target_tweaks4,failure_pressure_sector_strict_next_4obs,logistic_l2,all_features,42,num__missingindicator_net_margin_change_4obs,net_margin_change_4obs,firm_trend,0.4472891918095192,0.4472891918095192
test_target_tweaks4,failure_pressure_sector_strict_next_4obs,logistic_l2,all_features,42,num__roa_lag1,roa_lag1,firm_trend,0.44507265342529634,-0.44507265342529634
test_target_tweaks4,failure_pressure_sector_strict_next_4obs,logistic_l2,all_features,42,num__roa,roa,financial_ratio,0.4337148124919359,-0.4337148124919359
test_target_tweaks4,failure_pressure_sector_strict_next_4obs,logistic_l2,all_features,42,cat__Sector_Real Estate,Sector_Real Estate,sector,0.4234619684095506,-0.4234619684095506
test_target_tweaks4,failure_pressure_sector_strict_next_4obs,logistic_l2,all_features,42,num__missingindicator_total_revenue_growth_4obs,total_revenue_growth_4obs,firm_trend,0.37930086693761256,-0.37930086693761256
test_target_tweaks4,failure_pressure_sector_strict_next_4obs,logistic_l2,all_features,42,cat__Sector_Agriculture,Sector_Agriculture,sector,0.359019170468544,-0.359019170468544
test_target_tweaks4,failure_pressure_sector_strict_next_4obs,logistic_l2,all_features,42,num__operating_income,operating_income,accounting_fundamental,0.31020317327793007,-0.31020317327793007
test_target_tweaks4,failure_pressure_sector_strict_next_4obs,logistic_l2,all_features,42,num__missingindicator_gross_margin,gross_margin,financial_ratio,0.3076331667670226,-0.3076331667670226
test_target_tweaks4,failure_pressure_sector_strict_next_4obs,logistic_l2,all_features,42,cat__Sector_Healthcare,Sector_Healthcare,sector,0.29581188792598817,-0.29581188792598817
test_target_tweaks4,failure_pressure_sector_strict_next_4obs,logistic_l2,all_features,42,num__gross_profit,gross_profit,accounting_fundamental,0.2792717870845341,-0.2792717870845341
test_target_tweaks4,failure_pressure_sector_strict_next_4obs,logistic_l2,all_features,42,num__missingindicator_current_ratio_change_4obs,current_ratio_change_4obs,firm_trend,0.2777174168818265,-0.2777174168818265
test_target_tweaks4,failure_pressure_sector_strict_next_4obs,logistic_l2,all_features,42,num__missingindicator_roa_change_4obs,roa_change_4obs,firm_trend,0.27431119899930984,-0.27431119899930984
test_target_tweaks4,failure_pressure_sector_strict_next_4obs,logistic_l2,all_features,42,num__equity_assets,equity_assets,financial_ratio,0.2687537550786116,-0.2687537550786116
test_target_tweaks4,failure_pressure_sector_strict_next_4obs,logistic_l2,all_features,42,num__demand_slowdown_regime,demand_slowdown_regime,regime_time,0.2451499901548795,-0.2451499901548795
test_target_tweaks4,failure_pressure_sector_strict_next_4obs,logistic_l2,all_features,42,num__missingindicator_leverage_assets_lag1,leverage_assets_lag1,firm_trend,0.23888663862804507,-0.23888663862804507
test_target_tweaks4,failure_pressure_sector_strict_next_4obs,logistic_l2,all_features,42,cat__Sector_Communication Services,Sector_Communication Services,sector,0.23834365582155673,-0.23834365582155673
test_target_tweaks4,failure_pressure_sector_strict_next_4obs,random_forest,all_features,42,num__net_income_negative_count_prior_4obs,net_income_negative_count_prior_4obs,firm_trend,0.08594119325722811,0.08594119325722811
test_target_tweaks4,failure_pressure_sector_strict_next_4obs,random_forest,all_features,42,num__roa_lag1,roa_lag1,firm_trend,0.08343606527866942,0.08343606527866942
test_target_tweaks4,failure_pressure_sector_strict_next_4obs,random_forest,all_features,42,num__roa,roa,financial_ratio,0.07258881591068193,0.07258881591068193
test_target_tweaks4,failure_pressure_sector_strict_next_4obs,random_forest,all_features,42,num__net_income,net_income,accounting_fundamental,0.06764219662514821,0.06764219662514821
test_target_tweaks4,failure_pressure_sector_strict_next_4obs,random_forest,all_features,42,num__net_margin,net_margin,financial_ratio,0.05372290282629716,0.05372290282629716
test_target_tweaks4,failure_pressure_sector_strict_next_4obs,random_forest,all_features,42,num__net_margin_lag1,net_margin_lag1,firm_trend,0.042318185926378454,0.042318185926378454
test_target_tweaks4,failure_pressure_sector_strict_next_4obs,random_forest,all_features,42,num__operating_income,operating_income,accounting_fundamental,0.0384344315759966,0.0384344315759966
test_target_tweaks4,failure_pressure_sector_strict_next_4obs,random_forest,all_features,42,num__operating_margin,operating_margin,financial_ratio,0.031476770905180994,0.031476770905180994
test_target_tweaks4,failure_pressure_sector_strict_next_4obs,random_forest,all_features,42,num__operating_margin_lag1,operating_margin_lag1,firm_trend,0.027491554819074206,0.027491554819074206
test_target_tweaks4,failure_pressure_sector_strict_next_4obs,random_forest,all_features,42,num__total_equity,total_equity,accounting_fundamental,0.02181445431696563,0.02181445431696563
test_target_tweaks4,failure_pressure_sector_strict_next_4obs,random_forest,all_features,42,num__current_assets,current_assets,accounting_fundamental,0.01896455048694749,0.01896455048694749
test_target_tweaks4,failure_pressure_sector_strict_next_4obs,random_forest,all_features,42,num__total_assets,total_assets,accounting_fundamental,0.01756028258325465,0.01756028258325465
test_target_tweaks4,failure_pressure_sector_strict_next_4obs,random_forest,all_features,42,num__current_liabilities,current_liabilities,accounting_fundamental,0.017528582117046995,0.017528582117046995
test_target_tweaks4,failure_pressure_sector_strict_next_4obs,random_forest,all_features,42,num__total_assets_growth_4obs,total_assets_growth_4obs,firm_trend,0.01548539618167412,0.01548539618167412
test_target_tweaks4,failure_pressure_sector_strict_next_4obs,random_forest,all_features,42,num__total_revenue,total_revenue,accounting_fundamental,0.012658244004162133,0.012658244004162133
test_target_tweaks4,failure_pressure_sector_strict_next_4obs,random_forest,all_features,42,num__equity_assets,equity_assets,financial_ratio,0.012615537562081147,0.012615537562081147
test_target_tweaks4,failure_pressure_sector_strict_next_4obs,random_forest,all_features,42,num__total_liabilities,total_liabilities,accounting_fundamental,0.012245840649949366,0.012245840649949366
test_target_tweaks4,failure_pressure_sector_strict_next_4obs,random_forest,all_features,42,num__cash_flow_operating,cash_flow_operating,accounting_fundamental,0.01203832524712766,0.01203832524712766
test_target_tweaks4,failure_pressure_sector_strict_next_4obs,random_forest,all_features,42,num__cash_equivalents,cash_equivalents,accounting_fundamental,0.009981489022621843,0.009981489022621843
test_target_tweaks4,failure_pressure_sector_strict_next_4obs,random_forest,all_features,42,num__inventory_assets,inventory_assets,financial_ratio,0.009257542300669165,0.009257542300669165
test_target_tweaks4,failure_pressure_sector_strict_next_4obs,random_forest,all_features,42,num__cash_assets,cash_assets,financial_ratio,0.008955890059409251,0.008955890059409251
test_target_tweaks4,failure_pressure_sector_strict_next_4obs,random_forest,all_features,42,num__roa_change_4obs,roa_change_4obs,firm_trend,0.008894256660616108,0.008894256660616108
test_target_tweaks4,failure_pressure_sector_strict_next_4obs,random_forest,all_features,42,num__total_revenue_growth_4obs,total_revenue_growth_4obs,firm_trend,0.008577199947957031,0.008577199947957031
test_target_tweaks4,failure_pressure_sector_strict_next_4obs,random_forest,all_features,42,num__net_margin_change_4obs,net_margin_change_4obs,firm_trend,0.008394819952444864,0.008394819952444864
test_target_tweaks4,failure_pressure_sector_strict_next_4obs,random_forest,all_features,42,num__cash_assets_lag1,cash_assets_lag1,firm_trend,0.00811912913848801,0.00811912913848801
test_target_tweaks4,failure_pressure_sector_strict_next_4obs,random_forest,all_features,42,num__current_ratio,current_ratio,financial_ratio,0.007498270750170978,0.007498270750170978
test_target_tweaks4,failure_pressure_sector_strict_next_4obs,random_forest,all_features,42,num__capex,capex,accounting_fundamental,0.007476069506472219,0.007476069506472219
test_target_tweaks4,failure_pressure_sector_strict_next_4obs,random_forest,all_features,42,num__current_liabilities_growth_4obs,current_liabilities_growth_4obs,firm_trend,0.007293994128277916,0.007293994128277916
test_target_tweaks4,failure_pressure_sector_strict_next_4obs,random_forest,all_features,42,num__current_ratio_lag1,current_ratio_lag1,firm_trend,0.007213027647701572,0.007213027647701572
test_target_tweaks4,failure_pressure_sector_strict_next_4obs,random_forest,all_features,42,num__receivables_assets,receivables_assets,financial_ratio,0.007171384476301938,0.007171384476301938
test_target_tweaks4,failure_pressure_sector_strict_next_4obs,random_forest,all_features,42,num__current_assets_growth_4obs,current_assets_growth_4obs,firm_trend,0.007096730743838072,0.007096730743838072
test_target_tweaks4,failure_pressure_sector_strict_next_4obs,random_forest,all_features,42,num__leverage_assets,leverage_assets,financial_ratio,0.006506881694668274,0.006506881694668274
test_target_tweaks4,failure_pressure_sector_strict_next_4obs,random_forest,all_features,42,num__operating_margin_change_4obs,operating_margin_change_4obs,firm_trend,0.006211587069526193,0.006211587069526193
test_target_tweaks4,failure_pressure_sector_strict_next_4obs,random_forest,all_features,42,num__DCOILWTICO,DCOILWTICO,macro,0.006099495683862977,0.006099495683862977
test_target_tweaks4,failure_pressure_sector_strict_next_4obs,random_forest,all_features,42,num__DCOILWTICO_yoy_pct,DCOILWTICO_yoy_pct,macro,0.006073478605486082,0.006073478605486082
test_target_tweaks4,failure_pressure_sector_strict_next_4obs,random_forest,all_features,42,num__DTWEXBGS_yoy_pct,DTWEXBGS_yoy_pct,macro,0.0059359964145291955,0.0059359964145291955
test_target_tweaks4,failure_pressure_sector_strict_next_4obs,random_forest,all_features,42,num__total_liabilities_growth_4obs,total_liabilities_growth_4obs,firm_trend,0.005924394326108403,0.005924394326108403
test_target_tweaks4,failure_pressure_sector_strict_next_4obs,random_forest,all_features,42,num__leverage_assets_lag1,leverage_assets_lag1,firm_trend,0.005850658645981501,0.005850658645981501
test_target_tweaks4,failure_pressure_sector_strict_next_4obs,random_forest,all_features,42,num__VIXCLS,VIXCLS,macro,0.005795236738909226,0.005795236738909226
test_target_tweaks4,failure_pressure_sector_strict_next_4obs,random_forest,all_features,42,num__USEPUINDXD,USEPUINDXD,macro,0.005671014931565292,0.005671014931565292
test_target_tweaks4,failure_pressure_sector_strict_next_4obs,random_forest,all_features,202,num__net_income_negative_count_prior_4obs,net_income_negative_count_prior_4obs,firm_trend,0.08425112898472119,0.08425112898472119
test_target_tweaks4,failure_pressure_sector_strict_next_4obs,random_forest,all_features,202,num__roa,roa,financial_ratio,0.08245597728140296,0.08245597728140296
test_target_tweaks4,failure_pressure_sector_strict_next_4obs,random_forest,all_features,202,num__roa_lag1,roa_lag1,firm_trend,0.06967340912360726,0.06967340912360726
test_target_tweaks4,failure_pressure_sector_strict_next_4obs,random_forest,all_features,202,num__net_income,net_income,accounting_fundamental,0.06553932682569338,0.06553932682569338
test_target_tweaks4,failure_pressure_sector_strict_next_4obs,random_forest,all_features,202,num__net_margin,net_margin,financial_ratio,0.05374124686395153,0.05374124686395153
test_target_tweaks4,failure_pressure_sector_strict_next_4obs,random_forest,all_features,202,num__operating_income,operating_income,accounting_fundamental,0.04435512566564654,0.04435512566564654
test_target_tweaks4,failure_pressure_sector_strict_next_4obs,random_forest,all_features,202,num__net_margin_lag1,net_margin_lag1,firm_trend,0.04186870453900423,0.04186870453900423
test_target_tweaks4,failure_pressure_sector_strict_next_4obs,random_forest,all_features,202,num__operating_margin,operating_margin,financial_ratio,0.02878058433821914,0.02878058433821914
test_target_tweaks4,failure_pressure_sector_strict_next_4obs,random_forest,all_features,202,num__operating_margin_lag1,operating_margin_lag1,firm_trend,0.026864879611810673,0.026864879611810673
test_target_tweaks4,failure_pressure_sector_strict_next_4obs,random_forest,all_features,202,num__total_equity,total_equity,accounting_fundamental,0.020965343289949225,0.020965343289949225
test_target_tweaks4,failure_pressure_sector_strict_next_4obs,random_forest,all_features,202,num__current_liabilities,current_liabilities,accounting_fundamental,0.017502016056349424,0.017502016056349424
test_target_tweaks4,failure_pressure_sector_strict_next_4obs,random_forest,all_features,202,num__total_assets,total_assets,accounting_fundamental,0.016941150597176546,0.016941150597176546
test_target_tweaks4,failure_pressure_sector_strict_next_4obs,random_forest,all_features,202,num__current_assets,current_assets,accounting_fundamental,0.01633214558513618,0.01633214558513618
test_target_tweaks4,failure_pressure_sector_strict_next_4obs,random_forest,all_features,202,num__total_assets_growth_4obs,total_assets_growth_4obs,firm_trend,0.015404520418693004,0.015404520418693004
test_target_tweaks4,failure_pressure_sector_strict_next_4obs,random_forest,all_features,202,num__equity_assets,equity_assets,financial_ratio,0.014137080014441743,0.014137080014441743
test_target_tweaks4,failure_pressure_sector_strict_next_4obs,random_forest,all_features,202,num__total_revenue,total_revenue,accounting_fundamental,0.01394678454296673,0.01394678454296673
test_target_tweaks4,failure_pressure_sector_strict_next_4obs,random_forest,all_features,202,num__total_liabilities,total_liabilities,accounting_fundamental,0.013824699157214336,0.013824699157214336
test_target_tweaks4,failure_pressure_sector_strict_next_4obs,random_forest,all_features,202,num__cash_flow_operating,cash_flow_operating,accounting_fundamental,0.012200977881350888,0.012200977881350888
test_target_tweaks4,failure_pressure_sector_strict_next_4obs,random_forest,all_features,202,num__cash_equivalents,cash_equivalents,accounting_fundamental,0.011559174369138519,0.011559174369138519
test_target_tweaks4,failure_pressure_sector_strict_next_4obs,random_forest,all_features,202,num__roa_change_4obs,roa_change_4obs,firm_trend,0.010425923846433545,0.010425923846433545
test_target_tweaks4,failure_pressure_sector_strict_next_4obs,random_forest,all_features,202,num__cash_assets,cash_assets,financial_ratio,0.009020646136888574,0.009020646136888574
test_target_tweaks4,failure_pressure_sector_strict_next_4obs,random_forest,all_features,202,num__total_revenue_growth_4obs,total_revenue_growth_4obs,firm_trend,0.008722344004515652,0.008722344004515652
test_target_tweaks4,failure_pressure_sector_strict_next_4obs,random_forest,all_features,202,num__inventory_assets,inventory_assets,financial_ratio,0.008702008313632286,0.008702008313632286
test_target_tweaks4,failure_pressure_sector_strict_next_4obs,random_forest,all_features,202,num__net_margin_change_4obs,net_margin_change_4obs,firm_trend,0.008464565811208523,0.008464565811208523
test_target_tweaks4,failure_pressure_sector_strict_next_4obs,random_forest,all_features,202,num__cash_assets_lag1,cash_assets_lag1,firm_trend,0.00815730614679049,0.00815730614679049
test_target_tweaks4,failure_pressure_sector_strict_next_4obs,random_forest,all_features,202,num__receivables_assets,receivables_assets,financial_ratio,0.007894802609296866,0.007894802609296866
test_target_tweaks4,failure_pressure_sector_strict_next_4obs,random_forest,all_features,202,num__current_ratio,current_ratio,financial_ratio,0.007849508697377567,0.007849508697377567
test_target_tweaks4,failure_pressure_sector_strict_next_4obs,random_forest,all_features,202,num__current_ratio_lag1,current_ratio_lag1,firm_trend,0.0073988734361563665,0.0073988734361563665
test_target_tweaks4,failure_pressure_sector_strict_next_4obs,random_forest,all_features,202,num__capex,capex,accounting_fundamental,0.007382833452460843,0.007382833452460843
test_target_tweaks4,failure_pressure_sector_strict_next_4obs,random_forest,all_features,202,num__current_assets_growth_4obs,current_assets_growth_4obs,firm_trend,0.007273969205658298,0.007273969205658298
test_target_tweaks4,failure_pressure_sector_strict_next_4obs,random_forest,all_features,202,num__total_liabilities_growth_4obs,total_liabilities_growth_4obs,firm_trend,0.006350593664757657,0.006350593664757657
test_target_tweaks4,failure_pressure_sector_strict_next_4obs,random_forest,all_features,202,num__current_liabilities_growth_4obs,current_liabilities_growth_4obs,firm_trend,0.006234253264342019,0.006234253264342019
test_target_tweaks4,failure_pressure_sector_strict_next_4obs,random_forest,all_features,202,num__DTWEXBGS_yoy_pct,DTWEXBGS_yoy_pct,macro,0.006190785328171038,0.006190785328171038
test_target_tweaks4,failure_pressure_sector_strict_next_4obs,random_forest,all_features,202,num__operating_margin_change_4obs,operating_margin_change_4obs,firm_trend,0.006130842433674443,0.006130842433674443
test_target_tweaks4,failure_pressure_sector_strict_next_4obs,random_forest,all_features,202,num__BAMLH0A0HYM2,BAMLH0A0HYM2,macro,0.006103182124975707,0.006103182124975707
test_target_tweaks4,failure_pressure_sector_strict_next_4obs,random_forest,all_features,202,num__DCOILWTICO,DCOILWTICO,macro,0.006066527852830791,0.006066527852830791
test_target_tweaks4,failure_pressure_sector_strict_next_4obs,random_forest,all_features,202,num__leverage_assets_lag1,leverage_assets_lag1,firm_trend,0.0060594044324974,0.0060594044324974
test_target_tweaks4,failure_pressure_sector_strict_next_4obs,random_forest,all_features,202,num__leverage_assets,leverage_assets,financial_ratio,0.006059345223402777,0.006059345223402777
test_target_tweaks4,failure_pressure_sector_strict_next_4obs,random_forest,all_features,202,num__DCOILWTICO_yoy_pct,DCOILWTICO_yoy_pct,macro,0.005856537720092599,0.005856537720092599
test_target_tweaks4,failure_pressure_sector_strict_next_4obs,random_forest,all_features,202,num__VIXCLS,VIXCLS,macro,0.00566094923762021,0.00566094923762021
test_target_tweaks4,failure_pressure_sector_strict_next_4obs,gradient_boosting,all_features,42,num__net_income_negative_count_prior_4obs,net_income_negative_count_prior_4obs,firm_trend,0.5287244118102574,0.5287244118102574
test_target_tweaks4,failure_pressure_sector_strict_next_4obs,gradient_boosting,all_features,42,num__roa,roa,financial_ratio,0.09769134865482743,0.09769134865482743
test_target_tweaks4,failure_pressure_sector_strict_next_4obs,gradient_boosting,all_features,42,num__net_income,net_income,accounting_fundamental,0.08595193493852918,0.08595193493852918
test_target_tweaks4,failure_pressure_sector_strict_next_4obs,gradient_boosting,all_features,42,num__roa_lag1,roa_lag1,firm_trend,0.051411417551427384,0.051411417551427384
test_target_tweaks4,failure_pressure_sector_strict_next_4obs,gradient_boosting,all_features,42,num__operating_income,operating_income,accounting_fundamental,0.03210099351478034,0.03210099351478034
test_target_tweaks4,failure_pressure_sector_strict_next_4obs,gradient_boosting,all_features,42,num__total_assets_growth_4obs,total_assets_growth_4obs,firm_trend,0.015437413115165699,0.015437413115165699
test_target_tweaks4,failure_pressure_sector_strict_next_4obs,gradient_boosting,all_features,42,num__operating_margin_lag1,operating_margin_lag1,firm_trend,0.014632094437627698,0.014632094437627698
test_target_tweaks4,failure_pressure_sector_strict_next_4obs,gradient_boosting,all_features,42,num__operating_margin,operating_margin,financial_ratio,0.013070519271662836,0.013070519271662836
test_target_tweaks4,failure_pressure_sector_strict_next_4obs,gradient_boosting,all_features,42,num__inventory_assets,inventory_assets,financial_ratio,0.01289835138942955,0.01289835138942955
test_target_tweaks4,failure_pressure_sector_strict_next_4obs,gradient_boosting,all_features,42,num__net_margin,net_margin,financial_ratio,0.012821491276747185,0.012821491276747185
test_target_tweaks4,failure_pressure_sector_strict_next_4obs,gradient_boosting,all_features,42,cat__Sector_Financial Services,Sector_Financial Services,sector,0.011664012321912422,0.011664012321912422
test_target_tweaks4,failure_pressure_sector_strict_next_4obs,gradient_boosting,all_features,42,num__total_liabilities,total_liabilities,accounting_fundamental,0.009396111117338065,0.009396111117338065
test_target_tweaks4,failure_pressure_sector_strict_next_4obs,gradient_boosting,all_features,42,num__net_margin_lag1,net_margin_lag1,firm_trend,0.009320607487524547,0.009320607487524547
test_target_tweaks4,failure_pressure_sector_strict_next_4obs,gradient_boosting,all_features,42,num__missingindicator_total_assets_growth_4obs,total_assets_growth_4obs,firm_trend,0.006819338042925393,0.006819338042925393
test_target_tweaks4,failure_pressure_sector_strict_next_4obs,gradient_boosting,all_features,42,num__equity_assets,equity_assets,financial_ratio,0.006227814704934711,0.006227814704934711
test_target_tweaks4,failure_pressure_sector_strict_next_4obs,gradient_boosting,all_features,42,num__total_equity,total_equity,accounting_fundamental,0.005797833581474483,0.005797833581474483
test_target_tweaks4,failure_pressure_sector_strict_next_4obs,gradient_boosting,all_features,42,num__total_revenue_growth_4obs,total_revenue_growth_4obs,firm_trend,0.004939732177505397,0.004939732177505397
test_target_tweaks4,failure_pressure_sector_strict_next_4obs,gradient_boosting,all_features,42,num__missingindicator_roa_lag1,roa_lag1,firm_trend,0.00492516663993273,0.00492516663993273
test_target_tweaks4,failure_pressure_sector_strict_next_4obs,gradient_boosting,all_features,42,num__total_assets,total_assets,accounting_fundamental,0.004529577227526129,0.004529577227526129
test_target_tweaks4,failure_pressure_sector_strict_next_4obs,gradient_boosting,all_features,42,num__total_revenue,total_revenue,accounting_fundamental,0.003931787916001376,0.003931787916001376
test_target_tweaks4,failure_pressure_sector_strict_next_4obs,gradient_boosting,all_features,42,num__r_and_d_intensity,r_and_d_intensity,financial_ratio,0.003603367915021888,0.003603367915021888
test_target_tweaks4,failure_pressure_sector_strict_next_4obs,gradient_boosting,all_features,42,cat__Sector_Energy,Sector_Energy,sector,0.0033323169441449017,0.0033323169441449017
test_target_tweaks4,failure_pressure_sector_strict_next_4obs,gradient_boosting,all_features,42,num__DCOILWTICO_yoy_pct,DCOILWTICO_yoy_pct,macro,0.0032627429441156822,0.0032627429441156822
test_target_tweaks4,failure_pressure_sector_strict_next_4obs,gradient_boosting,all_features,42,num__DTWEXBGS_yoy_pct,DTWEXBGS_yoy_pct,macro,0.0031892396446392465,0.0031892396446392465
test_target_tweaks4,failure_pressure_sector_strict_next_4obs,gradient_boosting,all_features,42,num__current_assets,current_assets,accounting_fundamental,0.003141961830214424,0.003141961830214424
test_target_tweaks4,failure_pressure_sector_strict_next_4obs,gradient_boosting,all_features,42,num__gross_margin_lag1,gross_margin_lag1,firm_trend,0.0030266992471020544,0.0030266992471020544
test_target_tweaks4,failure_pressure_sector_strict_next_4obs,gradient_boosting,all_features,42,num__missingindicator_capex,capex,accounting_fundamental,0.002889703230881015,0.002889703230881015
test_target_tweaks4,failure_pressure_sector_strict_next_4obs,gradient_boosting,all_features,42,num__roa_change_4obs,roa_change_4obs,firm_trend,0.0028440568317402055,0.0028440568317402055
test_target_tweaks4,failure_pressure_sector_strict_next_4obs,gradient_boosting,all_features,42,num__cash_assets_lag1,cash_assets_lag1,firm_trend,0.0027390243239489276,0.0027390243239489276
test_target_tweaks4,failure_pressure_sector_strict_next_4obs,gradient_boosting,all_features,42,num__cash_assets,cash_assets,financial_ratio,0.0025991743849942003,0.0025991743849942003
test_target_tweaks4,failure_pressure_sector_strict_next_4obs,gradient_boosting,all_features,42,num__M2SL_yoy_pct,M2SL_yoy_pct,macro,0.002396224743049288,0.002396224743049288
test_target_tweaks4,failure_pressure_sector_strict_next_4obs,gradient_boosting,all_features,42,cat__Sector_Basic Materials,Sector_Basic Materials,sector,0.0022533107325678203,0.0022533107325678203
test_target_tweaks4,failure_pressure_sector_strict_next_4obs,gradient_boosting,all_features,42,num__cash_flow_operating,cash_flow_operating,accounting_fundamental,0.002007068218819898,0.002007068218819898
test_target_tweaks4,failure_pressure_sector_strict_next_4obs,gradient_boosting,all_features,42,cat__Sector_Industrials,Sector_Industrials,sector,0.0019835376439948805,0.0019835376439948805
test_target_tweaks4,failure_pressure_sector_strict_next_4obs,gradient_boosting,all_features,42,num__BUSLOANS_yoy_pct,BUSLOANS_yoy_pct,macro,0.0019661299153329714,0.0019661299153329714
test_target_tweaks4,failure_pressure_sector_strict_next_4obs,gradient_boosting,all_features,42,num__INDPRO_yoy_pct,INDPRO_yoy_pct,macro,0.0018320936709999432,0.0018320936709999432
test_target_tweaks4,failure_pressure_sector_strict_next_4obs,gradient_boosting,all_features,42,num__cash_equivalents,cash_equivalents,accounting_fundamental,0.0018194828074219425,0.0018194828074219425
test_target_tweaks4,failure_pressure_sector_strict_next_4obs,gradient_boosting,all_features,42,num__leverage_assets_lag1,leverage_assets_lag1,firm_trend,0.0017327548590479044,0.0017327548590479044
test_target_tweaks4,failure_pressure_sector_strict_next_4obs,gradient_boosting,all_features,42,num__current_liabilities_growth_4obs,current_liabilities_growth_4obs,firm_trend,0.0015889248782304736,0.0015889248782304736
test_target_tweaks4,failure_pressure_sector_strict_next_4obs,gradient_boosting,all_features,42,num__receivables_assets,receivables_assets,financial_ratio,0.0012359985490697795,0.0012359985490697795
test_target_tweaks4,failure_pressure_sector_strict_next_4obs,gradient_boosting,all_features,202,num__net_income_negative_count_prior_4obs,net_income_negative_count_prior_4obs,firm_trend,0.5287244118102625,0.5287244118102625
test_target_tweaks4,failure_pressure_sector_strict_next_4obs,gradient_boosting,all_features,202,num__roa,roa,financial_ratio,0.0976907093376573,0.0976907093376573
test_target_tweaks4,failure_pressure_sector_strict_next_4obs,gradient_boosting,all_features,202,num__net_income,net_income,accounting_fundamental,0.08595126771674433,0.08595126771674433
test_target_tweaks4,failure_pressure_sector_strict_next_4obs,gradient_boosting,all_features,202,num__roa_lag1,roa_lag1,firm_trend,0.05141141755139365,0.05141141755139365
test_target_tweaks4,failure_pressure_sector_strict_next_4obs,gradient_boosting,all_features,202,num__operating_income,operating_income,accounting_fundamental,0.03210099351477894,0.03210099351477894
test_target_tweaks4,failure_pressure_sector_strict_next_4obs,gradient_boosting,all_features,202,num__total_assets_growth_4obs,total_assets_growth_4obs,firm_trend,0.015437320093530835,0.015437320093530835
test_target_tweaks4,failure_pressure_sector_strict_next_4obs,gradient_boosting,all_features,202,num__operating_margin_lag1,operating_margin_lag1,firm_trend,0.014632094437599113,0.014632094437599113
test_target_tweaks4,failure_pressure_sector_strict_next_4obs,gradient_boosting,all_features,202,num__operating_margin,operating_margin,financial_ratio,0.013070519271659442,0.013070519271659442
test_target_tweaks4,failure_pressure_sector_strict_next_4obs,gradient_boosting,all_features,202,num__inventory_assets,inventory_assets,financial_ratio,0.012898351389435897,0.012898351389435897
test_target_tweaks4,failure_pressure_sector_strict_next_4obs,gradient_boosting,all_features,202,num__net_margin,net_margin,financial_ratio,0.01282149127675084,0.01282149127675084
test_target_tweaks4,failure_pressure_sector_strict_next_4obs,gradient_boosting,all_features,202,cat__Sector_Financial Services,Sector_Financial Services,sector,0.01166467954368475,0.01166467954368475
test_target_tweaks4,failure_pressure_sector_strict_next_4obs,gradient_boosting,all_features,202,num__total_liabilities,total_liabilities,accounting_fundamental,0.009396111117342093,0.009396111117342093
test_target_tweaks4,failure_pressure_sector_strict_next_4obs,gradient_boosting,all_features,202,num__net_margin_lag1,net_margin_lag1,firm_trend,0.009320607487528361,0.009320607487528361
test_target_tweaks4,failure_pressure_sector_strict_next_4obs,gradient_boosting,all_features,202,num__missingindicator_total_assets_growth_4obs,total_assets_growth_4obs,firm_trend,0.006819338042908902,0.006819338042908902
test_target_tweaks4,failure_pressure_sector_strict_next_4obs,gradient_boosting,all_features,202,num__equity_assets,equity_assets,financial_ratio,0.006227858070081549,0.006227858070081549
test_target_tweaks4,failure_pressure_sector_strict_next_4obs,gradient_boosting,all_features,202,num__total_equity,total_equity,accounting_fundamental,0.0058653363035599945,0.0058653363035599945
test_target_tweaks4,failure_pressure_sector_strict_next_4obs,gradient_boosting,all_features,202,num__total_revenue_growth_4obs,total_revenue_growth_4obs,firm_trend,0.004939732177520495,0.004939732177520495
test_target_tweaks4,failure_pressure_sector_strict_next_4obs,gradient_boosting,all_features,202,num__missingindicator_roa_lag1,roa_lag1,firm_trend,0.00492516663993455,0.00492516663993455
test_target_tweaks4,failure_pressure_sector_strict_next_4obs,gradient_boosting,all_features,202,num__total_assets,total_assets,accounting_fundamental,0.004529577227522382,0.004529577227522382
test_target_tweaks4,failure_pressure_sector_strict_next_4obs,gradient_boosting,all_features,202,num__total_revenue,total_revenue,accounting_fundamental,0.003931837092780904,0.003931837092780904
test_target_tweaks4,failure_pressure_sector_strict_next_4obs,gradient_boosting,all_features,202,num__r_and_d_intensity,r_and_d_intensity,financial_ratio,0.0036033679150322385,0.0036033679150322385
test_target_tweaks4,failure_pressure_sector_strict_next_4obs,gradient_boosting,all_features,202,cat__Sector_Energy,Sector_Energy,sector,0.0033323169441503942,0.0033323169441503942
test_target_tweaks4,failure_pressure_sector_strict_next_4obs,gradient_boosting,all_features,202,num__DCOILWTICO_yoy_pct,DCOILWTICO_yoy_pct,macro,0.0032627429441195433,0.0032627429441195433
test_target_tweaks4,failure_pressure_sector_strict_next_4obs,gradient_boosting,all_features,202,num__DTWEXBGS_yoy_pct,DTWEXBGS_yoy_pct,macro,0.0031892893011340132,0.0031892893011340132
test_target_tweaks4,failure_pressure_sector_strict_next_4obs,gradient_boosting,all_features,202,num__current_assets,current_assets,accounting_fundamental,0.0031419618302325103,0.0031419618302325103
test_target_tweaks4,failure_pressure_sector_strict_next_4obs,gradient_boosting,all_features,202,num__gross_margin_lag1,gross_margin_lag1,firm_trend,0.0030219694620819064,0.0030219694620819064
test_target_tweaks4,failure_pressure_sector_strict_next_4obs,gradient_boosting,all_features,202,num__roa_change_4obs,roa_change_4obs,firm_trend,0.002900872720917521,0.002900872720917521
test_target_tweaks4,failure_pressure_sector_strict_next_4obs,gradient_boosting,all_features,202,num__missingindicator_capex,capex,accounting_fundamental,0.0028897032308804003,0.0028897032308804003
test_target_tweaks4,failure_pressure_sector_strict_next_4obs,gradient_boosting,all_features,202,num__cash_assets_lag1,cash_assets_lag1,firm_trend,0.00273902432397281,0.00273902432397281
test_target_tweaks4,failure_pressure_sector_strict_next_4obs,gradient_boosting,all_features,202,num__cash_assets,cash_assets,financial_ratio,0.002599174385004608,0.002599174385004608
test_target_tweaks4,failure_pressure_sector_strict_next_4obs,gradient_boosting,all_features,202,num__M2SL_yoy_pct,M2SL_yoy_pct,macro,0.0023912469379388413,0.0023912469379388413
test_target_tweaks4,failure_pressure_sector_strict_next_4obs,gradient_boosting,all_features,202,cat__Sector_Basic Materials,Sector_Basic Materials,sector,0.0022533107325665427,0.0022533107325665427
test_target_tweaks4,failure_pressure_sector_strict_next_4obs,gradient_boosting,all_features,202,num__cash_flow_operating,cash_flow_operating,accounting_fundamental,0.002007068218814983,0.002007068218814983
test_target_tweaks4,failure_pressure_sector_strict_next_4obs,gradient_boosting,all_features,202,num__BUSLOANS_yoy_pct,BUSLOANS_yoy_pct,macro,0.001988910867468263,0.001988910867468263
test_target_tweaks4,failure_pressure_sector_strict_next_4obs,gradient_boosting,all_features,202,cat__Sector_Industrials,Sector_Industrials,sector,0.001983537643996975,0.001983537643996975
test_target_tweaks4,failure_pressure_sector_strict_next_4obs,gradient_boosting,all_features,202,num__INDPRO_yoy_pct,INDPRO_yoy_pct,macro,0.00184008403400341,0.00184008403400341
test_target_tweaks4,failure_pressure_sector_strict_next_4obs,gradient_boosting,all_features,202,num__cash_equivalents,cash_equivalents,accounting_fundamental,0.0017568124880844652,0.0017568124880844652
test_target_tweaks4,failure_pressure_sector_strict_next_4obs,gradient_boosting,all_features,202,num__leverage_assets_lag1,leverage_assets_lag1,firm_trend,0.0017327548590676898,0.0017327548590676898
test_target_tweaks4,failure_pressure_sector_strict_next_4obs,gradient_boosting,all_features,202,num__current_liabilities_growth_4obs,current_liabilities_growth_4obs,firm_trend,0.0015889248782252415,0.0015889248782252415
test_target_tweaks4,failure_pressure_sector_strict_next_4obs,gradient_boosting,all_features,202,num__PPIACO_yoy_pct,PPIACO_yoy_pct,macro,0.001230510508630035,0.001230510508630035
test_target_tweaks4,success_sector_quality_next_4obs,logistic_l2,all_features,42,num__total_assets,total_assets,accounting_fundamental,3.961716569731052,-3.961716569731052
test_target_tweaks4,success_sector_quality_next_4obs,logistic_l2,all_features,42,num__roa_lag1,roa_lag1,firm_trend,2.4381040796645355,2.4381040796645355
test_target_tweaks4,success_sector_quality_next_4obs,logistic_l2,all_features,42,cat__Sector_Agriculture,Sector_Agriculture,sector,2.392021002817301,-2.392021002817301
test_target_tweaks4,success_sector_quality_next_4obs,logistic_l2,all_features,42,num__missingindicator_total_liabilities,total_liabilities,accounting_fundamental,2.0890967901915105,-2.0890967901915105
test_target_tweaks4,success_sector_quality_next_4obs,logistic_l2,all_features,42,num__total_liabilities,total_liabilities,accounting_fundamental,1.940016177082427,-1.940016177082427
test_target_tweaks4,success_sector_quality_next_4obs,logistic_l2,all_features,42,cat__Sector_Consumer Defensive,Sector_Consumer Defensive,sector,1.8689439664445382,-1.8689439664445382
test_target_tweaks4,success_sector_quality_next_4obs,logistic_l2,all_features,42,cat__Sector_Consumer Discretionary,Sector_Consumer Discretionary,sector,1.6977881895831897,1.6977881895831897
test_target_tweaks4,success_sector_quality_next_4obs,logistic_l2,all_features,42,cat__Sector_Financial Services,Sector_Financial Services,sector,1.5654341849330535,1.5654341849330535
test_target_tweaks4,success_sector_quality_next_4obs,logistic_l2,all_features,42,num__cash_equivalents,cash_equivalents,accounting_fundamental,1.489053138356858,1.489053138356858
test_target_tweaks4,success_sector_quality_next_4obs,logistic_l2,all_features,42,num__roa,roa,financial_ratio,1.3220691575547237,1.3220691575547237
test_target_tweaks4,success_sector_quality_next_4obs,logistic_l2,all_features,42,num__GDPC1,GDPC1,macro,1.29726281782332,1.29726281782332
test_target_tweaks4,success_sector_quality_next_4obs,logistic_l2,all_features,42,num__leverage_assets_lag1,leverage_assets_lag1,firm_trend,1.1026273123995913,-1.1026273123995913
test_target_tweaks4,success_sector_quality_next_4obs,logistic_l2,all_features,42,num__missingindicator_total_revenue_growth_4obs,total_revenue_growth_4obs,firm_trend,1.0077401286607568,-1.0077401286607568
test_target_tweaks4,success_sector_quality_next_4obs,logistic_l2,all_features,42,num__total_equity,total_equity,accounting_fundamental,0.9376505842284196,0.9376505842284196
test_target_tweaks4,success_sector_quality_next_4obs,logistic_l2,all_features,42,num__missingindicator_net_margin,net_margin,financial_ratio,0.9149822294314901,-0.9149822294314901
test_target_tweaks4,success_sector_quality_next_4obs,logistic_l2,all_features,42,num__missingindicator_net_margin_change_4obs,net_margin_change_4obs,firm_trend,0.8572975588790143,0.8572975588790143
test_target_tweaks4,success_sector_quality_next_4obs,logistic_l2,all_features,42,num__missingindicator_cash_assets_change_4obs,cash_assets_change_4obs,firm_trend,0.8421085126873733,-0.8421085126873733
test_target_tweaks4,success_sector_quality_next_4obs,logistic_l2,all_features,42,num__missingindicator_leverage_assets_change_4obs,leverage_assets_change_4obs,firm_trend,0.7443308361699086,0.7443308361699086
test_target_tweaks4,success_sector_quality_next_4obs,logistic_l2,all_features,42,num__PAYEMS,PAYEMS,macro,0.7442522292962149,-0.7442522292962149
test_target_tweaks4,success_sector_quality_next_4obs,logistic_l2,all_features,42,cat__Sector_Basic Materials,Sector_Basic Materials,sector,0.6957410214874494,-0.6957410214874494
test_target_tweaks4,success_sector_quality_next_4obs,logistic_l2,all_features,42,num__leverage_assets,leverage_assets,financial_ratio,0.682460908589645,-0.682460908589645
test_target_tweaks4,success_sector_quality_next_4obs,logistic_l2,all_features,42,num__net_income_negative_count_prior_4obs,net_income_negative_count_prior_4obs,firm_trend,0.6464539885572268,-0.6464539885572268
test_target_tweaks4,success_sector_quality_next_4obs,logistic_l2,all_features,42,cat__Sector_Utilities,Sector_Utilities,sector,0.6142692434093312,-0.6142692434093312
test_target_tweaks4,success_sector_quality_next_4obs,logistic_l2,all_features,42,num__missingindicator_total_liabilities_growth_4obs,total_liabilities_growth_4obs,firm_trend,0.5754743174887236,-0.5754743174887236
test_target_tweaks4,success_sector_quality_next_4obs,logistic_l2,all_features,42,num__missingindicator_leverage_assets_lag1,leverage_assets_lag1,firm_trend,0.5753073414234234,-0.5753073414234234
test_target_tweaks4,success_sector_quality_next_4obs,logistic_l2,all_features,42,num__missingindicator_current_ratio_change_4obs,current_ratio_change_4obs,firm_trend,0.5640804121419717,0.5640804121419717
test_target_tweaks4,success_sector_quality_next_4obs,logistic_l2,all_features,42,num__BUSLOANS,BUSLOANS,macro,0.563789962889973,-0.563789962889973
test_target_tweaks4,success_sector_quality_next_4obs,logistic_l2,all_features,42,num__missingindicator_cash_assets,cash_assets,financial_ratio,0.5525054011706364,0.5525054011706364
test_target_tweaks4,success_sector_quality_next_4obs,logistic_l2,all_features,42,num__T10Y3M,T10Y3M,macro,0.5332316554646046,0.5332316554646046
test_target_tweaks4,success_sector_quality_next_4obs,logistic_l2,all_features,42,num__missingindicator_cash_equivalents_growth_4obs,cash_equivalents_growth_4obs,firm_trend,0.5149580275961463,0.5149580275961463
test_target_tweaks4,success_sector_quality_next_4obs,logistic_l2,all_features,42,num__missingindicator_total_revenue,total_revenue,accounting_fundamental,0.5113168127317888,0.5113168127317888
test_target_tweaks4,success_sector_quality_next_4obs,logistic_l2,all_features,42,num__equity_assets,equity_assets,financial_ratio,0.5039036029116418,0.5039036029116418
test_target_tweaks4,success_sector_quality_next_4obs,logistic_l2,all_features,42,num__current_liabilities,current_liabilities,accounting_fundamental,0.4615824587589352,-0.4615824587589352
test_target_tweaks4,success_sector_quality_next_4obs,logistic_l2,all_features,42,num__cash_flow_operating,cash_flow_operating,accounting_fundamental,0.4342004213931805,0.4342004213931805
test_target_tweaks4,success_sector_quality_next_4obs,logistic_l2,all_features,42,num__operating_margin,operating_margin,financial_ratio,0.4317166961800156,0.4317166961800156
test_target_tweaks4,success_sector_quality_next_4obs,logistic_l2,all_features,42,num__cash_assets,cash_assets,financial_ratio,0.42750432962385504,0.42750432962385504
test_target_tweaks4,success_sector_quality_next_4obs,logistic_l2,all_features,42,num__missingindicator_operating_income,operating_income,accounting_fundamental,0.41343451929187874,-0.41343451929187874
test_target_tweaks4,success_sector_quality_next_4obs,logistic_l2,all_features,42,num__M2SL,M2SL,macro,0.39316714192663804,-0.39316714192663804
test_target_tweaks4,success_sector_quality_next_4obs,logistic_l2,all_features,42,num__missingindicator_operating_margin,operating_margin,financial_ratio,0.388364310476344,0.388364310476344
test_target_tweaks4,success_sector_quality_next_4obs,logistic_l2,all_features,42,cat__Sector_Technology,Sector_Technology,sector,0.38044215093007056,-0.38044215093007056
test_target_tweaks4,success_sector_quality_next_4obs,random_forest,all_features,42,num__leverage_assets,leverage_assets,financial_ratio,0.06163250507432325,0.06163250507432325
test_target_tweaks4,success_sector_quality_next_4obs,random_forest,all_features,42,num__missingindicator_leverage_assets,leverage_assets,financial_ratio,0.0579252698228368,0.0579252698228368
test_target_tweaks4,success_sector_quality_next_4obs,random_forest,all_features,42,num__missingindicator_total_liabilities,total_liabilities,accounting_fundamental,0.056444356832064314,0.056444356832064314
test_target_tweaks4,success_sector_quality_next_4obs,random_forest,all_features,42,num__leverage_assets_lag1,leverage_assets_lag1,firm_trend,0.055576720983099084,0.055576720983099084
test_target_tweaks4,success_sector_quality_next_4obs,random_forest,all_features,42,num__roa_lag1,roa_lag1,firm_trend,0.05428138792363986,0.05428138792363986
test_target_tweaks4,success_sector_quality_next_4obs,random_forest,all_features,42,num__roa,roa,financial_ratio,0.053913515185156614,0.053913515185156614
test_target_tweaks4,success_sector_quality_next_4obs,random_forest,all_features,42,num__cash_assets,cash_assets,financial_ratio,0.04928250757975794,0.04928250757975794
test_target_tweaks4,success_sector_quality_next_4obs,random_forest,all_features,42,num__cash_assets_lag1,cash_assets_lag1,firm_trend,0.03838295043110805,0.03838295043110805
test_target_tweaks4,success_sector_quality_next_4obs,random_forest,all_features,42,num__missingindicator_leverage_assets_lag1,leverage_assets_lag1,firm_trend,0.0381860941914129,0.0381860941914129
test_target_tweaks4,success_sector_quality_next_4obs,random_forest,all_features,42,num__equity_assets,equity_assets,financial_ratio,0.03596016642236526,0.03596016642236526
test_target_tweaks4,success_sector_quality_next_4obs,random_forest,all_features,42,num__total_liabilities,total_liabilities,accounting_fundamental,0.0343081965847722,0.0343081965847722
test_target_tweaks4,success_sector_quality_next_4obs,random_forest,all_features,42,num__missingindicator_total_liabilities_growth_4obs,total_liabilities_growth_4obs,firm_trend,0.020178156790449896,0.020178156790449896
test_target_tweaks4,success_sector_quality_next_4obs,random_forest,all_features,42,num__net_margin,net_margin,financial_ratio,0.016600289608427427,0.016600289608427427
test_target_tweaks4,success_sector_quality_next_4obs,random_forest,all_features,42,num__missingindicator_leverage_assets_change_4obs,leverage_assets_change_4obs,firm_trend,0.016294268175485436,0.016294268175485436
test_target_tweaks4,success_sector_quality_next_4obs,random_forest,all_features,42,num__net_margin_lag1,net_margin_lag1,firm_trend,0.0161845034625005,0.0161845034625005
test_target_tweaks4,success_sector_quality_next_4obs,random_forest,all_features,42,num__total_equity,total_equity,accounting_fundamental,0.016117503718871152,0.016117503718871152
test_target_tweaks4,success_sector_quality_next_4obs,random_forest,all_features,42,num__net_income,net_income,accounting_fundamental,0.014193095957199454,0.014193095957199454
test_target_tweaks4,success_sector_quality_next_4obs,random_forest,all_features,42,num__cash_equivalents,cash_equivalents,accounting_fundamental,0.012211230754560024,0.012211230754560024
test_target_tweaks4,success_sector_quality_next_4obs,random_forest,all_features,42,num__total_assets,total_assets,accounting_fundamental,0.011536508344674498,0.011536508344674498
test_target_tweaks4,success_sector_quality_next_4obs,random_forest,all_features,42,num__current_ratio,current_ratio,financial_ratio,0.010913356329773057,0.010913356329773057
test_target_tweaks4,success_sector_quality_next_4obs,random_forest,all_features,42,num__total_liabilities_growth_4obs,total_liabilities_growth_4obs,firm_trend,0.010418799024715809,0.010418799024715809
test_target_tweaks4,success_sector_quality_next_4obs,random_forest,all_features,42,num__operating_margin,operating_margin,financial_ratio,0.010344704596211098,0.010344704596211098
test_target_tweaks4,success_sector_quality_next_4obs,random_forest,all_features,42,num__operating_income,operating_income,accounting_fundamental,0.010155286563060856,0.010155286563060856
test_target_tweaks4,success_sector_quality_next_4obs,random_forest,all_features,42,num__current_ratio_lag1,current_ratio_lag1,firm_trend,0.009581888411496143,0.009581888411496143
test_target_tweaks4,success_sector_quality_next_4obs,random_forest,all_features,42,num__current_assets,current_assets,accounting_fundamental,0.009289272942729953,0.009289272942729953
test_target_tweaks4,success_sector_quality_next_4obs,random_forest,all_features,42,num__leverage_assets_change_4obs,leverage_assets_change_4obs,firm_trend,0.008693795116084027,0.008693795116084027
test_target_tweaks4,success_sector_quality_next_4obs,random_forest,all_features,42,num__operating_margin_lag1,operating_margin_lag1,firm_trend,0.008580238841038576,0.008580238841038576
test_target_tweaks4,success_sector_quality_next_4obs,random_forest,all_features,42,num__total_revenue,total_revenue,accounting_fundamental,0.008498963385083555,0.008498963385083555
test_target_tweaks4,success_sector_quality_next_4obs,random_forest,all_features,42,num__current_liabilities,current_liabilities,accounting_fundamental,0.008267356065189031,0.008267356065189031
test_target_tweaks4,success_sector_quality_next_4obs,random_forest,all_features,42,num__net_income_negative_count_prior_4obs,net_income_negative_count_prior_4obs,firm_trend,0.008025450789853436,0.008025450789853436
test_target_tweaks4,success_sector_quality_next_4obs,random_forest,all_features,42,num__capex,capex,accounting_fundamental,0.006986936698218286,0.006986936698218286
test_target_tweaks4,success_sector_quality_next_4obs,random_forest,all_features,42,cat__Sector_Financial Services,Sector_Financial Services,sector,0.006731434425231332,0.006731434425231332
test_target_tweaks4,success_sector_quality_next_4obs,random_forest,all_features,42,num__receivables_assets,receivables_assets,financial_ratio,0.006463118353574639,0.006463118353574639
test_target_tweaks4,success_sector_quality_next_4obs,random_forest,all_features,42,num__total_assets_growth_4obs,total_assets_growth_4obs,firm_trend,0.0057645308840309425,0.0057645308840309425
test_target_tweaks4,success_sector_quality_next_4obs,random_forest,all_features,42,num__gross_margin,gross_margin,financial_ratio,0.005453242466518854,0.005453242466518854
test_target_tweaks4,success_sector_quality_next_4obs,random_forest,all_features,42,num__inventory_assets,inventory_assets,financial_ratio,0.00524459366869533,0.00524459366869533
test_target_tweaks4,success_sector_quality_next_4obs,random_forest,all_features,42,num__current_assets_growth_4obs,current_assets_growth_4obs,firm_trend,0.005109361471572353,0.005109361471572353
test_target_tweaks4,success_sector_quality_next_4obs,random_forest,all_features,42,num__cash_flow_operating,cash_flow_operating,accounting_fundamental,0.004806700087570342,0.004806700087570342
test_target_tweaks4,success_sector_quality_next_4obs,random_forest,all_features,42,num__cash_assets_change_4obs,cash_assets_change_4obs,firm_trend,0.004579125664509287,0.004579125664509287
test_target_tweaks4,success_sector_quality_next_4obs,random_forest,all_features,42,num__gross_margin_lag1,gross_margin_lag1,firm_trend,0.004253812806036579,0.004253812806036579
test_target_tweaks4,success_sector_quality_next_4obs,random_forest,all_features,202,num__leverage_assets,leverage_assets,financial_ratio,0.07608570945777769,0.07608570945777769
test_target_tweaks4,success_sector_quality_next_4obs,random_forest,all_features,202,num__missingindicator_total_liabilities,total_liabilities,accounting_fundamental,0.059663170968846393,0.059663170968846393
test_target_tweaks4,success_sector_quality_next_4obs,random_forest,all_features,202,num__leverage_assets_lag1,leverage_assets_lag1,firm_trend,0.055368419473060045,0.055368419473060045
test_target_tweaks4,success_sector_quality_next_4obs,random_forest,all_features,202,num__missingindicator_leverage_assets,leverage_assets,financial_ratio,0.05466778441491006,0.05466778441491006
test_target_tweaks4,success_sector_quality_next_4obs,random_forest,all_features,202,num__roa_lag1,roa_lag1,firm_trend,0.052540789981724005,0.052540789981724005
test_target_tweaks4,success_sector_quality_next_4obs,random_forest,all_features,202,num__roa,roa,financial_ratio,0.051750057184905406,0.051750057184905406
test_target_tweaks4,success_sector_quality_next_4obs,random_forest,all_features,202,num__cash_assets,cash_assets,financial_ratio,0.04921970519950695,0.04921970519950695
test_target_tweaks4,success_sector_quality_next_4obs,random_forest,all_features,202,num__cash_assets_lag1,cash_assets_lag1,firm_trend,0.04020284754228483,0.04020284754228483
test_target_tweaks4,success_sector_quality_next_4obs,random_forest,all_features,202,num__missingindicator_leverage_assets_lag1,leverage_assets_lag1,firm_trend,0.03158678374278189,0.03158678374278189
test_target_tweaks4,success_sector_quality_next_4obs,random_forest,all_features,202,num__total_liabilities,total_liabilities,accounting_fundamental,0.030966973171256046,0.030966973171256046
test_target_tweaks4,success_sector_quality_next_4obs,random_forest,all_features,202,num__equity_assets,equity_assets,financial_ratio,0.03041083898589795,0.03041083898589795
test_target_tweaks4,success_sector_quality_next_4obs,random_forest,all_features,202,num__missingindicator_leverage_assets_change_4obs,leverage_assets_change_4obs,firm_trend,0.019116395977669336,0.019116395977669336
test_target_tweaks4,success_sector_quality_next_4obs,random_forest,all_features,202,num__missingindicator_total_liabilities_growth_4obs,total_liabilities_growth_4obs,firm_trend,0.018555153178161966,0.018555153178161966
test_target_tweaks4,success_sector_quality_next_4obs,random_forest,all_features,202,num__net_margin,net_margin,financial_ratio,0.01730127887656695,0.01730127887656695
test_target_tweaks4,success_sector_quality_next_4obs,random_forest,all_features,202,num__net_margin_lag1,net_margin_lag1,firm_trend,0.015519157518342458,0.015519157518342458
test_target_tweaks4,success_sector_quality_next_4obs,random_forest,all_features,202,num__total_equity,total_equity,accounting_fundamental,0.014834714834764532,0.014834714834764532
test_target_tweaks4,success_sector_quality_next_4obs,random_forest,all_features,202,num__net_income,net_income,accounting_fundamental,0.014558767973420128,0.014558767973420128
test_target_tweaks4,success_sector_quality_next_4obs,random_forest,all_features,202,num__total_assets,total_assets,accounting_fundamental,0.012442896072616035,0.012442896072616035
test_target_tweaks4,success_sector_quality_next_4obs,random_forest,all_features,202,num__cash_equivalents,cash_equivalents,accounting_fundamental,0.011994638375941375,0.011994638375941375
test_target_tweaks4,success_sector_quality_next_4obs,random_forest,all_features,202,num__current_ratio,current_ratio,financial_ratio,0.011384969155325858,0.011384969155325858
test_target_tweaks4,success_sector_quality_next_4obs,random_forest,all_features,202,num__operating_income,operating_income,accounting_fundamental,0.011309005550994353,0.011309005550994353
test_target_tweaks4,success_sector_quality_next_4obs,random_forest,all_features,202,num__leverage_assets_change_4obs,leverage_assets_change_4obs,firm_trend,0.011280500944301936,0.011280500944301936
test_target_tweaks4,success_sector_quality_next_4obs,random_forest,all_features,202,num__current_assets,current_assets,accounting_fundamental,0.00976521954254622,0.00976521954254622
test_target_tweaks4,success_sector_quality_next_4obs,random_forest,all_features,202,num__current_ratio_lag1,current_ratio_lag1,firm_trend,0.00965243742648598,0.00965243742648598
test_target_tweaks4,success_sector_quality_next_4obs,random_forest,all_features,202,num__current_liabilities,current_liabilities,accounting_fundamental,0.009399847560041698,0.009399847560041698
test_target_tweaks4,success_sector_quality_next_4obs,random_forest,all_features,202,num__operating_margin,operating_margin,financial_ratio,0.009313302616052097,0.009313302616052097
test_target_tweaks4,success_sector_quality_next_4obs,random_forest,all_features,202,num__operating_margin_lag1,operating_margin_lag1,firm_trend,0.009296643788983056,0.009296643788983056
test_target_tweaks4,success_sector_quality_next_4obs,random_forest,all_features,202,num__total_revenue,total_revenue,accounting_fundamental,0.00914125568181585,0.00914125568181585
test_target_tweaks4,success_sector_quality_next_4obs,random_forest,all_features,202,cat__Sector_Financial Services,Sector_Financial Services,sector,0.008512329431400059,0.008512329431400059
test_target_tweaks4,success_sector_quality_next_4obs,random_forest,all_features,202,num__net_income_negative_count_prior_4obs,net_income_negative_count_prior_4obs,firm_trend,0.007781358159266409,0.007781358159266409
test_target_tweaks4,success_sector_quality_next_4obs,random_forest,all_features,202,num__total_liabilities_growth_4obs,total_liabilities_growth_4obs,firm_trend,0.0073024825656131925,0.0073024825656131925
test_target_tweaks4,success_sector_quality_next_4obs,random_forest,all_features,202,num__receivables_assets,receivables_assets,financial_ratio,0.006555021862509522,0.006555021862509522
test_target_tweaks4,success_sector_quality_next_4obs,random_forest,all_features,202,num__capex,capex,accounting_fundamental,0.006224511883613961,0.006224511883613961
test_target_tweaks4,success_sector_quality_next_4obs,random_forest,all_features,202,num__inventory_assets,inventory_assets,financial_ratio,0.005398891334701802,0.005398891334701802
test_target_tweaks4,success_sector_quality_next_4obs,random_forest,all_features,202,num__gross_margin,gross_margin,financial_ratio,0.005123015089977335,0.005123015089977335
test_target_tweaks4,success_sector_quality_next_4obs,random_forest,all_features,202,num__total_assets_growth_4obs,total_assets_growth_4obs,firm_trend,0.004887338943338241,0.004887338943338241
test_target_tweaks4,success_sector_quality_next_4obs,random_forest,all_features,202,num__cash_assets_change_4obs,cash_assets_change_4obs,firm_trend,0.004777896990500224,0.004777896990500224
test_target_tweaks4,success_sector_quality_next_4obs,random_forest,all_features,202,num__gross_margin_lag1,gross_margin_lag1,firm_trend,0.004754692069803175,0.004754692069803175
test_target_tweaks4,success_sector_quality_next_4obs,random_forest,all_features,202,num__cash_flow_operating,cash_flow_operating,accounting_fundamental,0.004700101679798262,0.004700101679798262
test_target_tweaks4,success_sector_quality_next_4obs,random_forest,all_features,202,num__current_assets_growth_4obs,current_assets_growth_4obs,firm_trend,0.004510178968005377,0.004510178968005377
test_target_tweaks4,success_sector_quality_next_4obs,gradient_boosting,all_features,42,num__missingindicator_total_liabilities,total_liabilities,accounting_fundamental,0.2726617576184161,0.2726617576184161
test_target_tweaks4,success_sector_quality_next_4obs,gradient_boosting,all_features,42,num__leverage_assets,leverage_assets,financial_ratio,0.16487674149324769,0.16487674149324769
test_target_tweaks4,success_sector_quality_next_4obs,gradient_boosting,all_features,42,num__roa,roa,financial_ratio,0.1564481030980892,0.1564481030980892
test_target_tweaks4,success_sector_quality_next_4obs,gradient_boosting,all_features,42,num__roa_lag1,roa_lag1,firm_trend,0.09505247315726122,0.09505247315726122
test_target_tweaks4,success_sector_quality_next_4obs,gradient_boosting,all_features,42,num__cash_assets,cash_assets,financial_ratio,0.08045927107229281,0.08045927107229281
test_target_tweaks4,success_sector_quality_next_4obs,gradient_boosting,all_features,42,num__equity_assets,equity_assets,financial_ratio,0.05103788365091766,0.05103788365091766
test_target_tweaks4,success_sector_quality_next_4obs,gradient_boosting,all_features,42,cat__Sector_Financial Services,Sector_Financial Services,sector,0.034240292380603866,0.034240292380603866
test_target_tweaks4,success_sector_quality_next_4obs,gradient_boosting,all_features,42,num__cash_assets_lag1,cash_assets_lag1,firm_trend,0.030168740694162584,0.030168740694162584
test_target_tweaks4,success_sector_quality_next_4obs,gradient_boosting,all_features,42,num__leverage_assets_lag1,leverage_assets_lag1,firm_trend,0.023094587652571292,0.023094587652571292
test_target_tweaks4,success_sector_quality_next_4obs,gradient_boosting,all_features,42,num__missingindicator_leverage_assets_lag1,leverage_assets_lag1,firm_trend,0.01594368014066651,0.01594368014066651
test_target_tweaks4,success_sector_quality_next_4obs,gradient_boosting,all_features,42,num__missingindicator_leverage_assets,leverage_assets,financial_ratio,0.008864349302212396,0.008864349302212396
test_target_tweaks4,success_sector_quality_next_4obs,gradient_boosting,all_features,42,num__net_income_negative_count_prior_4obs,net_income_negative_count_prior_4obs,firm_trend,0.0065807659388696085,0.0065807659388696085
test_target_tweaks4,success_sector_quality_next_4obs,gradient_boosting,all_features,42,num__operating_margin,operating_margin,financial_ratio,0.004540410348912883,0.004540410348912883
test_target_tweaks4,success_sector_quality_next_4obs,gradient_boosting,all_features,42,cat__Sector_Consumer Defensive,Sector_Consumer Defensive,sector,0.004485894831407993,0.004485894831407993
test_target_tweaks4,success_sector_quality_next_4obs,gradient_boosting,all_features,42,num__gross_margin,gross_margin,financial_ratio,0.004356198835718466,0.004356198835718466
test_target_tweaks4,success_sector_quality_next_4obs,gradient_boosting,all_features,42,num__current_assets,current_assets,accounting_fundamental,0.003948209480743431,0.003948209480743431
test_target_tweaks4,success_sector_quality_next_4obs,gradient_boosting,all_features,42,num__total_liabilities,total_liabilities,accounting_fundamental,0.0036157245840246276,0.0036157245840246276
test_target_tweaks4,success_sector_quality_next_4obs,gradient_boosting,all_features,42,num__inventory_assets,inventory_assets,financial_ratio,0.0031023654385005997,0.0031023654385005997
test_target_tweaks4,success_sector_quality_next_4obs,gradient_boosting,all_features,42,cat__Sector_Technology,Sector_Technology,sector,0.0029141798779108653,0.0029141798779108653
test_target_tweaks4,success_sector_quality_next_4obs,gradient_boosting,all_features,42,num__current_liabilities,current_liabilities,accounting_fundamental,0.002882268375905936,0.002882268375905936
test_target_tweaks4,success_sector_quality_next_4obs,gradient_boosting,all_features,42,num__cash_equivalents,cash_equivalents,accounting_fundamental,0.002574230870452253,0.002574230870452253
test_target_tweaks4,success_sector_quality_next_4obs,gradient_boosting,all_features,42,num__total_revenue,total_revenue,accounting_fundamental,0.001925852416609487,0.001925852416609487
test_target_tweaks4,success_sector_quality_next_4obs,gradient_boosting,all_features,42,cat__Sector_Real Estate,Sector_Real Estate,sector,0.0016993646324629224,0.0016993646324629224
test_target_tweaks4,success_sector_quality_next_4obs,gradient_boosting,all_features,42,num__receivables_assets,receivables_assets,financial_ratio,0.0013849763948004413,0.0013849763948004413
test_target_tweaks4,success_sector_quality_next_4obs,gradient_boosting,all_features,42,num__gross_margin_lag1,gross_margin_lag1,firm_trend,0.0013430341366705485,0.0013430341366705485
test_target_tweaks4,success_sector_quality_next_4obs,gradient_boosting,all_features,42,num__gross_profit,gross_profit,accounting_fundamental,0.00123057256765386,0.00123057256765386
test_target_tweaks4,success_sector_quality_next_4obs,gradient_boosting,all_features,42,num__capex,capex,accounting_fundamental,0.001155506826187458,0.001155506826187458
test_target_tweaks4,success_sector_quality_next_4obs,gradient_boosting,all_features,42,num__current_ratio_change_4obs,current_ratio_change_4obs,firm_trend,0.0010748883291285438,0.0010748883291285438
test_target_tweaks4,success_sector_quality_next_4obs,gradient_boosting,all_features,42,num__r_and_d_intensity,r_and_d_intensity,financial_ratio,0.0010321920294452667,0.0010321920294452667
test_target_tweaks4,success_sector_quality_next_4obs,gradient_boosting,all_features,42,num__total_liabilities_growth_4obs,total_liabilities_growth_4obs,firm_trend,0.0009803199196282968,0.0009803199196282968
test_target_tweaks4,success_sector_quality_next_4obs,gradient_boosting,all_features,42,num__M2SL_yoy_pct,M2SL_yoy_pct,macro,0.0009318742940041533,0.0009318742940041533
test_target_tweaks4,success_sector_quality_next_4obs,gradient_boosting,all_features,42,num__current_ratio,current_ratio,financial_ratio,0.0009316089168133424,0.0009316089168133424
test_target_tweaks4,success_sector_quality_next_4obs,gradient_boosting,all_features,42,num__BUSLOANS_yoy_pct,BUSLOANS_yoy_pct,macro,0.000928965584536871,0.000928965584536871
test_target_tweaks4,success_sector_quality_next_4obs,gradient_boosting,all_features,42,cat__Sector_Communication Services,Sector_Communication Services,sector,0.0009134994729554674,0.0009134994729554674
test_target_tweaks4,success_sector_quality_next_4obs,gradient_boosting,all_features,42,num__missingindicator_leverage_assets_change_4obs,leverage_assets_change_4obs,firm_trend,0.0008123921959984604,0.0008123921959984604
test_target_tweaks4,success_sector_quality_next_4obs,gradient_boosting,all_features,42,num__operating_margin_lag1,operating_margin_lag1,firm_trend,0.0007498904308411098,0.0007498904308411098
test_target_tweaks4,success_sector_quality_next_4obs,gradient_boosting,all_features,42,num__cash_assets_change_4obs,cash_assets_change_4obs,firm_trend,0.0007274088656140063,0.0007274088656140063
test_target_tweaks4,success_sector_quality_next_4obs,gradient_boosting,all_features,42,num__UNRATE,UNRATE,macro,0.0007159001157695691,0.0007159001157695691
test_target_tweaks4,success_sector_quality_next_4obs,gradient_boosting,all_features,42,num__total_equity,total_equity,accounting_fundamental,0.0007102797267993993,0.0007102797267993993
test_target_tweaks4,success_sector_quality_next_4obs,gradient_boosting,all_features,42,num__missingindicator_gross_profit,gross_profit,accounting_fundamental,0.0006267913068443047,0.0006267913068443047
test_target_tweaks4,success_sector_quality_next_4obs,gradient_boosting,all_features,202,num__missingindicator_total_liabilities,total_liabilities,accounting_fundamental,0.2716422287822776,0.2716422287822776
test_target_tweaks4,success_sector_quality_next_4obs,gradient_boosting,all_features,202,num__leverage_assets,leverage_assets,financial_ratio,0.16487674149325993,0.16487674149325993
test_target_tweaks4,success_sector_quality_next_4obs,gradient_boosting,all_features,202,num__roa,roa,financial_ratio,0.15644810309806742,0.15644810309806742
test_target_tweaks4,success_sector_quality_next_4obs,gradient_boosting,all_features,202,num__roa_lag1,roa_lag1,firm_trend,0.09505166839406032,0.09505166839406032
test_target_tweaks4,success_sector_quality_next_4obs,gradient_boosting,all_features,202,num__cash_assets,cash_assets,financial_ratio,0.080459271072303,0.080459271072303
test_target_tweaks4,success_sector_quality_next_4obs,gradient_boosting,all_features,202,num__equity_assets,equity_assets,financial_ratio,0.05098881144359155,0.05098881144359155
test_target_tweaks4,success_sector_quality_next_4obs,gradient_boosting,all_features,202,cat__Sector_Financial Services,Sector_Financial Services,sector,0.034240292380619736,0.034240292380619736
test_target_tweaks4,success_sector_quality_next_4obs,gradient_boosting,all_features,202,num__cash_assets_lag1,cash_assets_lag1,firm_trend,0.030168740694149442,0.030168740694149442
test_target_tweaks4,success_sector_quality_next_4obs,gradient_boosting,all_features,202,num__leverage_assets_lag1,leverage_assets_lag1,firm_trend,0.023094587652564696,0.023094587652564696
test_target_tweaks4,success_sector_quality_next_4obs,gradient_boosting,all_features,202,num__missingindicator_leverage_assets_lag1,leverage_assets_lag1,firm_trend,0.015943680140660228,0.015943680140660228
test_target_tweaks4,success_sector_quality_next_4obs,gradient_boosting,all_features,202,num__missingindicator_leverage_assets,leverage_assets,financial_ratio,0.009883878138319117,0.009883878138319117
test_target_tweaks4,success_sector_quality_next_4obs,gradient_boosting,all_features,202,num__net_income_negative_count_prior_4obs,net_income_negative_count_prior_4obs,firm_trend,0.006580765938876632,0.006580765938876632
test_target_tweaks4,success_sector_quality_next_4obs,gradient_boosting,all_features,202,num__operating_margin,operating_margin,financial_ratio,0.004540410348906596,0.004540410348906596
test_target_tweaks4,success_sector_quality_next_4obs,gradient_boosting,all_features,202,cat__Sector_Consumer Defensive,Sector_Consumer Defensive,sector,0.0044858948314079735,0.0044858948314079735
test_target_tweaks4,success_sector_quality_next_4obs,gradient_boosting,all_features,202,num__gross_margin,gross_margin,financial_ratio,0.004356198835740287,0.004356198835740287
test_target_tweaks4,success_sector_quality_next_4obs,gradient_boosting,all_features,202,num__current_assets,current_assets,accounting_fundamental,0.003944881043844964,0.003944881043844964
test_target_tweaks4,success_sector_quality_next_4obs,gradient_boosting,all_features,202,num__total_liabilities,total_liabilities,accounting_fundamental,0.0036157245840173825,0.0036157245840173825
test_target_tweaks4,success_sector_quality_next_4obs,gradient_boosting,all_features,202,num__inventory_assets,inventory_assets,financial_ratio,0.0031023654384976502,0.0031023654384976502
test_target_tweaks4,success_sector_quality_next_4obs,gradient_boosting,all_features,202,num__current_liabilities,current_liabilities,accounting_fundamental,0.002942217962730928,0.002942217962730928
test_target_tweaks4,success_sector_quality_next_4obs,gradient_boosting,all_features,202,cat__Sector_Technology,Sector_Technology,sector,0.002914179877916676,0.002914179877916676
test_target_tweaks4,success_sector_quality_next_4obs,gradient_boosting,all_features,202,num__cash_equivalents,cash_equivalents,accounting_fundamental,0.0025775593073541158,0.0025775593073541158
test_target_tweaks4,success_sector_quality_next_4obs,gradient_boosting,all_features,202,num__total_revenue,total_revenue,accounting_fundamental,0.0019253811755497268,0.0019253811755497268
test_target_tweaks4,success_sector_quality_next_4obs,gradient_boosting,all_features,202,cat__Sector_Real Estate,Sector_Real Estate,sector,0.0016993646324627895,0.0016993646324627895
test_target_tweaks4,success_sector_quality_next_4obs,gradient_boosting,all_features,202,num__receivables_assets,receivables_assets,financial_ratio,0.001409304947196877,0.001409304947196877
test_target_tweaks4,success_sector_quality_next_4obs,gradient_boosting,all_features,202,num__gross_margin_lag1,gross_margin_lag1,firm_trend,0.0013360202950901236,0.0013360202950901236
test_target_tweaks4,success_sector_quality_next_4obs,gradient_boosting,all_features,202,num__gross_profit,gross_profit,accounting_fundamental,0.0012305725676511065,0.0012305725676511065
test_target_tweaks4,success_sector_quality_next_4obs,gradient_boosting,all_features,202,num__capex,capex,accounting_fundamental,0.0011555068261865304,0.0011555068261865304
test_target_tweaks4,success_sector_quality_next_4obs,gradient_boosting,all_features,202,num__total_liabilities_growth_4obs,total_liabilities_growth_4obs,firm_trend,0.0010692486679802111,0.0010692486679802111
test_target_tweaks4,success_sector_quality_next_4obs,gradient_boosting,all_features,202,num__current_ratio_change_4obs,current_ratio_change_4obs,firm_trend,0.001032788407528479,0.001032788407528479
test_target_tweaks4,success_sector_quality_next_4obs,gradient_boosting,all_features,202,num__r_and_d_intensity,r_and_d_intensity,financial_ratio,0.0010321920294485002,0.0010321920294485002
test_target_tweaks4,success_sector_quality_next_4obs,gradient_boosting,all_features,202,num__M2SL_yoy_pct,M2SL_yoy_pct,macro,0.0010123855458983987,0.0010123855458983987
test_target_tweaks4,success_sector_quality_next_4obs,gradient_boosting,all_features,202,num__BUSLOANS_yoy_pct,BUSLOANS_yoy_pct,macro,0.0009411801109551231,0.0009411801109551231
test_target_tweaks4,success_sector_quality_next_4obs,gradient_boosting,all_features,202,cat__Sector_Communication Services,Sector_Communication Services,sector,0.000913499472949065,0.000913499472949065
test_target_tweaks4,success_sector_quality_next_4obs,gradient_boosting,all_features,202,num__current_ratio,current_ratio,financial_ratio,0.0009049755241177097,0.0009049755241177097
test_target_tweaks4,success_sector_quality_next_4obs,gradient_boosting,all_features,202,num__missingindicator_leverage_assets_change_4obs,leverage_assets_change_4obs,firm_trend,0.0007709706608267183,0.0007709706608267183
test_target_tweaks4,success_sector_quality_next_4obs,gradient_boosting,all_features,202,num__operating_margin_lag1,operating_margin_lag1,firm_trend,0.0007498904308447073,0.0007498904308447073
test_target_tweaks4,success_sector_quality_next_4obs,gradient_boosting,all_features,202,num__total_equity,total_equity,accounting_fundamental,0.0007273640172071376,0.0007273640172071376
test_target_tweaks4,success_sector_quality_next_4obs,gradient_boosting,all_features,202,num__UNRATE,UNRATE,macro,0.0007159001157695391,0.0007159001157695391
test_target_tweaks4,success_sector_quality_next_4obs,gradient_boosting,all_features,202,num__cash_assets_change_4obs,cash_assets_change_4obs,firm_trend,0.0006812590191878537,0.0006812590191878537
test_target_tweaks4,success_sector_quality_next_4obs,gradient_boosting,all_features,202,num__missingindicator_gross_profit,gross_profit,accounting_fundamental,0.0006267913068414,0.0006267913068414
test_target_tweaks5,failure_pressure_score3_next_4obs,logistic_l2,all_features,42,num__CPIAUCSL,CPIAUCSL,macro,2.099098292394861,2.099098292394861
test_target_tweaks5,failure_pressure_score3_next_4obs,logistic_l2,all_features,42,cat__Sector_Consumer Discretionary,Sector_Consumer Discretionary,sector,1.8610986108400271,-1.8610986108400271
test_target_tweaks5,failure_pressure_score3_next_4obs,logistic_l2,all_features,42,num__GDPC1,GDPC1,macro,1.7185222875946595,-1.7185222875946595
test_target_tweaks5,failure_pressure_score3_next_4obs,logistic_l2,all_features,42,cat__Sector_Energy,Sector_Energy,sector,1.6562764515787887,1.6562764515787887
test_target_tweaks5,failure_pressure_score3_next_4obs,logistic_l2,all_features,42,num__RSAFS,RSAFS,macro,1.4173984628915688,1.4173984628915688
test_target_tweaks5,failure_pressure_score3_next_4obs,logistic_l2,all_features,42,num__net_income_negative_count_prior_4obs,net_income_negative_count_prior_4obs,firm_trend,1.3822703761158883,1.3822703761158883
test_target_tweaks5,failure_pressure_score3_next_4obs,logistic_l2,all_features,42,num__BUSLOANS,BUSLOANS,macro,1.1894388045186362,-1.1894388045186362
test_target_tweaks5,failure_pressure_score3_next_4obs,logistic_l2,all_features,42,num__total_assets,total_assets,accounting_fundamental,1.1529060480240114,1.1529060480240114
test_target_tweaks5,failure_pressure_score3_next_4obs,logistic_l2,all_features,42,num__missingindicator_total_liabilities,total_liabilities,accounting_fundamental,1.1390274870261823,1.1390274870261823
test_target_tweaks5,failure_pressure_score3_next_4obs,logistic_l2,all_features,42,cat__Sector_Financial Services,Sector_Financial Services,sector,1.1148525758817036,-1.1148525758817036
test_target_tweaks5,failure_pressure_score3_next_4obs,logistic_l2,all_features,42,num__missingindicator_leverage_assets,leverage_assets,financial_ratio,1.036988676020816,-1.036988676020816
test_target_tweaks5,failure_pressure_score3_next_4obs,logistic_l2,all_features,42,num__M2SL,M2SL,macro,0.9001917988354085,0.9001917988354085
test_target_tweaks5,failure_pressure_score3_next_4obs,logistic_l2,all_features,42,num__missingindicator_total_assets_growth_4obs,total_assets_growth_4obs,firm_trend,0.7539497630688599,0.7539497630688599
test_target_tweaks5,failure_pressure_score3_next_4obs,logistic_l2,all_features,42,num__missingindicator_leverage_assets_change_4obs,leverage_assets_change_4obs,firm_trend,0.7182975239930616,-0.7182975239930616
test_target_tweaks5,failure_pressure_score3_next_4obs,logistic_l2,all_features,42,num__operating_margin,operating_margin,financial_ratio,0.6979636189444346,-0.6979636189444346
test_target_tweaks5,failure_pressure_score3_next_4obs,logistic_l2,all_features,42,num__missingindicator_net_margin_change_4obs,net_margin_change_4obs,firm_trend,0.6789560736983539,0.6789560736983539
test_target_tweaks5,failure_pressure_score3_next_4obs,logistic_l2,all_features,42,num__missingindicator_total_liabilities_growth_4obs,total_liabilities_growth_4obs,firm_trend,0.671224663512829,0.671224663512829
test_target_tweaks5,failure_pressure_score3_next_4obs,logistic_l2,all_features,42,num__missingindicator_total_revenue_growth_4obs,total_revenue_growth_4obs,firm_trend,0.6409349579434286,-0.6409349579434286
test_target_tweaks5,failure_pressure_score3_next_4obs,logistic_l2,all_features,42,num__missingindicator_current_assets,current_assets,accounting_fundamental,0.6206443847734031,0.6206443847734031
test_target_tweaks5,failure_pressure_score3_next_4obs,logistic_l2,all_features,42,num__total_liabilities,total_liabilities,accounting_fundamental,0.6205400058943454,-0.6205400058943454
test_target_tweaks5,failure_pressure_score3_next_4obs,logistic_l2,all_features,42,num__total_equity,total_equity,accounting_fundamental,0.6190482128866894,-0.6190482128866894
test_target_tweaks5,failure_pressure_score3_next_4obs,logistic_l2,all_features,42,num__missingindicator_gross_margin,gross_margin,financial_ratio,0.6133075332403922,-0.6133075332403922
test_target_tweaks5,failure_pressure_score3_next_4obs,logistic_l2,all_features,42,num__missingindicator_current_ratio,current_ratio,financial_ratio,0.5654103426988137,-0.5654103426988137
test_target_tweaks5,failure_pressure_score3_next_4obs,logistic_l2,all_features,42,num__current_assets,current_assets,accounting_fundamental,0.5571443684418028,-0.5571443684418028
test_target_tweaks5,failure_pressure_score3_next_4obs,logistic_l2,all_features,42,num__PAYEMS,PAYEMS,macro,0.5550173373469317,-0.5550173373469317
test_target_tweaks5,failure_pressure_score3_next_4obs,logistic_l2,all_features,42,num__missingindicator_current_liabilities,current_liabilities,accounting_fundamental,0.5543462213137222,0.5543462213137222
test_target_tweaks5,failure_pressure_score3_next_4obs,logistic_l2,all_features,42,num__r_and_d_intensity,r_and_d_intensity,financial_ratio,0.5009422881627354,0.5009422881627354
test_target_tweaks5,failure_pressure_score3_next_4obs,logistic_l2,all_features,42,num__FEDFUNDS,FEDFUNDS,macro,0.4866313640306001,-0.4866313640306001
test_target_tweaks5,failure_pressure_score3_next_4obs,logistic_l2,all_features,42,num__missingindicator_current_ratio_change_4obs,current_ratio_change_4obs,firm_trend,0.45494709280297446,-0.45494709280297446
test_target_tweaks5,failure_pressure_score3_next_4obs,logistic_l2,all_features,42,num__missingindicator_gross_profit,gross_profit,accounting_fundamental,0.45277596557659316,0.45277596557659316
test_target_tweaks5,failure_pressure_score3_next_4obs,logistic_l2,all_features,42,num__missingindicator_cash_equivalents,cash_equivalents,accounting_fundamental,0.43221384944955465,-0.43221384944955465
test_target_tweaks5,failure_pressure_score3_next_4obs,logistic_l2,all_features,42,num__BUSLOANS_yoy_pct,BUSLOANS_yoy_pct,macro,0.4234257954057234,-0.4234257954057234
test_target_tweaks5,failure_pressure_score3_next_4obs,logistic_l2,all_features,42,num__missingindicator_current_liabilities_growth_4obs,current_liabilities_growth_4obs,firm_trend,0.4081932630548782,-0.4081932630548782
test_target_tweaks5,failure_pressure_score3_next_4obs,logistic_l2,all_features,42,cat__Sector_Consumer Defensive,Sector_Consumer Defensive,sector,0.36750335655480054,-0.36750335655480054
test_target_tweaks5,failure_pressure_score3_next_4obs,logistic_l2,all_features,42,cat__Sector_Real Estate,Sector_Real Estate,sector,0.3374525915306363,-0.3374525915306363
test_target_tweaks5,failure_pressure_score3_next_4obs,logistic_l2,all_features,42,num__roa_lag1,roa_lag1,firm_trend,0.33219786539766477,0.33219786539766477
test_target_tweaks5,failure_pressure_score3_next_4obs,logistic_l2,all_features,42,num__BAMLH0A0HYM2,BAMLH0A0HYM2,macro,0.3313399946584246,0.3313399946584246
test_target_tweaks5,failure_pressure_score3_next_4obs,logistic_l2,all_features,42,cat__Sector_Utilities,Sector_Utilities,sector,0.32775976357546804,0.32775976357546804
test_target_tweaks5,failure_pressure_score3_next_4obs,logistic_l2,all_features,42,num__operating_income,operating_income,accounting_fundamental,0.3228750414872588,-0.3228750414872588
test_target_tweaks5,failure_pressure_score3_next_4obs,logistic_l2,all_features,42,num__gross_profit,gross_profit,accounting_fundamental,0.3133755700340775,-0.3133755700340775
test_target_tweaks5,failure_pressure_score3_next_4obs,random_forest,all_features,42,num__net_income_negative_count_prior_4obs,net_income_negative_count_prior_4obs,firm_trend,0.08698874153428796,0.08698874153428796
test_target_tweaks5,failure_pressure_score3_next_4obs,random_forest,all_features,42,num__roa_lag1,roa_lag1,firm_trend,0.07802551123373948,0.07802551123373948
test_target_tweaks5,failure_pressure_score3_next_4obs,random_forest,all_features,42,num__net_income,net_income,accounting_fundamental,0.07552614677661547,0.07552614677661547
test_target_tweaks5,failure_pressure_score3_next_4obs,random_forest,all_features,42,num__roa,roa,financial_ratio,0.0746770244568044,0.0746770244568044
test_target_tweaks5,failure_pressure_score3_next_4obs,random_forest,all_features,42,num__operating_income,operating_income,accounting_fundamental,0.05121920663583288,0.05121920663583288
test_target_tweaks5,failure_pressure_score3_next_4obs,random_forest,all_features,42,num__net_margin,net_margin,financial_ratio,0.04795683590009503,0.04795683590009503
test_target_tweaks5,failure_pressure_score3_next_4obs,random_forest,all_features,42,num__net_margin_lag1,net_margin_lag1,firm_trend,0.038128991527964604,0.038128991527964604
test_target_tweaks5,failure_pressure_score3_next_4obs,random_forest,all_features,42,num__operating_margin,operating_margin,financial_ratio,0.035006742785717644,0.035006742785717644
test_target_tweaks5,failure_pressure_score3_next_4obs,random_forest,all_features,42,num__current_assets,current_assets,accounting_fundamental,0.028366906867072855,0.028366906867072855
test_target_tweaks5,failure_pressure_score3_next_4obs,random_forest,all_features,42,num__operating_margin_lag1,operating_margin_lag1,firm_trend,0.026901163232572727,0.026901163232572727
test_target_tweaks5,failure_pressure_score3_next_4obs,random_forest,all_features,42,num__total_equity,total_equity,accounting_fundamental,0.022444943398164097,0.022444943398164097
test_target_tweaks5,failure_pressure_score3_next_4obs,random_forest,all_features,42,num__total_assets,total_assets,accounting_fundamental,0.01866237787258233,0.01866237787258233
test_target_tweaks5,failure_pressure_score3_next_4obs,random_forest,all_features,42,num__current_liabilities,current_liabilities,accounting_fundamental,0.01749127721692104,0.01749127721692104
test_target_tweaks5,failure_pressure_score3_next_4obs,random_forest,all_features,42,num__cash_equivalents,cash_equivalents,accounting_fundamental,0.015070200364726807,0.015070200364726807
test_target_tweaks5,failure_pressure_score3_next_4obs,random_forest,all_features,42,cat__Sector_Energy,Sector_Energy,sector,0.014569963717186697,0.014569963717186697
test_target_tweaks5,failure_pressure_score3_next_4obs,random_forest,all_features,42,num__total_revenue,total_revenue,accounting_fundamental,0.013475312891654576,0.013475312891654576
test_target_tweaks5,failure_pressure_score3_next_4obs,random_forest,all_features,42,num__total_assets_growth_4obs,total_assets_growth_4obs,firm_trend,0.012421013077547817,0.012421013077547817
test_target_tweaks5,failure_pressure_score3_next_4obs,random_forest,all_features,42,num__total_liabilities,total_liabilities,accounting_fundamental,0.01167325890217746,0.01167325890217746
test_target_tweaks5,failure_pressure_score3_next_4obs,random_forest,all_features,42,num__cash_assets,cash_assets,financial_ratio,0.010276122316725382,0.010276122316725382
test_target_tweaks5,failure_pressure_score3_next_4obs,random_forest,all_features,42,num__cash_flow_operating,cash_flow_operating,accounting_fundamental,0.00983187273688398,0.00983187273688398
test_target_tweaks5,failure_pressure_score3_next_4obs,random_forest,all_features,42,num__equity_assets,equity_assets,financial_ratio,0.009561244998430937,0.009561244998430937
test_target_tweaks5,failure_pressure_score3_next_4obs,random_forest,all_features,42,num__roa_change_4obs,roa_change_4obs,firm_trend,0.008852472799440304,0.008852472799440304
test_target_tweaks5,failure_pressure_score3_next_4obs,random_forest,all_features,42,num__receivables_assets,receivables_assets,financial_ratio,0.00883132964364289,0.00883132964364289
test_target_tweaks5,failure_pressure_score3_next_4obs,random_forest,all_features,42,num__cash_assets_lag1,cash_assets_lag1,firm_trend,0.008530767576702115,0.008530767576702115
test_target_tweaks5,failure_pressure_score3_next_4obs,random_forest,all_features,42,num__inventory_assets,inventory_assets,financial_ratio,0.008339854296888684,0.008339854296888684
test_target_tweaks5,failure_pressure_score3_next_4obs,random_forest,all_features,42,num__current_ratio_lag1,current_ratio_lag1,firm_trend,0.007184494718388621,0.007184494718388621
test_target_tweaks5,failure_pressure_score3_next_4obs,random_forest,all_features,42,num__capex,capex,accounting_fundamental,0.0071799151302854676,0.0071799151302854676
test_target_tweaks5,failure_pressure_score3_next_4obs,random_forest,all_features,42,num__current_ratio,current_ratio,financial_ratio,0.0071288878972228355,0.0071288878972228355
test_target_tweaks5,failure_pressure_score3_next_4obs,random_forest,all_features,42,num__current_assets_growth_4obs,current_assets_growth_4obs,firm_trend,0.007066354319842114,0.007066354319842114
test_target_tweaks5,failure_pressure_score3_next_4obs,random_forest,all_features,42,num__net_margin_change_4obs,net_margin_change_4obs,firm_trend,0.006756545471930155,0.006756545471930155
test_target_tweaks5,failure_pressure_score3_next_4obs,random_forest,all_features,42,num__operating_margin_change_4obs,operating_margin_change_4obs,firm_trend,0.006057477761932739,0.006057477761932739
test_target_tweaks5,failure_pressure_score3_next_4obs,random_forest,all_features,42,num__total_revenue_growth_4obs,total_revenue_growth_4obs,firm_trend,0.005987446601501427,0.005987446601501427
test_target_tweaks5,failure_pressure_score3_next_4obs,random_forest,all_features,42,num__DCOILWTICO_yoy_pct,DCOILWTICO_yoy_pct,macro,0.00583962208154187,0.00583962208154187
test_target_tweaks5,failure_pressure_score3_next_4obs,random_forest,all_features,42,num__current_liabilities_growth_4obs,current_liabilities_growth_4obs,firm_trend,0.0055664871667301325,0.0055664871667301325
test_target_tweaks5,failure_pressure_score3_next_4obs,random_forest,all_features,42,num__gross_profit,gross_profit,accounting_fundamental,0.00535704412347055,0.00535704412347055
test_target_tweaks5,failure_pressure_score3_next_4obs,random_forest,all_features,42,num__DTWEXBGS_yoy_pct,DTWEXBGS_yoy_pct,macro,0.005197031023016248,0.005197031023016248
test_target_tweaks5,failure_pressure_score3_next_4obs,random_forest,all_features,42,num__USEPUINDXD,USEPUINDXD,macro,0.0050152651262792124,0.0050152651262792124
test_target_tweaks5,failure_pressure_score3_next_4obs,random_forest,all_features,42,num__NFCI,NFCI,macro,0.005014218974553174,0.005014218974553174
test_target_tweaks5,failure_pressure_score3_next_4obs,random_forest,all_features,42,num__leverage_assets,leverage_assets,financial_ratio,0.004933028008195202,0.004933028008195202
test_target_tweaks5,failure_pressure_score3_next_4obs,random_forest,all_features,42,num__VIXCLS,VIXCLS,macro,0.004923000326682421,0.004923000326682421
test_target_tweaks5,failure_pressure_score3_next_4obs,random_forest,all_features,202,num__net_income_negative_count_prior_4obs,net_income_negative_count_prior_4obs,firm_trend,0.0959542818258604,0.0959542818258604
test_target_tweaks5,failure_pressure_score3_next_4obs,random_forest,all_features,202,num__roa,roa,financial_ratio,0.08653213649096247,0.08653213649096247
test_target_tweaks5,failure_pressure_score3_next_4obs,random_forest,all_features,202,num__roa_lag1,roa_lag1,firm_trend,0.0757437251025685,0.0757437251025685
test_target_tweaks5,failure_pressure_score3_next_4obs,random_forest,all_features,202,num__net_income,net_income,accounting_fundamental,0.0587798143940484,0.0587798143940484
test_target_tweaks5,failure_pressure_score3_next_4obs,random_forest,all_features,202,num__net_margin,net_margin,financial_ratio,0.05129301858459264,0.05129301858459264
test_target_tweaks5,failure_pressure_score3_next_4obs,random_forest,all_features,202,num__operating_income,operating_income,accounting_fundamental,0.05007087834523035,0.05007087834523035
test_target_tweaks5,failure_pressure_score3_next_4obs,random_forest,all_features,202,num__net_margin_lag1,net_margin_lag1,firm_trend,0.04424531909840586,0.04424531909840586
test_target_tweaks5,failure_pressure_score3_next_4obs,random_forest,all_features,202,num__operating_margin_lag1,operating_margin_lag1,firm_trend,0.030871810560686753,0.030871810560686753
test_target_tweaks5,failure_pressure_score3_next_4obs,random_forest,all_features,202,num__operating_margin,operating_margin,financial_ratio,0.02563222095063389,0.02563222095063389
test_target_tweaks5,failure_pressure_score3_next_4obs,random_forest,all_features,202,num__current_assets,current_assets,accounting_fundamental,0.02473071134077408,0.02473071134077408
test_target_tweaks5,failure_pressure_score3_next_4obs,random_forest,all_features,202,num__current_liabilities,current_liabilities,accounting_fundamental,0.021830023740275022,0.021830023740275022
test_target_tweaks5,failure_pressure_score3_next_4obs,random_forest,all_features,202,num__total_equity,total_equity,accounting_fundamental,0.020347179730893006,0.020347179730893006
test_target_tweaks5,failure_pressure_score3_next_4obs,random_forest,all_features,202,num__cash_equivalents,cash_equivalents,accounting_fundamental,0.016256408091672423,0.016256408091672423
test_target_tweaks5,failure_pressure_score3_next_4obs,random_forest,all_features,202,num__total_assets,total_assets,accounting_fundamental,0.015098850773767688,0.015098850773767688
test_target_tweaks5,failure_pressure_score3_next_4obs,random_forest,all_features,202,num__total_revenue,total_revenue,accounting_fundamental,0.014104332349017581,0.014104332349017581
test_target_tweaks5,failure_pressure_score3_next_4obs,random_forest,all_features,202,cat__Sector_Energy,Sector_Energy,sector,0.013075262773298226,0.013075262773298226
test_target_tweaks5,failure_pressure_score3_next_4obs,random_forest,all_features,202,num__total_liabilities,total_liabilities,accounting_fundamental,0.01303931115496064,0.01303931115496064
test_target_tweaks5,failure_pressure_score3_next_4obs,random_forest,all_features,202,num__total_assets_growth_4obs,total_assets_growth_4obs,firm_trend,0.011853524453723823,0.011853524453723823
test_target_tweaks5,failure_pressure_score3_next_4obs,random_forest,all_features,202,num__cash_flow_operating,cash_flow_operating,accounting_fundamental,0.011192073207557437,0.011192073207557437
test_target_tweaks5,failure_pressure_score3_next_4obs,random_forest,all_features,202,num__cash_assets,cash_assets,financial_ratio,0.010401923723093568,0.010401923723093568
test_target_tweaks5,failure_pressure_score3_next_4obs,random_forest,all_features,202,num__receivables_assets,receivables_assets,financial_ratio,0.009714053568990735,0.009714053568990735
test_target_tweaks5,failure_pressure_score3_next_4obs,random_forest,all_features,202,num__roa_change_4obs,roa_change_4obs,firm_trend,0.008968288253433399,0.008968288253433399
test_target_tweaks5,failure_pressure_score3_next_4obs,random_forest,all_features,202,num__equity_assets,equity_assets,financial_ratio,0.008945553658334045,0.008945553658334045
test_target_tweaks5,failure_pressure_score3_next_4obs,random_forest,all_features,202,num__cash_assets_lag1,cash_assets_lag1,firm_trend,0.00879223588363225,0.00879223588363225
test_target_tweaks5,failure_pressure_score3_next_4obs,random_forest,all_features,202,num__inventory_assets,inventory_assets,financial_ratio,0.008632995449915295,0.008632995449915295
test_target_tweaks5,failure_pressure_score3_next_4obs,random_forest,all_features,202,num__net_margin_change_4obs,net_margin_change_4obs,firm_trend,0.008516641338180303,0.008516641338180303
test_target_tweaks5,failure_pressure_score3_next_4obs,random_forest,all_features,202,num__current_ratio,current_ratio,financial_ratio,0.0074083807430778215,0.0074083807430778215
test_target_tweaks5,failure_pressure_score3_next_4obs,random_forest,all_features,202,num__capex,capex,accounting_fundamental,0.007163663969697465,0.007163663969697465
test_target_tweaks5,failure_pressure_score3_next_4obs,random_forest,all_features,202,num__current_ratio_lag1,current_ratio_lag1,firm_trend,0.007031619640778523,0.007031619640778523
test_target_tweaks5,failure_pressure_score3_next_4obs,random_forest,all_features,202,num__current_assets_growth_4obs,current_assets_growth_4obs,firm_trend,0.006666246608721414,0.006666246608721414
test_target_tweaks5,failure_pressure_score3_next_4obs,random_forest,all_features,202,num__total_revenue_growth_4obs,total_revenue_growth_4obs,firm_trend,0.006165058255507208,0.006165058255507208
test_target_tweaks5,failure_pressure_score3_next_4obs,random_forest,all_features,202,num__DCOILWTICO_yoy_pct,DCOILWTICO_yoy_pct,macro,0.005728775995848936,0.005728775995848936
test_target_tweaks5,failure_pressure_score3_next_4obs,random_forest,all_features,202,num__operating_margin_change_4obs,operating_margin_change_4obs,firm_trend,0.005662698824648856,0.005662698824648856
test_target_tweaks5,failure_pressure_score3_next_4obs,random_forest,all_features,202,num__leverage_assets,leverage_assets,financial_ratio,0.005328363131310831,0.005328363131310831
test_target_tweaks5,failure_pressure_score3_next_4obs,random_forest,all_features,202,num__VIXCLS,VIXCLS,macro,0.0049410291279817645,0.0049410291279817645
test_target_tweaks5,failure_pressure_score3_next_4obs,random_forest,all_features,202,num__gross_profit,gross_profit,accounting_fundamental,0.0048859931014586105,0.0048859931014586105
test_target_tweaks5,failure_pressure_score3_next_4obs,random_forest,all_features,202,num__DTWEXBGS_yoy_pct,DTWEXBGS_yoy_pct,macro,0.0048787239181079045,0.0048787239181079045
test_target_tweaks5,failure_pressure_score3_next_4obs,random_forest,all_features,202,num__NFCI,NFCI,macro,0.004815119194951639,0.004815119194951639
test_target_tweaks5,failure_pressure_score3_next_4obs,random_forest,all_features,202,num__total_liabilities_growth_4obs,total_liabilities_growth_4obs,firm_trend,0.004737799127641532,0.004737799127641532
test_target_tweaks5,failure_pressure_score3_next_4obs,random_forest,all_features,202,num__USEPUINDXD,USEPUINDXD,macro,0.0047252208053565154,0.0047252208053565154
test_target_tweaks5,failure_pressure_score3_next_4obs,gradient_boosting,all_features,42,num__net_income_negative_count_prior_4obs,net_income_negative_count_prior_4obs,firm_trend,0.5517992417428564,0.5517992417428564
test_target_tweaks5,failure_pressure_score3_next_4obs,gradient_boosting,all_features,42,num__net_income,net_income,accounting_fundamental,0.13953821303072644,0.13953821303072644
test_target_tweaks5,failure_pressure_score3_next_4obs,gradient_boosting,all_features,42,num__operating_income,operating_income,accounting_fundamental,0.04856420672828692,0.04856420672828692
test_target_tweaks5,failure_pressure_score3_next_4obs,gradient_boosting,all_features,42,cat__Sector_Energy,Sector_Energy,sector,0.04494651900869567,0.04494651900869567
test_target_tweaks5,failure_pressure_score3_next_4obs,gradient_boosting,all_features,42,num__roa_lag1,roa_lag1,firm_trend,0.03143228642055515,0.03143228642055515
test_target_tweaks5,failure_pressure_score3_next_4obs,gradient_boosting,all_features,42,num__roa,roa,financial_ratio,0.02200220018967829,0.02200220018967829
test_target_tweaks5,failure_pressure_score3_next_4obs,gradient_boosting,all_features,42,num__current_assets,current_assets,accounting_fundamental,0.018178609694210073,0.018178609694210073
test_target_tweaks5,failure_pressure_score3_next_4obs,gradient_boosting,all_features,42,num__operating_margin_lag1,operating_margin_lag1,firm_trend,0.011507917720853527,0.011507917720853527
test_target_tweaks5,failure_pressure_score3_next_4obs,gradient_boosting,all_features,42,num__missingindicator_roa_lag1,roa_lag1,firm_trend,0.011222984698490025,0.011222984698490025
test_target_tweaks5,failure_pressure_score3_next_4obs,gradient_boosting,all_features,42,num__missingindicator_roa_change_4obs,roa_change_4obs,firm_trend,0.009059941014573683,0.009059941014573683
test_target_tweaks5,failure_pressure_score3_next_4obs,gradient_boosting,all_features,42,num__inventory_assets,inventory_assets,financial_ratio,0.00822103825572146,0.00822103825572146
test_target_tweaks5,failure_pressure_score3_next_4obs,gradient_boosting,all_features,42,num__total_assets_growth_4obs,total_assets_growth_4obs,firm_trend,0.007868219901383488,0.007868219901383488
test_target_tweaks5,failure_pressure_score3_next_4obs,gradient_boosting,all_features,42,num__net_margin,net_margin,financial_ratio,0.007030958581532992,0.007030958581532992
test_target_tweaks5,failure_pressure_score3_next_4obs,gradient_boosting,all_features,42,num__receivables_assets,receivables_assets,financial_ratio,0.006200035163429889,0.006200035163429889
test_target_tweaks5,failure_pressure_score3_next_4obs,gradient_boosting,all_features,42,num__total_equity,total_equity,accounting_fundamental,0.005500010469474347,0.005500010469474347
test_target_tweaks5,failure_pressure_score3_next_4obs,gradient_boosting,all_features,42,num__cash_assets_lag1,cash_assets_lag1,firm_trend,0.005479749953657043,0.005479749953657043
test_target_tweaks5,failure_pressure_score3_next_4obs,gradient_boosting,all_features,42,num__DCOILWTICO_yoy_pct,DCOILWTICO_yoy_pct,macro,0.004726173952559733,0.004726173952559733
test_target_tweaks5,failure_pressure_score3_next_4obs,gradient_boosting,all_features,42,num__missingindicator_capex,capex,accounting_fundamental,0.004615368457494339,0.004615368457494339
test_target_tweaks5,failure_pressure_score3_next_4obs,gradient_boosting,all_features,42,num__equity_assets,equity_assets,financial_ratio,0.003887273701976374,0.003887273701976374
test_target_tweaks5,failure_pressure_score3_next_4obs,gradient_boosting,all_features,42,cat__Sector_Financial Services,Sector_Financial Services,sector,0.0036071547568699057,0.0036071547568699057
test_target_tweaks5,failure_pressure_score3_next_4obs,gradient_boosting,all_features,42,num__operating_margin,operating_margin,financial_ratio,0.003179667218995311,0.003179667218995311
test_target_tweaks5,failure_pressure_score3_next_4obs,gradient_boosting,all_features,42,num__NFCI,NFCI,macro,0.0028485641473739096,0.0028485641473739096
test_target_tweaks5,failure_pressure_score3_next_4obs,gradient_boosting,all_features,42,num__cash_assets,cash_assets,financial_ratio,0.0027551944938003464,0.0027551944938003464
test_target_tweaks5,failure_pressure_score3_next_4obs,gradient_boosting,all_features,42,num__cash_equivalents,cash_equivalents,accounting_fundamental,0.002636779838954713,0.002636779838954713
test_target_tweaks5,failure_pressure_score3_next_4obs,gradient_boosting,all_features,42,num__capex,capex,accounting_fundamental,0.0024925193056214603,0.0024925193056214603
test_target_tweaks5,failure_pressure_score3_next_4obs,gradient_boosting,all_features,42,num__net_margin_lag1,net_margin_lag1,firm_trend,0.0024373447919079417,0.0024373447919079417
test_target_tweaks5,failure_pressure_score3_next_4obs,gradient_boosting,all_features,42,num__current_liabilities,current_liabilities,accounting_fundamental,0.0023692513373820383,0.0023692513373820383
test_target_tweaks5,failure_pressure_score3_next_4obs,gradient_boosting,all_features,42,num__DTWEXBGS_yoy_pct,DTWEXBGS_yoy_pct,macro,0.002148136117322138,0.002148136117322138
test_target_tweaks5,failure_pressure_score3_next_4obs,gradient_boosting,all_features,42,num__total_assets,total_assets,accounting_fundamental,0.0019497726015362841,0.0019497726015362841
test_target_tweaks5,failure_pressure_score3_next_4obs,gradient_boosting,all_features,42,num__total_revenue,total_revenue,accounting_fundamental,0.0018494321174219387,0.0018494321174219387
test_target_tweaks5,failure_pressure_score3_next_4obs,gradient_boosting,all_features,42,num__VIXCLS,VIXCLS,macro,0.0017412994201471202,0.0017412994201471202
test_target_tweaks5,failure_pressure_score3_next_4obs,gradient_boosting,all_features,42,num__UNRATE,UNRATE,macro,0.0017249379168446171,0.0017249379168446171
test_target_tweaks5,failure_pressure_score3_next_4obs,gradient_boosting,all_features,42,num__current_ratio_lag1,current_ratio_lag1,firm_trend,0.001620587126631336,0.001620587126631336
test_target_tweaks5,failure_pressure_score3_next_4obs,gradient_boosting,all_features,42,num__total_liabilities_growth_4obs,total_liabilities_growth_4obs,firm_trend,0.0014297629421767028,0.0014297629421767028
test_target_tweaks5,failure_pressure_score3_next_4obs,gradient_boosting,all_features,42,num__roa_change_4obs,roa_change_4obs,firm_trend,0.0013742000134973687,0.0013742000134973687
test_target_tweaks5,failure_pressure_score3_next_4obs,gradient_boosting,all_features,42,num__PPIACO_yoy_pct,PPIACO_yoy_pct,macro,0.0013086468245457558,0.0013086468245457558
test_target_tweaks5,failure_pressure_score3_next_4obs,gradient_boosting,all_features,42,num__current_assets_growth_4obs,current_assets_growth_4obs,firm_trend,0.001253378360587637,0.001253378360587637
test_target_tweaks5,failure_pressure_score3_next_4obs,gradient_boosting,all_features,42,num__M2SL_yoy_pct,M2SL_yoy_pct,macro,0.0011777260603305637,0.0011777260603305637
test_target_tweaks5,failure_pressure_score3_next_4obs,gradient_boosting,all_features,42,num__BAMLH0A0HYM2,BAMLH0A0HYM2,macro,0.0011271062580245866,0.0011271062580245866
test_target_tweaks5,failure_pressure_score3_next_4obs,gradient_boosting,all_features,42,num__missingindicator_gross_margin_change_4obs,gross_margin_change_4obs,firm_trend,0.0010287113801940159,0.0010287113801940159
test_target_tweaks5,failure_pressure_score3_next_4obs,gradient_boosting,all_features,202,num__net_income_negative_count_prior_4obs,net_income_negative_count_prior_4obs,firm_trend,0.5517992417428338,0.5517992417428338
test_target_tweaks5,failure_pressure_score3_next_4obs,gradient_boosting,all_features,202,num__net_income,net_income,accounting_fundamental,0.13953723763789216,0.13953723763789216
test_target_tweaks5,failure_pressure_score3_next_4obs,gradient_boosting,all_features,202,num__operating_income,operating_income,accounting_fundamental,0.04856420672832894,0.04856420672832894
test_target_tweaks5,failure_pressure_score3_next_4obs,gradient_boosting,all_features,202,cat__Sector_Energy,Sector_Energy,sector,0.044946519008673975,0.044946519008673975
test_target_tweaks5,failure_pressure_score3_next_4obs,gradient_boosting,all_features,202,num__roa_lag1,roa_lag1,firm_trend,0.03143228642054724,0.03143228642054724
test_target_tweaks5,failure_pressure_score3_next_4obs,gradient_boosting,all_features,202,num__roa,roa,financial_ratio,0.0219907727347342,0.0219907727347342
test_target_tweaks5,failure_pressure_score3_next_4obs,gradient_boosting,all_features,202,num__current_assets,current_assets,accounting_fundamental,0.018179392626939444,0.018179392626939444
test_target_tweaks5,failure_pressure_score3_next_4obs,gradient_boosting,all_features,202,num__operating_margin_lag1,operating_margin_lag1,firm_trend,0.011507917720864107,0.011507917720864107
test_target_tweaks5,failure_pressure_score3_next_4obs,gradient_boosting,all_features,202,num__missingindicator_roa_lag1,roa_lag1,firm_trend,0.011162705285098641,0.011162705285098641
test_target_tweaks5,failure_pressure_score3_next_4obs,gradient_boosting,all_features,202,num__missingindicator_roa_change_4obs,roa_change_4obs,firm_trend,0.00905994101456494,0.00905994101456494
test_target_tweaks5,failure_pressure_score3_next_4obs,gradient_boosting,all_features,202,num__inventory_assets,inventory_assets,financial_ratio,0.00822103825573316,0.00822103825573316
test_target_tweaks5,failure_pressure_score3_next_4obs,gradient_boosting,all_features,202,num__total_assets_growth_4obs,total_assets_growth_4obs,firm_trend,0.00786821990138058,0.00786821990138058
test_target_tweaks5,failure_pressure_score3_next_4obs,gradient_boosting,all_features,202,num__net_margin,net_margin,financial_ratio,0.007030958581515872,0.007030958581515872
test_target_tweaks5,failure_pressure_score3_next_4obs,gradient_boosting,all_features,202,num__receivables_assets,receivables_assets,financial_ratio,0.006183347800606047,0.006183347800606047
test_target_tweaks5,failure_pressure_score3_next_4obs,gradient_boosting,all_features,202,num__total_equity,total_equity,accounting_fundamental,0.005500010469481082,0.005500010469481082
test_target_tweaks5,failure_pressure_score3_next_4obs,gradient_boosting,all_features,202,num__cash_assets_lag1,cash_assets_lag1,firm_trend,0.0054797499536466,0.0054797499536466
test_target_tweaks5,failure_pressure_score3_next_4obs,gradient_boosting,all_features,202,num__DCOILWTICO_yoy_pct,DCOILWTICO_yoy_pct,macro,0.004726173952565392,0.004726173952565392
test_target_tweaks5,failure_pressure_score3_next_4obs,gradient_boosting,all_features,202,num__missingindicator_capex,capex,accounting_fundamental,0.004615368457498525,0.004615368457498525
test_target_tweaks5,failure_pressure_score3_next_4obs,gradient_boosting,all_features,202,num__equity_assets,equity_assets,financial_ratio,0.003874711280035383,0.003874711280035383
test_target_tweaks5,failure_pressure_score3_next_4obs,gradient_boosting,all_features,202,cat__Sector_Financial Services,Sector_Financial Services,sector,0.0036071547568733513,0.0036071547568733513
test_target_tweaks5,failure_pressure_score3_next_4obs,gradient_boosting,all_features,202,num__operating_margin,operating_margin,financial_ratio,0.003177351892185919,0.003177351892185919
test_target_tweaks5,failure_pressure_score3_next_4obs,gradient_boosting,all_features,202,num__cash_assets,cash_assets,financial_ratio,0.002778414220719624,0.002778414220719624
test_target_tweaks5,failure_pressure_score3_next_4obs,gradient_boosting,all_features,202,num__NFCI,NFCI,macro,0.0027137215096099455,0.0027137215096099455
test_target_tweaks5,failure_pressure_score3_next_4obs,gradient_boosting,all_features,202,num__cash_equivalents,cash_equivalents,accounting_fundamental,0.002636779838943287,0.002636779838943287
test_target_tweaks5,failure_pressure_score3_next_4obs,gradient_boosting,all_features,202,num__capex,capex,accounting_fundamental,0.0024925193056207834,0.0024925193056207834
test_target_tweaks5,failure_pressure_score3_next_4obs,gradient_boosting,all_features,202,num__net_margin_lag1,net_margin_lag1,firm_trend,0.002437344791906396,0.002437344791906396
test_target_tweaks5,failure_pressure_score3_next_4obs,gradient_boosting,all_features,202,num__current_liabilities,current_liabilities,accounting_fundamental,0.0023692513373887677,0.0023692513373887677
test_target_tweaks5,failure_pressure_score3_next_4obs,gradient_boosting,all_features,202,num__DTWEXBGS_yoy_pct,DTWEXBGS_yoy_pct,macro,0.0021249163904107533,0.0021249163904107533
test_target_tweaks5,failure_pressure_score3_next_4obs,gradient_boosting,all_features,202,num__total_assets,total_assets,accounting_fundamental,0.002019968870202165,0.002019968870202165
test_target_tweaks5,failure_pressure_score3_next_4obs,gradient_boosting,all_features,202,num__total_revenue,total_revenue,accounting_fundamental,0.001849432117422027,0.001849432117422027
test_target_tweaks5,failure_pressure_score3_next_4obs,gradient_boosting,all_features,202,num__VIXCLS,VIXCLS,macro,0.0017412994201470597,0.0017412994201470597
test_target_tweaks5,failure_pressure_score3_next_4obs,gradient_boosting,all_features,202,num__UNRATE,UNRATE,macro,0.0017241549841157447,0.0017241549841157447
test_target_tweaks5,failure_pressure_score3_next_4obs,gradient_boosting,all_features,202,num__current_ratio_lag1,current_ratio_lag1,firm_trend,0.001584147392781493,0.001584147392781493
test_target_tweaks5,failure_pressure_score3_next_4obs,gradient_boosting,all_features,202,num__total_liabilities_growth_4obs,total_liabilities_growth_4obs,firm_trend,0.0014297629421747052,0.0014297629421747052
test_target_tweaks5,failure_pressure_score3_next_4obs,gradient_boosting,all_features,202,num__roa_change_4obs,roa_change_4obs,firm_trend,0.001374200013504809,0.001374200013504809
test_target_tweaks5,failure_pressure_score3_next_4obs,gradient_boosting,all_features,202,num__PPIACO_yoy_pct,PPIACO_yoy_pct,macro,0.0013086468245467676,0.0013086468245467676
test_target_tweaks5,failure_pressure_score3_next_4obs,gradient_boosting,all_features,202,num__BAMLH0A0HYM2,BAMLH0A0HYM2,macro,0.001261952613724955,0.001261952613724955
test_target_tweaks5,failure_pressure_score3_next_4obs,gradient_boosting,all_features,202,num__current_assets_growth_4obs,current_assets_growth_4obs,firm_trend,0.001253378360566788,0.001253378360566788
test_target_tweaks5,failure_pressure_score3_next_4obs,gradient_boosting,all_features,202,num__M2SL_yoy_pct,M2SL_yoy_pct,macro,0.001178701453155692,0.001178701453155692
test_target_tweaks5,failure_pressure_score3_next_4obs,gradient_boosting,all_features,202,num__missingindicator_gross_margin_change_4obs,gross_margin_change_4obs,firm_trend,0.0010287113801939747,0.0010287113801939747
test_target_tweaks5,success_score3_next_4obs,logistic_l2,all_features,42,num__total_assets,total_assets,accounting_fundamental,3.5012304482305576,-3.5012304482305576
test_target_tweaks5,success_score3_next_4obs,logistic_l2,all_features,42,num__GDPC1,GDPC1,macro,1.894225079574268,1.894225079574268
test_target_tweaks5,success_score3_next_4obs,logistic_l2,all_features,42,cat__Sector_Utilities,Sector_Utilities,sector,1.5162182633116585,-1.5162182633116585
test_target_tweaks5,success_score3_next_4obs,logistic_l2,all_features,42,num__missingindicator_total_liabilities,total_liabilities,accounting_fundamental,1.5140331163399334,-1.5140331163399334
test_target_tweaks5,success_score3_next_4obs,logistic_l2,all_features,42,cat__Sector_Basic Materials,Sector_Basic Materials,sector,1.279762123480708,1.279762123480708
test_target_tweaks5,success_score3_next_4obs,logistic_l2,all_features,42,num__missingindicator_net_margin,net_margin,financial_ratio,1.2732204592547893,-1.2732204592547893
test_target_tweaks5,success_score3_next_4obs,logistic_l2,all_features,42,num__missingindicator_total_liabilities_growth_4obs,total_liabilities_growth_4obs,firm_trend,1.2652887615490942,-1.2652887615490942
test_target_tweaks5,success_score3_next_4obs,logistic_l2,all_features,42,num__total_liabilities,total_liabilities,accounting_fundamental,1.2407370897548826,1.2407370897548826
test_target_tweaks5,success_score3_next_4obs,logistic_l2,all_features,42,num__missingindicator_leverage_assets_change_4obs,leverage_assets_change_4obs,firm_trend,1.2313348347059967,1.2313348347059967
test_target_tweaks5,success_score3_next_4obs,logistic_l2,all_features,42,num__net_income_negative_count_prior_4obs,net_income_negative_count_prior_4obs,firm_trend,1.1122434984807275,-1.1122434984807275
test_target_tweaks5,success_score3_next_4obs,logistic_l2,all_features,42,num__total_equity,total_equity,accounting_fundamental,0.9940370226451912,0.9940370226451912
test_target_tweaks5,success_score3_next_4obs,logistic_l2,all_features,42,cat__Sector_Consumer Discretionary,Sector_Consumer Discretionary,sector,0.9505918760723578,0.9505918760723578
test_target_tweaks5,success_score3_next_4obs,logistic_l2,all_features,42,cat__Sector_Communication Services,Sector_Communication Services,sector,0.9491254650273143,-0.9491254650273143
test_target_tweaks5,success_score3_next_4obs,logistic_l2,all_features,42,num__CPIAUCSL,CPIAUCSL,macro,0.8661701335737058,-0.8661701335737058
test_target_tweaks5,success_score3_next_4obs,logistic_l2,all_features,42,num__UNRATE,UNRATE,macro,0.7678677216608575,0.7678677216608575
test_target_tweaks5,success_score3_next_4obs,logistic_l2,all_features,42,num__operating_margin,operating_margin,financial_ratio,0.7553177722228949,0.7553177722228949
test_target_tweaks5,success_score3_next_4obs,logistic_l2,all_features,42,num__missingindicator_cash_equivalents,cash_equivalents,accounting_fundamental,0.7507950990913825,0.7507950990913825
test_target_tweaks5,success_score3_next_4obs,logistic_l2,all_features,42,num__roa_lag1,roa_lag1,firm_trend,0.7130511755607284,-0.7130511755607284
test_target_tweaks5,success_score3_next_4obs,logistic_l2,all_features,42,cat__Sector_Energy,Sector_Energy,sector,0.707234528458757,-0.707234528458757
test_target_tweaks5,success_score3_next_4obs,logistic_l2,all_features,42,num__missingindicator_total_revenue,total_revenue,accounting_fundamental,0.687719001000702,0.687719001000702
test_target_tweaks5,success_score3_next_4obs,logistic_l2,all_features,42,num__r_and_d_intensity,r_and_d_intensity,financial_ratio,0.6844064098661947,-0.6844064098661947
test_target_tweaks5,success_score3_next_4obs,logistic_l2,all_features,42,num__roa,roa,financial_ratio,0.6742471327098056,0.6742471327098056
test_target_tweaks5,success_score3_next_4obs,logistic_l2,all_features,42,num__leverage_assets_lag1,leverage_assets_lag1,firm_trend,0.6687859482803971,-0.6687859482803971
test_target_tweaks5,success_score3_next_4obs,logistic_l2,all_features,42,num__missingindicator_cash_assets,cash_assets,financial_ratio,0.662714246800428,-0.662714246800428
test_target_tweaks5,success_score3_next_4obs,logistic_l2,all_features,42,num__leverage_assets,leverage_assets,financial_ratio,0.654044801299812,-0.654044801299812
test_target_tweaks5,success_score3_next_4obs,logistic_l2,all_features,42,num__missingindicator_current_ratio_change_4obs,current_ratio_change_4obs,firm_trend,0.6484602092661024,0.6484602092661024
test_target_tweaks5,success_score3_next_4obs,logistic_l2,all_features,42,num__missingindicator_leverage_assets,leverage_assets,financial_ratio,0.6308706425520441,0.6308706425520441
test_target_tweaks5,success_score3_next_4obs,logistic_l2,all_features,42,num__missingindicator_current_liabilities_growth_4obs,current_liabilities_growth_4obs,firm_trend,0.5398342875332761,-0.5398342875332761
test_target_tweaks5,success_score3_next_4obs,logistic_l2,all_features,42,num__PAYEMS,PAYEMS,macro,0.5110930948463136,-0.5110930948463136
test_target_tweaks5,success_score3_next_4obs,logistic_l2,all_features,42,num__BUSLOANS,BUSLOANS,macro,0.42718643805962125,0.42718643805962125
test_target_tweaks5,success_score3_next_4obs,logistic_l2,all_features,42,cat__Sector_Technology,Sector_Technology,sector,0.4089317936039616,0.4089317936039616
test_target_tweaks5,success_score3_next_4obs,logistic_l2,all_features,42,num__equity_assets,equity_assets,financial_ratio,0.40427173766144775,0.40427173766144775
test_target_tweaks5,success_score3_next_4obs,logistic_l2,all_features,42,cat__Sector_Consumer Defensive,Sector_Consumer Defensive,sector,0.4037707344674056,0.4037707344674056
test_target_tweaks5,success_score3_next_4obs,logistic_l2,all_features,42,num__missingindicator_net_margin_change_4obs,net_margin_change_4obs,firm_trend,0.40349611599275315,-0.40349611599275315
test_target_tweaks5,success_score3_next_4obs,logistic_l2,all_features,42,num__RSAFS,RSAFS,macro,0.3984649647210119,-0.3984649647210119
test_target_tweaks5,success_score3_next_4obs,logistic_l2,all_features,42,num__missingindicator_current_assets,current_assets,accounting_fundamental,0.3949986736749318,0.3949986736749318
test_target_tweaks5,success_score3_next_4obs,logistic_l2,all_features,42,num__operating_income,operating_income,accounting_fundamental,0.39381818107649996,0.39381818107649996
test_target_tweaks5,success_score3_next_4obs,logistic_l2,all_features,42,num__missingindicator_operating_income,operating_income,accounting_fundamental,0.3830660700336958,-0.3830660700336958
test_target_tweaks5,success_score3_next_4obs,logistic_l2,all_features,42,num__missingindicator_gross_profit,gross_profit,accounting_fundamental,0.3462438935109381,-0.3462438935109381
test_target_tweaks5,success_score3_next_4obs,logistic_l2,all_features,42,cat__Sector_Industrials,Sector_Industrials,sector,0.33350790046051165,0.33350790046051165
test_target_tweaks5,success_score3_next_4obs,random_forest,all_features,42,num__roa_lag1,roa_lag1,firm_trend,0.06930322368420996,0.06930322368420996
test_target_tweaks5,success_score3_next_4obs,random_forest,all_features,42,num__roa,roa,financial_ratio,0.06752073614350945,0.06752073614350945
test_target_tweaks5,success_score3_next_4obs,random_forest,all_features,42,num__equity_assets,equity_assets,financial_ratio,0.03783310307008138,0.03783310307008138
test_target_tweaks5,success_score3_next_4obs,random_forest,all_features,42,num__leverage_assets,leverage_assets,financial_ratio,0.03653082191938133,0.03653082191938133
test_target_tweaks5,success_score3_next_4obs,random_forest,all_features,42,num__operating_margin,operating_margin,financial_ratio,0.031596556570923716,0.031596556570923716
test_target_tweaks5,success_score3_next_4obs,random_forest,all_features,42,num__leverage_assets_lag1,leverage_assets_lag1,firm_trend,0.031175611165317352,0.031175611165317352
test_target_tweaks5,success_score3_next_4obs,random_forest,all_features,42,num__net_margin,net_margin,financial_ratio,0.030373792067519587,0.030373792067519587
test_target_tweaks5,success_score3_next_4obs,random_forest,all_features,42,num__net_income_negative_count_prior_4obs,net_income_negative_count_prior_4obs,firm_trend,0.027419727127782928,0.027419727127782928
test_target_tweaks5,success_score3_next_4obs,random_forest,all_features,42,num__operating_margin_lag1,operating_margin_lag1,firm_trend,0.026534243383458545,0.026534243383458545
test_target_tweaks5,success_score3_next_4obs,random_forest,all_features,42,num__net_income,net_income,accounting_fundamental,0.02555254978033485,0.02555254978033485
test_target_tweaks5,success_score3_next_4obs,random_forest,all_features,42,num__net_margin_lag1,net_margin_lag1,firm_trend,0.024760716217931935,0.024760716217931935
test_target_tweaks5,success_score3_next_4obs,random_forest,all_features,42,num__missingindicator_operating_margin,operating_margin,financial_ratio,0.02413349951957292,0.02413349951957292
test_target_tweaks5,success_score3_next_4obs,random_forest,all_features,42,num__operating_income,operating_income,accounting_fundamental,0.023919055962695064,0.023919055962695064
test_target_tweaks5,success_score3_next_4obs,random_forest,all_features,42,num__missingindicator_leverage_assets,leverage_assets,financial_ratio,0.020808959943177257,0.020808959943177257
test_target_tweaks5,success_score3_next_4obs,random_forest,all_features,42,num__missingindicator_total_liabilities,total_liabilities,accounting_fundamental,0.02048988111741996,0.02048988111741996
test_target_tweaks5,success_score3_next_4obs,random_forest,all_features,42,num__missingindicator_operating_margin_lag1,operating_margin_lag1,firm_trend,0.020238566505172594,0.020238566505172594
test_target_tweaks5,success_score3_next_4obs,random_forest,all_features,42,num__missingindicator_leverage_assets_lag1,leverage_assets_lag1,firm_trend,0.0188112288407949,0.0188112288407949
test_target_tweaks5,success_score3_next_4obs,random_forest,all_features,42,num__total_liabilities,total_liabilities,accounting_fundamental,0.018772608237959194,0.018772608237959194
test_target_tweaks5,success_score3_next_4obs,random_forest,all_features,42,num__missingindicator_net_margin,net_margin,financial_ratio,0.014682561471277422,0.014682561471277422
test_target_tweaks5,success_score3_next_4obs,random_forest,all_features,42,num__missingindicator_net_margin_lag1,net_margin_lag1,firm_trend,0.01344682672062913,0.01344682672062913
test_target_tweaks5,success_score3_next_4obs,random_forest,all_features,42,num__missingindicator_leverage_assets_change_4obs,leverage_assets_change_4obs,firm_trend,0.013218319464176018,0.013218319464176018
test_target_tweaks5,success_score3_next_4obs,random_forest,all_features,42,num__total_equity,total_equity,accounting_fundamental,0.012758331489563547,0.012758331489563547
test_target_tweaks5,success_score3_next_4obs,random_forest,all_features,42,num__cash_assets,cash_assets,financial_ratio,0.012533893213587584,0.012533893213587584
test_target_tweaks5,success_score3_next_4obs,random_forest,all_features,42,num__missingindicator_total_liabilities_growth_4obs,total_liabilities_growth_4obs,firm_trend,0.011871391776451268,0.011871391776451268
test_target_tweaks5,success_score3_next_4obs,random_forest,all_features,42,num__total_assets,total_assets,accounting_fundamental,0.011827850274929485,0.011827850274929485
test_target_tweaks5,success_score3_next_4obs,random_forest,all_features,42,num__missingindicator_operating_margin_change_4obs,operating_margin_change_4obs,firm_trend,0.011558664689163344,0.011558664689163344
test_target_tweaks5,success_score3_next_4obs,random_forest,all_features,42,num__cash_assets_lag1,cash_assets_lag1,firm_trend,0.011237387778496954,0.011237387778496954
test_target_tweaks5,success_score3_next_4obs,random_forest,all_features,42,num__current_assets,current_assets,accounting_fundamental,0.01076794795672141,0.01076794795672141
test_target_tweaks5,success_score3_next_4obs,random_forest,all_features,42,num__missingindicator_operating_income,operating_income,accounting_fundamental,0.010701575378076285,0.010701575378076285
test_target_tweaks5,success_score3_next_4obs,random_forest,all_features,42,num__total_revenue,total_revenue,accounting_fundamental,0.01061967330182701,0.01061967330182701
test_target_tweaks5,success_score3_next_4obs,random_forest,all_features,42,num__cash_equivalents,cash_equivalents,accounting_fundamental,0.01020310471711567,0.01020310471711567
test_target_tweaks5,success_score3_next_4obs,random_forest,all_features,42,num__missingindicator_total_revenue,total_revenue,accounting_fundamental,0.009645563336678816,0.009645563336678816
test_target_tweaks5,success_score3_next_4obs,random_forest,all_features,42,num__current_ratio,current_ratio,financial_ratio,0.009047475974555113,0.009047475974555113
test_target_tweaks5,success_score3_next_4obs,random_forest,all_features,42,num__receivables_assets,receivables_assets,financial_ratio,0.008897442652584167,0.008897442652584167
test_target_tweaks5,success_score3_next_4obs,random_forest,all_features,42,num__current_liabilities,current_liabilities,accounting_fundamental,0.008883858084592512,0.008883858084592512
test_target_tweaks5,success_score3_next_4obs,random_forest,all_features,42,num__current_ratio_lag1,current_ratio_lag1,firm_trend,0.008218219967913016,0.008218219967913016
test_target_tweaks5,success_score3_next_4obs,random_forest,all_features,42,num__inventory_assets,inventory_assets,financial_ratio,0.007674075515399076,0.007674075515399076
test_target_tweaks5,success_score3_next_4obs,random_forest,all_features,42,cat__Sector_Utilities,Sector_Utilities,sector,0.007378481494247392,0.007378481494247392
test_target_tweaks5,success_score3_next_4obs,random_forest,all_features,42,num__leverage_assets_change_4obs,leverage_assets_change_4obs,firm_trend,0.0060240882205984,0.0060240882205984
test_target_tweaks5,success_score3_next_4obs,random_forest,all_features,42,num__total_assets_growth_4obs,total_assets_growth_4obs,firm_trend,0.005978655586454145,0.005978655586454145
test_target_tweaks5,success_score3_next_4obs,random_forest,all_features,202,num__roa,roa,financial_ratio,0.07407368875745217,0.07407368875745217
test_target_tweaks5,success_score3_next_4obs,random_forest,all_features,202,num__roa_lag1,roa_lag1,firm_trend,0.06262644907179207,0.06262644907179207
test_target_tweaks5,success_score3_next_4obs,random_forest,all_features,202,num__leverage_assets,leverage_assets,financial_ratio,0.04207873237446836,0.04207873237446836
test_target_tweaks5,success_score3_next_4obs,random_forest,all_features,202,num__net_margin,net_margin,financial_ratio,0.03643758452132572,0.03643758452132572
test_target_tweaks5,success_score3_next_4obs,random_forest,all_features,202,num__equity_assets,equity_assets,financial_ratio,0.03544721764957104,0.03544721764957104
test_target_tweaks5,success_score3_next_4obs,random_forest,all_features,202,num__leverage_assets_lag1,leverage_assets_lag1,firm_trend,0.03115016321553372,0.03115016321553372
test_target_tweaks5,success_score3_next_4obs,random_forest,all_features,202,num__net_income_negative_count_prior_4obs,net_income_negative_count_prior_4obs,firm_trend,0.026552108363133636,0.026552108363133636
test_target_tweaks5,success_score3_next_4obs,random_forest,all_features,202,num__net_margin_lag1,net_margin_lag1,firm_trend,0.026380732234642674,0.026380732234642674
test_target_tweaks5,success_score3_next_4obs,random_forest,all_features,202,num__operating_margin,operating_margin,financial_ratio,0.02632192772916178,0.02632192772916178
test_target_tweaks5,success_score3_next_4obs,random_forest,all_features,202,num__net_income,net_income,accounting_fundamental,0.025472426437438356,0.025472426437438356
test_target_tweaks5,success_score3_next_4obs,random_forest,all_features,202,num__operating_income,operating_income,accounting_fundamental,0.024628434666171168,0.024628434666171168
test_target_tweaks5,success_score3_next_4obs,random_forest,all_features,202,num__missingindicator_operating_margin,operating_margin,financial_ratio,0.023740443184547603,0.023740443184547603
test_target_tweaks5,success_score3_next_4obs,random_forest,all_features,202,num__operating_margin_lag1,operating_margin_lag1,firm_trend,0.022833543347874942,0.022833543347874942
test_target_tweaks5,success_score3_next_4obs,random_forest,all_features,202,num__missingindicator_leverage_assets,leverage_assets,financial_ratio,0.022731875457066286,0.022731875457066286
test_target_tweaks5,success_score3_next_4obs,random_forest,all_features,202,num__missingindicator_total_liabilities,total_liabilities,accounting_fundamental,0.021017233836584895,0.021017233836584895
test_target_tweaks5,success_score3_next_4obs,random_forest,all_features,202,num__missingindicator_operating_margin_lag1,operating_margin_lag1,firm_trend,0.01974689755843486,0.01974689755843486
test_target_tweaks5,success_score3_next_4obs,random_forest,all_features,202,num__missingindicator_net_margin,net_margin,financial_ratio,0.019211901231365923,0.019211901231365923
test_target_tweaks5,success_score3_next_4obs,random_forest,all_features,202,num__total_liabilities,total_liabilities,accounting_fundamental,0.017446270634657656,0.017446270634657656
test_target_tweaks5,success_score3_next_4obs,random_forest,all_features,202,num__missingindicator_leverage_assets_lag1,leverage_assets_lag1,firm_trend,0.014418929847871926,0.014418929847871926
test_target_tweaks5,success_score3_next_4obs,random_forest,all_features,202,num__cash_assets,cash_assets,financial_ratio,0.013746918322257818,0.013746918322257818
test_target_tweaks5,success_score3_next_4obs,random_forest,all_features,202,num__missingindicator_total_revenue,total_revenue,accounting_fundamental,0.013374474689202076,0.013374474689202076
test_target_tweaks5,success_score3_next_4obs,random_forest,all_features,202,num__missingindicator_leverage_assets_change_4obs,leverage_assets_change_4obs,firm_trend,0.013268470759925786,0.013268470759925786
test_target_tweaks5,success_score3_next_4obs,random_forest,all_features,202,num__cash_assets_lag1,cash_assets_lag1,firm_trend,0.012399766433452187,0.012399766433452187
test_target_tweaks5,success_score3_next_4obs,random_forest,all_features,202,num__total_assets,total_assets,accounting_fundamental,0.012320064222349533,0.012320064222349533
test_target_tweaks5,success_score3_next_4obs,random_forest,all_features,202,num__total_equity,total_equity,accounting_fundamental,0.01193476472222664,0.01193476472222664
test_target_tweaks5,success_score3_next_4obs,random_forest,all_features,202,num__missingindicator_operating_income,operating_income,accounting_fundamental,0.0117885220506617,0.0117885220506617
test_target_tweaks5,success_score3_next_4obs,random_forest,all_features,202,num__current_assets,current_assets,accounting_fundamental,0.010644908467580759,0.010644908467580759
test_target_tweaks5,success_score3_next_4obs,random_forest,all_features,202,num__cash_equivalents,cash_equivalents,accounting_fundamental,0.010455515694969388,0.010455515694969388
test_target_tweaks5,success_score3_next_4obs,random_forest,all_features,202,num__current_ratio,current_ratio,financial_ratio,0.010047873647848307,0.010047873647848307
test_target_tweaks5,success_score3_next_4obs,random_forest,all_features,202,num__total_revenue,total_revenue,accounting_fundamental,0.009896234934399893,0.009896234934399893
test_target_tweaks5,success_score3_next_4obs,random_forest,all_features,202,num__missingindicator_total_liabilities_growth_4obs,total_liabilities_growth_4obs,firm_trend,0.00983931346800869,0.00983931346800869
test_target_tweaks5,success_score3_next_4obs,random_forest,all_features,202,num__missingindicator_operating_margin_change_4obs,operating_margin_change_4obs,firm_trend,0.009667711256591195,0.009667711256591195
test_target_tweaks5,success_score3_next_4obs,random_forest,all_features,202,num__current_liabilities,current_liabilities,accounting_fundamental,0.009370881365419326,0.009370881365419326
test_target_tweaks5,success_score3_next_4obs,random_forest,all_features,202,num__current_ratio_lag1,current_ratio_lag1,firm_trend,0.009048987595793949,0.009048987595793949
test_target_tweaks5,success_score3_next_4obs,random_forest,all_features,202,num__receivables_assets,receivables_assets,financial_ratio,0.008900313180182435,0.008900313180182435
test_target_tweaks5,success_score3_next_4obs,random_forest,all_features,202,num__missingindicator_net_margin_lag1,net_margin_lag1,firm_trend,0.008368375399923857,0.008368375399923857
test_target_tweaks5,success_score3_next_4obs,random_forest,all_features,202,num__inventory_assets,inventory_assets,financial_ratio,0.007488111106027205,0.007488111106027205
test_target_tweaks5,success_score3_next_4obs,random_forest,all_features,202,num__total_liabilities_growth_4obs,total_liabilities_growth_4obs,firm_trend,0.0060741608441153595,0.0060741608441153595
test_target_tweaks5,success_score3_next_4obs,random_forest,all_features,202,num__total_assets_growth_4obs,total_assets_growth_4obs,firm_trend,0.006066889611516689,0.006066889611516689
test_target_tweaks5,success_score3_next_4obs,random_forest,all_features,202,num__missingindicator_net_margin_change_4obs,net_margin_change_4obs,firm_trend,0.005768826691320624,0.005768826691320624
test_target_tweaks5,success_score3_next_4obs,gradient_boosting,all_features,42,num__roa,roa,financial_ratio,0.23381033520477632,0.23381033520477632
test_target_tweaks5,success_score3_next_4obs,gradient_boosting,all_features,42,num__missingindicator_total_liabilities,total_liabilities,accounting_fundamental,0.13733679350215483,0.13733679350215483
test_target_tweaks5,success_score3_next_4obs,gradient_boosting,all_features,42,num__roa_lag1,roa_lag1,firm_trend,0.12448722358626825,0.12448722358626825
test_target_tweaks5,success_score3_next_4obs,gradient_boosting,all_features,42,num__missingindicator_operating_margin,operating_margin,financial_ratio,0.1156915832351507,0.1156915832351507
test_target_tweaks5,success_score3_next_4obs,gradient_boosting,all_features,42,num__equity_assets,equity_assets,financial_ratio,0.064757709556033,0.064757709556033
test_target_tweaks5,success_score3_next_4obs,gradient_boosting,all_features,42,num__net_income_negative_count_prior_4obs,net_income_negative_count_prior_4obs,firm_trend,0.04684932704545283,0.04684932704545283
test_target_tweaks5,success_score3_next_4obs,gradient_boosting,all_features,42,num__missingindicator_net_margin,net_margin,financial_ratio,0.04477604223684522,0.04477604223684522
test_target_tweaks5,success_score3_next_4obs,gradient_boosting,all_features,42,num__missingindicator_leverage_assets_lag1,leverage_assets_lag1,firm_trend,0.037657154944147266,0.037657154944147266
test_target_tweaks5,success_score3_next_4obs,gradient_boosting,all_features,42,num__leverage_assets,leverage_assets,financial_ratio,0.033431535233847516,0.033431535233847516
test_target_tweaks5,success_score3_next_4obs,gradient_boosting,all_features,42,num__missingindicator_leverage_assets,leverage_assets,financial_ratio,0.024337778095666413,0.024337778095666413
test_target_tweaks5,success_score3_next_4obs,gradient_boosting,all_features,42,num__total_liabilities,total_liabilities,accounting_fundamental,0.02308328803645882,0.02308328803645882
test_target_tweaks5,success_score3_next_4obs,gradient_boosting,all_features,42,num__leverage_assets_lag1,leverage_assets_lag1,firm_trend,0.01716487067884116,0.01716487067884116
test_target_tweaks5,success_score3_next_4obs,gradient_boosting,all_features,42,num__operating_income,operating_income,accounting_fundamental,0.015273523969546546,0.015273523969546546
test_target_tweaks5,success_score3_next_4obs,gradient_boosting,all_features,42,num__missingindicator_operating_margin_lag1,operating_margin_lag1,firm_trend,0.012369863714365674,0.012369863714365674
test_target_tweaks5,success_score3_next_4obs,gradient_boosting,all_features,42,cat__Sector_Utilities,Sector_Utilities,sector,0.009651108632647183,0.009651108632647183
test_target_tweaks5,success_score3_next_4obs,gradient_boosting,all_features,42,cat__Sector_Energy,Sector_Energy,sector,0.005514525926077096,0.005514525926077096
test_target_tweaks5,success_score3_next_4obs,gradient_boosting,all_features,42,num__operating_margin_lag1,operating_margin_lag1,firm_trend,0.004908377875384486,0.004908377875384486
test_target_tweaks5,success_score3_next_4obs,gradient_boosting,all_features,42,num__cash_assets_lag1,cash_assets_lag1,firm_trend,0.004233265649061025,0.004233265649061025
test_target_tweaks5,success_score3_next_4obs,gradient_boosting,all_features,42,num__inventory_assets,inventory_assets,financial_ratio,0.004031760200064901,0.004031760200064901
test_target_tweaks5,success_score3_next_4obs,gradient_boosting,all_features,42,num__cash_assets,cash_assets,financial_ratio,0.003864286137007723,0.003864286137007723
test_target_tweaks5,success_score3_next_4obs,gradient_boosting,all_features,42,num__operating_margin,operating_margin,financial_ratio,0.0027272532359342606,0.0027272532359342606
test_target_tweaks5,success_score3_next_4obs,gradient_boosting,all_features,42,num__current_assets,current_assets,accounting_fundamental,0.002248954408514983,0.002248954408514983
test_target_tweaks5,success_score3_next_4obs,gradient_boosting,all_features,42,num__missingindicator_net_margin_lag1,net_margin_lag1,firm_trend,0.0021729562276840775,0.0021729562276840775
test_target_tweaks5,success_score3_next_4obs,gradient_boosting,all_features,42,cat__Sector_Basic Materials,Sector_Basic Materials,sector,0.0020009673764836643,0.0020009673764836643
test_target_tweaks5,success_score3_next_4obs,gradient_boosting,all_features,42,cat__Sector_Communication Services,Sector_Communication Services,sector,0.0018468627989059036,0.0018468627989059036
test_target_tweaks5,success_score3_next_4obs,gradient_boosting,all_features,42,num__net_margin,net_margin,financial_ratio,0.0018451323620059968,0.0018451323620059968
test_target_tweaks5,success_score3_next_4obs,gradient_boosting,all_features,42,num__current_ratio,current_ratio,financial_ratio,0.0017587723058156664,0.0017587723058156664
test_target_tweaks5,success_score3_next_4obs,gradient_boosting,all_features,42,num__total_revenue_growth_4obs,total_revenue_growth_4obs,firm_trend,0.0013946782711394456,0.0013946782711394456
test_target_tweaks5,success_score3_next_4obs,gradient_boosting,all_features,42,num__receivables_assets,receivables_assets,financial_ratio,0.0013420762519199586,0.0013420762519199586
test_target_tweaks5,success_score3_next_4obs,gradient_boosting,all_features,42,num__GS10,GS10,macro,0.0012969043073576079,0.0012969043073576079
test_target_tweaks5,success_score3_next_4obs,gradient_boosting,all_features,42,num__current_assets_growth_4obs,current_assets_growth_4obs,firm_trend,0.0012868420686437997,0.0012868420686437997
test_target_tweaks5,success_score3_next_4obs,gradient_boosting,all_features,42,num__total_assets,total_assets,accounting_fundamental,0.0012738029180400477,0.0012738029180400477
test_target_tweaks5,success_score3_next_4obs,gradient_boosting,all_features,42,num__cash_equivalents,cash_equivalents,accounting_fundamental,0.0010985268848750398,0.0010985268848750398
test_target_tweaks5,success_score3_next_4obs,gradient_boosting,all_features,42,num__DCOILWTICO_yoy_pct,DCOILWTICO_yoy_pct,macro,0.0010821505859994747,0.0010821505859994747
test_target_tweaks5,success_score3_next_4obs,gradient_boosting,all_features,42,num__BUSLOANS,BUSLOANS,macro,0.0010515734218409787,0.0010515734218409787
test_target_tweaks5,success_score3_next_4obs,gradient_boosting,all_features,42,num__missingindicator_operating_income,operating_income,accounting_fundamental,0.001011672511488333,0.001011672511488333
test_target_tweaks5,success_score3_next_4obs,gradient_boosting,all_features,42,num__total_assets_growth_4obs,total_assets_growth_4obs,firm_trend,0.0008684610828123881,0.0008684610828123881
test_target_tweaks5,success_score3_next_4obs,gradient_boosting,all_features,42,num__total_revenue,total_revenue,accounting_fundamental,0.000843693098212126,0.000843693098212126
test_target_tweaks5,success_score3_next_4obs,gradient_boosting,all_features,42,cat__Sector_Financial Services,Sector_Financial Services,sector,0.0007899096373846861,0.0007899096373846861
test_target_tweaks5,success_score3_next_4obs,gradient_boosting,all_features,42,num__current_liabilities_growth_4obs,current_liabilities_growth_4obs,firm_trend,0.0007388851678673788,0.0007388851678673788
test_target_tweaks5,success_score3_next_4obs,gradient_boosting,all_features,202,num__roa,roa,financial_ratio,0.23381033520475952,0.23381033520475952
test_target_tweaks5,success_score3_next_4obs,gradient_boosting,all_features,202,num__missingindicator_total_liabilities,total_liabilities,accounting_fundamental,0.13851497237988156,0.13851497237988156
test_target_tweaks5,success_score3_next_4obs,gradient_boosting,all_features,202,num__roa_lag1,roa_lag1,firm_trend,0.12452464942228696,0.12452464942228696
test_target_tweaks5,success_score3_next_4obs,gradient_boosting,all_features,202,num__missingindicator_operating_margin,operating_margin,financial_ratio,0.1154764066892536,0.1154764066892536
test_target_tweaks5,success_score3_next_4obs,gradient_boosting,all_features,202,num__equity_assets,equity_assets,financial_ratio,0.06475770955601978,0.06475770955601978
test_target_tweaks5,success_score3_next_4obs,gradient_boosting,all_features,202,num__net_income_negative_count_prior_4obs,net_income_negative_count_prior_4obs,firm_trend,0.04684932704548476,0.04684932704548476
test_target_tweaks5,success_score3_next_4obs,gradient_boosting,all_features,202,num__missingindicator_net_margin,net_margin,financial_ratio,0.04492449588799503,0.04492449588799503
test_target_tweaks5,success_score3_next_4obs,gradient_boosting,all_features,202,num__missingindicator_leverage_assets_lag1,leverage_assets_lag1,firm_trend,0.03765715494415432,0.03765715494415432
test_target_tweaks5,success_score3_next_4obs,gradient_boosting,all_features,202,num__leverage_assets,leverage_assets,financial_ratio,0.03341275187884769,0.03341275187884769
test_target_tweaks5,success_score3_next_4obs,gradient_boosting,all_features,202,num__missingindicator_leverage_assets,leverage_assets,financial_ratio,0.02315959921794712,0.02315959921794712
test_target_tweaks5,success_score3_next_4obs,gradient_boosting,all_features,202,num__total_liabilities,total_liabilities,accounting_fundamental,0.02308328803647755,0.02308328803647755
test_target_tweaks5,success_score3_next_4obs,gradient_boosting,all_features,202,num__leverage_assets_lag1,leverage_assets_lag1,firm_trend,0.017164870678860016,0.017164870678860016
test_target_tweaks5,success_score3_next_4obs,gradient_boosting,all_features,202,num__operating_income,operating_income,accounting_fundamental,0.01527352396955527,0.01527352396955527
test_target_tweaks5,success_score3_next_4obs,gradient_boosting,all_features,202,num__missingindicator_operating_margin_lag1,operating_margin_lag1,firm_trend,0.012369863714367166,0.012369863714367166
test_target_tweaks5,success_score3_next_4obs,gradient_boosting,all_features,202,cat__Sector_Utilities,Sector_Utilities,sector,0.009651108632631225,0.009651108632631225
test_target_tweaks5,success_score3_next_4obs,gradient_boosting,all_features,202,cat__Sector_Energy,Sector_Energy,sector,0.005514525926061146,0.005514525926061146
test_target_tweaks5,success_score3_next_4obs,gradient_boosting,all_features,202,num__operating_margin_lag1,operating_margin_lag1,firm_trend,0.004908377875365722,0.004908377875365722
test_target_tweaks5,success_score3_next_4obs,gradient_boosting,all_features,202,num__cash_assets_lag1,cash_assets_lag1,firm_trend,0.004253538704068278,0.004253538704068278
test_target_tweaks5,success_score3_next_4obs,gradient_boosting,all_features,202,num__inventory_assets,inventory_assets,financial_ratio,0.004031760200064442,0.004031760200064442
test_target_tweaks5,success_score3_next_4obs,gradient_boosting,all_features,202,num__cash_assets,cash_assets,financial_ratio,0.003864286137017506,0.003864286137017506
test_target_tweaks5,success_score3_next_4obs,gradient_boosting,all_features,202,num__operating_margin,operating_margin,financial_ratio,0.0027272532359163887,0.0027272532359163887
test_target_tweaks5,success_score3_next_4obs,gradient_boosting,all_features,202,num__current_assets,current_assets,accounting_fundamental,0.0022489544085117835,0.0022489544085117835
test_target_tweaks5,success_score3_next_4obs,gradient_boosting,all_features,202,num__missingindicator_net_margin_lag1,net_margin_lag1,firm_trend,0.0021729562276839474,0.0021729562276839474
test_target_tweaks5,success_score3_next_4obs,gradient_boosting,all_features,202,cat__Sector_Basic Materials,Sector_Basic Materials,sector,0.0020009673764798314,0.0020009673764798314
test_target_tweaks5,success_score3_next_4obs,gradient_boosting,all_features,202,cat__Sector_Communication Services,Sector_Communication Services,sector,0.0018468627989274287,0.0018468627989274287
test_target_tweaks5,success_score3_next_4obs,gradient_boosting,all_features,202,num__net_margin,net_margin,financial_ratio,0.0018451323620036167,0.0018451323620036167
test_target_tweaks5,success_score3_next_4obs,gradient_boosting,all_features,202,num__current_ratio,current_ratio,financial_ratio,0.0017587723058157315,0.0017587723058157315
test_target_tweaks5,success_score3_next_4obs,gradient_boosting,all_features,202,num__total_revenue_growth_4obs,total_revenue_growth_4obs,firm_trend,0.0013946782711470212,0.0013946782711470212
test_target_tweaks5,success_score3_next_4obs,gradient_boosting,all_features,202,num__receivables_assets,receivables_assets,financial_ratio,0.0013562078039687816,0.0013562078039687816
test_target_tweaks5,success_score3_next_4obs,gradient_boosting,all_features,202,num__GS10,GS10,macro,0.0012969043073612905,0.0012969043073612905
test_target_tweaks5,success_score3_next_4obs,gradient_boosting,all_features,202,num__current_assets_growth_4obs,current_assets_growth_4obs,firm_trend,0.0012868420686427998,0.0012868420686427998
test_target_tweaks5,success_score3_next_4obs,gradient_boosting,all_features,202,num__total_assets,total_assets,accounting_fundamental,0.0012738029180314541,0.0012738029180314541
test_target_tweaks5,success_score3_next_4obs,gradient_boosting,all_features,202,num__missingindicator_operating_income,operating_income,accounting_fundamental,0.0012268490574089904,0.0012268490574089904
test_target_tweaks5,success_score3_next_4obs,gradient_boosting,all_features,202,num__cash_equivalents,cash_equivalents,accounting_fundamental,0.0010843953328353712,0.0010843953328353712
test_target_tweaks5,success_score3_next_4obs,gradient_boosting,all_features,202,num__DCOILWTICO_yoy_pct,DCOILWTICO_yoy_pct,macro,0.001082150586010063,0.001082150586010063
test_target_tweaks5,success_score3_next_4obs,gradient_boosting,all_features,202,num__BUSLOANS,BUSLOANS,macro,0.001051573421838288,0.001051573421838288
test_target_tweaks5,success_score3_next_4obs,gradient_boosting,all_features,202,num__total_assets_growth_4obs,total_assets_growth_4obs,firm_trend,0.0008440966440199458,0.0008440966440199458
test_target_tweaks5,success_score3_next_4obs,gradient_boosting,all_features,202,num__total_revenue,total_revenue,accounting_fundamental,0.0008436930982082808,0.0008436930982082808
test_target_tweaks5,success_score3_next_4obs,gradient_boosting,all_features,202,cat__Sector_Financial Services,Sector_Financial Services,sector,0.0007899096373867675,0.0007899096373867675
test_target_tweaks5,success_score3_next_4obs,gradient_boosting,all_features,202,num__current_liabilities_growth_4obs,current_liabilities_growth_4obs,firm_trend,0.0007388851678717964,0.0007388851678717964
