target,model,feature_set,seed,feature,feature_clean,feature_group,importance,signed_value
failure_pressure_conservative_next_4obs,logistic_l2,firm_core,42,num__leverage_assets_lag1,leverage_assets_lag1,firm_trend,1.758475527806894,-1.758475527806894
failure_pressure_conservative_next_4obs,logistic_l2,firm_core,42,num__roa_lag1,roa_lag1,firm_trend,1.727185067169361,-1.727185067169361
failure_pressure_conservative_next_4obs,logistic_l2,firm_core,42,cat__Sector_Consumer Discretionary,Sector_Consumer Discretionary,sector,1.5603366109714638,-1.5603366109714638
failure_pressure_conservative_next_4obs,logistic_l2,firm_core,42,cat__Sector_Financial Services,Sector_Financial Services,sector,1.5110252126832726,-1.5110252126832726
failure_pressure_conservative_next_4obs,logistic_l2,firm_core,42,cat__Sector_Energy,Sector_Energy,sector,1.4781161019171223,1.4781161019171223
failure_pressure_conservative_next_4obs,logistic_l2,firm_core,42,num__net_income_negative_count_prior_4obs,net_income_negative_count_prior_4obs,firm_trend,1.415220034506936,1.415220034506936
failure_pressure_conservative_next_4obs,logistic_l2,firm_core,42,cat__Sector_Consumer Defensive,Sector_Consumer Defensive,sector,1.3204512599110596,-1.3204512599110596
failure_pressure_conservative_next_4obs,logistic_l2,firm_core,42,num__missingindicator_current_liabilities_growth_4obs,current_liabilities_growth_4obs,firm_trend,0.8652697680236666,-0.8652697680236666
failure_pressure_conservative_next_4obs,logistic_l2,firm_core,42,num__net_margin_lag1,net_margin_lag1,firm_trend,0.7418402034284783,-0.7418402034284783
failure_pressure_conservative_next_4obs,logistic_l2,firm_core,42,num__current_assets,current_assets,accounting_fundamental,0.7205459826647711,-0.7205459826647711
failure_pressure_conservative_next_4obs,logistic_l2,firm_core,42,num__missingindicator_total_assets_growth_4obs,total_assets_growth_4obs,firm_trend,0.6882143919312694,0.6882143919312694
failure_pressure_conservative_next_4obs,logistic_l2,firm_core,42,num__missingindicator_net_margin,net_margin,financial_ratio,0.6792584856132585,-0.6792584856132585
failure_pressure_conservative_next_4obs,logistic_l2,firm_core,42,num__total_equity,total_equity,accounting_fundamental,0.6756385199831098,-0.6756385199831098
failure_pressure_conservative_next_4obs,logistic_l2,firm_core,42,num__operating_margin_lag1,operating_margin_lag1,firm_trend,0.6291202363334029,0.6291202363334029
failure_pressure_conservative_next_4obs,logistic_l2,firm_core,42,num__missingindicator_total_revenue_growth_4obs,total_revenue_growth_4obs,firm_trend,0.6012322380455742,-0.6012322380455742
failure_pressure_conservative_next_4obs,logistic_l2,firm_core,42,num__missingindicator_gross_margin,gross_margin,financial_ratio,0.5898996631902269,-0.5898996631902269
failure_pressure_conservative_next_4obs,logistic_l2,firm_core,42,num__missingindicator_total_revenue,total_revenue,accounting_fundamental,0.580663542929398,0.580663542929398
failure_pressure_conservative_next_4obs,logistic_l2,firm_core,42,num__missingindicator_current_assets,current_assets,accounting_fundamental,0.5607054974502585,0.5607054974502585
failure_pressure_conservative_next_4obs,logistic_l2,firm_core,42,num__total_assets,total_assets,accounting_fundamental,0.5581725295620188,0.5581725295620188
failure_pressure_conservative_next_4obs,logistic_l2,firm_core,42,num__roa,roa,financial_ratio,0.5526074998345112,-0.5526074998345112
failure_pressure_conservative_next_4obs,logistic_l2,firm_core,42,num__missingindicator_total_liabilities,total_liabilities,accounting_fundamental,0.5375194813181091,-0.5375194813181091
failure_pressure_conservative_next_4obs,logistic_l2,firm_core,42,num__r_and_d_intensity,r_and_d_intensity,financial_ratio,0.5150153651029387,0.5150153651029387
failure_pressure_conservative_next_4obs,logistic_l2,firm_core,42,num__missingindicator_net_margin_change_4obs,net_margin_change_4obs,firm_trend,0.5091506457066595,0.5091506457066595
failure_pressure_conservative_next_4obs,logistic_l2,firm_core,42,num__missingindicator_leverage_assets,leverage_assets,financial_ratio,0.48644564506995813,0.48644564506995813
failure_pressure_conservative_next_4obs,logistic_l2,firm_core,42,num__equity_assets,equity_assets,financial_ratio,0.43922587184732426,-0.43922587184732426
failure_pressure_conservative_next_4obs,logistic_l2,firm_core,42,cat__Sector_Utilities,Sector_Utilities,sector,0.4082390053653776,0.4082390053653776
failure_pressure_conservative_next_4obs,logistic_l2,firm_core,42,cat__Sector_Communication Services,Sector_Communication Services,sector,0.38341704691645284,0.38341704691645284
failure_pressure_conservative_next_4obs,logistic_l2,firm_core,42,num__missingindicator_gross_profit,gross_profit,accounting_fundamental,0.3660639003220276,0.3660639003220276
failure_pressure_conservative_next_4obs,logistic_l2,firm_core,42,cat__Sector_Consumer Cyclical,Sector_Consumer Cyclical,sector,0.35591114918484856,0.35591114918484856
failure_pressure_conservative_next_4obs,logistic_l2,firm_core,42,num__missingindicator_cash_equivalents,cash_equivalents,accounting_fundamental,0.35148760369238075,-0.35148760369238075
failure_pressure_conservative_next_4obs,logistic_l2,firm_core,42,cat__Sector_Real Estate,Sector_Real Estate,sector,0.34336776452556184,-0.34336776452556184
failure_pressure_conservative_next_4obs,logistic_l2,firm_core,42,num__missingindicator_current_ratio,current_ratio,financial_ratio,0.33500214700517367,-0.33500214700517367
failure_pressure_conservative_next_4obs,logistic_l2,firm_core,42,cat__Sector_Basic Materials,Sector_Basic Materials,sector,0.3347616838984399,0.3347616838984399
failure_pressure_conservative_next_4obs,logistic_l2,firm_core,42,num__operating_margin,operating_margin,financial_ratio,0.33435441367893315,-0.33435441367893315
failure_pressure_conservative_next_4obs,logistic_l2,firm_core,42,cat__Sector_Healthcare,Sector_Healthcare,sector,0.33406126160462457,0.33406126160462457
failure_pressure_conservative_next_4obs,logistic_l2,firm_core,42,num__current_liabilities,current_liabilities,accounting_fundamental,0.32263752329595907,0.32263752329595907
failure_pressure_conservative_next_4obs,logistic_l2,firm_core,42,num__missingindicator_cash_assets,cash_assets,financial_ratio,0.3217897673129784,0.3217897673129784
failure_pressure_conservative_next_4obs,logistic_l2,firm_core,42,num__missingindicator_operating_margin,operating_margin,financial_ratio,0.31983654177889104,0.31983654177889104
failure_pressure_conservative_next_4obs,logistic_l2,firm_core,42,num__gross_profit,gross_profit,accounting_fundamental,0.2990377096667537,-0.2990377096667537
failure_pressure_conservative_next_4obs,logistic_l2,firm_core,42,num__operating_income,operating_income,accounting_fundamental,0.29690530823987177,-0.29690530823987177
failure_pressure_conservative_next_4obs,random_forest,firm_core,42,num__net_income,net_income,accounting_fundamental,0.1262405363194438,0.1262405363194438
failure_pressure_conservative_next_4obs,random_forest,firm_core,42,num__net_income_negative_count_prior_4obs,net_income_negative_count_prior_4obs,firm_trend,0.10977529616712099,0.10977529616712099
failure_pressure_conservative_next_4obs,random_forest,firm_core,42,num__roa_lag1,roa_lag1,firm_trend,0.10638788644887642,0.10638788644887642
failure_pressure_conservative_next_4obs,random_forest,firm_core,42,num__roa,roa,financial_ratio,0.10477693957905208,0.10477693957905208
failure_pressure_conservative_next_4obs,random_forest,firm_core,42,num__net_margin,net_margin,financial_ratio,0.05881362140624358,0.05881362140624358
failure_pressure_conservative_next_4obs,random_forest,firm_core,42,num__operating_income,operating_income,accounting_fundamental,0.05859605872433431,0.05859605872433431
failure_pressure_conservative_next_4obs,random_forest,firm_core,42,num__net_margin_lag1,net_margin_lag1,firm_trend,0.05068389653192482,0.05068389653192482
failure_pressure_conservative_next_4obs,random_forest,firm_core,42,num__operating_margin_lag1,operating_margin_lag1,firm_trend,0.0300240001965493,0.0300240001965493
failure_pressure_conservative_next_4obs,random_forest,firm_core,42,num__operating_margin,operating_margin,financial_ratio,0.028020999834837846,0.028020999834837846
failure_pressure_conservative_next_4obs,random_forest,firm_core,42,num__total_equity,total_equity,accounting_fundamental,0.0251117515394846,0.0251117515394846
failure_pressure_conservative_next_4obs,random_forest,firm_core,42,num__total_assets,total_assets,accounting_fundamental,0.019047169082655524,0.019047169082655524
failure_pressure_conservative_next_4obs,random_forest,firm_core,42,num__current_assets,current_assets,accounting_fundamental,0.01838883431581177,0.01838883431581177
failure_pressure_conservative_next_4obs,random_forest,firm_core,42,num__current_liabilities,current_liabilities,accounting_fundamental,0.018023288858764707,0.018023288858764707
failure_pressure_conservative_next_4obs,random_forest,firm_core,42,num__total_revenue,total_revenue,accounting_fundamental,0.014490684133715293,0.014490684133715293
failure_pressure_conservative_next_4obs,random_forest,firm_core,42,num__cash_equivalents,cash_equivalents,accounting_fundamental,0.01283826183941967,0.01283826183941967
failure_pressure_conservative_next_4obs,random_forest,firm_core,42,num__cash_flow_operating,cash_flow_operating,accounting_fundamental,0.01118633303497601,0.01118633303497601
failure_pressure_conservative_next_4obs,random_forest,firm_core,42,num__total_liabilities,total_liabilities,accounting_fundamental,0.01008935315019273,0.01008935315019273
failure_pressure_conservative_next_4obs,random_forest,firm_core,42,num__equity_assets,equity_assets,financial_ratio,0.009792184815171098,0.009792184815171098
failure_pressure_conservative_next_4obs,random_forest,firm_core,42,num__total_assets_growth_4obs,total_assets_growth_4obs,firm_trend,0.009672073259754985,0.009672073259754985
failure_pressure_conservative_next_4obs,random_forest,firm_core,42,num__cash_assets,cash_assets,financial_ratio,0.008851190418104518,0.008851190418104518
failure_pressure_conservative_next_4obs,random_forest,firm_core,42,num__cash_assets_lag1,cash_assets_lag1,firm_trend,0.008417634479819308,0.008417634479819308
failure_pressure_conservative_next_4obs,random_forest,firm_core,42,num__roa_change_4obs,roa_change_4obs,firm_trend,0.007940506912426603,0.007940506912426603
failure_pressure_conservative_next_4obs,random_forest,firm_core,42,num__inventory_assets,inventory_assets,financial_ratio,0.007218478905242114,0.007218478905242114
failure_pressure_conservative_next_4obs,random_forest,firm_core,42,num__receivables_assets,receivables_assets,financial_ratio,0.007003296573785282,0.007003296573785282
failure_pressure_conservative_next_4obs,random_forest,firm_core,42,num__total_revenue_growth_4obs,total_revenue_growth_4obs,firm_trend,0.0070005130518461115,0.0070005130518461115
failure_pressure_conservative_next_4obs,random_forest,firm_core,42,num__capex,capex,accounting_fundamental,0.006925438103274695,0.006925438103274695
failure_pressure_conservative_next_4obs,random_forest,firm_core,42,num__current_ratio_lag1,current_ratio_lag1,firm_trend,0.006882999549110776,0.006882999549110776
failure_pressure_conservative_next_4obs,random_forest,firm_core,42,num__current_ratio,current_ratio,financial_ratio,0.006567433523700037,0.006567433523700037
failure_pressure_conservative_next_4obs,random_forest,firm_core,42,num__net_margin_change_4obs,net_margin_change_4obs,firm_trend,0.006059663383349777,0.006059663383349777
failure_pressure_conservative_next_4obs,random_forest,firm_core,42,num__operating_margin_change_4obs,operating_margin_change_4obs,firm_trend,0.005843720653398775,0.005843720653398775
failure_pressure_conservative_next_4obs,random_forest,firm_core,42,num__current_assets_growth_4obs,current_assets_growth_4obs,firm_trend,0.0056078808603232866,0.0056078808603232866
failure_pressure_conservative_next_4obs,random_forest,firm_core,42,num__current_liabilities_growth_4obs,current_liabilities_growth_4obs,firm_trend,0.00534746461626208,0.00534746461626208
failure_pressure_conservative_next_4obs,random_forest,firm_core,42,num__leverage_assets,leverage_assets,financial_ratio,0.004807528774786829,0.004807528774786829
failure_pressure_conservative_next_4obs,random_forest,firm_core,42,num__current_ratio_change_4obs,current_ratio_change_4obs,firm_trend,0.004778419040361559,0.004778419040361559
failure_pressure_conservative_next_4obs,random_forest,firm_core,42,num__cash_assets_change_4obs,cash_assets_change_4obs,firm_trend,0.004697265585178156,0.004697265585178156
failure_pressure_conservative_next_4obs,random_forest,firm_core,42,num__cash_equivalents_growth_4obs,cash_equivalents_growth_4obs,firm_trend,0.004695349639584422,0.004695349639584422
failure_pressure_conservative_next_4obs,random_forest,firm_core,42,num__leverage_assets_lag1,leverage_assets_lag1,firm_trend,0.004286263847628141,0.004286263847628141
failure_pressure_conservative_next_4obs,random_forest,firm_core,42,num__total_liabilities_growth_4obs,total_liabilities_growth_4obs,firm_trend,0.004221945359550813,0.004221945359550813
failure_pressure_conservative_next_4obs,random_forest,firm_core,42,cat__Sector_Energy,Sector_Energy,sector,0.004218507857945139,0.004218507857945139
failure_pressure_conservative_next_4obs,random_forest,firm_core,42,num__r_and_d_intensity,r_and_d_intensity,financial_ratio,0.004142312468986757,0.004142312468986757
failure_pressure_conservative_next_4obs,gradient_boosting,firm_core,42,num__net_income,net_income,accounting_fundamental,0.44950001751385876,0.44950001751385876
failure_pressure_conservative_next_4obs,gradient_boosting,firm_core,42,num__net_income_negative_count_prior_4obs,net_income_negative_count_prior_4obs,firm_trend,0.3211466351133918,0.3211466351133918
failure_pressure_conservative_next_4obs,gradient_boosting,firm_core,42,num__roa_lag1,roa_lag1,firm_trend,0.050636046691950536,0.050636046691950536
failure_pressure_conservative_next_4obs,gradient_boosting,firm_core,42,num__operating_income,operating_income,accounting_fundamental,0.03317451397715128,0.03317451397715128
failure_pressure_conservative_next_4obs,gradient_boosting,firm_core,42,num__roa,roa,financial_ratio,0.023947483647111613,0.023947483647111613
failure_pressure_conservative_next_4obs,gradient_boosting,firm_core,42,num__total_equity,total_equity,accounting_fundamental,0.01472957749483934,0.01472957749483934
failure_pressure_conservative_next_4obs,gradient_boosting,firm_core,42,num__missingindicator_roa_lag1,roa_lag1,firm_trend,0.011449614399879238,0.011449614399879238
failure_pressure_conservative_next_4obs,gradient_boosting,firm_core,42,cat__Sector_Financial Services,Sector_Financial Services,sector,0.009277720549618415,0.009277720549618415
failure_pressure_conservative_next_4obs,gradient_boosting,firm_core,42,num__inventory_assets,inventory_assets,financial_ratio,0.008053989658412796,0.008053989658412796
failure_pressure_conservative_next_4obs,gradient_boosting,firm_core,42,cat__Sector_Energy,Sector_Energy,sector,0.007779060949361232,0.007779060949361232
failure_pressure_conservative_next_4obs,gradient_boosting,firm_core,42,num__operating_margin_lag1,operating_margin_lag1,firm_trend,0.007736494756340132,0.007736494756340132
failure_pressure_conservative_next_4obs,gradient_boosting,firm_core,42,num__cash_assets_lag1,cash_assets_lag1,firm_trend,0.004946435762710415,0.004946435762710415
failure_pressure_conservative_next_4obs,gradient_boosting,firm_core,42,num__total_revenue_growth_4obs,total_revenue_growth_4obs,firm_trend,0.004572078996392751,0.004572078996392751
failure_pressure_conservative_next_4obs,gradient_boosting,firm_core,42,num__total_assets,total_assets,accounting_fundamental,0.003662647947198486,0.003662647947198486
failure_pressure_conservative_next_4obs,gradient_boosting,firm_core,42,num__total_assets_growth_4obs,total_assets_growth_4obs,firm_trend,0.003422095361157715,0.003422095361157715
failure_pressure_conservative_next_4obs,gradient_boosting,firm_core,42,num__current_liabilities_growth_4obs,current_liabilities_growth_4obs,firm_trend,0.003389431799582802,0.003389431799582802
failure_pressure_conservative_next_4obs,gradient_boosting,firm_core,42,num__receivables_assets,receivables_assets,financial_ratio,0.0033814198260053627,0.0033814198260053627
failure_pressure_conservative_next_4obs,gradient_boosting,firm_core,42,num__cash_flow_operating,cash_flow_operating,accounting_fundamental,0.0029105129562274155,0.0029105129562274155
failure_pressure_conservative_next_4obs,gradient_boosting,firm_core,42,num__total_liabilities,total_liabilities,accounting_fundamental,0.0025257060310444066,0.0025257060310444066
failure_pressure_conservative_next_4obs,gradient_boosting,firm_core,42,num__missingindicator_total_assets_growth_4obs,total_assets_growth_4obs,firm_trend,0.002520680840808531,0.002520680840808531
failure_pressure_conservative_next_4obs,gradient_boosting,firm_core,42,num__net_margin_lag1,net_margin_lag1,firm_trend,0.0024867288437468577,0.0024867288437468577
failure_pressure_conservative_next_4obs,gradient_boosting,firm_core,42,num__net_margin,net_margin,financial_ratio,0.0023489697880569233,0.0023489697880569233
failure_pressure_conservative_next_4obs,gradient_boosting,firm_core,42,num__equity_assets,equity_assets,financial_ratio,0.0022875226529060293,0.0022875226529060293
failure_pressure_conservative_next_4obs,gradient_boosting,firm_core,42,num__current_assets,current_assets,accounting_fundamental,0.0017707217630071029,0.0017707217630071029
failure_pressure_conservative_next_4obs,gradient_boosting,firm_core,42,num__operating_margin,operating_margin,financial_ratio,0.0016474289419999878,0.0016474289419999878
failure_pressure_conservative_next_4obs,gradient_boosting,firm_core,42,num__missingindicator_roa_change_4obs,roa_change_4obs,firm_trend,0.0016173983107870406,0.0016173983107870406
failure_pressure_conservative_next_4obs,gradient_boosting,firm_core,42,num__capex,capex,accounting_fundamental,0.001504980441760052,0.001504980441760052
failure_pressure_conservative_next_4obs,gradient_boosting,firm_core,42,num__roa_change_4obs,roa_change_4obs,firm_trend,0.001473223302855924,0.001473223302855924
failure_pressure_conservative_next_4obs,gradient_boosting,firm_core,42,num__total_revenue,total_revenue,accounting_fundamental,0.0013206024715773784,0.0013206024715773784
failure_pressure_conservative_next_4obs,gradient_boosting,firm_core,42,num__current_liabilities,current_liabilities,accounting_fundamental,0.001300862179895758,0.001300862179895758
failure_pressure_conservative_next_4obs,gradient_boosting,firm_core,42,num__operating_margin_change_4obs,operating_margin_change_4obs,firm_trend,0.0012257418558897016,0.0012257418558897016
failure_pressure_conservative_next_4obs,gradient_boosting,firm_core,42,num__r_and_d_intensity,r_and_d_intensity,financial_ratio,0.0011889007316620446,0.0011889007316620446
failure_pressure_conservative_next_4obs,gradient_boosting,firm_core,42,num__total_liabilities_growth_4obs,total_liabilities_growth_4obs,firm_trend,0.0011831953810714062,0.0011831953810714062
failure_pressure_conservative_next_4obs,gradient_boosting,firm_core,42,num__current_ratio_change_4obs,current_ratio_change_4obs,firm_trend,0.0011085396036935077,0.0011085396036935077
failure_pressure_conservative_next_4obs,gradient_boosting,firm_core,42,num__missingindicator_roa,roa,financial_ratio,0.0007549631354193149,0.0007549631354193149
failure_pressure_conservative_next_4obs,gradient_boosting,firm_core,42,num__cash_equivalents,cash_equivalents,accounting_fundamental,0.0006363376889263834,0.0006363376889263834
failure_pressure_conservative_next_4obs,gradient_boosting,firm_core,42,num__missingindicator_cash_assets_change_4obs,cash_assets_change_4obs,firm_trend,0.0005498051605687874,0.0005498051605687874
failure_pressure_conservative_next_4obs,gradient_boosting,firm_core,42,num__missingindicator_equity_assets,equity_assets,financial_ratio,0.0004973054366812676,0.0004973054366812676
failure_pressure_conservative_next_4obs,gradient_boosting,firm_core,42,num__cash_assets,cash_assets,financial_ratio,0.0004703354856318268,0.0004703354856318268
failure_pressure_conservative_next_4obs,gradient_boosting,firm_core,42,cat__Sector_Real Estate,Sector_Real Estate,sector,0.0004512464524634455,0.0004512464524634455
failure_pressure_conservative_next_4obs,logistic_l2,ratios_trends_only,42,cat__Sector_Consumer Defensive,Sector_Consumer Defensive,sector,1.8940818993700808,-1.8940818993700808
failure_pressure_conservative_next_4obs,logistic_l2,ratios_trends_only,42,num__leverage_assets_lag1,leverage_assets_lag1,firm_trend,1.6951527388452559,-1.6951527388452559
failure_pressure_conservative_next_4obs,logistic_l2,ratios_trends_only,42,num__roa_lag1,roa_lag1,firm_trend,1.6607538339166883,-1.6607538339166883
failure_pressure_conservative_next_4obs,logistic_l2,ratios_trends_only,42,cat__Sector_Energy,Sector_Energy,sector,1.632946734263253,1.632946734263253
failure_pressure_conservative_next_4obs,logistic_l2,ratios_trends_only,42,cat__Sector_Financial Services,Sector_Financial Services,sector,1.556501749270532,-1.556501749270532
failure_pressure_conservative_next_4obs,logistic_l2,ratios_trends_only,42,num__net_income_negative_count_prior_4obs,net_income_negative_count_prior_4obs,firm_trend,1.4785281108748345,1.4785281108748345
failure_pressure_conservative_next_4obs,logistic_l2,ratios_trends_only,42,cat__Sector_Consumer Discretionary,Sector_Consumer Discretionary,sector,1.4322623086329722,-1.4322623086329722
failure_pressure_conservative_next_4obs,logistic_l2,ratios_trends_only,42,num__missingindicator_current_liabilities_growth_4obs,current_liabilities_growth_4obs,firm_trend,1.1029928394132094,-1.1029928394132094
failure_pressure_conservative_next_4obs,logistic_l2,ratios_trends_only,42,num__missingindicator_total_assets_growth_4obs,total_assets_growth_4obs,firm_trend,0.7671265060293379,0.7671265060293379
failure_pressure_conservative_next_4obs,logistic_l2,ratios_trends_only,42,num__r_and_d_intensity,r_and_d_intensity,financial_ratio,0.7121997120644767,0.7121997120644767
failure_pressure_conservative_next_4obs,logistic_l2,ratios_trends_only,42,num__roa,roa,financial_ratio,0.6647904752912179,-0.6647904752912179
failure_pressure_conservative_next_4obs,logistic_l2,ratios_trends_only,42,num__net_margin_lag1,net_margin_lag1,firm_trend,0.6328772024853876,-0.6328772024853876
failure_pressure_conservative_next_4obs,logistic_l2,ratios_trends_only,42,cat__Sector_Utilities,Sector_Utilities,sector,0.6275694460997332,0.6275694460997332
failure_pressure_conservative_next_4obs,logistic_l2,ratios_trends_only,42,num__operating_margin,operating_margin,financial_ratio,0.6005275430866495,-0.6005275430866495
failure_pressure_conservative_next_4obs,logistic_l2,ratios_trends_only,42,num__operating_margin_lag1,operating_margin_lag1,firm_trend,0.5419417918611086,0.5419417918611086
failure_pressure_conservative_next_4obs,logistic_l2,ratios_trends_only,42,num__equity_assets,equity_assets,financial_ratio,0.5000265710779059,-0.5000265710779059
failure_pressure_conservative_next_4obs,logistic_l2,ratios_trends_only,42,cat__Sector_Communication Services,Sector_Communication Services,sector,0.43878331463871406,0.43878331463871406
failure_pressure_conservative_next_4obs,logistic_l2,ratios_trends_only,42,num__missingindicator_net_margin_change_4obs,net_margin_change_4obs,firm_trend,0.423207789331534,0.423207789331534
failure_pressure_conservative_next_4obs,logistic_l2,ratios_trends_only,42,num__missingindicator_total_revenue_growth_4obs,total_revenue_growth_4obs,firm_trend,0.40336766001559954,-0.40336766001559954
failure_pressure_conservative_next_4obs,logistic_l2,ratios_trends_only,42,num__missingindicator_current_ratio_change_4obs,current_ratio_change_4obs,firm_trend,0.3839628863874751,0.3839628863874751
failure_pressure_conservative_next_4obs,logistic_l2,ratios_trends_only,42,cat__Sector_Basic Materials,Sector_Basic Materials,sector,0.3769805326130131,0.3769805326130131
failure_pressure_conservative_next_4obs,logistic_l2,ratios_trends_only,42,cat__Sector_Consumer Cyclical,Sector_Consumer Cyclical,sector,0.31916071049630107,0.31916071049630107
failure_pressure_conservative_next_4obs,logistic_l2,ratios_trends_only,42,num__missingindicator_total_liabilities_growth_4obs,total_liabilities_growth_4obs,firm_trend,0.31078177865554335,-0.31078177865554335
failure_pressure_conservative_next_4obs,logistic_l2,ratios_trends_only,42,num__cash_assets,cash_assets,financial_ratio,0.3070499440542102,0.3070499440542102
failure_pressure_conservative_next_4obs,logistic_l2,ratios_trends_only,42,num__missingindicator_gross_margin,gross_margin,financial_ratio,0.2673872814237827,-0.2673872814237827
failure_pressure_conservative_next_4obs,logistic_l2,ratios_trends_only,42,num__missingindicator_current_ratio_lag1,current_ratio_lag1,firm_trend,0.24936251405249502,0.24936251405249502
failure_pressure_conservative_next_4obs,logistic_l2,ratios_trends_only,42,num__missingindicator_inventory_assets,inventory_assets,financial_ratio,0.24604206029158204,0.24604206029158204
failure_pressure_conservative_next_4obs,logistic_l2,ratios_trends_only,42,cat__Sector_Healthcare,Sector_Healthcare,sector,0.23791681843941373,0.23791681843941373
failure_pressure_conservative_next_4obs,logistic_l2,ratios_trends_only,42,num__missingindicator_leverage_assets_change_4obs,leverage_assets_change_4obs,firm_trend,0.1907108912649236,0.1907108912649236
failure_pressure_conservative_next_4obs,logistic_l2,ratios_trends_only,42,num__missingindicator_cash_assets_lag1,cash_assets_lag1,firm_trend,0.17934318682886607,0.17934318682886607
failure_pressure_conservative_next_4obs,logistic_l2,ratios_trends_only,42,cat__Sector_Real Estate,Sector_Real Estate,sector,0.16144743833299022,-0.16144743833299022
failure_pressure_conservative_next_4obs,logistic_l2,ratios_trends_only,42,num__cash_assets_change_4obs,cash_assets_change_4obs,firm_trend,0.15949596321043552,-0.15949596321043552
failure_pressure_conservative_next_4obs,logistic_l2,ratios_trends_only,42,num__missingindicator_current_ratio,current_ratio,financial_ratio,0.15640816508736846,0.15640816508736846
failure_pressure_conservative_next_4obs,logistic_l2,ratios_trends_only,42,num__missingindicator_cash_equivalents_growth_4obs,cash_equivalents_growth_4obs,firm_trend,0.1562042734065771,-0.1562042734065771
failure_pressure_conservative_next_4obs,logistic_l2,ratios_trends_only,42,num__net_margin_change_4obs,net_margin_change_4obs,firm_trend,0.1413925300374539,-0.1413925300374539
failure_pressure_conservative_next_4obs,logistic_l2,ratios_trends_only,42,num__current_ratio,current_ratio,financial_ratio,0.13670393608635206,0.13670393608635206
failure_pressure_conservative_next_4obs,logistic_l2,ratios_trends_only,42,num__missingindicator_cash_assets_change_4obs,cash_assets_change_4obs,firm_trend,0.13549152405078171,0.13549152405078171
failure_pressure_conservative_next_4obs,logistic_l2,ratios_trends_only,42,num__missingindicator_roa,roa,financial_ratio,0.12679494475291242,-0.12679494475291242
failure_pressure_conservative_next_4obs,logistic_l2,ratios_trends_only,42,num__operating_margin_change_4obs,operating_margin_change_4obs,firm_trend,0.09799444228621773,-0.09799444228621773
failure_pressure_conservative_next_4obs,logistic_l2,ratios_trends_only,42,num__roa_change_4obs,roa_change_4obs,firm_trend,0.0958812042118877,-0.0958812042118877
failure_pressure_conservative_next_4obs,random_forest,ratios_trends_only,42,num__net_income_negative_count_prior_4obs,net_income_negative_count_prior_4obs,firm_trend,0.17815743306278997,0.17815743306278997
failure_pressure_conservative_next_4obs,random_forest,ratios_trends_only,42,num__roa,roa,financial_ratio,0.14438068366698037,0.14438068366698037
failure_pressure_conservative_next_4obs,random_forest,ratios_trends_only,42,num__roa_lag1,roa_lag1,firm_trend,0.11257315437581224,0.11257315437581224
failure_pressure_conservative_next_4obs,random_forest,ratios_trends_only,42,num__net_margin,net_margin,financial_ratio,0.07572384493617228,0.07572384493617228
failure_pressure_conservative_next_4obs,random_forest,ratios_trends_only,42,num__net_margin_lag1,net_margin_lag1,firm_trend,0.06835218725959227,0.06835218725959227
failure_pressure_conservative_next_4obs,random_forest,ratios_trends_only,42,num__operating_margin,operating_margin,financial_ratio,0.05977917326961273,0.05977917326961273
failure_pressure_conservative_next_4obs,random_forest,ratios_trends_only,42,num__operating_margin_lag1,operating_margin_lag1,firm_trend,0.042101279780700614,0.042101279780700614
failure_pressure_conservative_next_4obs,random_forest,ratios_trends_only,42,num__total_assets_growth_4obs,total_assets_growth_4obs,firm_trend,0.020342261851953796,0.020342261851953796
failure_pressure_conservative_next_4obs,random_forest,ratios_trends_only,42,num__equity_assets,equity_assets,financial_ratio,0.018366092019773027,0.018366092019773027
failure_pressure_conservative_next_4obs,random_forest,ratios_trends_only,42,num__cash_assets,cash_assets,financial_ratio,0.018176128844819395,0.018176128844819395
failure_pressure_conservative_next_4obs,random_forest,ratios_trends_only,42,num__roa_change_4obs,roa_change_4obs,firm_trend,0.0175920906658342,0.0175920906658342
failure_pressure_conservative_next_4obs,random_forest,ratios_trends_only,42,num__cash_assets_lag1,cash_assets_lag1,firm_trend,0.015413014243983756,0.015413014243983756
failure_pressure_conservative_next_4obs,random_forest,ratios_trends_only,42,num__current_ratio,current_ratio,financial_ratio,0.013090317102862674,0.013090317102862674
failure_pressure_conservative_next_4obs,random_forest,ratios_trends_only,42,num__current_ratio_lag1,current_ratio_lag1,firm_trend,0.01056292729814809,0.01056292729814809
failure_pressure_conservative_next_4obs,random_forest,ratios_trends_only,42,num__receivables_assets,receivables_assets,financial_ratio,0.010379307424461753,0.010379307424461753
failure_pressure_conservative_next_4obs,random_forest,ratios_trends_only,42,num__net_margin_change_4obs,net_margin_change_4obs,firm_trend,0.010221605930419153,0.010221605930419153
failure_pressure_conservative_next_4obs,random_forest,ratios_trends_only,42,num__current_assets_growth_4obs,current_assets_growth_4obs,firm_trend,0.010030845880260125,0.010030845880260125
failure_pressure_conservative_next_4obs,random_forest,ratios_trends_only,42,num__total_revenue_growth_4obs,total_revenue_growth_4obs,firm_trend,0.009964516521949763,0.009964516521949763
failure_pressure_conservative_next_4obs,random_forest,ratios_trends_only,42,cat__Sector_Financial Services,Sector_Financial Services,sector,0.009817687704303914,0.009817687704303914
failure_pressure_conservative_next_4obs,random_forest,ratios_trends_only,42,num__inventory_assets,inventory_assets,financial_ratio,0.00973713707374139,0.00973713707374139
failure_pressure_conservative_next_4obs,random_forest,ratios_trends_only,42,num__operating_margin_change_4obs,operating_margin_change_4obs,firm_trend,0.008554890334035292,0.008554890334035292
failure_pressure_conservative_next_4obs,random_forest,ratios_trends_only,42,num__leverage_assets,leverage_assets,financial_ratio,0.008522600087090333,0.008522600087090333
failure_pressure_conservative_next_4obs,random_forest,ratios_trends_only,42,num__current_liabilities_growth_4obs,current_liabilities_growth_4obs,firm_trend,0.007328969134670845,0.007328969134670845
failure_pressure_conservative_next_4obs,random_forest,ratios_trends_only,42,num__cash_assets_change_4obs,cash_assets_change_4obs,firm_trend,0.007324791248557734,0.007324791248557734
failure_pressure_conservative_next_4obs,random_forest,ratios_trends_only,42,num__leverage_assets_lag1,leverage_assets_lag1,firm_trend,0.007209077089105804,0.007209077089105804
failure_pressure_conservative_next_4obs,random_forest,ratios_trends_only,42,num__current_ratio_change_4obs,current_ratio_change_4obs,firm_trend,0.007109811163457644,0.007109811163457644
failure_pressure_conservative_next_4obs,random_forest,ratios_trends_only,42,num__r_and_d_intensity,r_and_d_intensity,financial_ratio,0.0066544307198477745,0.0066544307198477745
failure_pressure_conservative_next_4obs,random_forest,ratios_trends_only,42,num__leverage_assets_change_4obs,leverage_assets_change_4obs,firm_trend,0.006649521387424864,0.006649521387424864
failure_pressure_conservative_next_4obs,random_forest,ratios_trends_only,42,cat__Sector_Energy,Sector_Energy,sector,0.006585220119046134,0.006585220119046134
failure_pressure_conservative_next_4obs,random_forest,ratios_trends_only,42,num__total_liabilities_growth_4obs,total_liabilities_growth_4obs,firm_trend,0.006540861054116864,0.006540861054116864
failure_pressure_conservative_next_4obs,random_forest,ratios_trends_only,42,num__cash_equivalents_growth_4obs,cash_equivalents_growth_4obs,firm_trend,0.006481636111780074,0.006481636111780074
failure_pressure_conservative_next_4obs,random_forest,ratios_trends_only,42,num__missingindicator_current_ratio,current_ratio,financial_ratio,0.004244802750290346,0.004244802750290346
failure_pressure_conservative_next_4obs,random_forest,ratios_trends_only,42,num__missingindicator_net_margin_lag1,net_margin_lag1,firm_trend,0.003707507675252077,0.003707507675252077
failure_pressure_conservative_next_4obs,random_forest,ratios_trends_only,42,num__missingindicator_net_margin_change_4obs,net_margin_change_4obs,firm_trend,0.003342275117607359,0.003342275117607359
failure_pressure_conservative_next_4obs,random_forest,ratios_trends_only,42,num__gross_margin,gross_margin,financial_ratio,0.0030791213804662212,0.0030791213804662212
failure_pressure_conservative_next_4obs,random_forest,ratios_trends_only,42,num__missingindicator_net_margin,net_margin,financial_ratio,0.002820710065678502,0.002820710065678502
failure_pressure_conservative_next_4obs,random_forest,ratios_trends_only,42,num__gross_margin_lag1,gross_margin_lag1,firm_trend,0.002739244338591219,0.002739244338591219
failure_pressure_conservative_next_4obs,random_forest,ratios_trends_only,42,num__missingindicator_total_revenue_growth_4obs,total_revenue_growth_4obs,firm_trend,0.0027275388811027882,0.0027275388811027882
failure_pressure_conservative_next_4obs,random_forest,ratios_trends_only,42,num__missingindicator_roa_lag1,roa_lag1,firm_trend,0.0026648781406613626,0.0026648781406613626
failure_pressure_conservative_next_4obs,random_forest,ratios_trends_only,42,num__missingindicator_total_assets_growth_4obs,total_assets_growth_4obs,firm_trend,0.0022189238348072834,0.0022189238348072834
failure_pressure_conservative_next_4obs,gradient_boosting,ratios_trends_only,42,num__net_income_negative_count_prior_4obs,net_income_negative_count_prior_4obs,firm_trend,0.6154363249928215,0.6154363249928215
failure_pressure_conservative_next_4obs,gradient_boosting,ratios_trends_only,42,num__roa,roa,financial_ratio,0.18868504770271854,0.18868504770271854
failure_pressure_conservative_next_4obs,gradient_boosting,ratios_trends_only,42,num__roa_lag1,roa_lag1,firm_trend,0.057412432975023825,0.057412432975023825
failure_pressure_conservative_next_4obs,gradient_boosting,ratios_trends_only,42,num__operating_margin,operating_margin,financial_ratio,0.022747460308490088,0.022747460308490088
failure_pressure_conservative_next_4obs,gradient_boosting,ratios_trends_only,42,cat__Sector_Financial Services,Sector_Financial Services,sector,0.015724422556530726,0.015724422556530726
failure_pressure_conservative_next_4obs,gradient_boosting,ratios_trends_only,42,num__missingindicator_roa_lag1,roa_lag1,firm_trend,0.012786140618103507,0.012786140618103507
failure_pressure_conservative_next_4obs,gradient_boosting,ratios_trends_only,42,num__operating_margin_lag1,operating_margin_lag1,firm_trend,0.012558184583705506,0.012558184583705506
failure_pressure_conservative_next_4obs,gradient_boosting,ratios_trends_only,42,cat__Sector_Energy,Sector_Energy,sector,0.008607592066035605,0.008607592066035605
failure_pressure_conservative_next_4obs,gradient_boosting,ratios_trends_only,42,num__inventory_assets,inventory_assets,financial_ratio,0.007622540878083691,0.007622540878083691
failure_pressure_conservative_next_4obs,gradient_boosting,ratios_trends_only,42,num__cash_assets_lag1,cash_assets_lag1,firm_trend,0.006190570970093209,0.006190570970093209
failure_pressure_conservative_next_4obs,gradient_boosting,ratios_trends_only,42,num__total_assets_growth_4obs,total_assets_growth_4obs,firm_trend,0.00496689289887594,0.00496689289887594
failure_pressure_conservative_next_4obs,gradient_boosting,ratios_trends_only,42,num__missingindicator_total_assets_growth_4obs,total_assets_growth_4obs,firm_trend,0.0033808699325310284,0.0033808699325310284
failure_pressure_conservative_next_4obs,gradient_boosting,ratios_trends_only,42,num__current_liabilities_growth_4obs,current_liabilities_growth_4obs,firm_trend,0.003232001433716301,0.003232001433716301
failure_pressure_conservative_next_4obs,gradient_boosting,ratios_trends_only,42,num__current_ratio,current_ratio,financial_ratio,0.0032189525046355002,0.0032189525046355002
failure_pressure_conservative_next_4obs,gradient_boosting,ratios_trends_only,42,num__cash_assets,cash_assets,financial_ratio,0.0031732670660590745,0.0031732670660590745
failure_pressure_conservative_next_4obs,gradient_boosting,ratios_trends_only,42,num__missingindicator_roa_change_4obs,roa_change_4obs,firm_trend,0.0030024895292654983,0.0030024895292654983
failure_pressure_conservative_next_4obs,gradient_boosting,ratios_trends_only,42,num__total_revenue_growth_4obs,total_revenue_growth_4obs,firm_trend,0.0025698102651866813,0.0025698102651866813
failure_pressure_conservative_next_4obs,gradient_boosting,ratios_trends_only,42,num__receivables_assets,receivables_assets,financial_ratio,0.0022620684792580806,0.0022620684792580806
failure_pressure_conservative_next_4obs,gradient_boosting,ratios_trends_only,42,num__roa_change_4obs,roa_change_4obs,firm_trend,0.002175502559131267,0.002175502559131267
failure_pressure_conservative_next_4obs,gradient_boosting,ratios_trends_only,42,num__net_margin_lag1,net_margin_lag1,firm_trend,0.002162854165277699,0.002162854165277699
failure_pressure_conservative_next_4obs,gradient_boosting,ratios_trends_only,42,num__current_assets_growth_4obs,current_assets_growth_4obs,firm_trend,0.0021222324470922035,0.0021222324470922035
failure_pressure_conservative_next_4obs,gradient_boosting,ratios_trends_only,42,num__operating_margin_change_4obs,operating_margin_change_4obs,firm_trend,0.0020935922745547162,0.0020935922745547162
failure_pressure_conservative_next_4obs,gradient_boosting,ratios_trends_only,42,num__leverage_assets,leverage_assets,financial_ratio,0.001862802349800554,0.001862802349800554
failure_pressure_conservative_next_4obs,gradient_boosting,ratios_trends_only,42,num__equity_assets,equity_assets,financial_ratio,0.0018621726339345653,0.0018621726339345653
failure_pressure_conservative_next_4obs,gradient_boosting,ratios_trends_only,42,num__total_liabilities_growth_4obs,total_liabilities_growth_4obs,firm_trend,0.0017403373572594675,0.0017403373572594675
failure_pressure_conservative_next_4obs,gradient_boosting,ratios_trends_only,42,num__missingindicator_equity_assets,equity_assets,financial_ratio,0.001576539236703259,0.001576539236703259
failure_pressure_conservative_next_4obs,gradient_boosting,ratios_trends_only,42,num__r_and_d_intensity,r_and_d_intensity,financial_ratio,0.0014048766920212727,0.0014048766920212727
failure_pressure_conservative_next_4obs,gradient_boosting,ratios_trends_only,42,num__missingindicator_cash_assets_lag1,cash_assets_lag1,firm_trend,0.0011777803995562037,0.0011777803995562037
failure_pressure_conservative_next_4obs,gradient_boosting,ratios_trends_only,42,num__leverage_assets_lag1,leverage_assets_lag1,firm_trend,0.0011035193976238725,0.0011035193976238725
failure_pressure_conservative_next_4obs,gradient_boosting,ratios_trends_only,42,num__missingindicator_roa,roa,financial_ratio,0.000953162294177531,0.000953162294177531
failure_pressure_conservative_next_4obs,gradient_boosting,ratios_trends_only,42,num__current_ratio_change_4obs,current_ratio_change_4obs,firm_trend,0.000869563172336566,0.000869563172336566
failure_pressure_conservative_next_4obs,gradient_boosting,ratios_trends_only,42,num__net_margin,net_margin,financial_ratio,0.0006860876155393405,0.0006860876155393405
failure_pressure_conservative_next_4obs,gradient_boosting,ratios_trends_only,42,num__leverage_assets_change_4obs,leverage_assets_change_4obs,firm_trend,0.000505149883606615,0.000505149883606615
failure_pressure_conservative_next_4obs,gradient_boosting,ratios_trends_only,42,num__current_ratio_lag1,current_ratio_lag1,firm_trend,0.0004569956614995098,0.0004569956614995098
failure_pressure_conservative_next_4obs,gradient_boosting,ratios_trends_only,42,num__missingindicator_cash_assets_change_4obs,cash_assets_change_4obs,firm_trend,0.00038769801444482865,0.00038769801444482865
failure_pressure_conservative_next_4obs,gradient_boosting,ratios_trends_only,42,num__missingindicator_total_revenue_growth_4obs,total_revenue_growth_4obs,firm_trend,0.00038459962764478007,0.00038459962764478007
failure_pressure_conservative_next_4obs,gradient_boosting,ratios_trends_only,42,num__missingindicator_inventory_assets,inventory_assets,financial_ratio,0.0003521986387977743,0.0003521986387977743
failure_pressure_conservative_next_4obs,gradient_boosting,ratios_trends_only,42,num__missingindicator_current_ratio,current_ratio,financial_ratio,0.0003476480651493831,0.0003476480651493831
failure_pressure_conservative_next_4obs,gradient_boosting,ratios_trends_only,42,cat__Sector_Communication Services,Sector_Communication Services,sector,0.00032390236651650025,0.00032390236651650025
failure_pressure_conservative_next_4obs,gradient_boosting,ratios_trends_only,42,cat__Sector_Basic Materials,Sector_Basic Materials,sector,0.00030561533443941363,0.00030561533443941363
failure_pressure_conservative_next_4obs,logistic_l2,raw_accounting_only,42,num__total_equity,total_equity,accounting_fundamental,2.758016588582765,-2.758016588582765
failure_pressure_conservative_next_4obs,logistic_l2,raw_accounting_only,42,cat__Sector_Consumer Discretionary,Sector_Consumer Discretionary,sector,2.3873948761471984,-2.3873948761471984
failure_pressure_conservative_next_4obs,logistic_l2,raw_accounting_only,42,cat__Sector_Financial Services,Sector_Financial Services,sector,1.9735049050225937,-1.9735049050225937
failure_pressure_conservative_next_4obs,logistic_l2,raw_accounting_only,42,cat__Sector_Consumer Defensive,Sector_Consumer Defensive,sector,1.9381583933896906,-1.9381583933896906
failure_pressure_conservative_next_4obs,logistic_l2,raw_accounting_only,42,num__net_income,net_income,accounting_fundamental,1.5316650999298262,-1.5316650999298262
failure_pressure_conservative_next_4obs,logistic_l2,raw_accounting_only,42,num__current_assets,current_assets,accounting_fundamental,1.5139872781837986,-1.5139872781837986
failure_pressure_conservative_next_4obs,logistic_l2,raw_accounting_only,42,cat__Sector_Energy,Sector_Energy,sector,1.4039203821081476,1.4039203821081476
failure_pressure_conservative_next_4obs,logistic_l2,raw_accounting_only,42,cat__Sector_Healthcare,Sector_Healthcare,sector,1.3307739782220405,1.3307739782220405
failure_pressure_conservative_next_4obs,logistic_l2,raw_accounting_only,42,num__total_assets,total_assets,accounting_fundamental,1.222293740826786,1.222293740826786
failure_pressure_conservative_next_4obs,logistic_l2,raw_accounting_only,42,num__missingindicator_current_liabilities,current_liabilities,accounting_fundamental,1.1957828258328072,-1.1957828258328072
failure_pressure_conservative_next_4obs,logistic_l2,raw_accounting_only,42,cat__Sector_Communication Services,Sector_Communication Services,sector,1.0716804729342047,1.0716804729342047
failure_pressure_conservative_next_4obs,logistic_l2,raw_accounting_only,42,num__current_liabilities,current_liabilities,accounting_fundamental,1.0373939159070469,1.0373939159070469
failure_pressure_conservative_next_4obs,logistic_l2,raw_accounting_only,42,num__operating_income,operating_income,accounting_fundamental,0.8887388635851087,-0.8887388635851087
failure_pressure_conservative_next_4obs,logistic_l2,raw_accounting_only,42,num__missingindicator_current_assets,current_assets,accounting_fundamental,0.7971386313503641,0.7971386313503641
failure_pressure_conservative_next_4obs,logistic_l2,raw_accounting_only,42,cat__Sector_Basic Materials,Sector_Basic Materials,sector,0.7874974862289972,-0.7874974862289972
failure_pressure_conservative_next_4obs,logistic_l2,raw_accounting_only,42,num__total_liabilities,total_liabilities,accounting_fundamental,0.6393196665370363,0.6393196665370363
failure_pressure_conservative_next_4obs,logistic_l2,raw_accounting_only,42,num__gross_profit,gross_profit,accounting_fundamental,0.5055664864724206,-0.5055664864724206
failure_pressure_conservative_next_4obs,logistic_l2,raw_accounting_only,42,cat__Sector_Consumer Cyclical,Sector_Consumer Cyclical,sector,0.5015393646854486,0.5015393646854486
failure_pressure_conservative_next_4obs,logistic_l2,raw_accounting_only,42,cat__Sector_Real Estate,Sector_Real Estate,sector,0.492207472824778,0.492207472824778
failure_pressure_conservative_next_4obs,logistic_l2,raw_accounting_only,42,cat__Sector_Agriculture,Sector_Agriculture,sector,0.31613994165260423,0.31613994165260423
failure_pressure_conservative_next_4obs,logistic_l2,raw_accounting_only,42,num__capex,capex,accounting_fundamental,0.3106288266429551,0.3106288266429551
failure_pressure_conservative_next_4obs,logistic_l2,raw_accounting_only,42,num__cash_equivalents,cash_equivalents,accounting_fundamental,0.29610718903280153,0.29610718903280153
failure_pressure_conservative_next_4obs,logistic_l2,raw_accounting_only,42,num__missingindicator_total_liabilities,total_liabilities,accounting_fundamental,0.2805389024060784,-0.2805389024060784
failure_pressure_conservative_next_4obs,logistic_l2,raw_accounting_only,42,cat__Sector_Technology,Sector_Technology,sector,0.27300011401280494,0.27300011401280494
failure_pressure_conservative_next_4obs,logistic_l2,raw_accounting_only,42,num__total_revenue,total_revenue,accounting_fundamental,0.212651501824473,-0.212651501824473
failure_pressure_conservative_next_4obs,logistic_l2,raw_accounting_only,42,num__missingindicator_cash_equivalents,cash_equivalents,accounting_fundamental,0.1926309345094753,0.1926309345094753
failure_pressure_conservative_next_4obs,logistic_l2,raw_accounting_only,42,num__missingindicator_net_income,net_income,accounting_fundamental,0.14818521313998334,-0.14818521313998334
failure_pressure_conservative_next_4obs,logistic_l2,raw_accounting_only,42,num__missingindicator_gross_profit,gross_profit,accounting_fundamental,0.14190455381626174,-0.14190455381626174
failure_pressure_conservative_next_4obs,logistic_l2,raw_accounting_only,42,num__missingindicator_capex,capex,accounting_fundamental,0.12968132823980089,0.12968132823980089
failure_pressure_conservative_next_4obs,logistic_l2,raw_accounting_only,42,num__missingindicator_operating_income,operating_income,accounting_fundamental,0.12015185908589367,0.12015185908589367
failure_pressure_conservative_next_4obs,logistic_l2,raw_accounting_only,42,num__missingindicator_total_assets,total_assets,accounting_fundamental,0.11566454304581084,0.11566454304581084
failure_pressure_conservative_next_4obs,logistic_l2,raw_accounting_only,42,num__missingindicator_total_revenue,total_revenue,accounting_fundamental,0.08163869953082464,0.08163869953082464
failure_pressure_conservative_next_4obs,logistic_l2,raw_accounting_only,42,cat__Sector_Industrials,Sector_Industrials,sector,0.06395013443792506,-0.06395013443792506
failure_pressure_conservative_next_4obs,logistic_l2,raw_accounting_only,42,cat__Sector_Utilities,Sector_Utilities,sector,0.048912921911422345,0.048912921911422345
failure_pressure_conservative_next_4obs,logistic_l2,raw_accounting_only,42,num__cash_flow_operating,cash_flow_operating,accounting_fundamental,0.02505187451408573,-0.02505187451408573
failure_pressure_conservative_next_4obs,logistic_l2,raw_accounting_only,42,num__missingindicator_cash_flow_operating,cash_flow_operating,accounting_fundamental,0.020295737918873284,0.020295737918873284
failure_pressure_conservative_next_4obs,logistic_l2,raw_accounting_only,42,num__missingindicator_total_equity,total_equity,accounting_fundamental,0.0009732699426672194,0.0009732699426672194
failure_pressure_conservative_next_4obs,random_forest,raw_accounting_only,42,num__net_income,net_income,accounting_fundamental,0.31798104625214474,0.31798104625214474
failure_pressure_conservative_next_4obs,random_forest,raw_accounting_only,42,num__operating_income,operating_income,accounting_fundamental,0.1537549840643511,0.1537549840643511
failure_pressure_conservative_next_4obs,random_forest,raw_accounting_only,42,num__total_equity,total_equity,accounting_fundamental,0.08084471258705204,0.08084471258705204
failure_pressure_conservative_next_4obs,random_forest,raw_accounting_only,42,num__total_assets,total_assets,accounting_fundamental,0.0677987465598887,0.0677987465598887
failure_pressure_conservative_next_4obs,random_forest,raw_accounting_only,42,num__current_assets,current_assets,accounting_fundamental,0.057011981407091246,0.057011981407091246
failure_pressure_conservative_next_4obs,random_forest,raw_accounting_only,42,num__current_liabilities,current_liabilities,accounting_fundamental,0.05254418866712877,0.05254418866712877
failure_pressure_conservative_next_4obs,random_forest,raw_accounting_only,42,num__total_revenue,total_revenue,accounting_fundamental,0.03985542734349719,0.03985542734349719
failure_pressure_conservative_next_4obs,random_forest,raw_accounting_only,42,num__cash_equivalents,cash_equivalents,accounting_fundamental,0.038232588159424666,0.038232588159424666
failure_pressure_conservative_next_4obs,random_forest,raw_accounting_only,42,num__total_liabilities,total_liabilities,accounting_fundamental,0.038105349389612714,0.038105349389612714
failure_pressure_conservative_next_4obs,random_forest,raw_accounting_only,42,num__cash_flow_operating,cash_flow_operating,accounting_fundamental,0.034307751540302155,0.034307751540302155
failure_pressure_conservative_next_4obs,random_forest,raw_accounting_only,42,num__capex,capex,accounting_fundamental,0.0226356981590657,0.0226356981590657
failure_pressure_conservative_next_4obs,random_forest,raw_accounting_only,42,num__gross_profit,gross_profit,accounting_fundamental,0.015420655573620582,0.015420655573620582
failure_pressure_conservative_next_4obs,random_forest,raw_accounting_only,42,cat__Sector_Energy,Sector_Energy,sector,0.015031682266096974,0.015031682266096974
failure_pressure_conservative_next_4obs,random_forest,raw_accounting_only,42,cat__Sector_Financial Services,Sector_Financial Services,sector,0.007830928585918898,0.007830928585918898
failure_pressure_conservative_next_4obs,random_forest,raw_accounting_only,42,cat__Sector_Communication Services,Sector_Communication Services,sector,0.005982655772202135,0.005982655772202135
failure_pressure_conservative_next_4obs,random_forest,raw_accounting_only,42,num__missingindicator_capex,capex,accounting_fundamental,0.005192624914628902,0.005192624914628902
failure_pressure_conservative_next_4obs,random_forest,raw_accounting_only,42,cat__Sector_Industrials,Sector_Industrials,sector,0.005038005852942335,0.005038005852942335
failure_pressure_conservative_next_4obs,random_forest,raw_accounting_only,42,num__missingindicator_total_liabilities,total_liabilities,accounting_fundamental,0.004492541102779407,0.004492541102779407
failure_pressure_conservative_next_4obs,random_forest,raw_accounting_only,42,num__missingindicator_cash_flow_operating,cash_flow_operating,accounting_fundamental,0.00393656873156685,0.00393656873156685
failure_pressure_conservative_next_4obs,random_forest,raw_accounting_only,42,num__missingindicator_operating_income,operating_income,accounting_fundamental,0.0038507488547085992,0.0038507488547085992
failure_pressure_conservative_next_4obs,random_forest,raw_accounting_only,42,num__missingindicator_gross_profit,gross_profit,accounting_fundamental,0.0035742968963506615,0.0035742968963506615
failure_pressure_conservative_next_4obs,random_forest,raw_accounting_only,42,num__missingindicator_total_revenue,total_revenue,accounting_fundamental,0.0033951935825511856,0.0033951935825511856
failure_pressure_conservative_next_4obs,random_forest,raw_accounting_only,42,num__missingindicator_current_liabilities,current_liabilities,accounting_fundamental,0.003211821560310958,0.003211821560310958
failure_pressure_conservative_next_4obs,random_forest,raw_accounting_only,42,cat__Sector_Utilities,Sector_Utilities,sector,0.002943880855802334,0.002943880855802334
failure_pressure_conservative_next_4obs,random_forest,raw_accounting_only,42,num__missingindicator_current_assets,current_assets,accounting_fundamental,0.002881834997930376,0.002881834997930376
failure_pressure_conservative_next_4obs,random_forest,raw_accounting_only,42,cat__Sector_Real Estate,Sector_Real Estate,sector,0.0022604326389457866,0.0022604326389457866
failure_pressure_conservative_next_4obs,random_forest,raw_accounting_only,42,cat__Sector_Consumer Cyclical,Sector_Consumer Cyclical,sector,0.0022464562572408215,0.0022464562572408215
failure_pressure_conservative_next_4obs,random_forest,raw_accounting_only,42,cat__Sector_Technology,Sector_Technology,sector,0.002225849585068841,0.002225849585068841
failure_pressure_conservative_next_4obs,random_forest,raw_accounting_only,42,cat__Sector_Healthcare,Sector_Healthcare,sector,0.0018946373950319245,0.0018946373950319245
failure_pressure_conservative_next_4obs,random_forest,raw_accounting_only,42,num__missingindicator_total_equity,total_equity,accounting_fundamental,0.0014842559545099325,0.0014842559545099325
failure_pressure_conservative_next_4obs,random_forest,raw_accounting_only,42,num__missingindicator_total_assets,total_assets,accounting_fundamental,0.0010053405110139317,0.0010053405110139317
failure_pressure_conservative_next_4obs,random_forest,raw_accounting_only,42,num__missingindicator_cash_equivalents,cash_equivalents,accounting_fundamental,0.0009000221996185954,0.0009000221996185954
failure_pressure_conservative_next_4obs,random_forest,raw_accounting_only,42,cat__Sector_Consumer Defensive,Sector_Consumer Defensive,sector,0.0007091913528881092,0.0007091913528881092
failure_pressure_conservative_next_4obs,random_forest,raw_accounting_only,42,num__missingindicator_net_income,net_income,accounting_fundamental,0.0006116281703715623,0.0006116281703715623
failure_pressure_conservative_next_4obs,random_forest,raw_accounting_only,42,cat__Sector_Basic Materials,Sector_Basic Materials,sector,0.0005211303782158417,0.0005211303782158417
failure_pressure_conservative_next_4obs,random_forest,raw_accounting_only,42,cat__Sector_Agriculture,Sector_Agriculture,sector,0.00023668725109085781,0.00023668725109085781
failure_pressure_conservative_next_4obs,random_forest,raw_accounting_only,42,cat__Sector_Consumer Discretionary,Sector_Consumer Discretionary,sector,4.8454629034422194e-05,4.8454629034422194e-05
failure_pressure_conservative_next_4obs,gradient_boosting,raw_accounting_only,42,num__net_income,net_income,accounting_fundamental,0.7582400482869006,0.7582400482869006
failure_pressure_conservative_next_4obs,gradient_boosting,raw_accounting_only,42,num__operating_income,operating_income,accounting_fundamental,0.09360637549142181,0.09360637549142181
failure_pressure_conservative_next_4obs,gradient_boosting,raw_accounting_only,42,num__total_equity,total_equity,accounting_fundamental,0.03563537782224464,0.03563537782224464
failure_pressure_conservative_next_4obs,gradient_boosting,raw_accounting_only,42,cat__Sector_Energy,Sector_Energy,sector,0.01931217522257886,0.01931217522257886
failure_pressure_conservative_next_4obs,gradient_boosting,raw_accounting_only,42,cat__Sector_Financial Services,Sector_Financial Services,sector,0.015515390294733393,0.015515390294733393
failure_pressure_conservative_next_4obs,gradient_boosting,raw_accounting_only,42,num__total_assets,total_assets,accounting_fundamental,0.014185997870222606,0.014185997870222606
failure_pressure_conservative_next_4obs,gradient_boosting,raw_accounting_only,42,num__current_liabilities,current_liabilities,accounting_fundamental,0.009137568883489834,0.009137568883489834
failure_pressure_conservative_next_4obs,gradient_boosting,raw_accounting_only,42,num__cash_flow_operating,cash_flow_operating,accounting_fundamental,0.009110913875555928,0.009110913875555928
failure_pressure_conservative_next_4obs,gradient_boosting,raw_accounting_only,42,num__cash_equivalents,cash_equivalents,accounting_fundamental,0.007782304276336407,0.007782304276336407
failure_pressure_conservative_next_4obs,gradient_boosting,raw_accounting_only,42,num__current_assets,current_assets,accounting_fundamental,0.006888678280510534,0.006888678280510534
failure_pressure_conservative_next_4obs,gradient_boosting,raw_accounting_only,42,num__total_revenue,total_revenue,accounting_fundamental,0.005200790292345363,0.005200790292345363
failure_pressure_conservative_next_4obs,gradient_boosting,raw_accounting_only,42,num__capex,capex,accounting_fundamental,0.005176189231307782,0.005176189231307782
failure_pressure_conservative_next_4obs,gradient_boosting,raw_accounting_only,42,num__total_liabilities,total_liabilities,accounting_fundamental,0.0037098505156080135,0.0037098505156080135
failure_pressure_conservative_next_4obs,gradient_boosting,raw_accounting_only,42,cat__Sector_Communication Services,Sector_Communication Services,sector,0.0030436226609765124,0.0030436226609765124
failure_pressure_conservative_next_4obs,gradient_boosting,raw_accounting_only,42,num__gross_profit,gross_profit,accounting_fundamental,0.002723693515253276,0.002723693515253276
failure_pressure_conservative_next_4obs,gradient_boosting,raw_accounting_only,42,num__missingindicator_total_assets,total_assets,accounting_fundamental,0.0025770424912548587,0.0025770424912548587
failure_pressure_conservative_next_4obs,gradient_boosting,raw_accounting_only,42,num__missingindicator_cash_flow_operating,cash_flow_operating,accounting_fundamental,0.0016626680273736595,0.0016626680273736595
failure_pressure_conservative_next_4obs,gradient_boosting,raw_accounting_only,42,cat__Sector_Real Estate,Sector_Real Estate,sector,0.0016045286845983526,0.0016045286845983526
failure_pressure_conservative_next_4obs,gradient_boosting,raw_accounting_only,42,num__missingindicator_total_equity,total_equity,accounting_fundamental,0.0008611353122736304,0.0008611353122736304
failure_pressure_conservative_next_4obs,gradient_boosting,raw_accounting_only,42,num__missingindicator_operating_income,operating_income,accounting_fundamental,0.0007363222171222403,0.0007363222171222403
failure_pressure_conservative_next_4obs,gradient_boosting,raw_accounting_only,42,cat__Sector_Agriculture,Sector_Agriculture,sector,0.0006799854204994319,0.0006799854204994319
failure_pressure_conservative_next_4obs,gradient_boosting,raw_accounting_only,42,num__missingindicator_current_assets,current_assets,accounting_fundamental,0.0004706399204014323,0.0004706399204014323
failure_pressure_conservative_next_4obs,gradient_boosting,raw_accounting_only,42,cat__Sector_Industrials,Sector_Industrials,sector,0.000415799206159197,0.000415799206159197
failure_pressure_conservative_next_4obs,gradient_boosting,raw_accounting_only,42,num__missingindicator_capex,capex,accounting_fundamental,0.0004035264800166987,0.0004035264800166987
failure_pressure_conservative_next_4obs,gradient_boosting,raw_accounting_only,42,cat__Sector_Consumer Discretionary,Sector_Consumer Discretionary,sector,0.0003274609192056409,0.0003274609192056409
failure_pressure_conservative_next_4obs,gradient_boosting,raw_accounting_only,42,cat__Sector_Utilities,Sector_Utilities,sector,0.00026170546446491395,0.00026170546446491395
failure_pressure_conservative_next_4obs,gradient_boosting,raw_accounting_only,42,num__missingindicator_total_liabilities,total_liabilities,accounting_fundamental,0.0002613138250996269,0.0002613138250996269
failure_pressure_conservative_next_4obs,gradient_boosting,raw_accounting_only,42,num__missingindicator_current_liabilities,current_liabilities,accounting_fundamental,0.0002250105440892259,0.0002250105440892259
failure_pressure_conservative_next_4obs,gradient_boosting,raw_accounting_only,42,num__missingindicator_total_revenue,total_revenue,accounting_fundamental,0.00020459205275703872,0.00020459205275703872
failure_pressure_conservative_next_4obs,gradient_boosting,raw_accounting_only,42,cat__Sector_Consumer Defensive,Sector_Consumer Defensive,sector,3.929291519849442e-05,3.929291519849442e-05
failure_pressure_conservative_next_4obs,gradient_boosting,raw_accounting_only,42,cat__Sector_Basic Materials,Sector_Basic Materials,sector,0.0,0.0
failure_pressure_conservative_next_4obs,gradient_boosting,raw_accounting_only,42,cat__Sector_Consumer Cyclical,Sector_Consumer Cyclical,sector,0.0,0.0
failure_pressure_conservative_next_4obs,gradient_boosting,raw_accounting_only,42,num__missingindicator_net_income,net_income,accounting_fundamental,0.0,0.0
failure_pressure_conservative_next_4obs,gradient_boosting,raw_accounting_only,42,num__missingindicator_gross_profit,gross_profit,accounting_fundamental,0.0,0.0
failure_pressure_conservative_next_4obs,gradient_boosting,raw_accounting_only,42,num__missingindicator_cash_equivalents,cash_equivalents,accounting_fundamental,0.0,0.0
failure_pressure_conservative_next_4obs,gradient_boosting,raw_accounting_only,42,cat__Sector_Healthcare,Sector_Healthcare,sector,0.0,0.0
failure_pressure_conservative_next_4obs,gradient_boosting,raw_accounting_only,42,cat__Sector_Technology,Sector_Technology,sector,0.0,0.0
failure_pressure_conservative_next_4obs,logistic_l2,macro_event_only,42,num__GDPC1,GDPC1,macro,4.476307886558452,-4.476307886558452
failure_pressure_conservative_next_4obs,logistic_l2,macro_event_only,42,cat__Sector_Consumer Defensive,Sector_Consumer Defensive,sector,3.0127631965011115,-3.0127631965011115
failure_pressure_conservative_next_4obs,logistic_l2,macro_event_only,42,num__PAYEMS,PAYEMS,macro,2.857724475340172,2.857724475340172
failure_pressure_conservative_next_4obs,logistic_l2,macro_event_only,42,num__RSAFS,RSAFS,macro,1.8652822787380756,1.8652822787380756
failure_pressure_conservative_next_4obs,logistic_l2,macro_event_only,42,cat__Sector_Financial Services,Sector_Financial Services,sector,1.8195880549847396,-1.8195880549847396
failure_pressure_conservative_next_4obs,logistic_l2,macro_event_only,42,cat__Sector_Consumer Discretionary,Sector_Consumer Discretionary,sector,1.7870890670259314,-1.7870890670259314
failure_pressure_conservative_next_4obs,logistic_l2,macro_event_only,42,cat__Sector_Energy,Sector_Energy,sector,1.473215396824174,1.473215396824174
failure_pressure_conservative_next_4obs,logistic_l2,macro_event_only,42,cat__Sector_Healthcare,Sector_Healthcare,sector,1.3305653616588615,1.3305653616588615
failure_pressure_conservative_next_4obs,logistic_l2,macro_event_only,42,num__CPIAUCSL,CPIAUCSL,macro,1.2977706122982045,1.2977706122982045
failure_pressure_conservative_next_4obs,logistic_l2,macro_event_only,42,cat__Sector_Communication Services,Sector_Communication Services,sector,1.1521277753552999,1.1521277753552999
failure_pressure_conservative_next_4obs,logistic_l2,macro_event_only,42,num__BUSLOANS_yoy_pct,BUSLOANS_yoy_pct,macro,0.8394498594594251,-0.8394498594594251
failure_pressure_conservative_next_4obs,logistic_l2,macro_event_only,42,num__BUSLOANS,BUSLOANS,macro,0.7916828634759596,-0.7916828634759596
failure_pressure_conservative_next_4obs,logistic_l2,macro_event_only,42,cat__Sector_Consumer Cyclical,Sector_Consumer Cyclical,sector,0.7468361155859919,0.7468361155859919
failure_pressure_conservative_next_4obs,logistic_l2,macro_event_only,42,num__tight_financial_conditions,tight_financial_conditions,regime_time,0.7004941634318106,0.7004941634318106
failure_pressure_conservative_next_4obs,logistic_l2,macro_event_only,42,cat__Sector_Agriculture,Sector_Agriculture,sector,0.5678967555144521,0.5678967555144521
failure_pressure_conservative_next_4obs,logistic_l2,macro_event_only,42,num__M2SL,M2SL,macro,0.5282083582604433,0.5282083582604433
failure_pressure_conservative_next_4obs,logistic_l2,macro_event_only,42,cat__Sector_Real Estate,Sector_Real Estate,sector,0.4959633079101236,0.4959633079101236
failure_pressure_conservative_next_4obs,logistic_l2,macro_event_only,42,num__BAMLH0A0HYM2,BAMLH0A0HYM2,macro,0.4466287754871388,0.4466287754871388
failure_pressure_conservative_next_4obs,logistic_l2,macro_event_only,42,cat__Sector_Technology,Sector_Technology,sector,0.44373983706901,0.44373983706901
failure_pressure_conservative_next_4obs,logistic_l2,macro_event_only,42,num__FEDFUNDS,FEDFUNDS,macro,0.3466481215177672,-0.3466481215177672
failure_pressure_conservative_next_4obs,logistic_l2,macro_event_only,42,num__PAYEMS_yoy_pct,PAYEMS_yoy_pct,macro,0.3291184733126988,0.3291184733126988
failure_pressure_conservative_next_4obs,logistic_l2,macro_event_only,42,num__NFCI,NFCI,macro,0.32061321087581834,0.32061321087581834
failure_pressure_conservative_next_4obs,logistic_l2,macro_event_only,42,num__PPIACO_yoy_pct,PPIACO_yoy_pct,macro,0.3035751078768493,-0.3035751078768493
failure_pressure_conservative_next_4obs,logistic_l2,macro_event_only,42,num__DCOILWTICO_yoy_pct,DCOILWTICO_yoy_pct,macro,0.297022193144651,-0.297022193144651
failure_pressure_conservative_next_4obs,logistic_l2,macro_event_only,42,num__VIXCLS,VIXCLS,macro,0.26758742756945453,-0.26758742756945453
failure_pressure_conservative_next_4obs,logistic_l2,macro_event_only,42,num__demand_slowdown_regime,demand_slowdown_regime,regime_time,0.262505664504412,-0.262505664504412
failure_pressure_conservative_next_4obs,logistic_l2,macro_event_only,42,num__INDPRO_yoy_pct,INDPRO_yoy_pct,macro,0.22305026678022577,0.22305026678022577
failure_pressure_conservative_next_4obs,logistic_l2,macro_event_only,42,num__PPIACO,PPIACO,macro,0.22050429803195598,0.22050429803195598
failure_pressure_conservative_next_4obs,logistic_l2,macro_event_only,42,cat__Sector_Basic Materials,Sector_Basic Materials,sector,0.20007016263706423,-0.20007016263706423
failure_pressure_conservative_next_4obs,logistic_l2,macro_event_only,42,num__credit_tightening_regime,credit_tightening_regime,regime_time,0.1990620510768805,0.1990620510768805
failure_pressure_conservative_next_4obs,logistic_l2,macro_event_only,42,num__crisis_regime,crisis_regime,regime_time,0.1861938488685403,-0.1861938488685403
failure_pressure_conservative_next_4obs,logistic_l2,macro_event_only,42,num__global_event_financial_crisis_count,global_event_financial_crisis_count,global_event_context,0.1861938488685403,-0.1861938488685403
failure_pressure_conservative_next_4obs,logistic_l2,macro_event_only,42,num__global_event_financial_crisis_severity,global_event_financial_crisis_severity,global_event_context,0.18619384886847895,-0.18619384886847895
failure_pressure_conservative_next_4obs,logistic_l2,macro_event_only,42,num__DTWEXBGS,DTWEXBGS,macro,0.18079943175419855,-0.18079943175419855
failure_pressure_conservative_next_4obs,logistic_l2,macro_event_only,42,num__DRTSCILM,DRTSCILM,macro,0.1786455805137678,-0.1786455805137678
failure_pressure_conservative_next_4obs,logistic_l2,macro_event_only,42,num__HOUST,HOUST,macro,0.14747591158156267,-0.14747591158156267
failure_pressure_conservative_next_4obs,logistic_l2,macro_event_only,42,num__UNRATE,UNRATE,macro,0.1289988033370924,-0.1289988033370924
failure_pressure_conservative_next_4obs,logistic_l2,macro_event_only,42,num__DCOILWTICO,DCOILWTICO,macro,0.11083518886565544,-0.11083518886565544
failure_pressure_conservative_next_4obs,logistic_l2,macro_event_only,42,num__GS10,GS10,macro,0.1069028723636089,0.1069028723636089
failure_pressure_conservative_next_4obs,logistic_l2,macro_event_only,42,num__CPIAUCSL_yoy_pct,CPIAUCSL_yoy_pct,macro,0.10445279466069417,-0.10445279466069417
failure_pressure_conservative_next_4obs,random_forest,macro_event_only,42,cat__Sector_Financial Services,Sector_Financial Services,sector,0.0954390885367883,0.0954390885367883
failure_pressure_conservative_next_4obs,random_forest,macro_event_only,42,num__USEPUINDXD,USEPUINDXD,macro,0.05298872985901289,0.05298872985901289
failure_pressure_conservative_next_4obs,random_forest,macro_event_only,42,num__DCOILWTICO_yoy_pct,DCOILWTICO_yoy_pct,macro,0.050935338888430035,0.050935338888430035
failure_pressure_conservative_next_4obs,random_forest,macro_event_only,42,num__DTWEXBGS,DTWEXBGS,macro,0.048902824135161366,0.048902824135161366
failure_pressure_conservative_next_4obs,random_forest,macro_event_only,42,num__VIXCLS,VIXCLS,macro,0.04839419769566423,0.04839419769566423
failure_pressure_conservative_next_4obs,random_forest,macro_event_only,42,num__DTWEXBGS_yoy_pct,DTWEXBGS_yoy_pct,macro,0.04827122322348158,0.04827122322348158
failure_pressure_conservative_next_4obs,random_forest,macro_event_only,42,num__DCOILWTICO,DCOILWTICO,macro,0.047865854978919466,0.047865854978919466
failure_pressure_conservative_next_4obs,random_forest,macro_event_only,42,num__T10Y3M,T10Y3M,macro,0.04510741515919076,0.04510741515919076
failure_pressure_conservative_next_4obs,random_forest,macro_event_only,42,num__BAMLH0A0HYM2,BAMLH0A0HYM2,macro,0.04435768378335787,0.04435768378335787
failure_pressure_conservative_next_4obs,random_forest,macro_event_only,42,num__T10Y2Y,T10Y2Y,macro,0.04013461093314951,0.04013461093314951
failure_pressure_conservative_next_4obs,random_forest,macro_event_only,42,cat__Sector_Energy,Sector_Energy,sector,0.039958102141211094,0.039958102141211094
failure_pressure_conservative_next_4obs,random_forest,macro_event_only,42,cat__Sector_Healthcare,Sector_Healthcare,sector,0.03328172659498639,0.03328172659498639
failure_pressure_conservative_next_4obs,random_forest,macro_event_only,42,cat__Sector_Industrials,Sector_Industrials,sector,0.03090335679614956,0.03090335679614956
failure_pressure_conservative_next_4obs,random_forest,macro_event_only,42,num__NFCI,NFCI,macro,0.027847791532273507,0.027847791532273507
failure_pressure_conservative_next_4obs,random_forest,macro_event_only,42,cat__Sector_Communication Services,Sector_Communication Services,sector,0.01761109651121648,0.01761109651121648
failure_pressure_conservative_next_4obs,random_forest,macro_event_only,42,num__PAYEMS_yoy_pct,PAYEMS_yoy_pct,macro,0.01690592780250258,0.01690592780250258
failure_pressure_conservative_next_4obs,random_forest,macro_event_only,42,num__HOUST,HOUST,macro,0.016251812432465255,0.016251812432465255
failure_pressure_conservative_next_4obs,random_forest,macro_event_only,42,cat__Sector_Consumer Defensive,Sector_Consumer Defensive,sector,0.015410526179064176,0.015410526179064176
failure_pressure_conservative_next_4obs,random_forest,macro_event_only,42,cat__Sector_Technology,Sector_Technology,sector,0.014777733060385602,0.014777733060385602
failure_pressure_conservative_next_4obs,random_forest,macro_event_only,42,num__CPIAUCSL,CPIAUCSL,macro,0.01443287215029202,0.01443287215029202
failure_pressure_conservative_next_4obs,random_forest,macro_event_only,42,num__HOUST_yoy_pct,HOUST_yoy_pct,macro,0.01387951205492263,0.01387951205492263
failure_pressure_conservative_next_4obs,random_forest,macro_event_only,42,num__INDPRO,INDPRO,macro,0.013538545793282532,0.013538545793282532
failure_pressure_conservative_next_4obs,random_forest,macro_event_only,42,num__PAYEMS,PAYEMS,macro,0.013362841295447906,0.013362841295447906
failure_pressure_conservative_next_4obs,random_forest,macro_event_only,42,num__M2SL,M2SL,macro,0.013004076158857429,0.013004076158857429
failure_pressure_conservative_next_4obs,random_forest,macro_event_only,42,cat__Sector_Utilities,Sector_Utilities,sector,0.012778616868932663,0.012778616868932663
failure_pressure_conservative_next_4obs,random_forest,macro_event_only,42,num__RSAFS,RSAFS,macro,0.012654962007612207,0.012654962007612207
failure_pressure_conservative_next_4obs,random_forest,macro_event_only,42,num__INDPRO_yoy_pct,INDPRO_yoy_pct,macro,0.012581448277254909,0.012581448277254909
failure_pressure_conservative_next_4obs,random_forest,macro_event_only,42,num__BUSLOANS_yoy_pct,BUSLOANS_yoy_pct,macro,0.01247712127103503,0.01247712127103503
failure_pressure_conservative_next_4obs,random_forest,macro_event_only,42,num__CPIAUCSL_yoy_pct,CPIAUCSL_yoy_pct,macro,0.011597321529158848,0.011597321529158848
failure_pressure_conservative_next_4obs,random_forest,macro_event_only,42,num__BUSLOANS,BUSLOANS,macro,0.011530519681239306,0.011530519681239306
failure_pressure_conservative_next_4obs,random_forest,macro_event_only,42,num__M2SL_yoy_pct,M2SL_yoy_pct,macro,0.011508123919584133,0.011508123919584133
failure_pressure_conservative_next_4obs,random_forest,macro_event_only,42,num__GS10,GS10,macro,0.011438367310770112,0.011438367310770112
failure_pressure_conservative_next_4obs,random_forest,macro_event_only,42,num__PPIACO,PPIACO,macro,0.010999804306853747,0.010999804306853747
failure_pressure_conservative_next_4obs,random_forest,macro_event_only,42,num__RSAFS_yoy_pct,RSAFS_yoy_pct,macro,0.010922900937698527,0.010922900937698527
failure_pressure_conservative_next_4obs,random_forest,macro_event_only,42,num__PPIACO_yoy_pct,PPIACO_yoy_pct,macro,0.01067083340738688,0.01067083340738688
failure_pressure_conservative_next_4obs,random_forest,macro_event_only,42,cat__Sector_Real Estate,Sector_Real Estate,sector,0.009728005120818015,0.009728005120818015
failure_pressure_conservative_next_4obs,random_forest,macro_event_only,42,num__UNRATE,UNRATE,macro,0.009641651965522661,0.009641651965522661
failure_pressure_conservative_next_4obs,random_forest,macro_event_only,42,cat__Sector_Consumer Cyclical,Sector_Consumer Cyclical,sector,0.009090320196683344,0.009090320196683344
failure_pressure_conservative_next_4obs,random_forest,macro_event_only,42,num__GDPC1,GDPC1,macro,0.006520130792694615,0.006520130792694615
failure_pressure_conservative_next_4obs,random_forest,macro_event_only,42,num__FEDFUNDS,FEDFUNDS,macro,0.006139966271930395,0.006139966271930395
failure_pressure_conservative_next_4obs,gradient_boosting,macro_event_only,42,cat__Sector_Financial Services,Sector_Financial Services,sector,0.24617640680821232,0.24617640680821232
failure_pressure_conservative_next_4obs,gradient_boosting,macro_event_only,42,cat__Sector_Healthcare,Sector_Healthcare,sector,0.07870252136528554,0.07870252136528554
failure_pressure_conservative_next_4obs,gradient_boosting,macro_event_only,42,cat__Sector_Energy,Sector_Energy,sector,0.0754707189585625,0.0754707189585625
failure_pressure_conservative_next_4obs,gradient_boosting,macro_event_only,42,cat__Sector_Industrials,Sector_Industrials,sector,0.07377727811749048,0.07377727811749048
failure_pressure_conservative_next_4obs,gradient_boosting,macro_event_only,42,cat__Sector_Consumer Defensive,Sector_Consumer Defensive,sector,0.06328727803868295,0.06328727803868295
failure_pressure_conservative_next_4obs,gradient_boosting,macro_event_only,42,num__PAYEMS_yoy_pct,PAYEMS_yoy_pct,macro,0.049742529572145346,0.049742529572145346
failure_pressure_conservative_next_4obs,gradient_boosting,macro_event_only,42,cat__Sector_Communication Services,Sector_Communication Services,sector,0.042241794446812024,0.042241794446812024
failure_pressure_conservative_next_4obs,gradient_boosting,macro_event_only,42,num__DCOILWTICO_yoy_pct,DCOILWTICO_yoy_pct,macro,0.028849065243568412,0.028849065243568412
failure_pressure_conservative_next_4obs,gradient_boosting,macro_event_only,42,num__DCOILWTICO,DCOILWTICO,macro,0.027700156038984153,0.027700156038984153
failure_pressure_conservative_next_4obs,gradient_boosting,macro_event_only,42,num__DTWEXBGS,DTWEXBGS,macro,0.0274638916292626,0.0274638916292626
failure_pressure_conservative_next_4obs,gradient_boosting,macro_event_only,42,num__HOUST,HOUST,macro,0.02407072246852495,0.02407072246852495
failure_pressure_conservative_next_4obs,gradient_boosting,macro_event_only,42,cat__Sector_Utilities,Sector_Utilities,sector,0.019395963518002934,0.019395963518002934
failure_pressure_conservative_next_4obs,gradient_boosting,macro_event_only,42,num__USEPUINDXD,USEPUINDXD,macro,0.019180952842440965,0.019180952842440965
failure_pressure_conservative_next_4obs,gradient_boosting,macro_event_only,42,num__CPIAUCSL,CPIAUCSL,macro,0.016499754042244387,0.016499754042244387
failure_pressure_conservative_next_4obs,gradient_boosting,macro_event_only,42,num__RSAFS,RSAFS,macro,0.01594617115734447,0.01594617115734447
failure_pressure_conservative_next_4obs,gradient_boosting,macro_event_only,42,num__BUSLOANS_yoy_pct,BUSLOANS_yoy_pct,macro,0.01585571300539274,0.01585571300539274
failure_pressure_conservative_next_4obs,gradient_boosting,macro_event_only,42,num__BAMLH0A0HYM2,BAMLH0A0HYM2,macro,0.014557750966194109,0.014557750966194109
failure_pressure_conservative_next_4obs,gradient_boosting,macro_event_only,42,num__T10Y3M,T10Y3M,macro,0.012964381315583454,0.012964381315583454
failure_pressure_conservative_next_4obs,gradient_boosting,macro_event_only,42,num__PAYEMS,PAYEMS,macro,0.01171227299123695,0.01171227299123695
failure_pressure_conservative_next_4obs,gradient_boosting,macro_event_only,42,num__M2SL,M2SL,macro,0.011659379222149885,0.011659379222149885
failure_pressure_conservative_next_4obs,gradient_boosting,macro_event_only,42,num__DTWEXBGS_yoy_pct,DTWEXBGS_yoy_pct,macro,0.011617463817418305,0.011617463817418305
failure_pressure_conservative_next_4obs,gradient_boosting,macro_event_only,42,num__HOUST_yoy_pct,HOUST_yoy_pct,macro,0.011611713217491432,0.011611713217491432
failure_pressure_conservative_next_4obs,gradient_boosting,macro_event_only,42,num__VIXCLS,VIXCLS,macro,0.011607536608366808,0.011607536608366808
failure_pressure_conservative_next_4obs,gradient_boosting,macro_event_only,42,num__INDPRO_yoy_pct,INDPRO_yoy_pct,macro,0.009713822627625594,0.009713822627625594
failure_pressure_conservative_next_4obs,gradient_boosting,macro_event_only,42,num__PPIACO,PPIACO,macro,0.008545506534454881,0.008545506534454881
failure_pressure_conservative_next_4obs,gradient_boosting,macro_event_only,42,num__GS10,GS10,macro,0.00831082978758079,0.00831082978758079
failure_pressure_conservative_next_4obs,gradient_boosting,macro_event_only,42,num__T10Y2Y,T10Y2Y,macro,0.008200194269466951,0.008200194269466951
failure_pressure_conservative_next_4obs,gradient_boosting,macro_event_only,42,num__UNRATE,UNRATE,macro,0.007814457265929553,0.007814457265929553
failure_pressure_conservative_next_4obs,gradient_boosting,macro_event_only,42,num__NFCI,NFCI,macro,0.0075169514937010375,0.0075169514937010375
failure_pressure_conservative_next_4obs,gradient_boosting,macro_event_only,42,cat__Sector_Consumer Cyclical,Sector_Consumer Cyclical,sector,0.007240344248621675,0.007240344248621675
failure_pressure_conservative_next_4obs,gradient_boosting,macro_event_only,42,cat__Sector_Technology,Sector_Technology,sector,0.00498009004515692,0.00498009004515692
failure_pressure_conservative_next_4obs,gradient_boosting,macro_event_only,42,num__BUSLOANS,BUSLOANS,macro,0.00488946892469079,0.00488946892469079
failure_pressure_conservative_next_4obs,gradient_boosting,macro_event_only,42,num__GDPC1,GDPC1,macro,0.004171603714341651,0.004171603714341651
failure_pressure_conservative_next_4obs,gradient_boosting,macro_event_only,42,num__FEDFUNDS,FEDFUNDS,macro,0.0033018207029115987,0.0033018207029115987
failure_pressure_conservative_next_4obs,gradient_boosting,macro_event_only,42,cat__Sector_Real Estate,Sector_Real Estate,sector,0.002912386863562615,0.002912386863562615
failure_pressure_conservative_next_4obs,gradient_boosting,macro_event_only,42,cat__Sector_Consumer Discretionary,Sector_Consumer Discretionary,sector,0.002578188099652648,0.002578188099652648
failure_pressure_conservative_next_4obs,gradient_boosting,macro_event_only,42,num__RSAFS_yoy_pct,RSAFS_yoy_pct,macro,0.0023730608094973504,0.0023730608094973504
failure_pressure_conservative_next_4obs,gradient_boosting,macro_event_only,42,num__CPIAUCSL_yoy_pct,CPIAUCSL_yoy_pct,macro,0.0020609145258288263,0.0020609145258288263
failure_pressure_conservative_next_4obs,gradient_boosting,macro_event_only,42,cat__Sector_Basic Materials,Sector_Basic Materials,sector,0.001334954078755847,0.001334954078755847
failure_pressure_conservative_next_4obs,gradient_boosting,macro_event_only,42,num__prediction_quarter,prediction_quarter,regime_time,0.0008473515000979306,0.0008473515000979306
failure_pressure_conservative_next_4obs,logistic_l2,all_features,42,num__CPIAUCSL,CPIAUCSL,macro,2.2374975786502795,2.2374975786502795
failure_pressure_conservative_next_4obs,logistic_l2,all_features,42,cat__Sector_Consumer Defensive,Sector_Consumer Defensive,sector,1.6524347826827526,-1.6524347826827526
failure_pressure_conservative_next_4obs,logistic_l2,all_features,42,num__BUSLOANS,BUSLOANS,macro,1.6001850640017397,-1.6001850640017397
failure_pressure_conservative_next_4obs,logistic_l2,all_features,42,cat__Sector_Consumer Discretionary,Sector_Consumer Discretionary,sector,1.5825140644929363,-1.5825140644929363
failure_pressure_conservative_next_4obs,logistic_l2,all_features,42,cat__Sector_Energy,Sector_Energy,sector,1.4847192358812826,1.4847192358812826
failure_pressure_conservative_next_4obs,logistic_l2,all_features,42,num__net_income_negative_count_prior_4obs,net_income_negative_count_prior_4obs,firm_trend,1.4786533205435681,1.4786533205435681
failure_pressure_conservative_next_4obs,logistic_l2,all_features,42,num__leverage_assets_lag1,leverage_assets_lag1,firm_trend,1.4025760752523297,-1.4025760752523297
failure_pressure_conservative_next_4obs,logistic_l2,all_features,42,num__roa_lag1,roa_lag1,firm_trend,1.3687911998688997,-1.3687911998688997
failure_pressure_conservative_next_4obs,logistic_l2,all_features,42,cat__Sector_Financial Services,Sector_Financial Services,sector,1.2835659318364152,-1.2835659318364152
failure_pressure_conservative_next_4obs,logistic_l2,all_features,42,num__missingindicator_current_liabilities_growth_4obs,current_liabilities_growth_4obs,firm_trend,1.0887567667271205,-1.0887567667271205
failure_pressure_conservative_next_4obs,logistic_l2,all_features,42,num__GDPC1,GDPC1,macro,1.0706508802550498,-1.0706508802550498
failure_pressure_conservative_next_4obs,logistic_l2,all_features,42,num__missingindicator_total_assets_growth_4obs,total_assets_growth_4obs,firm_trend,0.9988791786541608,0.9988791786541608
failure_pressure_conservative_next_4obs,logistic_l2,all_features,42,num__M2SL,M2SL,macro,0.8905044829866692,0.8905044829866692
failure_pressure_conservative_next_4obs,logistic_l2,all_features,42,num__r_and_d_intensity,r_and_d_intensity,financial_ratio,0.8763294552196054,0.8763294552196054
failure_pressure_conservative_next_4obs,logistic_l2,all_features,42,num__INDPRO,INDPRO,macro,0.8260415633309224,0.8260415633309224
failure_pressure_conservative_next_4obs,logistic_l2,all_features,42,num__total_equity,total_equity,accounting_fundamental,0.801986289561268,-0.801986289561268
failure_pressure_conservative_next_4obs,logistic_l2,all_features,42,num__BUSLOANS_yoy_pct,BUSLOANS_yoy_pct,macro,0.7612742371241172,-0.7612742371241172
failure_pressure_conservative_next_4obs,logistic_l2,all_features,42,num__net_margin_lag1,net_margin_lag1,firm_trend,0.7379960491479656,-0.7379960491479656
failure_pressure_conservative_next_4obs,logistic_l2,all_features,42,num__missingindicator_net_margin,net_margin,financial_ratio,0.7369618232723889,-0.7369618232723889
failure_pressure_conservative_next_4obs,logistic_l2,all_features,42,num__PAYEMS,PAYEMS,macro,0.6959505483596835,-0.6959505483596835
failure_pressure_conservative_next_4obs,logistic_l2,all_features,42,num__current_assets,current_assets,accounting_fundamental,0.6835963786277399,-0.6835963786277399
failure_pressure_conservative_next_4obs,logistic_l2,all_features,42,num__operating_margin_lag1,operating_margin_lag1,firm_trend,0.6197002855898109,0.6197002855898109
failure_pressure_conservative_next_4obs,logistic_l2,all_features,42,num__tight_financial_conditions,tight_financial_conditions,regime_time,0.6085260104855463,0.6085260104855463
failure_pressure_conservative_next_4obs,logistic_l2,all_features,42,num__BAMLH0A0HYM2,BAMLH0A0HYM2,macro,0.595432038978409,0.595432038978409
failure_pressure_conservative_next_4obs,logistic_l2,all_features,42,num__missingindicator_total_revenue,total_revenue,accounting_fundamental,0.584441253411832,0.584441253411832
failure_pressure_conservative_next_4obs,logistic_l2,all_features,42,num__missingindicator_gross_margin,gross_margin,financial_ratio,0.583241296469691,-0.583241296469691
failure_pressure_conservative_next_4obs,logistic_l2,all_features,42,num__missingindicator_current_assets,current_assets,accounting_fundamental,0.5673810335810981,0.5673810335810981
failure_pressure_conservative_next_4obs,logistic_l2,all_features,42,num__total_assets,total_assets,accounting_fundamental,0.5323747533001963,0.5323747533001963
failure_pressure_conservative_next_4obs,logistic_l2,all_features,42,num__missingindicator_current_ratio_change_4obs,current_ratio_change_4obs,firm_trend,0.5085255366212275,0.5085255366212275
failure_pressure_conservative_next_4obs,logistic_l2,all_features,42,num__missingindicator_cash_equivalents,cash_equivalents,accounting_fundamental,0.5064872356650302,-0.5064872356650302
failure_pressure_conservative_next_4obs,logistic_l2,all_features,42,num__RSAFS,RSAFS,macro,0.5010888595617127,0.5010888595617127
failure_pressure_conservative_next_4obs,logistic_l2,all_features,42,num__missingindicator_current_ratio,current_ratio,financial_ratio,0.4916686518294339,-0.4916686518294339
failure_pressure_conservative_next_4obs,logistic_l2,all_features,42,num__missingindicator_cash_assets,cash_assets,financial_ratio,0.4878671349156735,0.4878671349156735
failure_pressure_conservative_next_4obs,logistic_l2,all_features,42,num__VIXCLS,VIXCLS,macro,0.45711475739724083,-0.45711475739724083
failure_pressure_conservative_next_4obs,logistic_l2,all_features,42,cat__Sector_Communication Services,Sector_Communication Services,sector,0.45052188606733096,0.45052188606733096
failure_pressure_conservative_next_4obs,logistic_l2,all_features,42,cat__Sector_Utilities,Sector_Utilities,sector,0.44518823005098657,0.44518823005098657
failure_pressure_conservative_next_4obs,logistic_l2,all_features,42,num__missingindicator_net_margin_change_4obs,net_margin_change_4obs,firm_trend,0.4443674734305692,0.4443674734305692
failure_pressure_conservative_next_4obs,logistic_l2,all_features,42,num__roa,roa,financial_ratio,0.4338711054823346,-0.4338711054823346
failure_pressure_conservative_next_4obs,logistic_l2,all_features,42,num__T10Y2Y,T10Y2Y,macro,0.4141356000311907,-0.4141356000311907
failure_pressure_conservative_next_4obs,logistic_l2,all_features,42,num__missingindicator_total_revenue_growth_4obs,total_revenue_growth_4obs,firm_trend,0.41391424575411734,-0.41391424575411734
failure_pressure_conservative_next_4obs,random_forest,all_features,42,num__net_income_negative_count_prior_4obs,net_income_negative_count_prior_4obs,firm_trend,0.10037374755181014,0.10037374755181014
failure_pressure_conservative_next_4obs,random_forest,all_features,42,num__net_income,net_income,accounting_fundamental,0.09979606722698164,0.09979606722698164
failure_pressure_conservative_next_4obs,random_forest,all_features,42,num__roa_lag1,roa_lag1,firm_trend,0.09097106541828609,0.09097106541828609
failure_pressure_conservative_next_4obs,random_forest,all_features,42,num__roa,roa,financial_ratio,0.08731530006818843,0.08731530006818843
failure_pressure_conservative_next_4obs,random_forest,all_features,42,num__operating_income,operating_income,accounting_fundamental,0.05511372378108864,0.05511372378108864
failure_pressure_conservative_next_4obs,random_forest,all_features,42,num__net_margin_lag1,net_margin_lag1,firm_trend,0.05037582520976491,0.05037582520976491
failure_pressure_conservative_next_4obs,random_forest,all_features,42,num__net_margin,net_margin,financial_ratio,0.048365721636590094,0.048365721636590094
failure_pressure_conservative_next_4obs,random_forest,all_features,42,num__operating_margin,operating_margin,financial_ratio,0.03758441474061008,0.03758441474061008
failure_pressure_conservative_next_4obs,random_forest,all_features,42,num__operating_margin_lag1,operating_margin_lag1,firm_trend,0.027328080399800093,0.027328080399800093
failure_pressure_conservative_next_4obs,random_forest,all_features,42,num__total_equity,total_equity,accounting_fundamental,0.026946776485849852,0.026946776485849852
failure_pressure_conservative_next_4obs,random_forest,all_features,42,num__current_assets,current_assets,accounting_fundamental,0.02322435100909815,0.02322435100909815
failure_pressure_conservative_next_4obs,random_forest,all_features,42,num__total_assets,total_assets,accounting_fundamental,0.021171664937151162,0.021171664937151162
failure_pressure_conservative_next_4obs,random_forest,all_features,42,num__current_liabilities,current_liabilities,accounting_fundamental,0.018909814824626333,0.018909814824626333
failure_pressure_conservative_next_4obs,random_forest,all_features,42,num__total_liabilities,total_liabilities,accounting_fundamental,0.01258610535921758,0.01258610535921758
failure_pressure_conservative_next_4obs,random_forest,all_features,42,num__cash_flow_operating,cash_flow_operating,accounting_fundamental,0.01179582204119355,0.01179582204119355
failure_pressure_conservative_next_4obs,random_forest,all_features,42,num__total_revenue,total_revenue,accounting_fundamental,0.011737103227567323,0.011737103227567323
failure_pressure_conservative_next_4obs,random_forest,all_features,42,num__cash_equivalents,cash_equivalents,accounting_fundamental,0.009777577263333045,0.009777577263333045
failure_pressure_conservative_next_4obs,random_forest,all_features,42,num__total_assets_growth_4obs,total_assets_growth_4obs,firm_trend,0.008676027464832583,0.008676027464832583
failure_pressure_conservative_next_4obs,random_forest,all_features,42,num__equity_assets,equity_assets,financial_ratio,0.007944096671496552,0.007944096671496552
failure_pressure_conservative_next_4obs,random_forest,all_features,42,num__roa_change_4obs,roa_change_4obs,firm_trend,0.006815945067363887,0.006815945067363887
failure_pressure_conservative_next_4obs,random_forest,all_features,42,num__cash_assets,cash_assets,financial_ratio,0.0066550293024050106,0.0066550293024050106
failure_pressure_conservative_next_4obs,random_forest,all_features,42,num__cash_assets_lag1,cash_assets_lag1,firm_trend,0.006510153132522049,0.006510153132522049
failure_pressure_conservative_next_4obs,random_forest,all_features,42,num__receivables_assets,receivables_assets,financial_ratio,0.006413751397114292,0.006413751397114292
failure_pressure_conservative_next_4obs,random_forest,all_features,42,num__net_margin_change_4obs,net_margin_change_4obs,firm_trend,0.005978979025097055,0.005978979025097055
failure_pressure_conservative_next_4obs,random_forest,all_features,42,num__inventory_assets,inventory_assets,financial_ratio,0.005733666055216784,0.005733666055216784
failure_pressure_conservative_next_4obs,random_forest,all_features,42,num__total_revenue_growth_4obs,total_revenue_growth_4obs,firm_trend,0.005718890863479484,0.005718890863479484
failure_pressure_conservative_next_4obs,random_forest,all_features,42,num__current_ratio,current_ratio,financial_ratio,0.005523738002261183,0.005523738002261183
failure_pressure_conservative_next_4obs,random_forest,all_features,42,num__capex,capex,accounting_fundamental,0.005363215612096806,0.005363215612096806
failure_pressure_conservative_next_4obs,random_forest,all_features,42,num__current_ratio_lag1,current_ratio_lag1,firm_trend,0.004966139447920977,0.004966139447920977
failure_pressure_conservative_next_4obs,random_forest,all_features,42,num__current_assets_growth_4obs,current_assets_growth_4obs,firm_trend,0.00478386714541482,0.00478386714541482
failure_pressure_conservative_next_4obs,random_forest,all_features,42,num__operating_margin_change_4obs,operating_margin_change_4obs,firm_trend,0.004351375782774665,0.004351375782774665
failure_pressure_conservative_next_4obs,random_forest,all_features,42,num__gross_profit,gross_profit,accounting_fundamental,0.0043063337130701245,0.0043063337130701245
failure_pressure_conservative_next_4obs,random_forest,all_features,42,num__current_liabilities_growth_4obs,current_liabilities_growth_4obs,firm_trend,0.004244640267031288,0.004244640267031288
failure_pressure_conservative_next_4obs,random_forest,all_features,42,cat__Sector_Energy,Sector_Energy,sector,0.004049519885290971,0.004049519885290971
failure_pressure_conservative_next_4obs,random_forest,all_features,42,num__DTWEXBGS_yoy_pct,DTWEXBGS_yoy_pct,macro,0.004024905726742939,0.004024905726742939
failure_pressure_conservative_next_4obs,random_forest,all_features,42,num__DCOILWTICO,DCOILWTICO,macro,0.003965729392576855,0.003965729392576855
failure_pressure_conservative_next_4obs,random_forest,all_features,42,num__leverage_assets,leverage_assets,financial_ratio,0.003810023940398078,0.003810023940398078
failure_pressure_conservative_next_4obs,random_forest,all_features,42,cat__Sector_Financial Services,Sector_Financial Services,sector,0.0037935740405734193,0.0037935740405734193
failure_pressure_conservative_next_4obs,random_forest,all_features,42,num__T10Y2Y,T10Y2Y,macro,0.0037499256702883954,0.0037499256702883954
failure_pressure_conservative_next_4obs,random_forest,all_features,42,num__DCOILWTICO_yoy_pct,DCOILWTICO_yoy_pct,macro,0.0037432042971227444,0.0037432042971227444
failure_pressure_conservative_next_4obs,gradient_boosting,all_features,42,num__net_income,net_income,accounting_fundamental,0.44335743727812216,0.44335743727812216
failure_pressure_conservative_next_4obs,gradient_boosting,all_features,42,num__net_income_negative_count_prior_4obs,net_income_negative_count_prior_4obs,firm_trend,0.3180421837101998,0.3180421837101998
failure_pressure_conservative_next_4obs,gradient_boosting,all_features,42,num__roa_lag1,roa_lag1,firm_trend,0.05182398006761469,0.05182398006761469
failure_pressure_conservative_next_4obs,gradient_boosting,all_features,42,num__operating_income,operating_income,accounting_fundamental,0.032801689009394376,0.032801689009394376
failure_pressure_conservative_next_4obs,gradient_boosting,all_features,42,num__roa,roa,financial_ratio,0.02483282625002187,0.02483282625002187
failure_pressure_conservative_next_4obs,gradient_boosting,all_features,42,num__total_equity,total_equity,accounting_fundamental,0.01407986351624142,0.01407986351624142
failure_pressure_conservative_next_4obs,gradient_boosting,all_features,42,num__missingindicator_roa_lag1,roa_lag1,firm_trend,0.011202268873580449,0.011202268873580449
failure_pressure_conservative_next_4obs,gradient_boosting,all_features,42,cat__Sector_Financial Services,Sector_Financial Services,sector,0.009313631860210957,0.009313631860210957
failure_pressure_conservative_next_4obs,gradient_boosting,all_features,42,cat__Sector_Energy,Sector_Energy,sector,0.008273487908912457,0.008273487908912457
failure_pressure_conservative_next_4obs,gradient_boosting,all_features,42,num__operating_margin_lag1,operating_margin_lag1,firm_trend,0.007720068973552965,0.007720068973552965
failure_pressure_conservative_next_4obs,gradient_boosting,all_features,42,num__DCOILWTICO_yoy_pct,DCOILWTICO_yoy_pct,macro,0.007647851358769781,0.007647851358769781
failure_pressure_conservative_next_4obs,gradient_boosting,all_features,42,num__inventory_assets,inventory_assets,financial_ratio,0.007496714950684648,0.007496714950684648
failure_pressure_conservative_next_4obs,gradient_boosting,all_features,42,num__cash_assets_lag1,cash_assets_lag1,firm_trend,0.003939458409429441,0.003939458409429441
failure_pressure_conservative_next_4obs,gradient_boosting,all_features,42,num__total_revenue_growth_4obs,total_revenue_growth_4obs,firm_trend,0.0035642699432364713,0.0035642699432364713
failure_pressure_conservative_next_4obs,gradient_boosting,all_features,42,num__missingindicator_total_assets_growth_4obs,total_assets_growth_4obs,firm_trend,0.003405718622183369,0.003405718622183369
failure_pressure_conservative_next_4obs,gradient_boosting,all_features,42,num__total_assets,total_assets,accounting_fundamental,0.0033076419120950137,0.0033076419120950137
failure_pressure_conservative_next_4obs,gradient_boosting,all_features,42,num__total_assets_growth_4obs,total_assets_growth_4obs,firm_trend,0.003090942657065664,0.003090942657065664
failure_pressure_conservative_next_4obs,gradient_boosting,all_features,42,num__total_liabilities,total_liabilities,accounting_fundamental,0.002637990776847284,0.002637990776847284
failure_pressure_conservative_next_4obs,gradient_boosting,all_features,42,num__receivables_assets,receivables_assets,financial_ratio,0.0026208808486836207,0.0026208808486836207
failure_pressure_conservative_next_4obs,gradient_boosting,all_features,42,num__cash_flow_operating,cash_flow_operating,accounting_fundamental,0.0022745783890876776,0.0022745783890876776
failure_pressure_conservative_next_4obs,gradient_boosting,all_features,42,num__net_margin,net_margin,financial_ratio,0.002165516724720237,0.002165516724720237
failure_pressure_conservative_next_4obs,gradient_boosting,all_features,42,num__equity_assets,equity_assets,financial_ratio,0.0018837985141322952,0.0018837985141322952
failure_pressure_conservative_next_4obs,gradient_boosting,all_features,42,num__operating_margin,operating_margin,financial_ratio,0.0018804926882154075,0.0018804926882154075
failure_pressure_conservative_next_4obs,gradient_boosting,all_features,42,num__BUSLOANS,BUSLOANS,macro,0.0017014485773114536,0.0017014485773114536
failure_pressure_conservative_next_4obs,gradient_boosting,all_features,42,num__missingindicator_roa_change_4obs,roa_change_4obs,firm_trend,0.0016812314145256892,0.0016812314145256892
failure_pressure_conservative_next_4obs,gradient_boosting,all_features,42,num__current_liabilities,current_liabilities,accounting_fundamental,0.001564401247441469,0.001564401247441469
failure_pressure_conservative_next_4obs,gradient_boosting,all_features,42,num__DTWEXBGS_yoy_pct,DTWEXBGS_yoy_pct,macro,0.0015566221345497625,0.0015566221345497625
failure_pressure_conservative_next_4obs,gradient_boosting,all_features,42,num__capex,capex,accounting_fundamental,0.0012587859835142487,0.0012587859835142487
failure_pressure_conservative_next_4obs,gradient_boosting,all_features,42,num__INDPRO_yoy_pct,INDPRO_yoy_pct,macro,0.0011598279646351615,0.0011598279646351615
failure_pressure_conservative_next_4obs,gradient_boosting,all_features,42,num__operating_margin_change_4obs,operating_margin_change_4obs,firm_trend,0.0011412494414278246,0.0011412494414278246
failure_pressure_conservative_next_4obs,gradient_boosting,all_features,42,num__current_assets,current_assets,accounting_fundamental,0.0011031092865168503,0.0011031092865168503
failure_pressure_conservative_next_4obs,gradient_boosting,all_features,42,num__current_ratio,current_ratio,financial_ratio,0.001050352732049198,0.001050352732049198
failure_pressure_conservative_next_4obs,gradient_boosting,all_features,42,num__net_margin_lag1,net_margin_lag1,firm_trend,0.0010141748218644585,0.0010141748218644585
failure_pressure_conservative_next_4obs,gradient_boosting,all_features,42,num__T10Y2Y,T10Y2Y,macro,0.0009998754173664818,0.0009998754173664818
failure_pressure_conservative_next_4obs,gradient_boosting,all_features,42,num__USEPUINDXD,USEPUINDXD,macro,0.0008957304984221265,0.0008957304984221265
failure_pressure_conservative_next_4obs,gradient_boosting,all_features,42,num__total_revenue,total_revenue,accounting_fundamental,0.0008449456550788386,0.0008449456550788386
failure_pressure_conservative_next_4obs,gradient_boosting,all_features,42,num__DCOILWTICO,DCOILWTICO,macro,0.000833838715296395,0.000833838715296395
failure_pressure_conservative_next_4obs,gradient_boosting,all_features,42,num__current_liabilities_growth_4obs,current_liabilities_growth_4obs,firm_trend,0.0008326588503969489,0.0008326588503969489
failure_pressure_conservative_next_4obs,gradient_boosting,all_features,42,num__r_and_d_intensity,r_and_d_intensity,financial_ratio,0.000828458839443278,0.000828458839443278
failure_pressure_conservative_next_4obs,gradient_boosting,all_features,42,num__total_liabilities_growth_4obs,total_liabilities_growth_4obs,firm_trend,0.0008104397526743734,0.0008104397526743734
failure_pressure_conservative_v2_next_4obs,logistic_l2,firm_core,42,num__leverage_assets_lag1,leverage_assets_lag1,firm_trend,1.758475527806894,-1.758475527806894
failure_pressure_conservative_v2_next_4obs,logistic_l2,firm_core,42,num__roa_lag1,roa_lag1,firm_trend,1.727185067169361,-1.727185067169361
failure_pressure_conservative_v2_next_4obs,logistic_l2,firm_core,42,cat__Sector_Consumer Discretionary,Sector_Consumer Discretionary,sector,1.5603366109714638,-1.5603366109714638
failure_pressure_conservative_v2_next_4obs,logistic_l2,firm_core,42,cat__Sector_Financial Services,Sector_Financial Services,sector,1.5110252126832726,-1.5110252126832726
failure_pressure_conservative_v2_next_4obs,logistic_l2,firm_core,42,cat__Sector_Energy,Sector_Energy,sector,1.4781161019171223,1.4781161019171223
failure_pressure_conservative_v2_next_4obs,logistic_l2,firm_core,42,num__net_income_negative_count_prior_4obs,net_income_negative_count_prior_4obs,firm_trend,1.415220034506936,1.415220034506936
failure_pressure_conservative_v2_next_4obs,logistic_l2,firm_core,42,cat__Sector_Consumer Defensive,Sector_Consumer Defensive,sector,1.3204512599110596,-1.3204512599110596
failure_pressure_conservative_v2_next_4obs,logistic_l2,firm_core,42,num__missingindicator_current_liabilities_growth_4obs,current_liabilities_growth_4obs,firm_trend,0.8652697680236666,-0.8652697680236666
failure_pressure_conservative_v2_next_4obs,logistic_l2,firm_core,42,num__net_margin_lag1,net_margin_lag1,firm_trend,0.7418402034284783,-0.7418402034284783
failure_pressure_conservative_v2_next_4obs,logistic_l2,firm_core,42,num__current_assets,current_assets,accounting_fundamental,0.7205459826647711,-0.7205459826647711
failure_pressure_conservative_v2_next_4obs,logistic_l2,firm_core,42,num__missingindicator_total_assets_growth_4obs,total_assets_growth_4obs,firm_trend,0.6882143919312694,0.6882143919312694
failure_pressure_conservative_v2_next_4obs,logistic_l2,firm_core,42,num__missingindicator_net_margin,net_margin,financial_ratio,0.6792584856132585,-0.6792584856132585
failure_pressure_conservative_v2_next_4obs,logistic_l2,firm_core,42,num__total_equity,total_equity,accounting_fundamental,0.6756385199831098,-0.6756385199831098
failure_pressure_conservative_v2_next_4obs,logistic_l2,firm_core,42,num__operating_margin_lag1,operating_margin_lag1,firm_trend,0.6291202363334029,0.6291202363334029
failure_pressure_conservative_v2_next_4obs,logistic_l2,firm_core,42,num__missingindicator_total_revenue_growth_4obs,total_revenue_growth_4obs,firm_trend,0.6012322380455742,-0.6012322380455742
failure_pressure_conservative_v2_next_4obs,logistic_l2,firm_core,42,num__missingindicator_gross_margin,gross_margin,financial_ratio,0.5898996631902269,-0.5898996631902269
failure_pressure_conservative_v2_next_4obs,logistic_l2,firm_core,42,num__missingindicator_total_revenue,total_revenue,accounting_fundamental,0.580663542929398,0.580663542929398
failure_pressure_conservative_v2_next_4obs,logistic_l2,firm_core,42,num__missingindicator_current_assets,current_assets,accounting_fundamental,0.5607054974502585,0.5607054974502585
failure_pressure_conservative_v2_next_4obs,logistic_l2,firm_core,42,num__total_assets,total_assets,accounting_fundamental,0.5581725295620188,0.5581725295620188
failure_pressure_conservative_v2_next_4obs,logistic_l2,firm_core,42,num__roa,roa,financial_ratio,0.5526074998345112,-0.5526074998345112
failure_pressure_conservative_v2_next_4obs,logistic_l2,firm_core,42,num__missingindicator_total_liabilities,total_liabilities,accounting_fundamental,0.5375194813181091,-0.5375194813181091
failure_pressure_conservative_v2_next_4obs,logistic_l2,firm_core,42,num__r_and_d_intensity,r_and_d_intensity,financial_ratio,0.5150153651029387,0.5150153651029387
failure_pressure_conservative_v2_next_4obs,logistic_l2,firm_core,42,num__missingindicator_net_margin_change_4obs,net_margin_change_4obs,firm_trend,0.5091506457066595,0.5091506457066595
failure_pressure_conservative_v2_next_4obs,logistic_l2,firm_core,42,num__missingindicator_leverage_assets,leverage_assets,financial_ratio,0.48644564506995813,0.48644564506995813
failure_pressure_conservative_v2_next_4obs,logistic_l2,firm_core,42,num__equity_assets,equity_assets,financial_ratio,0.43922587184732426,-0.43922587184732426
failure_pressure_conservative_v2_next_4obs,logistic_l2,firm_core,42,cat__Sector_Utilities,Sector_Utilities,sector,0.4082390053653776,0.4082390053653776
failure_pressure_conservative_v2_next_4obs,logistic_l2,firm_core,42,cat__Sector_Communication Services,Sector_Communication Services,sector,0.38341704691645284,0.38341704691645284
failure_pressure_conservative_v2_next_4obs,logistic_l2,firm_core,42,num__missingindicator_gross_profit,gross_profit,accounting_fundamental,0.3660639003220276,0.3660639003220276
failure_pressure_conservative_v2_next_4obs,logistic_l2,firm_core,42,cat__Sector_Consumer Cyclical,Sector_Consumer Cyclical,sector,0.35591114918484856,0.35591114918484856
failure_pressure_conservative_v2_next_4obs,logistic_l2,firm_core,42,num__missingindicator_cash_equivalents,cash_equivalents,accounting_fundamental,0.35148760369238075,-0.35148760369238075
failure_pressure_conservative_v2_next_4obs,logistic_l2,firm_core,42,cat__Sector_Real Estate,Sector_Real Estate,sector,0.34336776452556184,-0.34336776452556184
failure_pressure_conservative_v2_next_4obs,logistic_l2,firm_core,42,num__missingindicator_current_ratio,current_ratio,financial_ratio,0.33500214700517367,-0.33500214700517367
failure_pressure_conservative_v2_next_4obs,logistic_l2,firm_core,42,cat__Sector_Basic Materials,Sector_Basic Materials,sector,0.3347616838984399,0.3347616838984399
failure_pressure_conservative_v2_next_4obs,logistic_l2,firm_core,42,num__operating_margin,operating_margin,financial_ratio,0.33435441367893315,-0.33435441367893315
failure_pressure_conservative_v2_next_4obs,logistic_l2,firm_core,42,cat__Sector_Healthcare,Sector_Healthcare,sector,0.33406126160462457,0.33406126160462457
failure_pressure_conservative_v2_next_4obs,logistic_l2,firm_core,42,num__current_liabilities,current_liabilities,accounting_fundamental,0.32263752329595907,0.32263752329595907
failure_pressure_conservative_v2_next_4obs,logistic_l2,firm_core,42,num__missingindicator_cash_assets,cash_assets,financial_ratio,0.3217897673129784,0.3217897673129784
failure_pressure_conservative_v2_next_4obs,logistic_l2,firm_core,42,num__missingindicator_operating_margin,operating_margin,financial_ratio,0.31983654177889104,0.31983654177889104
failure_pressure_conservative_v2_next_4obs,logistic_l2,firm_core,42,num__gross_profit,gross_profit,accounting_fundamental,0.2990377096667537,-0.2990377096667537
failure_pressure_conservative_v2_next_4obs,logistic_l2,firm_core,42,num__operating_income,operating_income,accounting_fundamental,0.29690530823987177,-0.29690530823987177
failure_pressure_conservative_v2_next_4obs,random_forest,firm_core,42,num__net_income,net_income,accounting_fundamental,0.1262405363194438,0.1262405363194438
failure_pressure_conservative_v2_next_4obs,random_forest,firm_core,42,num__net_income_negative_count_prior_4obs,net_income_negative_count_prior_4obs,firm_trend,0.10977529616712099,0.10977529616712099
failure_pressure_conservative_v2_next_4obs,random_forest,firm_core,42,num__roa_lag1,roa_lag1,firm_trend,0.10638788644887642,0.10638788644887642
failure_pressure_conservative_v2_next_4obs,random_forest,firm_core,42,num__roa,roa,financial_ratio,0.10477693957905208,0.10477693957905208
failure_pressure_conservative_v2_next_4obs,random_forest,firm_core,42,num__net_margin,net_margin,financial_ratio,0.05881362140624358,0.05881362140624358
failure_pressure_conservative_v2_next_4obs,random_forest,firm_core,42,num__operating_income,operating_income,accounting_fundamental,0.05859605872433431,0.05859605872433431
failure_pressure_conservative_v2_next_4obs,random_forest,firm_core,42,num__net_margin_lag1,net_margin_lag1,firm_trend,0.05068389653192482,0.05068389653192482
failure_pressure_conservative_v2_next_4obs,random_forest,firm_core,42,num__operating_margin_lag1,operating_margin_lag1,firm_trend,0.0300240001965493,0.0300240001965493
failure_pressure_conservative_v2_next_4obs,random_forest,firm_core,42,num__operating_margin,operating_margin,financial_ratio,0.028020999834837846,0.028020999834837846
failure_pressure_conservative_v2_next_4obs,random_forest,firm_core,42,num__total_equity,total_equity,accounting_fundamental,0.0251117515394846,0.0251117515394846
failure_pressure_conservative_v2_next_4obs,random_forest,firm_core,42,num__total_assets,total_assets,accounting_fundamental,0.019047169082655524,0.019047169082655524
failure_pressure_conservative_v2_next_4obs,random_forest,firm_core,42,num__current_assets,current_assets,accounting_fundamental,0.01838883431581177,0.01838883431581177
failure_pressure_conservative_v2_next_4obs,random_forest,firm_core,42,num__current_liabilities,current_liabilities,accounting_fundamental,0.018023288858764707,0.018023288858764707
failure_pressure_conservative_v2_next_4obs,random_forest,firm_core,42,num__total_revenue,total_revenue,accounting_fundamental,0.014490684133715293,0.014490684133715293
failure_pressure_conservative_v2_next_4obs,random_forest,firm_core,42,num__cash_equivalents,cash_equivalents,accounting_fundamental,0.01283826183941967,0.01283826183941967
failure_pressure_conservative_v2_next_4obs,random_forest,firm_core,42,num__cash_flow_operating,cash_flow_operating,accounting_fundamental,0.01118633303497601,0.01118633303497601
failure_pressure_conservative_v2_next_4obs,random_forest,firm_core,42,num__total_liabilities,total_liabilities,accounting_fundamental,0.01008935315019273,0.01008935315019273
failure_pressure_conservative_v2_next_4obs,random_forest,firm_core,42,num__equity_assets,equity_assets,financial_ratio,0.009792184815171098,0.009792184815171098
failure_pressure_conservative_v2_next_4obs,random_forest,firm_core,42,num__total_assets_growth_4obs,total_assets_growth_4obs,firm_trend,0.009672073259754985,0.009672073259754985
failure_pressure_conservative_v2_next_4obs,random_forest,firm_core,42,num__cash_assets,cash_assets,financial_ratio,0.008851190418104518,0.008851190418104518
failure_pressure_conservative_v2_next_4obs,random_forest,firm_core,42,num__cash_assets_lag1,cash_assets_lag1,firm_trend,0.008417634479819308,0.008417634479819308
failure_pressure_conservative_v2_next_4obs,random_forest,firm_core,42,num__roa_change_4obs,roa_change_4obs,firm_trend,0.007940506912426603,0.007940506912426603
failure_pressure_conservative_v2_next_4obs,random_forest,firm_core,42,num__inventory_assets,inventory_assets,financial_ratio,0.007218478905242114,0.007218478905242114
failure_pressure_conservative_v2_next_4obs,random_forest,firm_core,42,num__receivables_assets,receivables_assets,financial_ratio,0.007003296573785282,0.007003296573785282
failure_pressure_conservative_v2_next_4obs,random_forest,firm_core,42,num__total_revenue_growth_4obs,total_revenue_growth_4obs,firm_trend,0.0070005130518461115,0.0070005130518461115
failure_pressure_conservative_v2_next_4obs,random_forest,firm_core,42,num__capex,capex,accounting_fundamental,0.006925438103274695,0.006925438103274695
failure_pressure_conservative_v2_next_4obs,random_forest,firm_core,42,num__current_ratio_lag1,current_ratio_lag1,firm_trend,0.006882999549110776,0.006882999549110776
failure_pressure_conservative_v2_next_4obs,random_forest,firm_core,42,num__current_ratio,current_ratio,financial_ratio,0.006567433523700037,0.006567433523700037
failure_pressure_conservative_v2_next_4obs,random_forest,firm_core,42,num__net_margin_change_4obs,net_margin_change_4obs,firm_trend,0.006059663383349777,0.006059663383349777
failure_pressure_conservative_v2_next_4obs,random_forest,firm_core,42,num__operating_margin_change_4obs,operating_margin_change_4obs,firm_trend,0.005843720653398775,0.005843720653398775
failure_pressure_conservative_v2_next_4obs,random_forest,firm_core,42,num__current_assets_growth_4obs,current_assets_growth_4obs,firm_trend,0.0056078808603232866,0.0056078808603232866
failure_pressure_conservative_v2_next_4obs,random_forest,firm_core,42,num__current_liabilities_growth_4obs,current_liabilities_growth_4obs,firm_trend,0.00534746461626208,0.00534746461626208
failure_pressure_conservative_v2_next_4obs,random_forest,firm_core,42,num__leverage_assets,leverage_assets,financial_ratio,0.004807528774786829,0.004807528774786829
failure_pressure_conservative_v2_next_4obs,random_forest,firm_core,42,num__current_ratio_change_4obs,current_ratio_change_4obs,firm_trend,0.004778419040361559,0.004778419040361559
failure_pressure_conservative_v2_next_4obs,random_forest,firm_core,42,num__cash_assets_change_4obs,cash_assets_change_4obs,firm_trend,0.004697265585178156,0.004697265585178156
failure_pressure_conservative_v2_next_4obs,random_forest,firm_core,42,num__cash_equivalents_growth_4obs,cash_equivalents_growth_4obs,firm_trend,0.004695349639584422,0.004695349639584422
failure_pressure_conservative_v2_next_4obs,random_forest,firm_core,42,num__leverage_assets_lag1,leverage_assets_lag1,firm_trend,0.004286263847628141,0.004286263847628141
failure_pressure_conservative_v2_next_4obs,random_forest,firm_core,42,num__total_liabilities_growth_4obs,total_liabilities_growth_4obs,firm_trend,0.004221945359550813,0.004221945359550813
failure_pressure_conservative_v2_next_4obs,random_forest,firm_core,42,cat__Sector_Energy,Sector_Energy,sector,0.004218507857945139,0.004218507857945139
failure_pressure_conservative_v2_next_4obs,random_forest,firm_core,42,num__r_and_d_intensity,r_and_d_intensity,financial_ratio,0.004142312468986757,0.004142312468986757
failure_pressure_conservative_v2_next_4obs,gradient_boosting,firm_core,42,num__net_income,net_income,accounting_fundamental,0.44950001751385876,0.44950001751385876
failure_pressure_conservative_v2_next_4obs,gradient_boosting,firm_core,42,num__net_income_negative_count_prior_4obs,net_income_negative_count_prior_4obs,firm_trend,0.3211466351133918,0.3211466351133918
failure_pressure_conservative_v2_next_4obs,gradient_boosting,firm_core,42,num__roa_lag1,roa_lag1,firm_trend,0.050636046691950536,0.050636046691950536
failure_pressure_conservative_v2_next_4obs,gradient_boosting,firm_core,42,num__operating_income,operating_income,accounting_fundamental,0.03317451397715128,0.03317451397715128
failure_pressure_conservative_v2_next_4obs,gradient_boosting,firm_core,42,num__roa,roa,financial_ratio,0.023947483647111613,0.023947483647111613
failure_pressure_conservative_v2_next_4obs,gradient_boosting,firm_core,42,num__total_equity,total_equity,accounting_fundamental,0.01472957749483934,0.01472957749483934
failure_pressure_conservative_v2_next_4obs,gradient_boosting,firm_core,42,num__missingindicator_roa_lag1,roa_lag1,firm_trend,0.011449614399879238,0.011449614399879238
failure_pressure_conservative_v2_next_4obs,gradient_boosting,firm_core,42,cat__Sector_Financial Services,Sector_Financial Services,sector,0.009277720549618415,0.009277720549618415
failure_pressure_conservative_v2_next_4obs,gradient_boosting,firm_core,42,num__inventory_assets,inventory_assets,financial_ratio,0.008053989658412796,0.008053989658412796
failure_pressure_conservative_v2_next_4obs,gradient_boosting,firm_core,42,cat__Sector_Energy,Sector_Energy,sector,0.007779060949361232,0.007779060949361232
failure_pressure_conservative_v2_next_4obs,gradient_boosting,firm_core,42,num__operating_margin_lag1,operating_margin_lag1,firm_trend,0.007736494756340132,0.007736494756340132
failure_pressure_conservative_v2_next_4obs,gradient_boosting,firm_core,42,num__cash_assets_lag1,cash_assets_lag1,firm_trend,0.004946435762710415,0.004946435762710415
failure_pressure_conservative_v2_next_4obs,gradient_boosting,firm_core,42,num__total_revenue_growth_4obs,total_revenue_growth_4obs,firm_trend,0.004572078996392751,0.004572078996392751
failure_pressure_conservative_v2_next_4obs,gradient_boosting,firm_core,42,num__total_assets,total_assets,accounting_fundamental,0.003662647947198486,0.003662647947198486
failure_pressure_conservative_v2_next_4obs,gradient_boosting,firm_core,42,num__total_assets_growth_4obs,total_assets_growth_4obs,firm_trend,0.003422095361157715,0.003422095361157715
failure_pressure_conservative_v2_next_4obs,gradient_boosting,firm_core,42,num__current_liabilities_growth_4obs,current_liabilities_growth_4obs,firm_trend,0.003389431799582802,0.003389431799582802
failure_pressure_conservative_v2_next_4obs,gradient_boosting,firm_core,42,num__receivables_assets,receivables_assets,financial_ratio,0.0033814198260053627,0.0033814198260053627
failure_pressure_conservative_v2_next_4obs,gradient_boosting,firm_core,42,num__cash_flow_operating,cash_flow_operating,accounting_fundamental,0.0029105129562274155,0.0029105129562274155
failure_pressure_conservative_v2_next_4obs,gradient_boosting,firm_core,42,num__total_liabilities,total_liabilities,accounting_fundamental,0.0025257060310444066,0.0025257060310444066
failure_pressure_conservative_v2_next_4obs,gradient_boosting,firm_core,42,num__missingindicator_total_assets_growth_4obs,total_assets_growth_4obs,firm_trend,0.002520680840808531,0.002520680840808531
failure_pressure_conservative_v2_next_4obs,gradient_boosting,firm_core,42,num__net_margin_lag1,net_margin_lag1,firm_trend,0.0024867288437468577,0.0024867288437468577
failure_pressure_conservative_v2_next_4obs,gradient_boosting,firm_core,42,num__net_margin,net_margin,financial_ratio,0.0023489697880569233,0.0023489697880569233
failure_pressure_conservative_v2_next_4obs,gradient_boosting,firm_core,42,num__equity_assets,equity_assets,financial_ratio,0.0022875226529060293,0.0022875226529060293
failure_pressure_conservative_v2_next_4obs,gradient_boosting,firm_core,42,num__current_assets,current_assets,accounting_fundamental,0.0017707217630071029,0.0017707217630071029
failure_pressure_conservative_v2_next_4obs,gradient_boosting,firm_core,42,num__operating_margin,operating_margin,financial_ratio,0.0016474289419999878,0.0016474289419999878
failure_pressure_conservative_v2_next_4obs,gradient_boosting,firm_core,42,num__missingindicator_roa_change_4obs,roa_change_4obs,firm_trend,0.0016173983107870406,0.0016173983107870406
failure_pressure_conservative_v2_next_4obs,gradient_boosting,firm_core,42,num__capex,capex,accounting_fundamental,0.001504980441760052,0.001504980441760052
failure_pressure_conservative_v2_next_4obs,gradient_boosting,firm_core,42,num__roa_change_4obs,roa_change_4obs,firm_trend,0.001473223302855924,0.001473223302855924
failure_pressure_conservative_v2_next_4obs,gradient_boosting,firm_core,42,num__total_revenue,total_revenue,accounting_fundamental,0.0013206024715773784,0.0013206024715773784
failure_pressure_conservative_v2_next_4obs,gradient_boosting,firm_core,42,num__current_liabilities,current_liabilities,accounting_fundamental,0.001300862179895758,0.001300862179895758
failure_pressure_conservative_v2_next_4obs,gradient_boosting,firm_core,42,num__operating_margin_change_4obs,operating_margin_change_4obs,firm_trend,0.0012257418558897016,0.0012257418558897016
failure_pressure_conservative_v2_next_4obs,gradient_boosting,firm_core,42,num__r_and_d_intensity,r_and_d_intensity,financial_ratio,0.0011889007316620446,0.0011889007316620446
failure_pressure_conservative_v2_next_4obs,gradient_boosting,firm_core,42,num__total_liabilities_growth_4obs,total_liabilities_growth_4obs,firm_trend,0.0011831953810714062,0.0011831953810714062
failure_pressure_conservative_v2_next_4obs,gradient_boosting,firm_core,42,num__current_ratio_change_4obs,current_ratio_change_4obs,firm_trend,0.0011085396036935077,0.0011085396036935077
failure_pressure_conservative_v2_next_4obs,gradient_boosting,firm_core,42,num__missingindicator_roa,roa,financial_ratio,0.0007549631354193149,0.0007549631354193149
failure_pressure_conservative_v2_next_4obs,gradient_boosting,firm_core,42,num__cash_equivalents,cash_equivalents,accounting_fundamental,0.0006363376889263834,0.0006363376889263834
failure_pressure_conservative_v2_next_4obs,gradient_boosting,firm_core,42,num__missingindicator_cash_assets_change_4obs,cash_assets_change_4obs,firm_trend,0.0005498051605687874,0.0005498051605687874
failure_pressure_conservative_v2_next_4obs,gradient_boosting,firm_core,42,num__missingindicator_equity_assets,equity_assets,financial_ratio,0.0004973054366812676,0.0004973054366812676
failure_pressure_conservative_v2_next_4obs,gradient_boosting,firm_core,42,num__cash_assets,cash_assets,financial_ratio,0.0004703354856318268,0.0004703354856318268
failure_pressure_conservative_v2_next_4obs,gradient_boosting,firm_core,42,cat__Sector_Real Estate,Sector_Real Estate,sector,0.0004512464524634455,0.0004512464524634455
failure_pressure_conservative_v2_next_4obs,logistic_l2,ratios_trends_only,42,cat__Sector_Consumer Defensive,Sector_Consumer Defensive,sector,1.8940818993700808,-1.8940818993700808
failure_pressure_conservative_v2_next_4obs,logistic_l2,ratios_trends_only,42,num__leverage_assets_lag1,leverage_assets_lag1,firm_trend,1.6951527388452559,-1.6951527388452559
failure_pressure_conservative_v2_next_4obs,logistic_l2,ratios_trends_only,42,num__roa_lag1,roa_lag1,firm_trend,1.6607538339166883,-1.6607538339166883
failure_pressure_conservative_v2_next_4obs,logistic_l2,ratios_trends_only,42,cat__Sector_Energy,Sector_Energy,sector,1.632946734263253,1.632946734263253
failure_pressure_conservative_v2_next_4obs,logistic_l2,ratios_trends_only,42,cat__Sector_Financial Services,Sector_Financial Services,sector,1.556501749270532,-1.556501749270532
failure_pressure_conservative_v2_next_4obs,logistic_l2,ratios_trends_only,42,num__net_income_negative_count_prior_4obs,net_income_negative_count_prior_4obs,firm_trend,1.4785281108748345,1.4785281108748345
failure_pressure_conservative_v2_next_4obs,logistic_l2,ratios_trends_only,42,cat__Sector_Consumer Discretionary,Sector_Consumer Discretionary,sector,1.4322623086329722,-1.4322623086329722
failure_pressure_conservative_v2_next_4obs,logistic_l2,ratios_trends_only,42,num__missingindicator_current_liabilities_growth_4obs,current_liabilities_growth_4obs,firm_trend,1.1029928394132094,-1.1029928394132094
failure_pressure_conservative_v2_next_4obs,logistic_l2,ratios_trends_only,42,num__missingindicator_total_assets_growth_4obs,total_assets_growth_4obs,firm_trend,0.7671265060293379,0.7671265060293379
failure_pressure_conservative_v2_next_4obs,logistic_l2,ratios_trends_only,42,num__r_and_d_intensity,r_and_d_intensity,financial_ratio,0.7121997120644767,0.7121997120644767
failure_pressure_conservative_v2_next_4obs,logistic_l2,ratios_trends_only,42,num__roa,roa,financial_ratio,0.6647904752912179,-0.6647904752912179
failure_pressure_conservative_v2_next_4obs,logistic_l2,ratios_trends_only,42,num__net_margin_lag1,net_margin_lag1,firm_trend,0.6328772024853876,-0.6328772024853876
failure_pressure_conservative_v2_next_4obs,logistic_l2,ratios_trends_only,42,cat__Sector_Utilities,Sector_Utilities,sector,0.6275694460997332,0.6275694460997332
failure_pressure_conservative_v2_next_4obs,logistic_l2,ratios_trends_only,42,num__operating_margin,operating_margin,financial_ratio,0.6005275430866495,-0.6005275430866495
failure_pressure_conservative_v2_next_4obs,logistic_l2,ratios_trends_only,42,num__operating_margin_lag1,operating_margin_lag1,firm_trend,0.5419417918611086,0.5419417918611086
failure_pressure_conservative_v2_next_4obs,logistic_l2,ratios_trends_only,42,num__equity_assets,equity_assets,financial_ratio,0.5000265710779059,-0.5000265710779059
failure_pressure_conservative_v2_next_4obs,logistic_l2,ratios_trends_only,42,cat__Sector_Communication Services,Sector_Communication Services,sector,0.43878331463871406,0.43878331463871406
failure_pressure_conservative_v2_next_4obs,logistic_l2,ratios_trends_only,42,num__missingindicator_net_margin_change_4obs,net_margin_change_4obs,firm_trend,0.423207789331534,0.423207789331534
failure_pressure_conservative_v2_next_4obs,logistic_l2,ratios_trends_only,42,num__missingindicator_total_revenue_growth_4obs,total_revenue_growth_4obs,firm_trend,0.40336766001559954,-0.40336766001559954
failure_pressure_conservative_v2_next_4obs,logistic_l2,ratios_trends_only,42,num__missingindicator_current_ratio_change_4obs,current_ratio_change_4obs,firm_trend,0.3839628863874751,0.3839628863874751
failure_pressure_conservative_v2_next_4obs,logistic_l2,ratios_trends_only,42,cat__Sector_Basic Materials,Sector_Basic Materials,sector,0.3769805326130131,0.3769805326130131
failure_pressure_conservative_v2_next_4obs,logistic_l2,ratios_trends_only,42,cat__Sector_Consumer Cyclical,Sector_Consumer Cyclical,sector,0.31916071049630107,0.31916071049630107
failure_pressure_conservative_v2_next_4obs,logistic_l2,ratios_trends_only,42,num__missingindicator_total_liabilities_growth_4obs,total_liabilities_growth_4obs,firm_trend,0.31078177865554335,-0.31078177865554335
failure_pressure_conservative_v2_next_4obs,logistic_l2,ratios_trends_only,42,num__cash_assets,cash_assets,financial_ratio,0.3070499440542102,0.3070499440542102
failure_pressure_conservative_v2_next_4obs,logistic_l2,ratios_trends_only,42,num__missingindicator_gross_margin,gross_margin,financial_ratio,0.2673872814237827,-0.2673872814237827
failure_pressure_conservative_v2_next_4obs,logistic_l2,ratios_trends_only,42,num__missingindicator_current_ratio_lag1,current_ratio_lag1,firm_trend,0.24936251405249502,0.24936251405249502
failure_pressure_conservative_v2_next_4obs,logistic_l2,ratios_trends_only,42,num__missingindicator_inventory_assets,inventory_assets,financial_ratio,0.24604206029158204,0.24604206029158204
failure_pressure_conservative_v2_next_4obs,logistic_l2,ratios_trends_only,42,cat__Sector_Healthcare,Sector_Healthcare,sector,0.23791681843941373,0.23791681843941373
failure_pressure_conservative_v2_next_4obs,logistic_l2,ratios_trends_only,42,num__missingindicator_leverage_assets_change_4obs,leverage_assets_change_4obs,firm_trend,0.1907108912649236,0.1907108912649236
failure_pressure_conservative_v2_next_4obs,logistic_l2,ratios_trends_only,42,num__missingindicator_cash_assets_lag1,cash_assets_lag1,firm_trend,0.17934318682886607,0.17934318682886607
failure_pressure_conservative_v2_next_4obs,logistic_l2,ratios_trends_only,42,cat__Sector_Real Estate,Sector_Real Estate,sector,0.16144743833299022,-0.16144743833299022
failure_pressure_conservative_v2_next_4obs,logistic_l2,ratios_trends_only,42,num__cash_assets_change_4obs,cash_assets_change_4obs,firm_trend,0.15949596321043552,-0.15949596321043552
failure_pressure_conservative_v2_next_4obs,logistic_l2,ratios_trends_only,42,num__missingindicator_current_ratio,current_ratio,financial_ratio,0.15640816508736846,0.15640816508736846
failure_pressure_conservative_v2_next_4obs,logistic_l2,ratios_trends_only,42,num__missingindicator_cash_equivalents_growth_4obs,cash_equivalents_growth_4obs,firm_trend,0.1562042734065771,-0.1562042734065771
failure_pressure_conservative_v2_next_4obs,logistic_l2,ratios_trends_only,42,num__net_margin_change_4obs,net_margin_change_4obs,firm_trend,0.1413925300374539,-0.1413925300374539
failure_pressure_conservative_v2_next_4obs,logistic_l2,ratios_trends_only,42,num__current_ratio,current_ratio,financial_ratio,0.13670393608635206,0.13670393608635206
failure_pressure_conservative_v2_next_4obs,logistic_l2,ratios_trends_only,42,num__missingindicator_cash_assets_change_4obs,cash_assets_change_4obs,firm_trend,0.13549152405078171,0.13549152405078171
failure_pressure_conservative_v2_next_4obs,logistic_l2,ratios_trends_only,42,num__missingindicator_roa,roa,financial_ratio,0.12679494475291242,-0.12679494475291242
failure_pressure_conservative_v2_next_4obs,logistic_l2,ratios_trends_only,42,num__operating_margin_change_4obs,operating_margin_change_4obs,firm_trend,0.09799444228621773,-0.09799444228621773
failure_pressure_conservative_v2_next_4obs,logistic_l2,ratios_trends_only,42,num__roa_change_4obs,roa_change_4obs,firm_trend,0.0958812042118877,-0.0958812042118877
failure_pressure_conservative_v2_next_4obs,random_forest,ratios_trends_only,42,num__net_income_negative_count_prior_4obs,net_income_negative_count_prior_4obs,firm_trend,0.17815743306278997,0.17815743306278997
failure_pressure_conservative_v2_next_4obs,random_forest,ratios_trends_only,42,num__roa,roa,financial_ratio,0.14438068366698037,0.14438068366698037
failure_pressure_conservative_v2_next_4obs,random_forest,ratios_trends_only,42,num__roa_lag1,roa_lag1,firm_trend,0.11257315437581224,0.11257315437581224
failure_pressure_conservative_v2_next_4obs,random_forest,ratios_trends_only,42,num__net_margin,net_margin,financial_ratio,0.07572384493617228,0.07572384493617228
failure_pressure_conservative_v2_next_4obs,random_forest,ratios_trends_only,42,num__net_margin_lag1,net_margin_lag1,firm_trend,0.06835218725959227,0.06835218725959227
failure_pressure_conservative_v2_next_4obs,random_forest,ratios_trends_only,42,num__operating_margin,operating_margin,financial_ratio,0.05977917326961273,0.05977917326961273
failure_pressure_conservative_v2_next_4obs,random_forest,ratios_trends_only,42,num__operating_margin_lag1,operating_margin_lag1,firm_trend,0.042101279780700614,0.042101279780700614
failure_pressure_conservative_v2_next_4obs,random_forest,ratios_trends_only,42,num__total_assets_growth_4obs,total_assets_growth_4obs,firm_trend,0.020342261851953796,0.020342261851953796
failure_pressure_conservative_v2_next_4obs,random_forest,ratios_trends_only,42,num__equity_assets,equity_assets,financial_ratio,0.018366092019773027,0.018366092019773027
failure_pressure_conservative_v2_next_4obs,random_forest,ratios_trends_only,42,num__cash_assets,cash_assets,financial_ratio,0.018176128844819395,0.018176128844819395
failure_pressure_conservative_v2_next_4obs,random_forest,ratios_trends_only,42,num__roa_change_4obs,roa_change_4obs,firm_trend,0.0175920906658342,0.0175920906658342
failure_pressure_conservative_v2_next_4obs,random_forest,ratios_trends_only,42,num__cash_assets_lag1,cash_assets_lag1,firm_trend,0.015413014243983756,0.015413014243983756
failure_pressure_conservative_v2_next_4obs,random_forest,ratios_trends_only,42,num__current_ratio,current_ratio,financial_ratio,0.013090317102862674,0.013090317102862674
failure_pressure_conservative_v2_next_4obs,random_forest,ratios_trends_only,42,num__current_ratio_lag1,current_ratio_lag1,firm_trend,0.01056292729814809,0.01056292729814809
failure_pressure_conservative_v2_next_4obs,random_forest,ratios_trends_only,42,num__receivables_assets,receivables_assets,financial_ratio,0.010379307424461753,0.010379307424461753
failure_pressure_conservative_v2_next_4obs,random_forest,ratios_trends_only,42,num__net_margin_change_4obs,net_margin_change_4obs,firm_trend,0.010221605930419153,0.010221605930419153
failure_pressure_conservative_v2_next_4obs,random_forest,ratios_trends_only,42,num__current_assets_growth_4obs,current_assets_growth_4obs,firm_trend,0.010030845880260125,0.010030845880260125
failure_pressure_conservative_v2_next_4obs,random_forest,ratios_trends_only,42,num__total_revenue_growth_4obs,total_revenue_growth_4obs,firm_trend,0.009964516521949763,0.009964516521949763
failure_pressure_conservative_v2_next_4obs,random_forest,ratios_trends_only,42,cat__Sector_Financial Services,Sector_Financial Services,sector,0.009817687704303914,0.009817687704303914
failure_pressure_conservative_v2_next_4obs,random_forest,ratios_trends_only,42,num__inventory_assets,inventory_assets,financial_ratio,0.00973713707374139,0.00973713707374139
failure_pressure_conservative_v2_next_4obs,random_forest,ratios_trends_only,42,num__operating_margin_change_4obs,operating_margin_change_4obs,firm_trend,0.008554890334035292,0.008554890334035292
failure_pressure_conservative_v2_next_4obs,random_forest,ratios_trends_only,42,num__leverage_assets,leverage_assets,financial_ratio,0.008522600087090333,0.008522600087090333
failure_pressure_conservative_v2_next_4obs,random_forest,ratios_trends_only,42,num__current_liabilities_growth_4obs,current_liabilities_growth_4obs,firm_trend,0.007328969134670845,0.007328969134670845
failure_pressure_conservative_v2_next_4obs,random_forest,ratios_trends_only,42,num__cash_assets_change_4obs,cash_assets_change_4obs,firm_trend,0.007324791248557734,0.007324791248557734
failure_pressure_conservative_v2_next_4obs,random_forest,ratios_trends_only,42,num__leverage_assets_lag1,leverage_assets_lag1,firm_trend,0.007209077089105804,0.007209077089105804
failure_pressure_conservative_v2_next_4obs,random_forest,ratios_trends_only,42,num__current_ratio_change_4obs,current_ratio_change_4obs,firm_trend,0.007109811163457644,0.007109811163457644
failure_pressure_conservative_v2_next_4obs,random_forest,ratios_trends_only,42,num__r_and_d_intensity,r_and_d_intensity,financial_ratio,0.0066544307198477745,0.0066544307198477745
failure_pressure_conservative_v2_next_4obs,random_forest,ratios_trends_only,42,num__leverage_assets_change_4obs,leverage_assets_change_4obs,firm_trend,0.006649521387424864,0.006649521387424864
failure_pressure_conservative_v2_next_4obs,random_forest,ratios_trends_only,42,cat__Sector_Energy,Sector_Energy,sector,0.006585220119046134,0.006585220119046134
failure_pressure_conservative_v2_next_4obs,random_forest,ratios_trends_only,42,num__total_liabilities_growth_4obs,total_liabilities_growth_4obs,firm_trend,0.006540861054116864,0.006540861054116864
failure_pressure_conservative_v2_next_4obs,random_forest,ratios_trends_only,42,num__cash_equivalents_growth_4obs,cash_equivalents_growth_4obs,firm_trend,0.006481636111780074,0.006481636111780074
failure_pressure_conservative_v2_next_4obs,random_forest,ratios_trends_only,42,num__missingindicator_current_ratio,current_ratio,financial_ratio,0.004244802750290346,0.004244802750290346
failure_pressure_conservative_v2_next_4obs,random_forest,ratios_trends_only,42,num__missingindicator_net_margin_lag1,net_margin_lag1,firm_trend,0.003707507675252077,0.003707507675252077
failure_pressure_conservative_v2_next_4obs,random_forest,ratios_trends_only,42,num__missingindicator_net_margin_change_4obs,net_margin_change_4obs,firm_trend,0.003342275117607359,0.003342275117607359
failure_pressure_conservative_v2_next_4obs,random_forest,ratios_trends_only,42,num__gross_margin,gross_margin,financial_ratio,0.0030791213804662212,0.0030791213804662212
failure_pressure_conservative_v2_next_4obs,random_forest,ratios_trends_only,42,num__missingindicator_net_margin,net_margin,financial_ratio,0.002820710065678502,0.002820710065678502
failure_pressure_conservative_v2_next_4obs,random_forest,ratios_trends_only,42,num__gross_margin_lag1,gross_margin_lag1,firm_trend,0.002739244338591219,0.002739244338591219
failure_pressure_conservative_v2_next_4obs,random_forest,ratios_trends_only,42,num__missingindicator_total_revenue_growth_4obs,total_revenue_growth_4obs,firm_trend,0.0027275388811027882,0.0027275388811027882
failure_pressure_conservative_v2_next_4obs,random_forest,ratios_trends_only,42,num__missingindicator_roa_lag1,roa_lag1,firm_trend,0.0026648781406613626,0.0026648781406613626
failure_pressure_conservative_v2_next_4obs,random_forest,ratios_trends_only,42,num__missingindicator_total_assets_growth_4obs,total_assets_growth_4obs,firm_trend,0.0022189238348072834,0.0022189238348072834
failure_pressure_conservative_v2_next_4obs,gradient_boosting,ratios_trends_only,42,num__net_income_negative_count_prior_4obs,net_income_negative_count_prior_4obs,firm_trend,0.6154363249928215,0.6154363249928215
failure_pressure_conservative_v2_next_4obs,gradient_boosting,ratios_trends_only,42,num__roa,roa,financial_ratio,0.18868504770271854,0.18868504770271854
failure_pressure_conservative_v2_next_4obs,gradient_boosting,ratios_trends_only,42,num__roa_lag1,roa_lag1,firm_trend,0.057412432975023825,0.057412432975023825
failure_pressure_conservative_v2_next_4obs,gradient_boosting,ratios_trends_only,42,num__operating_margin,operating_margin,financial_ratio,0.022747460308490088,0.022747460308490088
failure_pressure_conservative_v2_next_4obs,gradient_boosting,ratios_trends_only,42,cat__Sector_Financial Services,Sector_Financial Services,sector,0.015724422556530726,0.015724422556530726
failure_pressure_conservative_v2_next_4obs,gradient_boosting,ratios_trends_only,42,num__missingindicator_roa_lag1,roa_lag1,firm_trend,0.012786140618103507,0.012786140618103507
failure_pressure_conservative_v2_next_4obs,gradient_boosting,ratios_trends_only,42,num__operating_margin_lag1,operating_margin_lag1,firm_trend,0.012558184583705506,0.012558184583705506
failure_pressure_conservative_v2_next_4obs,gradient_boosting,ratios_trends_only,42,cat__Sector_Energy,Sector_Energy,sector,0.008607592066035605,0.008607592066035605
failure_pressure_conservative_v2_next_4obs,gradient_boosting,ratios_trends_only,42,num__inventory_assets,inventory_assets,financial_ratio,0.007622540878083691,0.007622540878083691
failure_pressure_conservative_v2_next_4obs,gradient_boosting,ratios_trends_only,42,num__cash_assets_lag1,cash_assets_lag1,firm_trend,0.006190570970093209,0.006190570970093209
failure_pressure_conservative_v2_next_4obs,gradient_boosting,ratios_trends_only,42,num__total_assets_growth_4obs,total_assets_growth_4obs,firm_trend,0.00496689289887594,0.00496689289887594
failure_pressure_conservative_v2_next_4obs,gradient_boosting,ratios_trends_only,42,num__missingindicator_total_assets_growth_4obs,total_assets_growth_4obs,firm_trend,0.0033808699325310284,0.0033808699325310284
failure_pressure_conservative_v2_next_4obs,gradient_boosting,ratios_trends_only,42,num__current_liabilities_growth_4obs,current_liabilities_growth_4obs,firm_trend,0.003232001433716301,0.003232001433716301
failure_pressure_conservative_v2_next_4obs,gradient_boosting,ratios_trends_only,42,num__current_ratio,current_ratio,financial_ratio,0.0032189525046355002,0.0032189525046355002
failure_pressure_conservative_v2_next_4obs,gradient_boosting,ratios_trends_only,42,num__cash_assets,cash_assets,financial_ratio,0.0031732670660590745,0.0031732670660590745
failure_pressure_conservative_v2_next_4obs,gradient_boosting,ratios_trends_only,42,num__missingindicator_roa_change_4obs,roa_change_4obs,firm_trend,0.0030024895292654983,0.0030024895292654983
failure_pressure_conservative_v2_next_4obs,gradient_boosting,ratios_trends_only,42,num__total_revenue_growth_4obs,total_revenue_growth_4obs,firm_trend,0.0025698102651866813,0.0025698102651866813
failure_pressure_conservative_v2_next_4obs,gradient_boosting,ratios_trends_only,42,num__receivables_assets,receivables_assets,financial_ratio,0.0022620684792580806,0.0022620684792580806
failure_pressure_conservative_v2_next_4obs,gradient_boosting,ratios_trends_only,42,num__roa_change_4obs,roa_change_4obs,firm_trend,0.002175502559131267,0.002175502559131267
failure_pressure_conservative_v2_next_4obs,gradient_boosting,ratios_trends_only,42,num__net_margin_lag1,net_margin_lag1,firm_trend,0.002162854165277699,0.002162854165277699
failure_pressure_conservative_v2_next_4obs,gradient_boosting,ratios_trends_only,42,num__current_assets_growth_4obs,current_assets_growth_4obs,firm_trend,0.0021222324470922035,0.0021222324470922035
failure_pressure_conservative_v2_next_4obs,gradient_boosting,ratios_trends_only,42,num__operating_margin_change_4obs,operating_margin_change_4obs,firm_trend,0.0020935922745547162,0.0020935922745547162
failure_pressure_conservative_v2_next_4obs,gradient_boosting,ratios_trends_only,42,num__leverage_assets,leverage_assets,financial_ratio,0.001862802349800554,0.001862802349800554
failure_pressure_conservative_v2_next_4obs,gradient_boosting,ratios_trends_only,42,num__equity_assets,equity_assets,financial_ratio,0.0018621726339345653,0.0018621726339345653
failure_pressure_conservative_v2_next_4obs,gradient_boosting,ratios_trends_only,42,num__total_liabilities_growth_4obs,total_liabilities_growth_4obs,firm_trend,0.0017403373572594675,0.0017403373572594675
failure_pressure_conservative_v2_next_4obs,gradient_boosting,ratios_trends_only,42,num__missingindicator_equity_assets,equity_assets,financial_ratio,0.001576539236703259,0.001576539236703259
failure_pressure_conservative_v2_next_4obs,gradient_boosting,ratios_trends_only,42,num__r_and_d_intensity,r_and_d_intensity,financial_ratio,0.0014048766920212727,0.0014048766920212727
failure_pressure_conservative_v2_next_4obs,gradient_boosting,ratios_trends_only,42,num__missingindicator_cash_assets_lag1,cash_assets_lag1,firm_trend,0.0011777803995562037,0.0011777803995562037
failure_pressure_conservative_v2_next_4obs,gradient_boosting,ratios_trends_only,42,num__leverage_assets_lag1,leverage_assets_lag1,firm_trend,0.0011035193976238725,0.0011035193976238725
failure_pressure_conservative_v2_next_4obs,gradient_boosting,ratios_trends_only,42,num__missingindicator_roa,roa,financial_ratio,0.000953162294177531,0.000953162294177531
failure_pressure_conservative_v2_next_4obs,gradient_boosting,ratios_trends_only,42,num__current_ratio_change_4obs,current_ratio_change_4obs,firm_trend,0.000869563172336566,0.000869563172336566
failure_pressure_conservative_v2_next_4obs,gradient_boosting,ratios_trends_only,42,num__net_margin,net_margin,financial_ratio,0.0006860876155393405,0.0006860876155393405
failure_pressure_conservative_v2_next_4obs,gradient_boosting,ratios_trends_only,42,num__leverage_assets_change_4obs,leverage_assets_change_4obs,firm_trend,0.000505149883606615,0.000505149883606615
failure_pressure_conservative_v2_next_4obs,gradient_boosting,ratios_trends_only,42,num__current_ratio_lag1,current_ratio_lag1,firm_trend,0.0004569956614995098,0.0004569956614995098
failure_pressure_conservative_v2_next_4obs,gradient_boosting,ratios_trends_only,42,num__missingindicator_cash_assets_change_4obs,cash_assets_change_4obs,firm_trend,0.00038769801444482865,0.00038769801444482865
failure_pressure_conservative_v2_next_4obs,gradient_boosting,ratios_trends_only,42,num__missingindicator_total_revenue_growth_4obs,total_revenue_growth_4obs,firm_trend,0.00038459962764478007,0.00038459962764478007
failure_pressure_conservative_v2_next_4obs,gradient_boosting,ratios_trends_only,42,num__missingindicator_inventory_assets,inventory_assets,financial_ratio,0.0003521986387977743,0.0003521986387977743
failure_pressure_conservative_v2_next_4obs,gradient_boosting,ratios_trends_only,42,num__missingindicator_current_ratio,current_ratio,financial_ratio,0.0003476480651493831,0.0003476480651493831
failure_pressure_conservative_v2_next_4obs,gradient_boosting,ratios_trends_only,42,cat__Sector_Communication Services,Sector_Communication Services,sector,0.00032390236651650025,0.00032390236651650025
failure_pressure_conservative_v2_next_4obs,gradient_boosting,ratios_trends_only,42,cat__Sector_Basic Materials,Sector_Basic Materials,sector,0.00030561533443941363,0.00030561533443941363
failure_pressure_conservative_v2_next_4obs,logistic_l2,raw_accounting_only,42,num__total_equity,total_equity,accounting_fundamental,2.758016588582765,-2.758016588582765
failure_pressure_conservative_v2_next_4obs,logistic_l2,raw_accounting_only,42,cat__Sector_Consumer Discretionary,Sector_Consumer Discretionary,sector,2.3873948761471984,-2.3873948761471984
failure_pressure_conservative_v2_next_4obs,logistic_l2,raw_accounting_only,42,cat__Sector_Financial Services,Sector_Financial Services,sector,1.9735049050225937,-1.9735049050225937
failure_pressure_conservative_v2_next_4obs,logistic_l2,raw_accounting_only,42,cat__Sector_Consumer Defensive,Sector_Consumer Defensive,sector,1.9381583933896906,-1.9381583933896906
failure_pressure_conservative_v2_next_4obs,logistic_l2,raw_accounting_only,42,num__net_income,net_income,accounting_fundamental,1.5316650999298262,-1.5316650999298262
failure_pressure_conservative_v2_next_4obs,logistic_l2,raw_accounting_only,42,num__current_assets,current_assets,accounting_fundamental,1.5139872781837986,-1.5139872781837986
failure_pressure_conservative_v2_next_4obs,logistic_l2,raw_accounting_only,42,cat__Sector_Energy,Sector_Energy,sector,1.4039203821081476,1.4039203821081476
failure_pressure_conservative_v2_next_4obs,logistic_l2,raw_accounting_only,42,cat__Sector_Healthcare,Sector_Healthcare,sector,1.3307739782220405,1.3307739782220405
failure_pressure_conservative_v2_next_4obs,logistic_l2,raw_accounting_only,42,num__total_assets,total_assets,accounting_fundamental,1.222293740826786,1.222293740826786
failure_pressure_conservative_v2_next_4obs,logistic_l2,raw_accounting_only,42,num__missingindicator_current_liabilities,current_liabilities,accounting_fundamental,1.1957828258328072,-1.1957828258328072
failure_pressure_conservative_v2_next_4obs,logistic_l2,raw_accounting_only,42,cat__Sector_Communication Services,Sector_Communication Services,sector,1.0716804729342047,1.0716804729342047
failure_pressure_conservative_v2_next_4obs,logistic_l2,raw_accounting_only,42,num__current_liabilities,current_liabilities,accounting_fundamental,1.0373939159070469,1.0373939159070469
failure_pressure_conservative_v2_next_4obs,logistic_l2,raw_accounting_only,42,num__operating_income,operating_income,accounting_fundamental,0.8887388635851087,-0.8887388635851087
failure_pressure_conservative_v2_next_4obs,logistic_l2,raw_accounting_only,42,num__missingindicator_current_assets,current_assets,accounting_fundamental,0.7971386313503641,0.7971386313503641
failure_pressure_conservative_v2_next_4obs,logistic_l2,raw_accounting_only,42,cat__Sector_Basic Materials,Sector_Basic Materials,sector,0.7874974862289972,-0.7874974862289972
failure_pressure_conservative_v2_next_4obs,logistic_l2,raw_accounting_only,42,num__total_liabilities,total_liabilities,accounting_fundamental,0.6393196665370363,0.6393196665370363
failure_pressure_conservative_v2_next_4obs,logistic_l2,raw_accounting_only,42,num__gross_profit,gross_profit,accounting_fundamental,0.5055664864724206,-0.5055664864724206
failure_pressure_conservative_v2_next_4obs,logistic_l2,raw_accounting_only,42,cat__Sector_Consumer Cyclical,Sector_Consumer Cyclical,sector,0.5015393646854486,0.5015393646854486
failure_pressure_conservative_v2_next_4obs,logistic_l2,raw_accounting_only,42,cat__Sector_Real Estate,Sector_Real Estate,sector,0.492207472824778,0.492207472824778
failure_pressure_conservative_v2_next_4obs,logistic_l2,raw_accounting_only,42,cat__Sector_Agriculture,Sector_Agriculture,sector,0.31613994165260423,0.31613994165260423
failure_pressure_conservative_v2_next_4obs,logistic_l2,raw_accounting_only,42,num__capex,capex,accounting_fundamental,0.3106288266429551,0.3106288266429551
failure_pressure_conservative_v2_next_4obs,logistic_l2,raw_accounting_only,42,num__cash_equivalents,cash_equivalents,accounting_fundamental,0.29610718903280153,0.29610718903280153
failure_pressure_conservative_v2_next_4obs,logistic_l2,raw_accounting_only,42,num__missingindicator_total_liabilities,total_liabilities,accounting_fundamental,0.2805389024060784,-0.2805389024060784
failure_pressure_conservative_v2_next_4obs,logistic_l2,raw_accounting_only,42,cat__Sector_Technology,Sector_Technology,sector,0.27300011401280494,0.27300011401280494
failure_pressure_conservative_v2_next_4obs,logistic_l2,raw_accounting_only,42,num__total_revenue,total_revenue,accounting_fundamental,0.212651501824473,-0.212651501824473
failure_pressure_conservative_v2_next_4obs,logistic_l2,raw_accounting_only,42,num__missingindicator_cash_equivalents,cash_equivalents,accounting_fundamental,0.1926309345094753,0.1926309345094753
failure_pressure_conservative_v2_next_4obs,logistic_l2,raw_accounting_only,42,num__missingindicator_net_income,net_income,accounting_fundamental,0.14818521313998334,-0.14818521313998334
failure_pressure_conservative_v2_next_4obs,logistic_l2,raw_accounting_only,42,num__missingindicator_gross_profit,gross_profit,accounting_fundamental,0.14190455381626174,-0.14190455381626174
failure_pressure_conservative_v2_next_4obs,logistic_l2,raw_accounting_only,42,num__missingindicator_capex,capex,accounting_fundamental,0.12968132823980089,0.12968132823980089
failure_pressure_conservative_v2_next_4obs,logistic_l2,raw_accounting_only,42,num__missingindicator_operating_income,operating_income,accounting_fundamental,0.12015185908589367,0.12015185908589367
failure_pressure_conservative_v2_next_4obs,logistic_l2,raw_accounting_only,42,num__missingindicator_total_assets,total_assets,accounting_fundamental,0.11566454304581084,0.11566454304581084
failure_pressure_conservative_v2_next_4obs,logistic_l2,raw_accounting_only,42,num__missingindicator_total_revenue,total_revenue,accounting_fundamental,0.08163869953082464,0.08163869953082464
failure_pressure_conservative_v2_next_4obs,logistic_l2,raw_accounting_only,42,cat__Sector_Industrials,Sector_Industrials,sector,0.06395013443792506,-0.06395013443792506
failure_pressure_conservative_v2_next_4obs,logistic_l2,raw_accounting_only,42,cat__Sector_Utilities,Sector_Utilities,sector,0.048912921911422345,0.048912921911422345
failure_pressure_conservative_v2_next_4obs,logistic_l2,raw_accounting_only,42,num__cash_flow_operating,cash_flow_operating,accounting_fundamental,0.02505187451408573,-0.02505187451408573
failure_pressure_conservative_v2_next_4obs,logistic_l2,raw_accounting_only,42,num__missingindicator_cash_flow_operating,cash_flow_operating,accounting_fundamental,0.020295737918873284,0.020295737918873284
failure_pressure_conservative_v2_next_4obs,logistic_l2,raw_accounting_only,42,num__missingindicator_total_equity,total_equity,accounting_fundamental,0.0009732699426672194,0.0009732699426672194
failure_pressure_conservative_v2_next_4obs,random_forest,raw_accounting_only,42,num__net_income,net_income,accounting_fundamental,0.31798104625214474,0.31798104625214474
failure_pressure_conservative_v2_next_4obs,random_forest,raw_accounting_only,42,num__operating_income,operating_income,accounting_fundamental,0.1537549840643511,0.1537549840643511
failure_pressure_conservative_v2_next_4obs,random_forest,raw_accounting_only,42,num__total_equity,total_equity,accounting_fundamental,0.08084471258705204,0.08084471258705204
failure_pressure_conservative_v2_next_4obs,random_forest,raw_accounting_only,42,num__total_assets,total_assets,accounting_fundamental,0.0677987465598887,0.0677987465598887
failure_pressure_conservative_v2_next_4obs,random_forest,raw_accounting_only,42,num__current_assets,current_assets,accounting_fundamental,0.057011981407091246,0.057011981407091246
failure_pressure_conservative_v2_next_4obs,random_forest,raw_accounting_only,42,num__current_liabilities,current_liabilities,accounting_fundamental,0.05254418866712877,0.05254418866712877
failure_pressure_conservative_v2_next_4obs,random_forest,raw_accounting_only,42,num__total_revenue,total_revenue,accounting_fundamental,0.03985542734349719,0.03985542734349719
failure_pressure_conservative_v2_next_4obs,random_forest,raw_accounting_only,42,num__cash_equivalents,cash_equivalents,accounting_fundamental,0.038232588159424666,0.038232588159424666
failure_pressure_conservative_v2_next_4obs,random_forest,raw_accounting_only,42,num__total_liabilities,total_liabilities,accounting_fundamental,0.038105349389612714,0.038105349389612714
failure_pressure_conservative_v2_next_4obs,random_forest,raw_accounting_only,42,num__cash_flow_operating,cash_flow_operating,accounting_fundamental,0.034307751540302155,0.034307751540302155
failure_pressure_conservative_v2_next_4obs,random_forest,raw_accounting_only,42,num__capex,capex,accounting_fundamental,0.0226356981590657,0.0226356981590657
failure_pressure_conservative_v2_next_4obs,random_forest,raw_accounting_only,42,num__gross_profit,gross_profit,accounting_fundamental,0.015420655573620582,0.015420655573620582
failure_pressure_conservative_v2_next_4obs,random_forest,raw_accounting_only,42,cat__Sector_Energy,Sector_Energy,sector,0.015031682266096974,0.015031682266096974
failure_pressure_conservative_v2_next_4obs,random_forest,raw_accounting_only,42,cat__Sector_Financial Services,Sector_Financial Services,sector,0.007830928585918898,0.007830928585918898
failure_pressure_conservative_v2_next_4obs,random_forest,raw_accounting_only,42,cat__Sector_Communication Services,Sector_Communication Services,sector,0.005982655772202135,0.005982655772202135
failure_pressure_conservative_v2_next_4obs,random_forest,raw_accounting_only,42,num__missingindicator_capex,capex,accounting_fundamental,0.005192624914628902,0.005192624914628902
failure_pressure_conservative_v2_next_4obs,random_forest,raw_accounting_only,42,cat__Sector_Industrials,Sector_Industrials,sector,0.005038005852942335,0.005038005852942335
failure_pressure_conservative_v2_next_4obs,random_forest,raw_accounting_only,42,num__missingindicator_total_liabilities,total_liabilities,accounting_fundamental,0.004492541102779407,0.004492541102779407
failure_pressure_conservative_v2_next_4obs,random_forest,raw_accounting_only,42,num__missingindicator_cash_flow_operating,cash_flow_operating,accounting_fundamental,0.00393656873156685,0.00393656873156685
failure_pressure_conservative_v2_next_4obs,random_forest,raw_accounting_only,42,num__missingindicator_operating_income,operating_income,accounting_fundamental,0.0038507488547085992,0.0038507488547085992
failure_pressure_conservative_v2_next_4obs,random_forest,raw_accounting_only,42,num__missingindicator_gross_profit,gross_profit,accounting_fundamental,0.0035742968963506615,0.0035742968963506615
failure_pressure_conservative_v2_next_4obs,random_forest,raw_accounting_only,42,num__missingindicator_total_revenue,total_revenue,accounting_fundamental,0.0033951935825511856,0.0033951935825511856
failure_pressure_conservative_v2_next_4obs,random_forest,raw_accounting_only,42,num__missingindicator_current_liabilities,current_liabilities,accounting_fundamental,0.003211821560310958,0.003211821560310958
failure_pressure_conservative_v2_next_4obs,random_forest,raw_accounting_only,42,cat__Sector_Utilities,Sector_Utilities,sector,0.002943880855802334,0.002943880855802334
failure_pressure_conservative_v2_next_4obs,random_forest,raw_accounting_only,42,num__missingindicator_current_assets,current_assets,accounting_fundamental,0.002881834997930376,0.002881834997930376
failure_pressure_conservative_v2_next_4obs,random_forest,raw_accounting_only,42,cat__Sector_Real Estate,Sector_Real Estate,sector,0.0022604326389457866,0.0022604326389457866
failure_pressure_conservative_v2_next_4obs,random_forest,raw_accounting_only,42,cat__Sector_Consumer Cyclical,Sector_Consumer Cyclical,sector,0.0022464562572408215,0.0022464562572408215
failure_pressure_conservative_v2_next_4obs,random_forest,raw_accounting_only,42,cat__Sector_Technology,Sector_Technology,sector,0.002225849585068841,0.002225849585068841
failure_pressure_conservative_v2_next_4obs,random_forest,raw_accounting_only,42,cat__Sector_Healthcare,Sector_Healthcare,sector,0.0018946373950319245,0.0018946373950319245
failure_pressure_conservative_v2_next_4obs,random_forest,raw_accounting_only,42,num__missingindicator_total_equity,total_equity,accounting_fundamental,0.0014842559545099325,0.0014842559545099325
failure_pressure_conservative_v2_next_4obs,random_forest,raw_accounting_only,42,num__missingindicator_total_assets,total_assets,accounting_fundamental,0.0010053405110139317,0.0010053405110139317
failure_pressure_conservative_v2_next_4obs,random_forest,raw_accounting_only,42,num__missingindicator_cash_equivalents,cash_equivalents,accounting_fundamental,0.0009000221996185954,0.0009000221996185954
failure_pressure_conservative_v2_next_4obs,random_forest,raw_accounting_only,42,cat__Sector_Consumer Defensive,Sector_Consumer Defensive,sector,0.0007091913528881092,0.0007091913528881092
failure_pressure_conservative_v2_next_4obs,random_forest,raw_accounting_only,42,num__missingindicator_net_income,net_income,accounting_fundamental,0.0006116281703715623,0.0006116281703715623
failure_pressure_conservative_v2_next_4obs,random_forest,raw_accounting_only,42,cat__Sector_Basic Materials,Sector_Basic Materials,sector,0.0005211303782158417,0.0005211303782158417
failure_pressure_conservative_v2_next_4obs,random_forest,raw_accounting_only,42,cat__Sector_Agriculture,Sector_Agriculture,sector,0.00023668725109085781,0.00023668725109085781
failure_pressure_conservative_v2_next_4obs,random_forest,raw_accounting_only,42,cat__Sector_Consumer Discretionary,Sector_Consumer Discretionary,sector,4.8454629034422194e-05,4.8454629034422194e-05
failure_pressure_conservative_v2_next_4obs,gradient_boosting,raw_accounting_only,42,num__net_income,net_income,accounting_fundamental,0.7582400482869006,0.7582400482869006
failure_pressure_conservative_v2_next_4obs,gradient_boosting,raw_accounting_only,42,num__operating_income,operating_income,accounting_fundamental,0.09360637549142181,0.09360637549142181
failure_pressure_conservative_v2_next_4obs,gradient_boosting,raw_accounting_only,42,num__total_equity,total_equity,accounting_fundamental,0.03563537782224464,0.03563537782224464
failure_pressure_conservative_v2_next_4obs,gradient_boosting,raw_accounting_only,42,cat__Sector_Energy,Sector_Energy,sector,0.01931217522257886,0.01931217522257886
failure_pressure_conservative_v2_next_4obs,gradient_boosting,raw_accounting_only,42,cat__Sector_Financial Services,Sector_Financial Services,sector,0.015515390294733393,0.015515390294733393
failure_pressure_conservative_v2_next_4obs,gradient_boosting,raw_accounting_only,42,num__total_assets,total_assets,accounting_fundamental,0.014185997870222606,0.014185997870222606
failure_pressure_conservative_v2_next_4obs,gradient_boosting,raw_accounting_only,42,num__current_liabilities,current_liabilities,accounting_fundamental,0.009137568883489834,0.009137568883489834
failure_pressure_conservative_v2_next_4obs,gradient_boosting,raw_accounting_only,42,num__cash_flow_operating,cash_flow_operating,accounting_fundamental,0.009110913875555928,0.009110913875555928
failure_pressure_conservative_v2_next_4obs,gradient_boosting,raw_accounting_only,42,num__cash_equivalents,cash_equivalents,accounting_fundamental,0.007782304276336407,0.007782304276336407
failure_pressure_conservative_v2_next_4obs,gradient_boosting,raw_accounting_only,42,num__current_assets,current_assets,accounting_fundamental,0.006888678280510534,0.006888678280510534
failure_pressure_conservative_v2_next_4obs,gradient_boosting,raw_accounting_only,42,num__total_revenue,total_revenue,accounting_fundamental,0.005200790292345363,0.005200790292345363
failure_pressure_conservative_v2_next_4obs,gradient_boosting,raw_accounting_only,42,num__capex,capex,accounting_fundamental,0.005176189231307782,0.005176189231307782
failure_pressure_conservative_v2_next_4obs,gradient_boosting,raw_accounting_only,42,num__total_liabilities,total_liabilities,accounting_fundamental,0.0037098505156080135,0.0037098505156080135
failure_pressure_conservative_v2_next_4obs,gradient_boosting,raw_accounting_only,42,cat__Sector_Communication Services,Sector_Communication Services,sector,0.0030436226609765124,0.0030436226609765124
failure_pressure_conservative_v2_next_4obs,gradient_boosting,raw_accounting_only,42,num__gross_profit,gross_profit,accounting_fundamental,0.002723693515253276,0.002723693515253276
failure_pressure_conservative_v2_next_4obs,gradient_boosting,raw_accounting_only,42,num__missingindicator_total_assets,total_assets,accounting_fundamental,0.0025770424912548587,0.0025770424912548587
failure_pressure_conservative_v2_next_4obs,gradient_boosting,raw_accounting_only,42,num__missingindicator_cash_flow_operating,cash_flow_operating,accounting_fundamental,0.0016626680273736595,0.0016626680273736595
failure_pressure_conservative_v2_next_4obs,gradient_boosting,raw_accounting_only,42,cat__Sector_Real Estate,Sector_Real Estate,sector,0.0016045286845983526,0.0016045286845983526
failure_pressure_conservative_v2_next_4obs,gradient_boosting,raw_accounting_only,42,num__missingindicator_total_equity,total_equity,accounting_fundamental,0.0008611353122736304,0.0008611353122736304
failure_pressure_conservative_v2_next_4obs,gradient_boosting,raw_accounting_only,42,num__missingindicator_operating_income,operating_income,accounting_fundamental,0.0007363222171222403,0.0007363222171222403
failure_pressure_conservative_v2_next_4obs,gradient_boosting,raw_accounting_only,42,cat__Sector_Agriculture,Sector_Agriculture,sector,0.0006799854204994319,0.0006799854204994319
failure_pressure_conservative_v2_next_4obs,gradient_boosting,raw_accounting_only,42,num__missingindicator_current_assets,current_assets,accounting_fundamental,0.0004706399204014323,0.0004706399204014323
failure_pressure_conservative_v2_next_4obs,gradient_boosting,raw_accounting_only,42,cat__Sector_Industrials,Sector_Industrials,sector,0.000415799206159197,0.000415799206159197
failure_pressure_conservative_v2_next_4obs,gradient_boosting,raw_accounting_only,42,num__missingindicator_capex,capex,accounting_fundamental,0.0004035264800166987,0.0004035264800166987
failure_pressure_conservative_v2_next_4obs,gradient_boosting,raw_accounting_only,42,cat__Sector_Consumer Discretionary,Sector_Consumer Discretionary,sector,0.0003274609192056409,0.0003274609192056409
failure_pressure_conservative_v2_next_4obs,gradient_boosting,raw_accounting_only,42,cat__Sector_Utilities,Sector_Utilities,sector,0.00026170546446491395,0.00026170546446491395
failure_pressure_conservative_v2_next_4obs,gradient_boosting,raw_accounting_only,42,num__missingindicator_total_liabilities,total_liabilities,accounting_fundamental,0.0002613138250996269,0.0002613138250996269
failure_pressure_conservative_v2_next_4obs,gradient_boosting,raw_accounting_only,42,num__missingindicator_current_liabilities,current_liabilities,accounting_fundamental,0.0002250105440892259,0.0002250105440892259
failure_pressure_conservative_v2_next_4obs,gradient_boosting,raw_accounting_only,42,num__missingindicator_total_revenue,total_revenue,accounting_fundamental,0.00020459205275703872,0.00020459205275703872
failure_pressure_conservative_v2_next_4obs,gradient_boosting,raw_accounting_only,42,cat__Sector_Consumer Defensive,Sector_Consumer Defensive,sector,3.929291519849442e-05,3.929291519849442e-05
failure_pressure_conservative_v2_next_4obs,gradient_boosting,raw_accounting_only,42,cat__Sector_Basic Materials,Sector_Basic Materials,sector,0.0,0.0
failure_pressure_conservative_v2_next_4obs,gradient_boosting,raw_accounting_only,42,cat__Sector_Consumer Cyclical,Sector_Consumer Cyclical,sector,0.0,0.0
failure_pressure_conservative_v2_next_4obs,gradient_boosting,raw_accounting_only,42,num__missingindicator_net_income,net_income,accounting_fundamental,0.0,0.0
failure_pressure_conservative_v2_next_4obs,gradient_boosting,raw_accounting_only,42,num__missingindicator_gross_profit,gross_profit,accounting_fundamental,0.0,0.0
failure_pressure_conservative_v2_next_4obs,gradient_boosting,raw_accounting_only,42,num__missingindicator_cash_equivalents,cash_equivalents,accounting_fundamental,0.0,0.0
failure_pressure_conservative_v2_next_4obs,gradient_boosting,raw_accounting_only,42,cat__Sector_Healthcare,Sector_Healthcare,sector,0.0,0.0
failure_pressure_conservative_v2_next_4obs,gradient_boosting,raw_accounting_only,42,cat__Sector_Technology,Sector_Technology,sector,0.0,0.0
failure_pressure_conservative_v2_next_4obs,logistic_l2,macro_event_only,42,num__GDPC1,GDPC1,macro,4.476307886558452,-4.476307886558452
failure_pressure_conservative_v2_next_4obs,logistic_l2,macro_event_only,42,cat__Sector_Consumer Defensive,Sector_Consumer Defensive,sector,3.0127631965011115,-3.0127631965011115
failure_pressure_conservative_v2_next_4obs,logistic_l2,macro_event_only,42,num__PAYEMS,PAYEMS,macro,2.857724475340172,2.857724475340172
failure_pressure_conservative_v2_next_4obs,logistic_l2,macro_event_only,42,num__RSAFS,RSAFS,macro,1.8652822787380756,1.8652822787380756
failure_pressure_conservative_v2_next_4obs,logistic_l2,macro_event_only,42,cat__Sector_Financial Services,Sector_Financial Services,sector,1.8195880549847396,-1.8195880549847396
failure_pressure_conservative_v2_next_4obs,logistic_l2,macro_event_only,42,cat__Sector_Consumer Discretionary,Sector_Consumer Discretionary,sector,1.7870890670259314,-1.7870890670259314
failure_pressure_conservative_v2_next_4obs,logistic_l2,macro_event_only,42,cat__Sector_Energy,Sector_Energy,sector,1.473215396824174,1.473215396824174
failure_pressure_conservative_v2_next_4obs,logistic_l2,macro_event_only,42,cat__Sector_Healthcare,Sector_Healthcare,sector,1.3305653616588615,1.3305653616588615
failure_pressure_conservative_v2_next_4obs,logistic_l2,macro_event_only,42,num__CPIAUCSL,CPIAUCSL,macro,1.2977706122982045,1.2977706122982045
failure_pressure_conservative_v2_next_4obs,logistic_l2,macro_event_only,42,cat__Sector_Communication Services,Sector_Communication Services,sector,1.1521277753552999,1.1521277753552999
failure_pressure_conservative_v2_next_4obs,logistic_l2,macro_event_only,42,num__BUSLOANS_yoy_pct,BUSLOANS_yoy_pct,macro,0.8394498594594251,-0.8394498594594251
failure_pressure_conservative_v2_next_4obs,logistic_l2,macro_event_only,42,num__BUSLOANS,BUSLOANS,macro,0.7916828634759596,-0.7916828634759596
failure_pressure_conservative_v2_next_4obs,logistic_l2,macro_event_only,42,cat__Sector_Consumer Cyclical,Sector_Consumer Cyclical,sector,0.7468361155859919,0.7468361155859919
failure_pressure_conservative_v2_next_4obs,logistic_l2,macro_event_only,42,num__tight_financial_conditions,tight_financial_conditions,regime_time,0.7004941634318106,0.7004941634318106
failure_pressure_conservative_v2_next_4obs,logistic_l2,macro_event_only,42,cat__Sector_Agriculture,Sector_Agriculture,sector,0.5678967555144521,0.5678967555144521
failure_pressure_conservative_v2_next_4obs,logistic_l2,macro_event_only,42,num__M2SL,M2SL,macro,0.5282083582604433,0.5282083582604433
failure_pressure_conservative_v2_next_4obs,logistic_l2,macro_event_only,42,cat__Sector_Real Estate,Sector_Real Estate,sector,0.4959633079101236,0.4959633079101236
failure_pressure_conservative_v2_next_4obs,logistic_l2,macro_event_only,42,num__BAMLH0A0HYM2,BAMLH0A0HYM2,macro,0.4466287754871388,0.4466287754871388
failure_pressure_conservative_v2_next_4obs,logistic_l2,macro_event_only,42,cat__Sector_Technology,Sector_Technology,sector,0.44373983706901,0.44373983706901
failure_pressure_conservative_v2_next_4obs,logistic_l2,macro_event_only,42,num__FEDFUNDS,FEDFUNDS,macro,0.3466481215177672,-0.3466481215177672
failure_pressure_conservative_v2_next_4obs,logistic_l2,macro_event_only,42,num__PAYEMS_yoy_pct,PAYEMS_yoy_pct,macro,0.3291184733126988,0.3291184733126988
failure_pressure_conservative_v2_next_4obs,logistic_l2,macro_event_only,42,num__NFCI,NFCI,macro,0.32061321087581834,0.32061321087581834
failure_pressure_conservative_v2_next_4obs,logistic_l2,macro_event_only,42,num__PPIACO_yoy_pct,PPIACO_yoy_pct,macro,0.3035751078768493,-0.3035751078768493
failure_pressure_conservative_v2_next_4obs,logistic_l2,macro_event_only,42,num__DCOILWTICO_yoy_pct,DCOILWTICO_yoy_pct,macro,0.297022193144651,-0.297022193144651
failure_pressure_conservative_v2_next_4obs,logistic_l2,macro_event_only,42,num__VIXCLS,VIXCLS,macro,0.26758742756945453,-0.26758742756945453
failure_pressure_conservative_v2_next_4obs,logistic_l2,macro_event_only,42,num__demand_slowdown_regime,demand_slowdown_regime,regime_time,0.262505664504412,-0.262505664504412
failure_pressure_conservative_v2_next_4obs,logistic_l2,macro_event_only,42,num__INDPRO_yoy_pct,INDPRO_yoy_pct,macro,0.22305026678022577,0.22305026678022577
failure_pressure_conservative_v2_next_4obs,logistic_l2,macro_event_only,42,num__PPIACO,PPIACO,macro,0.22050429803195598,0.22050429803195598
failure_pressure_conservative_v2_next_4obs,logistic_l2,macro_event_only,42,cat__Sector_Basic Materials,Sector_Basic Materials,sector,0.20007016263706423,-0.20007016263706423
failure_pressure_conservative_v2_next_4obs,logistic_l2,macro_event_only,42,num__credit_tightening_regime,credit_tightening_regime,regime_time,0.1990620510768805,0.1990620510768805
failure_pressure_conservative_v2_next_4obs,logistic_l2,macro_event_only,42,num__crisis_regime,crisis_regime,regime_time,0.1861938488685403,-0.1861938488685403
failure_pressure_conservative_v2_next_4obs,logistic_l2,macro_event_only,42,num__global_event_financial_crisis_count,global_event_financial_crisis_count,global_event_context,0.1861938488685403,-0.1861938488685403
failure_pressure_conservative_v2_next_4obs,logistic_l2,macro_event_only,42,num__global_event_financial_crisis_severity,global_event_financial_crisis_severity,global_event_context,0.18619384886847895,-0.18619384886847895
failure_pressure_conservative_v2_next_4obs,logistic_l2,macro_event_only,42,num__DTWEXBGS,DTWEXBGS,macro,0.18079943175419855,-0.18079943175419855
failure_pressure_conservative_v2_next_4obs,logistic_l2,macro_event_only,42,num__DRTSCILM,DRTSCILM,macro,0.1786455805137678,-0.1786455805137678
failure_pressure_conservative_v2_next_4obs,logistic_l2,macro_event_only,42,num__HOUST,HOUST,macro,0.14747591158156267,-0.14747591158156267
failure_pressure_conservative_v2_next_4obs,logistic_l2,macro_event_only,42,num__UNRATE,UNRATE,macro,0.1289988033370924,-0.1289988033370924
failure_pressure_conservative_v2_next_4obs,logistic_l2,macro_event_only,42,num__DCOILWTICO,DCOILWTICO,macro,0.11083518886565544,-0.11083518886565544
failure_pressure_conservative_v2_next_4obs,logistic_l2,macro_event_only,42,num__GS10,GS10,macro,0.1069028723636089,0.1069028723636089
failure_pressure_conservative_v2_next_4obs,logistic_l2,macro_event_only,42,num__CPIAUCSL_yoy_pct,CPIAUCSL_yoy_pct,macro,0.10445279466069417,-0.10445279466069417
failure_pressure_conservative_v2_next_4obs,random_forest,macro_event_only,42,cat__Sector_Financial Services,Sector_Financial Services,sector,0.0954390885367883,0.0954390885367883
failure_pressure_conservative_v2_next_4obs,random_forest,macro_event_only,42,num__USEPUINDXD,USEPUINDXD,macro,0.05298872985901289,0.05298872985901289
failure_pressure_conservative_v2_next_4obs,random_forest,macro_event_only,42,num__DCOILWTICO_yoy_pct,DCOILWTICO_yoy_pct,macro,0.050935338888430035,0.050935338888430035
failure_pressure_conservative_v2_next_4obs,random_forest,macro_event_only,42,num__DTWEXBGS,DTWEXBGS,macro,0.048902824135161366,0.048902824135161366
failure_pressure_conservative_v2_next_4obs,random_forest,macro_event_only,42,num__VIXCLS,VIXCLS,macro,0.04839419769566423,0.04839419769566423
failure_pressure_conservative_v2_next_4obs,random_forest,macro_event_only,42,num__DTWEXBGS_yoy_pct,DTWEXBGS_yoy_pct,macro,0.04827122322348158,0.04827122322348158
failure_pressure_conservative_v2_next_4obs,random_forest,macro_event_only,42,num__DCOILWTICO,DCOILWTICO,macro,0.047865854978919466,0.047865854978919466
failure_pressure_conservative_v2_next_4obs,random_forest,macro_event_only,42,num__T10Y3M,T10Y3M,macro,0.04510741515919076,0.04510741515919076
failure_pressure_conservative_v2_next_4obs,random_forest,macro_event_only,42,num__BAMLH0A0HYM2,BAMLH0A0HYM2,macro,0.04435768378335787,0.04435768378335787
failure_pressure_conservative_v2_next_4obs,random_forest,macro_event_only,42,num__T10Y2Y,T10Y2Y,macro,0.04013461093314951,0.04013461093314951
failure_pressure_conservative_v2_next_4obs,random_forest,macro_event_only,42,cat__Sector_Energy,Sector_Energy,sector,0.039958102141211094,0.039958102141211094
failure_pressure_conservative_v2_next_4obs,random_forest,macro_event_only,42,cat__Sector_Healthcare,Sector_Healthcare,sector,0.03328172659498639,0.03328172659498639
failure_pressure_conservative_v2_next_4obs,random_forest,macro_event_only,42,cat__Sector_Industrials,Sector_Industrials,sector,0.03090335679614956,0.03090335679614956
failure_pressure_conservative_v2_next_4obs,random_forest,macro_event_only,42,num__NFCI,NFCI,macro,0.027847791532273507,0.027847791532273507
failure_pressure_conservative_v2_next_4obs,random_forest,macro_event_only,42,cat__Sector_Communication Services,Sector_Communication Services,sector,0.01761109651121648,0.01761109651121648
failure_pressure_conservative_v2_next_4obs,random_forest,macro_event_only,42,num__PAYEMS_yoy_pct,PAYEMS_yoy_pct,macro,0.01690592780250258,0.01690592780250258
failure_pressure_conservative_v2_next_4obs,random_forest,macro_event_only,42,num__HOUST,HOUST,macro,0.016251812432465255,0.016251812432465255
failure_pressure_conservative_v2_next_4obs,random_forest,macro_event_only,42,cat__Sector_Consumer Defensive,Sector_Consumer Defensive,sector,0.015410526179064176,0.015410526179064176
failure_pressure_conservative_v2_next_4obs,random_forest,macro_event_only,42,cat__Sector_Technology,Sector_Technology,sector,0.014777733060385602,0.014777733060385602
failure_pressure_conservative_v2_next_4obs,random_forest,macro_event_only,42,num__CPIAUCSL,CPIAUCSL,macro,0.01443287215029202,0.01443287215029202
failure_pressure_conservative_v2_next_4obs,random_forest,macro_event_only,42,num__HOUST_yoy_pct,HOUST_yoy_pct,macro,0.01387951205492263,0.01387951205492263
failure_pressure_conservative_v2_next_4obs,random_forest,macro_event_only,42,num__INDPRO,INDPRO,macro,0.013538545793282532,0.013538545793282532
failure_pressure_conservative_v2_next_4obs,random_forest,macro_event_only,42,num__PAYEMS,PAYEMS,macro,0.013362841295447906,0.013362841295447906
failure_pressure_conservative_v2_next_4obs,random_forest,macro_event_only,42,num__M2SL,M2SL,macro,0.013004076158857429,0.013004076158857429
failure_pressure_conservative_v2_next_4obs,random_forest,macro_event_only,42,cat__Sector_Utilities,Sector_Utilities,sector,0.012778616868932663,0.012778616868932663
failure_pressure_conservative_v2_next_4obs,random_forest,macro_event_only,42,num__RSAFS,RSAFS,macro,0.012654962007612207,0.012654962007612207
failure_pressure_conservative_v2_next_4obs,random_forest,macro_event_only,42,num__INDPRO_yoy_pct,INDPRO_yoy_pct,macro,0.012581448277254909,0.012581448277254909
failure_pressure_conservative_v2_next_4obs,random_forest,macro_event_only,42,num__BUSLOANS_yoy_pct,BUSLOANS_yoy_pct,macro,0.01247712127103503,0.01247712127103503
failure_pressure_conservative_v2_next_4obs,random_forest,macro_event_only,42,num__CPIAUCSL_yoy_pct,CPIAUCSL_yoy_pct,macro,0.011597321529158848,0.011597321529158848
failure_pressure_conservative_v2_next_4obs,random_forest,macro_event_only,42,num__BUSLOANS,BUSLOANS,macro,0.011530519681239306,0.011530519681239306
failure_pressure_conservative_v2_next_4obs,random_forest,macro_event_only,42,num__M2SL_yoy_pct,M2SL_yoy_pct,macro,0.011508123919584133,0.011508123919584133
failure_pressure_conservative_v2_next_4obs,random_forest,macro_event_only,42,num__GS10,GS10,macro,0.011438367310770112,0.011438367310770112
failure_pressure_conservative_v2_next_4obs,random_forest,macro_event_only,42,num__PPIACO,PPIACO,macro,0.010999804306853747,0.010999804306853747
failure_pressure_conservative_v2_next_4obs,random_forest,macro_event_only,42,num__RSAFS_yoy_pct,RSAFS_yoy_pct,macro,0.010922900937698527,0.010922900937698527
failure_pressure_conservative_v2_next_4obs,random_forest,macro_event_only,42,num__PPIACO_yoy_pct,PPIACO_yoy_pct,macro,0.01067083340738688,0.01067083340738688
failure_pressure_conservative_v2_next_4obs,random_forest,macro_event_only,42,cat__Sector_Real Estate,Sector_Real Estate,sector,0.009728005120818015,0.009728005120818015
failure_pressure_conservative_v2_next_4obs,random_forest,macro_event_only,42,num__UNRATE,UNRATE,macro,0.009641651965522661,0.009641651965522661
failure_pressure_conservative_v2_next_4obs,random_forest,macro_event_only,42,cat__Sector_Consumer Cyclical,Sector_Consumer Cyclical,sector,0.009090320196683344,0.009090320196683344
failure_pressure_conservative_v2_next_4obs,random_forest,macro_event_only,42,num__GDPC1,GDPC1,macro,0.006520130792694615,0.006520130792694615
failure_pressure_conservative_v2_next_4obs,random_forest,macro_event_only,42,num__FEDFUNDS,FEDFUNDS,macro,0.006139966271930395,0.006139966271930395
failure_pressure_conservative_v2_next_4obs,gradient_boosting,macro_event_only,42,cat__Sector_Financial Services,Sector_Financial Services,sector,0.24617640680821232,0.24617640680821232
failure_pressure_conservative_v2_next_4obs,gradient_boosting,macro_event_only,42,cat__Sector_Healthcare,Sector_Healthcare,sector,0.07870252136528554,0.07870252136528554
failure_pressure_conservative_v2_next_4obs,gradient_boosting,macro_event_only,42,cat__Sector_Energy,Sector_Energy,sector,0.0754707189585625,0.0754707189585625
failure_pressure_conservative_v2_next_4obs,gradient_boosting,macro_event_only,42,cat__Sector_Industrials,Sector_Industrials,sector,0.07377727811749048,0.07377727811749048
failure_pressure_conservative_v2_next_4obs,gradient_boosting,macro_event_only,42,cat__Sector_Consumer Defensive,Sector_Consumer Defensive,sector,0.06328727803868295,0.06328727803868295
failure_pressure_conservative_v2_next_4obs,gradient_boosting,macro_event_only,42,num__PAYEMS_yoy_pct,PAYEMS_yoy_pct,macro,0.049742529572145346,0.049742529572145346
failure_pressure_conservative_v2_next_4obs,gradient_boosting,macro_event_only,42,cat__Sector_Communication Services,Sector_Communication Services,sector,0.042241794446812024,0.042241794446812024
failure_pressure_conservative_v2_next_4obs,gradient_boosting,macro_event_only,42,num__DCOILWTICO_yoy_pct,DCOILWTICO_yoy_pct,macro,0.028849065243568412,0.028849065243568412
failure_pressure_conservative_v2_next_4obs,gradient_boosting,macro_event_only,42,num__DCOILWTICO,DCOILWTICO,macro,0.027700156038984153,0.027700156038984153
failure_pressure_conservative_v2_next_4obs,gradient_boosting,macro_event_only,42,num__DTWEXBGS,DTWEXBGS,macro,0.0274638916292626,0.0274638916292626
failure_pressure_conservative_v2_next_4obs,gradient_boosting,macro_event_only,42,num__HOUST,HOUST,macro,0.02407072246852495,0.02407072246852495
failure_pressure_conservative_v2_next_4obs,gradient_boosting,macro_event_only,42,cat__Sector_Utilities,Sector_Utilities,sector,0.019395963518002934,0.019395963518002934
failure_pressure_conservative_v2_next_4obs,gradient_boosting,macro_event_only,42,num__USEPUINDXD,USEPUINDXD,macro,0.019180952842440965,0.019180952842440965
failure_pressure_conservative_v2_next_4obs,gradient_boosting,macro_event_only,42,num__CPIAUCSL,CPIAUCSL,macro,0.016499754042244387,0.016499754042244387
failure_pressure_conservative_v2_next_4obs,gradient_boosting,macro_event_only,42,num__RSAFS,RSAFS,macro,0.01594617115734447,0.01594617115734447
failure_pressure_conservative_v2_next_4obs,gradient_boosting,macro_event_only,42,num__BUSLOANS_yoy_pct,BUSLOANS_yoy_pct,macro,0.01585571300539274,0.01585571300539274
failure_pressure_conservative_v2_next_4obs,gradient_boosting,macro_event_only,42,num__BAMLH0A0HYM2,BAMLH0A0HYM2,macro,0.014557750966194109,0.014557750966194109
failure_pressure_conservative_v2_next_4obs,gradient_boosting,macro_event_only,42,num__T10Y3M,T10Y3M,macro,0.012964381315583454,0.012964381315583454
failure_pressure_conservative_v2_next_4obs,gradient_boosting,macro_event_only,42,num__PAYEMS,PAYEMS,macro,0.01171227299123695,0.01171227299123695
failure_pressure_conservative_v2_next_4obs,gradient_boosting,macro_event_only,42,num__M2SL,M2SL,macro,0.011659379222149885,0.011659379222149885
failure_pressure_conservative_v2_next_4obs,gradient_boosting,macro_event_only,42,num__DTWEXBGS_yoy_pct,DTWEXBGS_yoy_pct,macro,0.011617463817418305,0.011617463817418305
failure_pressure_conservative_v2_next_4obs,gradient_boosting,macro_event_only,42,num__HOUST_yoy_pct,HOUST_yoy_pct,macro,0.011611713217491432,0.011611713217491432
failure_pressure_conservative_v2_next_4obs,gradient_boosting,macro_event_only,42,num__VIXCLS,VIXCLS,macro,0.011607536608366808,0.011607536608366808
failure_pressure_conservative_v2_next_4obs,gradient_boosting,macro_event_only,42,num__INDPRO_yoy_pct,INDPRO_yoy_pct,macro,0.009713822627625594,0.009713822627625594
failure_pressure_conservative_v2_next_4obs,gradient_boosting,macro_event_only,42,num__PPIACO,PPIACO,macro,0.008545506534454881,0.008545506534454881
failure_pressure_conservative_v2_next_4obs,gradient_boosting,macro_event_only,42,num__GS10,GS10,macro,0.00831082978758079,0.00831082978758079
failure_pressure_conservative_v2_next_4obs,gradient_boosting,macro_event_only,42,num__T10Y2Y,T10Y2Y,macro,0.008200194269466951,0.008200194269466951
failure_pressure_conservative_v2_next_4obs,gradient_boosting,macro_event_only,42,num__UNRATE,UNRATE,macro,0.007814457265929553,0.007814457265929553
failure_pressure_conservative_v2_next_4obs,gradient_boosting,macro_event_only,42,num__NFCI,NFCI,macro,0.0075169514937010375,0.0075169514937010375
failure_pressure_conservative_v2_next_4obs,gradient_boosting,macro_event_only,42,cat__Sector_Consumer Cyclical,Sector_Consumer Cyclical,sector,0.007240344248621675,0.007240344248621675
failure_pressure_conservative_v2_next_4obs,gradient_boosting,macro_event_only,42,cat__Sector_Technology,Sector_Technology,sector,0.00498009004515692,0.00498009004515692
failure_pressure_conservative_v2_next_4obs,gradient_boosting,macro_event_only,42,num__BUSLOANS,BUSLOANS,macro,0.00488946892469079,0.00488946892469079
failure_pressure_conservative_v2_next_4obs,gradient_boosting,macro_event_only,42,num__GDPC1,GDPC1,macro,0.004171603714341651,0.004171603714341651
failure_pressure_conservative_v2_next_4obs,gradient_boosting,macro_event_only,42,num__FEDFUNDS,FEDFUNDS,macro,0.0033018207029115987,0.0033018207029115987
failure_pressure_conservative_v2_next_4obs,gradient_boosting,macro_event_only,42,cat__Sector_Real Estate,Sector_Real Estate,sector,0.002912386863562615,0.002912386863562615
failure_pressure_conservative_v2_next_4obs,gradient_boosting,macro_event_only,42,cat__Sector_Consumer Discretionary,Sector_Consumer Discretionary,sector,0.002578188099652648,0.002578188099652648
failure_pressure_conservative_v2_next_4obs,gradient_boosting,macro_event_only,42,num__RSAFS_yoy_pct,RSAFS_yoy_pct,macro,0.0023730608094973504,0.0023730608094973504
failure_pressure_conservative_v2_next_4obs,gradient_boosting,macro_event_only,42,num__CPIAUCSL_yoy_pct,CPIAUCSL_yoy_pct,macro,0.0020609145258288263,0.0020609145258288263
failure_pressure_conservative_v2_next_4obs,gradient_boosting,macro_event_only,42,cat__Sector_Basic Materials,Sector_Basic Materials,sector,0.001334954078755847,0.001334954078755847
failure_pressure_conservative_v2_next_4obs,gradient_boosting,macro_event_only,42,num__prediction_quarter,prediction_quarter,regime_time,0.0008473515000979306,0.0008473515000979306
failure_pressure_conservative_v2_next_4obs,logistic_l2,all_features,42,num__CPIAUCSL,CPIAUCSL,macro,2.2374975786502795,2.2374975786502795
failure_pressure_conservative_v2_next_4obs,logistic_l2,all_features,42,cat__Sector_Consumer Defensive,Sector_Consumer Defensive,sector,1.6524347826827526,-1.6524347826827526
failure_pressure_conservative_v2_next_4obs,logistic_l2,all_features,42,num__BUSLOANS,BUSLOANS,macro,1.6001850640017397,-1.6001850640017397
failure_pressure_conservative_v2_next_4obs,logistic_l2,all_features,42,cat__Sector_Consumer Discretionary,Sector_Consumer Discretionary,sector,1.5825140644929363,-1.5825140644929363
failure_pressure_conservative_v2_next_4obs,logistic_l2,all_features,42,cat__Sector_Energy,Sector_Energy,sector,1.4847192358812826,1.4847192358812826
failure_pressure_conservative_v2_next_4obs,logistic_l2,all_features,42,num__net_income_negative_count_prior_4obs,net_income_negative_count_prior_4obs,firm_trend,1.4786533205435681,1.4786533205435681
failure_pressure_conservative_v2_next_4obs,logistic_l2,all_features,42,num__leverage_assets_lag1,leverage_assets_lag1,firm_trend,1.4025760752523297,-1.4025760752523297
failure_pressure_conservative_v2_next_4obs,logistic_l2,all_features,42,num__roa_lag1,roa_lag1,firm_trend,1.3687911998688997,-1.3687911998688997
failure_pressure_conservative_v2_next_4obs,logistic_l2,all_features,42,cat__Sector_Financial Services,Sector_Financial Services,sector,1.2835659318364152,-1.2835659318364152
failure_pressure_conservative_v2_next_4obs,logistic_l2,all_features,42,num__missingindicator_current_liabilities_growth_4obs,current_liabilities_growth_4obs,firm_trend,1.0887567667271205,-1.0887567667271205
failure_pressure_conservative_v2_next_4obs,logistic_l2,all_features,42,num__GDPC1,GDPC1,macro,1.0706508802550498,-1.0706508802550498
failure_pressure_conservative_v2_next_4obs,logistic_l2,all_features,42,num__missingindicator_total_assets_growth_4obs,total_assets_growth_4obs,firm_trend,0.9988791786541608,0.9988791786541608
failure_pressure_conservative_v2_next_4obs,logistic_l2,all_features,42,num__M2SL,M2SL,macro,0.8905044829866692,0.8905044829866692
failure_pressure_conservative_v2_next_4obs,logistic_l2,all_features,42,num__r_and_d_intensity,r_and_d_intensity,financial_ratio,0.8763294552196054,0.8763294552196054
failure_pressure_conservative_v2_next_4obs,logistic_l2,all_features,42,num__INDPRO,INDPRO,macro,0.8260415633309224,0.8260415633309224
failure_pressure_conservative_v2_next_4obs,logistic_l2,all_features,42,num__total_equity,total_equity,accounting_fundamental,0.801986289561268,-0.801986289561268
failure_pressure_conservative_v2_next_4obs,logistic_l2,all_features,42,num__BUSLOANS_yoy_pct,BUSLOANS_yoy_pct,macro,0.7612742371241172,-0.7612742371241172
failure_pressure_conservative_v2_next_4obs,logistic_l2,all_features,42,num__net_margin_lag1,net_margin_lag1,firm_trend,0.7379960491479656,-0.7379960491479656
failure_pressure_conservative_v2_next_4obs,logistic_l2,all_features,42,num__missingindicator_net_margin,net_margin,financial_ratio,0.7369618232723889,-0.7369618232723889
failure_pressure_conservative_v2_next_4obs,logistic_l2,all_features,42,num__PAYEMS,PAYEMS,macro,0.6959505483596835,-0.6959505483596835
failure_pressure_conservative_v2_next_4obs,logistic_l2,all_features,42,num__current_assets,current_assets,accounting_fundamental,0.6835963786277399,-0.6835963786277399
failure_pressure_conservative_v2_next_4obs,logistic_l2,all_features,42,num__operating_margin_lag1,operating_margin_lag1,firm_trend,0.6197002855898109,0.6197002855898109
failure_pressure_conservative_v2_next_4obs,logistic_l2,all_features,42,num__tight_financial_conditions,tight_financial_conditions,regime_time,0.6085260104855463,0.6085260104855463
failure_pressure_conservative_v2_next_4obs,logistic_l2,all_features,42,num__BAMLH0A0HYM2,BAMLH0A0HYM2,macro,0.595432038978409,0.595432038978409
failure_pressure_conservative_v2_next_4obs,logistic_l2,all_features,42,num__missingindicator_total_revenue,total_revenue,accounting_fundamental,0.584441253411832,0.584441253411832
failure_pressure_conservative_v2_next_4obs,logistic_l2,all_features,42,num__missingindicator_gross_margin,gross_margin,financial_ratio,0.583241296469691,-0.583241296469691
failure_pressure_conservative_v2_next_4obs,logistic_l2,all_features,42,num__missingindicator_current_assets,current_assets,accounting_fundamental,0.5673810335810981,0.5673810335810981
failure_pressure_conservative_v2_next_4obs,logistic_l2,all_features,42,num__total_assets,total_assets,accounting_fundamental,0.5323747533001963,0.5323747533001963
failure_pressure_conservative_v2_next_4obs,logistic_l2,all_features,42,num__missingindicator_current_ratio_change_4obs,current_ratio_change_4obs,firm_trend,0.5085255366212275,0.5085255366212275
failure_pressure_conservative_v2_next_4obs,logistic_l2,all_features,42,num__missingindicator_cash_equivalents,cash_equivalents,accounting_fundamental,0.5064872356650302,-0.5064872356650302
failure_pressure_conservative_v2_next_4obs,logistic_l2,all_features,42,num__RSAFS,RSAFS,macro,0.5010888595617127,0.5010888595617127
failure_pressure_conservative_v2_next_4obs,logistic_l2,all_features,42,num__missingindicator_current_ratio,current_ratio,financial_ratio,0.4916686518294339,-0.4916686518294339
failure_pressure_conservative_v2_next_4obs,logistic_l2,all_features,42,num__missingindicator_cash_assets,cash_assets,financial_ratio,0.4878671349156735,0.4878671349156735
failure_pressure_conservative_v2_next_4obs,logistic_l2,all_features,42,num__VIXCLS,VIXCLS,macro,0.45711475739724083,-0.45711475739724083
failure_pressure_conservative_v2_next_4obs,logistic_l2,all_features,42,cat__Sector_Communication Services,Sector_Communication Services,sector,0.45052188606733096,0.45052188606733096
failure_pressure_conservative_v2_next_4obs,logistic_l2,all_features,42,cat__Sector_Utilities,Sector_Utilities,sector,0.44518823005098657,0.44518823005098657
failure_pressure_conservative_v2_next_4obs,logistic_l2,all_features,42,num__missingindicator_net_margin_change_4obs,net_margin_change_4obs,firm_trend,0.4443674734305692,0.4443674734305692
failure_pressure_conservative_v2_next_4obs,logistic_l2,all_features,42,num__roa,roa,financial_ratio,0.4338711054823346,-0.4338711054823346
failure_pressure_conservative_v2_next_4obs,logistic_l2,all_features,42,num__T10Y2Y,T10Y2Y,macro,0.4141356000311907,-0.4141356000311907
failure_pressure_conservative_v2_next_4obs,logistic_l2,all_features,42,num__missingindicator_total_revenue_growth_4obs,total_revenue_growth_4obs,firm_trend,0.41391424575411734,-0.41391424575411734
failure_pressure_conservative_v2_next_4obs,random_forest,all_features,42,num__net_income_negative_count_prior_4obs,net_income_negative_count_prior_4obs,firm_trend,0.10037374755181014,0.10037374755181014
failure_pressure_conservative_v2_next_4obs,random_forest,all_features,42,num__net_income,net_income,accounting_fundamental,0.09979606722698164,0.09979606722698164
failure_pressure_conservative_v2_next_4obs,random_forest,all_features,42,num__roa_lag1,roa_lag1,firm_trend,0.09097106541828609,0.09097106541828609
failure_pressure_conservative_v2_next_4obs,random_forest,all_features,42,num__roa,roa,financial_ratio,0.08731530006818843,0.08731530006818843
failure_pressure_conservative_v2_next_4obs,random_forest,all_features,42,num__operating_income,operating_income,accounting_fundamental,0.05511372378108864,0.05511372378108864
failure_pressure_conservative_v2_next_4obs,random_forest,all_features,42,num__net_margin_lag1,net_margin_lag1,firm_trend,0.05037582520976491,0.05037582520976491
failure_pressure_conservative_v2_next_4obs,random_forest,all_features,42,num__net_margin,net_margin,financial_ratio,0.048365721636590094,0.048365721636590094
failure_pressure_conservative_v2_next_4obs,random_forest,all_features,42,num__operating_margin,operating_margin,financial_ratio,0.03758441474061008,0.03758441474061008
failure_pressure_conservative_v2_next_4obs,random_forest,all_features,42,num__operating_margin_lag1,operating_margin_lag1,firm_trend,0.027328080399800093,0.027328080399800093
failure_pressure_conservative_v2_next_4obs,random_forest,all_features,42,num__total_equity,total_equity,accounting_fundamental,0.026946776485849852,0.026946776485849852
failure_pressure_conservative_v2_next_4obs,random_forest,all_features,42,num__current_assets,current_assets,accounting_fundamental,0.02322435100909815,0.02322435100909815
failure_pressure_conservative_v2_next_4obs,random_forest,all_features,42,num__total_assets,total_assets,accounting_fundamental,0.021171664937151162,0.021171664937151162
failure_pressure_conservative_v2_next_4obs,random_forest,all_features,42,num__current_liabilities,current_liabilities,accounting_fundamental,0.018909814824626333,0.018909814824626333
failure_pressure_conservative_v2_next_4obs,random_forest,all_features,42,num__total_liabilities,total_liabilities,accounting_fundamental,0.01258610535921758,0.01258610535921758
failure_pressure_conservative_v2_next_4obs,random_forest,all_features,42,num__cash_flow_operating,cash_flow_operating,accounting_fundamental,0.01179582204119355,0.01179582204119355
failure_pressure_conservative_v2_next_4obs,random_forest,all_features,42,num__total_revenue,total_revenue,accounting_fundamental,0.011737103227567323,0.011737103227567323
failure_pressure_conservative_v2_next_4obs,random_forest,all_features,42,num__cash_equivalents,cash_equivalents,accounting_fundamental,0.009777577263333045,0.009777577263333045
failure_pressure_conservative_v2_next_4obs,random_forest,all_features,42,num__total_assets_growth_4obs,total_assets_growth_4obs,firm_trend,0.008676027464832583,0.008676027464832583
failure_pressure_conservative_v2_next_4obs,random_forest,all_features,42,num__equity_assets,equity_assets,financial_ratio,0.007944096671496552,0.007944096671496552
failure_pressure_conservative_v2_next_4obs,random_forest,all_features,42,num__roa_change_4obs,roa_change_4obs,firm_trend,0.006815945067363887,0.006815945067363887
failure_pressure_conservative_v2_next_4obs,random_forest,all_features,42,num__cash_assets,cash_assets,financial_ratio,0.0066550293024050106,0.0066550293024050106
failure_pressure_conservative_v2_next_4obs,random_forest,all_features,42,num__cash_assets_lag1,cash_assets_lag1,firm_trend,0.006510153132522049,0.006510153132522049
failure_pressure_conservative_v2_next_4obs,random_forest,all_features,42,num__receivables_assets,receivables_assets,financial_ratio,0.006413751397114292,0.006413751397114292
failure_pressure_conservative_v2_next_4obs,random_forest,all_features,42,num__net_margin_change_4obs,net_margin_change_4obs,firm_trend,0.005978979025097055,0.005978979025097055
failure_pressure_conservative_v2_next_4obs,random_forest,all_features,42,num__inventory_assets,inventory_assets,financial_ratio,0.005733666055216784,0.005733666055216784
failure_pressure_conservative_v2_next_4obs,random_forest,all_features,42,num__total_revenue_growth_4obs,total_revenue_growth_4obs,firm_trend,0.005718890863479484,0.005718890863479484
failure_pressure_conservative_v2_next_4obs,random_forest,all_features,42,num__current_ratio,current_ratio,financial_ratio,0.005523738002261183,0.005523738002261183
failure_pressure_conservative_v2_next_4obs,random_forest,all_features,42,num__capex,capex,accounting_fundamental,0.005363215612096806,0.005363215612096806
failure_pressure_conservative_v2_next_4obs,random_forest,all_features,42,num__current_ratio_lag1,current_ratio_lag1,firm_trend,0.004966139447920977,0.004966139447920977
failure_pressure_conservative_v2_next_4obs,random_forest,all_features,42,num__current_assets_growth_4obs,current_assets_growth_4obs,firm_trend,0.00478386714541482,0.00478386714541482
failure_pressure_conservative_v2_next_4obs,random_forest,all_features,42,num__operating_margin_change_4obs,operating_margin_change_4obs,firm_trend,0.004351375782774665,0.004351375782774665
failure_pressure_conservative_v2_next_4obs,random_forest,all_features,42,num__gross_profit,gross_profit,accounting_fundamental,0.0043063337130701245,0.0043063337130701245
failure_pressure_conservative_v2_next_4obs,random_forest,all_features,42,num__current_liabilities_growth_4obs,current_liabilities_growth_4obs,firm_trend,0.004244640267031288,0.004244640267031288
failure_pressure_conservative_v2_next_4obs,random_forest,all_features,42,cat__Sector_Energy,Sector_Energy,sector,0.004049519885290971,0.004049519885290971
failure_pressure_conservative_v2_next_4obs,random_forest,all_features,42,num__DTWEXBGS_yoy_pct,DTWEXBGS_yoy_pct,macro,0.004024905726742939,0.004024905726742939
failure_pressure_conservative_v2_next_4obs,random_forest,all_features,42,num__DCOILWTICO,DCOILWTICO,macro,0.003965729392576855,0.003965729392576855
failure_pressure_conservative_v2_next_4obs,random_forest,all_features,42,num__leverage_assets,leverage_assets,financial_ratio,0.003810023940398078,0.003810023940398078
failure_pressure_conservative_v2_next_4obs,random_forest,all_features,42,cat__Sector_Financial Services,Sector_Financial Services,sector,0.0037935740405734193,0.0037935740405734193
failure_pressure_conservative_v2_next_4obs,random_forest,all_features,42,num__T10Y2Y,T10Y2Y,macro,0.0037499256702883954,0.0037499256702883954
failure_pressure_conservative_v2_next_4obs,random_forest,all_features,42,num__DCOILWTICO_yoy_pct,DCOILWTICO_yoy_pct,macro,0.0037432042971227444,0.0037432042971227444
failure_pressure_conservative_v2_next_4obs,gradient_boosting,all_features,42,num__net_income,net_income,accounting_fundamental,0.44335743727812216,0.44335743727812216
failure_pressure_conservative_v2_next_4obs,gradient_boosting,all_features,42,num__net_income_negative_count_prior_4obs,net_income_negative_count_prior_4obs,firm_trend,0.3180421837101998,0.3180421837101998
failure_pressure_conservative_v2_next_4obs,gradient_boosting,all_features,42,num__roa_lag1,roa_lag1,firm_trend,0.05182398006761469,0.05182398006761469
failure_pressure_conservative_v2_next_4obs,gradient_boosting,all_features,42,num__operating_income,operating_income,accounting_fundamental,0.032801689009394376,0.032801689009394376
failure_pressure_conservative_v2_next_4obs,gradient_boosting,all_features,42,num__roa,roa,financial_ratio,0.02483282625002187,0.02483282625002187
failure_pressure_conservative_v2_next_4obs,gradient_boosting,all_features,42,num__total_equity,total_equity,accounting_fundamental,0.01407986351624142,0.01407986351624142
failure_pressure_conservative_v2_next_4obs,gradient_boosting,all_features,42,num__missingindicator_roa_lag1,roa_lag1,firm_trend,0.011202268873580449,0.011202268873580449
failure_pressure_conservative_v2_next_4obs,gradient_boosting,all_features,42,cat__Sector_Financial Services,Sector_Financial Services,sector,0.009313631860210957,0.009313631860210957
failure_pressure_conservative_v2_next_4obs,gradient_boosting,all_features,42,cat__Sector_Energy,Sector_Energy,sector,0.008273487908912457,0.008273487908912457
failure_pressure_conservative_v2_next_4obs,gradient_boosting,all_features,42,num__operating_margin_lag1,operating_margin_lag1,firm_trend,0.007720068973552965,0.007720068973552965
failure_pressure_conservative_v2_next_4obs,gradient_boosting,all_features,42,num__DCOILWTICO_yoy_pct,DCOILWTICO_yoy_pct,macro,0.007647851358769781,0.007647851358769781
failure_pressure_conservative_v2_next_4obs,gradient_boosting,all_features,42,num__inventory_assets,inventory_assets,financial_ratio,0.007496714950684648,0.007496714950684648
failure_pressure_conservative_v2_next_4obs,gradient_boosting,all_features,42,num__cash_assets_lag1,cash_assets_lag1,firm_trend,0.003939458409429441,0.003939458409429441
failure_pressure_conservative_v2_next_4obs,gradient_boosting,all_features,42,num__total_revenue_growth_4obs,total_revenue_growth_4obs,firm_trend,0.0035642699432364713,0.0035642699432364713
failure_pressure_conservative_v2_next_4obs,gradient_boosting,all_features,42,num__missingindicator_total_assets_growth_4obs,total_assets_growth_4obs,firm_trend,0.003405718622183369,0.003405718622183369
failure_pressure_conservative_v2_next_4obs,gradient_boosting,all_features,42,num__total_assets,total_assets,accounting_fundamental,0.0033076419120950137,0.0033076419120950137
failure_pressure_conservative_v2_next_4obs,gradient_boosting,all_features,42,num__total_assets_growth_4obs,total_assets_growth_4obs,firm_trend,0.003090942657065664,0.003090942657065664
failure_pressure_conservative_v2_next_4obs,gradient_boosting,all_features,42,num__total_liabilities,total_liabilities,accounting_fundamental,0.002637990776847284,0.002637990776847284
failure_pressure_conservative_v2_next_4obs,gradient_boosting,all_features,42,num__receivables_assets,receivables_assets,financial_ratio,0.0026208808486836207,0.0026208808486836207
failure_pressure_conservative_v2_next_4obs,gradient_boosting,all_features,42,num__cash_flow_operating,cash_flow_operating,accounting_fundamental,0.0022745783890876776,0.0022745783890876776
failure_pressure_conservative_v2_next_4obs,gradient_boosting,all_features,42,num__net_margin,net_margin,financial_ratio,0.002165516724720237,0.002165516724720237
failure_pressure_conservative_v2_next_4obs,gradient_boosting,all_features,42,num__equity_assets,equity_assets,financial_ratio,0.0018837985141322952,0.0018837985141322952
failure_pressure_conservative_v2_next_4obs,gradient_boosting,all_features,42,num__operating_margin,operating_margin,financial_ratio,0.0018804926882154075,0.0018804926882154075
failure_pressure_conservative_v2_next_4obs,gradient_boosting,all_features,42,num__BUSLOANS,BUSLOANS,macro,0.0017014485773114536,0.0017014485773114536
failure_pressure_conservative_v2_next_4obs,gradient_boosting,all_features,42,num__missingindicator_roa_change_4obs,roa_change_4obs,firm_trend,0.0016812314145256892,0.0016812314145256892
failure_pressure_conservative_v2_next_4obs,gradient_boosting,all_features,42,num__current_liabilities,current_liabilities,accounting_fundamental,0.001564401247441469,0.001564401247441469
failure_pressure_conservative_v2_next_4obs,gradient_boosting,all_features,42,num__DTWEXBGS_yoy_pct,DTWEXBGS_yoy_pct,macro,0.0015566221345497625,0.0015566221345497625
failure_pressure_conservative_v2_next_4obs,gradient_boosting,all_features,42,num__capex,capex,accounting_fundamental,0.0012587859835142487,0.0012587859835142487
failure_pressure_conservative_v2_next_4obs,gradient_boosting,all_features,42,num__INDPRO_yoy_pct,INDPRO_yoy_pct,macro,0.0011598279646351615,0.0011598279646351615
failure_pressure_conservative_v2_next_4obs,gradient_boosting,all_features,42,num__operating_margin_change_4obs,operating_margin_change_4obs,firm_trend,0.0011412494414278246,0.0011412494414278246
failure_pressure_conservative_v2_next_4obs,gradient_boosting,all_features,42,num__current_assets,current_assets,accounting_fundamental,0.0011031092865168503,0.0011031092865168503
failure_pressure_conservative_v2_next_4obs,gradient_boosting,all_features,42,num__current_ratio,current_ratio,financial_ratio,0.001050352732049198,0.001050352732049198
failure_pressure_conservative_v2_next_4obs,gradient_boosting,all_features,42,num__net_margin_lag1,net_margin_lag1,firm_trend,0.0010141748218644585,0.0010141748218644585
failure_pressure_conservative_v2_next_4obs,gradient_boosting,all_features,42,num__T10Y2Y,T10Y2Y,macro,0.0009998754173664818,0.0009998754173664818
failure_pressure_conservative_v2_next_4obs,gradient_boosting,all_features,42,num__USEPUINDXD,USEPUINDXD,macro,0.0008957304984221265,0.0008957304984221265
failure_pressure_conservative_v2_next_4obs,gradient_boosting,all_features,42,num__total_revenue,total_revenue,accounting_fundamental,0.0008449456550788386,0.0008449456550788386
failure_pressure_conservative_v2_next_4obs,gradient_boosting,all_features,42,num__DCOILWTICO,DCOILWTICO,macro,0.000833838715296395,0.000833838715296395
failure_pressure_conservative_v2_next_4obs,gradient_boosting,all_features,42,num__current_liabilities_growth_4obs,current_liabilities_growth_4obs,firm_trend,0.0008326588503969489,0.0008326588503969489
failure_pressure_conservative_v2_next_4obs,gradient_boosting,all_features,42,num__r_and_d_intensity,r_and_d_intensity,financial_ratio,0.000828458839443278,0.000828458839443278
failure_pressure_conservative_v2_next_4obs,gradient_boosting,all_features,42,num__total_liabilities_growth_4obs,total_liabilities_growth_4obs,firm_trend,0.0008104397526743734,0.0008104397526743734
failure_pressure_profit_roa_next_4obs,logistic_l2,firm_core,42,cat__Sector_Energy,Sector_Energy,sector,1.5553751643426499,1.5553751643426499
failure_pressure_profit_roa_next_4obs,logistic_l2,firm_core,42,cat__Sector_Financial Services,Sector_Financial Services,sector,1.393871674718693,-1.393871674718693
failure_pressure_profit_roa_next_4obs,logistic_l2,firm_core,42,num__net_income_negative_count_prior_4obs,net_income_negative_count_prior_4obs,firm_trend,1.2812681178664338,1.2812681178664338
failure_pressure_profit_roa_next_4obs,logistic_l2,firm_core,42,num__total_assets,total_assets,accounting_fundamental,1.0636894789839253,1.0636894789839253
failure_pressure_profit_roa_next_4obs,logistic_l2,firm_core,42,cat__Sector_Consumer Defensive,Sector_Consumer Defensive,sector,1.0167515585723865,-1.0167515585723865
failure_pressure_profit_roa_next_4obs,logistic_l2,firm_core,42,num__leverage_assets_lag1,leverage_assets_lag1,firm_trend,0.8638198928092738,-0.8638198928092738
failure_pressure_profit_roa_next_4obs,logistic_l2,firm_core,42,cat__Sector_Consumer Discretionary,Sector_Consumer Discretionary,sector,0.8330843862055727,-0.8330843862055727
failure_pressure_profit_roa_next_4obs,logistic_l2,firm_core,42,num__roa_lag1,roa_lag1,firm_trend,0.8217189473565711,-0.8217189473565711
failure_pressure_profit_roa_next_4obs,logistic_l2,firm_core,42,num__missingindicator_current_ratio_change_4obs,current_ratio_change_4obs,firm_trend,0.7442194718993332,-0.7442194718993332
failure_pressure_profit_roa_next_4obs,logistic_l2,firm_core,42,num__total_liabilities,total_liabilities,accounting_fundamental,0.6584697092201628,-0.6584697092201628
failure_pressure_profit_roa_next_4obs,logistic_l2,firm_core,42,num__missingindicator_current_assets,current_assets,accounting_fundamental,0.6165702326119806,0.6165702326119806
failure_pressure_profit_roa_next_4obs,logistic_l2,firm_core,42,num__net_margin_lag1,net_margin_lag1,firm_trend,0.573660053993409,-0.573660053993409
failure_pressure_profit_roa_next_4obs,logistic_l2,firm_core,42,num__missingindicator_total_assets_growth_4obs,total_assets_growth_4obs,firm_trend,0.5538103121043156,0.5538103121043156
failure_pressure_profit_roa_next_4obs,logistic_l2,firm_core,42,num__operating_margin_lag1,operating_margin_lag1,firm_trend,0.5400251501294844,0.5400251501294844
failure_pressure_profit_roa_next_4obs,logistic_l2,firm_core,42,num__missingindicator_total_revenue_growth_4obs,total_revenue_growth_4obs,firm_trend,0.5147612324343568,-0.5147612324343568
failure_pressure_profit_roa_next_4obs,logistic_l2,firm_core,42,num__total_equity,total_equity,accounting_fundamental,0.5120129212480554,-0.5120129212480554
failure_pressure_profit_roa_next_4obs,logistic_l2,firm_core,42,num__operating_margin,operating_margin,financial_ratio,0.5038744646617811,-0.5038744646617811
failure_pressure_profit_roa_next_4obs,logistic_l2,firm_core,42,cat__Sector_Real Estate,Sector_Real Estate,sector,0.4718843448553989,-0.4718843448553989
failure_pressure_profit_roa_next_4obs,logistic_l2,firm_core,42,num__missingindicator_leverage_assets_change_4obs,leverage_assets_change_4obs,firm_trend,0.4644187525228201,0.4644187525228201
failure_pressure_profit_roa_next_4obs,logistic_l2,firm_core,42,num__gross_profit,gross_profit,accounting_fundamental,0.451234503402,-0.451234503402
failure_pressure_profit_roa_next_4obs,logistic_l2,firm_core,42,num__missingindicator_net_margin_change_4obs,net_margin_change_4obs,firm_trend,0.4295764733486808,0.4295764733486808
failure_pressure_profit_roa_next_4obs,logistic_l2,firm_core,42,cat__Sector_Communication Services,Sector_Communication Services,sector,0.4117695904786374,0.4117695904786374
failure_pressure_profit_roa_next_4obs,logistic_l2,firm_core,42,num__missingindicator_total_liabilities_growth_4obs,total_liabilities_growth_4obs,firm_trend,0.4081930015667568,-0.4081930015667568
failure_pressure_profit_roa_next_4obs,logistic_l2,firm_core,42,cat__Sector_Agriculture,Sector_Agriculture,sector,0.36935860255837905,0.36935860255837905
failure_pressure_profit_roa_next_4obs,logistic_l2,firm_core,42,num__missingindicator_current_ratio,current_ratio,financial_ratio,0.3623329805228899,-0.3623329805228899
failure_pressure_profit_roa_next_4obs,logistic_l2,firm_core,42,num__missingindicator_current_liabilities,current_liabilities,accounting_fundamental,0.3553453941294693,0.3553453941294693
failure_pressure_profit_roa_next_4obs,logistic_l2,firm_core,42,num__missingindicator_current_assets_growth_4obs,current_assets_growth_4obs,firm_trend,0.33745071058525594,0.33745071058525594
failure_pressure_profit_roa_next_4obs,logistic_l2,firm_core,42,num__operating_income,operating_income,accounting_fundamental,0.32280863112413277,-0.32280863112413277
failure_pressure_profit_roa_next_4obs,logistic_l2,firm_core,42,num__missingindicator_operating_margin_lag1,operating_margin_lag1,firm_trend,0.3044524402729945,0.3044524402729945
failure_pressure_profit_roa_next_4obs,logistic_l2,firm_core,42,num__missingindicator_cash_assets_lag1,cash_assets_lag1,firm_trend,0.28317748449215197,0.28317748449215197
failure_pressure_profit_roa_next_4obs,logistic_l2,firm_core,42,num__missingindicator_total_revenue,total_revenue,accounting_fundamental,0.2824867031925375,0.2824867031925375
failure_pressure_profit_roa_next_4obs,logistic_l2,firm_core,42,num__roa,roa,financial_ratio,0.28159307670695893,-0.28159307670695893
failure_pressure_profit_roa_next_4obs,logistic_l2,firm_core,42,num__missingindicator_leverage_assets_lag1,leverage_assets_lag1,firm_trend,0.2806952700863416,-0.2806952700863416
failure_pressure_profit_roa_next_4obs,logistic_l2,firm_core,42,num__equity_assets,equity_assets,financial_ratio,0.26395494300232786,-0.26395494300232786
failure_pressure_profit_roa_next_4obs,logistic_l2,firm_core,42,num__missingindicator_total_liabilities,total_liabilities,accounting_fundamental,0.2629923225376382,0.2629923225376382
failure_pressure_profit_roa_next_4obs,logistic_l2,firm_core,42,num__missingindicator_current_ratio_lag1,current_ratio_lag1,firm_trend,0.2585389608225611,-0.2585389608225611
failure_pressure_profit_roa_next_4obs,logistic_l2,firm_core,42,cat__Sector_Utilities,Sector_Utilities,sector,0.2558511496196741,0.2558511496196741
failure_pressure_profit_roa_next_4obs,logistic_l2,firm_core,42,num__missingindicator_gross_margin,gross_margin,financial_ratio,0.25199477025081013,-0.25199477025081013
failure_pressure_profit_roa_next_4obs,logistic_l2,firm_core,42,num__missingindicator_leverage_assets,leverage_assets,financial_ratio,0.24017438908843114,-0.24017438908843114
failure_pressure_profit_roa_next_4obs,logistic_l2,firm_core,42,num__current_assets,current_assets,accounting_fundamental,0.20144973033582272,-0.20144973033582272
failure_pressure_profit_roa_next_4obs,random_forest,firm_core,42,num__net_income_negative_count_prior_4obs,net_income_negative_count_prior_4obs,firm_trend,0.11675288872895888,0.11675288872895888
failure_pressure_profit_roa_next_4obs,random_forest,firm_core,42,num__net_income,net_income,accounting_fundamental,0.0998001058557532,0.0998001058557532
failure_pressure_profit_roa_next_4obs,random_forest,firm_core,42,num__roa_lag1,roa_lag1,firm_trend,0.09810250161996574,0.09810250161996574
failure_pressure_profit_roa_next_4obs,random_forest,firm_core,42,num__roa,roa,financial_ratio,0.08281505462379887,0.08281505462379887
failure_pressure_profit_roa_next_4obs,random_forest,firm_core,42,num__net_margin_lag1,net_margin_lag1,firm_trend,0.05298358638108843,0.05298358638108843
failure_pressure_profit_roa_next_4obs,random_forest,firm_core,42,num__operating_income,operating_income,accounting_fundamental,0.048944121132602526,0.048944121132602526
failure_pressure_profit_roa_next_4obs,random_forest,firm_core,42,num__net_margin,net_margin,financial_ratio,0.04488695756709842,0.04488695756709842
failure_pressure_profit_roa_next_4obs,random_forest,firm_core,42,num__operating_margin_lag1,operating_margin_lag1,firm_trend,0.027649708189514746,0.027649708189514746
failure_pressure_profit_roa_next_4obs,random_forest,firm_core,42,num__operating_margin,operating_margin,financial_ratio,0.023865316203621364,0.023865316203621364
failure_pressure_profit_roa_next_4obs,random_forest,firm_core,42,num__current_assets,current_assets,accounting_fundamental,0.022407649517488686,0.022407649517488686
failure_pressure_profit_roa_next_4obs,random_forest,firm_core,42,num__total_assets,total_assets,accounting_fundamental,0.020414851440292925,0.020414851440292925
failure_pressure_profit_roa_next_4obs,random_forest,firm_core,42,num__total_equity,total_equity,accounting_fundamental,0.019879843179229993,0.019879843179229993
failure_pressure_profit_roa_next_4obs,random_forest,firm_core,42,num__cash_equivalents,cash_equivalents,accounting_fundamental,0.017218299648105412,0.017218299648105412
failure_pressure_profit_roa_next_4obs,random_forest,firm_core,42,num__current_liabilities,current_liabilities,accounting_fundamental,0.01671703399704966,0.01671703399704966
failure_pressure_profit_roa_next_4obs,random_forest,firm_core,42,num__total_revenue,total_revenue,accounting_fundamental,0.014708128887230429,0.014708128887230429
failure_pressure_profit_roa_next_4obs,random_forest,firm_core,42,num__equity_assets,equity_assets,financial_ratio,0.013091101277782216,0.013091101277782216
failure_pressure_profit_roa_next_4obs,random_forest,firm_core,42,num__total_assets_growth_4obs,total_assets_growth_4obs,firm_trend,0.01305757746181908,0.01305757746181908
failure_pressure_profit_roa_next_4obs,random_forest,firm_core,42,num__cash_assets,cash_assets,financial_ratio,0.01258443326060694,0.01258443326060694
failure_pressure_profit_roa_next_4obs,random_forest,firm_core,42,cat__Sector_Energy,Sector_Energy,sector,0.012570787511138446,0.012570787511138446
failure_pressure_profit_roa_next_4obs,random_forest,firm_core,42,num__cash_flow_operating,cash_flow_operating,accounting_fundamental,0.011065223180500218,0.011065223180500218
failure_pressure_profit_roa_next_4obs,random_forest,firm_core,42,num__total_liabilities,total_liabilities,accounting_fundamental,0.01092881865009622,0.01092881865009622
failure_pressure_profit_roa_next_4obs,random_forest,firm_core,42,num__roa_change_4obs,roa_change_4obs,firm_trend,0.010611218625075745,0.010611218625075745
failure_pressure_profit_roa_next_4obs,random_forest,firm_core,42,num__receivables_assets,receivables_assets,financial_ratio,0.010581355614256674,0.010581355614256674
failure_pressure_profit_roa_next_4obs,random_forest,firm_core,42,num__cash_assets_lag1,cash_assets_lag1,firm_trend,0.010560967853529599,0.010560967853529599
failure_pressure_profit_roa_next_4obs,random_forest,firm_core,42,num__inventory_assets,inventory_assets,financial_ratio,0.009561820190897958,0.009561820190897958
failure_pressure_profit_roa_next_4obs,random_forest,firm_core,42,num__capex,capex,accounting_fundamental,0.009437028262255613,0.009437028262255613
failure_pressure_profit_roa_next_4obs,random_forest,firm_core,42,num__current_ratio_lag1,current_ratio_lag1,firm_trend,0.009346340807330766,0.009346340807330766
failure_pressure_profit_roa_next_4obs,random_forest,firm_core,42,num__net_margin_change_4obs,net_margin_change_4obs,firm_trend,0.009140323608382503,0.009140323608382503
failure_pressure_profit_roa_next_4obs,random_forest,firm_core,42,num__current_ratio,current_ratio,financial_ratio,0.00902479680809338,0.00902479680809338
failure_pressure_profit_roa_next_4obs,random_forest,firm_core,42,num__current_assets_growth_4obs,current_assets_growth_4obs,firm_trend,0.008177991658317419,0.008177991658317419
failure_pressure_profit_roa_next_4obs,random_forest,firm_core,42,num__total_revenue_growth_4obs,total_revenue_growth_4obs,firm_trend,0.007778271878737907,0.007778271878737907
failure_pressure_profit_roa_next_4obs,random_forest,firm_core,42,num__leverage_assets,leverage_assets,financial_ratio,0.007640768434918972,0.007640768434918972
failure_pressure_profit_roa_next_4obs,random_forest,firm_core,42,num__operating_margin_change_4obs,operating_margin_change_4obs,firm_trend,0.007440729397962025,0.007440729397962025
failure_pressure_profit_roa_next_4obs,random_forest,firm_core,42,num__leverage_assets_lag1,leverage_assets_lag1,firm_trend,0.006570457996248078,0.006570457996248078
failure_pressure_profit_roa_next_4obs,random_forest,firm_core,42,num__current_liabilities_growth_4obs,current_liabilities_growth_4obs,firm_trend,0.006524544749284971,0.006524544749284971
failure_pressure_profit_roa_next_4obs,random_forest,firm_core,42,num__current_ratio_change_4obs,current_ratio_change_4obs,firm_trend,0.006407387292123764,0.006407387292123764
failure_pressure_profit_roa_next_4obs,random_forest,firm_core,42,num__cash_assets_change_4obs,cash_assets_change_4obs,firm_trend,0.006146742239776536,0.006146742239776536
failure_pressure_profit_roa_next_4obs,random_forest,firm_core,42,num__cash_equivalents_growth_4obs,cash_equivalents_growth_4obs,firm_trend,0.005912796554707064,0.005912796554707064
failure_pressure_profit_roa_next_4obs,random_forest,firm_core,42,num__leverage_assets_change_4obs,leverage_assets_change_4obs,firm_trend,0.005748597305050151,0.005748597305050151
failure_pressure_profit_roa_next_4obs,random_forest,firm_core,42,num__total_liabilities_growth_4obs,total_liabilities_growth_4obs,firm_trend,0.005627985767374444,0.005627985767374444
failure_pressure_profit_roa_next_4obs,gradient_boosting,firm_core,42,num__net_income_negative_count_prior_4obs,net_income_negative_count_prior_4obs,firm_trend,0.5733435155803078,0.5733435155803078
failure_pressure_profit_roa_next_4obs,gradient_boosting,firm_core,42,num__net_income,net_income,accounting_fundamental,0.16191558823432484,0.16191558823432484
failure_pressure_profit_roa_next_4obs,gradient_boosting,firm_core,42,num__roa_lag1,roa_lag1,firm_trend,0.035764950905274914,0.035764950905274914
failure_pressure_profit_roa_next_4obs,gradient_boosting,firm_core,42,num__operating_income,operating_income,accounting_fundamental,0.03421202008795894,0.03421202008795894
failure_pressure_profit_roa_next_4obs,gradient_boosting,firm_core,42,cat__Sector_Energy,Sector_Energy,sector,0.032833041621680555,0.032833041621680555
failure_pressure_profit_roa_next_4obs,gradient_boosting,firm_core,42,num__roa,roa,financial_ratio,0.021027098170490584,0.021027098170490584
failure_pressure_profit_roa_next_4obs,gradient_boosting,firm_core,42,num__missingindicator_roa_lag1,roa_lag1,firm_trend,0.015813552762856415,0.015813552762856415
failure_pressure_profit_roa_next_4obs,gradient_boosting,firm_core,42,num__operating_margin_lag1,operating_margin_lag1,firm_trend,0.011495496007315463,0.011495496007315463
failure_pressure_profit_roa_next_4obs,gradient_boosting,firm_core,42,num__inventory_assets,inventory_assets,financial_ratio,0.009664164715601936,0.009664164715601936
failure_pressure_profit_roa_next_4obs,gradient_boosting,firm_core,42,num__receivables_assets,receivables_assets,financial_ratio,0.007647617451698042,0.007647617451698042
failure_pressure_profit_roa_next_4obs,gradient_boosting,firm_core,42,num__net_margin_lag1,net_margin_lag1,firm_trend,0.007323753137287944,0.007323753137287944
failure_pressure_profit_roa_next_4obs,gradient_boosting,firm_core,42,num__missingindicator_roa_change_4obs,roa_change_4obs,firm_trend,0.006607822526689666,0.006607822526689666
failure_pressure_profit_roa_next_4obs,gradient_boosting,firm_core,42,num__current_assets,current_assets,accounting_fundamental,0.006056515993342738,0.006056515993342738
failure_pressure_profit_roa_next_4obs,gradient_boosting,firm_core,42,num__current_liabilities,current_liabilities,accounting_fundamental,0.005360478473265943,0.005360478473265943
failure_pressure_profit_roa_next_4obs,gradient_boosting,firm_core,42,num__equity_assets,equity_assets,financial_ratio,0.004207349019492377,0.004207349019492377
failure_pressure_profit_roa_next_4obs,gradient_boosting,firm_core,42,cat__Sector_Financial Services,Sector_Financial Services,sector,0.0041846836588474755,0.0041846836588474755
failure_pressure_profit_roa_next_4obs,gradient_boosting,firm_core,42,num__total_equity,total_equity,accounting_fundamental,0.00408041059341994,0.00408041059341994
failure_pressure_profit_roa_next_4obs,gradient_boosting,firm_core,42,num__cash_assets_lag1,cash_assets_lag1,firm_trend,0.0039969676092830985,0.0039969676092830985
failure_pressure_profit_roa_next_4obs,gradient_boosting,firm_core,42,num__missingindicator_capex,capex,accounting_fundamental,0.0035388154490126333,0.0035388154490126333
failure_pressure_profit_roa_next_4obs,gradient_boosting,firm_core,42,num__total_assets,total_assets,accounting_fundamental,0.003498725952052254,0.003498725952052254
failure_pressure_profit_roa_next_4obs,gradient_boosting,firm_core,42,num__roa_change_4obs,roa_change_4obs,firm_trend,0.0033504797923547113,0.0033504797923547113
failure_pressure_profit_roa_next_4obs,gradient_boosting,firm_core,42,num__total_assets_growth_4obs,total_assets_growth_4obs,firm_trend,0.0032821701525597023,0.0032821701525597023
failure_pressure_profit_roa_next_4obs,gradient_boosting,firm_core,42,num__total_revenue_growth_4obs,total_revenue_growth_4obs,firm_trend,0.0031699794818869508,0.0031699794818869508
failure_pressure_profit_roa_next_4obs,gradient_boosting,firm_core,42,num__cash_assets,cash_assets,financial_ratio,0.0028776960613120326,0.0028776960613120326
failure_pressure_profit_roa_next_4obs,gradient_boosting,firm_core,42,num__net_margin_change_4obs,net_margin_change_4obs,firm_trend,0.0023120034102637865,0.0023120034102637865
failure_pressure_profit_roa_next_4obs,gradient_boosting,firm_core,42,num__missingindicator_total_assets_growth_4obs,total_assets_growth_4obs,firm_trend,0.0021156895591658846,0.0021156895591658846
failure_pressure_profit_roa_next_4obs,gradient_boosting,firm_core,42,num__current_ratio_lag1,current_ratio_lag1,firm_trend,0.002034590218651561,0.002034590218651561
failure_pressure_profit_roa_next_4obs,gradient_boosting,firm_core,42,num__current_ratio,current_ratio,financial_ratio,0.0020261610993412577,0.0020261610993412577
failure_pressure_profit_roa_next_4obs,gradient_boosting,firm_core,42,num__capex,capex,accounting_fundamental,0.001985636685268492,0.001985636685268492
failure_pressure_profit_roa_next_4obs,gradient_boosting,firm_core,42,num__missingindicator_cash_assets_change_4obs,cash_assets_change_4obs,firm_trend,0.00185879916990775,0.00185879916990775
failure_pressure_profit_roa_next_4obs,gradient_boosting,firm_core,42,num__gross_margin,gross_margin,financial_ratio,0.0017662894170190672,0.0017662894170190672
failure_pressure_profit_roa_next_4obs,gradient_boosting,firm_core,42,num__total_liabilities,total_liabilities,accounting_fundamental,0.0017159841873950648,0.0017159841873950648
failure_pressure_profit_roa_next_4obs,gradient_boosting,firm_core,42,num__r_and_d_intensity,r_and_d_intensity,financial_ratio,0.0016163316360093762,0.0016163316360093762
failure_pressure_profit_roa_next_4obs,gradient_boosting,firm_core,42,num__current_liabilities_growth_4obs,current_liabilities_growth_4obs,firm_trend,0.0013109593381706772,0.0013109593381706772
failure_pressure_profit_roa_next_4obs,gradient_boosting,firm_core,42,num__leverage_assets_lag1,leverage_assets_lag1,firm_trend,0.001240538529035308,0.001240538529035308
failure_pressure_profit_roa_next_4obs,gradient_boosting,firm_core,42,num__total_revenue,total_revenue,accounting_fundamental,0.001150958015725036,0.001150958015725036
failure_pressure_profit_roa_next_4obs,gradient_boosting,firm_core,42,cat__Sector_Communication Services,Sector_Communication Services,sector,0.0010854311927205552,0.0010854311927205552
failure_pressure_profit_roa_next_4obs,gradient_boosting,firm_core,42,num__leverage_assets,leverage_assets,financial_ratio,0.0010507016009869967,0.0010507016009869967
failure_pressure_profit_roa_next_4obs,gradient_boosting,firm_core,42,cat__Sector_Real Estate,Sector_Real Estate,sector,0.001015058905023742,0.001015058905023742
failure_pressure_profit_roa_next_4obs,gradient_boosting,firm_core,42,num__total_liabilities_growth_4obs,total_liabilities_growth_4obs,firm_trend,0.0009558412841157594,0.0009558412841157594
failure_pressure_profit_roa_next_4obs,logistic_l2,ratios_trends_only,42,cat__Sector_Energy,Sector_Energy,sector,1.6841430476419461,1.6841430476419461
failure_pressure_profit_roa_next_4obs,logistic_l2,ratios_trends_only,42,cat__Sector_Consumer Defensive,Sector_Consumer Defensive,sector,1.587072599170107,-1.587072599170107
failure_pressure_profit_roa_next_4obs,logistic_l2,ratios_trends_only,42,cat__Sector_Financial Services,Sector_Financial Services,sector,1.3781023703896698,-1.3781023703896698
failure_pressure_profit_roa_next_4obs,logistic_l2,ratios_trends_only,42,num__net_income_negative_count_prior_4obs,net_income_negative_count_prior_4obs,firm_trend,1.3418151716735254,1.3418151716735254
failure_pressure_profit_roa_next_4obs,logistic_l2,ratios_trends_only,42,num__leverage_assets_lag1,leverage_assets_lag1,firm_trend,0.9039074578262352,-0.9039074578262352
failure_pressure_profit_roa_next_4obs,logistic_l2,ratios_trends_only,42,num__roa_lag1,roa_lag1,firm_trend,0.8640084177368503,-0.8640084177368503
failure_pressure_profit_roa_next_4obs,logistic_l2,ratios_trends_only,42,cat__Sector_Agriculture,Sector_Agriculture,sector,0.7429603249662124,0.7429603249662124
failure_pressure_profit_roa_next_4obs,logistic_l2,ratios_trends_only,42,num__missingindicator_current_ratio_change_4obs,current_ratio_change_4obs,firm_trend,0.7150422958669326,-0.7150422958669326
failure_pressure_profit_roa_next_4obs,logistic_l2,ratios_trends_only,42,cat__Sector_Consumer Discretionary,Sector_Consumer Discretionary,sector,0.6841866583333738,-0.6841866583333738
failure_pressure_profit_roa_next_4obs,logistic_l2,ratios_trends_only,42,num__missingindicator_leverage_assets_change_4obs,leverage_assets_change_4obs,firm_trend,0.6233593884077003,0.6233593884077003
failure_pressure_profit_roa_next_4obs,logistic_l2,ratios_trends_only,42,num__missingindicator_current_ratio,current_ratio,financial_ratio,0.6050319045891218,0.6050319045891218
failure_pressure_profit_roa_next_4obs,logistic_l2,ratios_trends_only,42,num__operating_margin,operating_margin,financial_ratio,0.5799556895383429,-0.5799556895383429
failure_pressure_profit_roa_next_4obs,logistic_l2,ratios_trends_only,42,num__missingindicator_total_liabilities_growth_4obs,total_liabilities_growth_4obs,firm_trend,0.527789233131947,-0.527789233131947
failure_pressure_profit_roa_next_4obs,logistic_l2,ratios_trends_only,42,num__missingindicator_current_assets_growth_4obs,current_assets_growth_4obs,firm_trend,0.48313457391364534,0.48313457391364534
failure_pressure_profit_roa_next_4obs,logistic_l2,ratios_trends_only,42,cat__Sector_Communication Services,Sector_Communication Services,sector,0.4530645365616713,0.4530645365616713
failure_pressure_profit_roa_next_4obs,logistic_l2,ratios_trends_only,42,num__missingindicator_total_assets_growth_4obs,total_assets_growth_4obs,firm_trend,0.44535560983219424,0.44535560983219424
failure_pressure_profit_roa_next_4obs,logistic_l2,ratios_trends_only,42,cat__Sector_Utilities,Sector_Utilities,sector,0.4054675496402499,0.4054675496402499
failure_pressure_profit_roa_next_4obs,logistic_l2,ratios_trends_only,42,num__net_margin_lag1,net_margin_lag1,firm_trend,0.40034906063027514,-0.40034906063027514
failure_pressure_profit_roa_next_4obs,logistic_l2,ratios_trends_only,42,num__operating_margin_lag1,operating_margin_lag1,firm_trend,0.39400471424641503,0.39400471424641503
failure_pressure_profit_roa_next_4obs,logistic_l2,ratios_trends_only,42,num__missingindicator_total_revenue_growth_4obs,total_revenue_growth_4obs,firm_trend,0.37782729148587635,-0.37782729148587635
failure_pressure_profit_roa_next_4obs,logistic_l2,ratios_trends_only,42,num__roa,roa,financial_ratio,0.36376288061744394,-0.36376288061744394
failure_pressure_profit_roa_next_4obs,logistic_l2,ratios_trends_only,42,cat__Sector_Real Estate,Sector_Real Estate,sector,0.3550304980166232,-0.3550304980166232
failure_pressure_profit_roa_next_4obs,logistic_l2,ratios_trends_only,42,num__missingindicator_net_margin_change_4obs,net_margin_change_4obs,firm_trend,0.3487803974221977,0.3487803974221977
failure_pressure_profit_roa_next_4obs,logistic_l2,ratios_trends_only,42,cat__Sector_Basic Materials,Sector_Basic Materials,sector,0.3183401835534043,0.3183401835534043
failure_pressure_profit_roa_next_4obs,logistic_l2,ratios_trends_only,42,num__missingindicator_current_liabilities_growth_4obs,current_liabilities_growth_4obs,firm_trend,0.31188313947970253,-0.31188313947970253
failure_pressure_profit_roa_next_4obs,logistic_l2,ratios_trends_only,42,num__missingindicator_cash_assets_lag1,cash_assets_lag1,firm_trend,0.3116754561633707,0.3116754561633707
failure_pressure_profit_roa_next_4obs,logistic_l2,ratios_trends_only,42,num__equity_assets,equity_assets,financial_ratio,0.2970684729968849,-0.2970684729968849
failure_pressure_profit_roa_next_4obs,logistic_l2,ratios_trends_only,42,num__missingindicator_leverage_assets_lag1,leverage_assets_lag1,firm_trend,0.2653077538893354,-0.2653077538893354
failure_pressure_profit_roa_next_4obs,logistic_l2,ratios_trends_only,42,num__missingindicator_gross_margin,gross_margin,financial_ratio,0.2600439872890745,-0.2600439872890745
failure_pressure_profit_roa_next_4obs,logistic_l2,ratios_trends_only,42,num__missingindicator_roa_change_4obs,roa_change_4obs,firm_trend,0.20742407878125027,0.20742407878125027
failure_pressure_profit_roa_next_4obs,logistic_l2,ratios_trends_only,42,num__missingindicator_operating_margin,operating_margin,financial_ratio,0.19715695212331902,-0.19715695212331902
failure_pressure_profit_roa_next_4obs,logistic_l2,ratios_trends_only,42,cat__Sector_Healthcare,Sector_Healthcare,sector,0.19705459112110119,-0.19705459112110119
failure_pressure_profit_roa_next_4obs,logistic_l2,ratios_trends_only,42,num__missingindicator_operating_margin_lag1,operating_margin_lag1,firm_trend,0.18586665274185862,0.18586665274185862
failure_pressure_profit_roa_next_4obs,logistic_l2,ratios_trends_only,42,num__cash_assets,cash_assets,financial_ratio,0.17774203880262895,0.17774203880262895
failure_pressure_profit_roa_next_4obs,logistic_l2,ratios_trends_only,42,cat__Sector_Industrials,Sector_Industrials,sector,0.17699376688949423,-0.17699376688949423
failure_pressure_profit_roa_next_4obs,logistic_l2,ratios_trends_only,42,num__missingindicator_current_ratio_lag1,current_ratio_lag1,firm_trend,0.1635762258573928,-0.1635762258573928
failure_pressure_profit_roa_next_4obs,logistic_l2,ratios_trends_only,42,num__missingindicator_gross_margin_change_4obs,gross_margin_change_4obs,firm_trend,0.14390697349030832,0.14390697349030832
failure_pressure_profit_roa_next_4obs,logistic_l2,ratios_trends_only,42,num__missingindicator_r_and_d_intensity,r_and_d_intensity,financial_ratio,0.14112467283657537,0.14112467283657537
failure_pressure_profit_roa_next_4obs,logistic_l2,ratios_trends_only,42,num__receivables_assets,receivables_assets,financial_ratio,0.13981840281070673,-0.13981840281070673
failure_pressure_profit_roa_next_4obs,logistic_l2,ratios_trends_only,42,num__missingindicator_roa,roa,financial_ratio,0.13890009100340084,-0.13890009100340084
failure_pressure_profit_roa_next_4obs,random_forest,ratios_trends_only,42,num__net_income_negative_count_prior_4obs,net_income_negative_count_prior_4obs,firm_trend,0.15393888020333213,0.15393888020333213
failure_pressure_profit_roa_next_4obs,random_forest,ratios_trends_only,42,num__roa,roa,financial_ratio,0.11862302365165778,0.11862302365165778
failure_pressure_profit_roa_next_4obs,random_forest,ratios_trends_only,42,num__roa_lag1,roa_lag1,firm_trend,0.11540251094280127,0.11540251094280127
failure_pressure_profit_roa_next_4obs,random_forest,ratios_trends_only,42,num__net_margin_lag1,net_margin_lag1,firm_trend,0.06587698682756601,0.06587698682756601
failure_pressure_profit_roa_next_4obs,random_forest,ratios_trends_only,42,num__net_margin,net_margin,financial_ratio,0.06200787520830739,0.06200787520830739
failure_pressure_profit_roa_next_4obs,random_forest,ratios_trends_only,42,num__operating_margin,operating_margin,financial_ratio,0.052976853222951995,0.052976853222951995
failure_pressure_profit_roa_next_4obs,random_forest,ratios_trends_only,42,num__operating_margin_lag1,operating_margin_lag1,firm_trend,0.037244792835585065,0.037244792835585065
failure_pressure_profit_roa_next_4obs,random_forest,ratios_trends_only,42,num__total_assets_growth_4obs,total_assets_growth_4obs,firm_trend,0.022739704362277874,0.022739704362277874
failure_pressure_profit_roa_next_4obs,random_forest,ratios_trends_only,42,num__cash_assets,cash_assets,financial_ratio,0.020728944610240167,0.020728944610240167
failure_pressure_profit_roa_next_4obs,random_forest,ratios_trends_only,42,num__equity_assets,equity_assets,financial_ratio,0.02043094393595556,0.02043094393595556
failure_pressure_profit_roa_next_4obs,random_forest,ratios_trends_only,42,num__roa_change_4obs,roa_change_4obs,firm_trend,0.020265586511570777,0.020265586511570777
failure_pressure_profit_roa_next_4obs,random_forest,ratios_trends_only,42,cat__Sector_Energy,Sector_Energy,sector,0.018734055422720813,0.018734055422720813
failure_pressure_profit_roa_next_4obs,random_forest,ratios_trends_only,42,num__receivables_assets,receivables_assets,financial_ratio,0.017556879489677175,0.017556879489677175
failure_pressure_profit_roa_next_4obs,random_forest,ratios_trends_only,42,num__cash_assets_lag1,cash_assets_lag1,firm_trend,0.01660452024450298,0.01660452024450298
failure_pressure_profit_roa_next_4obs,random_forest,ratios_trends_only,42,num__net_margin_change_4obs,net_margin_change_4obs,firm_trend,0.01513451946540466,0.01513451946540466
failure_pressure_profit_roa_next_4obs,random_forest,ratios_trends_only,42,num__inventory_assets,inventory_assets,financial_ratio,0.013501059636610153,0.013501059636610153
failure_pressure_profit_roa_next_4obs,random_forest,ratios_trends_only,42,num__current_ratio,current_ratio,financial_ratio,0.013145477972689602,0.013145477972689602
failure_pressure_profit_roa_next_4obs,random_forest,ratios_trends_only,42,num__current_ratio_lag1,current_ratio_lag1,firm_trend,0.012991226936511377,0.012991226936511377
failure_pressure_profit_roa_next_4obs,random_forest,ratios_trends_only,42,num__current_assets_growth_4obs,current_assets_growth_4obs,firm_trend,0.012264794137639765,0.012264794137639765
failure_pressure_profit_roa_next_4obs,random_forest,ratios_trends_only,42,num__total_revenue_growth_4obs,total_revenue_growth_4obs,firm_trend,0.012031639213377594,0.012031639213377594
failure_pressure_profit_roa_next_4obs,random_forest,ratios_trends_only,42,num__leverage_assets,leverage_assets,financial_ratio,0.011626794204146551,0.011626794204146551
failure_pressure_profit_roa_next_4obs,random_forest,ratios_trends_only,42,num__leverage_assets_lag1,leverage_assets_lag1,firm_trend,0.010799918416355022,0.010799918416355022
failure_pressure_profit_roa_next_4obs,random_forest,ratios_trends_only,42,num__cash_assets_change_4obs,cash_assets_change_4obs,firm_trend,0.010052770038477318,0.010052770038477318
failure_pressure_profit_roa_next_4obs,random_forest,ratios_trends_only,42,num__current_liabilities_growth_4obs,current_liabilities_growth_4obs,firm_trend,0.00966193861859906,0.00966193861859906
failure_pressure_profit_roa_next_4obs,random_forest,ratios_trends_only,42,num__leverage_assets_change_4obs,leverage_assets_change_4obs,firm_trend,0.009498800967146998,0.009498800967146998
failure_pressure_profit_roa_next_4obs,random_forest,ratios_trends_only,42,num__current_ratio_change_4obs,current_ratio_change_4obs,firm_trend,0.009386120718687241,0.009386120718687241
failure_pressure_profit_roa_next_4obs,random_forest,ratios_trends_only,42,num__operating_margin_change_4obs,operating_margin_change_4obs,firm_trend,0.009044883325562624,0.009044883325562624
failure_pressure_profit_roa_next_4obs,random_forest,ratios_trends_only,42,num__cash_equivalents_growth_4obs,cash_equivalents_growth_4obs,firm_trend,0.008781546404230142,0.008781546404230142
failure_pressure_profit_roa_next_4obs,random_forest,ratios_trends_only,42,num__total_liabilities_growth_4obs,total_liabilities_growth_4obs,firm_trend,0.00853362863522803,0.00853362863522803
failure_pressure_profit_roa_next_4obs,random_forest,ratios_trends_only,42,cat__Sector_Financial Services,Sector_Financial Services,sector,0.005025464051106327,0.005025464051106327
failure_pressure_profit_roa_next_4obs,random_forest,ratios_trends_only,42,num__gross_margin,gross_margin,financial_ratio,0.0049166729439489186,0.0049166729439489186
failure_pressure_profit_roa_next_4obs,random_forest,ratios_trends_only,42,num__r_and_d_intensity,r_and_d_intensity,financial_ratio,0.00444262697774576,0.00444262697774576
failure_pressure_profit_roa_next_4obs,random_forest,ratios_trends_only,42,num__gross_margin_lag1,gross_margin_lag1,firm_trend,0.004171084345081049,0.004171084345081049
failure_pressure_profit_roa_next_4obs,random_forest,ratios_trends_only,42,num__missingindicator_net_margin_lag1,net_margin_lag1,firm_trend,0.0039938946916862105,0.0039938946916862105
failure_pressure_profit_roa_next_4obs,random_forest,ratios_trends_only,42,num__missingindicator_roa_lag1,roa_lag1,firm_trend,0.003917662305857034,0.003917662305857034
failure_pressure_profit_roa_next_4obs,random_forest,ratios_trends_only,42,num__missingindicator_net_margin_change_4obs,net_margin_change_4obs,firm_trend,0.003866066202865516,0.003866066202865516
failure_pressure_profit_roa_next_4obs,random_forest,ratios_trends_only,42,num__missingindicator_roa_change_4obs,roa_change_4obs,firm_trend,0.0036072203587297373,0.0036072203587297373
failure_pressure_profit_roa_next_4obs,random_forest,ratios_trends_only,42,num__missingindicator_total_assets_growth_4obs,total_assets_growth_4obs,firm_trend,0.0035930338215456256,0.0035930338215456256
failure_pressure_profit_roa_next_4obs,random_forest,ratios_trends_only,42,num__missingindicator_total_revenue_growth_4obs,total_revenue_growth_4obs,firm_trend,0.0033471317117410356,0.0033471317117410356
failure_pressure_profit_roa_next_4obs,random_forest,ratios_trends_only,42,num__missingindicator_net_margin,net_margin,financial_ratio,0.00265486484282351,0.00265486484282351
failure_pressure_profit_roa_next_4obs,gradient_boosting,ratios_trends_only,42,num__net_income_negative_count_prior_4obs,net_income_negative_count_prior_4obs,firm_trend,0.6210907062297274,0.6210907062297274
failure_pressure_profit_roa_next_4obs,gradient_boosting,ratios_trends_only,42,num__roa,roa,financial_ratio,0.14213501701479758,0.14213501701479758
failure_pressure_profit_roa_next_4obs,gradient_boosting,ratios_trends_only,42,num__roa_lag1,roa_lag1,firm_trend,0.038082434650946274,0.038082434650946274
failure_pressure_profit_roa_next_4obs,gradient_boosting,ratios_trends_only,42,cat__Sector_Energy,Sector_Energy,sector,0.037498628887735835,0.037498628887735835
failure_pressure_profit_roa_next_4obs,gradient_boosting,ratios_trends_only,42,num__operating_margin,operating_margin,financial_ratio,0.020479629694471767,0.020479629694471767
failure_pressure_profit_roa_next_4obs,gradient_boosting,ratios_trends_only,42,num__missingindicator_roa_lag1,roa_lag1,firm_trend,0.016825794506625365,0.016825794506625365
failure_pressure_profit_roa_next_4obs,gradient_boosting,ratios_trends_only,42,num__inventory_assets,inventory_assets,financial_ratio,0.012462452805284829,0.012462452805284829
failure_pressure_profit_roa_next_4obs,gradient_boosting,ratios_trends_only,42,num__operating_margin_lag1,operating_margin_lag1,firm_trend,0.011584876499190027,0.011584876499190027
failure_pressure_profit_roa_next_4obs,gradient_boosting,ratios_trends_only,42,num__missingindicator_roa_change_4obs,roa_change_4obs,firm_trend,0.011243018476841843,0.011243018476841843
failure_pressure_profit_roa_next_4obs,gradient_boosting,ratios_trends_only,42,cat__Sector_Financial Services,Sector_Financial Services,sector,0.009078416587015479,0.009078416587015479
failure_pressure_profit_roa_next_4obs,gradient_boosting,ratios_trends_only,42,num__receivables_assets,receivables_assets,financial_ratio,0.008301819148346571,0.008301819148346571
failure_pressure_profit_roa_next_4obs,gradient_boosting,ratios_trends_only,42,num__cash_assets,cash_assets,financial_ratio,0.00718930498267222,0.00718930498267222
failure_pressure_profit_roa_next_4obs,gradient_boosting,ratios_trends_only,42,num__total_assets_growth_4obs,total_assets_growth_4obs,firm_trend,0.006232386926294949,0.006232386926294949
failure_pressure_profit_roa_next_4obs,gradient_boosting,ratios_trends_only,42,num__roa_change_4obs,roa_change_4obs,firm_trend,0.00583055374540628,0.00583055374540628
failure_pressure_profit_roa_next_4obs,gradient_boosting,ratios_trends_only,42,num__net_margin,net_margin,financial_ratio,0.004115505639285845,0.004115505639285845
failure_pressure_profit_roa_next_4obs,gradient_boosting,ratios_trends_only,42,num__cash_assets_lag1,cash_assets_lag1,firm_trend,0.0038996219024851446,0.0038996219024851446
failure_pressure_profit_roa_next_4obs,gradient_boosting,ratios_trends_only,42,num__equity_assets,equity_assets,financial_ratio,0.0038546134204069317,0.0038546134204069317
failure_pressure_profit_roa_next_4obs,gradient_boosting,ratios_trends_only,42,num__net_margin_lag1,net_margin_lag1,firm_trend,0.0033783734186988252,0.0033783734186988252
failure_pressure_profit_roa_next_4obs,gradient_boosting,ratios_trends_only,42,num__total_revenue_growth_4obs,total_revenue_growth_4obs,firm_trend,0.002728503872426993,0.002728503872426993
failure_pressure_profit_roa_next_4obs,gradient_boosting,ratios_trends_only,42,num__leverage_assets_lag1,leverage_assets_lag1,firm_trend,0.0024660759554307023,0.0024660759554307023
failure_pressure_profit_roa_next_4obs,gradient_boosting,ratios_trends_only,42,num__current_ratio_lag1,current_ratio_lag1,firm_trend,0.0021990221283012716,0.0021990221283012716
failure_pressure_profit_roa_next_4obs,gradient_boosting,ratios_trends_only,42,num__missingindicator_cash_assets_change_4obs,cash_assets_change_4obs,firm_trend,0.0020520475607113185,0.0020520475607113185
failure_pressure_profit_roa_next_4obs,gradient_boosting,ratios_trends_only,42,num__gross_margin,gross_margin,financial_ratio,0.0020099185323679994,0.0020099185323679994
failure_pressure_profit_roa_next_4obs,gradient_boosting,ratios_trends_only,42,num__missingindicator_cash_assets_lag1,cash_assets_lag1,firm_trend,0.0020066556250072326,0.0020066556250072326
failure_pressure_profit_roa_next_4obs,gradient_boosting,ratios_trends_only,42,num__current_assets_growth_4obs,current_assets_growth_4obs,firm_trend,0.0018925354500102945,0.0018925354500102945
failure_pressure_profit_roa_next_4obs,gradient_boosting,ratios_trends_only,42,num__total_liabilities_growth_4obs,total_liabilities_growth_4obs,firm_trend,0.0016072357627594726,0.0016072357627594726
failure_pressure_profit_roa_next_4obs,gradient_boosting,ratios_trends_only,42,num__net_margin_change_4obs,net_margin_change_4obs,firm_trend,0.0015669623272566542,0.0015669623272566542
failure_pressure_profit_roa_next_4obs,gradient_boosting,ratios_trends_only,42,cat__Sector_Communication Services,Sector_Communication Services,sector,0.0013256696033932091,0.0013256696033932091
failure_pressure_profit_roa_next_4obs,gradient_boosting,ratios_trends_only,42,num__missingindicator_total_assets_growth_4obs,total_assets_growth_4obs,firm_trend,0.0012561020385849977,0.0012561020385849977
failure_pressure_profit_roa_next_4obs,gradient_boosting,ratios_trends_only,42,num__operating_margin_change_4obs,operating_margin_change_4obs,firm_trend,0.0011913278998747327,0.0011913278998747327
failure_pressure_profit_roa_next_4obs,gradient_boosting,ratios_trends_only,42,num__current_ratio,current_ratio,financial_ratio,0.00116724801462383,0.00116724801462383
failure_pressure_profit_roa_next_4obs,gradient_boosting,ratios_trends_only,42,num__missingindicator_inventory_assets,inventory_assets,financial_ratio,0.0010971576123577778,0.0010971576123577778
failure_pressure_profit_roa_next_4obs,gradient_boosting,ratios_trends_only,42,num__leverage_assets,leverage_assets,financial_ratio,0.0010892658864254088,0.0010892658864254088
failure_pressure_profit_roa_next_4obs,gradient_boosting,ratios_trends_only,42,num__missingindicator_leverage_assets_change_4obs,leverage_assets_change_4obs,firm_trend,0.0009620903834715982,0.0009620903834715982
failure_pressure_profit_roa_next_4obs,gradient_boosting,ratios_trends_only,42,num__missingindicator_equity_assets,equity_assets,financial_ratio,0.00090150777491518,0.00090150777491518
failure_pressure_profit_roa_next_4obs,gradient_boosting,ratios_trends_only,42,num__current_liabilities_growth_4obs,current_liabilities_growth_4obs,firm_trend,0.000842589148725214,0.000842589148725214
failure_pressure_profit_roa_next_4obs,gradient_boosting,ratios_trends_only,42,num__cash_assets_change_4obs,cash_assets_change_4obs,firm_trend,0.0007684121288770901,0.0007684121288770901
failure_pressure_profit_roa_next_4obs,gradient_boosting,ratios_trends_only,42,cat__Sector_Real Estate,Sector_Real Estate,sector,0.0006353593672726955,0.0006353593672726955
failure_pressure_profit_roa_next_4obs,gradient_boosting,ratios_trends_only,42,num__missingindicator_net_margin_lag1,net_margin_lag1,firm_trend,0.0005926700797110575,0.0005926700797110575
failure_pressure_profit_roa_next_4obs,gradient_boosting,ratios_trends_only,42,num__missingindicator_current_ratio,current_ratio,financial_ratio,0.0005885182748685231,0.0005885182748685231
failure_pressure_profit_roa_next_4obs,logistic_l2,raw_accounting_only,42,cat__Sector_Financial Services,Sector_Financial Services,sector,1.6403233431983701,-1.6403233431983701
failure_pressure_profit_roa_next_4obs,logistic_l2,raw_accounting_only,42,cat__Sector_Energy,Sector_Energy,sector,1.5847030180003974,1.5847030180003974
failure_pressure_profit_roa_next_4obs,logistic_l2,raw_accounting_only,42,cat__Sector_Consumer Defensive,Sector_Consumer Defensive,sector,1.509392482204107,-1.509392482204107
failure_pressure_profit_roa_next_4obs,logistic_l2,raw_accounting_only,42,cat__Sector_Consumer Discretionary,Sector_Consumer Discretionary,sector,1.4194168053459382,-1.4194168053459382
failure_pressure_profit_roa_next_4obs,logistic_l2,raw_accounting_only,42,num__total_equity,total_equity,accounting_fundamental,1.415490934319898,-1.415490934319898
failure_pressure_profit_roa_next_4obs,logistic_l2,raw_accounting_only,42,num__total_assets,total_assets,accounting_fundamental,1.2995633381579519,1.2995633381579519
failure_pressure_profit_roa_next_4obs,logistic_l2,raw_accounting_only,42,num__current_assets,current_assets,accounting_fundamental,1.2514479302159431,-1.2514479302159431
failure_pressure_profit_roa_next_4obs,logistic_l2,raw_accounting_only,42,cat__Sector_Communication Services,Sector_Communication Services,sector,1.0778959272106714,1.0778959272106714
failure_pressure_profit_roa_next_4obs,logistic_l2,raw_accounting_only,42,num__missingindicator_current_liabilities,current_liabilities,accounting_fundamental,1.00869817232166,-1.00869817232166
failure_pressure_profit_roa_next_4obs,logistic_l2,raw_accounting_only,42,num__missingindicator_current_assets,current_assets,accounting_fundamental,0.8341140136382678,0.8341140136382678
failure_pressure_profit_roa_next_4obs,logistic_l2,raw_accounting_only,42,cat__Sector_Healthcare,Sector_Healthcare,sector,0.8277471820756138,0.8277471820756138
failure_pressure_profit_roa_next_4obs,logistic_l2,raw_accounting_only,42,num__current_liabilities,current_liabilities,accounting_fundamental,0.8021484852419866,0.8021484852419866
failure_pressure_profit_roa_next_4obs,logistic_l2,raw_accounting_only,42,num__net_income,net_income,accounting_fundamental,0.7808778591178337,-0.7808778591178337
failure_pressure_profit_roa_next_4obs,logistic_l2,raw_accounting_only,42,num__operating_income,operating_income,accounting_fundamental,0.7050667921545741,-0.7050667921545741
failure_pressure_profit_roa_next_4obs,logistic_l2,raw_accounting_only,42,num__gross_profit,gross_profit,accounting_fundamental,0.6946146280455802,-0.6946146280455802
failure_pressure_profit_roa_next_4obs,logistic_l2,raw_accounting_only,42,cat__Sector_Agriculture,Sector_Agriculture,sector,0.5648712099785432,0.5648712099785432
failure_pressure_profit_roa_next_4obs,logistic_l2,raw_accounting_only,42,cat__Sector_Basic Materials,Sector_Basic Materials,sector,0.4473081661946734,-0.4473081661946734
failure_pressure_profit_roa_next_4obs,logistic_l2,raw_accounting_only,42,num__missingindicator_total_liabilities,total_liabilities,accounting_fundamental,0.2898679232771156,-0.2898679232771156
failure_pressure_profit_roa_next_4obs,logistic_l2,raw_accounting_only,42,cat__Sector_Consumer Cyclical,Sector_Consumer Cyclical,sector,0.23231630235278722,0.23231630235278722
failure_pressure_profit_roa_next_4obs,logistic_l2,raw_accounting_only,42,cat__Sector_Industrials,Sector_Industrials,sector,0.22710376268622262,-0.22710376268622262
failure_pressure_profit_roa_next_4obs,logistic_l2,raw_accounting_only,42,num__missingindicator_cash_equivalents,cash_equivalents,accounting_fundamental,0.20976082210626004,0.20976082210626004
failure_pressure_profit_roa_next_4obs,logistic_l2,raw_accounting_only,42,num__missingindicator_capex,capex,accounting_fundamental,0.1679720135450064,0.1679720135450064
failure_pressure_profit_roa_next_4obs,logistic_l2,raw_accounting_only,42,num__missingindicator_gross_profit,gross_profit,accounting_fundamental,0.1387382785735641,-0.1387382785735641
failure_pressure_profit_roa_next_4obs,logistic_l2,raw_accounting_only,42,num__capex,capex,accounting_fundamental,0.13441077910158936,0.13441077910158936
failure_pressure_profit_roa_next_4obs,logistic_l2,raw_accounting_only,42,num__total_liabilities,total_liabilities,accounting_fundamental,0.12876638709575747,-0.12876638709575747
failure_pressure_profit_roa_next_4obs,logistic_l2,raw_accounting_only,42,num__missingindicator_net_income,net_income,accounting_fundamental,0.1000307179304623,-0.1000307179304623
failure_pressure_profit_roa_next_4obs,logistic_l2,raw_accounting_only,42,num__missingindicator_total_revenue,total_revenue,accounting_fundamental,0.09182817487378976,0.09182817487378976
failure_pressure_profit_roa_next_4obs,logistic_l2,raw_accounting_only,42,num__missingindicator_operating_income,operating_income,accounting_fundamental,0.08094673752931049,0.08094673752931049
failure_pressure_profit_roa_next_4obs,logistic_l2,raw_accounting_only,42,num__total_revenue,total_revenue,accounting_fundamental,0.07754842840034618,0.07754842840034618
failure_pressure_profit_roa_next_4obs,logistic_l2,raw_accounting_only,42,cat__Sector_Utilities,Sector_Utilities,sector,0.06235132071679489,0.06235132071679489
failure_pressure_profit_roa_next_4obs,logistic_l2,raw_accounting_only,42,num__missingindicator_total_equity,total_equity,accounting_fundamental,0.06230318720321047,0.06230318720321047
failure_pressure_profit_roa_next_4obs,logistic_l2,raw_accounting_only,42,num__missingindicator_total_assets,total_assets,accounting_fundamental,0.05780612691755306,0.05780612691755306
failure_pressure_profit_roa_next_4obs,logistic_l2,raw_accounting_only,42,num__cash_equivalents,cash_equivalents,accounting_fundamental,0.05272749195836423,0.05272749195836423
failure_pressure_profit_roa_next_4obs,logistic_l2,raw_accounting_only,42,cat__Sector_Technology,Sector_Technology,sector,0.01633183066928039,-0.01633183066928039
failure_pressure_profit_roa_next_4obs,logistic_l2,raw_accounting_only,42,num__cash_flow_operating,cash_flow_operating,accounting_fundamental,0.0163129935781272,0.0163129935781272
failure_pressure_profit_roa_next_4obs,logistic_l2,raw_accounting_only,42,num__missingindicator_cash_flow_operating,cash_flow_operating,accounting_fundamental,0.015680647258789454,0.015680647258789454
failure_pressure_profit_roa_next_4obs,logistic_l2,raw_accounting_only,42,cat__Sector_Real Estate,Sector_Real Estate,sector,0.010842597423570587,-0.010842597423570587
failure_pressure_profit_roa_next_4obs,random_forest,raw_accounting_only,42,num__net_income,net_income,accounting_fundamental,0.267638316235914,0.267638316235914
failure_pressure_profit_roa_next_4obs,random_forest,raw_accounting_only,42,num__operating_income,operating_income,accounting_fundamental,0.1365624142942276,0.1365624142942276
failure_pressure_profit_roa_next_4obs,random_forest,raw_accounting_only,42,num__total_equity,total_equity,accounting_fundamental,0.07519665568144376,0.07519665568144376
failure_pressure_profit_roa_next_4obs,random_forest,raw_accounting_only,42,num__total_assets,total_assets,accounting_fundamental,0.06908785208532242,0.06908785208532242
failure_pressure_profit_roa_next_4obs,random_forest,raw_accounting_only,42,num__current_assets,current_assets,accounting_fundamental,0.06471599685698752,0.06471599685698752
failure_pressure_profit_roa_next_4obs,random_forest,raw_accounting_only,42,num__current_liabilities,current_liabilities,accounting_fundamental,0.05212510965346174,0.05212510965346174
failure_pressure_profit_roa_next_4obs,random_forest,raw_accounting_only,42,num__cash_equivalents,cash_equivalents,accounting_fundamental,0.04762191536442748,0.04762191536442748
failure_pressure_profit_roa_next_4obs,random_forest,raw_accounting_only,42,num__total_revenue,total_revenue,accounting_fundamental,0.04562392366256991,0.04562392366256991
failure_pressure_profit_roa_next_4obs,random_forest,raw_accounting_only,42,num__total_liabilities,total_liabilities,accounting_fundamental,0.04197234056622884,0.04197234056622884
failure_pressure_profit_roa_next_4obs,random_forest,raw_accounting_only,42,num__cash_flow_operating,cash_flow_operating,accounting_fundamental,0.03894722655706884,0.03894722655706884
failure_pressure_profit_roa_next_4obs,random_forest,raw_accounting_only,42,cat__Sector_Energy,Sector_Energy,sector,0.030548428561117256,0.030548428561117256
failure_pressure_profit_roa_next_4obs,random_forest,raw_accounting_only,42,num__capex,capex,accounting_fundamental,0.03000751257076134,0.03000751257076134
failure_pressure_profit_roa_next_4obs,random_forest,raw_accounting_only,42,num__gross_profit,gross_profit,accounting_fundamental,0.02219369079893074,0.02219369079893074
failure_pressure_profit_roa_next_4obs,random_forest,raw_accounting_only,42,num__missingindicator_capex,capex,accounting_fundamental,0.0092528300937553,0.0092528300937553
failure_pressure_profit_roa_next_4obs,random_forest,raw_accounting_only,42,cat__Sector_Communication Services,Sector_Communication Services,sector,0.0078994608204036,0.0078994608204036
failure_pressure_profit_roa_next_4obs,random_forest,raw_accounting_only,42,cat__Sector_Industrials,Sector_Industrials,sector,0.006415554787819943,0.006415554787819943
failure_pressure_profit_roa_next_4obs,random_forest,raw_accounting_only,42,num__missingindicator_cash_flow_operating,cash_flow_operating,accounting_fundamental,0.005852323353903164,0.005852323353903164
failure_pressure_profit_roa_next_4obs,random_forest,raw_accounting_only,42,cat__Sector_Financial Services,Sector_Financial Services,sector,0.005374702651027967,0.005374702651027967
failure_pressure_profit_roa_next_4obs,random_forest,raw_accounting_only,42,num__missingindicator_gross_profit,gross_profit,accounting_fundamental,0.004921627715681503,0.004921627715681503
failure_pressure_profit_roa_next_4obs,random_forest,raw_accounting_only,42,num__missingindicator_total_liabilities,total_liabilities,accounting_fundamental,0.004706079053368451,0.004706079053368451
failure_pressure_profit_roa_next_4obs,random_forest,raw_accounting_only,42,num__missingindicator_total_revenue,total_revenue,accounting_fundamental,0.0037656732949068743,0.0037656732949068743
failure_pressure_profit_roa_next_4obs,random_forest,raw_accounting_only,42,num__missingindicator_operating_income,operating_income,accounting_fundamental,0.0036945179173423033,0.0036945179173423033
failure_pressure_profit_roa_next_4obs,random_forest,raw_accounting_only,42,cat__Sector_Utilities,Sector_Utilities,sector,0.003650059740676105,0.003650059740676105
failure_pressure_profit_roa_next_4obs,random_forest,raw_accounting_only,42,cat__Sector_Real Estate,Sector_Real Estate,sector,0.0032239305446182696,0.0032239305446182696
failure_pressure_profit_roa_next_4obs,random_forest,raw_accounting_only,42,cat__Sector_Technology,Sector_Technology,sector,0.0031062927429050817,0.0031062927429050817
failure_pressure_profit_roa_next_4obs,random_forest,raw_accounting_only,42,cat__Sector_Consumer Cyclical,Sector_Consumer Cyclical,sector,0.0026222670986331196,0.0026222670986331196
failure_pressure_profit_roa_next_4obs,random_forest,raw_accounting_only,42,num__missingindicator_current_liabilities,current_liabilities,accounting_fundamental,0.002275869363497829,0.002275869363497829
failure_pressure_profit_roa_next_4obs,random_forest,raw_accounting_only,42,num__missingindicator_current_assets,current_assets,accounting_fundamental,0.0021490997160994777,0.0021490997160994777
failure_pressure_profit_roa_next_4obs,random_forest,raw_accounting_only,42,cat__Sector_Healthcare,Sector_Healthcare,sector,0.002046333284069101,0.002046333284069101
failure_pressure_profit_roa_next_4obs,random_forest,raw_accounting_only,42,num__missingindicator_total_equity,total_equity,accounting_fundamental,0.0018583348918729747,0.0018583348918729747
failure_pressure_profit_roa_next_4obs,random_forest,raw_accounting_only,42,num__missingindicator_cash_equivalents,cash_equivalents,accounting_fundamental,0.0015358386685159428,0.0015358386685159428
failure_pressure_profit_roa_next_4obs,random_forest,raw_accounting_only,42,num__missingindicator_total_assets,total_assets,accounting_fundamental,0.0010835492735632257,0.0010835492735632257
failure_pressure_profit_roa_next_4obs,random_forest,raw_accounting_only,42,num__missingindicator_net_income,net_income,accounting_fundamental,0.0008390314725914039,0.0008390314725914039
failure_pressure_profit_roa_next_4obs,random_forest,raw_accounting_only,42,cat__Sector_Basic Materials,Sector_Basic Materials,sector,0.0006888659116372239,0.0006888659116372239
failure_pressure_profit_roa_next_4obs,random_forest,raw_accounting_only,42,cat__Sector_Consumer Defensive,Sector_Consumer Defensive,sector,0.0006009581939324589,0.0006009581939324589
failure_pressure_profit_roa_next_4obs,random_forest,raw_accounting_only,42,cat__Sector_Agriculture,Sector_Agriculture,sector,0.00016922605732404102,0.00016922605732404102
failure_pressure_profit_roa_next_4obs,random_forest,raw_accounting_only,42,cat__Sector_Consumer Discretionary,Sector_Consumer Discretionary,sector,2.6190463393176826e-05,2.6190463393176826e-05
failure_pressure_profit_roa_next_4obs,gradient_boosting,raw_accounting_only,42,num__net_income,net_income,accounting_fundamental,0.6676370844521221,0.6676370844521221
failure_pressure_profit_roa_next_4obs,gradient_boosting,raw_accounting_only,42,num__operating_income,operating_income,accounting_fundamental,0.10800116765324758,0.10800116765324758
failure_pressure_profit_roa_next_4obs,gradient_boosting,raw_accounting_only,42,cat__Sector_Energy,Sector_Energy,sector,0.05646584064291692,0.05646584064291692
failure_pressure_profit_roa_next_4obs,gradient_boosting,raw_accounting_only,42,num__total_equity,total_equity,accounting_fundamental,0.02945839225428312,0.02945839225428312
failure_pressure_profit_roa_next_4obs,gradient_boosting,raw_accounting_only,42,num__total_assets,total_assets,accounting_fundamental,0.02193771281653718,0.02193771281653718
failure_pressure_profit_roa_next_4obs,gradient_boosting,raw_accounting_only,42,num__current_assets,current_assets,accounting_fundamental,0.0178763356834462,0.0178763356834462
failure_pressure_profit_roa_next_4obs,gradient_boosting,raw_accounting_only,42,num__capex,capex,accounting_fundamental,0.012309004985808253,0.012309004985808253
failure_pressure_profit_roa_next_4obs,gradient_boosting,raw_accounting_only,42,cat__Sector_Communication Services,Sector_Communication Services,sector,0.011178803807796133,0.011178803807796133
failure_pressure_profit_roa_next_4obs,gradient_boosting,raw_accounting_only,42,num__gross_profit,gross_profit,accounting_fundamental,0.011112641069330671,0.011112641069330671
failure_pressure_profit_roa_next_4obs,gradient_boosting,raw_accounting_only,42,num__total_liabilities,total_liabilities,accounting_fundamental,0.010847724613418503,0.010847724613418503
failure_pressure_profit_roa_next_4obs,gradient_boosting,raw_accounting_only,42,num__cash_flow_operating,cash_flow_operating,accounting_fundamental,0.00961961910343324,0.00961961910343324
failure_pressure_profit_roa_next_4obs,gradient_boosting,raw_accounting_only,42,num__current_liabilities,current_liabilities,accounting_fundamental,0.00901866921421249,0.00901866921421249
failure_pressure_profit_roa_next_4obs,gradient_boosting,raw_accounting_only,42,num__missingindicator_capex,capex,accounting_fundamental,0.00679458475232661,0.00679458475232661
failure_pressure_profit_roa_next_4obs,gradient_boosting,raw_accounting_only,42,num__cash_equivalents,cash_equivalents,accounting_fundamental,0.006620297065038569,0.006620297065038569
failure_pressure_profit_roa_next_4obs,gradient_boosting,raw_accounting_only,42,cat__Sector_Financial Services,Sector_Financial Services,sector,0.0053991734666734145,0.0053991734666734145
failure_pressure_profit_roa_next_4obs,gradient_boosting,raw_accounting_only,42,num__total_revenue,total_revenue,accounting_fundamental,0.004733369049330625,0.004733369049330625
failure_pressure_profit_roa_next_4obs,gradient_boosting,raw_accounting_only,42,cat__Sector_Real Estate,Sector_Real Estate,sector,0.002444871379370048,0.002444871379370048
failure_pressure_profit_roa_next_4obs,gradient_boosting,raw_accounting_only,42,num__missingindicator_total_assets,total_assets,accounting_fundamental,0.0019483195370277183,0.0019483195370277183
failure_pressure_profit_roa_next_4obs,gradient_boosting,raw_accounting_only,42,num__missingindicator_cash_flow_operating,cash_flow_operating,accounting_fundamental,0.0012772660171039678,0.0012772660171039678
failure_pressure_profit_roa_next_4obs,gradient_boosting,raw_accounting_only,42,num__missingindicator_total_equity,total_equity,accounting_fundamental,0.0009372505801056514,0.0009372505801056514
failure_pressure_profit_roa_next_4obs,gradient_boosting,raw_accounting_only,42,num__missingindicator_total_liabilities,total_liabilities,accounting_fundamental,0.0008542964092012712,0.0008542964092012712
failure_pressure_profit_roa_next_4obs,gradient_boosting,raw_accounting_only,42,cat__Sector_Industrials,Sector_Industrials,sector,0.0008364156594979478,0.0008364156594979478
failure_pressure_profit_roa_next_4obs,gradient_boosting,raw_accounting_only,42,num__missingindicator_current_liabilities,current_liabilities,accounting_fundamental,0.0006609948056468107,0.0006609948056468107
failure_pressure_profit_roa_next_4obs,gradient_boosting,raw_accounting_only,42,num__missingindicator_total_revenue,total_revenue,accounting_fundamental,0.0005757866821463495,0.0005757866821463495
failure_pressure_profit_roa_next_4obs,gradient_boosting,raw_accounting_only,42,cat__Sector_Basic Materials,Sector_Basic Materials,sector,0.0003988772113536693,0.0003988772113536693
failure_pressure_profit_roa_next_4obs,gradient_boosting,raw_accounting_only,42,num__missingindicator_gross_profit,gross_profit,accounting_fundamental,0.0002740312922001396,0.0002740312922001396
failure_pressure_profit_roa_next_4obs,gradient_boosting,raw_accounting_only,42,cat__Sector_Technology,Sector_Technology,sector,0.00021244565255050044,0.00021244565255050044
failure_pressure_profit_roa_next_4obs,gradient_boosting,raw_accounting_only,42,cat__Sector_Utilities,Sector_Utilities,sector,0.00018482542357904476,0.00018482542357904476
failure_pressure_profit_roa_next_4obs,gradient_boosting,raw_accounting_only,42,cat__Sector_Consumer Cyclical,Sector_Consumer Cyclical,sector,0.00012899288444321905,0.00012899288444321905
failure_pressure_profit_roa_next_4obs,gradient_boosting,raw_accounting_only,42,num__missingindicator_current_assets,current_assets,accounting_fundamental,0.00011778314040434918,0.00011778314040434918
failure_pressure_profit_roa_next_4obs,gradient_boosting,raw_accounting_only,42,cat__Sector_Consumer Discretionary,Sector_Consumer Discretionary,sector,6.699711128789025e-05,6.699711128789025e-05
failure_pressure_profit_roa_next_4obs,gradient_boosting,raw_accounting_only,42,num__missingindicator_cash_equivalents,cash_equivalents,accounting_fundamental,5.1288167125390554e-05,5.1288167125390554e-05
failure_pressure_profit_roa_next_4obs,gradient_boosting,raw_accounting_only,42,cat__Sector_Consumer Defensive,Sector_Consumer Defensive,sector,1.9137417034423213e-05,1.9137417034423213e-05
failure_pressure_profit_roa_next_4obs,gradient_boosting,raw_accounting_only,42,cat__Sector_Agriculture,Sector_Agriculture,sector,0.0,0.0
failure_pressure_profit_roa_next_4obs,gradient_boosting,raw_accounting_only,42,num__missingindicator_net_income,net_income,accounting_fundamental,0.0,0.0
failure_pressure_profit_roa_next_4obs,gradient_boosting,raw_accounting_only,42,num__missingindicator_operating_income,operating_income,accounting_fundamental,0.0,0.0
failure_pressure_profit_roa_next_4obs,gradient_boosting,raw_accounting_only,42,cat__Sector_Healthcare,Sector_Healthcare,sector,0.0,0.0
failure_pressure_profit_roa_next_4obs,logistic_l2,macro_event_only,42,num__GDPC1,GDPC1,macro,4.351877109486383,-4.351877109486383
failure_pressure_profit_roa_next_4obs,logistic_l2,macro_event_only,42,num__PAYEMS,PAYEMS,macro,2.81555029645033,2.81555029645033
failure_pressure_profit_roa_next_4obs,logistic_l2,macro_event_only,42,num__RSAFS,RSAFS,macro,2.7449513268536143,2.7449513268536143
failure_pressure_profit_roa_next_4obs,logistic_l2,macro_event_only,42,cat__Sector_Consumer Defensive,Sector_Consumer Defensive,sector,2.360996256553104,-2.360996256553104
failure_pressure_profit_roa_next_4obs,logistic_l2,macro_event_only,42,num__BUSLOANS,BUSLOANS,macro,2.0052774549359813,-2.0052774549359813
failure_pressure_profit_roa_next_4obs,logistic_l2,macro_event_only,42,cat__Sector_Energy,Sector_Energy,sector,1.5009902350827757,1.5009902350827757
failure_pressure_profit_roa_next_4obs,logistic_l2,macro_event_only,42,num__CPIAUCSL,CPIAUCSL,macro,1.2458027368496838,1.2458027368496838
failure_pressure_profit_roa_next_4obs,logistic_l2,macro_event_only,42,cat__Sector_Financial Services,Sector_Financial Services,sector,1.1709055706152842,-1.1709055706152842
failure_pressure_profit_roa_next_4obs,logistic_l2,macro_event_only,42,cat__Sector_Communication Services,Sector_Communication Services,sector,0.974115527962847,0.974115527962847
failure_pressure_profit_roa_next_4obs,logistic_l2,macro_event_only,42,cat__Sector_Agriculture,Sector_Agriculture,sector,0.954120143735417,0.954120143735417
failure_pressure_profit_roa_next_4obs,logistic_l2,macro_event_only,42,cat__Sector_Consumer Discretionary,Sector_Consumer Discretionary,sector,0.8688656746334169,-0.8688656746334169
failure_pressure_profit_roa_next_4obs,logistic_l2,macro_event_only,42,num__M2SL,M2SL,macro,0.7351829459750067,0.7351829459750067
failure_pressure_profit_roa_next_4obs,logistic_l2,macro_event_only,42,cat__Sector_Healthcare,Sector_Healthcare,sector,0.6764864571066458,0.6764864571066458
failure_pressure_profit_roa_next_4obs,logistic_l2,macro_event_only,42,num__FEDFUNDS,FEDFUNDS,macro,0.6273177722632658,-0.6273177722632658
failure_pressure_profit_roa_next_4obs,logistic_l2,macro_event_only,42,num__INDPRO,INDPRO,macro,0.5933703571367112,-0.5933703571367112
failure_pressure_profit_roa_next_4obs,logistic_l2,macro_event_only,42,num__BUSLOANS_yoy_pct,BUSLOANS_yoy_pct,macro,0.5288342141847157,-0.5288342141847157
failure_pressure_profit_roa_next_4obs,logistic_l2,macro_event_only,42,num__PPIACO_yoy_pct,PPIACO_yoy_pct,macro,0.5214179304968031,-0.5214179304968031
failure_pressure_profit_roa_next_4obs,logistic_l2,macro_event_only,42,num__INDPRO_yoy_pct,INDPRO_yoy_pct,macro,0.42062221186077614,0.42062221186077614
failure_pressure_profit_roa_next_4obs,logistic_l2,macro_event_only,42,num__DCOILWTICO,DCOILWTICO,macro,0.3271193132471909,-0.3271193132471909
failure_pressure_profit_roa_next_4obs,logistic_l2,macro_event_only,42,cat__Sector_Consumer Cyclical,Sector_Consumer Cyclical,sector,0.3114821054810285,0.3114821054810285
failure_pressure_profit_roa_next_4obs,logistic_l2,macro_event_only,42,num__demand_slowdown_regime,demand_slowdown_regime,regime_time,0.2991318251952381,-0.2991318251952381
failure_pressure_profit_roa_next_4obs,logistic_l2,macro_event_only,42,cat__Sector_Industrials,Sector_Industrials,sector,0.2981667552657327,-0.2981667552657327
failure_pressure_profit_roa_next_4obs,logistic_l2,macro_event_only,42,num__T10Y3M,T10Y3M,macro,0.26632781569434344,-0.26632781569434344
failure_pressure_profit_roa_next_4obs,logistic_l2,macro_event_only,42,num__BAMLH0A0HYM2,BAMLH0A0HYM2,macro,0.2661931735672186,0.2661931735672186
failure_pressure_profit_roa_next_4obs,logistic_l2,macro_event_only,42,num__T10Y2Y,T10Y2Y,macro,0.25237320416428977,0.25237320416428977
failure_pressure_profit_roa_next_4obs,logistic_l2,macro_event_only,42,num__DTWEXBGS,DTWEXBGS,macro,0.23683692344173754,0.23683692344173754
failure_pressure_profit_roa_next_4obs,logistic_l2,macro_event_only,42,num__NFCI,NFCI,macro,0.2290503278551675,0.2290503278551675
failure_pressure_profit_roa_next_4obs,logistic_l2,macro_event_only,42,num__HOUST,HOUST,macro,0.21901329524847954,-0.21901329524847954
failure_pressure_profit_roa_next_4obs,logistic_l2,macro_event_only,42,num__GS10,GS10,macro,0.21079441437380048,0.21079441437380048
failure_pressure_profit_roa_next_4obs,logistic_l2,macro_event_only,42,num__PPIACO,PPIACO,macro,0.2051432823722837,0.2051432823722837
failure_pressure_profit_roa_next_4obs,logistic_l2,macro_event_only,42,num__DCOILWTICO_yoy_pct,DCOILWTICO_yoy_pct,macro,0.19653489665633259,-0.19653489665633259
failure_pressure_profit_roa_next_4obs,logistic_l2,macro_event_only,42,cat__Sector_Real Estate,Sector_Real Estate,sector,0.1890184992579177,0.1890184992579177
failure_pressure_profit_roa_next_4obs,logistic_l2,macro_event_only,42,cat__Sector_Basic Materials,Sector_Basic Materials,sector,0.1724211572812912,-0.1724211572812912
failure_pressure_profit_roa_next_4obs,logistic_l2,macro_event_only,42,num__VIXCLS,VIXCLS,macro,0.16333465840679484,-0.16333465840679484
failure_pressure_profit_roa_next_4obs,logistic_l2,macro_event_only,42,num__credit_tightening_regime,credit_tightening_regime,regime_time,0.12273772252215653,0.12273772252215653
failure_pressure_profit_roa_next_4obs,logistic_l2,macro_event_only,42,num__global_event_financial_market_count,global_event_financial_market_count,global_event_context,0.1212650276320676,-0.1212650276320676
failure_pressure_profit_roa_next_4obs,logistic_l2,macro_event_only,42,num__global_event_financial_market_severity,global_event_financial_market_severity,global_event_context,0.12126502763206215,-0.12126502763206215
failure_pressure_profit_roa_next_4obs,logistic_l2,macro_event_only,42,num__DRTSCILM,DRTSCILM,macro,0.11711723347244382,-0.11711723347244382
failure_pressure_profit_roa_next_4obs,logistic_l2,macro_event_only,42,num__RSAFS_yoy_pct,RSAFS_yoy_pct,macro,0.10807587135294386,-0.10807587135294386
failure_pressure_profit_roa_next_4obs,logistic_l2,macro_event_only,42,num__global_event_trade_policy_count,global_event_trade_policy_count,global_event_context,0.09358463931514648,0.09358463931514648
failure_pressure_profit_roa_next_4obs,random_forest,macro_event_only,42,cat__Sector_Energy,Sector_Energy,sector,0.07430605289210343,0.07430605289210343
failure_pressure_profit_roa_next_4obs,random_forest,macro_event_only,42,cat__Sector_Financial Services,Sector_Financial Services,sector,0.07270329780449182,0.07270329780449182
failure_pressure_profit_roa_next_4obs,random_forest,macro_event_only,42,num__USEPUINDXD,USEPUINDXD,macro,0.05512430156674621,0.05512430156674621
failure_pressure_profit_roa_next_4obs,random_forest,macro_event_only,42,num__DCOILWTICO_yoy_pct,DCOILWTICO_yoy_pct,macro,0.05270266601523726,0.05270266601523726
failure_pressure_profit_roa_next_4obs,random_forest,macro_event_only,42,num__DCOILWTICO,DCOILWTICO,macro,0.050872918020880786,0.050872918020880786
failure_pressure_profit_roa_next_4obs,random_forest,macro_event_only,42,num__VIXCLS,VIXCLS,macro,0.0503555393426613,0.0503555393426613
failure_pressure_profit_roa_next_4obs,random_forest,macro_event_only,42,num__DTWEXBGS_yoy_pct,DTWEXBGS_yoy_pct,macro,0.04978705502629454,0.04978705502629454
failure_pressure_profit_roa_next_4obs,random_forest,macro_event_only,42,num__DTWEXBGS,DTWEXBGS,macro,0.049721304069879874,0.049721304069879874
failure_pressure_profit_roa_next_4obs,random_forest,macro_event_only,42,num__T10Y3M,T10Y3M,macro,0.04722793285360807,0.04722793285360807
failure_pressure_profit_roa_next_4obs,random_forest,macro_event_only,42,num__BAMLH0A0HYM2,BAMLH0A0HYM2,macro,0.0455298901176937,0.0455298901176937
failure_pressure_profit_roa_next_4obs,random_forest,macro_event_only,42,num__T10Y2Y,T10Y2Y,macro,0.04438254472114574,0.04438254472114574
failure_pressure_profit_roa_next_4obs,random_forest,macro_event_only,42,num__NFCI,NFCI,macro,0.02900086334156627,0.02900086334156627
failure_pressure_profit_roa_next_4obs,random_forest,macro_event_only,42,cat__Sector_Industrials,Sector_Industrials,sector,0.02581374721172672,0.02581374721172672
failure_pressure_profit_roa_next_4obs,random_forest,macro_event_only,42,cat__Sector_Communication Services,Sector_Communication Services,sector,0.021487205910474726,0.021487205910474726
failure_pressure_profit_roa_next_4obs,random_forest,macro_event_only,42,cat__Sector_Healthcare,Sector_Healthcare,sector,0.0179632872844357,0.0179632872844357
failure_pressure_profit_roa_next_4obs,random_forest,macro_event_only,42,cat__Sector_Consumer Defensive,Sector_Consumer Defensive,sector,0.017870735378070764,0.017870735378070764
failure_pressure_profit_roa_next_4obs,random_forest,macro_event_only,42,cat__Sector_Technology,Sector_Technology,sector,0.015580378129659574,0.015580378129659574
failure_pressure_profit_roa_next_4obs,random_forest,macro_event_only,42,cat__Sector_Utilities,Sector_Utilities,sector,0.014810897932986676,0.014810897932986676
failure_pressure_profit_roa_next_4obs,random_forest,macro_event_only,42,num__PAYEMS_yoy_pct,PAYEMS_yoy_pct,macro,0.013756894984805115,0.013756894984805115
failure_pressure_profit_roa_next_4obs,random_forest,macro_event_only,42,num__INDPRO_yoy_pct,INDPRO_yoy_pct,macro,0.01336632753259098,0.01336632753259098
failure_pressure_profit_roa_next_4obs,random_forest,macro_event_only,42,num__HOUST,HOUST,macro,0.013195209300456576,0.013195209300456576
failure_pressure_profit_roa_next_4obs,random_forest,macro_event_only,42,num__GS10,GS10,macro,0.012832958526871318,0.012832958526871318
failure_pressure_profit_roa_next_4obs,random_forest,macro_event_only,42,num__HOUST_yoy_pct,HOUST_yoy_pct,macro,0.012823876781507591,0.012823876781507591
failure_pressure_profit_roa_next_4obs,random_forest,macro_event_only,42,num__PPIACO_yoy_pct,PPIACO_yoy_pct,macro,0.011903117397156089,0.011903117397156089
failure_pressure_profit_roa_next_4obs,random_forest,macro_event_only,42,num__INDPRO,INDPRO,macro,0.011734069847149172,0.011734069847149172
failure_pressure_profit_roa_next_4obs,random_forest,macro_event_only,42,num__RSAFS,RSAFS,macro,0.01149091703334895,0.01149091703334895
failure_pressure_profit_roa_next_4obs,random_forest,macro_event_only,42,num__BUSLOANS,BUSLOANS,macro,0.011444958296684014,0.011444958296684014
failure_pressure_profit_roa_next_4obs,random_forest,macro_event_only,42,num__PPIACO,PPIACO,macro,0.011404671925103234,0.011404671925103234
failure_pressure_profit_roa_next_4obs,random_forest,macro_event_only,42,num__BUSLOANS_yoy_pct,BUSLOANS_yoy_pct,macro,0.011230324613725957,0.011230324613725957
failure_pressure_profit_roa_next_4obs,random_forest,macro_event_only,42,num__CPIAUCSL_yoy_pct,CPIAUCSL_yoy_pct,macro,0.010977570330273153,0.010977570330273153
failure_pressure_profit_roa_next_4obs,random_forest,macro_event_only,42,num__RSAFS_yoy_pct,RSAFS_yoy_pct,macro,0.010928239726737544,0.010928239726737544
failure_pressure_profit_roa_next_4obs,random_forest,macro_event_only,42,num__M2SL_yoy_pct,M2SL_yoy_pct,macro,0.01071492299608362,0.01071492299608362
failure_pressure_profit_roa_next_4obs,random_forest,macro_event_only,42,num__CPIAUCSL,CPIAUCSL,macro,0.010673528449135944,0.010673528449135944
failure_pressure_profit_roa_next_4obs,random_forest,macro_event_only,42,num__PAYEMS,PAYEMS,macro,0.010311686453088675,0.010311686453088675
failure_pressure_profit_roa_next_4obs,random_forest,macro_event_only,42,num__M2SL,M2SL,macro,0.010005729583004915,0.010005729583004915
failure_pressure_profit_roa_next_4obs,random_forest,macro_event_only,42,cat__Sector_Consumer Cyclical,Sector_Consumer Cyclical,sector,0.009469391057280493,0.009469391057280493
failure_pressure_profit_roa_next_4obs,random_forest,macro_event_only,42,cat__Sector_Real Estate,Sector_Real Estate,sector,0.008755011921494601,0.008755011921494601
failure_pressure_profit_roa_next_4obs,random_forest,macro_event_only,42,num__UNRATE,UNRATE,macro,0.008263234938967533,0.008263234938967533
failure_pressure_profit_roa_next_4obs,random_forest,macro_event_only,42,num__FEDFUNDS,FEDFUNDS,macro,0.006682972440594607,0.006682972440594607
failure_pressure_profit_roa_next_4obs,random_forest,macro_event_only,42,num__GDPC1,GDPC1,macro,0.005128972036967484,0.005128972036967484
failure_pressure_profit_roa_next_4obs,gradient_boosting,macro_event_only,42,cat__Sector_Energy,Sector_Energy,sector,0.25019988134985155,0.25019988134985155
failure_pressure_profit_roa_next_4obs,gradient_boosting,macro_event_only,42,cat__Sector_Financial Services,Sector_Financial Services,sector,0.14129504510853944,0.14129504510853944
failure_pressure_profit_roa_next_4obs,gradient_boosting,macro_event_only,42,cat__Sector_Communication Services,Sector_Communication Services,sector,0.05941350231386338,0.05941350231386338
failure_pressure_profit_roa_next_4obs,gradient_boosting,macro_event_only,42,cat__Sector_Consumer Defensive,Sector_Consumer Defensive,sector,0.05399408605531321,0.05399408605531321
failure_pressure_profit_roa_next_4obs,gradient_boosting,macro_event_only,42,num__DCOILWTICO,DCOILWTICO,macro,0.05231611497485373,0.05231611497485373
failure_pressure_profit_roa_next_4obs,gradient_boosting,macro_event_only,42,cat__Sector_Healthcare,Sector_Healthcare,sector,0.04986906490274785,0.04986906490274785
failure_pressure_profit_roa_next_4obs,gradient_boosting,macro_event_only,42,num__UNRATE,UNRATE,macro,0.046491946908932144,0.046491946908932144
failure_pressure_profit_roa_next_4obs,gradient_boosting,macro_event_only,42,cat__Sector_Industrials,Sector_Industrials,sector,0.040519459661496796,0.040519459661496796
failure_pressure_profit_roa_next_4obs,gradient_boosting,macro_event_only,42,num__USEPUINDXD,USEPUINDXD,macro,0.02375414065541258,0.02375414065541258
failure_pressure_profit_roa_next_4obs,gradient_boosting,macro_event_only,42,num__BUSLOANS,BUSLOANS,macro,0.0205033970943483,0.0205033970943483
failure_pressure_profit_roa_next_4obs,gradient_boosting,macro_event_only,42,num__GS10,GS10,macro,0.01859919280594861,0.01859919280594861
failure_pressure_profit_roa_next_4obs,gradient_boosting,macro_event_only,42,num__DCOILWTICO_yoy_pct,DCOILWTICO_yoy_pct,macro,0.018228961493112837,0.018228961493112837
failure_pressure_profit_roa_next_4obs,gradient_boosting,macro_event_only,42,num__BUSLOANS_yoy_pct,BUSLOANS_yoy_pct,macro,0.018093488010183997,0.018093488010183997
failure_pressure_profit_roa_next_4obs,gradient_boosting,macro_event_only,42,num__RSAFS,RSAFS,macro,0.017347131990446088,0.017347131990446088
failure_pressure_profit_roa_next_4obs,gradient_boosting,macro_event_only,42,num__NFCI,NFCI,macro,0.017077855914012483,0.017077855914012483
failure_pressure_profit_roa_next_4obs,gradient_boosting,macro_event_only,42,num__DTWEXBGS,DTWEXBGS,macro,0.015190035879325027,0.015190035879325027
failure_pressure_profit_roa_next_4obs,gradient_boosting,macro_event_only,42,num__T10Y3M,T10Y3M,macro,0.014107845948005357,0.014107845948005357
failure_pressure_profit_roa_next_4obs,gradient_boosting,macro_event_only,42,num__PPIACO,PPIACO,macro,0.013144794297095608,0.013144794297095608
failure_pressure_profit_roa_next_4obs,gradient_boosting,macro_event_only,42,num__DTWEXBGS_yoy_pct,DTWEXBGS_yoy_pct,macro,0.01299194042876556,0.01299194042876556
failure_pressure_profit_roa_next_4obs,gradient_boosting,macro_event_only,42,num__PAYEMS,PAYEMS,macro,0.011065374474875421,0.011065374474875421
failure_pressure_profit_roa_next_4obs,gradient_boosting,macro_event_only,42,cat__Sector_Utilities,Sector_Utilities,sector,0.011028521139035859,0.011028521139035859
failure_pressure_profit_roa_next_4obs,gradient_boosting,macro_event_only,42,num__VIXCLS,VIXCLS,macro,0.010590423028338269,0.010590423028338269
failure_pressure_profit_roa_next_4obs,gradient_boosting,macro_event_only,42,num__M2SL_yoy_pct,M2SL_yoy_pct,macro,0.009916471644180419,0.009916471644180419
failure_pressure_profit_roa_next_4obs,gradient_boosting,macro_event_only,42,num__BAMLH0A0HYM2,BAMLH0A0HYM2,macro,0.009252863759925374,0.009252863759925374
failure_pressure_profit_roa_next_4obs,gradient_boosting,macro_event_only,42,num__RSAFS_yoy_pct,RSAFS_yoy_pct,macro,0.008989545162364445,0.008989545162364445
failure_pressure_profit_roa_next_4obs,gradient_boosting,macro_event_only,42,num__HOUST_yoy_pct,HOUST_yoy_pct,macro,0.007628027169811555,0.007628027169811555
failure_pressure_profit_roa_next_4obs,gradient_boosting,macro_event_only,42,num__PAYEMS_yoy_pct,PAYEMS_yoy_pct,macro,0.00638249196311398,0.00638249196311398
failure_pressure_profit_roa_next_4obs,gradient_boosting,macro_event_only,42,num__INDPRO_yoy_pct,INDPRO_yoy_pct,macro,0.005970241733969429,0.005970241733969429
failure_pressure_profit_roa_next_4obs,gradient_boosting,macro_event_only,42,num__HOUST,HOUST,macro,0.005525397851740365,0.005525397851740365
failure_pressure_profit_roa_next_4obs,gradient_boosting,macro_event_only,42,cat__Sector_Technology,Sector_Technology,sector,0.004922173296560938,0.004922173296560938
failure_pressure_profit_roa_next_4obs,gradient_boosting,macro_event_only,42,num__T10Y2Y,T10Y2Y,macro,0.00476753404312869,0.00476753404312869
failure_pressure_profit_roa_next_4obs,gradient_boosting,macro_event_only,42,cat__Sector_Consumer Cyclical,Sector_Consumer Cyclical,sector,0.004353456699629371,0.004353456699629371
failure_pressure_profit_roa_next_4obs,gradient_boosting,macro_event_only,42,num__PPIACO_yoy_pct,PPIACO_yoy_pct,macro,0.0036408737789538717,0.0036408737789538717
failure_pressure_profit_roa_next_4obs,gradient_boosting,macro_event_only,42,num__INDPRO,INDPRO,macro,0.0024917706194457143,0.0024917706194457143
failure_pressure_profit_roa_next_4obs,gradient_boosting,macro_event_only,42,num__CPIAUCSL_yoy_pct,CPIAUCSL_yoy_pct,macro,0.0024709554331060588,0.0024709554331060588
failure_pressure_profit_roa_next_4obs,gradient_boosting,macro_event_only,42,cat__Sector_Agriculture,Sector_Agriculture,sector,0.0013850598528900196,0.0013850598528900196
failure_pressure_profit_roa_next_4obs,gradient_boosting,macro_event_only,42,num__FEDFUNDS,FEDFUNDS,macro,0.0011748632383621438,0.0011748632383621438
failure_pressure_profit_roa_next_4obs,gradient_boosting,macro_event_only,42,num__missingindicator_DTWEXBGS_yoy_pct,DTWEXBGS_yoy_pct,macro,0.0009807125965829136,0.0009807125965829136
failure_pressure_profit_roa_next_4obs,gradient_boosting,macro_event_only,42,cat__Sector_Basic Materials,Sector_Basic Materials,sector,0.0008375139612852935,0.0008375139612852935
failure_pressure_profit_roa_next_4obs,gradient_boosting,macro_event_only,42,num__DRTSCILM,DRTSCILM,macro,0.0005926439390410846,0.0005926439390410846
failure_pressure_profit_roa_next_4obs,logistic_l2,all_features,42,num__CPIAUCSL,CPIAUCSL,macro,2.6110608919829494,2.6110608919829494
failure_pressure_profit_roa_next_4obs,logistic_l2,all_features,42,num__BUSLOANS,BUSLOANS,macro,1.9990154009035692,-1.9990154009035692
failure_pressure_profit_roa_next_4obs,logistic_l2,all_features,42,cat__Sector_Energy,Sector_Energy,sector,1.5056671606911909,1.5056671606911909
failure_pressure_profit_roa_next_4obs,logistic_l2,all_features,42,num__GDPC1,GDPC1,macro,1.4983487556189272,-1.4983487556189272
failure_pressure_profit_roa_next_4obs,logistic_l2,all_features,42,num__RSAFS,RSAFS,macro,1.4585468191043627,1.4585468191043627
failure_pressure_profit_roa_next_4obs,logistic_l2,all_features,42,num__net_income_negative_count_prior_4obs,net_income_negative_count_prior_4obs,firm_trend,1.3376025453299496,1.3376025453299496
failure_pressure_profit_roa_next_4obs,logistic_l2,all_features,42,cat__Sector_Financial Services,Sector_Financial Services,sector,1.2763608235886572,-1.2763608235886572
failure_pressure_profit_roa_next_4obs,logistic_l2,all_features,42,num__total_assets,total_assets,accounting_fundamental,1.2026322090101917,1.2026322090101917
failure_pressure_profit_roa_next_4obs,logistic_l2,all_features,42,cat__Sector_Consumer Defensive,Sector_Consumer Defensive,sector,0.9524765470544201,-0.9524765470544201
failure_pressure_profit_roa_next_4obs,logistic_l2,all_features,42,cat__Sector_Consumer Discretionary,Sector_Consumer Discretionary,sector,0.8395931712026335,-0.8395931712026335
failure_pressure_profit_roa_next_4obs,logistic_l2,all_features,42,num__PAYEMS,PAYEMS,macro,0.8351173171936285,-0.8351173171936285
failure_pressure_profit_roa_next_4obs,logistic_l2,all_features,42,num__missingindicator_total_assets_growth_4obs,total_assets_growth_4obs,firm_trend,0.7627759107249208,0.7627759107249208
failure_pressure_profit_roa_next_4obs,logistic_l2,all_features,42,num__total_liabilities,total_liabilities,accounting_fundamental,0.7323129299296063,-0.7323129299296063
failure_pressure_profit_roa_next_4obs,logistic_l2,all_features,42,num__missingindicator_current_assets,current_assets,accounting_fundamental,0.6267109443739541,0.6267109443739541
failure_pressure_profit_roa_next_4obs,logistic_l2,all_features,42,num__leverage_assets_lag1,leverage_assets_lag1,firm_trend,0.6166014897571858,-0.6166014897571858
failure_pressure_profit_roa_next_4obs,logistic_l2,all_features,42,num__total_equity,total_equity,accounting_fundamental,0.5891612137748505,-0.5891612137748505
failure_pressure_profit_roa_next_4obs,logistic_l2,all_features,42,num__roa_lag1,roa_lag1,firm_trend,0.5796630004295569,-0.5796630004295569
failure_pressure_profit_roa_next_4obs,logistic_l2,all_features,42,num__UNRATE,UNRATE,macro,0.5796075944559737,-0.5796075944559737
failure_pressure_profit_roa_next_4obs,logistic_l2,all_features,42,num__net_margin_lag1,net_margin_lag1,firm_trend,0.5688675402933074,-0.5688675402933074
failure_pressure_profit_roa_next_4obs,logistic_l2,all_features,42,num__operating_margin,operating_margin,financial_ratio,0.5459014572565282,-0.5459014572565282
failure_pressure_profit_roa_next_4obs,logistic_l2,all_features,42,num__operating_margin_lag1,operating_margin_lag1,firm_trend,0.5319681905013349,0.5319681905013349
failure_pressure_profit_roa_next_4obs,logistic_l2,all_features,42,cat__Sector_Real Estate,Sector_Real Estate,sector,0.5012831187105093,-0.5012831187105093
failure_pressure_profit_roa_next_4obs,logistic_l2,all_features,42,num__missingindicator_current_ratio_change_4obs,current_ratio_change_4obs,firm_trend,0.48280204022850653,-0.48280204022850653
failure_pressure_profit_roa_next_4obs,logistic_l2,all_features,42,num__missingindicator_total_revenue_growth_4obs,total_revenue_growth_4obs,firm_trend,0.48216622584255775,-0.48216622584255775
failure_pressure_profit_roa_next_4obs,logistic_l2,all_features,42,num__gross_profit,gross_profit,accounting_fundamental,0.4787697974418889,-0.4787697974418889
failure_pressure_profit_roa_next_4obs,logistic_l2,all_features,42,num__missingindicator_total_liabilities_growth_4obs,total_liabilities_growth_4obs,firm_trend,0.4738847425869551,-0.4738847425869551
failure_pressure_profit_roa_next_4obs,logistic_l2,all_features,42,num__missingindicator_net_margin_change_4obs,net_margin_change_4obs,firm_trend,0.4731448710990009,0.4731448710990009
failure_pressure_profit_roa_next_4obs,logistic_l2,all_features,42,num__missingindicator_leverage_assets_change_4obs,leverage_assets_change_4obs,firm_trend,0.47280374068146247,0.47280374068146247
failure_pressure_profit_roa_next_4obs,logistic_l2,all_features,42,num__missingindicator_current_liabilities,current_liabilities,accounting_fundamental,0.46836916297487535,0.46836916297487535
failure_pressure_profit_roa_next_4obs,logistic_l2,all_features,42,num__missingindicator_current_ratio,current_ratio,financial_ratio,0.455954040133725,-0.455954040133725
failure_pressure_profit_roa_next_4obs,logistic_l2,all_features,42,num__FEDFUNDS,FEDFUNDS,macro,0.39194207083289107,-0.39194207083289107
failure_pressure_profit_roa_next_4obs,logistic_l2,all_features,42,cat__Sector_Communication Services,Sector_Communication Services,sector,0.37470201026859185,0.37470201026859185
failure_pressure_profit_roa_next_4obs,logistic_l2,all_features,42,num__missingindicator_total_liabilities,total_liabilities,accounting_fundamental,0.36684288672992216,0.36684288672992216
failure_pressure_profit_roa_next_4obs,logistic_l2,all_features,42,num__BUSLOANS_yoy_pct,BUSLOANS_yoy_pct,macro,0.3441165701053492,-0.3441165701053492
failure_pressure_profit_roa_next_4obs,logistic_l2,all_features,42,num__NFCI,NFCI,macro,0.3343525320093336,0.3343525320093336
failure_pressure_profit_roa_next_4obs,logistic_l2,all_features,42,num__missingindicator_total_revenue,total_revenue,accounting_fundamental,0.3324645596352281,0.3324645596352281
failure_pressure_profit_roa_next_4obs,logistic_l2,all_features,42,num__missingindicator_operating_margin_lag1,operating_margin_lag1,firm_trend,0.31701963711136116,0.31701963711136116
failure_pressure_profit_roa_next_4obs,logistic_l2,all_features,42,num__operating_income,operating_income,accounting_fundamental,0.31480704751508476,-0.31480704751508476
failure_pressure_profit_roa_next_4obs,logistic_l2,all_features,42,num__INDPRO,INDPRO,macro,0.3106105491214593,-0.3106105491214593
failure_pressure_profit_roa_next_4obs,logistic_l2,all_features,42,cat__Sector_Agriculture,Sector_Agriculture,sector,0.2907658726659564,0.2907658726659564
failure_pressure_profit_roa_next_4obs,random_forest,all_features,42,num__net_income_negative_count_prior_4obs,net_income_negative_count_prior_4obs,firm_trend,0.09623846231483468,0.09623846231483468
failure_pressure_profit_roa_next_4obs,random_forest,all_features,42,num__net_income,net_income,accounting_fundamental,0.09240574089570691,0.09240574089570691
failure_pressure_profit_roa_next_4obs,random_forest,all_features,42,num__roa_lag1,roa_lag1,firm_trend,0.077341245948276,0.077341245948276
failure_pressure_profit_roa_next_4obs,random_forest,all_features,42,num__roa,roa,financial_ratio,0.07346582200084725,0.07346582200084725
failure_pressure_profit_roa_next_4obs,random_forest,all_features,42,num__net_margin_lag1,net_margin_lag1,firm_trend,0.04552824937882326,0.04552824937882326
failure_pressure_profit_roa_next_4obs,random_forest,all_features,42,num__operating_income,operating_income,accounting_fundamental,0.04534110712160634,0.04534110712160634
failure_pressure_profit_roa_next_4obs,random_forest,all_features,42,num__net_margin,net_margin,financial_ratio,0.04062011819800845,0.04062011819800845
failure_pressure_profit_roa_next_4obs,random_forest,all_features,42,num__operating_margin,operating_margin,financial_ratio,0.028248374057614684,0.028248374057614684
failure_pressure_profit_roa_next_4obs,random_forest,all_features,42,num__current_assets,current_assets,accounting_fundamental,0.026032123198014925,0.026032123198014925
failure_pressure_profit_roa_next_4obs,random_forest,all_features,42,num__operating_margin_lag1,operating_margin_lag1,firm_trend,0.02477183251871687,0.02477183251871687
failure_pressure_profit_roa_next_4obs,random_forest,all_features,42,num__total_equity,total_equity,accounting_fundamental,0.021650544721569884,0.021650544721569884
failure_pressure_profit_roa_next_4obs,random_forest,all_features,42,num__total_assets,total_assets,accounting_fundamental,0.018038253318172277,0.018038253318172277
failure_pressure_profit_roa_next_4obs,random_forest,all_features,42,num__current_liabilities,current_liabilities,accounting_fundamental,0.016080120152904706,0.016080120152904706
failure_pressure_profit_roa_next_4obs,random_forest,all_features,42,num__cash_equivalents,cash_equivalents,accounting_fundamental,0.013781145904075224,0.013781145904075224
failure_pressure_profit_roa_next_4obs,random_forest,all_features,42,cat__Sector_Energy,Sector_Energy,sector,0.01244282025291708,0.01244282025291708
failure_pressure_profit_roa_next_4obs,random_forest,all_features,42,num__total_revenue,total_revenue,accounting_fundamental,0.01174285899603787,0.01174285899603787
failure_pressure_profit_roa_next_4obs,random_forest,all_features,42,num__total_liabilities,total_liabilities,accounting_fundamental,0.011267165047072305,0.011267165047072305
failure_pressure_profit_roa_next_4obs,random_forest,all_features,42,num__receivables_assets,receivables_assets,financial_ratio,0.009887179319719457,0.009887179319719457
failure_pressure_profit_roa_next_4obs,random_forest,all_features,42,num__total_assets_growth_4obs,total_assets_growth_4obs,firm_trend,0.00975773437378807,0.00975773437378807
failure_pressure_profit_roa_next_4obs,random_forest,all_features,42,num__cash_assets,cash_assets,financial_ratio,0.009732814598040809,0.009732814598040809
failure_pressure_profit_roa_next_4obs,random_forest,all_features,42,num__roa_change_4obs,roa_change_4obs,firm_trend,0.009329691642514435,0.009329691642514435
failure_pressure_profit_roa_next_4obs,random_forest,all_features,42,num__cash_flow_operating,cash_flow_operating,accounting_fundamental,0.009309879028032757,0.009309879028032757
failure_pressure_profit_roa_next_4obs,random_forest,all_features,42,num__equity_assets,equity_assets,financial_ratio,0.009169810268689155,0.009169810268689155
failure_pressure_profit_roa_next_4obs,random_forest,all_features,42,num__cash_assets_lag1,cash_assets_lag1,firm_trend,0.00813734781277014,0.00813734781277014
failure_pressure_profit_roa_next_4obs,random_forest,all_features,42,num__net_margin_change_4obs,net_margin_change_4obs,firm_trend,0.007338040417334228,0.007338040417334228
failure_pressure_profit_roa_next_4obs,random_forest,all_features,42,num__total_revenue_growth_4obs,total_revenue_growth_4obs,firm_trend,0.007216630317021374,0.007216630317021374
failure_pressure_profit_roa_next_4obs,random_forest,all_features,42,num__current_ratio,current_ratio,financial_ratio,0.006836298070209946,0.006836298070209946
failure_pressure_profit_roa_next_4obs,random_forest,all_features,42,num__inventory_assets,inventory_assets,financial_ratio,0.006719177568133042,0.006719177568133042
failure_pressure_profit_roa_next_4obs,random_forest,all_features,42,num__current_ratio_lag1,current_ratio_lag1,firm_trend,0.006623699018242553,0.006623699018242553
failure_pressure_profit_roa_next_4obs,random_forest,all_features,42,num__capex,capex,accounting_fundamental,0.0064979089953324225,0.0064979089953324225
failure_pressure_profit_roa_next_4obs,random_forest,all_features,42,num__current_assets_growth_4obs,current_assets_growth_4obs,firm_trend,0.006005488778410721,0.006005488778410721
failure_pressure_profit_roa_next_4obs,random_forest,all_features,42,num__operating_margin_change_4obs,operating_margin_change_4obs,firm_trend,0.0058201434516943155,0.0058201434516943155
failure_pressure_profit_roa_next_4obs,random_forest,all_features,42,num__DTWEXBGS_yoy_pct,DTWEXBGS_yoy_pct,macro,0.005563604600773494,0.005563604600773494
failure_pressure_profit_roa_next_4obs,random_forest,all_features,42,num__DCOILWTICO_yoy_pct,DCOILWTICO_yoy_pct,macro,0.005513900056930406,0.005513900056930406
failure_pressure_profit_roa_next_4obs,random_forest,all_features,42,num__leverage_assets,leverage_assets,financial_ratio,0.00549154094019103,0.00549154094019103
failure_pressure_profit_roa_next_4obs,random_forest,all_features,42,num__DCOILWTICO,DCOILWTICO,macro,0.0054053512633085565,0.0054053512633085565
failure_pressure_profit_roa_next_4obs,random_forest,all_features,42,num__gross_profit,gross_profit,accounting_fundamental,0.005288569723714812,0.005288569723714812
failure_pressure_profit_roa_next_4obs,random_forest,all_features,42,num__current_liabilities_growth_4obs,current_liabilities_growth_4obs,firm_trend,0.005286591756236292,0.005286591756236292
failure_pressure_profit_roa_next_4obs,random_forest,all_features,42,num__USEPUINDXD,USEPUINDXD,macro,0.005170539492735007,0.005170539492735007
failure_pressure_profit_roa_next_4obs,random_forest,all_features,42,num__PAYEMS_yoy_pct,PAYEMS_yoy_pct,macro,0.0050985384938288265,0.0050985384938288265
failure_pressure_profit_roa_next_4obs,gradient_boosting,all_features,42,num__net_income_negative_count_prior_4obs,net_income_negative_count_prior_4obs,firm_trend,0.5653032618363714,0.5653032618363714
failure_pressure_profit_roa_next_4obs,gradient_boosting,all_features,42,num__net_income,net_income,accounting_fundamental,0.15892984101822633,0.15892984101822633
failure_pressure_profit_roa_next_4obs,gradient_boosting,all_features,42,num__roa_lag1,roa_lag1,firm_trend,0.03475508591249262,0.03475508591249262
failure_pressure_profit_roa_next_4obs,gradient_boosting,all_features,42,num__operating_income,operating_income,accounting_fundamental,0.03350313207438361,0.03350313207438361
failure_pressure_profit_roa_next_4obs,gradient_boosting,all_features,42,cat__Sector_Energy,Sector_Energy,sector,0.032447543307279204,0.032447543307279204
failure_pressure_profit_roa_next_4obs,gradient_boosting,all_features,42,num__roa,roa,financial_ratio,0.019137890154995604,0.019137890154995604
failure_pressure_profit_roa_next_4obs,gradient_boosting,all_features,42,num__missingindicator_roa_lag1,roa_lag1,firm_trend,0.01471432131849986,0.01471432131849986
failure_pressure_profit_roa_next_4obs,gradient_boosting,all_features,42,num__operating_margin_lag1,operating_margin_lag1,firm_trend,0.010321415006497336,0.010321415006497336
failure_pressure_profit_roa_next_4obs,gradient_boosting,all_features,42,num__missingindicator_roa_change_4obs,roa_change_4obs,firm_trend,0.007784503067063817,0.007784503067063817
failure_pressure_profit_roa_next_4obs,gradient_boosting,all_features,42,num__inventory_assets,inventory_assets,financial_ratio,0.007198416854784407,0.007198416854784407
failure_pressure_profit_roa_next_4obs,gradient_boosting,all_features,42,num__receivables_assets,receivables_assets,financial_ratio,0.006991234142467271,0.006991234142467271
failure_pressure_profit_roa_next_4obs,gradient_boosting,all_features,42,num__current_assets,current_assets,accounting_fundamental,0.0066874064098882335,0.0066874064098882335
failure_pressure_profit_roa_next_4obs,gradient_boosting,all_features,42,num__net_margin_lag1,net_margin_lag1,firm_trend,0.00610119664498255,0.00610119664498255
failure_pressure_profit_roa_next_4obs,gradient_boosting,all_features,42,num__DTWEXBGS_yoy_pct,DTWEXBGS_yoy_pct,macro,0.004762817131935719,0.004762817131935719
failure_pressure_profit_roa_next_4obs,gradient_boosting,all_features,42,num__total_equity,total_equity,accounting_fundamental,0.004519962579515854,0.004519962579515854
failure_pressure_profit_roa_next_4obs,gradient_boosting,all_features,42,num__total_assets_growth_4obs,total_assets_growth_4obs,firm_trend,0.003942011313946289,0.003942011313946289
failure_pressure_profit_roa_next_4obs,gradient_boosting,all_features,42,cat__Sector_Financial Services,Sector_Financial Services,sector,0.0038353647077663936,0.0038353647077663936
failure_pressure_profit_roa_next_4obs,gradient_boosting,all_features,42,num__cash_assets_lag1,cash_assets_lag1,firm_trend,0.003510141482077628,0.003510141482077628
failure_pressure_profit_roa_next_4obs,gradient_boosting,all_features,42,num__total_assets,total_assets,accounting_fundamental,0.003482061106996274,0.003482061106996274
failure_pressure_profit_roa_next_4obs,gradient_boosting,all_features,42,num__DCOILWTICO_yoy_pct,DCOILWTICO_yoy_pct,macro,0.003450712971149071,0.003450712971149071
failure_pressure_profit_roa_next_4obs,gradient_boosting,all_features,42,num__cash_assets,cash_assets,financial_ratio,0.003391207253651821,0.003391207253651821
failure_pressure_profit_roa_next_4obs,gradient_boosting,all_features,42,num__equity_assets,equity_assets,financial_ratio,0.0033211917823892036,0.0033211917823892036
failure_pressure_profit_roa_next_4obs,gradient_boosting,all_features,42,num__NFCI,NFCI,macro,0.002817410506839237,0.002817410506839237
failure_pressure_profit_roa_next_4obs,gradient_boosting,all_features,42,num__missingindicator_capex,capex,accounting_fundamental,0.002719899532096249,0.002719899532096249
failure_pressure_profit_roa_next_4obs,gradient_boosting,all_features,42,num__BUSLOANS,BUSLOANS,macro,0.0025809462057521703,0.0025809462057521703
failure_pressure_profit_roa_next_4obs,gradient_boosting,all_features,42,num__M2SL_yoy_pct,M2SL_yoy_pct,macro,0.00242293327170207,0.00242293327170207
failure_pressure_profit_roa_next_4obs,gradient_boosting,all_features,42,num__DCOILWTICO,DCOILWTICO,macro,0.0023779477185729603,0.0023779477185729603
failure_pressure_profit_roa_next_4obs,gradient_boosting,all_features,42,num__UNRATE,UNRATE,macro,0.002272978194346029,0.002272978194346029
failure_pressure_profit_roa_next_4obs,gradient_boosting,all_features,42,num__total_revenue_growth_4obs,total_revenue_growth_4obs,firm_trend,0.0021187841024959196,0.0021187841024959196
failure_pressure_profit_roa_next_4obs,gradient_boosting,all_features,42,num__roa_change_4obs,roa_change_4obs,firm_trend,0.002051691311603453,0.002051691311603453
failure_pressure_profit_roa_next_4obs,gradient_boosting,all_features,42,num__global_event_commodity_oil_severity,global_event_commodity_oil_severity,global_event_context,0.0018935253200884257,0.0018935253200884257
failure_pressure_profit_roa_next_4obs,gradient_boosting,all_features,42,num__current_ratio,current_ratio,financial_ratio,0.001796275659035342,0.001796275659035342
failure_pressure_profit_roa_next_4obs,gradient_boosting,all_features,42,num__current_ratio_lag1,current_ratio_lag1,firm_trend,0.0017710284754469262,0.0017710284754469262
failure_pressure_profit_roa_next_4obs,gradient_boosting,all_features,42,num__current_liabilities,current_liabilities,accounting_fundamental,0.0017342848271024022,0.0017342848271024022
failure_pressure_profit_roa_next_4obs,gradient_boosting,all_features,42,num__PAYEMS_yoy_pct,PAYEMS_yoy_pct,macro,0.001661126591910581,0.001661126591910581
failure_pressure_profit_roa_next_4obs,gradient_boosting,all_features,42,num__global_event_commodity_oil_count,global_event_commodity_oil_count,global_event_context,0.0016322759328163494,0.0016322759328163494
failure_pressure_profit_roa_next_4obs,gradient_boosting,all_features,42,num__capex,capex,accounting_fundamental,0.0013982548101264891,0.0013982548101264891
failure_pressure_profit_roa_next_4obs,gradient_boosting,all_features,42,num__net_margin_change_4obs,net_margin_change_4obs,firm_trend,0.001212421431605568,0.001212421431605568
failure_pressure_profit_roa_next_4obs,gradient_boosting,all_features,42,num__missingindicator_cash_assets_change_4obs,cash_assets_change_4obs,firm_trend,0.0011979355299671915,0.0011979355299671915
failure_pressure_profit_roa_next_4obs,gradient_boosting,all_features,42,num__total_revenue,total_revenue,accounting_fundamental,0.0010702709555931304,0.0010702709555931304
success_composite_strict_next_4obs,logistic_l2,firm_core,42,num__total_assets,total_assets,accounting_fundamental,4.568129043446042,-4.568129043446042
success_composite_strict_next_4obs,logistic_l2,firm_core,42,num__leverage_assets_lag1,leverage_assets_lag1,firm_trend,2.3143873472098586,-2.3143873472098586
success_composite_strict_next_4obs,logistic_l2,firm_core,42,num__missingindicator_operating_income,operating_income,accounting_fundamental,1.7451737816060573,-1.7451737816060573
success_composite_strict_next_4obs,logistic_l2,firm_core,42,num__missingindicator_net_margin,net_margin,financial_ratio,1.7218949805343036,-1.7218949805343036
success_composite_strict_next_4obs,logistic_l2,firm_core,42,num__total_liabilities,total_liabilities,accounting_fundamental,1.6040278732372386,-1.6040278732372386
success_composite_strict_next_4obs,logistic_l2,firm_core,42,cat__Sector_Utilities,Sector_Utilities,sector,1.4325409870044352,-1.4325409870044352
success_composite_strict_next_4obs,logistic_l2,firm_core,42,num__missingindicator_total_liabilities,total_liabilities,accounting_fundamental,1.3140103011701036,-1.3140103011701036
success_composite_strict_next_4obs,logistic_l2,firm_core,42,num__missingindicator_leverage_assets,leverage_assets,financial_ratio,1.312678066481515,-1.312678066481515
success_composite_strict_next_4obs,logistic_l2,firm_core,42,num__total_equity,total_equity,accounting_fundamental,1.1498814193413842,1.1498814193413842
success_composite_strict_next_4obs,logistic_l2,firm_core,42,cat__Sector_Basic Materials,Sector_Basic Materials,sector,1.0768570650599372,1.0768570650599372
success_composite_strict_next_4obs,logistic_l2,firm_core,42,num__r_and_d_intensity,r_and_d_intensity,financial_ratio,1.03874043650068,-1.03874043650068
success_composite_strict_next_4obs,logistic_l2,firm_core,42,cat__Sector_Agriculture,Sector_Agriculture,sector,1.0285723211986406,-1.0285723211986406
success_composite_strict_next_4obs,logistic_l2,firm_core,42,num__equity_assets,equity_assets,financial_ratio,1.0018886202082955,1.0018886202082955
success_composite_strict_next_4obs,logistic_l2,firm_core,42,num__missingindicator_net_income,net_income,accounting_fundamental,0.990463946945197,0.990463946945197
success_composite_strict_next_4obs,logistic_l2,firm_core,42,num__missingindicator_equity_assets,equity_assets,financial_ratio,0.9856580998253421,0.9856580998253421
success_composite_strict_next_4obs,logistic_l2,firm_core,42,num__leverage_assets,leverage_assets,financial_ratio,0.9766968327515795,-0.9766968327515795
success_composite_strict_next_4obs,logistic_l2,firm_core,42,num__roa,roa,financial_ratio,0.976548773192475,0.976548773192475
success_composite_strict_next_4obs,logistic_l2,firm_core,42,num__net_income_negative_count_prior_4obs,net_income_negative_count_prior_4obs,firm_trend,0.9726348496807364,-0.9726348496807364
success_composite_strict_next_4obs,logistic_l2,firm_core,42,num__missingindicator_total_revenue,total_revenue,accounting_fundamental,0.9639351283630108,0.9639351283630108
success_composite_strict_next_4obs,logistic_l2,firm_core,42,num__missingindicator_total_equity,total_equity,accounting_fundamental,0.9237356117038299,-0.9237356117038299
success_composite_strict_next_4obs,logistic_l2,firm_core,42,cat__Sector_Energy,Sector_Energy,sector,0.9226395185290862,-0.9226395185290862
success_composite_strict_next_4obs,logistic_l2,firm_core,42,cat__Sector_Consumer Discretionary,Sector_Consumer Discretionary,sector,0.8632357842039808,0.8632357842039808
success_composite_strict_next_4obs,logistic_l2,firm_core,42,cat__Sector_Financial Services,Sector_Financial Services,sector,0.8466260501027706,-0.8466260501027706
success_composite_strict_next_4obs,logistic_l2,firm_core,42,cat__Sector_Communication Services,Sector_Communication Services,sector,0.8227682055666079,-0.8227682055666079
success_composite_strict_next_4obs,logistic_l2,firm_core,42,num__missingindicator_operating_margin_lag1,operating_margin_lag1,firm_trend,0.7836026242693667,-0.7836026242693667
success_composite_strict_next_4obs,logistic_l2,firm_core,42,num__roa_lag1,roa_lag1,firm_trend,0.7818773125549104,0.7818773125549104
success_composite_strict_next_4obs,logistic_l2,firm_core,42,num__operating_margin,operating_margin,financial_ratio,0.7685549486718499,0.7685549486718499
success_composite_strict_next_4obs,logistic_l2,firm_core,42,num__missingindicator_roa,roa,financial_ratio,0.7433304246218696,-0.7433304246218696
success_composite_strict_next_4obs,logistic_l2,firm_core,42,num__cash_equivalents,cash_equivalents,accounting_fundamental,0.685659671127417,0.685659671127417
success_composite_strict_next_4obs,logistic_l2,firm_core,42,num__missingindicator_total_assets_growth_4obs,total_assets_growth_4obs,firm_trend,0.5190329265336203,0.5190329265336203
success_composite_strict_next_4obs,logistic_l2,firm_core,42,cat__Sector_Consumer Defensive,Sector_Consumer Defensive,sector,0.495714434255035,-0.495714434255035
success_composite_strict_next_4obs,logistic_l2,firm_core,42,num__missingindicator_current_ratio_change_4obs,current_ratio_change_4obs,firm_trend,0.4954096057377997,0.4954096057377997
success_composite_strict_next_4obs,logistic_l2,firm_core,42,cat__Sector_Real Estate,Sector_Real Estate,sector,0.48970241878844617,-0.48970241878844617
success_composite_strict_next_4obs,logistic_l2,firm_core,42,num__operating_income,operating_income,accounting_fundamental,0.45925958016212565,0.45925958016212565
success_composite_strict_next_4obs,logistic_l2,firm_core,42,num__current_ratio,current_ratio,financial_ratio,0.44295074790524097,-0.44295074790524097
success_composite_strict_next_4obs,logistic_l2,firm_core,42,num__missingindicator_leverage_assets_lag1,leverage_assets_lag1,firm_trend,0.38386965115702687,-0.38386965115702687
success_composite_strict_next_4obs,logistic_l2,firm_core,42,num__missingindicator_cash_assets,cash_assets,financial_ratio,0.38071137565340035,-0.38071137565340035
success_composite_strict_next_4obs,logistic_l2,firm_core,42,num__missingindicator_cash_assets_lag1,cash_assets_lag1,firm_trend,0.3610062699683499,0.3610062699683499
success_composite_strict_next_4obs,logistic_l2,firm_core,42,num__current_liabilities,current_liabilities,accounting_fundamental,0.35259819697796946,-0.35259819697796946
success_composite_strict_next_4obs,logistic_l2,firm_core,42,num__missingindicator_net_margin_lag1,net_margin_lag1,firm_trend,0.3522251927304063,0.3522251927304063
success_composite_strict_next_4obs,random_forest,firm_core,42,num__leverage_assets_lag1,leverage_assets_lag1,firm_trend,0.08635935949633072,0.08635935949633072
success_composite_strict_next_4obs,random_forest,firm_core,42,num__leverage_assets,leverage_assets,financial_ratio,0.08188193424159183,0.08188193424159183
success_composite_strict_next_4obs,random_forest,firm_core,42,num__missingindicator_leverage_assets,leverage_assets,financial_ratio,0.07300468809347574,0.07300468809347574
success_composite_strict_next_4obs,random_forest,firm_core,42,num__equity_assets,equity_assets,financial_ratio,0.06135347813199488,0.06135347813199488
success_composite_strict_next_4obs,random_forest,firm_core,42,num__missingindicator_total_liabilities,total_liabilities,accounting_fundamental,0.055795071140940164,0.055795071140940164
success_composite_strict_next_4obs,random_forest,firm_core,42,num__missingindicator_operating_margin,operating_margin,financial_ratio,0.05392626434430852,0.05392626434430852
success_composite_strict_next_4obs,random_forest,firm_core,42,num__roa,roa,financial_ratio,0.05018610078629596,0.05018610078629596
success_composite_strict_next_4obs,random_forest,firm_core,42,num__missingindicator_leverage_assets_lag1,leverage_assets_lag1,firm_trend,0.04953449025451408,0.04953449025451408
success_composite_strict_next_4obs,random_forest,firm_core,42,num__missingindicator_operating_margin_lag1,operating_margin_lag1,firm_trend,0.04318128553939784,0.04318128553939784
success_composite_strict_next_4obs,random_forest,firm_core,42,num__roa_lag1,roa_lag1,firm_trend,0.039349729219300154,0.039349729219300154
success_composite_strict_next_4obs,random_forest,firm_core,42,num__missingindicator_operating_income,operating_income,accounting_fundamental,0.03659109629371478,0.03659109629371478
success_composite_strict_next_4obs,random_forest,firm_core,42,num__total_liabilities,total_liabilities,accounting_fundamental,0.02682592071411829,0.02682592071411829
success_composite_strict_next_4obs,random_forest,firm_core,42,num__operating_income,operating_income,accounting_fundamental,0.020714869320540296,0.020714869320540296
success_composite_strict_next_4obs,random_forest,firm_core,42,num__missingindicator_leverage_assets_change_4obs,leverage_assets_change_4obs,firm_trend,0.01826881575242256,0.01826881575242256
success_composite_strict_next_4obs,random_forest,firm_core,42,num__operating_margin,operating_margin,financial_ratio,0.01734059891476043,0.01734059891476043
success_composite_strict_next_4obs,random_forest,firm_core,42,num__net_margin,net_margin,financial_ratio,0.015184269043464555,0.015184269043464555
success_composite_strict_next_4obs,random_forest,firm_core,42,num__total_equity,total_equity,accounting_fundamental,0.013851632300125278,0.013851632300125278
success_composite_strict_next_4obs,random_forest,firm_core,42,num__net_margin_lag1,net_margin_lag1,firm_trend,0.013717085558685164,0.013717085558685164
success_composite_strict_next_4obs,random_forest,firm_core,42,num__net_income_negative_count_prior_4obs,net_income_negative_count_prior_4obs,firm_trend,0.012899946801871407,0.012899946801871407
success_composite_strict_next_4obs,random_forest,firm_core,42,num__missingindicator_total_liabilities_growth_4obs,total_liabilities_growth_4obs,firm_trend,0.012772350904664989,0.012772350904664989
success_composite_strict_next_4obs,random_forest,firm_core,42,num__missingindicator_operating_margin_change_4obs,operating_margin_change_4obs,firm_trend,0.01251982651068687,0.01251982651068687
success_composite_strict_next_4obs,random_forest,firm_core,42,num__net_income,net_income,accounting_fundamental,0.011879446391713287,0.011879446391713287
success_composite_strict_next_4obs,random_forest,firm_core,42,num__operating_margin_lag1,operating_margin_lag1,firm_trend,0.011334588216599533,0.011334588216599533
success_composite_strict_next_4obs,random_forest,firm_core,42,num__current_ratio,current_ratio,financial_ratio,0.008452875819781479,0.008452875819781479
success_composite_strict_next_4obs,random_forest,firm_core,42,num__current_ratio_lag1,current_ratio_lag1,firm_trend,0.008002131853692689,0.008002131853692689
success_composite_strict_next_4obs,random_forest,firm_core,42,num__current_liabilities,current_liabilities,accounting_fundamental,0.007406661793835319,0.007406661793835319
success_composite_strict_next_4obs,random_forest,firm_core,42,num__total_assets,total_assets,accounting_fundamental,0.007157270538337718,0.007157270538337718
success_composite_strict_next_4obs,random_forest,firm_core,42,num__current_assets,current_assets,accounting_fundamental,0.00642174419518243,0.00642174419518243
success_composite_strict_next_4obs,random_forest,firm_core,42,num__cash_assets_lag1,cash_assets_lag1,firm_trend,0.006307864350356812,0.006307864350356812
success_composite_strict_next_4obs,random_forest,firm_core,42,num__total_revenue,total_revenue,accounting_fundamental,0.006177851459906143,0.006177851459906143
success_composite_strict_next_4obs,random_forest,firm_core,42,num__total_liabilities_growth_4obs,total_liabilities_growth_4obs,firm_trend,0.005877629489418,0.005877629489418
success_composite_strict_next_4obs,random_forest,firm_core,42,num__cash_equivalents,cash_equivalents,accounting_fundamental,0.00586990554997223,0.00586990554997223
success_composite_strict_next_4obs,random_forest,firm_core,42,num__cash_assets,cash_assets,financial_ratio,0.005737245537685718,0.005737245537685718
success_composite_strict_next_4obs,random_forest,firm_core,42,num__leverage_assets_change_4obs,leverage_assets_change_4obs,firm_trend,0.0053017043852593955,0.0053017043852593955
success_composite_strict_next_4obs,random_forest,firm_core,42,num__missingindicator_current_liabilities,current_liabilities,accounting_fundamental,0.005160985395548895,0.005160985395548895
success_composite_strict_next_4obs,random_forest,firm_core,42,num__receivables_assets,receivables_assets,financial_ratio,0.004536061194663492,0.004536061194663492
success_composite_strict_next_4obs,random_forest,firm_core,42,num__missingindicator_net_margin,net_margin,financial_ratio,0.004321091523859872,0.004321091523859872
success_composite_strict_next_4obs,random_forest,firm_core,42,num__missingindicator_total_revenue,total_revenue,accounting_fundamental,0.00417378702729054,0.00417378702729054
success_composite_strict_next_4obs,random_forest,firm_core,42,num__total_assets_growth_4obs,total_assets_growth_4obs,firm_trend,0.004167294984069077,0.004167294984069077
success_composite_strict_next_4obs,random_forest,firm_core,42,num__missingindicator_current_assets,current_assets,accounting_fundamental,0.004106919737235475,0.004106919737235475
success_composite_strict_next_4obs,gradient_boosting,firm_core,42,num__leverage_assets,leverage_assets,financial_ratio,0.3708493816572208,0.3708493816572208
success_composite_strict_next_4obs,gradient_boosting,firm_core,42,num__missingindicator_operating_margin,operating_margin,financial_ratio,0.1523061760083892,0.1523061760083892
success_composite_strict_next_4obs,gradient_boosting,firm_core,42,num__equity_assets,equity_assets,financial_ratio,0.10982476736109886,0.10982476736109886
success_composite_strict_next_4obs,gradient_boosting,firm_core,42,num__roa,roa,financial_ratio,0.080377521116327,0.080377521116327
success_composite_strict_next_4obs,gradient_boosting,firm_core,42,num__leverage_assets_lag1,leverage_assets_lag1,firm_trend,0.060583361438999624,0.060583361438999624
success_composite_strict_next_4obs,gradient_boosting,firm_core,42,num__missingindicator_leverage_assets,leverage_assets,financial_ratio,0.05317416801928035,0.05317416801928035
success_composite_strict_next_4obs,gradient_boosting,firm_core,42,num__roa_lag1,roa_lag1,firm_trend,0.04422162372227769,0.04422162372227769
success_composite_strict_next_4obs,gradient_boosting,firm_core,42,num__missingindicator_total_liabilities,total_liabilities,accounting_fundamental,0.027674646056500638,0.027674646056500638
success_composite_strict_next_4obs,gradient_boosting,firm_core,42,num__missingindicator_operating_margin_lag1,operating_margin_lag1,firm_trend,0.02414519807011452,0.02414519807011452
success_composite_strict_next_4obs,gradient_boosting,firm_core,42,num__missingindicator_operating_income,operating_income,accounting_fundamental,0.01670078458478983,0.01670078458478983
success_composite_strict_next_4obs,gradient_boosting,firm_core,42,num__net_income_negative_count_prior_4obs,net_income_negative_count_prior_4obs,firm_trend,0.012492591878792047,0.012492591878792047
success_composite_strict_next_4obs,gradient_boosting,firm_core,42,num__operating_income,operating_income,accounting_fundamental,0.009075389863298087,0.009075389863298087
success_composite_strict_next_4obs,gradient_boosting,firm_core,42,num__missingindicator_leverage_assets_lag1,leverage_assets_lag1,firm_trend,0.0049575967090371206,0.0049575967090371206
success_composite_strict_next_4obs,gradient_boosting,firm_core,42,num__operating_margin,operating_margin,financial_ratio,0.00340764460801279,0.00340764460801279
success_composite_strict_next_4obs,gradient_boosting,firm_core,42,num__total_liabilities,total_liabilities,accounting_fundamental,0.003039914351627836,0.003039914351627836
success_composite_strict_next_4obs,gradient_boosting,firm_core,42,num__gross_profit,gross_profit,accounting_fundamental,0.002645731934593588,0.002645731934593588
success_composite_strict_next_4obs,gradient_boosting,firm_core,42,num__receivables_assets,receivables_assets,financial_ratio,0.002256573929075113,0.002256573929075113
success_composite_strict_next_4obs,gradient_boosting,firm_core,42,num__net_income,net_income,accounting_fundamental,0.0021108595986789897,0.0021108595986789897
success_composite_strict_next_4obs,gradient_boosting,firm_core,42,num__total_liabilities_growth_4obs,total_liabilities_growth_4obs,firm_trend,0.0015575998891126123,0.0015575998891126123
success_composite_strict_next_4obs,gradient_boosting,firm_core,42,num__inventory_assets,inventory_assets,financial_ratio,0.0014533905902902467,0.0014533905902902467
success_composite_strict_next_4obs,gradient_boosting,firm_core,42,num__current_assets,current_assets,accounting_fundamental,0.0014258964506203887,0.0014258964506203887
success_composite_strict_next_4obs,gradient_boosting,firm_core,42,num__total_assets,total_assets,accounting_fundamental,0.0014097340099431801,0.0014097340099431801
success_composite_strict_next_4obs,gradient_boosting,firm_core,42,num__total_revenue,total_revenue,accounting_fundamental,0.0013750617006327791,0.0013750617006327791
success_composite_strict_next_4obs,gradient_boosting,firm_core,42,num__total_equity,total_equity,accounting_fundamental,0.0011807045901152384,0.0011807045901152384
success_composite_strict_next_4obs,gradient_boosting,firm_core,42,num__cash_assets_lag1,cash_assets_lag1,firm_trend,0.0011136985101457722,0.0011136985101457722
success_composite_strict_next_4obs,gradient_boosting,firm_core,42,num__current_liabilities,current_liabilities,accounting_fundamental,0.0010457295305677373,0.0010457295305677373
success_composite_strict_next_4obs,gradient_boosting,firm_core,42,num__r_and_d_intensity,r_and_d_intensity,financial_ratio,0.0010294958077758857,0.0010294958077758857
success_composite_strict_next_4obs,gradient_boosting,firm_core,42,num__operating_margin_lag1,operating_margin_lag1,firm_trend,0.0007209960642081898,0.0007209960642081898
success_composite_strict_next_4obs,gradient_boosting,firm_core,42,cat__Sector_Industrials,Sector_Industrials,sector,0.000651207802732353,0.000651207802732353
success_composite_strict_next_4obs,gradient_boosting,firm_core,42,num__cash_assets,cash_assets,financial_ratio,0.0006431292102523137,0.0006431292102523137
success_composite_strict_next_4obs,gradient_boosting,firm_core,42,num__cash_equivalents,cash_equivalents,accounting_fundamental,0.0006230896974163131,0.0006230896974163131
success_composite_strict_next_4obs,gradient_boosting,firm_core,42,num__operating_margin_change_4obs,operating_margin_change_4obs,firm_trend,0.0006102112424116144,0.0006102112424116144
success_composite_strict_next_4obs,gradient_boosting,firm_core,42,num__current_ratio_lag1,current_ratio_lag1,firm_trend,0.0005443102643625697,0.0005443102643625697
success_composite_strict_next_4obs,gradient_boosting,firm_core,42,num__total_revenue_growth_4obs,total_revenue_growth_4obs,firm_trend,0.0004913109015990905,0.0004913109015990905
success_composite_strict_next_4obs,gradient_boosting,firm_core,42,num__net_margin,net_margin,financial_ratio,0.0004599400473571405,0.0004599400473571405
success_composite_strict_next_4obs,gradient_boosting,firm_core,42,num__current_ratio,current_ratio,financial_ratio,0.0003873149825755511,0.0003873149825755511
success_composite_strict_next_4obs,gradient_boosting,firm_core,42,num__leverage_assets_change_4obs,leverage_assets_change_4obs,firm_trend,0.00034503515660408977,0.00034503515660408977
success_composite_strict_next_4obs,gradient_boosting,firm_core,42,num__cash_flow_operating,cash_flow_operating,accounting_fundamental,0.0003432671262162615,0.0003432671262162615
success_composite_strict_next_4obs,gradient_boosting,firm_core,42,num__gross_margin_change_4obs,gross_margin_change_4obs,firm_trend,0.0003364411294566067,0.0003364411294566067
success_composite_strict_next_4obs,gradient_boosting,firm_core,42,num__missingindicator_total_liabilities_growth_4obs,total_liabilities_growth_4obs,firm_trend,0.0002668703947059369,0.0002668703947059369
success_composite_strict_next_4obs,logistic_l2,ratios_trends_only,42,num__leverage_assets_lag1,leverage_assets_lag1,firm_trend,2.4695537054869368,-2.4695537054869368
success_composite_strict_next_4obs,logistic_l2,ratios_trends_only,42,num__missingindicator_leverage_assets,leverage_assets,financial_ratio,2.2293872305108553,-2.2293872305108553
success_composite_strict_next_4obs,logistic_l2,ratios_trends_only,42,num__missingindicator_operating_margin,operating_margin,financial_ratio,1.6227295436108387,-1.6227295436108387
success_composite_strict_next_4obs,logistic_l2,ratios_trends_only,42,cat__Sector_Utilities,Sector_Utilities,sector,1.5942339982106777,-1.5942339982106777
success_composite_strict_next_4obs,logistic_l2,ratios_trends_only,42,num__r_and_d_intensity,r_and_d_intensity,financial_ratio,1.3780608869263646,-1.3780608869263646
success_composite_strict_next_4obs,logistic_l2,ratios_trends_only,42,num__equity_assets,equity_assets,financial_ratio,1.1848141839344986,1.1848141839344986
success_composite_strict_next_4obs,logistic_l2,ratios_trends_only,42,num__roa_lag1,roa_lag1,firm_trend,1.0956345923810735,1.0956345923810735
success_composite_strict_next_4obs,logistic_l2,ratios_trends_only,42,cat__Sector_Consumer Discretionary,Sector_Consumer Discretionary,sector,1.0649048060881663,1.0649048060881663
success_composite_strict_next_4obs,logistic_l2,ratios_trends_only,42,num__roa,roa,financial_ratio,1.0538499289249257,1.0538499289249257
success_composite_strict_next_4obs,logistic_l2,ratios_trends_only,42,num__leverage_assets,leverage_assets,financial_ratio,1.0399288637920767,-1.0399288637920767
success_composite_strict_next_4obs,logistic_l2,ratios_trends_only,42,cat__Sector_Agriculture,Sector_Agriculture,sector,1.0368560099799593,-1.0368560099799593
success_composite_strict_next_4obs,logistic_l2,ratios_trends_only,42,num__net_income_negative_count_prior_4obs,net_income_negative_count_prior_4obs,firm_trend,0.9845430079772479,-0.9845430079772479
success_composite_strict_next_4obs,logistic_l2,ratios_trends_only,42,num__missingindicator_total_assets_growth_4obs,total_assets_growth_4obs,firm_trend,0.9542321696428918,0.9542321696428918
success_composite_strict_next_4obs,logistic_l2,ratios_trends_only,42,cat__Sector_Energy,Sector_Energy,sector,0.8920396281760848,-0.8920396281760848
success_composite_strict_next_4obs,logistic_l2,ratios_trends_only,42,num__operating_margin,operating_margin,financial_ratio,0.8830511103362518,0.8830511103362518
success_composite_strict_next_4obs,logistic_l2,ratios_trends_only,42,num__missingindicator_operating_margin_lag1,operating_margin_lag1,firm_trend,0.8398168159848529,-0.8398168159848529
success_composite_strict_next_4obs,logistic_l2,ratios_trends_only,42,cat__Sector_Basic Materials,Sector_Basic Materials,sector,0.8164705880816479,0.8164705880816479
success_composite_strict_next_4obs,logistic_l2,ratios_trends_only,42,cat__Sector_Financial Services,Sector_Financial Services,sector,0.6863173269752566,-0.6863173269752566
success_composite_strict_next_4obs,logistic_l2,ratios_trends_only,42,num__missingindicator_current_ratio,current_ratio,financial_ratio,0.6004447570710872,-0.6004447570710872
success_composite_strict_next_4obs,logistic_l2,ratios_trends_only,42,cat__Sector_Communication Services,Sector_Communication Services,sector,0.5651978627630069,-0.5651978627630069
success_composite_strict_next_4obs,logistic_l2,ratios_trends_only,42,num__missingindicator_current_ratio_change_4obs,current_ratio_change_4obs,firm_trend,0.5295018635292003,0.5295018635292003
success_composite_strict_next_4obs,logistic_l2,ratios_trends_only,42,cat__Sector_Technology,Sector_Technology,sector,0.49733128901686774,0.49733128901686774
success_composite_strict_next_4obs,logistic_l2,ratios_trends_only,42,num__missingindicator_roa_change_4obs,roa_change_4obs,firm_trend,0.4092133281330886,-0.4092133281330886
success_composite_strict_next_4obs,logistic_l2,ratios_trends_only,42,num__missingindicator_cash_equivalents_growth_4obs,cash_equivalents_growth_4obs,firm_trend,0.4068714353002634,-0.4068714353002634
success_composite_strict_next_4obs,logistic_l2,ratios_trends_only,42,num__missingindicator_net_margin_lag1,net_margin_lag1,firm_trend,0.3855318339734852,0.3855318339734852
success_composite_strict_next_4obs,logistic_l2,ratios_trends_only,42,cat__Sector_Real Estate,Sector_Real Estate,sector,0.3712660612511941,-0.3712660612511941
success_composite_strict_next_4obs,logistic_l2,ratios_trends_only,42,num__missingindicator_leverage_assets_lag1,leverage_assets_lag1,firm_trend,0.35586973749463663,-0.35586973749463663
success_composite_strict_next_4obs,logistic_l2,ratios_trends_only,42,cat__Sector_Industrials,Sector_Industrials,sector,0.3542131607560945,0.3542131607560945
success_composite_strict_next_4obs,logistic_l2,ratios_trends_only,42,num__missingindicator_current_liabilities_growth_4obs,current_liabilities_growth_4obs,firm_trend,0.34328042721503144,-0.34328042721503144
success_composite_strict_next_4obs,logistic_l2,ratios_trends_only,42,num__current_ratio,current_ratio,financial_ratio,0.33900121635394337,-0.33900121635394337
success_composite_strict_next_4obs,logistic_l2,ratios_trends_only,42,num__missingindicator_cash_assets_lag1,cash_assets_lag1,firm_trend,0.32782882410456704,0.32782882410456704
success_composite_strict_next_4obs,logistic_l2,ratios_trends_only,42,num__cash_assets,cash_assets,financial_ratio,0.3197157893326696,-0.3197157893326696
success_composite_strict_next_4obs,logistic_l2,ratios_trends_only,42,num__missingindicator_net_margin_change_4obs,net_margin_change_4obs,firm_trend,0.3163005070921666,-0.3163005070921666
success_composite_strict_next_4obs,logistic_l2,ratios_trends_only,42,num__missingindicator_gross_margin_lag1,gross_margin_lag1,firm_trend,0.31106609236264077,0.31106609236264077
success_composite_strict_next_4obs,logistic_l2,ratios_trends_only,42,num__missingindicator_gross_margin,gross_margin,financial_ratio,0.3081960402645992,0.3081960402645992
success_composite_strict_next_4obs,logistic_l2,ratios_trends_only,42,num__missingindicator_gross_margin_change_4obs,gross_margin_change_4obs,firm_trend,0.28279866157901207,-0.28279866157901207
success_composite_strict_next_4obs,logistic_l2,ratios_trends_only,42,cat__Sector_Consumer Defensive,Sector_Consumer Defensive,sector,0.27223010408057313,-0.27223010408057313
success_composite_strict_next_4obs,logistic_l2,ratios_trends_only,42,num__missingindicator_total_revenue_growth_4obs,total_revenue_growth_4obs,firm_trend,0.25542982854648016,0.25542982854648016
success_composite_strict_next_4obs,logistic_l2,ratios_trends_only,42,num__cash_assets_change_4obs,cash_assets_change_4obs,firm_trend,0.23450404140850453,0.23450404140850453
success_composite_strict_next_4obs,logistic_l2,ratios_trends_only,42,num__missingindicator_current_assets_growth_4obs,current_assets_growth_4obs,firm_trend,0.23270249483526598,-0.23270249483526598
success_composite_strict_next_4obs,random_forest,ratios_trends_only,42,num__leverage_assets,leverage_assets,financial_ratio,0.10967516048100752,0.10967516048100752
success_composite_strict_next_4obs,random_forest,ratios_trends_only,42,num__missingindicator_leverage_assets,leverage_assets,financial_ratio,0.09067866416958187,0.09067866416958187
success_composite_strict_next_4obs,random_forest,ratios_trends_only,42,num__leverage_assets_lag1,leverage_assets_lag1,firm_trend,0.07997910949954369,0.07997910949954369
success_composite_strict_next_4obs,random_forest,ratios_trends_only,42,num__equity_assets,equity_assets,financial_ratio,0.07351848358079886,0.07351848358079886
success_composite_strict_next_4obs,random_forest,ratios_trends_only,42,num__missingindicator_operating_margin,operating_margin,financial_ratio,0.07056268331527639,0.07056268331527639
success_composite_strict_next_4obs,random_forest,ratios_trends_only,42,num__roa,roa,financial_ratio,0.05750857564495377,0.05750857564495377
success_composite_strict_next_4obs,random_forest,ratios_trends_only,42,num__missingindicator_leverage_assets_lag1,leverage_assets_lag1,firm_trend,0.0568014731822046,0.0568014731822046
success_composite_strict_next_4obs,random_forest,ratios_trends_only,42,num__missingindicator_operating_margin_lag1,operating_margin_lag1,firm_trend,0.04767689585804307,0.04767689585804307
success_composite_strict_next_4obs,random_forest,ratios_trends_only,42,num__roa_lag1,roa_lag1,firm_trend,0.04198748840419717,0.04198748840419717
success_composite_strict_next_4obs,random_forest,ratios_trends_only,42,num__operating_margin,operating_margin,financial_ratio,0.034361953220075195,0.034361953220075195
success_composite_strict_next_4obs,random_forest,ratios_trends_only,42,num__missingindicator_total_liabilities_growth_4obs,total_liabilities_growth_4obs,firm_trend,0.030360622804050722,0.030360622804050722
success_composite_strict_next_4obs,random_forest,ratios_trends_only,42,num__missingindicator_leverage_assets_change_4obs,leverage_assets_change_4obs,firm_trend,0.026455357331991575,0.026455357331991575
success_composite_strict_next_4obs,random_forest,ratios_trends_only,42,num__operating_margin_lag1,operating_margin_lag1,firm_trend,0.021715371664716304,0.021715371664716304
success_composite_strict_next_4obs,random_forest,ratios_trends_only,42,num__missingindicator_operating_margin_change_4obs,operating_margin_change_4obs,firm_trend,0.020851116885212503,0.020851116885212503
success_composite_strict_next_4obs,random_forest,ratios_trends_only,42,num__net_margin,net_margin,financial_ratio,0.017708784221480884,0.017708784221480884
success_composite_strict_next_4obs,random_forest,ratios_trends_only,42,num__net_margin_lag1,net_margin_lag1,firm_trend,0.016869005358804246,0.016869005358804246
success_composite_strict_next_4obs,random_forest,ratios_trends_only,42,num__net_income_negative_count_prior_4obs,net_income_negative_count_prior_4obs,firm_trend,0.013273787844030641,0.013273787844030641
success_composite_strict_next_4obs,random_forest,ratios_trends_only,42,num__total_liabilities_growth_4obs,total_liabilities_growth_4obs,firm_trend,0.010714022236690006,0.010714022236690006
success_composite_strict_next_4obs,random_forest,ratios_trends_only,42,num__current_ratio,current_ratio,financial_ratio,0.010281085068249046,0.010281085068249046
success_composite_strict_next_4obs,random_forest,ratios_trends_only,42,num__cash_assets,cash_assets,financial_ratio,0.00954214057785426,0.00954214057785426
success_composite_strict_next_4obs,random_forest,ratios_trends_only,42,num__current_ratio_lag1,current_ratio_lag1,firm_trend,0.00906167763992296,0.00906167763992296
success_composite_strict_next_4obs,random_forest,ratios_trends_only,42,num__cash_assets_lag1,cash_assets_lag1,firm_trend,0.008526415696694723,0.008526415696694723
success_composite_strict_next_4obs,random_forest,ratios_trends_only,42,num__leverage_assets_change_4obs,leverage_assets_change_4obs,firm_trend,0.007940412769933384,0.007940412769933384
success_composite_strict_next_4obs,random_forest,ratios_trends_only,42,num__receivables_assets,receivables_assets,financial_ratio,0.006392977253012872,0.006392977253012872
success_composite_strict_next_4obs,random_forest,ratios_trends_only,42,num__operating_margin_change_4obs,operating_margin_change_4obs,firm_trend,0.0062838446282068765,0.0062838446282068765
success_composite_strict_next_4obs,random_forest,ratios_trends_only,42,num__missingindicator_current_ratio,current_ratio,financial_ratio,0.0061960915081124245,0.0061960915081124245
success_composite_strict_next_4obs,random_forest,ratios_trends_only,42,num__missingindicator_net_margin,net_margin,financial_ratio,0.00594064234003585,0.00594064234003585
success_composite_strict_next_4obs,random_forest,ratios_trends_only,42,num__total_assets_growth_4obs,total_assets_growth_4obs,firm_trend,0.005912719044060897,0.005912719044060897
success_composite_strict_next_4obs,random_forest,ratios_trends_only,42,num__inventory_assets,inventory_assets,financial_ratio,0.0056160141618923675,0.0056160141618923675
success_composite_strict_next_4obs,random_forest,ratios_trends_only,42,num__missingindicator_current_ratio_lag1,current_ratio_lag1,firm_trend,0.005002435746823004,0.005002435746823004
success_composite_strict_next_4obs,random_forest,ratios_trends_only,42,num__roa_change_4obs,roa_change_4obs,firm_trend,0.0046155100620390195,0.0046155100620390195
success_composite_strict_next_4obs,random_forest,ratios_trends_only,42,num__current_liabilities_growth_4obs,current_liabilities_growth_4obs,firm_trend,0.004479986986053378,0.004479986986053378
success_composite_strict_next_4obs,random_forest,ratios_trends_only,42,num__cash_assets_change_4obs,cash_assets_change_4obs,firm_trend,0.004425202076192304,0.004425202076192304
success_composite_strict_next_4obs,random_forest,ratios_trends_only,42,num__current_assets_growth_4obs,current_assets_growth_4obs,firm_trend,0.004367137040800502,0.004367137040800502
success_composite_strict_next_4obs,random_forest,ratios_trends_only,42,num__missingindicator_current_ratio_change_4obs,current_ratio_change_4obs,firm_trend,0.004039722166711965,0.004039722166711965
success_composite_strict_next_4obs,random_forest,ratios_trends_only,42,num__net_margin_change_4obs,net_margin_change_4obs,firm_trend,0.003980175425582477,0.003980175425582477
success_composite_strict_next_4obs,random_forest,ratios_trends_only,42,num__total_revenue_growth_4obs,total_revenue_growth_4obs,firm_trend,0.00394750722592332,0.00394750722592332
success_composite_strict_next_4obs,random_forest,ratios_trends_only,42,num__missingindicator_current_assets_growth_4obs,current_assets_growth_4obs,firm_trend,0.0038113071243537264,0.0038113071243537264
success_composite_strict_next_4obs,random_forest,ratios_trends_only,42,num__current_ratio_change_4obs,current_ratio_change_4obs,firm_trend,0.0037687066871317848,0.0037687066871317848
success_composite_strict_next_4obs,random_forest,ratios_trends_only,42,num__cash_equivalents_growth_4obs,cash_equivalents_growth_4obs,firm_trend,0.003763315063368998,0.003763315063368998
success_composite_strict_next_4obs,gradient_boosting,ratios_trends_only,42,num__leverage_assets,leverage_assets,financial_ratio,0.37168264633303144,0.37168264633303144
success_composite_strict_next_4obs,gradient_boosting,ratios_trends_only,42,num__missingindicator_operating_margin,operating_margin,financial_ratio,0.17780197922556046,0.17780197922556046
success_composite_strict_next_4obs,gradient_boosting,ratios_trends_only,42,num__equity_assets,equity_assets,financial_ratio,0.11129023573290477,0.11129023573290477
success_composite_strict_next_4obs,gradient_boosting,ratios_trends_only,42,num__roa,roa,financial_ratio,0.0841642292251203,0.0841642292251203
success_composite_strict_next_4obs,gradient_boosting,ratios_trends_only,42,num__missingindicator_leverage_assets,leverage_assets,financial_ratio,0.08110038859524178,0.08110038859524178
success_composite_strict_next_4obs,gradient_boosting,ratios_trends_only,42,num__leverage_assets_lag1,leverage_assets_lag1,firm_trend,0.06289411620468797,0.06289411620468797
success_composite_strict_next_4obs,gradient_boosting,ratios_trends_only,42,num__roa_lag1,roa_lag1,firm_trend,0.0453532221764845,0.0453532221764845
success_composite_strict_next_4obs,gradient_boosting,ratios_trends_only,42,num__net_income_negative_count_prior_4obs,net_income_negative_count_prior_4obs,firm_trend,0.01517144498138659,0.01517144498138659
success_composite_strict_next_4obs,gradient_boosting,ratios_trends_only,42,num__missingindicator_operating_margin_lag1,operating_margin_lag1,firm_trend,0.014717375441124943,0.014717375441124943
success_composite_strict_next_4obs,gradient_boosting,ratios_trends_only,42,num__operating_margin,operating_margin,financial_ratio,0.007180678125380491,0.007180678125380491
success_composite_strict_next_4obs,gradient_boosting,ratios_trends_only,42,num__missingindicator_leverage_assets_lag1,leverage_assets_lag1,firm_trend,0.005161882175941839,0.005161882175941839
success_composite_strict_next_4obs,gradient_boosting,ratios_trends_only,42,num__receivables_assets,receivables_assets,financial_ratio,0.0025292293196005904,0.0025292293196005904
success_composite_strict_next_4obs,gradient_boosting,ratios_trends_only,42,num__inventory_assets,inventory_assets,financial_ratio,0.001920903179409073,0.001920903179409073
success_composite_strict_next_4obs,gradient_boosting,ratios_trends_only,42,num__r_and_d_intensity,r_and_d_intensity,financial_ratio,0.0016998920375516512,0.0016998920375516512
success_composite_strict_next_4obs,gradient_boosting,ratios_trends_only,42,num__operating_margin_lag1,operating_margin_lag1,firm_trend,0.0016922298185303346,0.0016922298185303346
success_composite_strict_next_4obs,gradient_boosting,ratios_trends_only,42,num__total_liabilities_growth_4obs,total_liabilities_growth_4obs,firm_trend,0.0016649027916802155,0.0016649027916802155
success_composite_strict_next_4obs,gradient_boosting,ratios_trends_only,42,num__missingindicator_net_margin,net_margin,financial_ratio,0.0015901473316791118,0.0015901473316791118
success_composite_strict_next_4obs,gradient_boosting,ratios_trends_only,42,num__cash_assets_lag1,cash_assets_lag1,firm_trend,0.001455890874667617,0.001455890874667617
success_composite_strict_next_4obs,gradient_boosting,ratios_trends_only,42,num__current_ratio_lag1,current_ratio_lag1,firm_trend,0.0010166748577046176,0.0010166748577046176
success_composite_strict_next_4obs,gradient_boosting,ratios_trends_only,42,num__cash_assets,cash_assets,financial_ratio,0.0008750514183537625,0.0008750514183537625
success_composite_strict_next_4obs,gradient_boosting,ratios_trends_only,42,cat__Sector_Basic Materials,Sector_Basic Materials,sector,0.0008030121992781314,0.0008030121992781314
success_composite_strict_next_4obs,gradient_boosting,ratios_trends_only,42,num__current_ratio,current_ratio,financial_ratio,0.0007178460389938076,0.0007178460389938076
success_composite_strict_next_4obs,gradient_boosting,ratios_trends_only,42,cat__Sector_Industrials,Sector_Industrials,sector,0.0006839146712921528,0.0006839146712921528
success_composite_strict_next_4obs,gradient_boosting,ratios_trends_only,42,num__operating_margin_change_4obs,operating_margin_change_4obs,firm_trend,0.0006432831906261428,0.0006432831906261428
success_composite_strict_next_4obs,gradient_boosting,ratios_trends_only,42,num__gross_margin,gross_margin,financial_ratio,0.0006255667018596241,0.0006255667018596241
success_composite_strict_next_4obs,gradient_boosting,ratios_trends_only,42,cat__Sector_Technology,Sector_Technology,sector,0.0005986383966884526,0.0005986383966884526
success_composite_strict_next_4obs,gradient_boosting,ratios_trends_only,42,num__leverage_assets_change_4obs,leverage_assets_change_4obs,firm_trend,0.0005523289293431244,0.0005523289293431244
success_composite_strict_next_4obs,gradient_boosting,ratios_trends_only,42,num__net_margin,net_margin,financial_ratio,0.0005343491368969054,0.0005343491368969054
success_composite_strict_next_4obs,gradient_boosting,ratios_trends_only,42,num__total_revenue_growth_4obs,total_revenue_growth_4obs,firm_trend,0.0005288313144897634,0.0005288313144897634
success_composite_strict_next_4obs,gradient_boosting,ratios_trends_only,42,num__current_liabilities_growth_4obs,current_liabilities_growth_4obs,firm_trend,0.00047315176270395067,0.00047315176270395067
success_composite_strict_next_4obs,gradient_boosting,ratios_trends_only,42,num__missingindicator_total_liabilities_growth_4obs,total_liabilities_growth_4obs,firm_trend,0.00032859984124770697,0.00032859984124770697
success_composite_strict_next_4obs,gradient_boosting,ratios_trends_only,42,num__gross_margin_lag1,gross_margin_lag1,firm_trend,0.0003279985009506364,0.0003279985009506364
success_composite_strict_next_4obs,gradient_boosting,ratios_trends_only,42,num__gross_margin_change_4obs,gross_margin_change_4obs,firm_trend,0.0002905587876542574,0.0002905587876542574
success_composite_strict_next_4obs,gradient_boosting,ratios_trends_only,42,num__total_assets_growth_4obs,total_assets_growth_4obs,firm_trend,0.00025566175546073283,0.00025566175546073283
success_composite_strict_next_4obs,gradient_boosting,ratios_trends_only,42,num__cash_assets_change_4obs,cash_assets_change_4obs,firm_trend,0.00017329438872342676,0.00017329438872342676
success_composite_strict_next_4obs,gradient_boosting,ratios_trends_only,42,cat__Sector_Utilities,Sector_Utilities,sector,0.00015615822471153068,0.00015615822471153068
success_composite_strict_next_4obs,gradient_boosting,ratios_trends_only,42,num__net_margin_lag1,net_margin_lag1,firm_trend,0.0001513509218144468,0.0001513509218144468
success_composite_strict_next_4obs,gradient_boosting,ratios_trends_only,42,num__missingindicator_roa,roa,financial_ratio,0.00014923287754749047,0.00014923287754749047
success_composite_strict_next_4obs,gradient_boosting,ratios_trends_only,42,cat__Sector_Financial Services,Sector_Financial Services,sector,0.00014229720940158472,0.00014229720940158472
success_composite_strict_next_4obs,gradient_boosting,ratios_trends_only,42,num__missingindicator_leverage_assets_change_4obs,leverage_assets_change_4obs,firm_trend,0.00013946175818265092,0.00013946175818265092
success_composite_strict_next_4obs,logistic_l2,raw_accounting_only,42,num__total_assets,total_assets,accounting_fundamental,9.192635558839955,-9.192635558839955
success_composite_strict_next_4obs,logistic_l2,raw_accounting_only,42,num__total_liabilities,total_liabilities,accounting_fundamental,3.552678854261003,-3.552678854261003
success_composite_strict_next_4obs,logistic_l2,raw_accounting_only,42,num__total_equity,total_equity,accounting_fundamental,3.0715078628401526,3.0715078628401526
success_composite_strict_next_4obs,logistic_l2,raw_accounting_only,42,num__missingindicator_total_liabilities,total_liabilities,accounting_fundamental,3.055500856350409,-3.055500856350409
success_composite_strict_next_4obs,logistic_l2,raw_accounting_only,42,num__missingindicator_operating_income,operating_income,accounting_fundamental,1.9724803502491202,-1.9724803502491202
success_composite_strict_next_4obs,logistic_l2,raw_accounting_only,42,cat__Sector_Utilities,Sector_Utilities,sector,1.3990751772332344,-1.3990751772332344
success_composite_strict_next_4obs,logistic_l2,raw_accounting_only,42,cat__Sector_Communication Services,Sector_Communication Services,sector,1.3792010800719985,-1.3792010800719985
success_composite_strict_next_4obs,logistic_l2,raw_accounting_only,42,cat__Sector_Energy,Sector_Energy,sector,0.9784643606500173,-0.9784643606500173
success_composite_strict_next_4obs,logistic_l2,raw_accounting_only,42,cat__Sector_Basic Materials,Sector_Basic Materials,sector,0.8984713067852041,0.8984713067852041
success_composite_strict_next_4obs,logistic_l2,raw_accounting_only,42,num__operating_income,operating_income,accounting_fundamental,0.7648302835395079,0.7648302835395079
success_composite_strict_next_4obs,logistic_l2,raw_accounting_only,42,num__missingindicator_total_revenue,total_revenue,accounting_fundamental,0.6780843930406033,-0.6780843930406033
success_composite_strict_next_4obs,logistic_l2,raw_accounting_only,42,cat__Sector_Consumer Defensive,Sector_Consumer Defensive,sector,0.6562464508887755,-0.6562464508887755
success_composite_strict_next_4obs,logistic_l2,raw_accounting_only,42,cat__Sector_Real Estate,Sector_Real Estate,sector,0.654724703618916,-0.654724703618916
success_composite_strict_next_4obs,logistic_l2,raw_accounting_only,42,cat__Sector_Consumer Discretionary,Sector_Consumer Discretionary,sector,0.5693594233936351,0.5693594233936351
success_composite_strict_next_4obs,logistic_l2,raw_accounting_only,42,cat__Sector_Financial Services,Sector_Financial Services,sector,0.5579021408330123,-0.5579021408330123
success_composite_strict_next_4obs,logistic_l2,raw_accounting_only,42,cat__Sector_Healthcare,Sector_Healthcare,sector,0.40913289737277353,-0.40913289737277353
success_composite_strict_next_4obs,logistic_l2,raw_accounting_only,42,num__missingindicator_total_assets,total_assets,accounting_fundamental,0.38871488239710555,0.38871488239710555
success_composite_strict_next_4obs,logistic_l2,raw_accounting_only,42,cat__Sector_Industrials,Sector_Industrials,sector,0.32686785447337713,0.32686785447337713
success_composite_strict_next_4obs,logistic_l2,raw_accounting_only,42,cat__Sector_Technology,Sector_Technology,sector,0.3234981267893745,0.3234981267893745
success_composite_strict_next_4obs,logistic_l2,raw_accounting_only,42,num__current_assets,current_assets,accounting_fundamental,0.32103484754412426,0.32103484754412426
success_composite_strict_next_4obs,logistic_l2,raw_accounting_only,42,num__net_income,net_income,accounting_fundamental,0.30115321702763004,0.30115321702763004
success_composite_strict_next_4obs,logistic_l2,raw_accounting_only,42,num__cash_flow_operating,cash_flow_operating,accounting_fundamental,0.25382788046628296,-0.25382788046628296
success_composite_strict_next_4obs,logistic_l2,raw_accounting_only,42,num__gross_profit,gross_profit,accounting_fundamental,0.21831532392487002,-0.21831532392487002
success_composite_strict_next_4obs,logistic_l2,raw_accounting_only,42,num__current_liabilities,current_liabilities,accounting_fundamental,0.20802616671402369,-0.20802616671402369
success_composite_strict_next_4obs,logistic_l2,raw_accounting_only,42,num__missingindicator_cash_equivalents,cash_equivalents,accounting_fundamental,0.19579214669440417,-0.19579214669440417
success_composite_strict_next_4obs,logistic_l2,raw_accounting_only,42,cat__Sector_Consumer Cyclical,Sector_Consumer Cyclical,sector,0.10821074579995231,-0.10821074579995231
success_composite_strict_next_4obs,logistic_l2,raw_accounting_only,42,cat__Sector_Agriculture,Sector_Agriculture,sector,0.09990020317336325,-0.09990020317336325
success_composite_strict_next_4obs,logistic_l2,raw_accounting_only,42,num__cash_equivalents,cash_equivalents,accounting_fundamental,0.09107938324765331,0.09107938324765331
success_composite_strict_next_4obs,logistic_l2,raw_accounting_only,42,num__missingindicator_net_income,net_income,accounting_fundamental,0.08241411786544237,0.08241411786544237
success_composite_strict_next_4obs,logistic_l2,raw_accounting_only,42,num__missingindicator_capex,capex,accounting_fundamental,0.0572408075823606,-0.0572408075823606
success_composite_strict_next_4obs,logistic_l2,raw_accounting_only,42,num__missingindicator_cash_flow_operating,cash_flow_operating,accounting_fundamental,0.05404981977279203,0.05404981977279203
success_composite_strict_next_4obs,logistic_l2,raw_accounting_only,42,num__missingindicator_gross_profit,gross_profit,accounting_fundamental,0.05131944553406679,0.05131944553406679
success_composite_strict_next_4obs,logistic_l2,raw_accounting_only,42,num__missingindicator_current_assets,current_assets,accounting_fundamental,0.04261648039378019,-0.04261648039378019
success_composite_strict_next_4obs,logistic_l2,raw_accounting_only,42,num__total_revenue,total_revenue,accounting_fundamental,0.03979962048170674,0.03979962048170674
success_composite_strict_next_4obs,logistic_l2,raw_accounting_only,42,num__capex,capex,accounting_fundamental,0.03556903421717663,0.03556903421717663
success_composite_strict_next_4obs,logistic_l2,raw_accounting_only,42,num__missingindicator_current_liabilities,current_liabilities,accounting_fundamental,0.03385542083364493,-0.03385542083364493
success_composite_strict_next_4obs,logistic_l2,raw_accounting_only,42,num__missingindicator_total_equity,total_equity,accounting_fundamental,0.0006356861148562753,0.0006356861148562753
success_composite_strict_next_4obs,random_forest,raw_accounting_only,42,num__missingindicator_total_liabilities,total_liabilities,accounting_fundamental,0.20562623935255656,0.20562623935255656
success_composite_strict_next_4obs,random_forest,raw_accounting_only,42,num__total_liabilities,total_liabilities,accounting_fundamental,0.15039922377864268,0.15039922377864268
success_composite_strict_next_4obs,random_forest,raw_accounting_only,42,num__missingindicator_operating_income,operating_income,accounting_fundamental,0.10559897262119164,0.10559897262119164
success_composite_strict_next_4obs,random_forest,raw_accounting_only,42,num__operating_income,operating_income,accounting_fundamental,0.08109417471175454,0.08109417471175454
success_composite_strict_next_4obs,random_forest,raw_accounting_only,42,num__total_equity,total_equity,accounting_fundamental,0.07898884440585263,0.07898884440585263
success_composite_strict_next_4obs,random_forest,raw_accounting_only,42,num__net_income,net_income,accounting_fundamental,0.06135760437739147,0.06135760437739147
success_composite_strict_next_4obs,random_forest,raw_accounting_only,42,num__total_assets,total_assets,accounting_fundamental,0.039679446448300515,0.039679446448300515
success_composite_strict_next_4obs,random_forest,raw_accounting_only,42,num__current_liabilities,current_liabilities,accounting_fundamental,0.03218141277940739,0.03218141277940739
success_composite_strict_next_4obs,random_forest,raw_accounting_only,42,num__current_assets,current_assets,accounting_fundamental,0.030174947330453585,0.030174947330453585
success_composite_strict_next_4obs,random_forest,raw_accounting_only,42,num__total_revenue,total_revenue,accounting_fundamental,0.028166167076690684,0.028166167076690684
success_composite_strict_next_4obs,random_forest,raw_accounting_only,42,num__cash_equivalents,cash_equivalents,accounting_fundamental,0.025013870906584645,0.025013870906584645
success_composite_strict_next_4obs,random_forest,raw_accounting_only,42,num__missingindicator_total_revenue,total_revenue,accounting_fundamental,0.024081603536574146,0.024081603536574146
success_composite_strict_next_4obs,random_forest,raw_accounting_only,42,num__missingindicator_current_liabilities,current_liabilities,accounting_fundamental,0.017687986212212386,0.017687986212212386
success_composite_strict_next_4obs,random_forest,raw_accounting_only,42,num__missingindicator_current_assets,current_assets,accounting_fundamental,0.016913098062906213,0.016913098062906213
success_composite_strict_next_4obs,random_forest,raw_accounting_only,42,cat__Sector_Technology,Sector_Technology,sector,0.015417991413310864,0.015417991413310864
success_composite_strict_next_4obs,random_forest,raw_accounting_only,42,num__capex,capex,accounting_fundamental,0.013822603320746002,0.013822603320746002
success_composite_strict_next_4obs,random_forest,raw_accounting_only,42,num__gross_profit,gross_profit,accounting_fundamental,0.013207127624685695,0.013207127624685695
success_composite_strict_next_4obs,random_forest,raw_accounting_only,42,num__cash_flow_operating,cash_flow_operating,accounting_fundamental,0.011896241666891827,0.011896241666891827
success_composite_strict_next_4obs,random_forest,raw_accounting_only,42,cat__Sector_Utilities,Sector_Utilities,sector,0.011518262784813514,0.011518262784813514
success_composite_strict_next_4obs,random_forest,raw_accounting_only,42,num__missingindicator_gross_profit,gross_profit,accounting_fundamental,0.0051714415262197454,0.0051714415262197454
success_composite_strict_next_4obs,random_forest,raw_accounting_only,42,cat__Sector_Communication Services,Sector_Communication Services,sector,0.004702741464667044,0.004702741464667044
success_composite_strict_next_4obs,random_forest,raw_accounting_only,42,cat__Sector_Industrials,Sector_Industrials,sector,0.004342214411146497,0.004342214411146497
success_composite_strict_next_4obs,random_forest,raw_accounting_only,42,cat__Sector_Financial Services,Sector_Financial Services,sector,0.0033638067032220054,0.0033638067032220054
success_composite_strict_next_4obs,random_forest,raw_accounting_only,42,cat__Sector_Real Estate,Sector_Real Estate,sector,0.0032887248812175206,0.0032887248812175206
success_composite_strict_next_4obs,random_forest,raw_accounting_only,42,num__missingindicator_capex,capex,accounting_fundamental,0.0027719627929178466,0.0027719627929178466
success_composite_strict_next_4obs,random_forest,raw_accounting_only,42,num__missingindicator_cash_flow_operating,cash_flow_operating,accounting_fundamental,0.0027549831023531627,0.0027549831023531627
success_composite_strict_next_4obs,random_forest,raw_accounting_only,42,cat__Sector_Energy,Sector_Energy,sector,0.0027032606659898343,0.0027032606659898343
success_composite_strict_next_4obs,random_forest,raw_accounting_only,42,cat__Sector_Consumer Cyclical,Sector_Consumer Cyclical,sector,0.001925591450088437,0.001925591450088437
success_composite_strict_next_4obs,random_forest,raw_accounting_only,42,cat__Sector_Consumer Defensive,Sector_Consumer Defensive,sector,0.0015522374894524067,0.0015522374894524067
success_composite_strict_next_4obs,random_forest,raw_accounting_only,42,num__missingindicator_cash_equivalents,cash_equivalents,accounting_fundamental,0.0015311749600149154,0.0015311749600149154
success_composite_strict_next_4obs,random_forest,raw_accounting_only,42,cat__Sector_Healthcare,Sector_Healthcare,sector,0.0013867349156195424,0.0013867349156195424
success_composite_strict_next_4obs,random_forest,raw_accounting_only,42,num__missingindicator_net_income,net_income,accounting_fundamental,0.0006520444494218939,0.0006520444494218939
success_composite_strict_next_4obs,random_forest,raw_accounting_only,42,cat__Sector_Basic Materials,Sector_Basic Materials,sector,0.0005251814383079047,0.0005251814383079047
success_composite_strict_next_4obs,random_forest,raw_accounting_only,42,num__missingindicator_total_equity,total_equity,accounting_fundamental,0.00026155543229655935,0.00026155543229655935
success_composite_strict_next_4obs,random_forest,raw_accounting_only,42,cat__Sector_Agriculture,Sector_Agriculture,sector,0.00011095927670213608,0.00011095927670213608
success_composite_strict_next_4obs,random_forest,raw_accounting_only,42,cat__Sector_Consumer Discretionary,Sector_Consumer Discretionary,sector,0.000103816425444267,0.000103816425444267
success_composite_strict_next_4obs,random_forest,raw_accounting_only,42,num__missingindicator_total_assets,total_assets,accounting_fundamental,2.5750203951276744e-05,2.5750203951276744e-05
success_composite_strict_next_4obs,gradient_boosting,raw_accounting_only,42,num__missingindicator_total_liabilities,total_liabilities,accounting_fundamental,0.37172625663799863,0.37172625663799863
success_composite_strict_next_4obs,gradient_boosting,raw_accounting_only,42,num__missingindicator_operating_income,operating_income,accounting_fundamental,0.2984757543669573,0.2984757543669573
success_composite_strict_next_4obs,gradient_boosting,raw_accounting_only,42,num__total_equity,total_equity,accounting_fundamental,0.08728723055986908,0.08728723055986908
success_composite_strict_next_4obs,gradient_boosting,raw_accounting_only,42,num__net_income,net_income,accounting_fundamental,0.07198097528102482,0.07198097528102482
success_composite_strict_next_4obs,gradient_boosting,raw_accounting_only,42,num__total_liabilities,total_liabilities,accounting_fundamental,0.05807323032070424,0.05807323032070424
success_composite_strict_next_4obs,gradient_boosting,raw_accounting_only,42,num__operating_income,operating_income,accounting_fundamental,0.03603680239026732,0.03603680239026732
success_composite_strict_next_4obs,gradient_boosting,raw_accounting_only,42,num__missingindicator_total_revenue,total_revenue,accounting_fundamental,0.024543071272220614,0.024543071272220614
success_composite_strict_next_4obs,gradient_boosting,raw_accounting_only,42,cat__Sector_Technology,Sector_Technology,sector,0.01380006161555931,0.01380006161555931
success_composite_strict_next_4obs,gradient_boosting,raw_accounting_only,42,num__missingindicator_current_assets,current_assets,accounting_fundamental,0.0077185386545516165,0.0077185386545516165
success_composite_strict_next_4obs,gradient_boosting,raw_accounting_only,42,cat__Sector_Utilities,Sector_Utilities,sector,0.006091771402952478,0.006091771402952478
success_composite_strict_next_4obs,gradient_boosting,raw_accounting_only,42,cat__Sector_Industrials,Sector_Industrials,sector,0.005256230532342197,0.005256230532342197
success_composite_strict_next_4obs,gradient_boosting,raw_accounting_only,42,num__current_assets,current_assets,accounting_fundamental,0.003020723982842111,0.003020723982842111
success_composite_strict_next_4obs,gradient_boosting,raw_accounting_only,42,num__missingindicator_current_liabilities,current_liabilities,accounting_fundamental,0.0030198237701413626,0.0030198237701413626
success_composite_strict_next_4obs,gradient_boosting,raw_accounting_only,42,num__current_liabilities,current_liabilities,accounting_fundamental,0.0030002935795960138,0.0030002935795960138
success_composite_strict_next_4obs,gradient_boosting,raw_accounting_only,42,num__cash_equivalents,cash_equivalents,accounting_fundamental,0.002287806463593556,0.002287806463593556
success_composite_strict_next_4obs,gradient_boosting,raw_accounting_only,42,num__total_assets,total_assets,accounting_fundamental,0.0022311491637180903,0.0022311491637180903
success_composite_strict_next_4obs,gradient_boosting,raw_accounting_only,42,num__total_revenue,total_revenue,accounting_fundamental,0.0013643993069399458,0.0013643993069399458
success_composite_strict_next_4obs,gradient_boosting,raw_accounting_only,42,num__capex,capex,accounting_fundamental,0.0008170163698069809,0.0008170163698069809
success_composite_strict_next_4obs,gradient_boosting,raw_accounting_only,42,num__cash_flow_operating,cash_flow_operating,accounting_fundamental,0.0008081295202871658,0.0008081295202871658
success_composite_strict_next_4obs,gradient_boosting,raw_accounting_only,42,cat__Sector_Communication Services,Sector_Communication Services,sector,0.0005816214766741008,0.0005816214766741008
success_composite_strict_next_4obs,gradient_boosting,raw_accounting_only,42,cat__Sector_Consumer Cyclical,Sector_Consumer Cyclical,sector,0.00040741861888036806,0.00040741861888036806
success_composite_strict_next_4obs,gradient_boosting,raw_accounting_only,42,num__gross_profit,gross_profit,accounting_fundamental,0.0003102086275680218,0.0003102086275680218
success_composite_strict_next_4obs,gradient_boosting,raw_accounting_only,42,cat__Sector_Energy,Sector_Energy,sector,0.000288531316442317,0.000288531316442317
success_composite_strict_next_4obs,gradient_boosting,raw_accounting_only,42,num__missingindicator_cash_equivalents,cash_equivalents,accounting_fundamental,0.0002716425203306156,0.0002716425203306156
success_composite_strict_next_4obs,gradient_boosting,raw_accounting_only,42,num__missingindicator_net_income,net_income,accounting_fundamental,0.0002397625639496084,0.0002397625639496084
success_composite_strict_next_4obs,gradient_boosting,raw_accounting_only,42,num__missingindicator_gross_profit,gross_profit,accounting_fundamental,0.00021931551134628615,0.00021931551134628615
success_composite_strict_next_4obs,gradient_boosting,raw_accounting_only,42,cat__Sector_Basic Materials,Sector_Basic Materials,sector,9.320226346453335e-05,9.320226346453335e-05
success_composite_strict_next_4obs,gradient_boosting,raw_accounting_only,42,cat__Sector_Real Estate,Sector_Real Estate,sector,3.198880179829712e-05,3.198880179829712e-05
success_composite_strict_next_4obs,gradient_boosting,raw_accounting_only,42,cat__Sector_Financial Services,Sector_Financial Services,sector,1.7043108172984492e-05,1.7043108172984492e-05
success_composite_strict_next_4obs,gradient_boosting,raw_accounting_only,42,num__missingindicator_total_assets,total_assets,accounting_fundamental,0.0,0.0
success_composite_strict_next_4obs,gradient_boosting,raw_accounting_only,42,cat__Sector_Healthcare,Sector_Healthcare,sector,0.0,0.0
success_composite_strict_next_4obs,gradient_boosting,raw_accounting_only,42,cat__Sector_Consumer Defensive,Sector_Consumer Defensive,sector,0.0,0.0
success_composite_strict_next_4obs,gradient_boosting,raw_accounting_only,42,cat__Sector_Consumer Discretionary,Sector_Consumer Discretionary,sector,0.0,0.0
success_composite_strict_next_4obs,gradient_boosting,raw_accounting_only,42,num__missingindicator_total_equity,total_equity,accounting_fundamental,0.0,0.0
success_composite_strict_next_4obs,gradient_boosting,raw_accounting_only,42,cat__Sector_Agriculture,Sector_Agriculture,sector,0.0,0.0
success_composite_strict_next_4obs,gradient_boosting,raw_accounting_only,42,num__missingindicator_cash_flow_operating,cash_flow_operating,accounting_fundamental,0.0,0.0
success_composite_strict_next_4obs,gradient_boosting,raw_accounting_only,42,num__missingindicator_capex,capex,accounting_fundamental,0.0,0.0
success_composite_strict_next_4obs,logistic_l2,macro_event_only,42,num__GDPC1,GDPC1,macro,2.2820714472200803,2.2820714472200803
success_composite_strict_next_4obs,logistic_l2,macro_event_only,42,cat__Sector_Consumer Discretionary,Sector_Consumer Discretionary,sector,1.8368082939373733,1.8368082939373733
success_composite_strict_next_4obs,logistic_l2,macro_event_only,42,num__PAYEMS,PAYEMS,macro,1.7845289820050925,-1.7845289820050925
success_composite_strict_next_4obs,logistic_l2,macro_event_only,42,cat__Sector_Utilities,Sector_Utilities,sector,1.6248731188332983,-1.6248731188332983
success_composite_strict_next_4obs,logistic_l2,macro_event_only,42,num__RSAFS,RSAFS,macro,1.2284817549574154,-1.2284817549574154
success_composite_strict_next_4obs,logistic_l2,macro_event_only,42,cat__Sector_Technology,Sector_Technology,sector,1.09736760974481,1.09736760974481
success_composite_strict_next_4obs,logistic_l2,macro_event_only,42,cat__Sector_Basic Materials,Sector_Basic Materials,sector,0.8053346602714561,0.8053346602714561
success_composite_strict_next_4obs,logistic_l2,macro_event_only,42,cat__Sector_Financial Services,Sector_Financial Services,sector,0.7976419801891365,-0.7976419801891365
success_composite_strict_next_4obs,logistic_l2,macro_event_only,42,cat__Sector_Energy,Sector_Energy,sector,0.748022723325672,-0.748022723325672
success_composite_strict_next_4obs,logistic_l2,macro_event_only,42,num__T10Y2Y,T10Y2Y,macro,0.6458265122898865,-0.6458265122898865
success_composite_strict_next_4obs,logistic_l2,macro_event_only,42,cat__Sector_Communication Services,Sector_Communication Services,sector,0.5836809203007711,-0.5836809203007711
success_composite_strict_next_4obs,logistic_l2,macro_event_only,42,num__PPIACO_yoy_pct,PPIACO_yoy_pct,macro,0.5757621455771982,0.5757621455771982
success_composite_strict_next_4obs,logistic_l2,macro_event_only,42,num__BUSLOANS,BUSLOANS,macro,0.44578929798084066,-0.44578929798084066
success_composite_strict_next_4obs,logistic_l2,macro_event_only,42,cat__Sector_Healthcare,Sector_Healthcare,sector,0.42388702654419086,-0.42388702654419086
success_composite_strict_next_4obs,logistic_l2,macro_event_only,42,num__M2SL,M2SL,macro,0.39936733334443714,0.39936733334443714
success_composite_strict_next_4obs,logistic_l2,macro_event_only,42,num__T10Y3M,T10Y3M,macro,0.3847350048901711,0.3847350048901711
success_composite_strict_next_4obs,logistic_l2,macro_event_only,42,cat__Sector_Real Estate,Sector_Real Estate,sector,0.3522573959383923,-0.3522573959383923
success_composite_strict_next_4obs,logistic_l2,macro_event_only,42,num__INDPRO,INDPRO,macro,0.30921029370327124,0.30921029370327124
success_composite_strict_next_4obs,logistic_l2,macro_event_only,42,cat__Sector_Agriculture,Sector_Agriculture,sector,0.3084354965149337,0.3084354965149337
success_composite_strict_next_4obs,logistic_l2,macro_event_only,42,num__UNRATE,UNRATE,macro,0.3030232839283163,-0.3030232839283163
success_composite_strict_next_4obs,logistic_l2,macro_event_only,42,cat__Sector_Industrials,Sector_Industrials,sector,0.30228683674788037,0.30228683674788037
success_composite_strict_next_4obs,logistic_l2,macro_event_only,42,num__HOUST,HOUST,macro,0.30198911090540426,0.30198911090540426
success_composite_strict_next_4obs,logistic_l2,macro_event_only,42,num__INDPRO_yoy_pct,INDPRO_yoy_pct,macro,0.3013056913066738,-0.3013056913066738
success_composite_strict_next_4obs,logistic_l2,macro_event_only,42,num__DTWEXBGS,DTWEXBGS,macro,0.2929194760430679,-0.2929194760430679
success_composite_strict_next_4obs,logistic_l2,macro_event_only,42,num__PPIACO,PPIACO,macro,0.28462607638240456,-0.28462607638240456
success_composite_strict_next_4obs,logistic_l2,macro_event_only,42,num__BUSLOANS_yoy_pct,BUSLOANS_yoy_pct,macro,0.2639191250461925,0.2639191250461925
success_composite_strict_next_4obs,logistic_l2,macro_event_only,42,num__missingindicator_VIXCLS,VIXCLS,macro,0.2624965665542388,-0.2624965665542388
success_composite_strict_next_4obs,logistic_l2,macro_event_only,42,num__DTWEXBGS_yoy_pct,DTWEXBGS_yoy_pct,macro,0.26116576715070633,0.26116576715070633
success_composite_strict_next_4obs,logistic_l2,macro_event_only,42,num__FEDFUNDS,FEDFUNDS,macro,0.2058503778125497,0.2058503778125497
success_composite_strict_next_4obs,logistic_l2,macro_event_only,42,cat__Sector_Consumer Defensive,Sector_Consumer Defensive,sector,0.17649839721081584,0.17649839721081584
success_composite_strict_next_4obs,logistic_l2,macro_event_only,42,num__NFCI,NFCI,macro,0.17391740823802743,-0.17391740823802743
success_composite_strict_next_4obs,logistic_l2,macro_event_only,42,num__GS10,GS10,macro,0.15056506122919452,0.15056506122919452
success_composite_strict_next_4obs,logistic_l2,macro_event_only,42,num__BAMLH0A0HYM2,BAMLH0A0HYM2,macro,0.12412892330485671,0.12412892330485671
success_composite_strict_next_4obs,logistic_l2,macro_event_only,42,num__missingindicator_T10Y2Y,T10Y2Y,macro,0.12306229017010323,0.12306229017010323
success_composite_strict_next_4obs,logistic_l2,macro_event_only,42,num__missingindicator_T10Y3M,T10Y3M,macro,0.12306229017010323,0.12306229017010323
success_composite_strict_next_4obs,logistic_l2,macro_event_only,42,num__CPIAUCSL,CPIAUCSL,macro,0.11963358635941318,-0.11963358635941318
success_composite_strict_next_4obs,logistic_l2,macro_event_only,42,num__DCOILWTICO_yoy_pct,DCOILWTICO_yoy_pct,macro,0.11258410921263091,0.11258410921263091
success_composite_strict_next_4obs,logistic_l2,macro_event_only,42,num__credit_spread_stress_regime,credit_spread_stress_regime,regime_time,0.09929913503864694,0.09929913503864694
success_composite_strict_next_4obs,logistic_l2,macro_event_only,42,num__DCOILWTICO,DCOILWTICO,macro,0.09839465299769991,0.09839465299769991
success_composite_strict_next_4obs,logistic_l2,macro_event_only,42,num__tight_financial_conditions,tight_financial_conditions,regime_time,0.09690567971240083,-0.09690567971240083
success_composite_strict_next_4obs,random_forest,macro_event_only,42,cat__Sector_Technology,Sector_Technology,sector,0.10774112543493032,0.10774112543493032
success_composite_strict_next_4obs,random_forest,macro_event_only,42,num__USEPUINDXD,USEPUINDXD,macro,0.060558292241202676,0.060558292241202676
success_composite_strict_next_4obs,random_forest,macro_event_only,42,num__VIXCLS,VIXCLS,macro,0.05360802531958669,0.05360802531958669
success_composite_strict_next_4obs,random_forest,macro_event_only,42,num__DCOILWTICO_yoy_pct,DCOILWTICO_yoy_pct,macro,0.05135354738527434,0.05135354738527434
success_composite_strict_next_4obs,random_forest,macro_event_only,42,num__DTWEXBGS_yoy_pct,DTWEXBGS_yoy_pct,macro,0.05135209506044212,0.05135209506044212
success_composite_strict_next_4obs,random_forest,macro_event_only,42,num__DCOILWTICO,DCOILWTICO,macro,0.05107170246993336,0.05107170246993336
success_composite_strict_next_4obs,random_forest,macro_event_only,42,num__DTWEXBGS,DTWEXBGS,macro,0.050818281846159934,0.050818281846159934
success_composite_strict_next_4obs,random_forest,macro_event_only,42,cat__Sector_Utilities,Sector_Utilities,sector,0.04851763677943258,0.04851763677943258
success_composite_strict_next_4obs,random_forest,macro_event_only,42,num__BAMLH0A0HYM2,BAMLH0A0HYM2,macro,0.04486314848971046,0.04486314848971046
success_composite_strict_next_4obs,random_forest,macro_event_only,42,num__T10Y3M,T10Y3M,macro,0.043634647486155594,0.043634647486155594
success_composite_strict_next_4obs,random_forest,macro_event_only,42,num__T10Y2Y,T10Y2Y,macro,0.04177053236610639,0.04177053236610639
success_composite_strict_next_4obs,random_forest,macro_event_only,42,cat__Sector_Financial Services,Sector_Financial Services,sector,0.033416879988352056,0.033416879988352056
success_composite_strict_next_4obs,random_forest,macro_event_only,42,num__NFCI,NFCI,macro,0.02986571752090863,0.02986571752090863
success_composite_strict_next_4obs,random_forest,macro_event_only,42,cat__Sector_Industrials,Sector_Industrials,sector,0.023768603584873132,0.023768603584873132
success_composite_strict_next_4obs,random_forest,macro_event_only,42,cat__Sector_Energy,Sector_Energy,sector,0.018049684467554856,0.018049684467554856
success_composite_strict_next_4obs,random_forest,macro_event_only,42,num__HOUST_yoy_pct,HOUST_yoy_pct,macro,0.012532564316005428,0.012532564316005428
success_composite_strict_next_4obs,random_forest,macro_event_only,42,num__HOUST,HOUST,macro,0.012428242362511612,0.012428242362511612
success_composite_strict_next_4obs,random_forest,macro_event_only,42,cat__Sector_Healthcare,Sector_Healthcare,sector,0.01166132068316733,0.01166132068316733
success_composite_strict_next_4obs,random_forest,macro_event_only,42,num__RSAFS_yoy_pct,RSAFS_yoy_pct,macro,0.011385548713567322,0.011385548713567322
success_composite_strict_next_4obs,random_forest,macro_event_only,42,num__M2SL_yoy_pct,M2SL_yoy_pct,macro,0.011351785008106165,0.011351785008106165
success_composite_strict_next_4obs,random_forest,macro_event_only,42,num__INDPRO_yoy_pct,INDPRO_yoy_pct,macro,0.011345012865281558,0.011345012865281558
success_composite_strict_next_4obs,random_forest,macro_event_only,42,cat__Sector_Real Estate,Sector_Real Estate,sector,0.011310415173173499,0.011310415173173499
success_composite_strict_next_4obs,random_forest,macro_event_only,42,num__BUSLOANS_yoy_pct,BUSLOANS_yoy_pct,macro,0.011180720145785084,0.011180720145785084
success_composite_strict_next_4obs,random_forest,macro_event_only,42,num__INDPRO,INDPRO,macro,0.011121789946272852,0.011121789946272852
success_composite_strict_next_4obs,random_forest,macro_event_only,42,num__CPIAUCSL_yoy_pct,CPIAUCSL_yoy_pct,macro,0.011029221138475187,0.011029221138475187
success_composite_strict_next_4obs,random_forest,macro_event_only,42,num__PPIACO_yoy_pct,PPIACO_yoy_pct,macro,0.010716139250758264,0.010716139250758264
success_composite_strict_next_4obs,random_forest,macro_event_only,42,cat__Sector_Consumer Cyclical,Sector_Consumer Cyclical,sector,0.010669999379353907,0.010669999379353907
success_composite_strict_next_4obs,random_forest,macro_event_only,42,num__PAYEMS_yoy_pct,PAYEMS_yoy_pct,macro,0.010598121491284923,0.010598121491284923
success_composite_strict_next_4obs,random_forest,macro_event_only,42,num__GS10,GS10,macro,0.010558341134287677,0.010558341134287677
success_composite_strict_next_4obs,random_forest,macro_event_only,42,num__RSAFS,RSAFS,macro,0.010460926391623654,0.010460926391623654
success_composite_strict_next_4obs,random_forest,macro_event_only,42,cat__Sector_Communication Services,Sector_Communication Services,sector,0.010352911017614593,0.010352911017614593
success_composite_strict_next_4obs,random_forest,macro_event_only,42,num__PPIACO,PPIACO,macro,0.010216545919175476,0.010216545919175476
success_composite_strict_next_4obs,random_forest,macro_event_only,42,num__CPIAUCSL,CPIAUCSL,macro,0.009796815226073995,0.009796815226073995
success_composite_strict_next_4obs,random_forest,macro_event_only,42,num__BUSLOANS,BUSLOANS,macro,0.009693546214905579,0.009693546214905579
success_composite_strict_next_4obs,random_forest,macro_event_only,42,num__PAYEMS,PAYEMS,macro,0.009022087118412663,0.009022087118412663
success_composite_strict_next_4obs,random_forest,macro_event_only,42,num__M2SL,M2SL,macro,0.008869218599184865,0.008869218599184865
success_composite_strict_next_4obs,random_forest,macro_event_only,42,num__UNRATE,UNRATE,macro,0.008135475048110446,0.008135475048110446
success_composite_strict_next_4obs,random_forest,macro_event_only,42,num__FEDFUNDS,FEDFUNDS,macro,0.007142291704245829,0.007142291704245829
success_composite_strict_next_4obs,random_forest,macro_event_only,42,cat__Sector_Basic Materials,Sector_Basic Materials,sector,0.005936165736459141,0.005936165736459141
success_composite_strict_next_4obs,random_forest,macro_event_only,42,num__DRTSCILM,DRTSCILM,macro,0.005635215230522718,0.005635215230522718
success_composite_strict_next_4obs,gradient_boosting,macro_event_only,42,cat__Sector_Technology,Sector_Technology,sector,0.4029616657424934,0.4029616657424934
success_composite_strict_next_4obs,gradient_boosting,macro_event_only,42,cat__Sector_Industrials,Sector_Industrials,sector,0.13579144886941732,0.13579144886941732
success_composite_strict_next_4obs,gradient_boosting,macro_event_only,42,cat__Sector_Utilities,Sector_Utilities,sector,0.09165071153651881,0.09165071153651881
success_composite_strict_next_4obs,gradient_boosting,macro_event_only,42,cat__Sector_Financial Services,Sector_Financial Services,sector,0.05095036637212144,0.05095036637212144
success_composite_strict_next_4obs,gradient_boosting,macro_event_only,42,cat__Sector_Basic Materials,Sector_Basic Materials,sector,0.027600989799265566,0.027600989799265566
success_composite_strict_next_4obs,gradient_boosting,macro_event_only,42,cat__Sector_Energy,Sector_Energy,sector,0.025170734112335624,0.025170734112335624
success_composite_strict_next_4obs,gradient_boosting,macro_event_only,42,num__USEPUINDXD,USEPUINDXD,macro,0.021644278954111817,0.021644278954111817
success_composite_strict_next_4obs,gradient_boosting,macro_event_only,42,cat__Sector_Consumer Discretionary,Sector_Consumer Discretionary,sector,0.01896829091989444,0.01896829091989444
success_composite_strict_next_4obs,gradient_boosting,macro_event_only,42,num__NFCI,NFCI,macro,0.01635678133149137,0.01635678133149137
success_composite_strict_next_4obs,gradient_boosting,macro_event_only,42,num__DCOILWTICO_yoy_pct,DCOILWTICO_yoy_pct,macro,0.015138862750481766,0.015138862750481766
success_composite_strict_next_4obs,gradient_boosting,macro_event_only,42,cat__Sector_Consumer Cyclical,Sector_Consumer Cyclical,sector,0.014885572606660635,0.014885572606660635
success_composite_strict_next_4obs,gradient_boosting,macro_event_only,42,num__T10Y3M,T10Y3M,macro,0.014562756851739083,0.014562756851739083
success_composite_strict_next_4obs,gradient_boosting,macro_event_only,42,num__VIXCLS,VIXCLS,macro,0.014216926302494291,0.014216926302494291
success_composite_strict_next_4obs,gradient_boosting,macro_event_only,42,num__DTWEXBGS_yoy_pct,DTWEXBGS_yoy_pct,macro,0.012850531613956318,0.012850531613956318
success_composite_strict_next_4obs,gradient_boosting,macro_event_only,42,num__BAMLH0A0HYM2,BAMLH0A0HYM2,macro,0.012274621086316462,0.012274621086316462
success_composite_strict_next_4obs,gradient_boosting,macro_event_only,42,num__HOUST,HOUST,macro,0.011288508346673241,0.011288508346673241
success_composite_strict_next_4obs,gradient_boosting,macro_event_only,42,num__DTWEXBGS,DTWEXBGS,macro,0.011111689956341321,0.011111689956341321
success_composite_strict_next_4obs,gradient_boosting,macro_event_only,42,num__DCOILWTICO,DCOILWTICO,macro,0.009710042229737242,0.009710042229737242
success_composite_strict_next_4obs,gradient_boosting,macro_event_only,42,cat__Sector_Consumer Defensive,Sector_Consumer Defensive,sector,0.0087234610693548,0.0087234610693548
success_composite_strict_next_4obs,gradient_boosting,macro_event_only,42,num__INDPRO,INDPRO,macro,0.008569717383876047,0.008569717383876047
success_composite_strict_next_4obs,gradient_boosting,macro_event_only,42,cat__Sector_Communication Services,Sector_Communication Services,sector,0.008432542536890705,0.008432542536890705
success_composite_strict_next_4obs,gradient_boosting,macro_event_only,42,num__M2SL_yoy_pct,M2SL_yoy_pct,macro,0.0075421293632273265,0.0075421293632273265
success_composite_strict_next_4obs,gradient_boosting,macro_event_only,42,num__T10Y2Y,T10Y2Y,macro,0.006970726835311285,0.006970726835311285
success_composite_strict_next_4obs,gradient_boosting,macro_event_only,42,cat__Sector_Healthcare,Sector_Healthcare,sector,0.006670095399911988,0.006670095399911988
success_composite_strict_next_4obs,gradient_boosting,macro_event_only,42,cat__Sector_Real Estate,Sector_Real Estate,sector,0.00565572298628432,0.00565572298628432
success_composite_strict_next_4obs,gradient_boosting,macro_event_only,42,num__missingindicator_DTWEXBGS_yoy_pct,DTWEXBGS_yoy_pct,macro,0.005170152883034464,0.005170152883034464
success_composite_strict_next_4obs,gradient_boosting,macro_event_only,42,num__GS10,GS10,macro,0.0050380771839763465,0.0050380771839763465
success_composite_strict_next_4obs,gradient_boosting,macro_event_only,42,num__HOUST_yoy_pct,HOUST_yoy_pct,macro,0.004592376986497718,0.004592376986497718
success_composite_strict_next_4obs,gradient_boosting,macro_event_only,42,num__RSAFS_yoy_pct,RSAFS_yoy_pct,macro,0.0035689011695849465,0.0035689011695849465
success_composite_strict_next_4obs,gradient_boosting,macro_event_only,42,num__PPIACO_yoy_pct,PPIACO_yoy_pct,macro,0.003518107487756683,0.003518107487756683
success_composite_strict_next_4obs,gradient_boosting,macro_event_only,42,num__BUSLOANS_yoy_pct,BUSLOANS_yoy_pct,macro,0.003340017253948579,0.003340017253948579
success_composite_strict_next_4obs,gradient_boosting,macro_event_only,42,num__FEDFUNDS,FEDFUNDS,macro,0.0031333294404973094,0.0031333294404973094
success_composite_strict_next_4obs,gradient_boosting,macro_event_only,42,num__PPIACO,PPIACO,macro,0.0025191004403481315,0.0025191004403481315
success_composite_strict_next_4obs,gradient_boosting,macro_event_only,42,num__UNRATE,UNRATE,macro,0.0020584857792625643,0.0020584857792625643
success_composite_strict_next_4obs,gradient_boosting,macro_event_only,42,num__PAYEMS_yoy_pct,PAYEMS_yoy_pct,macro,0.002037791415936519,0.002037791415936519
success_composite_strict_next_4obs,gradient_boosting,macro_event_only,42,num__PAYEMS,PAYEMS,macro,0.0008579078833208749,0.0008579078833208749
success_composite_strict_next_4obs,gradient_boosting,macro_event_only,42,num__missingindicator_DCOILWTICO_yoy_pct,DCOILWTICO_yoy_pct,macro,0.0008133731816229585,0.0008133731816229585
success_composite_strict_next_4obs,gradient_boosting,macro_event_only,42,cat__Sector_Agriculture,Sector_Agriculture,sector,0.0006998464589832251,0.0006998464589832251
success_composite_strict_next_4obs,gradient_boosting,macro_event_only,42,num__CPIAUCSL_yoy_pct,CPIAUCSL_yoy_pct,macro,0.00067794728865788,0.00067794728865788
success_composite_strict_next_4obs,gradient_boosting,macro_event_only,42,num__M2SL,M2SL,macro,0.0006095858082407256,0.0006095858082407256
success_composite_strict_next_4obs,logistic_l2,all_features,42,num__total_assets,total_assets,accounting_fundamental,4.654908870969914,-4.654908870969914
success_composite_strict_next_4obs,logistic_l2,all_features,42,num__leverage_assets_lag1,leverage_assets_lag1,firm_trend,2.2683608268592708,-2.2683608268592708
success_composite_strict_next_4obs,logistic_l2,all_features,42,num__missingindicator_operating_income,operating_income,accounting_fundamental,1.74198106214239,-1.74198106214239
success_composite_strict_next_4obs,logistic_l2,all_features,42,num__missingindicator_net_margin,net_margin,financial_ratio,1.6923372742308342,-1.6923372742308342
success_composite_strict_next_4obs,logistic_l2,all_features,42,num__total_liabilities,total_liabilities,accounting_fundamental,1.6263191447721024,-1.6263191447721024
success_composite_strict_next_4obs,logistic_l2,all_features,42,cat__Sector_Utilities,Sector_Utilities,sector,1.4583866311968017,-1.4583866311968017
success_composite_strict_next_4obs,logistic_l2,all_features,42,num__missingindicator_total_liabilities,total_liabilities,accounting_fundamental,1.3240971908815427,-1.3240971908815427
success_composite_strict_next_4obs,logistic_l2,all_features,42,num__missingindicator_leverage_assets,leverage_assets,financial_ratio,1.322698099790232,-1.322698099790232
success_composite_strict_next_4obs,logistic_l2,all_features,42,num__total_equity,total_equity,accounting_fundamental,1.1805691475075948,1.1805691475075948
success_composite_strict_next_4obs,logistic_l2,all_features,42,cat__Sector_Basic Materials,Sector_Basic Materials,sector,1.072839780168843,1.072839780168843
success_composite_strict_next_4obs,logistic_l2,all_features,42,num__GDPC1,GDPC1,macro,1.0596857727739366,1.0596857727739366
success_composite_strict_next_4obs,logistic_l2,all_features,42,num__equity_assets,equity_assets,financial_ratio,1.0078675548840896,1.0078675548840896
success_composite_strict_next_4obs,logistic_l2,all_features,42,cat__Sector_Agriculture,Sector_Agriculture,sector,0.9939098519658226,-0.9939098519658226
success_composite_strict_next_4obs,logistic_l2,all_features,42,num__leverage_assets,leverage_assets,financial_ratio,0.9899496137720948,-0.9899496137720948
success_composite_strict_next_4obs,logistic_l2,all_features,42,num__net_income_negative_count_prior_4obs,net_income_negative_count_prior_4obs,firm_trend,0.9898744503899874,-0.9898744503899874
success_composite_strict_next_4obs,logistic_l2,all_features,42,num__r_and_d_intensity,r_and_d_intensity,financial_ratio,0.9894651005379185,-0.9894651005379185
success_composite_strict_next_4obs,logistic_l2,all_features,42,num__missingindicator_net_income,net_income,accounting_fundamental,0.9851087666719651,0.9851087666719651
success_composite_strict_next_4obs,logistic_l2,all_features,42,num__missingindicator_total_revenue,total_revenue,accounting_fundamental,0.9813380715280919,0.9813380715280919
success_composite_strict_next_4obs,logistic_l2,all_features,42,num__missingindicator_equity_assets,equity_assets,financial_ratio,0.9525748528200152,0.9525748528200152
success_composite_strict_next_4obs,logistic_l2,all_features,42,num__roa,roa,financial_ratio,0.9489072336331886,0.9489072336331886
success_composite_strict_next_4obs,logistic_l2,all_features,42,cat__Sector_Consumer Discretionary,Sector_Consumer Discretionary,sector,0.9084055814297523,0.9084055814297523
success_composite_strict_next_4obs,logistic_l2,all_features,42,cat__Sector_Energy,Sector_Energy,sector,0.9072788833375794,-0.9072788833375794
success_composite_strict_next_4obs,logistic_l2,all_features,42,num__missingindicator_total_equity,total_equity,accounting_fundamental,0.9069332124057307,-0.9069332124057307
success_composite_strict_next_4obs,logistic_l2,all_features,42,cat__Sector_Financial Services,Sector_Financial Services,sector,0.8693138880670543,-0.8693138880670543
success_composite_strict_next_4obs,logistic_l2,all_features,42,cat__Sector_Communication Services,Sector_Communication Services,sector,0.834775358487469,-0.834775358487469
success_composite_strict_next_4obs,logistic_l2,all_features,42,num__T10Y2Y,T10Y2Y,macro,0.8054156976926388,-0.8054156976926388
success_composite_strict_next_4obs,logistic_l2,all_features,42,num__roa_lag1,roa_lag1,firm_trend,0.7746072394460027,0.7746072394460027
success_composite_strict_next_4obs,logistic_l2,all_features,42,num__operating_margin,operating_margin,financial_ratio,0.77298045647949,0.77298045647949
success_composite_strict_next_4obs,logistic_l2,all_features,42,num__missingindicator_operating_margin_lag1,operating_margin_lag1,firm_trend,0.765233088317136,-0.765233088317136
success_composite_strict_next_4obs,logistic_l2,all_features,42,num__missingindicator_roa,roa,financial_ratio,0.7188276316059259,-0.7188276316059259
success_composite_strict_next_4obs,logistic_l2,all_features,42,num__PPIACO_yoy_pct,PPIACO_yoy_pct,macro,0.7049060883201401,0.7049060883201401
success_composite_strict_next_4obs,logistic_l2,all_features,42,num__cash_equivalents,cash_equivalents,accounting_fundamental,0.6629910328933091,0.6629910328933091
success_composite_strict_next_4obs,logistic_l2,all_features,42,num__T10Y3M,T10Y3M,macro,0.6385188380351134,0.6385188380351134
success_composite_strict_next_4obs,logistic_l2,all_features,42,num__DTWEXBGS,DTWEXBGS,macro,0.5601803079976997,-0.5601803079976997
success_composite_strict_next_4obs,logistic_l2,all_features,42,num__missingindicator_total_assets_growth_4obs,total_assets_growth_4obs,firm_trend,0.5120836437660169,0.5120836437660169
success_composite_strict_next_4obs,logistic_l2,all_features,42,cat__Sector_Consumer Defensive,Sector_Consumer Defensive,sector,0.504289443020418,-0.504289443020418
success_composite_strict_next_4obs,logistic_l2,all_features,42,cat__Sector_Real Estate,Sector_Real Estate,sector,0.4891811613351843,-0.4891811613351843
success_composite_strict_next_4obs,logistic_l2,all_features,42,num__PAYEMS,PAYEMS,macro,0.4866561360346501,-0.4866561360346501
success_composite_strict_next_4obs,logistic_l2,all_features,42,num__operating_income,operating_income,accounting_fundamental,0.45149477844606706,0.45149477844606706
success_composite_strict_next_4obs,logistic_l2,all_features,42,num__missingindicator_leverage_assets_lag1,leverage_assets_lag1,firm_trend,0.4432815846591783,-0.4432815846591783
success_composite_strict_next_4obs,random_forest,all_features,42,num__leverage_assets,leverage_assets,financial_ratio,0.07759076869944909,0.07759076869944909
success_composite_strict_next_4obs,random_forest,all_features,42,num__missingindicator_leverage_assets,leverage_assets,financial_ratio,0.06514884123062688,0.06514884123062688
success_composite_strict_next_4obs,random_forest,all_features,42,num__leverage_assets_lag1,leverage_assets_lag1,firm_trend,0.06125458657130009,0.06125458657130009
success_composite_strict_next_4obs,random_forest,all_features,42,num__equity_assets,equity_assets,financial_ratio,0.0580116316424907,0.0580116316424907
success_composite_strict_next_4obs,random_forest,all_features,42,num__missingindicator_total_liabilities,total_liabilities,accounting_fundamental,0.05178159366897158,0.05178159366897158
success_composite_strict_next_4obs,random_forest,all_features,42,num__missingindicator_leverage_assets_lag1,leverage_assets_lag1,firm_trend,0.0466905469607561,0.0466905469607561
success_composite_strict_next_4obs,random_forest,all_features,42,num__missingindicator_operating_margin,operating_margin,financial_ratio,0.04149739175302255,0.04149739175302255
success_composite_strict_next_4obs,random_forest,all_features,42,num__roa_lag1,roa_lag1,firm_trend,0.04050957167671683,0.04050957167671683
success_composite_strict_next_4obs,random_forest,all_features,42,num__roa,roa,financial_ratio,0.039128846947993186,0.039128846947993186
success_composite_strict_next_4obs,random_forest,all_features,42,num__missingindicator_operating_margin_lag1,operating_margin_lag1,firm_trend,0.035073250375549266,0.035073250375549266
success_composite_strict_next_4obs,random_forest,all_features,42,num__missingindicator_operating_income,operating_income,accounting_fundamental,0.03042107662030591,0.03042107662030591
success_composite_strict_next_4obs,random_forest,all_features,42,num__total_liabilities,total_liabilities,accounting_fundamental,0.026399035926672827,0.026399035926672827
success_composite_strict_next_4obs,random_forest,all_features,42,num__missingindicator_total_liabilities_growth_4obs,total_liabilities_growth_4obs,firm_trend,0.025407197324503313,0.025407197324503313
success_composite_strict_next_4obs,random_forest,all_features,42,num__operating_margin,operating_margin,financial_ratio,0.02230099061892241,0.02230099061892241
success_composite_strict_next_4obs,random_forest,all_features,42,num__missingindicator_leverage_assets_change_4obs,leverage_assets_change_4obs,firm_trend,0.021337821940234977,0.021337821940234977
success_composite_strict_next_4obs,random_forest,all_features,42,num__missingindicator_operating_margin_change_4obs,operating_margin_change_4obs,firm_trend,0.021067326387115174,0.021067326387115174
success_composite_strict_next_4obs,random_forest,all_features,42,num__operating_income,operating_income,accounting_fundamental,0.018579887670167553,0.018579887670167553
success_composite_strict_next_4obs,random_forest,all_features,42,num__net_margin,net_margin,financial_ratio,0.014975031345847978,0.014975031345847978
success_composite_strict_next_4obs,random_forest,all_features,42,num__operating_margin_lag1,operating_margin_lag1,firm_trend,0.01445610164162896,0.01445610164162896
success_composite_strict_next_4obs,random_forest,all_features,42,num__total_equity,total_equity,accounting_fundamental,0.012903495254503086,0.012903495254503086
success_composite_strict_next_4obs,random_forest,all_features,42,num__net_income,net_income,accounting_fundamental,0.011876119329501673,0.011876119329501673
success_composite_strict_next_4obs,random_forest,all_features,42,num__net_margin_lag1,net_margin_lag1,firm_trend,0.010899556453351573,0.010899556453351573
success_composite_strict_next_4obs,random_forest,all_features,42,num__net_income_negative_count_prior_4obs,net_income_negative_count_prior_4obs,firm_trend,0.010178377523972257,0.010178377523972257
success_composite_strict_next_4obs,random_forest,all_features,42,num__total_liabilities_growth_4obs,total_liabilities_growth_4obs,firm_trend,0.009034755057786266,0.009034755057786266
success_composite_strict_next_4obs,random_forest,all_features,42,num__total_assets,total_assets,accounting_fundamental,0.007549328262435774,0.007549328262435774
success_composite_strict_next_4obs,random_forest,all_features,42,num__current_ratio,current_ratio,financial_ratio,0.007315278919621118,0.007315278919621118
success_composite_strict_next_4obs,random_forest,all_features,42,num__leverage_assets_change_4obs,leverage_assets_change_4obs,firm_trend,0.006896441034411735,0.006896441034411735
success_composite_strict_next_4obs,random_forest,all_features,42,num__current_ratio_lag1,current_ratio_lag1,firm_trend,0.006684508576715451,0.006684508576715451
success_composite_strict_next_4obs,random_forest,all_features,42,num__current_liabilities,current_liabilities,accounting_fundamental,0.006290168266423616,0.006290168266423616
success_composite_strict_next_4obs,random_forest,all_features,42,num__current_assets,current_assets,accounting_fundamental,0.006008277562151966,0.006008277562151966
success_composite_strict_next_4obs,random_forest,all_features,42,num__total_revenue,total_revenue,accounting_fundamental,0.005994348320112624,0.005994348320112624
success_composite_strict_next_4obs,random_forest,all_features,42,num__cash_assets,cash_assets,financial_ratio,0.005600633960697038,0.005600633960697038
success_composite_strict_next_4obs,random_forest,all_features,42,num__cash_assets_lag1,cash_assets_lag1,firm_trend,0.005168268668754939,0.005168268668754939
success_composite_strict_next_4obs,random_forest,all_features,42,num__cash_equivalents,cash_equivalents,accounting_fundamental,0.005096556599082722,0.005096556599082722
success_composite_strict_next_4obs,random_forest,all_features,42,num__missingindicator_current_assets,current_assets,accounting_fundamental,0.004949304511320231,0.004949304511320231
success_composite_strict_next_4obs,random_forest,all_features,42,num__receivables_assets,receivables_assets,financial_ratio,0.004589790022213534,0.004589790022213534
success_composite_strict_next_4obs,random_forest,all_features,42,num__missingindicator_net_margin,net_margin,financial_ratio,0.004515797727492671,0.004515797727492671
success_composite_strict_next_4obs,random_forest,all_features,42,num__missingindicator_current_ratio,current_ratio,financial_ratio,0.004463929024293679,0.004463929024293679
success_composite_strict_next_4obs,random_forest,all_features,42,num__missingindicator_total_revenue,total_revenue,accounting_fundamental,0.004123298165657346,0.004123298165657346
success_composite_strict_next_4obs,random_forest,all_features,42,num__missingindicator_net_margin_lag1,net_margin_lag1,firm_trend,0.003453483283848335,0.003453483283848335
success_composite_strict_next_4obs,gradient_boosting,all_features,42,num__leverage_assets,leverage_assets,financial_ratio,0.37053236052832916,0.37053236052832916
success_composite_strict_next_4obs,gradient_boosting,all_features,42,num__missingindicator_operating_margin,operating_margin,financial_ratio,0.1483871105287937,0.1483871105287937
success_composite_strict_next_4obs,gradient_boosting,all_features,42,num__equity_assets,equity_assets,financial_ratio,0.10828104759779018,0.10828104759779018
success_composite_strict_next_4obs,gradient_boosting,all_features,42,num__roa,roa,financial_ratio,0.08043707522277231,0.08043707522277231
success_composite_strict_next_4obs,gradient_boosting,all_features,42,num__leverage_assets_lag1,leverage_assets_lag1,firm_trend,0.06356248716095536,0.06356248716095536
success_composite_strict_next_4obs,gradient_boosting,all_features,42,num__missingindicator_leverage_assets,leverage_assets,financial_ratio,0.0479540686037513,0.0479540686037513
success_composite_strict_next_4obs,gradient_boosting,all_features,42,num__roa_lag1,roa_lag1,firm_trend,0.04385071896305332,0.04385071896305332
success_composite_strict_next_4obs,gradient_boosting,all_features,42,num__missingindicator_total_liabilities,total_liabilities,accounting_fundamental,0.03158862195896794,0.03158862195896794
success_composite_strict_next_4obs,gradient_boosting,all_features,42,num__missingindicator_operating_margin_lag1,operating_margin_lag1,firm_trend,0.026407262626874588,0.026407262626874588
success_composite_strict_next_4obs,gradient_boosting,all_features,42,num__missingindicator_operating_income,operating_income,accounting_fundamental,0.017199199025439205,0.017199199025439205
success_composite_strict_next_4obs,gradient_boosting,all_features,42,num__net_income_negative_count_prior_4obs,net_income_negative_count_prior_4obs,firm_trend,0.012979679905949344,0.012979679905949344
success_composite_strict_next_4obs,gradient_boosting,all_features,42,num__operating_income,operating_income,accounting_fundamental,0.009494084421372553,0.009494084421372553
success_composite_strict_next_4obs,gradient_boosting,all_features,42,num__missingindicator_leverage_assets_lag1,leverage_assets_lag1,firm_trend,0.004989637044749141,0.004989637044749141
success_composite_strict_next_4obs,gradient_boosting,all_features,42,num__operating_margin,operating_margin,financial_ratio,0.003314810298679426,0.003314810298679426
success_composite_strict_next_4obs,gradient_boosting,all_features,42,num__gross_profit,gross_profit,accounting_fundamental,0.002673091854230181,0.002673091854230181
success_composite_strict_next_4obs,gradient_boosting,all_features,42,num__receivables_assets,receivables_assets,financial_ratio,0.0024021819721672653,0.0024021819721672653
success_composite_strict_next_4obs,gradient_boosting,all_features,42,num__net_income,net_income,accounting_fundamental,0.0021473224090835926,0.0021473224090835926
success_composite_strict_next_4obs,gradient_boosting,all_features,42,num__total_liabilities,total_liabilities,accounting_fundamental,0.0021421091822126535,0.0021421091822126535
success_composite_strict_next_4obs,gradient_boosting,all_features,42,num__inventory_assets,inventory_assets,financial_ratio,0.0015106066850628789,0.0015106066850628789
success_composite_strict_next_4obs,gradient_boosting,all_features,42,num__total_liabilities_growth_4obs,total_liabilities_growth_4obs,firm_trend,0.0014733412866237267,0.0014733412866237267
success_composite_strict_next_4obs,gradient_boosting,all_features,42,num__total_assets,total_assets,accounting_fundamental,0.0014503955904164104,0.0014503955904164104
success_composite_strict_next_4obs,gradient_boosting,all_features,42,num__BUSLOANS,BUSLOANS,macro,0.0013835966559801961,0.0013835966559801961
success_composite_strict_next_4obs,gradient_boosting,all_features,42,num__total_revenue,total_revenue,accounting_fundamental,0.0012696907784144956,0.0012696907784144956
success_composite_strict_next_4obs,gradient_boosting,all_features,42,num__current_assets,current_assets,accounting_fundamental,0.0012520530446774147,0.0012520530446774147
success_composite_strict_next_4obs,gradient_boosting,all_features,42,num__cash_assets_lag1,cash_assets_lag1,firm_trend,0.0011248202666176144,0.0011248202666176144
success_composite_strict_next_4obs,gradient_boosting,all_features,42,num__total_equity,total_equity,accounting_fundamental,0.0010597482593627315,0.0010597482593627315
success_composite_strict_next_4obs,gradient_boosting,all_features,42,num__r_and_d_intensity,r_and_d_intensity,financial_ratio,0.0009445884489779269,0.0009445884489779269
success_composite_strict_next_4obs,gradient_boosting,all_features,42,cat__Sector_Industrials,Sector_Industrials,sector,0.0007255024869325418,0.0007255024869325418
success_composite_strict_next_4obs,gradient_boosting,all_features,42,num__current_liabilities,current_liabilities,accounting_fundamental,0.0006753800550131594,0.0006753800550131594
success_composite_strict_next_4obs,gradient_boosting,all_features,42,num__cash_equivalents,cash_equivalents,accounting_fundamental,0.0006634786825905318,0.0006634786825905318
success_composite_strict_next_4obs,gradient_boosting,all_features,42,num__current_ratio_lag1,current_ratio_lag1,firm_trend,0.0005626582342031577,0.0005626582342031577
success_composite_strict_next_4obs,gradient_boosting,all_features,42,num__GS10,GS10,macro,0.0005453008783649713,0.0005453008783649713
success_composite_strict_next_4obs,gradient_boosting,all_features,42,num__net_margin,net_margin,financial_ratio,0.0004992996726286745,0.0004992996726286745
success_composite_strict_next_4obs,gradient_boosting,all_features,42,num__total_revenue_growth_4obs,total_revenue_growth_4obs,firm_trend,0.00046209680692630616,0.00046209680692630616
success_composite_strict_next_4obs,gradient_boosting,all_features,42,num__operating_margin_change_4obs,operating_margin_change_4obs,firm_trend,0.0004528821671113729,0.0004528821671113729
success_composite_strict_next_4obs,gradient_boosting,all_features,42,num__operating_margin_lag1,operating_margin_lag1,firm_trend,0.00041801461419943467,0.00041801461419943467
success_composite_strict_next_4obs,gradient_boosting,all_features,42,num__cash_assets,cash_assets,financial_ratio,0.0003934785741901449,0.0003934785741901449
success_composite_strict_next_4obs,gradient_boosting,all_features,42,num__current_ratio,current_ratio,financial_ratio,0.0003774419663609973,0.0003774419663609973
success_composite_strict_next_4obs,gradient_boosting,all_features,42,num__gross_margin_change_4obs,gross_margin_change_4obs,firm_trend,0.00033122259855101723,0.00033122259855101723
success_composite_strict_next_4obs,gradient_boosting,all_features,42,num__cash_flow_operating,cash_flow_operating,accounting_fundamental,0.0003222966086148479,0.0003222966086148479
success_resilience_quality_v2_next_4obs,logistic_l2,firm_core,42,num__leverage_assets_lag1,leverage_assets_lag1,firm_trend,2.6873350284631665,-2.6873350284631665
success_resilience_quality_v2_next_4obs,logistic_l2,firm_core,42,num__missingindicator_total_liabilities,total_liabilities,accounting_fundamental,2.207155706892327,-2.207155706892327
success_resilience_quality_v2_next_4obs,logistic_l2,firm_core,42,cat__Sector_Basic Materials,Sector_Basic Materials,sector,1.8724005542893534,1.8724005542893534
success_resilience_quality_v2_next_4obs,logistic_l2,firm_core,42,num__missingindicator_leverage_assets_change_4obs,leverage_assets_change_4obs,firm_trend,1.7264454042875663,1.7264454042875663
success_resilience_quality_v2_next_4obs,logistic_l2,firm_core,42,num__missingindicator_total_liabilities_growth_4obs,total_liabilities_growth_4obs,firm_trend,1.7205059149012178,-1.7205059149012178
success_resilience_quality_v2_next_4obs,logistic_l2,firm_core,42,num__total_assets,total_assets,accounting_fundamental,1.7134306677251638,-1.7134306677251638
success_resilience_quality_v2_next_4obs,logistic_l2,firm_core,42,cat__Sector_Utilities,Sector_Utilities,sector,1.593535489783343,-1.593535489783343
success_resilience_quality_v2_next_4obs,logistic_l2,firm_core,42,cat__Sector_Consumer Discretionary,Sector_Consumer Discretionary,sector,1.559887669097838,1.559887669097838
success_resilience_quality_v2_next_4obs,logistic_l2,firm_core,42,cat__Sector_Energy,Sector_Energy,sector,1.2061982410420231,-1.2061982410420231
success_resilience_quality_v2_next_4obs,logistic_l2,firm_core,42,cat__Sector_Agriculture,Sector_Agriculture,sector,1.1995781083630717,-1.1995781083630717
success_resilience_quality_v2_next_4obs,logistic_l2,firm_core,42,num__missingindicator_net_margin,net_margin,financial_ratio,1.1843522668139537,-1.1843522668139537
success_resilience_quality_v2_next_4obs,logistic_l2,firm_core,42,cat__Sector_Real Estate,Sector_Real Estate,sector,0.9955387245256266,-0.9955387245256266
success_resilience_quality_v2_next_4obs,logistic_l2,firm_core,42,num__missingindicator_current_liabilities_growth_4obs,current_liabilities_growth_4obs,firm_trend,0.8977029072001497,-0.8977029072001497
success_resilience_quality_v2_next_4obs,logistic_l2,firm_core,42,num__leverage_assets,leverage_assets,financial_ratio,0.876565715171931,-0.876565715171931
success_resilience_quality_v2_next_4obs,logistic_l2,firm_core,42,num__missingindicator_current_ratio_change_4obs,current_ratio_change_4obs,firm_trend,0.8751981084260059,0.8751981084260059
success_resilience_quality_v2_next_4obs,logistic_l2,firm_core,42,num__missingindicator_total_revenue,total_revenue,accounting_fundamental,0.8605735411648178,0.8605735411648178
success_resilience_quality_v2_next_4obs,logistic_l2,firm_core,42,num__net_income_negative_count_prior_4obs,net_income_negative_count_prior_4obs,firm_trend,0.8572741274865119,-0.8572741274865119
success_resilience_quality_v2_next_4obs,logistic_l2,firm_core,42,num__r_and_d_intensity,r_and_d_intensity,financial_ratio,0.8247396850492177,-0.8247396850492177
success_resilience_quality_v2_next_4obs,logistic_l2,firm_core,42,num__roa_lag1,roa_lag1,firm_trend,0.8020232185606704,0.8020232185606704
success_resilience_quality_v2_next_4obs,logistic_l2,firm_core,42,num__missingindicator_cash_equivalents,cash_equivalents,accounting_fundamental,0.781600362202234,0.781600362202234
success_resilience_quality_v2_next_4obs,logistic_l2,firm_core,42,num__current_liabilities,current_liabilities,accounting_fundamental,0.6678372784073427,-0.6678372784073427
success_resilience_quality_v2_next_4obs,logistic_l2,firm_core,42,num__equity_assets,equity_assets,financial_ratio,0.6511216052740021,0.6511216052740021
success_resilience_quality_v2_next_4obs,logistic_l2,firm_core,42,num__missingindicator_leverage_assets_lag1,leverage_assets_lag1,firm_trend,0.6114265849219986,-0.6114265849219986
success_resilience_quality_v2_next_4obs,logistic_l2,firm_core,42,cat__Sector_Technology,Sector_Technology,sector,0.6080395337413665,0.6080395337413665
success_resilience_quality_v2_next_4obs,logistic_l2,firm_core,42,num__total_equity,total_equity,accounting_fundamental,0.5877383919602742,0.5877383919602742
success_resilience_quality_v2_next_4obs,logistic_l2,firm_core,42,num__missingindicator_operating_income,operating_income,accounting_fundamental,0.5453505925563888,-0.5453505925563888
success_resilience_quality_v2_next_4obs,logistic_l2,firm_core,42,num__cash_equivalents,cash_equivalents,accounting_fundamental,0.5349265139127628,0.5349265139127628
success_resilience_quality_v2_next_4obs,logistic_l2,firm_core,42,cat__Sector_Industrials,Sector_Industrials,sector,0.5221563348049326,0.5221563348049326
success_resilience_quality_v2_next_4obs,logistic_l2,firm_core,42,num__missingindicator_total_assets_growth_4obs,total_assets_growth_4obs,firm_trend,0.4517627219431628,0.4517627219431628
success_resilience_quality_v2_next_4obs,logistic_l2,firm_core,42,num__missingindicator_leverage_assets,leverage_assets,financial_ratio,0.4475204103743062,-0.4475204103743062
success_resilience_quality_v2_next_4obs,logistic_l2,firm_core,42,num__operating_margin,operating_margin,financial_ratio,0.43814122869879135,0.43814122869879135
success_resilience_quality_v2_next_4obs,logistic_l2,firm_core,42,num__current_assets,current_assets,accounting_fundamental,0.397049245234814,0.397049245234814
success_resilience_quality_v2_next_4obs,logistic_l2,firm_core,42,num__missingindicator_cash_assets_change_4obs,cash_assets_change_4obs,firm_trend,0.39383595381756886,-0.39383595381756886
success_resilience_quality_v2_next_4obs,logistic_l2,firm_core,42,num__missingindicator_total_revenue_growth_4obs,total_revenue_growth_4obs,firm_trend,0.39295905346340726,-0.39295905346340726
success_resilience_quality_v2_next_4obs,logistic_l2,firm_core,42,cat__Sector_Healthcare,Sector_Healthcare,sector,0.3855414060733757,-0.3855414060733757
success_resilience_quality_v2_next_4obs,logistic_l2,firm_core,42,num__missingindicator_cash_assets,cash_assets,financial_ratio,0.37899003927056424,-0.37899003927056424
success_resilience_quality_v2_next_4obs,logistic_l2,firm_core,42,cat__Sector_Financial Services,Sector_Financial Services,sector,0.37141553404924044,-0.37141553404924044
success_resilience_quality_v2_next_4obs,logistic_l2,firm_core,42,cat__Sector_Communication Services,Sector_Communication Services,sector,0.3619056260725382,-0.3619056260725382
success_resilience_quality_v2_next_4obs,logistic_l2,firm_core,42,num__missingindicator_roa_change_4obs,roa_change_4obs,firm_trend,0.35361413961487853,-0.35361413961487853
success_resilience_quality_v2_next_4obs,logistic_l2,firm_core,42,num__missingindicator_net_margin_change_4obs,net_margin_change_4obs,firm_trend,0.338423992336138,0.338423992336138
success_resilience_quality_v2_next_4obs,random_forest,firm_core,42,num__leverage_assets,leverage_assets,financial_ratio,0.09000187868502756,0.09000187868502756
success_resilience_quality_v2_next_4obs,random_forest,firm_core,42,num__missingindicator_leverage_assets,leverage_assets,financial_ratio,0.08990860240333308,0.08990860240333308
success_resilience_quality_v2_next_4obs,random_forest,firm_core,42,num__leverage_assets_lag1,leverage_assets_lag1,firm_trend,0.07514531806602932,0.07514531806602932
success_resilience_quality_v2_next_4obs,random_forest,firm_core,42,num__missingindicator_total_liabilities,total_liabilities,accounting_fundamental,0.07480726823193594,0.07480726823193594
success_resilience_quality_v2_next_4obs,random_forest,firm_core,42,num__missingindicator_leverage_assets_lag1,leverage_assets_lag1,firm_trend,0.07236552294190567,0.07236552294190567
success_resilience_quality_v2_next_4obs,random_forest,firm_core,42,num__equity_assets,equity_assets,financial_ratio,0.0571008019374397,0.0571008019374397
success_resilience_quality_v2_next_4obs,random_forest,firm_core,42,num__total_liabilities,total_liabilities,accounting_fundamental,0.04193543876118853,0.04193543876118853
success_resilience_quality_v2_next_4obs,random_forest,firm_core,42,num__roa,roa,financial_ratio,0.03826835012762089,0.03826835012762089
success_resilience_quality_v2_next_4obs,random_forest,firm_core,42,num__roa_lag1,roa_lag1,firm_trend,0.037306989305530974,0.037306989305530974
success_resilience_quality_v2_next_4obs,random_forest,firm_core,42,num__cash_assets,cash_assets,financial_ratio,0.03457904334694029,0.03457904334694029
success_resilience_quality_v2_next_4obs,random_forest,firm_core,42,num__cash_assets_lag1,cash_assets_lag1,firm_trend,0.02843309721747466,0.02843309721747466
success_resilience_quality_v2_next_4obs,random_forest,firm_core,42,num__missingindicator_leverage_assets_change_4obs,leverage_assets_change_4obs,firm_trend,0.027810504046533645,0.027810504046533645
success_resilience_quality_v2_next_4obs,random_forest,firm_core,42,num__missingindicator_total_liabilities_growth_4obs,total_liabilities_growth_4obs,firm_trend,0.01952618659992074,0.01952618659992074
success_resilience_quality_v2_next_4obs,random_forest,firm_core,42,num__total_equity,total_equity,accounting_fundamental,0.017374343184256385,0.017374343184256385
success_resilience_quality_v2_next_4obs,random_forest,firm_core,42,num__net_income,net_income,accounting_fundamental,0.016835003826011337,0.016835003826011337
success_resilience_quality_v2_next_4obs,random_forest,firm_core,42,num__net_income_negative_count_prior_4obs,net_income_negative_count_prior_4obs,firm_trend,0.016628428080804968,0.016628428080804968
success_resilience_quality_v2_next_4obs,random_forest,firm_core,42,num__total_liabilities_growth_4obs,total_liabilities_growth_4obs,firm_trend,0.014242868439631991,0.014242868439631991
success_resilience_quality_v2_next_4obs,random_forest,firm_core,42,num__net_margin,net_margin,financial_ratio,0.014232581090820803,0.014232581090820803
success_resilience_quality_v2_next_4obs,random_forest,firm_core,42,num__cash_equivalents,cash_equivalents,accounting_fundamental,0.013903097561537132,0.013903097561537132
success_resilience_quality_v2_next_4obs,random_forest,firm_core,42,num__operating_income,operating_income,accounting_fundamental,0.011307816087329881,0.011307816087329881
success_resilience_quality_v2_next_4obs,random_forest,firm_core,42,num__leverage_assets_change_4obs,leverage_assets_change_4obs,firm_trend,0.011090773766491799,0.011090773766491799
success_resilience_quality_v2_next_4obs,random_forest,firm_core,42,num__total_assets,total_assets,accounting_fundamental,0.010871866901130109,0.010871866901130109
success_resilience_quality_v2_next_4obs,random_forest,firm_core,42,num__net_margin_lag1,net_margin_lag1,firm_trend,0.010107079445632147,0.010107079445632147
success_resilience_quality_v2_next_4obs,random_forest,firm_core,42,num__operating_margin,operating_margin,financial_ratio,0.008687806567008297,0.008687806567008297
success_resilience_quality_v2_next_4obs,random_forest,firm_core,42,num__current_liabilities,current_liabilities,accounting_fundamental,0.008224015410386415,0.008224015410386415
success_resilience_quality_v2_next_4obs,random_forest,firm_core,42,num__total_revenue,total_revenue,accounting_fundamental,0.007413473205672959,0.007413473205672959
success_resilience_quality_v2_next_4obs,random_forest,firm_core,42,num__current_assets,current_assets,accounting_fundamental,0.007350311769238895,0.007350311769238895
success_resilience_quality_v2_next_4obs,random_forest,firm_core,42,num__current_ratio,current_ratio,financial_ratio,0.007202301558046803,0.007202301558046803
success_resilience_quality_v2_next_4obs,random_forest,firm_core,42,num__current_ratio_lag1,current_ratio_lag1,firm_trend,0.0069725879897321085,0.0069725879897321085
success_resilience_quality_v2_next_4obs,random_forest,firm_core,42,num__operating_margin_lag1,operating_margin_lag1,firm_trend,0.006835802426376756,0.006835802426376756
success_resilience_quality_v2_next_4obs,random_forest,firm_core,42,num__receivables_assets,receivables_assets,financial_ratio,0.00518112218802525,0.00518112218802525
success_resilience_quality_v2_next_4obs,random_forest,firm_core,42,num__capex,capex,accounting_fundamental,0.003943361910374955,0.003943361910374955
success_resilience_quality_v2_next_4obs,random_forest,firm_core,42,num__inventory_assets,inventory_assets,financial_ratio,0.0039059686342876377,0.0039059686342876377
success_resilience_quality_v2_next_4obs,random_forest,firm_core,42,num__missingindicator_operating_margin,operating_margin,financial_ratio,0.0038839838593614055,0.0038839838593614055
success_resilience_quality_v2_next_4obs,random_forest,firm_core,42,num__cash_flow_operating,cash_flow_operating,accounting_fundamental,0.0037484901171682696,0.0037484901171682696
success_resilience_quality_v2_next_4obs,random_forest,firm_core,42,num__total_assets_growth_4obs,total_assets_growth_4obs,firm_trend,0.0037451751947005195,0.0037451751947005195
success_resilience_quality_v2_next_4obs,random_forest,firm_core,42,num__missingindicator_total_revenue,total_revenue,accounting_fundamental,0.00371518288944783,0.00371518288944783
success_resilience_quality_v2_next_4obs,random_forest,firm_core,42,num__missingindicator_operating_margin_lag1,operating_margin_lag1,firm_trend,0.0036119431401143054,0.0036119431401143054
success_resilience_quality_v2_next_4obs,random_forest,firm_core,42,num__missingindicator_net_margin_lag1,net_margin_lag1,firm_trend,0.0035727621756325646,0.0035727621756325646
success_resilience_quality_v2_next_4obs,random_forest,firm_core,42,num__roa_change_4obs,roa_change_4obs,firm_trend,0.0035330845606197096,0.0035330845606197096
success_resilience_quality_v2_next_4obs,gradient_boosting,firm_core,42,num__missingindicator_total_liabilities,total_liabilities,accounting_fundamental,0.3011432629203978,0.3011432629203978
success_resilience_quality_v2_next_4obs,gradient_boosting,firm_core,42,num__equity_assets,equity_assets,financial_ratio,0.15005290683586747,0.15005290683586747
success_resilience_quality_v2_next_4obs,gradient_boosting,firm_core,42,num__missingindicator_leverage_assets,leverage_assets,financial_ratio,0.12700769278308915,0.12700769278308915
success_resilience_quality_v2_next_4obs,gradient_boosting,firm_core,42,num__roa,roa,financial_ratio,0.08485223146468633,0.08485223146468633
success_resilience_quality_v2_next_4obs,gradient_boosting,firm_core,42,num__leverage_assets,leverage_assets,financial_ratio,0.06777455176805773,0.06777455176805773
success_resilience_quality_v2_next_4obs,gradient_boosting,firm_core,42,num__cash_assets,cash_assets,financial_ratio,0.05231961627741612,0.05231961627741612
success_resilience_quality_v2_next_4obs,gradient_boosting,firm_core,42,num__roa_lag1,roa_lag1,firm_trend,0.05061876846661054,0.05061876846661054
success_resilience_quality_v2_next_4obs,gradient_boosting,firm_core,42,num__leverage_assets_lag1,leverage_assets_lag1,firm_trend,0.034720407985633736,0.034720407985633736
success_resilience_quality_v2_next_4obs,gradient_boosting,firm_core,42,num__cash_assets_lag1,cash_assets_lag1,firm_trend,0.030727130436700358,0.030727130436700358
success_resilience_quality_v2_next_4obs,gradient_boosting,firm_core,42,num__net_income_negative_count_prior_4obs,net_income_negative_count_prior_4obs,firm_trend,0.026398297089647575,0.026398297089647575
success_resilience_quality_v2_next_4obs,gradient_boosting,firm_core,42,num__missingindicator_leverage_assets_lag1,leverage_assets_lag1,firm_trend,0.013162220712615498,0.013162220712615498
success_resilience_quality_v2_next_4obs,gradient_boosting,firm_core,42,num__operating_income,operating_income,accounting_fundamental,0.0116384085258402,0.0116384085258402
success_resilience_quality_v2_next_4obs,gradient_boosting,firm_core,42,num__missingindicator_operating_margin,operating_margin,financial_ratio,0.006735640942566758,0.006735640942566758
success_resilience_quality_v2_next_4obs,gradient_boosting,firm_core,42,num__current_assets,current_assets,accounting_fundamental,0.004927035431611215,0.004927035431611215
success_resilience_quality_v2_next_4obs,gradient_boosting,firm_core,42,num__total_liabilities,total_liabilities,accounting_fundamental,0.004202310447641327,0.004202310447641327
success_resilience_quality_v2_next_4obs,gradient_boosting,firm_core,42,num__missingindicator_net_margin,net_margin,financial_ratio,0.003172723793043678,0.003172723793043678
success_resilience_quality_v2_next_4obs,gradient_boosting,firm_core,42,num__missingindicator_operating_income,operating_income,accounting_fundamental,0.003076596918937852,0.003076596918937852
success_resilience_quality_v2_next_4obs,gradient_boosting,firm_core,42,num__net_income,net_income,accounting_fundamental,0.0029685435108523783,0.0029685435108523783
success_resilience_quality_v2_next_4obs,gradient_boosting,firm_core,42,cat__Sector_Industrials,Sector_Industrials,sector,0.0020734899331474703,0.0020734899331474703
success_resilience_quality_v2_next_4obs,gradient_boosting,firm_core,42,num__receivables_assets,receivables_assets,financial_ratio,0.0019760715225041357,0.0019760715225041357
success_resilience_quality_v2_next_4obs,gradient_boosting,firm_core,42,num__net_margin,net_margin,financial_ratio,0.0019111699185867974,0.0019111699185867974
success_resilience_quality_v2_next_4obs,gradient_boosting,firm_core,42,num__inventory_assets,inventory_assets,financial_ratio,0.0015137061301937023,0.0015137061301937023
success_resilience_quality_v2_next_4obs,gradient_boosting,firm_core,42,num__current_liabilities,current_liabilities,accounting_fundamental,0.001505131791965402,0.001505131791965402
success_resilience_quality_v2_next_4obs,gradient_boosting,firm_core,42,num__total_equity,total_equity,accounting_fundamental,0.0014904361585215435,0.0014904361585215435
success_resilience_quality_v2_next_4obs,gradient_boosting,firm_core,42,num__operating_margin_lag1,operating_margin_lag1,firm_trend,0.00145794744074857,0.00145794744074857
success_resilience_quality_v2_next_4obs,gradient_boosting,firm_core,42,num__total_assets,total_assets,accounting_fundamental,0.0012444867085861443,0.0012444867085861443
success_resilience_quality_v2_next_4obs,gradient_boosting,firm_core,42,num__operating_margin,operating_margin,financial_ratio,0.0010568074214738936,0.0010568074214738936
success_resilience_quality_v2_next_4obs,gradient_boosting,firm_core,42,num__cash_equivalents,cash_equivalents,accounting_fundamental,0.000959203125270562,0.000959203125270562
success_resilience_quality_v2_next_4obs,gradient_boosting,firm_core,42,num__net_margin_lag1,net_margin_lag1,firm_trend,0.0008650445471718132,0.0008650445471718132
success_resilience_quality_v2_next_4obs,gradient_boosting,firm_core,42,num__gross_margin,gross_margin,financial_ratio,0.0006962272454677874,0.0006962272454677874
success_resilience_quality_v2_next_4obs,gradient_boosting,firm_core,42,num__gross_profit,gross_profit,accounting_fundamental,0.0006344035087897247,0.0006344035087897247
success_resilience_quality_v2_next_4obs,gradient_boosting,firm_core,42,num__missingindicator_gross_profit,gross_profit,accounting_fundamental,0.0005635961541530785,0.0005635961541530785
success_resilience_quality_v2_next_4obs,gradient_boosting,firm_core,42,num__current_ratio_lag1,current_ratio_lag1,firm_trend,0.0005522514962368963,0.0005522514962368963
success_resilience_quality_v2_next_4obs,gradient_boosting,firm_core,42,num__missingindicator_net_income,net_income,accounting_fundamental,0.0004467471290182042,0.0004467471290182042
success_resilience_quality_v2_next_4obs,gradient_boosting,firm_core,42,cat__Sector_Utilities,Sector_Utilities,sector,0.0004191608960724144,0.0004191608960724144
success_resilience_quality_v2_next_4obs,gradient_boosting,firm_core,42,num__total_liabilities_growth_4obs,total_liabilities_growth_4obs,firm_trend,0.00041567915884762355,0.00041567915884762355
success_resilience_quality_v2_next_4obs,gradient_boosting,firm_core,42,num__missingindicator_leverage_assets_change_4obs,leverage_assets_change_4obs,firm_trend,0.0003921534443737909,0.0003921534443737909
success_resilience_quality_v2_next_4obs,gradient_boosting,firm_core,42,cat__Sector_Basic Materials,Sector_Basic Materials,sector,0.0003851016921574075,0.0003851016921574075
success_resilience_quality_v2_next_4obs,gradient_boosting,firm_core,42,num__missingindicator_total_liabilities_growth_4obs,total_liabilities_growth_4obs,firm_trend,0.0003660519103776167,0.0003660519103776167
success_resilience_quality_v2_next_4obs,gradient_boosting,firm_core,42,num__r_and_d_intensity,r_and_d_intensity,financial_ratio,0.0003376807886613323,0.0003376807886613323
success_resilience_quality_v2_next_4obs,logistic_l2,ratios_trends_only,42,num__leverage_assets_lag1,leverage_assets_lag1,firm_trend,3.148525367447698,-3.148525367447698
success_resilience_quality_v2_next_4obs,logistic_l2,ratios_trends_only,42,num__missingindicator_leverage_assets,leverage_assets,financial_ratio,2.304920714484069,-2.304920714484069
success_resilience_quality_v2_next_4obs,logistic_l2,ratios_trends_only,42,num__missingindicator_total_liabilities_growth_4obs,total_liabilities_growth_4obs,firm_trend,2.194101514801312,-2.194101514801312
success_resilience_quality_v2_next_4obs,logistic_l2,ratios_trends_only,42,num__missingindicator_leverage_assets_change_4obs,leverage_assets_change_4obs,firm_trend,2.0118330342082094,2.0118330342082094
success_resilience_quality_v2_next_4obs,logistic_l2,ratios_trends_only,42,cat__Sector_Basic Materials,Sector_Basic Materials,sector,1.9246638673357774,1.9246638673357774
success_resilience_quality_v2_next_4obs,logistic_l2,ratios_trends_only,42,cat__Sector_Utilities,Sector_Utilities,sector,1.6158220556715277,-1.6158220556715277
success_resilience_quality_v2_next_4obs,logistic_l2,ratios_trends_only,42,cat__Sector_Consumer Discretionary,Sector_Consumer Discretionary,sector,1.5034717542577225,1.5034717542577225
success_resilience_quality_v2_next_4obs,logistic_l2,ratios_trends_only,42,cat__Sector_Agriculture,Sector_Agriculture,sector,1.4310125612498887,-1.4310125612498887
success_resilience_quality_v2_next_4obs,logistic_l2,ratios_trends_only,42,cat__Sector_Energy,Sector_Energy,sector,1.0834801216618273,-1.0834801216618273
success_resilience_quality_v2_next_4obs,logistic_l2,ratios_trends_only,42,num__r_and_d_intensity,r_and_d_intensity,financial_ratio,1.0132568896329575,-1.0132568896329575
success_resilience_quality_v2_next_4obs,logistic_l2,ratios_trends_only,42,num__leverage_assets,leverage_assets,financial_ratio,0.9971909488264963,-0.9971909488264963
success_resilience_quality_v2_next_4obs,logistic_l2,ratios_trends_only,42,num__missingindicator_current_liabilities_growth_4obs,current_liabilities_growth_4obs,firm_trend,0.896427031310049,-0.896427031310049
success_resilience_quality_v2_next_4obs,logistic_l2,ratios_trends_only,42,num__net_income_negative_count_prior_4obs,net_income_negative_count_prior_4obs,firm_trend,0.8944041641129897,-0.8944041641129897
success_resilience_quality_v2_next_4obs,logistic_l2,ratios_trends_only,42,cat__Sector_Real Estate,Sector_Real Estate,sector,0.8286580701639473,-0.8286580701639473
success_resilience_quality_v2_next_4obs,logistic_l2,ratios_trends_only,42,num__roa_lag1,roa_lag1,firm_trend,0.824984178794584,0.824984178794584
success_resilience_quality_v2_next_4obs,logistic_l2,ratios_trends_only,42,num__equity_assets,equity_assets,financial_ratio,0.7719115856322495,0.7719115856322495
success_resilience_quality_v2_next_4obs,logistic_l2,ratios_trends_only,42,num__missingindicator_current_ratio_change_4obs,current_ratio_change_4obs,firm_trend,0.7394086647237198,0.7394086647237198
success_resilience_quality_v2_next_4obs,logistic_l2,ratios_trends_only,42,cat__Sector_Financial Services,Sector_Financial Services,sector,0.6257573452129483,-0.6257573452129483
success_resilience_quality_v2_next_4obs,logistic_l2,ratios_trends_only,42,num__missingindicator_total_assets_growth_4obs,total_assets_growth_4obs,firm_trend,0.6229682530201734,0.6229682530201734
success_resilience_quality_v2_next_4obs,logistic_l2,ratios_trends_only,42,num__missingindicator_leverage_assets_lag1,leverage_assets_lag1,firm_trend,0.6216538786341719,-0.6216538786341719
success_resilience_quality_v2_next_4obs,logistic_l2,ratios_trends_only,42,num__roa,roa,financial_ratio,0.6036700334879951,0.6036700334879951
success_resilience_quality_v2_next_4obs,logistic_l2,ratios_trends_only,42,cat__Sector_Technology,Sector_Technology,sector,0.6016123729259771,0.6016123729259771
success_resilience_quality_v2_next_4obs,logistic_l2,ratios_trends_only,42,cat__Sector_Industrials,Sector_Industrials,sector,0.5022410558065643,0.5022410558065643
success_resilience_quality_v2_next_4obs,logistic_l2,ratios_trends_only,42,num__missingindicator_cash_assets_change_4obs,cash_assets_change_4obs,firm_trend,0.4364361113014167,-0.4364361113014167
success_resilience_quality_v2_next_4obs,logistic_l2,ratios_trends_only,42,num__operating_margin,operating_margin,financial_ratio,0.4149112515858657,0.4149112515858657
success_resilience_quality_v2_next_4obs,logistic_l2,ratios_trends_only,42,num__missingindicator_roa_change_4obs,roa_change_4obs,firm_trend,0.3654810381003036,-0.3654810381003036
success_resilience_quality_v2_next_4obs,logistic_l2,ratios_trends_only,42,num__leverage_assets_change_4obs,leverage_assets_change_4obs,firm_trend,0.359029473142131,0.359029473142131
success_resilience_quality_v2_next_4obs,logistic_l2,ratios_trends_only,42,num__missingindicator_gross_margin,gross_margin,financial_ratio,0.33008947774839764,0.33008947774839764
success_resilience_quality_v2_next_4obs,logistic_l2,ratios_trends_only,42,num__missingindicator_cash_assets,cash_assets,financial_ratio,0.30106364391300355,0.30106364391300355
success_resilience_quality_v2_next_4obs,logistic_l2,ratios_trends_only,42,num__missingindicator_current_ratio,current_ratio,financial_ratio,0.2923337262403611,-0.2923337262403611
success_resilience_quality_v2_next_4obs,logistic_l2,ratios_trends_only,42,cat__Sector_Communication Services,Sector_Communication Services,sector,0.29110824512397104,-0.29110824512397104
success_resilience_quality_v2_next_4obs,logistic_l2,ratios_trends_only,42,num__net_margin_change_4obs,net_margin_change_4obs,firm_trend,0.27348567043344524,0.27348567043344524
success_resilience_quality_v2_next_4obs,logistic_l2,ratios_trends_only,42,num__missingindicator_operating_margin,operating_margin,financial_ratio,0.2709765681508579,-0.2709765681508579
success_resilience_quality_v2_next_4obs,logistic_l2,ratios_trends_only,42,num__missingindicator_gross_margin_lag1,gross_margin_lag1,firm_trend,0.2663730672741051,0.2663730672741051
success_resilience_quality_v2_next_4obs,logistic_l2,ratios_trends_only,42,num__roa_change_4obs,roa_change_4obs,firm_trend,0.25027781092903323,0.25027781092903323
success_resilience_quality_v2_next_4obs,logistic_l2,ratios_trends_only,42,num__missingindicator_receivables_assets,receivables_assets,financial_ratio,0.2491362015467756,0.2491362015467756
success_resilience_quality_v2_next_4obs,logistic_l2,ratios_trends_only,42,num__net_margin_lag1,net_margin_lag1,firm_trend,0.2488739258776825,0.2488739258776825
success_resilience_quality_v2_next_4obs,logistic_l2,ratios_trends_only,42,num__missingindicator_cash_equivalents_growth_4obs,cash_equivalents_growth_4obs,firm_trend,0.23833296127555267,0.23833296127555267
success_resilience_quality_v2_next_4obs,logistic_l2,ratios_trends_only,42,num__missingindicator_net_margin,net_margin,financial_ratio,0.22206686160795705,-0.22206686160795705
success_resilience_quality_v2_next_4obs,logistic_l2,ratios_trends_only,42,num__current_ratio,current_ratio,financial_ratio,0.222058734107531,-0.222058734107531
success_resilience_quality_v2_next_4obs,random_forest,ratios_trends_only,42,num__missingindicator_leverage_assets,leverage_assets,financial_ratio,0.11615434267457247,0.11615434267457247
success_resilience_quality_v2_next_4obs,random_forest,ratios_trends_only,42,num__leverage_assets,leverage_assets,financial_ratio,0.1100230842962612,0.1100230842962612
success_resilience_quality_v2_next_4obs,random_forest,ratios_trends_only,42,num__leverage_assets_lag1,leverage_assets_lag1,firm_trend,0.07848171371355099,0.07848171371355099
success_resilience_quality_v2_next_4obs,random_forest,ratios_trends_only,42,num__missingindicator_leverage_assets_lag1,leverage_assets_lag1,firm_trend,0.0750013519236809,0.0750013519236809
success_resilience_quality_v2_next_4obs,random_forest,ratios_trends_only,42,num__equity_assets,equity_assets,financial_ratio,0.06937145416483051,0.06937145416483051
success_resilience_quality_v2_next_4obs,random_forest,ratios_trends_only,42,num__roa,roa,financial_ratio,0.05109414871604646,0.05109414871604646
success_resilience_quality_v2_next_4obs,random_forest,ratios_trends_only,42,num__missingindicator_leverage_assets_change_4obs,leverage_assets_change_4obs,firm_trend,0.049736283036185165,0.049736283036185165
success_resilience_quality_v2_next_4obs,random_forest,ratios_trends_only,42,num__missingindicator_total_liabilities_growth_4obs,total_liabilities_growth_4obs,firm_trend,0.046617397113118304,0.046617397113118304
success_resilience_quality_v2_next_4obs,random_forest,ratios_trends_only,42,num__cash_assets,cash_assets,financial_ratio,0.0444448341120673,0.0444448341120673
success_resilience_quality_v2_next_4obs,random_forest,ratios_trends_only,42,num__roa_lag1,roa_lag1,firm_trend,0.04221650462958128,0.04221650462958128
success_resilience_quality_v2_next_4obs,random_forest,ratios_trends_only,42,num__cash_assets_lag1,cash_assets_lag1,firm_trend,0.03274961748826399,0.03274961748826399
success_resilience_quality_v2_next_4obs,random_forest,ratios_trends_only,42,num__net_income_negative_count_prior_4obs,net_income_negative_count_prior_4obs,firm_trend,0.023066045018175926,0.023066045018175926
success_resilience_quality_v2_next_4obs,random_forest,ratios_trends_only,42,num__leverage_assets_change_4obs,leverage_assets_change_4obs,firm_trend,0.018055205550316974,0.018055205550316974
success_resilience_quality_v2_next_4obs,random_forest,ratios_trends_only,42,num__net_margin,net_margin,financial_ratio,0.016550603310245108,0.016550603310245108
success_resilience_quality_v2_next_4obs,random_forest,ratios_trends_only,42,num__total_liabilities_growth_4obs,total_liabilities_growth_4obs,firm_trend,0.016453802358889637,0.016453802358889637
success_resilience_quality_v2_next_4obs,random_forest,ratios_trends_only,42,num__net_margin_lag1,net_margin_lag1,firm_trend,0.014150893754494106,0.014150893754494106
success_resilience_quality_v2_next_4obs,random_forest,ratios_trends_only,42,num__operating_margin,operating_margin,financial_ratio,0.013154058401254129,0.013154058401254129
success_resilience_quality_v2_next_4obs,random_forest,ratios_trends_only,42,num__operating_margin_lag1,operating_margin_lag1,firm_trend,0.010312330652979434,0.010312330652979434
success_resilience_quality_v2_next_4obs,random_forest,ratios_trends_only,42,num__current_ratio,current_ratio,financial_ratio,0.010181453922177187,0.010181453922177187
success_resilience_quality_v2_next_4obs,random_forest,ratios_trends_only,42,num__current_ratio_lag1,current_ratio_lag1,firm_trend,0.009750616251466554,0.009750616251466554
success_resilience_quality_v2_next_4obs,random_forest,ratios_trends_only,42,num__receivables_assets,receivables_assets,financial_ratio,0.007277748030111029,0.007277748030111029
success_resilience_quality_v2_next_4obs,random_forest,ratios_trends_only,42,num__missingindicator_net_margin,net_margin,financial_ratio,0.006002077385668339,0.006002077385668339
success_resilience_quality_v2_next_4obs,random_forest,ratios_trends_only,42,num__total_assets_growth_4obs,total_assets_growth_4obs,firm_trend,0.005962678129535931,0.005962678129535931
success_resilience_quality_v2_next_4obs,random_forest,ratios_trends_only,42,num__roa_change_4obs,roa_change_4obs,firm_trend,0.0057936162260985745,0.0057936162260985745
success_resilience_quality_v2_next_4obs,random_forest,ratios_trends_only,42,num__missingindicator_operating_margin_lag1,operating_margin_lag1,firm_trend,0.005678800969856385,0.005678800969856385
success_resilience_quality_v2_next_4obs,random_forest,ratios_trends_only,42,num__missingindicator_operating_margin,operating_margin,financial_ratio,0.005347747415762702,0.005347747415762702
success_resilience_quality_v2_next_4obs,random_forest,ratios_trends_only,42,num__inventory_assets,inventory_assets,financial_ratio,0.005273578808900844,0.005273578808900844
success_resilience_quality_v2_next_4obs,random_forest,ratios_trends_only,42,num__missingindicator_net_margin_lag1,net_margin_lag1,firm_trend,0.004973175465245236,0.004973175465245236
success_resilience_quality_v2_next_4obs,random_forest,ratios_trends_only,42,num__cash_assets_change_4obs,cash_assets_change_4obs,firm_trend,0.004899159160495867,0.004899159160495867
success_resilience_quality_v2_next_4obs,random_forest,ratios_trends_only,42,num__cash_equivalents_growth_4obs,cash_equivalents_growth_4obs,firm_trend,0.004675210072168219,0.004675210072168219
success_resilience_quality_v2_next_4obs,random_forest,ratios_trends_only,42,num__net_margin_change_4obs,net_margin_change_4obs,firm_trend,0.004674226639443439,0.004674226639443439
success_resilience_quality_v2_next_4obs,random_forest,ratios_trends_only,42,num__total_revenue_growth_4obs,total_revenue_growth_4obs,firm_trend,0.00464746887645076,0.00464746887645076
success_resilience_quality_v2_next_4obs,random_forest,ratios_trends_only,42,num__current_assets_growth_4obs,current_assets_growth_4obs,firm_trend,0.004344287148311818,0.004344287148311818
success_resilience_quality_v2_next_4obs,random_forest,ratios_trends_only,42,num__current_liabilities_growth_4obs,current_liabilities_growth_4obs,firm_trend,0.004075956940008441,0.004075956940008441
success_resilience_quality_v2_next_4obs,random_forest,ratios_trends_only,42,num__missingindicator_current_ratio_change_4obs,current_ratio_change_4obs,firm_trend,0.003769711469572449,0.003769711469572449
success_resilience_quality_v2_next_4obs,random_forest,ratios_trends_only,42,num__missingindicator_current_assets_growth_4obs,current_assets_growth_4obs,firm_trend,0.0036839222298352247,0.0036839222298352247
success_resilience_quality_v2_next_4obs,random_forest,ratios_trends_only,42,num__missingindicator_total_assets_growth_4obs,total_assets_growth_4obs,firm_trend,0.0035795353756668327,0.0035795353756668327
success_resilience_quality_v2_next_4obs,random_forest,ratios_trends_only,42,cat__Sector_Utilities,Sector_Utilities,sector,0.0035762591908376313,0.0035762591908376313
success_resilience_quality_v2_next_4obs,random_forest,ratios_trends_only,42,num__missingindicator_operating_margin_change_4obs,operating_margin_change_4obs,firm_trend,0.003567925194780192,0.003567925194780192
success_resilience_quality_v2_next_4obs,random_forest,ratios_trends_only,42,num__missingindicator_roa_change_4obs,roa_change_4obs,firm_trend,0.0034749170435225377,0.0034749170435225377
success_resilience_quality_v2_next_4obs,gradient_boosting,ratios_trends_only,42,num__missingindicator_leverage_assets,leverage_assets,financial_ratio,0.43112775826879646,0.43112775826879646
success_resilience_quality_v2_next_4obs,gradient_boosting,ratios_trends_only,42,num__equity_assets,equity_assets,financial_ratio,0.15085753445827432,0.15085753445827432
success_resilience_quality_v2_next_4obs,gradient_boosting,ratios_trends_only,42,num__roa,roa,financial_ratio,0.09155882254562385,0.09155882254562385
success_resilience_quality_v2_next_4obs,gradient_boosting,ratios_trends_only,42,num__leverage_assets,leverage_assets,financial_ratio,0.06702447965739287,0.06702447965739287
success_resilience_quality_v2_next_4obs,gradient_boosting,ratios_trends_only,42,num__roa_lag1,roa_lag1,firm_trend,0.051947160034781475,0.051947160034781475
success_resilience_quality_v2_next_4obs,gradient_boosting,ratios_trends_only,42,num__cash_assets,cash_assets,financial_ratio,0.051227998581132195,0.051227998581132195
success_resilience_quality_v2_next_4obs,gradient_boosting,ratios_trends_only,42,num__leverage_assets_lag1,leverage_assets_lag1,firm_trend,0.036972622091815247,0.036972622091815247
success_resilience_quality_v2_next_4obs,gradient_boosting,ratios_trends_only,42,num__cash_assets_lag1,cash_assets_lag1,firm_trend,0.03295400534676319,0.03295400534676319
success_resilience_quality_v2_next_4obs,gradient_boosting,ratios_trends_only,42,num__net_income_negative_count_prior_4obs,net_income_negative_count_prior_4obs,firm_trend,0.02973210951249498,0.02973210951249498
success_resilience_quality_v2_next_4obs,gradient_boosting,ratios_trends_only,42,num__missingindicator_leverage_assets_lag1,leverage_assets_lag1,firm_trend,0.013427134272021142,0.013427134272021142
success_resilience_quality_v2_next_4obs,gradient_boosting,ratios_trends_only,42,num__missingindicator_operating_margin,operating_margin,financial_ratio,0.010907756518749047,0.010907756518749047
success_resilience_quality_v2_next_4obs,gradient_boosting,ratios_trends_only,42,num__operating_margin,operating_margin,financial_ratio,0.00613529311900017,0.00613529311900017
success_resilience_quality_v2_next_4obs,gradient_boosting,ratios_trends_only,42,cat__Sector_Industrials,Sector_Industrials,sector,0.002521977610126452,0.002521977610126452
success_resilience_quality_v2_next_4obs,gradient_boosting,ratios_trends_only,42,num__net_margin,net_margin,financial_ratio,0.002497457180840531,0.002497457180840531
success_resilience_quality_v2_next_4obs,gradient_boosting,ratios_trends_only,42,num__missingindicator_net_margin,net_margin,financial_ratio,0.0024610598508279413,0.0024610598508279413
success_resilience_quality_v2_next_4obs,gradient_boosting,ratios_trends_only,42,num__receivables_assets,receivables_assets,financial_ratio,0.0020819821642830065,0.0020819821642830065
success_resilience_quality_v2_next_4obs,gradient_boosting,ratios_trends_only,42,num__gross_margin,gross_margin,financial_ratio,0.0017798857844568794,0.0017798857844568794
success_resilience_quality_v2_next_4obs,gradient_boosting,ratios_trends_only,42,num__operating_margin_lag1,operating_margin_lag1,firm_trend,0.0016041217824386434,0.0016041217824386434
success_resilience_quality_v2_next_4obs,gradient_boosting,ratios_trends_only,42,num__inventory_assets,inventory_assets,financial_ratio,0.0014318079191342622,0.0014318079191342622
success_resilience_quality_v2_next_4obs,gradient_boosting,ratios_trends_only,42,cat__Sector_Utilities,Sector_Utilities,sector,0.0010519717453023065,0.0010519717453023065
success_resilience_quality_v2_next_4obs,gradient_boosting,ratios_trends_only,42,cat__Sector_Basic Materials,Sector_Basic Materials,sector,0.0009217185190863897,0.0009217185190863897
success_resilience_quality_v2_next_4obs,gradient_boosting,ratios_trends_only,42,num__total_liabilities_growth_4obs,total_liabilities_growth_4obs,firm_trend,0.0008477384168676525,0.0008477384168676525
success_resilience_quality_v2_next_4obs,gradient_boosting,ratios_trends_only,42,num__current_ratio_lag1,current_ratio_lag1,firm_trend,0.0008015473434000848,0.0008015473434000848
success_resilience_quality_v2_next_4obs,gradient_boosting,ratios_trends_only,42,num__net_margin_lag1,net_margin_lag1,firm_trend,0.0007173651128772659,0.0007173651128772659
success_resilience_quality_v2_next_4obs,gradient_boosting,ratios_trends_only,42,num__missingindicator_roa,roa,financial_ratio,0.0006846932471074774,0.0006846932471074774
success_resilience_quality_v2_next_4obs,gradient_boosting,ratios_trends_only,42,num__missingindicator_total_liabilities_growth_4obs,total_liabilities_growth_4obs,firm_trend,0.0006803183681000381,0.0006803183681000381
success_resilience_quality_v2_next_4obs,gradient_boosting,ratios_trends_only,42,num__missingindicator_operating_margin_lag1,operating_margin_lag1,firm_trend,0.00048820849185237254,0.00048820849185237254
success_resilience_quality_v2_next_4obs,gradient_boosting,ratios_trends_only,42,num__gross_margin_lag1,gross_margin_lag1,firm_trend,0.0003802435645767016,0.0003802435645767016
success_resilience_quality_v2_next_4obs,gradient_boosting,ratios_trends_only,42,num__current_ratio,current_ratio,financial_ratio,0.0003592366152885873,0.0003592366152885873
success_resilience_quality_v2_next_4obs,gradient_boosting,ratios_trends_only,42,num__total_assets_growth_4obs,total_assets_growth_4obs,firm_trend,0.0003044664653353583,0.0003044664653353583
success_resilience_quality_v2_next_4obs,gradient_boosting,ratios_trends_only,42,num__missingindicator_leverage_assets_change_4obs,leverage_assets_change_4obs,firm_trend,0.00028489776388162554,0.00028489776388162554
success_resilience_quality_v2_next_4obs,gradient_boosting,ratios_trends_only,42,num__r_and_d_intensity,r_and_d_intensity,financial_ratio,0.0002819044285630575,0.0002819044285630575
success_resilience_quality_v2_next_4obs,gradient_boosting,ratios_trends_only,42,num__leverage_assets_change_4obs,leverage_assets_change_4obs,firm_trend,0.0002804903811568682,0.0002804903811568682
success_resilience_quality_v2_next_4obs,gradient_boosting,ratios_trends_only,42,num__cash_assets_change_4obs,cash_assets_change_4obs,firm_trend,0.0002651930883809742,0.0002651930883809742
success_resilience_quality_v2_next_4obs,gradient_boosting,ratios_trends_only,42,num__operating_margin_change_4obs,operating_margin_change_4obs,firm_trend,0.0002594425459153618,0.0002594425459153618
success_resilience_quality_v2_next_4obs,gradient_boosting,ratios_trends_only,42,num__missingindicator_cash_assets_change_4obs,cash_assets_change_4obs,firm_trend,0.00025785688198531973,0.00025785688198531973
success_resilience_quality_v2_next_4obs,gradient_boosting,ratios_trends_only,42,cat__Sector_Communication Services,Sector_Communication Services,sector,0.0002122512109424558,0.0002122512109424558
success_resilience_quality_v2_next_4obs,gradient_boosting,ratios_trends_only,42,num__current_ratio_change_4obs,current_ratio_change_4obs,firm_trend,0.00021067925389417323,0.00021067925389417323
success_resilience_quality_v2_next_4obs,gradient_boosting,ratios_trends_only,42,num__missingindicator_gross_margin_change_4obs,gross_margin_change_4obs,firm_trend,0.0001939363661692034,0.0001939363661692034
success_resilience_quality_v2_next_4obs,gradient_boosting,ratios_trends_only,42,num__current_assets_growth_4obs,current_assets_growth_4obs,firm_trend,0.0001890009561643005,0.0001890009561643005
success_resilience_quality_v2_next_4obs,logistic_l2,raw_accounting_only,42,num__missingindicator_total_liabilities,total_liabilities,accounting_fundamental,3.266076091436808,-3.266076091436808
success_resilience_quality_v2_next_4obs,logistic_l2,raw_accounting_only,42,num__total_assets,total_assets,accounting_fundamental,3.2238320406724266,-3.2238320406724266
success_resilience_quality_v2_next_4obs,logistic_l2,raw_accounting_only,42,cat__Sector_Basic Materials,Sector_Basic Materials,sector,1.8101696888024392,1.8101696888024392
success_resilience_quality_v2_next_4obs,logistic_l2,raw_accounting_only,42,num__total_equity,total_equity,accounting_fundamental,1.7965109056233948,1.7965109056233948
success_resilience_quality_v2_next_4obs,logistic_l2,raw_accounting_only,42,cat__Sector_Consumer Discretionary,Sector_Consumer Discretionary,sector,1.4426241610122534,1.4426241610122534
success_resilience_quality_v2_next_4obs,logistic_l2,raw_accounting_only,42,cat__Sector_Utilities,Sector_Utilities,sector,1.4392809871333851,-1.4392809871333851
success_resilience_quality_v2_next_4obs,logistic_l2,raw_accounting_only,42,cat__Sector_Energy,Sector_Energy,sector,1.0612791977342906,-1.0612791977342906
success_resilience_quality_v2_next_4obs,logistic_l2,raw_accounting_only,42,num__total_liabilities,total_liabilities,accounting_fundamental,0.927947718444702,-0.927947718444702
success_resilience_quality_v2_next_4obs,logistic_l2,raw_accounting_only,42,cat__Sector_Communication Services,Sector_Communication Services,sector,0.8884917939711907,-0.8884917939711907
success_resilience_quality_v2_next_4obs,logistic_l2,raw_accounting_only,42,num__current_liabilities,current_liabilities,accounting_fundamental,0.8878690899918296,-0.8878690899918296
success_resilience_quality_v2_next_4obs,logistic_l2,raw_accounting_only,42,num__cash_equivalents,cash_equivalents,accounting_fundamental,0.7838489904972967,0.7838489904972967
success_resilience_quality_v2_next_4obs,logistic_l2,raw_accounting_only,42,cat__Sector_Healthcare,Sector_Healthcare,sector,0.7333389200700582,-0.7333389200700582
success_resilience_quality_v2_next_4obs,logistic_l2,raw_accounting_only,42,cat__Sector_Real Estate,Sector_Real Estate,sector,0.6819122161406155,-0.6819122161406155
success_resilience_quality_v2_next_4obs,logistic_l2,raw_accounting_only,42,cat__Sector_Consumer Defensive,Sector_Consumer Defensive,sector,0.5834401680001484,-0.5834401680001484
success_resilience_quality_v2_next_4obs,logistic_l2,raw_accounting_only,42,cat__Sector_Technology,Sector_Technology,sector,0.5753721268327642,0.5753721268327642
success_resilience_quality_v2_next_4obs,logistic_l2,raw_accounting_only,42,cat__Sector_Industrials,Sector_Industrials,sector,0.5477275576688271,0.5477275576688271
success_resilience_quality_v2_next_4obs,logistic_l2,raw_accounting_only,42,num__current_assets,current_assets,accounting_fundamental,0.46650168650991264,0.46650168650991264
success_resilience_quality_v2_next_4obs,logistic_l2,raw_accounting_only,42,num__total_revenue,total_revenue,accounting_fundamental,0.45240226632766034,0.45240226632766034
success_resilience_quality_v2_next_4obs,logistic_l2,raw_accounting_only,42,num__net_income,net_income,accounting_fundamental,0.388077994348449,0.388077994348449
success_resilience_quality_v2_next_4obs,logistic_l2,raw_accounting_only,42,num__missingindicator_operating_income,operating_income,accounting_fundamental,0.3721811127577569,-0.3721811127577569
success_resilience_quality_v2_next_4obs,logistic_l2,raw_accounting_only,42,cat__Sector_Agriculture,Sector_Agriculture,sector,0.35221173630109354,-0.35221173630109354
success_resilience_quality_v2_next_4obs,logistic_l2,raw_accounting_only,42,num__missingindicator_total_revenue,total_revenue,accounting_fundamental,0.32289711240433466,-0.32289711240433466
success_resilience_quality_v2_next_4obs,logistic_l2,raw_accounting_only,42,cat__Sector_Financial Services,Sector_Financial Services,sector,0.29219451267533664,-0.29219451267533664
success_resilience_quality_v2_next_4obs,logistic_l2,raw_accounting_only,42,num__missingindicator_cash_equivalents,cash_equivalents,accounting_fundamental,0.28328314552556094,0.28328314552556094
success_resilience_quality_v2_next_4obs,logistic_l2,raw_accounting_only,42,num__missingindicator_total_assets,total_assets,accounting_fundamental,0.2528418794675459,0.2528418794675459
success_resilience_quality_v2_next_4obs,logistic_l2,raw_accounting_only,42,num__capex,capex,accounting_fundamental,0.15899766178823485,-0.15899766178823485
success_resilience_quality_v2_next_4obs,logistic_l2,raw_accounting_only,42,num__gross_profit,gross_profit,accounting_fundamental,0.1138641828779038,-0.1138641828779038
success_resilience_quality_v2_next_4obs,logistic_l2,raw_accounting_only,42,num__missingindicator_gross_profit,gross_profit,accounting_fundamental,0.10909875183678705,0.10909875183678705
success_resilience_quality_v2_next_4obs,logistic_l2,raw_accounting_only,42,num__missingindicator_capex,capex,accounting_fundamental,0.09424969836883952,-0.09424969836883952
success_resilience_quality_v2_next_4obs,logistic_l2,raw_accounting_only,42,num__cash_flow_operating,cash_flow_operating,accounting_fundamental,0.08616720779516832,0.08616720779516832
success_resilience_quality_v2_next_4obs,logistic_l2,raw_accounting_only,42,num__operating_income,operating_income,accounting_fundamental,0.0848129159454272,0.0848129159454272
success_resilience_quality_v2_next_4obs,logistic_l2,raw_accounting_only,42,num__missingindicator_net_income,net_income,accounting_fundamental,0.07050281707643744,-0.07050281707643744
success_resilience_quality_v2_next_4obs,logistic_l2,raw_accounting_only,42,cat__Sector_Consumer Cyclical,Sector_Consumer Cyclical,sector,0.041212917160507845,0.041212917160507845
success_resilience_quality_v2_next_4obs,logistic_l2,raw_accounting_only,42,num__missingindicator_cash_flow_operating,cash_flow_operating,accounting_fundamental,0.025264406645739697,-0.025264406645739697
success_resilience_quality_v2_next_4obs,logistic_l2,raw_accounting_only,42,num__missingindicator_current_liabilities,current_liabilities,accounting_fundamental,0.011395211840231033,-0.011395211840231033
success_resilience_quality_v2_next_4obs,logistic_l2,raw_accounting_only,42,num__missingindicator_total_equity,total_equity,accounting_fundamental,0.008064090783796071,0.008064090783796071
success_resilience_quality_v2_next_4obs,logistic_l2,raw_accounting_only,42,num__missingindicator_current_assets,current_assets,accounting_fundamental,0.0017976310261749152,-0.0017976310261749152
success_resilience_quality_v2_next_4obs,random_forest,raw_accounting_only,42,num__missingindicator_total_liabilities,total_liabilities,accounting_fundamental,0.2765015321222543,0.2765015321222543
success_resilience_quality_v2_next_4obs,random_forest,raw_accounting_only,42,num__total_liabilities,total_liabilities,accounting_fundamental,0.17592614444552232,0.17592614444552232
success_resilience_quality_v2_next_4obs,random_forest,raw_accounting_only,42,num__total_equity,total_equity,accounting_fundamental,0.0826327739810769,0.0826327739810769
success_resilience_quality_v2_next_4obs,random_forest,raw_accounting_only,42,num__net_income,net_income,accounting_fundamental,0.05817002704017705,0.05817002704017705
success_resilience_quality_v2_next_4obs,random_forest,raw_accounting_only,42,num__total_assets,total_assets,accounting_fundamental,0.05420847767979995,0.05420847767979995
success_resilience_quality_v2_next_4obs,random_forest,raw_accounting_only,42,num__cash_equivalents,cash_equivalents,accounting_fundamental,0.04977465943278745,0.04977465943278745
success_resilience_quality_v2_next_4obs,random_forest,raw_accounting_only,42,num__operating_income,operating_income,accounting_fundamental,0.04179476816972442,0.04179476816972442
success_resilience_quality_v2_next_4obs,random_forest,raw_accounting_only,42,num__total_revenue,total_revenue,accounting_fundamental,0.03836755246446933,0.03836755246446933
success_resilience_quality_v2_next_4obs,random_forest,raw_accounting_only,42,num__current_assets,current_assets,accounting_fundamental,0.030123501652828233,0.030123501652828233
success_resilience_quality_v2_next_4obs,random_forest,raw_accounting_only,42,num__current_liabilities,current_liabilities,accounting_fundamental,0.02912625534278872,0.02912625534278872
success_resilience_quality_v2_next_4obs,random_forest,raw_accounting_only,42,num__capex,capex,accounting_fundamental,0.017851414927112244,0.017851414927112244
success_resilience_quality_v2_next_4obs,random_forest,raw_accounting_only,42,num__missingindicator_total_revenue,total_revenue,accounting_fundamental,0.01675018630984781,0.01675018630984781
success_resilience_quality_v2_next_4obs,random_forest,raw_accounting_only,42,num__cash_flow_operating,cash_flow_operating,accounting_fundamental,0.013394954000438821,0.013394954000438821
success_resilience_quality_v2_next_4obs,random_forest,raw_accounting_only,42,cat__Sector_Utilities,Sector_Utilities,sector,0.012292534676603739,0.012292534676603739
success_resilience_quality_v2_next_4obs,random_forest,raw_accounting_only,42,num__gross_profit,gross_profit,accounting_fundamental,0.011161524397615473,0.011161524397615473
success_resilience_quality_v2_next_4obs,random_forest,raw_accounting_only,42,num__missingindicator_operating_income,operating_income,accounting_fundamental,0.010539276980793268,0.010539276980793268
success_resilience_quality_v2_next_4obs,random_forest,raw_accounting_only,42,num__missingindicator_current_liabilities,current_liabilities,accounting_fundamental,0.010027836994698672,0.010027836994698672
success_resilience_quality_v2_next_4obs,random_forest,raw_accounting_only,42,cat__Sector_Technology,Sector_Technology,sector,0.009502650679034821,0.009502650679034821
success_resilience_quality_v2_next_4obs,random_forest,raw_accounting_only,42,num__missingindicator_current_assets,current_assets,accounting_fundamental,0.00930667206097239,0.00930667206097239
success_resilience_quality_v2_next_4obs,random_forest,raw_accounting_only,42,cat__Sector_Industrials,Sector_Industrials,sector,0.007441135297884692,0.007441135297884692
success_resilience_quality_v2_next_4obs,random_forest,raw_accounting_only,42,cat__Sector_Financial Services,Sector_Financial Services,sector,0.0072192549125151256,0.0072192549125151256
success_resilience_quality_v2_next_4obs,random_forest,raw_accounting_only,42,num__missingindicator_capex,capex,accounting_fundamental,0.0048253953194058565,0.0048253953194058565
success_resilience_quality_v2_next_4obs,random_forest,raw_accounting_only,42,cat__Sector_Consumer Cyclical,Sector_Consumer Cyclical,sector,0.004422992003067623,0.004422992003067623
success_resilience_quality_v2_next_4obs,random_forest,raw_accounting_only,42,num__missingindicator_cash_equivalents,cash_equivalents,accounting_fundamental,0.004103438297407214,0.004103438297407214
success_resilience_quality_v2_next_4obs,random_forest,raw_accounting_only,42,cat__Sector_Energy,Sector_Energy,sector,0.0036413523852630654,0.0036413523852630654
success_resilience_quality_v2_next_4obs,random_forest,raw_accounting_only,42,cat__Sector_Real Estate,Sector_Real Estate,sector,0.0036375784035008905,0.0036375784035008905
success_resilience_quality_v2_next_4obs,random_forest,raw_accounting_only,42,num__missingindicator_cash_flow_operating,cash_flow_operating,accounting_fundamental,0.0035727891141926846,0.0035727891141926846
success_resilience_quality_v2_next_4obs,random_forest,raw_accounting_only,42,num__missingindicator_gross_profit,gross_profit,accounting_fundamental,0.003351077562688165,0.003351077562688165
success_resilience_quality_v2_next_4obs,random_forest,raw_accounting_only,42,cat__Sector_Communication Services,Sector_Communication Services,sector,0.0024848217828738885,0.0024848217828738885
success_resilience_quality_v2_next_4obs,random_forest,raw_accounting_only,42,cat__Sector_Healthcare,Sector_Healthcare,sector,0.002225546526996435,0.002225546526996435
success_resilience_quality_v2_next_4obs,random_forest,raw_accounting_only,42,num__missingindicator_total_equity,total_equity,accounting_fundamental,0.0015009601608738333,0.0015009601608738333
success_resilience_quality_v2_next_4obs,random_forest,raw_accounting_only,42,cat__Sector_Basic Materials,Sector_Basic Materials,sector,0.001496051966768121,0.001496051966768121
success_resilience_quality_v2_next_4obs,random_forest,raw_accounting_only,42,num__missingindicator_net_income,net_income,accounting_fundamental,0.0012567554418035766,0.0012567554418035766
success_resilience_quality_v2_next_4obs,random_forest,raw_accounting_only,42,cat__Sector_Consumer Defensive,Sector_Consumer Defensive,sector,0.0010269063914010268,0.0010269063914010268
success_resilience_quality_v2_next_4obs,random_forest,raw_accounting_only,42,cat__Sector_Agriculture,Sector_Agriculture,sector,0.00016822250033291438,0.00016822250033291438
success_resilience_quality_v2_next_4obs,random_forest,raw_accounting_only,42,cat__Sector_Consumer Discretionary,Sector_Consumer Discretionary,sector,8.909420171312979e-05,8.909420171312979e-05
success_resilience_quality_v2_next_4obs,random_forest,raw_accounting_only,42,num__missingindicator_total_assets,total_assets,accounting_fundamental,8.388437276596214e-05,8.388437276596214e-05
success_resilience_quality_v2_next_4obs,gradient_boosting,raw_accounting_only,42,num__missingindicator_total_liabilities,total_liabilities,accounting_fundamental,0.5132460015543652,0.5132460015543652
success_resilience_quality_v2_next_4obs,gradient_boosting,raw_accounting_only,42,num__total_liabilities,total_liabilities,accounting_fundamental,0.11592864016025833,0.11592864016025833
success_resilience_quality_v2_next_4obs,gradient_boosting,raw_accounting_only,42,num__total_equity,total_equity,accounting_fundamental,0.08844798611833818,0.08844798611833818
success_resilience_quality_v2_next_4obs,gradient_boosting,raw_accounting_only,42,num__net_income,net_income,accounting_fundamental,0.07089538066286125,0.07089538066286125
success_resilience_quality_v2_next_4obs,gradient_boosting,raw_accounting_only,42,num__cash_equivalents,cash_equivalents,accounting_fundamental,0.03705192342380353,0.03705192342380353
success_resilience_quality_v2_next_4obs,gradient_boosting,raw_accounting_only,42,num__missingindicator_total_revenue,total_revenue,accounting_fundamental,0.035830931976375525,0.035830931976375525
success_resilience_quality_v2_next_4obs,gradient_boosting,raw_accounting_only,42,num__operating_income,operating_income,accounting_fundamental,0.02767649151755765,0.02767649151755765
success_resilience_quality_v2_next_4obs,gradient_boosting,raw_accounting_only,42,num__missingindicator_current_assets,current_assets,accounting_fundamental,0.022457427133028007,0.022457427133028007
success_resilience_quality_v2_next_4obs,gradient_boosting,raw_accounting_only,42,num__missingindicator_current_liabilities,current_liabilities,accounting_fundamental,0.022229274647864616,0.022229274647864616
success_resilience_quality_v2_next_4obs,gradient_boosting,raw_accounting_only,42,num__total_revenue,total_revenue,accounting_fundamental,0.013302688168369511,0.013302688168369511
success_resilience_quality_v2_next_4obs,gradient_boosting,raw_accounting_only,42,cat__Sector_Financial Services,Sector_Financial Services,sector,0.0081051439339321,0.0081051439339321
success_resilience_quality_v2_next_4obs,gradient_boosting,raw_accounting_only,42,cat__Sector_Utilities,Sector_Utilities,sector,0.00750440093675459,0.00750440093675459
success_resilience_quality_v2_next_4obs,gradient_boosting,raw_accounting_only,42,num__capex,capex,accounting_fundamental,0.005869017421543917,0.005869017421543917
success_resilience_quality_v2_next_4obs,gradient_boosting,raw_accounting_only,42,num__total_assets,total_assets,accounting_fundamental,0.005150441069365002,0.005150441069365002
success_resilience_quality_v2_next_4obs,gradient_boosting,raw_accounting_only,42,num__missingindicator_operating_income,operating_income,accounting_fundamental,0.004941823595208945,0.004941823595208945
success_resilience_quality_v2_next_4obs,gradient_boosting,raw_accounting_only,42,cat__Sector_Industrials,Sector_Industrials,sector,0.004916537204343849,0.004916537204343849
success_resilience_quality_v2_next_4obs,gradient_boosting,raw_accounting_only,42,num__current_assets,current_assets,accounting_fundamental,0.003947845138132186,0.003947845138132186
success_resilience_quality_v2_next_4obs,gradient_boosting,raw_accounting_only,42,cat__Sector_Technology,Sector_Technology,sector,0.0035824898251087733,0.0035824898251087733
success_resilience_quality_v2_next_4obs,gradient_boosting,raw_accounting_only,42,num__missingindicator_cash_equivalents,cash_equivalents,accounting_fundamental,0.0034631763336049606,0.0034631763336049606
success_resilience_quality_v2_next_4obs,gradient_boosting,raw_accounting_only,42,cat__Sector_Basic Materials,Sector_Basic Materials,sector,0.0013849483774946638,0.0013849483774946638
success_resilience_quality_v2_next_4obs,gradient_boosting,raw_accounting_only,42,num__missingindicator_net_income,net_income,accounting_fundamental,0.0009339943177802318,0.0009339943177802318
success_resilience_quality_v2_next_4obs,gradient_boosting,raw_accounting_only,42,cat__Sector_Consumer Cyclical,Sector_Consumer Cyclical,sector,0.0008708646422445567,0.0008708646422445567
success_resilience_quality_v2_next_4obs,gradient_boosting,raw_accounting_only,42,num__current_liabilities,current_liabilities,accounting_fundamental,0.0007976825665848768,0.0007976825665848768
success_resilience_quality_v2_next_4obs,gradient_boosting,raw_accounting_only,42,cat__Sector_Consumer Discretionary,Sector_Consumer Discretionary,sector,0.0004934107529456162,0.0004934107529456162
success_resilience_quality_v2_next_4obs,gradient_boosting,raw_accounting_only,42,cat__Sector_Energy,Sector_Energy,sector,0.0003678299900980827,0.0003678299900980827
success_resilience_quality_v2_next_4obs,gradient_boosting,raw_accounting_only,42,num__missingindicator_total_equity,total_equity,accounting_fundamental,0.0001415108967143291,0.0001415108967143291
success_resilience_quality_v2_next_4obs,gradient_boosting,raw_accounting_only,42,num__missingindicator_total_assets,total_assets,accounting_fundamental,0.0001324429108185589,0.0001324429108185589
success_resilience_quality_v2_next_4obs,gradient_boosting,raw_accounting_only,42,num__gross_profit,gross_profit,accounting_fundamental,0.00012257343506912177,0.00012257343506912177
success_resilience_quality_v2_next_4obs,gradient_boosting,raw_accounting_only,42,cat__Sector_Healthcare,Sector_Healthcare,sector,7.132762380476444e-05,7.132762380476444e-05
success_resilience_quality_v2_next_4obs,gradient_boosting,raw_accounting_only,42,num__missingindicator_cash_flow_operating,cash_flow_operating,accounting_fundamental,6.86403772611676e-05,6.86403772611676e-05
success_resilience_quality_v2_next_4obs,gradient_boosting,raw_accounting_only,42,cat__Sector_Real Estate,Sector_Real Estate,sector,3.5452600851729054e-05,3.5452600851729054e-05
success_resilience_quality_v2_next_4obs,gradient_boosting,raw_accounting_only,42,num__cash_flow_operating,cash_flow_operating,accounting_fundamental,3.170068751602372e-05,3.170068751602372e-05
success_resilience_quality_v2_next_4obs,gradient_boosting,raw_accounting_only,42,cat__Sector_Communication Services,Sector_Communication Services,sector,0.0,0.0
success_resilience_quality_v2_next_4obs,gradient_boosting,raw_accounting_only,42,cat__Sector_Consumer Defensive,Sector_Consumer Defensive,sector,0.0,0.0
success_resilience_quality_v2_next_4obs,gradient_boosting,raw_accounting_only,42,num__missingindicator_capex,capex,accounting_fundamental,0.0,0.0
success_resilience_quality_v2_next_4obs,gradient_boosting,raw_accounting_only,42,num__missingindicator_gross_profit,gross_profit,accounting_fundamental,0.0,0.0
success_resilience_quality_v2_next_4obs,gradient_boosting,raw_accounting_only,42,cat__Sector_Agriculture,Sector_Agriculture,sector,0.0,0.0
success_resilience_quality_v2_next_4obs,logistic_l2,macro_event_only,42,num__GDPC1,GDPC1,macro,2.5490346952850627,2.5490346952850627
success_resilience_quality_v2_next_4obs,logistic_l2,macro_event_only,42,cat__Sector_Consumer Discretionary,Sector_Consumer Discretionary,sector,2.2440178752680855,2.2440178752680855
success_resilience_quality_v2_next_4obs,logistic_l2,macro_event_only,42,num__PAYEMS,PAYEMS,macro,1.9311343359891615,-1.9311343359891615
success_resilience_quality_v2_next_4obs,logistic_l2,macro_event_only,42,cat__Sector_Utilities,Sector_Utilities,sector,1.558412886810845,-1.558412886810845
success_resilience_quality_v2_next_4obs,logistic_l2,macro_event_only,42,num__RSAFS,RSAFS,macro,1.1645958065714461,-1.1645958065714461
success_resilience_quality_v2_next_4obs,logistic_l2,macro_event_only,42,cat__Sector_Basic Materials,Sector_Basic Materials,sector,1.102234901490927,1.102234901490927
success_resilience_quality_v2_next_4obs,logistic_l2,macro_event_only,42,cat__Sector_Technology,Sector_Technology,sector,0.7727274709090254,0.7727274709090254
success_resilience_quality_v2_next_4obs,logistic_l2,macro_event_only,42,num__CPIAUCSL,CPIAUCSL,macro,0.6963180686838877,-0.6963180686838877
success_resilience_quality_v2_next_4obs,logistic_l2,macro_event_only,42,cat__Sector_Communication Services,Sector_Communication Services,sector,0.6268752766050087,-0.6268752766050087
success_resilience_quality_v2_next_4obs,logistic_l2,macro_event_only,42,cat__Sector_Energy,Sector_Energy,sector,0.6041346595586474,-0.6041346595586474
success_resilience_quality_v2_next_4obs,logistic_l2,macro_event_only,42,cat__Sector_Healthcare,Sector_Healthcare,sector,0.5847341202747215,-0.5847341202747215
success_resilience_quality_v2_next_4obs,logistic_l2,macro_event_only,42,num__T10Y2Y,T10Y2Y,macro,0.5637077671803034,-0.5637077671803034
success_resilience_quality_v2_next_4obs,logistic_l2,macro_event_only,42,num__PPIACO_yoy_pct,PPIACO_yoy_pct,macro,0.4966759652541136,0.4966759652541136
success_resilience_quality_v2_next_4obs,logistic_l2,macro_event_only,42,num__INDPRO,INDPRO,macro,0.48238232133151354,0.48238232133151354
success_resilience_quality_v2_next_4obs,logistic_l2,macro_event_only,42,cat__Sector_Agriculture,Sector_Agriculture,sector,0.4720881637344972,-0.4720881637344972
success_resilience_quality_v2_next_4obs,logistic_l2,macro_event_only,42,num__T10Y3M,T10Y3M,macro,0.4323567304454702,0.4323567304454702
success_resilience_quality_v2_next_4obs,logistic_l2,macro_event_only,42,num__INDPRO_yoy_pct,INDPRO_yoy_pct,macro,0.3571324619113666,-0.3571324619113666
success_resilience_quality_v2_next_4obs,logistic_l2,macro_event_only,42,num__M2SL,M2SL,macro,0.32999448969276435,0.32999448969276435
success_resilience_quality_v2_next_4obs,logistic_l2,macro_event_only,42,num__HOUST,HOUST,macro,0.29870474808047004,0.29870474808047004
success_resilience_quality_v2_next_4obs,logistic_l2,macro_event_only,42,num__BUSLOANS_yoy_pct,BUSLOANS_yoy_pct,macro,0.2911538037999864,0.2911538037999864
success_resilience_quality_v2_next_4obs,logistic_l2,macro_event_only,42,num__FEDFUNDS,FEDFUNDS,macro,0.2885138079591048,0.2885138079591048
success_resilience_quality_v2_next_4obs,logistic_l2,macro_event_only,42,cat__Sector_Financial Services,Sector_Financial Services,sector,0.2857892297743171,-0.2857892297743171
success_resilience_quality_v2_next_4obs,logistic_l2,macro_event_only,42,num__DTWEXBGS,DTWEXBGS,macro,0.2790738312025311,-0.2790738312025311
success_resilience_quality_v2_next_4obs,logistic_l2,macro_event_only,42,cat__Sector_Industrials,Sector_Industrials,sector,0.23595392105605095,0.23595392105605095
success_resilience_quality_v2_next_4obs,logistic_l2,macro_event_only,42,num__PPIACO,PPIACO,macro,0.22957000936040475,-0.22957000936040475
success_resilience_quality_v2_next_4obs,logistic_l2,macro_event_only,42,num__PAYEMS_yoy_pct,PAYEMS_yoy_pct,macro,0.16612119317630267,0.16612119317630267
success_resilience_quality_v2_next_4obs,logistic_l2,macro_event_only,42,num__DCOILWTICO_yoy_pct,DCOILWTICO_yoy_pct,macro,0.14622383934842387,0.14622383934842387
success_resilience_quality_v2_next_4obs,logistic_l2,macro_event_only,42,num__DTWEXBGS_yoy_pct,DTWEXBGS_yoy_pct,macro,0.12791352739939324,0.12791352739939324
success_resilience_quality_v2_next_4obs,logistic_l2,macro_event_only,42,num__BAMLH0A0HYM2,BAMLH0A0HYM2,macro,0.1256478589844868,0.1256478589844868
success_resilience_quality_v2_next_4obs,logistic_l2,macro_event_only,42,cat__Sector_Consumer Cyclical,Sector_Consumer Cyclical,sector,0.11856700508967527,-0.11856700508967527
success_resilience_quality_v2_next_4obs,logistic_l2,macro_event_only,42,num__NFCI,NFCI,macro,0.11156763395456985,-0.11156763395456985
success_resilience_quality_v2_next_4obs,logistic_l2,macro_event_only,42,cat__Sector_Real Estate,Sector_Real Estate,sector,0.10957503959276882,-0.10957503959276882
success_resilience_quality_v2_next_4obs,logistic_l2,macro_event_only,42,num__credit_tightening_regime,credit_tightening_regime,regime_time,0.10591142313826343,-0.10591142313826343
success_resilience_quality_v2_next_4obs,logistic_l2,macro_event_only,42,num__demand_slowdown_regime,demand_slowdown_regime,regime_time,0.10363289987898942,0.10363289987898942
success_resilience_quality_v2_next_4obs,logistic_l2,macro_event_only,42,cat__Sector_Consumer Defensive,Sector_Consumer Defensive,sector,0.08922158811387333,0.08922158811387333
success_resilience_quality_v2_next_4obs,logistic_l2,macro_event_only,42,num__RSAFS_yoy_pct,RSAFS_yoy_pct,macro,0.08629867501159166,-0.08629867501159166
success_resilience_quality_v2_next_4obs,logistic_l2,macro_event_only,42,num__BUSLOANS,BUSLOANS,macro,0.07956154552766931,0.07956154552766931
success_resilience_quality_v2_next_4obs,logistic_l2,macro_event_only,42,num__oil_shock_regime,oil_shock_regime,regime_time,0.07223050829338595,-0.07223050829338595
success_resilience_quality_v2_next_4obs,logistic_l2,macro_event_only,42,num__DCOILWTICO,DCOILWTICO,macro,0.07215349537879573,0.07215349537879573
success_resilience_quality_v2_next_4obs,logistic_l2,macro_event_only,42,num__GS10,GS10,macro,0.07128965185989998,0.07128965185989998
success_resilience_quality_v2_next_4obs,random_forest,macro_event_only,42,cat__Sector_Technology,Sector_Technology,sector,0.07637363168780509,0.07637363168780509
success_resilience_quality_v2_next_4obs,random_forest,macro_event_only,42,cat__Sector_Utilities,Sector_Utilities,sector,0.0646054009236919,0.0646054009236919
success_resilience_quality_v2_next_4obs,random_forest,macro_event_only,42,num__USEPUINDXD,USEPUINDXD,macro,0.06071172979533232,0.06071172979533232
success_resilience_quality_v2_next_4obs,random_forest,macro_event_only,42,num__VIXCLS,VIXCLS,macro,0.05710043925946257,0.05710043925946257
success_resilience_quality_v2_next_4obs,random_forest,macro_event_only,42,num__DCOILWTICO_yoy_pct,DCOILWTICO_yoy_pct,macro,0.05642969629114478,0.05642969629114478
success_resilience_quality_v2_next_4obs,random_forest,macro_event_only,42,num__DTWEXBGS_yoy_pct,DTWEXBGS_yoy_pct,macro,0.053992177820675995,0.053992177820675995
success_resilience_quality_v2_next_4obs,random_forest,macro_event_only,42,num__DCOILWTICO,DCOILWTICO,macro,0.0539873539940082,0.0539873539940082
success_resilience_quality_v2_next_4obs,random_forest,macro_event_only,42,num__DTWEXBGS,DTWEXBGS,macro,0.05209228191470779,0.05209228191470779
success_resilience_quality_v2_next_4obs,random_forest,macro_event_only,42,num__BAMLH0A0HYM2,BAMLH0A0HYM2,macro,0.049287342341262926,0.049287342341262926
success_resilience_quality_v2_next_4obs,random_forest,macro_event_only,42,num__T10Y3M,T10Y3M,macro,0.045907294021278675,0.045907294021278675
success_resilience_quality_v2_next_4obs,random_forest,macro_event_only,42,num__T10Y2Y,T10Y2Y,macro,0.0453319823680406,0.0453319823680406
success_resilience_quality_v2_next_4obs,random_forest,macro_event_only,42,num__NFCI,NFCI,macro,0.03135594712982637,0.03135594712982637
success_resilience_quality_v2_next_4obs,random_forest,macro_event_only,42,cat__Sector_Industrials,Sector_Industrials,sector,0.024585572686316476,0.024585572686316476
success_resilience_quality_v2_next_4obs,random_forest,macro_event_only,42,cat__Sector_Healthcare,Sector_Healthcare,sector,0.016662451066037025,0.016662451066037025
success_resilience_quality_v2_next_4obs,random_forest,macro_event_only,42,cat__Sector_Energy,Sector_Energy,sector,0.015150190546350101,0.015150190546350101
success_resilience_quality_v2_next_4obs,random_forest,macro_event_only,42,num__HOUST_yoy_pct,HOUST_yoy_pct,macro,0.013405062741211218,0.013405062741211218
success_resilience_quality_v2_next_4obs,random_forest,macro_event_only,42,cat__Sector_Financial Services,Sector_Financial Services,sector,0.013010788243983617,0.013010788243983617
success_resilience_quality_v2_next_4obs,random_forest,macro_event_only,42,num__HOUST,HOUST,macro,0.012700593391947596,0.012700593391947596
success_resilience_quality_v2_next_4obs,random_forest,macro_event_only,42,num__INDPRO_yoy_pct,INDPRO_yoy_pct,macro,0.012291037610821483,0.012291037610821483
success_resilience_quality_v2_next_4obs,random_forest,macro_event_only,42,num__RSAFS_yoy_pct,RSAFS_yoy_pct,macro,0.012223711638491785,0.012223711638491785
success_resilience_quality_v2_next_4obs,random_forest,macro_event_only,42,num__CPIAUCSL_yoy_pct,CPIAUCSL_yoy_pct,macro,0.011810410593529086,0.011810410593529086
success_resilience_quality_v2_next_4obs,random_forest,macro_event_only,42,num__PPIACO,PPIACO,macro,0.011744846810099784,0.011744846810099784
success_resilience_quality_v2_next_4obs,random_forest,macro_event_only,42,num__INDPRO,INDPRO,macro,0.011607231492621061,0.011607231492621061
success_resilience_quality_v2_next_4obs,random_forest,macro_event_only,42,num__BUSLOANS_yoy_pct,BUSLOANS_yoy_pct,macro,0.011513721120145459,0.011513721120145459
success_resilience_quality_v2_next_4obs,random_forest,macro_event_only,42,cat__Sector_Communication Services,Sector_Communication Services,sector,0.011482624382073101,0.011482624382073101
success_resilience_quality_v2_next_4obs,random_forest,macro_event_only,42,num__M2SL_yoy_pct,M2SL_yoy_pct,macro,0.011439692734288931,0.011439692734288931
success_resilience_quality_v2_next_4obs,random_forest,macro_event_only,42,num__PPIACO_yoy_pct,PPIACO_yoy_pct,macro,0.011137988624910807,0.011137988624910807
success_resilience_quality_v2_next_4obs,random_forest,macro_event_only,42,num__GS10,GS10,macro,0.011083261694699757,0.011083261694699757
success_resilience_quality_v2_next_4obs,random_forest,macro_event_only,42,num__PAYEMS_yoy_pct,PAYEMS_yoy_pct,macro,0.010543327750414274,0.010543327750414274
success_resilience_quality_v2_next_4obs,random_forest,macro_event_only,42,num__RSAFS,RSAFS,macro,0.010165529800297111,0.010165529800297111
success_resilience_quality_v2_next_4obs,random_forest,macro_event_only,42,cat__Sector_Basic Materials,Sector_Basic Materials,sector,0.00991134878967086,0.00991134878967086
success_resilience_quality_v2_next_4obs,random_forest,macro_event_only,42,num__CPIAUCSL,CPIAUCSL,macro,0.009532643262810114,0.009532643262810114
success_resilience_quality_v2_next_4obs,random_forest,macro_event_only,42,num__BUSLOANS,BUSLOANS,macro,0.00911110079307479,0.00911110079307479
success_resilience_quality_v2_next_4obs,random_forest,macro_event_only,42,num__M2SL,M2SL,macro,0.008761217153552665,0.008761217153552665
success_resilience_quality_v2_next_4obs,random_forest,macro_event_only,42,num__PAYEMS,PAYEMS,macro,0.0085677571031545,0.0085677571031545
success_resilience_quality_v2_next_4obs,random_forest,macro_event_only,42,num__UNRATE,UNRATE,macro,0.007947939944262062,0.007947939944262062
success_resilience_quality_v2_next_4obs,random_forest,macro_event_only,42,num__FEDFUNDS,FEDFUNDS,macro,0.007878367430327101,0.007878367430327101
success_resilience_quality_v2_next_4obs,random_forest,macro_event_only,42,cat__Sector_Consumer Cyclical,Sector_Consumer Cyclical,sector,0.007713406395882886,0.007713406395882886
success_resilience_quality_v2_next_4obs,random_forest,macro_event_only,42,cat__Sector_Real Estate,Sector_Real Estate,sector,0.007657536435365075,0.007657536435365075
success_resilience_quality_v2_next_4obs,random_forest,macro_event_only,42,num__DRTSCILM,DRTSCILM,macro,0.005822910733203115,0.005822910733203115
success_resilience_quality_v2_next_4obs,gradient_boosting,macro_event_only,42,cat__Sector_Technology,Sector_Technology,sector,0.2757996690866121,0.2757996690866121
success_resilience_quality_v2_next_4obs,gradient_boosting,macro_event_only,42,cat__Sector_Utilities,Sector_Utilities,sector,0.20492081247031663,0.20492081247031663
success_resilience_quality_v2_next_4obs,gradient_boosting,macro_event_only,42,cat__Sector_Industrials,Sector_Industrials,sector,0.09809295677408096,0.09809295677408096
success_resilience_quality_v2_next_4obs,gradient_boosting,macro_event_only,42,cat__Sector_Basic Materials,Sector_Basic Materials,sector,0.048089457136575066,0.048089457136575066
success_resilience_quality_v2_next_4obs,gradient_boosting,macro_event_only,42,cat__Sector_Healthcare,Sector_Healthcare,sector,0.030881555026164215,0.030881555026164215
success_resilience_quality_v2_next_4obs,gradient_boosting,macro_event_only,42,cat__Sector_Energy,Sector_Energy,sector,0.02913387178268401,0.02913387178268401
success_resilience_quality_v2_next_4obs,gradient_boosting,macro_event_only,42,num__USEPUINDXD,USEPUINDXD,macro,0.023581884049506497,0.023581884049506497
success_resilience_quality_v2_next_4obs,gradient_boosting,macro_event_only,42,cat__Sector_Consumer Discretionary,Sector_Consumer Discretionary,sector,0.02356743858005452,0.02356743858005452
success_resilience_quality_v2_next_4obs,gradient_boosting,macro_event_only,42,cat__Sector_Communication Services,Sector_Communication Services,sector,0.021217421369551414,0.021217421369551414
success_resilience_quality_v2_next_4obs,gradient_boosting,macro_event_only,42,num__DCOILWTICO_yoy_pct,DCOILWTICO_yoy_pct,macro,0.020510245324485046,0.020510245324485046
success_resilience_quality_v2_next_4obs,gradient_boosting,macro_event_only,42,num__DCOILWTICO,DCOILWTICO,macro,0.0198387009381028,0.0198387009381028
success_resilience_quality_v2_next_4obs,gradient_boosting,macro_event_only,42,num__HOUST,HOUST,macro,0.016617625567387877,0.016617625567387877
success_resilience_quality_v2_next_4obs,gradient_boosting,macro_event_only,42,num__INDPRO,INDPRO,macro,0.015532612810654708,0.015532612810654708
success_resilience_quality_v2_next_4obs,gradient_boosting,macro_event_only,42,num__VIXCLS,VIXCLS,macro,0.01516914175671488,0.01516914175671488
success_resilience_quality_v2_next_4obs,gradient_boosting,macro_event_only,42,num__BAMLH0A0HYM2,BAMLH0A0HYM2,macro,0.015135980080478683,0.015135980080478683
success_resilience_quality_v2_next_4obs,gradient_boosting,macro_event_only,42,num__T10Y2Y,T10Y2Y,macro,0.01313871441187375,0.01313871441187375
success_resilience_quality_v2_next_4obs,gradient_boosting,macro_event_only,42,num__NFCI,NFCI,macro,0.011981392817053687,0.011981392817053687
success_resilience_quality_v2_next_4obs,gradient_boosting,macro_event_only,42,num__DTWEXBGS,DTWEXBGS,macro,0.011753026649317407,0.011753026649317407
success_resilience_quality_v2_next_4obs,gradient_boosting,macro_event_only,42,num__T10Y3M,T10Y3M,macro,0.008932650220360914,0.008932650220360914
success_resilience_quality_v2_next_4obs,gradient_boosting,macro_event_only,42,num__PPIACO,PPIACO,macro,0.008218787627019983,0.008218787627019983
success_resilience_quality_v2_next_4obs,gradient_boosting,macro_event_only,42,num__GS10,GS10,macro,0.00797328239183553,0.00797328239183553
success_resilience_quality_v2_next_4obs,gradient_boosting,macro_event_only,42,num__DTWEXBGS_yoy_pct,DTWEXBGS_yoy_pct,macro,0.007730738408509097,0.007730738408509097
success_resilience_quality_v2_next_4obs,gradient_boosting,macro_event_only,42,cat__Sector_Financial Services,Sector_Financial Services,sector,0.007453814164580868,0.007453814164580868
success_resilience_quality_v2_next_4obs,gradient_boosting,macro_event_only,42,num__missingindicator_DCOILWTICO_yoy_pct,DCOILWTICO_yoy_pct,macro,0.007290875176182358,0.007290875176182358
success_resilience_quality_v2_next_4obs,gradient_boosting,macro_event_only,42,num__FEDFUNDS,FEDFUNDS,macro,0.007229622223510564,0.007229622223510564
success_resilience_quality_v2_next_4obs,gradient_boosting,macro_event_only,42,num__M2SL_yoy_pct,M2SL_yoy_pct,macro,0.006414553835971685,0.006414553835971685
success_resilience_quality_v2_next_4obs,gradient_boosting,macro_event_only,42,num__RSAFS_yoy_pct,RSAFS_yoy_pct,macro,0.006068089072501219,0.006068089072501219
success_resilience_quality_v2_next_4obs,gradient_boosting,macro_event_only,42,num__INDPRO_yoy_pct,INDPRO_yoy_pct,macro,0.005021918998034294,0.005021918998034294
success_resilience_quality_v2_next_4obs,gradient_boosting,macro_event_only,42,num__BUSLOANS_yoy_pct,BUSLOANS_yoy_pct,macro,0.004075958852768852,0.004075958852768852
success_resilience_quality_v2_next_4obs,gradient_boosting,macro_event_only,42,num__PPIACO_yoy_pct,PPIACO_yoy_pct,macro,0.004020195045069908,0.004020195045069908
success_resilience_quality_v2_next_4obs,gradient_boosting,macro_event_only,42,num__missingindicator_DTWEXBGS_yoy_pct,DTWEXBGS_yoy_pct,macro,0.0039026351532220785,0.0039026351532220785
success_resilience_quality_v2_next_4obs,gradient_boosting,macro_event_only,42,cat__Sector_Consumer Defensive,Sector_Consumer Defensive,sector,0.0038496846406169097,0.0038496846406169097
success_resilience_quality_v2_next_4obs,gradient_boosting,macro_event_only,42,num__CPIAUCSL,CPIAUCSL,macro,0.003068255946672367,0.003068255946672367
success_resilience_quality_v2_next_4obs,gradient_boosting,macro_event_only,42,num__RSAFS,RSAFS,macro,0.0022732407107633867,0.0022732407107633867
success_resilience_quality_v2_next_4obs,gradient_boosting,macro_event_only,42,num__UNRATE,UNRATE,macro,0.0021622417296104737,0.0021622417296104737
success_resilience_quality_v2_next_4obs,gradient_boosting,macro_event_only,42,num__HOUST_yoy_pct,HOUST_yoy_pct,macro,0.0019453867473479397,0.0019453867473479397
success_resilience_quality_v2_next_4obs,gradient_boosting,macro_event_only,42,num__CPIAUCSL_yoy_pct,CPIAUCSL_yoy_pct,macro,0.0019234458029932957,0.0019234458029932957
success_resilience_quality_v2_next_4obs,gradient_boosting,macro_event_only,42,cat__Sector_Real Estate,Sector_Real Estate,sector,0.0012470529079847646,0.0012470529079847646
success_resilience_quality_v2_next_4obs,gradient_boosting,macro_event_only,42,num__PAYEMS_yoy_pct,PAYEMS_yoy_pct,macro,0.0011996276956823988,0.0011996276956823988
success_resilience_quality_v2_next_4obs,gradient_boosting,macro_event_only,42,num__BUSLOANS,BUSLOANS,macro,0.0011134173120709485,0.0011134173120709485
success_resilience_quality_v2_next_4obs,logistic_l2,all_features,42,num__leverage_assets_lag1,leverage_assets_lag1,firm_trend,2.632295077241239,-2.632295077241239
success_resilience_quality_v2_next_4obs,logistic_l2,all_features,42,num__missingindicator_total_liabilities,total_liabilities,accounting_fundamental,2.225205327922869,-2.225205327922869
success_resilience_quality_v2_next_4obs,logistic_l2,all_features,42,cat__Sector_Basic Materials,Sector_Basic Materials,sector,1.8327520731768652,1.8327520731768652
success_resilience_quality_v2_next_4obs,logistic_l2,all_features,42,num__missingindicator_leverage_assets_change_4obs,leverage_assets_change_4obs,firm_trend,1.8142639250026957,1.8142639250026957
success_resilience_quality_v2_next_4obs,logistic_l2,all_features,42,num__missingindicator_total_liabilities_growth_4obs,total_liabilities_growth_4obs,firm_trend,1.765749020140129,-1.765749020140129
success_resilience_quality_v2_next_4obs,logistic_l2,all_features,42,num__total_assets,total_assets,accounting_fundamental,1.6605111011123583,-1.6605111011123583
success_resilience_quality_v2_next_4obs,logistic_l2,all_features,42,cat__Sector_Utilities,Sector_Utilities,sector,1.6140714186388105,-1.6140714186388105
success_resilience_quality_v2_next_4obs,logistic_l2,all_features,42,cat__Sector_Consumer Discretionary,Sector_Consumer Discretionary,sector,1.5803047322073924,1.5803047322073924
success_resilience_quality_v2_next_4obs,logistic_l2,all_features,42,num__GDPC1,GDPC1,macro,1.397003057200824,1.397003057200824
success_resilience_quality_v2_next_4obs,logistic_l2,all_features,42,cat__Sector_Agriculture,Sector_Agriculture,sector,1.2427251158891364,-1.2427251158891364
success_resilience_quality_v2_next_4obs,logistic_l2,all_features,42,cat__Sector_Energy,Sector_Energy,sector,1.203181735492071,-1.203181735492071
success_resilience_quality_v2_next_4obs,logistic_l2,all_features,42,num__missingindicator_net_margin,net_margin,financial_ratio,1.1887866835329985,-1.1887866835329985
success_resilience_quality_v2_next_4obs,logistic_l2,all_features,42,cat__Sector_Real Estate,Sector_Real Estate,sector,0.9660688497955391,-0.9660688497955391
success_resilience_quality_v2_next_4obs,logistic_l2,all_features,42,num__missingindicator_total_revenue,total_revenue,accounting_fundamental,0.8958837362518203,0.8958837362518203
success_resilience_quality_v2_next_4obs,logistic_l2,all_features,42,num__leverage_assets,leverage_assets,financial_ratio,0.8939697420204915,-0.8939697420204915
success_resilience_quality_v2_next_4obs,logistic_l2,all_features,42,num__missingindicator_current_liabilities_growth_4obs,current_liabilities_growth_4obs,firm_trend,0.8936909483397272,-0.8936909483397272
success_resilience_quality_v2_next_4obs,logistic_l2,all_features,42,num__missingindicator_current_ratio_change_4obs,current_ratio_change_4obs,firm_trend,0.8830656659173086,0.8830656659173086
success_resilience_quality_v2_next_4obs,logistic_l2,all_features,42,num__net_income_negative_count_prior_4obs,net_income_negative_count_prior_4obs,firm_trend,0.873271929335791,-0.873271929335791
success_resilience_quality_v2_next_4obs,logistic_l2,all_features,42,num__T10Y3M,T10Y3M,macro,0.8607969394095685,0.8607969394095685
success_resilience_quality_v2_next_4obs,logistic_l2,all_features,42,num__r_and_d_intensity,r_and_d_intensity,financial_ratio,0.8238786932664464,-0.8238786932664464
success_resilience_quality_v2_next_4obs,logistic_l2,all_features,42,num__PPIACO_yoy_pct,PPIACO_yoy_pct,macro,0.8191590449941422,0.8191590449941422
success_resilience_quality_v2_next_4obs,logistic_l2,all_features,42,num__missingindicator_cash_equivalents,cash_equivalents,accounting_fundamental,0.7812948768026385,0.7812948768026385
success_resilience_quality_v2_next_4obs,logistic_l2,all_features,42,num__roa_lag1,roa_lag1,firm_trend,0.7798129859177609,0.7798129859177609
success_resilience_quality_v2_next_4obs,logistic_l2,all_features,42,num__T10Y2Y,T10Y2Y,macro,0.7123313089737109,-0.7123313089737109
success_resilience_quality_v2_next_4obs,logistic_l2,all_features,42,num__missingindicator_leverage_assets_lag1,leverage_assets_lag1,firm_trend,0.6999197865925377,-0.6999197865925377
success_resilience_quality_v2_next_4obs,logistic_l2,all_features,42,num__DTWEXBGS,DTWEXBGS,macro,0.6910262395679364,-0.6910262395679364
success_resilience_quality_v2_next_4obs,logistic_l2,all_features,42,num__current_liabilities,current_liabilities,accounting_fundamental,0.6704028602475841,-0.6704028602475841
success_resilience_quality_v2_next_4obs,logistic_l2,all_features,42,num__CPIAUCSL,CPIAUCSL,macro,0.6485705641268541,-0.6485705641268541
success_resilience_quality_v2_next_4obs,logistic_l2,all_features,42,num__equity_assets,equity_assets,financial_ratio,0.6406289762936076,0.6406289762936076
success_resilience_quality_v2_next_4obs,logistic_l2,all_features,42,cat__Sector_Technology,Sector_Technology,sector,0.6160348609496157,0.6160348609496157
success_resilience_quality_v2_next_4obs,logistic_l2,all_features,42,num__total_equity,total_equity,accounting_fundamental,0.6130757245403844,0.6130757245403844
success_resilience_quality_v2_next_4obs,logistic_l2,all_features,42,num__missingindicator_operating_income,operating_income,accounting_fundamental,0.5422421047772599,-0.5422421047772599
success_resilience_quality_v2_next_4obs,logistic_l2,all_features,42,num__cash_equivalents,cash_equivalents,accounting_fundamental,0.5205051077061,0.5205051077061
success_resilience_quality_v2_next_4obs,logistic_l2,all_features,42,num__PPIACO,PPIACO,macro,0.5043690869785918,-0.5043690869785918
success_resilience_quality_v2_next_4obs,logistic_l2,all_features,42,num__PAYEMS,PAYEMS,macro,0.49904702695489356,-0.49904702695489356
success_resilience_quality_v2_next_4obs,logistic_l2,all_features,42,cat__Sector_Industrials,Sector_Industrials,sector,0.4940145356164159,0.4940145356164159
success_resilience_quality_v2_next_4obs,logistic_l2,all_features,42,num__missingindicator_total_revenue_growth_4obs,total_revenue_growth_4obs,firm_trend,0.48374910646823643,-0.48374910646823643
success_resilience_quality_v2_next_4obs,logistic_l2,all_features,42,num__missingindicator_total_assets_growth_4obs,total_assets_growth_4obs,firm_trend,0.4367925037089566,0.4367925037089566
success_resilience_quality_v2_next_4obs,logistic_l2,all_features,42,num__operating_margin,operating_margin,financial_ratio,0.4367792169306542,0.4367792169306542
success_resilience_quality_v2_next_4obs,logistic_l2,all_features,42,num__missingindicator_cash_assets_change_4obs,cash_assets_change_4obs,firm_trend,0.4230449660913774,-0.4230449660913774
success_resilience_quality_v2_next_4obs,random_forest,all_features,42,num__missingindicator_leverage_assets,leverage_assets,financial_ratio,0.08905013080697771,0.08905013080697771
success_resilience_quality_v2_next_4obs,random_forest,all_features,42,num__missingindicator_total_liabilities,total_liabilities,accounting_fundamental,0.07875636163669718,0.07875636163669718
success_resilience_quality_v2_next_4obs,random_forest,all_features,42,num__leverage_assets,leverage_assets,financial_ratio,0.0715974986767281,0.0715974986767281
success_resilience_quality_v2_next_4obs,random_forest,all_features,42,num__missingindicator_leverage_assets_lag1,leverage_assets_lag1,firm_trend,0.05964494101596828,0.05964494101596828
success_resilience_quality_v2_next_4obs,random_forest,all_features,42,num__leverage_assets_lag1,leverage_assets_lag1,firm_trend,0.05960193044025561,0.05960193044025561
success_resilience_quality_v2_next_4obs,random_forest,all_features,42,num__equity_assets,equity_assets,financial_ratio,0.05355216986542691,0.05355216986542691
success_resilience_quality_v2_next_4obs,random_forest,all_features,42,num__total_liabilities,total_liabilities,accounting_fundamental,0.04533242007993079,0.04533242007993079
success_resilience_quality_v2_next_4obs,random_forest,all_features,42,num__roa_lag1,roa_lag1,firm_trend,0.03661090139491009,0.03661090139491009
success_resilience_quality_v2_next_4obs,random_forest,all_features,42,num__missingindicator_total_liabilities_growth_4obs,total_liabilities_growth_4obs,firm_trend,0.03222665852291694,0.03222665852291694
success_resilience_quality_v2_next_4obs,random_forest,all_features,42,num__roa,roa,financial_ratio,0.03048028912795305,0.03048028912795305
success_resilience_quality_v2_next_4obs,random_forest,all_features,42,num__cash_assets,cash_assets,financial_ratio,0.028882793561384814,0.028882793561384814
success_resilience_quality_v2_next_4obs,random_forest,all_features,42,num__missingindicator_leverage_assets_change_4obs,leverage_assets_change_4obs,firm_trend,0.026760281240752623,0.026760281240752623
success_resilience_quality_v2_next_4obs,random_forest,all_features,42,num__cash_assets_lag1,cash_assets_lag1,firm_trend,0.02631395480753384,0.02631395480753384
success_resilience_quality_v2_next_4obs,random_forest,all_features,42,num__total_equity,total_equity,accounting_fundamental,0.01791057347947406,0.01791057347947406
success_resilience_quality_v2_next_4obs,random_forest,all_features,42,num__total_liabilities_growth_4obs,total_liabilities_growth_4obs,firm_trend,0.015339232071953493,0.015339232071953493
success_resilience_quality_v2_next_4obs,random_forest,all_features,42,num__net_income_negative_count_prior_4obs,net_income_negative_count_prior_4obs,firm_trend,0.014946143115264324,0.014946143115264324
success_resilience_quality_v2_next_4obs,random_forest,all_features,42,num__net_income,net_income,accounting_fundamental,0.01431057763144694,0.01431057763144694
success_resilience_quality_v2_next_4obs,random_forest,all_features,42,num__leverage_assets_change_4obs,leverage_assets_change_4obs,firm_trend,0.013261093925896767,0.013261093925896767
success_resilience_quality_v2_next_4obs,random_forest,all_features,42,num__cash_equivalents,cash_equivalents,accounting_fundamental,0.012463090286348663,0.012463090286348663
success_resilience_quality_v2_next_4obs,random_forest,all_features,42,num__operating_income,operating_income,accounting_fundamental,0.011690868054080119,0.011690868054080119
success_resilience_quality_v2_next_4obs,random_forest,all_features,42,num__net_margin,net_margin,financial_ratio,0.01101339353363557,0.01101339353363557
success_resilience_quality_v2_next_4obs,random_forest,all_features,42,num__total_assets,total_assets,accounting_fundamental,0.009877426979819713,0.009877426979819713
success_resilience_quality_v2_next_4obs,random_forest,all_features,42,num__net_margin_lag1,net_margin_lag1,firm_trend,0.00986710135594383,0.00986710135594383
success_resilience_quality_v2_next_4obs,random_forest,all_features,42,num__operating_margin,operating_margin,financial_ratio,0.007597016089546553,0.007597016089546553
success_resilience_quality_v2_next_4obs,random_forest,all_features,42,num__current_ratio,current_ratio,financial_ratio,0.007443739170444959,0.007443739170444959
success_resilience_quality_v2_next_4obs,random_forest,all_features,42,num__current_assets,current_assets,accounting_fundamental,0.0072775176522333965,0.0072775176522333965
success_resilience_quality_v2_next_4obs,random_forest,all_features,42,num__current_liabilities,current_liabilities,accounting_fundamental,0.006649048838375292,0.006649048838375292
success_resilience_quality_v2_next_4obs,random_forest,all_features,42,num__total_revenue,total_revenue,accounting_fundamental,0.0065358559060936195,0.0065358559060936195
success_resilience_quality_v2_next_4obs,random_forest,all_features,42,num__operating_margin_lag1,operating_margin_lag1,firm_trend,0.006355543572260917,0.006355543572260917
success_resilience_quality_v2_next_4obs,random_forest,all_features,42,num__current_ratio_lag1,current_ratio_lag1,firm_trend,0.006276934209300787,0.006276934209300787
success_resilience_quality_v2_next_4obs,random_forest,all_features,42,num__receivables_assets,receivables_assets,financial_ratio,0.0053155353305138105,0.0053155353305138105
success_resilience_quality_v2_next_4obs,random_forest,all_features,42,num__missingindicator_total_revenue,total_revenue,accounting_fundamental,0.00413411632498795,0.00413411632498795
success_resilience_quality_v2_next_4obs,random_forest,all_features,42,num__missingindicator_net_margin,net_margin,financial_ratio,0.004003749111692949,0.004003749111692949
success_resilience_quality_v2_next_4obs,random_forest,all_features,42,num__inventory_assets,inventory_assets,financial_ratio,0.0036071647344885134,0.0036071647344885134
success_resilience_quality_v2_next_4obs,random_forest,all_features,42,num__capex,capex,accounting_fundamental,0.0035752525571073877,0.0035752525571073877
success_resilience_quality_v2_next_4obs,random_forest,all_features,42,num__missingindicator_net_margin_lag1,net_margin_lag1,firm_trend,0.003471730571090586,0.003471730571090586
success_resilience_quality_v2_next_4obs,random_forest,all_features,42,num__missingindicator_operating_margin,operating_margin,financial_ratio,0.0034542396559866426,0.0034542396559866426
success_resilience_quality_v2_next_4obs,random_forest,all_features,42,num__total_assets_growth_4obs,total_assets_growth_4obs,firm_trend,0.0032311728419316408,0.0032311728419316408
success_resilience_quality_v2_next_4obs,random_forest,all_features,42,cat__Sector_Utilities,Sector_Utilities,sector,0.003203479021523615,0.003203479021523615
success_resilience_quality_v2_next_4obs,random_forest,all_features,42,num__missingindicator_operating_margin_lag1,operating_margin_lag1,firm_trend,0.0030944790253538946,0.0030944790253538946
success_resilience_quality_v2_next_4obs,gradient_boosting,all_features,42,num__missingindicator_total_liabilities,total_liabilities,accounting_fundamental,0.2677554140973279,0.2677554140973279
success_resilience_quality_v2_next_4obs,gradient_boosting,all_features,42,num__missingindicator_leverage_assets,leverage_assets,financial_ratio,0.16070280988709768,0.16070280988709768
success_resilience_quality_v2_next_4obs,gradient_boosting,all_features,42,num__equity_assets,equity_assets,financial_ratio,0.14947975045307388,0.14947975045307388
success_resilience_quality_v2_next_4obs,gradient_boosting,all_features,42,num__roa,roa,financial_ratio,0.0849021447166025,0.0849021447166025
success_resilience_quality_v2_next_4obs,gradient_boosting,all_features,42,num__leverage_assets,leverage_assets,financial_ratio,0.06620318051443758,0.06620318051443758
success_resilience_quality_v2_next_4obs,gradient_boosting,all_features,42,num__cash_assets,cash_assets,financial_ratio,0.051959126817754935,0.051959126817754935
success_resilience_quality_v2_next_4obs,gradient_boosting,all_features,42,num__roa_lag1,roa_lag1,firm_trend,0.05033835512540824,0.05033835512540824
success_resilience_quality_v2_next_4obs,gradient_boosting,all_features,42,num__leverage_assets_lag1,leverage_assets_lag1,firm_trend,0.03440306068970715,0.03440306068970715
success_resilience_quality_v2_next_4obs,gradient_boosting,all_features,42,num__cash_assets_lag1,cash_assets_lag1,firm_trend,0.032316493841821385,0.032316493841821385
success_resilience_quality_v2_next_4obs,gradient_boosting,all_features,42,num__net_income_negative_count_prior_4obs,net_income_negative_count_prior_4obs,firm_trend,0.025887367400252777,0.025887367400252777
success_resilience_quality_v2_next_4obs,gradient_boosting,all_features,42,num__missingindicator_leverage_assets_lag1,leverage_assets_lag1,firm_trend,0.01504860422814414,0.01504860422814414
success_resilience_quality_v2_next_4obs,gradient_boosting,all_features,42,num__operating_income,operating_income,accounting_fundamental,0.011983432814542604,0.011983432814542604
success_resilience_quality_v2_next_4obs,gradient_boosting,all_features,42,num__missingindicator_operating_margin,operating_margin,financial_ratio,0.006797212269327272,0.006797212269327272
success_resilience_quality_v2_next_4obs,gradient_boosting,all_features,42,num__current_assets,current_assets,accounting_fundamental,0.004708862721874142,0.004708862721874142
success_resilience_quality_v2_next_4obs,gradient_boosting,all_features,42,num__missingindicator_net_margin,net_margin,financial_ratio,0.003344276226824207,0.003344276226824207
success_resilience_quality_v2_next_4obs,gradient_boosting,all_features,42,num__missingindicator_operating_income,operating_income,accounting_fundamental,0.00294617739888207,0.00294617739888207
success_resilience_quality_v2_next_4obs,gradient_boosting,all_features,42,num__net_income,net_income,accounting_fundamental,0.0029432682168732444,0.0029432682168732444
success_resilience_quality_v2_next_4obs,gradient_boosting,all_features,42,num__total_liabilities,total_liabilities,accounting_fundamental,0.0027850858678919632,0.0027850858678919632
success_resilience_quality_v2_next_4obs,gradient_boosting,all_features,42,cat__Sector_Industrials,Sector_Industrials,sector,0.002169380868144047,0.002169380868144047
success_resilience_quality_v2_next_4obs,gradient_boosting,all_features,42,num__current_liabilities,current_liabilities,accounting_fundamental,0.002105060498444964,0.002105060498444964
success_resilience_quality_v2_next_4obs,gradient_boosting,all_features,42,num__receivables_assets,receivables_assets,financial_ratio,0.001985526101113448,0.001985526101113448
success_resilience_quality_v2_next_4obs,gradient_boosting,all_features,42,num__net_margin,net_margin,financial_ratio,0.0014612414450550933,0.0014612414450550933
success_resilience_quality_v2_next_4obs,gradient_boosting,all_features,42,num__inventory_assets,inventory_assets,financial_ratio,0.0014571500265096176,0.0014571500265096176
success_resilience_quality_v2_next_4obs,gradient_boosting,all_features,42,num__total_assets,total_assets,accounting_fundamental,0.0014092828091645246,0.0014092828091645246
success_resilience_quality_v2_next_4obs,gradient_boosting,all_features,42,num__operating_margin_lag1,operating_margin_lag1,firm_trend,0.0014067632543524598,0.0014067632543524598
success_resilience_quality_v2_next_4obs,gradient_boosting,all_features,42,num__total_equity,total_equity,accounting_fundamental,0.0012201389881388435,0.0012201389881388435
success_resilience_quality_v2_next_4obs,gradient_boosting,all_features,42,num__operating_margin,operating_margin,financial_ratio,0.0009469438269423548,0.0009469438269423548
success_resilience_quality_v2_next_4obs,gradient_boosting,all_features,42,num__missingindicator_gross_profit,gross_profit,accounting_fundamental,0.000743670885561597,0.000743670885561597
success_resilience_quality_v2_next_4obs,gradient_boosting,all_features,42,num__total_liabilities_growth_4obs,total_liabilities_growth_4obs,firm_trend,0.0006232351900392901,0.0006232351900392901
success_resilience_quality_v2_next_4obs,gradient_boosting,all_features,42,num__gross_margin,gross_margin,financial_ratio,0.0006090349020798408,0.0006090349020798408
success_resilience_quality_v2_next_4obs,gradient_boosting,all_features,42,num__gross_profit,gross_profit,accounting_fundamental,0.0005927781333279427,0.0005927781333279427
success_resilience_quality_v2_next_4obs,gradient_boosting,all_features,42,num__current_ratio_lag1,current_ratio_lag1,firm_trend,0.0005870698674177565,0.0005870698674177565
success_resilience_quality_v2_next_4obs,gradient_boosting,all_features,42,num__missingindicator_operating_margin_lag1,operating_margin_lag1,firm_trend,0.0005560324689332954,0.0005560324689332954
success_resilience_quality_v2_next_4obs,gradient_boosting,all_features,42,num__cash_equivalents,cash_equivalents,accounting_fundamental,0.0005030687769974987,0.0005030687769974987
success_resilience_quality_v2_next_4obs,gradient_boosting,all_features,42,num__net_margin_lag1,net_margin_lag1,firm_trend,0.0003945026623537318,0.0003945026623537318
success_resilience_quality_v2_next_4obs,gradient_boosting,all_features,42,num__r_and_d_intensity,r_and_d_intensity,financial_ratio,0.0003725843756024155,0.0003725843756024155
success_resilience_quality_v2_next_4obs,gradient_boosting,all_features,42,cat__Sector_Basic Materials,Sector_Basic Materials,sector,0.0003272854261865127,0.0003272854261865127
success_resilience_quality_v2_next_4obs,gradient_boosting,all_features,42,cat__Sector_Utilities,Sector_Utilities,sector,0.00030465289977876477,0.00030465289977876477
success_resilience_quality_v2_next_4obs,gradient_boosting,all_features,42,num__missingindicator_leverage_assets_change_4obs,leverage_assets_change_4obs,firm_trend,0.0002885803495734498,0.0002885803495734498
success_resilience_quality_v2_next_4obs,gradient_boosting,all_features,42,num__total_revenue,total_revenue,accounting_fundamental,0.0002670419612194739,0.0002670419612194739
success_quality_growth_next_4obs,logistic_l2,firm_core,42,num__total_assets,total_assets,accounting_fundamental,5.125576032506323,-5.125576032506323
success_quality_growth_next_4obs,logistic_l2,firm_core,42,num__total_liabilities,total_liabilities,accounting_fundamental,3.1344205695206955,-3.1344205695206955
success_quality_growth_next_4obs,logistic_l2,firm_core,42,cat__Sector_Agriculture,Sector_Agriculture,sector,2.763416067680666,-2.763416067680666
success_quality_growth_next_4obs,logistic_l2,firm_core,42,num__roa_lag1,roa_lag1,firm_trend,2.3814453070155763,2.3814453070155763
success_quality_growth_next_4obs,logistic_l2,firm_core,42,cat__Sector_Utilities,Sector_Utilities,sector,2.165767122355325,-2.165767122355325
success_quality_growth_next_4obs,logistic_l2,firm_core,42,cat__Sector_Consumer Discretionary,Sector_Consumer Discretionary,sector,2.0160245808839865,2.0160245808839865
success_quality_growth_next_4obs,logistic_l2,firm_core,42,num__missingindicator_operating_income,operating_income,accounting_fundamental,1.6025501776059845,-1.6025501776059845
success_quality_growth_next_4obs,logistic_l2,firm_core,42,num__roa,roa,financial_ratio,1.4461500995741217,1.4461500995741217
success_quality_growth_next_4obs,logistic_l2,firm_core,42,num__cash_equivalents,cash_equivalents,accounting_fundamental,1.4319951001233906,1.4319951001233906
success_quality_growth_next_4obs,logistic_l2,firm_core,42,num__total_equity,total_equity,accounting_fundamental,1.203516943317552,1.203516943317552
success_quality_growth_next_4obs,logistic_l2,firm_core,42,num__missingindicator_total_liabilities,total_liabilities,accounting_fundamental,1.1594990239739358,-1.1594990239739358
success_quality_growth_next_4obs,logistic_l2,firm_core,42,num__missingindicator_leverage_assets,leverage_assets,financial_ratio,1.1583535507092828,-1.1583535507092828
success_quality_growth_next_4obs,logistic_l2,firm_core,42,num__missingindicator_net_margin,net_margin,financial_ratio,1.1317527391701532,-1.1317527391701532
success_quality_growth_next_4obs,logistic_l2,firm_core,42,cat__Sector_Basic Materials,Sector_Basic Materials,sector,1.1224531665199127,-1.1224531665199127
success_quality_growth_next_4obs,logistic_l2,firm_core,42,num__leverage_assets_lag1,leverage_assets_lag1,firm_trend,1.0570712609051935,-1.0570712609051935
success_quality_growth_next_4obs,logistic_l2,firm_core,42,cat__Sector_Energy,Sector_Energy,sector,0.9213996613818751,-0.9213996613818751
success_quality_growth_next_4obs,logistic_l2,firm_core,42,num__equity_assets,equity_assets,financial_ratio,0.8244623180849674,0.8244623180849674
success_quality_growth_next_4obs,logistic_l2,firm_core,42,cat__Sector_Real Estate,Sector_Real Estate,sector,0.6836390747175797,-0.6836390747175797
success_quality_growth_next_4obs,logistic_l2,firm_core,42,cat__Sector_Communication Services,Sector_Communication Services,sector,0.65584009000211,-0.65584009000211
success_quality_growth_next_4obs,logistic_l2,firm_core,42,num__missingindicator_operating_margin_lag1,operating_margin_lag1,firm_trend,0.6092743655968769,-0.6092743655968769
success_quality_growth_next_4obs,logistic_l2,firm_core,42,num__leverage_assets,leverage_assets,financial_ratio,0.6015837206924975,-0.6015837206924975
success_quality_growth_next_4obs,logistic_l2,firm_core,42,num__net_margin_lag1,net_margin_lag1,firm_trend,0.5965039883288418,0.5965039883288418
success_quality_growth_next_4obs,logistic_l2,firm_core,42,num__net_income_negative_count_prior_4obs,net_income_negative_count_prior_4obs,firm_trend,0.5871852283174213,-0.5871852283174213
success_quality_growth_next_4obs,logistic_l2,firm_core,42,cat__Sector_Technology,Sector_Technology,sector,0.5631195643548219,0.5631195643548219
success_quality_growth_next_4obs,logistic_l2,firm_core,42,num__operating_margin_lag1,operating_margin_lag1,firm_trend,0.4928229923500297,-0.4928229923500297
success_quality_growth_next_4obs,logistic_l2,firm_core,42,num__operating_income,operating_income,accounting_fundamental,0.4817070851982729,0.4817070851982729
success_quality_growth_next_4obs,logistic_l2,firm_core,42,num__missingindicator_total_revenue,total_revenue,accounting_fundamental,0.47631679400298566,0.47631679400298566
success_quality_growth_next_4obs,logistic_l2,firm_core,42,num__missingindicator_current_ratio_change_4obs,current_ratio_change_4obs,firm_trend,0.4709973507140736,0.4709973507140736
success_quality_growth_next_4obs,logistic_l2,firm_core,42,num__missingindicator_current_liabilities_growth_4obs,current_liabilities_growth_4obs,firm_trend,0.4473231045974284,-0.4473231045974284
success_quality_growth_next_4obs,logistic_l2,firm_core,42,num__net_income,net_income,accounting_fundamental,0.437085408919329,0.437085408919329
success_quality_growth_next_4obs,logistic_l2,firm_core,42,cat__Sector_Healthcare,Sector_Healthcare,sector,0.3839198521803092,0.3839198521803092
success_quality_growth_next_4obs,logistic_l2,firm_core,42,num__missingindicator_cash_assets_change_4obs,cash_assets_change_4obs,firm_trend,0.3724116482551259,-0.3724116482551259
success_quality_growth_next_4obs,logistic_l2,firm_core,42,cat__Sector_Consumer Defensive,Sector_Consumer Defensive,sector,0.3648533505902402,-0.3648533505902402
success_quality_growth_next_4obs,logistic_l2,firm_core,42,num__missingindicator_inventory_assets,inventory_assets,financial_ratio,0.34134366456414555,-0.34134366456414555
success_quality_growth_next_4obs,logistic_l2,firm_core,42,num__missingindicator_net_margin_change_4obs,net_margin_change_4obs,firm_trend,0.33190411736740666,-0.33190411736740666
success_quality_growth_next_4obs,logistic_l2,firm_core,42,num__missingindicator_total_equity,total_equity,accounting_fundamental,0.32601076457941147,-0.32601076457941147
success_quality_growth_next_4obs,logistic_l2,firm_core,42,num__missingindicator_roa_change_4obs,roa_change_4obs,firm_trend,0.3220399980334227,0.3220399980334227
success_quality_growth_next_4obs,logistic_l2,firm_core,42,num__missingindicator_gross_profit,gross_profit,accounting_fundamental,0.2967374245937083,0.2967374245937083
success_quality_growth_next_4obs,logistic_l2,firm_core,42,num__missingindicator_equity_assets,equity_assets,financial_ratio,0.29643253393377106,-0.29643253393377106
success_quality_growth_next_4obs,logistic_l2,firm_core,42,num__missingindicator_total_liabilities_growth_4obs,total_liabilities_growth_4obs,firm_trend,0.2733692478039184,-0.2733692478039184
success_quality_growth_next_4obs,random_forest,firm_core,42,num__leverage_assets,leverage_assets,financial_ratio,0.0877706874204459,0.0877706874204459
success_quality_growth_next_4obs,random_forest,firm_core,42,num__roa,roa,financial_ratio,0.08159398546510221,0.08159398546510221
success_quality_growth_next_4obs,random_forest,firm_core,42,num__roa_lag1,roa_lag1,firm_trend,0.07959528122348984,0.07959528122348984
success_quality_growth_next_4obs,random_forest,firm_core,42,num__leverage_assets_lag1,leverage_assets_lag1,firm_trend,0.07766805098025177,0.07766805098025177
success_quality_growth_next_4obs,random_forest,firm_core,42,num__missingindicator_leverage_assets,leverage_assets,financial_ratio,0.04539841754938638,0.04539841754938638
success_quality_growth_next_4obs,random_forest,firm_core,42,num__equity_assets,equity_assets,financial_ratio,0.0439930857643516,0.0439930857643516
success_quality_growth_next_4obs,random_forest,firm_core,42,num__missingindicator_total_liabilities,total_liabilities,accounting_fundamental,0.037526855300200966,0.037526855300200966
success_quality_growth_next_4obs,random_forest,firm_core,42,num__missingindicator_operating_margin,operating_margin,financial_ratio,0.03268290336214853,0.03268290336214853
success_quality_growth_next_4obs,random_forest,firm_core,42,num__cash_assets_lag1,cash_assets_lag1,firm_trend,0.029929360628992874,0.029929360628992874
success_quality_growth_next_4obs,random_forest,firm_core,42,num__missingindicator_leverage_assets_lag1,leverage_assets_lag1,firm_trend,0.0289335189551343,0.0289335189551343
success_quality_growth_next_4obs,random_forest,firm_core,42,num__cash_assets,cash_assets,financial_ratio,0.02682997796581722,0.02682997796581722
success_quality_growth_next_4obs,random_forest,firm_core,42,num__operating_margin,operating_margin,financial_ratio,0.02640089458898711,0.02640089458898711
success_quality_growth_next_4obs,random_forest,firm_core,42,num__net_margin,net_margin,financial_ratio,0.026081507727147436,0.026081507727147436
success_quality_growth_next_4obs,random_forest,firm_core,42,num__current_ratio,current_ratio,financial_ratio,0.024509864034111175,0.024509864034111175
success_quality_growth_next_4obs,random_forest,firm_core,42,num__total_liabilities,total_liabilities,accounting_fundamental,0.0210058747923307,0.0210058747923307
success_quality_growth_next_4obs,random_forest,firm_core,42,num__missingindicator_operating_margin_lag1,operating_margin_lag1,firm_trend,0.020602630679034867,0.020602630679034867
success_quality_growth_next_4obs,random_forest,firm_core,42,num__missingindicator_operating_income,operating_income,accounting_fundamental,0.019099652042013606,0.019099652042013606
success_quality_growth_next_4obs,random_forest,firm_core,42,num__net_margin_lag1,net_margin_lag1,firm_trend,0.017350409900466567,0.017350409900466567
success_quality_growth_next_4obs,random_forest,firm_core,42,num__operating_margin_lag1,operating_margin_lag1,firm_trend,0.015732610198872385,0.015732610198872385
success_quality_growth_next_4obs,random_forest,firm_core,42,num__operating_income,operating_income,accounting_fundamental,0.015594710646719879,0.015594710646719879
success_quality_growth_next_4obs,random_forest,firm_core,42,num__current_ratio_lag1,current_ratio_lag1,firm_trend,0.014134625129078118,0.014134625129078118
success_quality_growth_next_4obs,random_forest,firm_core,42,num__cash_equivalents,cash_equivalents,accounting_fundamental,0.01003207980047335,0.01003207980047335
success_quality_growth_next_4obs,random_forest,firm_core,42,num__missingindicator_total_liabilities_growth_4obs,total_liabilities_growth_4obs,firm_trend,0.009172129963607738,0.009172129963607738
success_quality_growth_next_4obs,random_forest,firm_core,42,num__total_equity,total_equity,accounting_fundamental,0.009033166967202574,0.009033166967202574
success_quality_growth_next_4obs,random_forest,firm_core,42,num__current_liabilities,current_liabilities,accounting_fundamental,0.008980281396168851,0.008980281396168851
success_quality_growth_next_4obs,random_forest,firm_core,42,num__missingindicator_leverage_assets_change_4obs,leverage_assets_change_4obs,firm_trend,0.008973648330929559,0.008973648330929559
success_quality_growth_next_4obs,random_forest,firm_core,42,num__current_assets,current_assets,accounting_fundamental,0.00891390391702292,0.00891390391702292
success_quality_growth_next_4obs,random_forest,firm_core,42,num__net_income,net_income,accounting_fundamental,0.00844481275941122,0.00844481275941122
success_quality_growth_next_4obs,random_forest,firm_core,42,num__total_revenue,total_revenue,accounting_fundamental,0.007859117971840203,0.007859117971840203
success_quality_growth_next_4obs,random_forest,firm_core,42,num__total_liabilities_growth_4obs,total_liabilities_growth_4obs,firm_trend,0.007650747211842988,0.007650747211842988
success_quality_growth_next_4obs,random_forest,firm_core,42,num__total_assets,total_assets,accounting_fundamental,0.00752634284439643,0.00752634284439643
success_quality_growth_next_4obs,random_forest,firm_core,42,num__receivables_assets,receivables_assets,financial_ratio,0.007316215190065882,0.007316215190065882
success_quality_growth_next_4obs,random_forest,firm_core,42,num__missingindicator_operating_margin_change_4obs,operating_margin_change_4obs,firm_trend,0.007043768908886585,0.007043768908886585
success_quality_growth_next_4obs,random_forest,firm_core,42,num__inventory_assets,inventory_assets,financial_ratio,0.005821092167403833,0.005821092167403833
success_quality_growth_next_4obs,random_forest,firm_core,42,num__leverage_assets_change_4obs,leverage_assets_change_4obs,firm_trend,0.005431598445436731,0.005431598445436731
success_quality_growth_next_4obs,random_forest,firm_core,42,num__r_and_d_intensity,r_and_d_intensity,financial_ratio,0.005288161828253032,0.005288161828253032
success_quality_growth_next_4obs,random_forest,firm_core,42,num__cash_flow_operating,cash_flow_operating,accounting_fundamental,0.004957099013647032,0.004957099013647032
success_quality_growth_next_4obs,random_forest,firm_core,42,num__total_assets_growth_4obs,total_assets_growth_4obs,firm_trend,0.004751536216614483,0.004751536216614483
success_quality_growth_next_4obs,random_forest,firm_core,42,cat__Sector_Technology,Sector_Technology,sector,0.004582009906014363,0.004582009906014363
success_quality_growth_next_4obs,random_forest,firm_core,42,num__capex,capex,accounting_fundamental,0.004448660853979523,0.004448660853979523
success_quality_growth_next_4obs,gradient_boosting,firm_core,42,num__leverage_assets,leverage_assets,financial_ratio,0.38788855950047557,0.38788855950047557
success_quality_growth_next_4obs,gradient_boosting,firm_core,42,num__roa,roa,financial_ratio,0.16143467186181584,0.16143467186181584
success_quality_growth_next_4obs,gradient_boosting,firm_core,42,num__missingindicator_operating_margin,operating_margin,financial_ratio,0.1079305872396562,0.1079305872396562
success_quality_growth_next_4obs,gradient_boosting,firm_core,42,num__roa_lag1,roa_lag1,firm_trend,0.07914355675946945,0.07914355675946945
success_quality_growth_next_4obs,gradient_boosting,firm_core,42,num__missingindicator_leverage_assets,leverage_assets,financial_ratio,0.04709276567818829,0.04709276567818829
success_quality_growth_next_4obs,gradient_boosting,firm_core,42,num__leverage_assets_lag1,leverage_assets_lag1,firm_trend,0.03241159941935435,0.03241159941935435
success_quality_growth_next_4obs,gradient_boosting,firm_core,42,num__equity_assets,equity_assets,financial_ratio,0.030195290063528963,0.030195290063528963
success_quality_growth_next_4obs,gradient_boosting,firm_core,42,num__missingindicator_total_liabilities,total_liabilities,accounting_fundamental,0.02843420744824968,0.02843420744824968
success_quality_growth_next_4obs,gradient_boosting,firm_core,42,num__cash_assets,cash_assets,financial_ratio,0.026031689543476247,0.026031689543476247
success_quality_growth_next_4obs,gradient_boosting,firm_core,42,num__cash_assets_lag1,cash_assets_lag1,firm_trend,0.02158845481002018,0.02158845481002018
success_quality_growth_next_4obs,gradient_boosting,firm_core,42,num__operating_margin,operating_margin,financial_ratio,0.011898925836404383,0.011898925836404383
success_quality_growth_next_4obs,gradient_boosting,firm_core,42,num__r_and_d_intensity,r_and_d_intensity,financial_ratio,0.0072666704938661,0.0072666704938661
success_quality_growth_next_4obs,gradient_boosting,firm_core,42,num__missingindicator_operating_margin_lag1,operating_margin_lag1,firm_trend,0.006397408495747782,0.006397408495747782
success_quality_growth_next_4obs,gradient_boosting,firm_core,42,num__current_assets,current_assets,accounting_fundamental,0.006336202088194388,0.006336202088194388
success_quality_growth_next_4obs,gradient_boosting,firm_core,42,num__receivables_assets,receivables_assets,financial_ratio,0.0043426464630824555,0.0043426464630824555
success_quality_growth_next_4obs,gradient_boosting,firm_core,42,num__missingindicator_operating_income,operating_income,accounting_fundamental,0.0038706253273503486,0.0038706253273503486
success_quality_growth_next_4obs,gradient_boosting,firm_core,42,cat__Sector_Technology,Sector_Technology,sector,0.0036845701007491923,0.0036845701007491923
success_quality_growth_next_4obs,gradient_boosting,firm_core,42,num__total_liabilities,total_liabilities,accounting_fundamental,0.0034958254484260573,0.0034958254484260573
success_quality_growth_next_4obs,gradient_boosting,firm_core,42,num__current_liabilities,current_liabilities,accounting_fundamental,0.0034376789764810614,0.0034376789764810614
success_quality_growth_next_4obs,gradient_boosting,firm_core,42,num__operating_income,operating_income,accounting_fundamental,0.002525335437772989,0.002525335437772989
success_quality_growth_next_4obs,gradient_boosting,firm_core,42,num__cash_equivalents,cash_equivalents,accounting_fundamental,0.002100884813794615,0.002100884813794615
success_quality_growth_next_4obs,gradient_boosting,firm_core,42,num__inventory_assets,inventory_assets,financial_ratio,0.0019705189548512815,0.0019705189548512815
success_quality_growth_next_4obs,gradient_boosting,firm_core,42,num__gross_profit,gross_profit,accounting_fundamental,0.0018269298659659731,0.0018269298659659731
success_quality_growth_next_4obs,gradient_boosting,firm_core,42,num__total_equity,total_equity,accounting_fundamental,0.0015769842990578848,0.0015769842990578848
success_quality_growth_next_4obs,gradient_boosting,firm_core,42,num__current_ratio,current_ratio,financial_ratio,0.0015502931810945774,0.0015502931810945774
success_quality_growth_next_4obs,gradient_boosting,firm_core,42,num__missingindicator_leverage_assets_lag1,leverage_assets_lag1,firm_trend,0.0013207188372326303,0.0013207188372326303
success_quality_growth_next_4obs,gradient_boosting,firm_core,42,num__net_income_negative_count_prior_4obs,net_income_negative_count_prior_4obs,firm_trend,0.0011975118457220406,0.0011975118457220406
success_quality_growth_next_4obs,gradient_boosting,firm_core,42,num__gross_margin_lag1,gross_margin_lag1,firm_trend,0.0008937418787827477,0.0008937418787827477
success_quality_growth_next_4obs,gradient_boosting,firm_core,42,num__operating_margin_lag1,operating_margin_lag1,firm_trend,0.0008920730306271123,0.0008920730306271123
success_quality_growth_next_4obs,gradient_boosting,firm_core,42,num__total_revenue,total_revenue,accounting_fundamental,0.0007901351013311737,0.0007901351013311737
success_quality_growth_next_4obs,gradient_boosting,firm_core,42,num__current_ratio_lag1,current_ratio_lag1,firm_trend,0.0007564967661668921,0.0007564967661668921
success_quality_growth_next_4obs,gradient_boosting,firm_core,42,num__capex,capex,accounting_fundamental,0.0007504248441007241,0.0007504248441007241
success_quality_growth_next_4obs,gradient_boosting,firm_core,42,num__cash_flow_operating,cash_flow_operating,accounting_fundamental,0.0007496471873052689,0.0007496471873052689
success_quality_growth_next_4obs,gradient_boosting,firm_core,42,cat__Sector_Real Estate,Sector_Real Estate,sector,0.0007294900201369295,0.0007294900201369295
success_quality_growth_next_4obs,gradient_boosting,firm_core,42,num__net_margin_lag1,net_margin_lag1,firm_trend,0.0007260111810180182,0.0007260111810180182
success_quality_growth_next_4obs,gradient_boosting,firm_core,42,num__total_assets,total_assets,accounting_fundamental,0.0006960635964709477,0.0006960635964709477
success_quality_growth_next_4obs,gradient_boosting,firm_core,42,num__leverage_assets_change_4obs,leverage_assets_change_4obs,firm_trend,0.000588502643326568,0.000588502643326568
success_quality_growth_next_4obs,gradient_boosting,firm_core,42,num__current_assets_growth_4obs,current_assets_growth_4obs,firm_trend,0.0005247436312729406,0.0005247436312729406
success_quality_growth_next_4obs,gradient_boosting,firm_core,42,num__cash_assets_change_4obs,cash_assets_change_4obs,firm_trend,0.0005027410743830902,0.0005027410743830902
success_quality_growth_next_4obs,gradient_boosting,firm_core,42,num__operating_margin_change_4obs,operating_margin_change_4obs,firm_trend,0.0004691380410134364,0.0004691380410134364
success_quality_growth_next_4obs,logistic_l2,ratios_trends_only,42,cat__Sector_Agriculture,Sector_Agriculture,sector,2.796052627839268,-2.796052627839268
success_quality_growth_next_4obs,logistic_l2,ratios_trends_only,42,num__roa_lag1,roa_lag1,firm_trend,2.7703791796936788,2.7703791796936788
success_quality_growth_next_4obs,logistic_l2,ratios_trends_only,42,cat__Sector_Utilities,Sector_Utilities,sector,2.369199697946956,-2.369199697946956
success_quality_growth_next_4obs,logistic_l2,ratios_trends_only,42,num__roa,roa,financial_ratio,2.274770504416267,2.274770504416267
success_quality_growth_next_4obs,logistic_l2,ratios_trends_only,42,cat__Sector_Consumer Discretionary,Sector_Consumer Discretionary,sector,1.945834729594494,1.945834729594494
success_quality_growth_next_4obs,logistic_l2,ratios_trends_only,42,num__missingindicator_leverage_assets,leverage_assets,financial_ratio,1.9392937249836226,-1.9392937249836226
success_quality_growth_next_4obs,logistic_l2,ratios_trends_only,42,num__missingindicator_operating_margin,operating_margin,financial_ratio,1.5447627164686644,-1.5447627164686644
success_quality_growth_next_4obs,logistic_l2,ratios_trends_only,42,num__leverage_assets_lag1,leverage_assets_lag1,firm_trend,1.3832213852966362,-1.3832213852966362
success_quality_growth_next_4obs,logistic_l2,ratios_trends_only,42,cat__Sector_Basic Materials,Sector_Basic Materials,sector,1.0286072597316434,-1.0286072597316434
success_quality_growth_next_4obs,logistic_l2,ratios_trends_only,42,num__equity_assets,equity_assets,financial_ratio,0.9780217304013012,0.9780217304013012
success_quality_growth_next_4obs,logistic_l2,ratios_trends_only,42,cat__Sector_Energy,Sector_Energy,sector,0.8626492155022454,-0.8626492155022454
success_quality_growth_next_4obs,logistic_l2,ratios_trends_only,42,cat__Sector_Technology,Sector_Technology,sector,0.8486949802700896,0.8486949802700896
success_quality_growth_next_4obs,logistic_l2,ratios_trends_only,42,num__net_margin_lag1,net_margin_lag1,firm_trend,0.7899976551418028,0.7899976551418028
success_quality_growth_next_4obs,logistic_l2,ratios_trends_only,42,num__leverage_assets,leverage_assets,financial_ratio,0.6753097546631999,-0.6753097546631999
success_quality_growth_next_4obs,logistic_l2,ratios_trends_only,42,num__operating_margin_lag1,operating_margin_lag1,firm_trend,0.6388086601173758,-0.6388086601173758
success_quality_growth_next_4obs,logistic_l2,ratios_trends_only,42,num__net_income_negative_count_prior_4obs,net_income_negative_count_prior_4obs,firm_trend,0.6115455277707125,-0.6115455277707125
success_quality_growth_next_4obs,logistic_l2,ratios_trends_only,42,cat__Sector_Real Estate,Sector_Real Estate,sector,0.6113288278325981,-0.6113288278325981
success_quality_growth_next_4obs,logistic_l2,ratios_trends_only,42,num__missingindicator_operating_margin_lag1,operating_margin_lag1,firm_trend,0.6108927180718233,-0.6108927180718233
success_quality_growth_next_4obs,logistic_l2,ratios_trends_only,42,num__missingindicator_equity_assets,equity_assets,financial_ratio,0.58855223191268,-0.58855223191268
success_quality_growth_next_4obs,logistic_l2,ratios_trends_only,42,num__missingindicator_current_ratio_change_4obs,current_ratio_change_4obs,firm_trend,0.5824595013268778,0.5824595013268778
success_quality_growth_next_4obs,logistic_l2,ratios_trends_only,42,num__missingindicator_current_ratio,current_ratio,financial_ratio,0.5741852994600368,-0.5741852994600368
success_quality_growth_next_4obs,logistic_l2,ratios_trends_only,42,cat__Sector_Consumer Cyclical,Sector_Consumer Cyclical,sector,0.5157310842655698,0.5157310842655698
success_quality_growth_next_4obs,logistic_l2,ratios_trends_only,42,cat__Sector_Financial Services,Sector_Financial Services,sector,0.4875232295712108,0.4875232295712108
success_quality_growth_next_4obs,logistic_l2,ratios_trends_only,42,cat__Sector_Healthcare,Sector_Healthcare,sector,0.46754890341104266,0.46754890341104266
success_quality_growth_next_4obs,logistic_l2,ratios_trends_only,42,num__missingindicator_current_liabilities_growth_4obs,current_liabilities_growth_4obs,firm_trend,0.4660718737609326,-0.4660718737609326
success_quality_growth_next_4obs,logistic_l2,ratios_trends_only,42,num__missingindicator_total_liabilities_growth_4obs,total_liabilities_growth_4obs,firm_trend,0.4336868240400033,-0.4336868240400033
success_quality_growth_next_4obs,logistic_l2,ratios_trends_only,42,num__missingindicator_net_margin_change_4obs,net_margin_change_4obs,firm_trend,0.40232005696973766,-0.40232005696973766
success_quality_growth_next_4obs,logistic_l2,ratios_trends_only,42,num__missingindicator_inventory_assets,inventory_assets,financial_ratio,0.38048159569906476,-0.38048159569906476
success_quality_growth_next_4obs,logistic_l2,ratios_trends_only,42,num__missingindicator_cash_assets_change_4obs,cash_assets_change_4obs,firm_trend,0.37045465419163454,-0.37045465419163454
success_quality_growth_next_4obs,logistic_l2,ratios_trends_only,42,num__missingindicator_net_margin_lag1,net_margin_lag1,firm_trend,0.32490598572730256,0.32490598572730256
success_quality_growth_next_4obs,logistic_l2,ratios_trends_only,42,num__missingindicator_roa,roa,financial_ratio,0.3095160517913018,-0.3095160517913018
success_quality_growth_next_4obs,logistic_l2,ratios_trends_only,42,cat__Sector_Communication Services,Sector_Communication Services,sector,0.29145002670446757,-0.29145002670446757
success_quality_growth_next_4obs,logistic_l2,ratios_trends_only,42,num__missingindicator_roa_change_4obs,roa_change_4obs,firm_trend,0.28815314194746094,0.28815314194746094
success_quality_growth_next_4obs,logistic_l2,ratios_trends_only,42,num__missingindicator_total_assets_growth_4obs,total_assets_growth_4obs,firm_trend,0.2826577421170835,0.2826577421170835
success_quality_growth_next_4obs,logistic_l2,ratios_trends_only,42,num__current_liabilities_growth_4obs,current_liabilities_growth_4obs,firm_trend,0.2822605722300461,-0.2822605722300461
success_quality_growth_next_4obs,logistic_l2,ratios_trends_only,42,num__operating_margin,operating_margin,financial_ratio,0.2705758710625012,0.2705758710625012
success_quality_growth_next_4obs,logistic_l2,ratios_trends_only,42,cat__Sector_Consumer Defensive,Sector_Consumer Defensive,sector,0.26136643807180776,-0.26136643807180776
success_quality_growth_next_4obs,logistic_l2,ratios_trends_only,42,num__cash_assets,cash_assets,financial_ratio,0.23986468742805317,0.23986468742805317
success_quality_growth_next_4obs,logistic_l2,ratios_trends_only,42,num__operating_margin_change_4obs,operating_margin_change_4obs,firm_trend,0.23365344712400185,-0.23365344712400185
success_quality_growth_next_4obs,logistic_l2,ratios_trends_only,42,num__missingindicator_gross_margin,gross_margin,financial_ratio,0.23195818562806525,0.23195818562806525
success_quality_growth_next_4obs,random_forest,ratios_trends_only,42,num__roa,roa,financial_ratio,0.09883261485085477,0.09883261485085477
success_quality_growth_next_4obs,random_forest,ratios_trends_only,42,num__leverage_assets,leverage_assets,financial_ratio,0.09817358312317093,0.09817358312317093
success_quality_growth_next_4obs,random_forest,ratios_trends_only,42,num__roa_lag1,roa_lag1,firm_trend,0.08019398951558328,0.08019398951558328
success_quality_growth_next_4obs,random_forest,ratios_trends_only,42,num__leverage_assets_lag1,leverage_assets_lag1,firm_trend,0.07825653558181161,0.07825653558181161
success_quality_growth_next_4obs,random_forest,ratios_trends_only,42,num__equity_assets,equity_assets,financial_ratio,0.05968198129383182,0.05968198129383182
success_quality_growth_next_4obs,random_forest,ratios_trends_only,42,num__missingindicator_leverage_assets,leverage_assets,financial_ratio,0.05306015127659073,0.05306015127659073
success_quality_growth_next_4obs,random_forest,ratios_trends_only,42,num__missingindicator_operating_margin,operating_margin,financial_ratio,0.04395543303999076,0.04395543303999076
success_quality_growth_next_4obs,random_forest,ratios_trends_only,42,num__cash_assets,cash_assets,financial_ratio,0.03731600699078345,0.03731600699078345
success_quality_growth_next_4obs,random_forest,ratios_trends_only,42,num__missingindicator_leverage_assets_lag1,leverage_assets_lag1,firm_trend,0.036043813883627554,0.036043813883627554
success_quality_growth_next_4obs,random_forest,ratios_trends_only,42,num__operating_margin,operating_margin,financial_ratio,0.035512411135098766,0.035512411135098766
success_quality_growth_next_4obs,random_forest,ratios_trends_only,42,num__cash_assets_lag1,cash_assets_lag1,firm_trend,0.03515572337456734,0.03515572337456734
success_quality_growth_next_4obs,random_forest,ratios_trends_only,42,num__missingindicator_operating_margin_lag1,operating_margin_lag1,firm_trend,0.031053509874077137,0.031053509874077137
success_quality_growth_next_4obs,random_forest,ratios_trends_only,42,num__operating_margin_lag1,operating_margin_lag1,firm_trend,0.025404065730784017,0.025404065730784017
success_quality_growth_next_4obs,random_forest,ratios_trends_only,42,num__net_margin_lag1,net_margin_lag1,firm_trend,0.024222259753535435,0.024222259753535435
success_quality_growth_next_4obs,random_forest,ratios_trends_only,42,num__current_ratio,current_ratio,financial_ratio,0.022209084203460912,0.022209084203460912
success_quality_growth_next_4obs,random_forest,ratios_trends_only,42,num__net_margin,net_margin,financial_ratio,0.02003723684774897,0.02003723684774897
success_quality_growth_next_4obs,random_forest,ratios_trends_only,42,num__current_ratio_lag1,current_ratio_lag1,firm_trend,0.014607084454800395,0.014607084454800395
success_quality_growth_next_4obs,random_forest,ratios_trends_only,42,num__missingindicator_leverage_assets_change_4obs,leverage_assets_change_4obs,firm_trend,0.014346412830643427,0.014346412830643427
success_quality_growth_next_4obs,random_forest,ratios_trends_only,42,num__missingindicator_total_liabilities_growth_4obs,total_liabilities_growth_4obs,firm_trend,0.014118362220272062,0.014118362220272062
success_quality_growth_next_4obs,random_forest,ratios_trends_only,42,num__receivables_assets,receivables_assets,financial_ratio,0.00949768851684178,0.00949768851684178
success_quality_growth_next_4obs,random_forest,ratios_trends_only,42,num__total_liabilities_growth_4obs,total_liabilities_growth_4obs,firm_trend,0.00850153685484674,0.00850153685484674
success_quality_growth_next_4obs,random_forest,ratios_trends_only,42,num__inventory_assets,inventory_assets,financial_ratio,0.008146960388345751,0.008146960388345751
success_quality_growth_next_4obs,random_forest,ratios_trends_only,42,num__missingindicator_operating_margin_change_4obs,operating_margin_change_4obs,firm_trend,0.00734376000953181,0.00734376000953181
success_quality_growth_next_4obs,random_forest,ratios_trends_only,42,num__total_assets_growth_4obs,total_assets_growth_4obs,firm_trend,0.0071314616694026795,0.0071314616694026795
success_quality_growth_next_4obs,random_forest,ratios_trends_only,42,num__leverage_assets_change_4obs,leverage_assets_change_4obs,firm_trend,0.006973665603195717,0.006973665603195717
success_quality_growth_next_4obs,random_forest,ratios_trends_only,42,num__r_and_d_intensity,r_and_d_intensity,financial_ratio,0.006740737620300093,0.006740737620300093
success_quality_growth_next_4obs,random_forest,ratios_trends_only,42,num__current_assets_growth_4obs,current_assets_growth_4obs,firm_trend,0.006518436711683564,0.006518436711683564
success_quality_growth_next_4obs,random_forest,ratios_trends_only,42,num__roa_change_4obs,roa_change_4obs,firm_trend,0.0059817130573977615,0.0059817130573977615
success_quality_growth_next_4obs,random_forest,ratios_trends_only,42,num__cash_assets_change_4obs,cash_assets_change_4obs,firm_trend,0.005892325601092848,0.005892325601092848
success_quality_growth_next_4obs,random_forest,ratios_trends_only,42,num__operating_margin_change_4obs,operating_margin_change_4obs,firm_trend,0.005352057925471813,0.005352057925471813
success_quality_growth_next_4obs,random_forest,ratios_trends_only,42,num__total_revenue_growth_4obs,total_revenue_growth_4obs,firm_trend,0.005248771273910816,0.005248771273910816
success_quality_growth_next_4obs,random_forest,ratios_trends_only,42,num__current_liabilities_growth_4obs,current_liabilities_growth_4obs,firm_trend,0.005220530183706794,0.005220530183706794
success_quality_growth_next_4obs,random_forest,ratios_trends_only,42,num__current_ratio_change_4obs,current_ratio_change_4obs,firm_trend,0.005177301940419815,0.005177301940419815
success_quality_growth_next_4obs,random_forest,ratios_trends_only,42,num__net_margin_change_4obs,net_margin_change_4obs,firm_trend,0.005155741883799296,0.005155741883799296
success_quality_growth_next_4obs,random_forest,ratios_trends_only,42,num__gross_margin,gross_margin,financial_ratio,0.005039956323543301,0.005039956323543301
success_quality_growth_next_4obs,random_forest,ratios_trends_only,42,num__cash_equivalents_growth_4obs,cash_equivalents_growth_4obs,firm_trend,0.004872588075746095,0.004872588075746095
success_quality_growth_next_4obs,random_forest,ratios_trends_only,42,num__missingindicator_r_and_d_intensity,r_and_d_intensity,financial_ratio,0.0048489472423360125,0.0048489472423360125
success_quality_growth_next_4obs,random_forest,ratios_trends_only,42,cat__Sector_Technology,Sector_Technology,sector,0.004740798786404739,0.004740798786404739
success_quality_growth_next_4obs,random_forest,ratios_trends_only,42,num__missingindicator_current_ratio,current_ratio,financial_ratio,0.004294325782082197,0.004294325782082197
success_quality_growth_next_4obs,random_forest,ratios_trends_only,42,num__net_income_negative_count_prior_4obs,net_income_negative_count_prior_4obs,firm_trend,0.004286924651557833,0.004286924651557833
success_quality_growth_next_4obs,gradient_boosting,ratios_trends_only,42,num__leverage_assets,leverage_assets,financial_ratio,0.3941726634722263,0.3941726634722263
success_quality_growth_next_4obs,gradient_boosting,ratios_trends_only,42,num__roa,roa,financial_ratio,0.16291193037401866,0.16291193037401866
success_quality_growth_next_4obs,gradient_boosting,ratios_trends_only,42,num__missingindicator_operating_margin,operating_margin,financial_ratio,0.11031841281423531,0.11031841281423531
success_quality_growth_next_4obs,gradient_boosting,ratios_trends_only,42,num__roa_lag1,roa_lag1,firm_trend,0.07977096832282277,0.07977096832282277
success_quality_growth_next_4obs,gradient_boosting,ratios_trends_only,42,num__missingindicator_leverage_assets,leverage_assets,financial_ratio,0.07582345461682055,0.07582345461682055
success_quality_growth_next_4obs,gradient_boosting,ratios_trends_only,42,num__leverage_assets_lag1,leverage_assets_lag1,firm_trend,0.03293307108317602,0.03293307108317602
success_quality_growth_next_4obs,gradient_boosting,ratios_trends_only,42,num__equity_assets,equity_assets,financial_ratio,0.030849162083718785,0.030849162083718785
success_quality_growth_next_4obs,gradient_boosting,ratios_trends_only,42,num__cash_assets,cash_assets,financial_ratio,0.028662060033880932,0.028662060033880932
success_quality_growth_next_4obs,gradient_boosting,ratios_trends_only,42,num__cash_assets_lag1,cash_assets_lag1,firm_trend,0.022085744474505908,0.022085744474505908
success_quality_growth_next_4obs,gradient_boosting,ratios_trends_only,42,num__operating_margin,operating_margin,financial_ratio,0.014829419402700971,0.014829419402700971
success_quality_growth_next_4obs,gradient_boosting,ratios_trends_only,42,num__r_and_d_intensity,r_and_d_intensity,financial_ratio,0.008375771427798101,0.008375771427798101
success_quality_growth_next_4obs,gradient_boosting,ratios_trends_only,42,num__missingindicator_operating_margin_lag1,operating_margin_lag1,firm_trend,0.007140553174840234,0.007140553174840234
success_quality_growth_next_4obs,gradient_boosting,ratios_trends_only,42,cat__Sector_Technology,Sector_Technology,sector,0.005030582141588795,0.005030582141588795
success_quality_growth_next_4obs,gradient_boosting,ratios_trends_only,42,num__receivables_assets,receivables_assets,financial_ratio,0.005024454359082353,0.005024454359082353
success_quality_growth_next_4obs,gradient_boosting,ratios_trends_only,42,num__inventory_assets,inventory_assets,financial_ratio,0.00369480228329656,0.00369480228329656
success_quality_growth_next_4obs,gradient_boosting,ratios_trends_only,42,num__net_income_negative_count_prior_4obs,net_income_negative_count_prior_4obs,firm_trend,0.002065622494580276,0.002065622494580276
success_quality_growth_next_4obs,gradient_boosting,ratios_trends_only,42,num__gross_margin_lag1,gross_margin_lag1,firm_trend,0.0015955277526173144,0.0015955277526173144
success_quality_growth_next_4obs,gradient_boosting,ratios_trends_only,42,num__missingindicator_r_and_d_intensity,r_and_d_intensity,financial_ratio,0.0014909187923764977,0.0014909187923764977
success_quality_growth_next_4obs,gradient_boosting,ratios_trends_only,42,cat__Sector_Real Estate,Sector_Real Estate,sector,0.001326087108080547,0.001326087108080547
success_quality_growth_next_4obs,gradient_boosting,ratios_trends_only,42,num__current_ratio,current_ratio,financial_ratio,0.0011559014134802596,0.0011559014134802596
success_quality_growth_next_4obs,gradient_boosting,ratios_trends_only,42,num__current_ratio_lag1,current_ratio_lag1,firm_trend,0.001017312940581676,0.001017312940581676
success_quality_growth_next_4obs,gradient_boosting,ratios_trends_only,42,num__operating_margin_lag1,operating_margin_lag1,firm_trend,0.0010127973535524323,0.0010127973535524323
success_quality_growth_next_4obs,gradient_boosting,ratios_trends_only,42,num__missingindicator_leverage_assets_lag1,leverage_assets_lag1,firm_trend,0.0008751880008030004,0.0008751880008030004
success_quality_growth_next_4obs,gradient_boosting,ratios_trends_only,42,num__total_liabilities_growth_4obs,total_liabilities_growth_4obs,firm_trend,0.0007083705382899079,0.0007083705382899079
success_quality_growth_next_4obs,gradient_boosting,ratios_trends_only,42,num__net_margin,net_margin,financial_ratio,0.000706451641930581,0.000706451641930581
success_quality_growth_next_4obs,gradient_boosting,ratios_trends_only,42,num__gross_margin,gross_margin,financial_ratio,0.0005984483657757563,0.0005984483657757563
success_quality_growth_next_4obs,gradient_boosting,ratios_trends_only,42,num__current_assets_growth_4obs,current_assets_growth_4obs,firm_trend,0.0005649941190625813,0.0005649941190625813
success_quality_growth_next_4obs,gradient_boosting,ratios_trends_only,42,num__cash_assets_change_4obs,cash_assets_change_4obs,firm_trend,0.0005534409323609588,0.0005534409323609588
success_quality_growth_next_4obs,gradient_boosting,ratios_trends_only,42,num__total_assets_growth_4obs,total_assets_growth_4obs,firm_trend,0.0005219303317695331,0.0005219303317695331
success_quality_growth_next_4obs,gradient_boosting,ratios_trends_only,42,num__leverage_assets_change_4obs,leverage_assets_change_4obs,firm_trend,0.0005003360950525638,0.0005003360950525638
success_quality_growth_next_4obs,gradient_boosting,ratios_trends_only,42,num__current_liabilities_growth_4obs,current_liabilities_growth_4obs,firm_trend,0.0004991084058567857,0.0004991084058567857
success_quality_growth_next_4obs,gradient_boosting,ratios_trends_only,42,num__missingindicator_gross_margin_change_4obs,gross_margin_change_4obs,firm_trend,0.0003475604016215869,0.0003475604016215869
success_quality_growth_next_4obs,gradient_boosting,ratios_trends_only,42,num__gross_margin_change_4obs,gross_margin_change_4obs,firm_trend,0.00034187224191547226,0.00034187224191547226
success_quality_growth_next_4obs,gradient_boosting,ratios_trends_only,42,num__net_margin_lag1,net_margin_lag1,firm_trend,0.00033338416438100256,0.00033338416438100256
success_quality_growth_next_4obs,gradient_boosting,ratios_trends_only,42,num__missingindicator_leverage_assets_change_4obs,leverage_assets_change_4obs,firm_trend,0.0002662801654245499,0.0002662801654245499
success_quality_growth_next_4obs,gradient_boosting,ratios_trends_only,42,num__total_revenue_growth_4obs,total_revenue_growth_4obs,firm_trend,0.00021815212644071827,0.00021815212644071827
success_quality_growth_next_4obs,gradient_boosting,ratios_trends_only,42,num__net_margin_change_4obs,net_margin_change_4obs,firm_trend,0.00020825015098149325,0.00020825015098149325
success_quality_growth_next_4obs,gradient_boosting,ratios_trends_only,42,num__operating_margin_change_4obs,operating_margin_change_4obs,firm_trend,0.00020400021186410062,0.00020400021186410062
success_quality_growth_next_4obs,gradient_boosting,ratios_trends_only,42,num__current_ratio_change_4obs,current_ratio_change_4obs,firm_trend,0.00017109535699197284,0.00017109535699197284
success_quality_growth_next_4obs,gradient_boosting,ratios_trends_only,42,cat__Sector_Utilities,Sector_Utilities,sector,0.00016015871799293353,0.00016015871799293353
success_quality_growth_next_4obs,logistic_l2,raw_accounting_only,42,num__total_assets,total_assets,accounting_fundamental,9.478285225903642,-9.478285225903642
success_quality_growth_next_4obs,logistic_l2,raw_accounting_only,42,num__total_liabilities,total_liabilities,accounting_fundamental,6.520229034399059,-6.520229034399059
success_quality_growth_next_4obs,logistic_l2,raw_accounting_only,42,num__missingindicator_total_liabilities,total_liabilities,accounting_fundamental,2.9415072880143684,-2.9415072880143684
success_quality_growth_next_4obs,logistic_l2,raw_accounting_only,42,num__total_equity,total_equity,accounting_fundamental,2.821530608870805,2.821530608870805
success_quality_growth_next_4obs,logistic_l2,raw_accounting_only,42,cat__Sector_Agriculture,Sector_Agriculture,sector,2.6065812204828953,-2.6065812204828953
success_quality_growth_next_4obs,logistic_l2,raw_accounting_only,42,cat__Sector_Utilities,Sector_Utilities,sector,2.204668812157,-2.204668812157
success_quality_growth_next_4obs,logistic_l2,raw_accounting_only,42,num__missingindicator_operating_income,operating_income,accounting_fundamental,2.1020631358422106,-2.1020631358422106
success_quality_growth_next_4obs,logistic_l2,raw_accounting_only,42,cat__Sector_Consumer Discretionary,Sector_Consumer Discretionary,sector,1.4460315478206234,1.4460315478206234
success_quality_growth_next_4obs,logistic_l2,raw_accounting_only,42,cat__Sector_Real Estate,Sector_Real Estate,sector,1.2395970225606496,-1.2395970225606496
success_quality_growth_next_4obs,logistic_l2,raw_accounting_only,42,cat__Sector_Communication Services,Sector_Communication Services,sector,1.2367511823693123,-1.2367511823693123
success_quality_growth_next_4obs,logistic_l2,raw_accounting_only,42,num__cash_equivalents,cash_equivalents,accounting_fundamental,1.21210162046126,1.21210162046126
success_quality_growth_next_4obs,logistic_l2,raw_accounting_only,42,num__net_income,net_income,accounting_fundamental,0.9926492748574068,0.9926492748574068
success_quality_growth_next_4obs,logistic_l2,raw_accounting_only,42,cat__Sector_Energy,Sector_Energy,sector,0.9743361636553768,-0.9743361636553768
success_quality_growth_next_4obs,logistic_l2,raw_accounting_only,42,num__missingindicator_total_revenue,total_revenue,accounting_fundamental,0.81560176393537,-0.81560176393537
success_quality_growth_next_4obs,logistic_l2,raw_accounting_only,42,cat__Sector_Technology,Sector_Technology,sector,0.7529407279199213,0.7529407279199213
success_quality_growth_next_4obs,logistic_l2,raw_accounting_only,42,cat__Sector_Healthcare,Sector_Healthcare,sector,0.7294896112571407,0.7294896112571407
success_quality_growth_next_4obs,logistic_l2,raw_accounting_only,42,cat__Sector_Basic Materials,Sector_Basic Materials,sector,0.7187575757928925,-0.7187575757928925
success_quality_growth_next_4obs,logistic_l2,raw_accounting_only,42,num__operating_income,operating_income,accounting_fundamental,0.6248395014870158,0.6248395014870158
success_quality_growth_next_4obs,logistic_l2,raw_accounting_only,42,num__missingindicator_total_equity,total_equity,accounting_fundamental,0.6160092385904196,-0.6160092385904196
success_quality_growth_next_4obs,logistic_l2,raw_accounting_only,42,cat__Sector_Consumer Cyclical,Sector_Consumer Cyclical,sector,0.4832115966061629,0.4832115966061629
success_quality_growth_next_4obs,logistic_l2,raw_accounting_only,42,cat__Sector_Consumer Defensive,Sector_Consumer Defensive,sector,0.3984211121916126,-0.3984211121916126
success_quality_growth_next_4obs,logistic_l2,raw_accounting_only,42,num__current_liabilities,current_liabilities,accounting_fundamental,0.343432539457837,-0.343432539457837
success_quality_growth_next_4obs,logistic_l2,raw_accounting_only,42,num__capex,capex,accounting_fundamental,0.2987432060134398,-0.2987432060134398
success_quality_growth_next_4obs,logistic_l2,raw_accounting_only,42,num__missingindicator_total_assets,total_assets,accounting_fundamental,0.18489521513659418,0.18489521513659418
success_quality_growth_next_4obs,logistic_l2,raw_accounting_only,42,num__missingindicator_cash_equivalents,cash_equivalents,accounting_fundamental,0.17881219741533008,-0.17881219741533008
success_quality_growth_next_4obs,logistic_l2,raw_accounting_only,42,num__total_revenue,total_revenue,accounting_fundamental,0.1784034934756271,-0.1784034934756271
success_quality_growth_next_4obs,logistic_l2,raw_accounting_only,42,cat__Sector_Industrials,Sector_Industrials,sector,0.16072295226961453,0.16072295226961453
success_quality_growth_next_4obs,logistic_l2,raw_accounting_only,42,num__current_assets,current_assets,accounting_fundamental,0.1444471394848876,0.1444471394848876
success_quality_growth_next_4obs,logistic_l2,raw_accounting_only,42,num__missingindicator_net_income,net_income,accounting_fundamental,0.09297696671332928,-0.09297696671332928
success_quality_growth_next_4obs,logistic_l2,raw_accounting_only,42,num__missingindicator_current_assets,current_assets,accounting_fundamental,0.07691321379673322,-0.07691321379673322
success_quality_growth_next_4obs,logistic_l2,raw_accounting_only,42,num__missingindicator_cash_flow_operating,cash_flow_operating,accounting_fundamental,0.07023494778533947,0.07023494778533947
success_quality_growth_next_4obs,logistic_l2,raw_accounting_only,42,cat__Sector_Financial Services,Sector_Financial Services,sector,0.06391119571268972,0.06391119571268972
success_quality_growth_next_4obs,logistic_l2,raw_accounting_only,42,num__missingindicator_current_liabilities,current_liabilities,accounting_fundamental,0.06144912586340353,-0.06144912586340353
success_quality_growth_next_4obs,logistic_l2,raw_accounting_only,42,num__cash_flow_operating,cash_flow_operating,accounting_fundamental,0.005554832919162221,-0.005554832919162221
success_quality_growth_next_4obs,logistic_l2,raw_accounting_only,42,num__missingindicator_capex,capex,accounting_fundamental,0.003723449216879467,-0.003723449216879467
success_quality_growth_next_4obs,logistic_l2,raw_accounting_only,42,num__missingindicator_gross_profit,gross_profit,accounting_fundamental,0.0033311597576227243,-0.0033311597576227243
success_quality_growth_next_4obs,logistic_l2,raw_accounting_only,42,num__gross_profit,gross_profit,accounting_fundamental,0.0016111154078301106,-0.0016111154078301106
success_quality_growth_next_4obs,random_forest,raw_accounting_only,42,num__missingindicator_total_liabilities,total_liabilities,accounting_fundamental,0.1638732585236406,0.1638732585236406
success_quality_growth_next_4obs,random_forest,raw_accounting_only,42,num__total_liabilities,total_liabilities,accounting_fundamental,0.13654773399188996,0.13654773399188996
success_quality_growth_next_4obs,random_forest,raw_accounting_only,42,num__operating_income,operating_income,accounting_fundamental,0.07822786824036293,0.07822786824036293
success_quality_growth_next_4obs,random_forest,raw_accounting_only,42,num__missingindicator_operating_income,operating_income,accounting_fundamental,0.07652436815704546,0.07652436815704546
success_quality_growth_next_4obs,random_forest,raw_accounting_only,42,num__net_income,net_income,accounting_fundamental,0.06480487217475936,0.06480487217475936
success_quality_growth_next_4obs,random_forest,raw_accounting_only,42,num__total_equity,total_equity,accounting_fundamental,0.05924345587720459,0.05924345587720459
success_quality_growth_next_4obs,random_forest,raw_accounting_only,42,num__cash_equivalents,cash_equivalents,accounting_fundamental,0.052010093000749276,0.052010093000749276
success_quality_growth_next_4obs,random_forest,raw_accounting_only,42,num__current_assets,current_assets,accounting_fundamental,0.04881304228745642,0.04881304228745642
success_quality_growth_next_4obs,random_forest,raw_accounting_only,42,num__current_liabilities,current_liabilities,accounting_fundamental,0.04119381927622977,0.04119381927622977
success_quality_growth_next_4obs,random_forest,raw_accounting_only,42,num__total_assets,total_assets,accounting_fundamental,0.04083249052059384,0.04083249052059384
success_quality_growth_next_4obs,random_forest,raw_accounting_only,42,num__total_revenue,total_revenue,accounting_fundamental,0.03355341377816695,0.03355341377816695
success_quality_growth_next_4obs,random_forest,raw_accounting_only,42,cat__Sector_Technology,Sector_Technology,sector,0.032386920920854795,0.032386920920854795
success_quality_growth_next_4obs,random_forest,raw_accounting_only,42,num__gross_profit,gross_profit,accounting_fundamental,0.019610589778183325,0.019610589778183325
success_quality_growth_next_4obs,random_forest,raw_accounting_only,42,num__capex,capex,accounting_fundamental,0.01922511965765038,0.01922511965765038
success_quality_growth_next_4obs,random_forest,raw_accounting_only,42,num__missingindicator_total_revenue,total_revenue,accounting_fundamental,0.018842077537340872,0.018842077537340872
success_quality_growth_next_4obs,random_forest,raw_accounting_only,42,num__cash_flow_operating,cash_flow_operating,accounting_fundamental,0.01627306306167806,0.01627306306167806
success_quality_growth_next_4obs,random_forest,raw_accounting_only,42,num__missingindicator_current_assets,current_assets,accounting_fundamental,0.01611980000388707,0.01611980000388707
success_quality_growth_next_4obs,random_forest,raw_accounting_only,42,cat__Sector_Utilities,Sector_Utilities,sector,0.015568846916623106,0.015568846916623106
success_quality_growth_next_4obs,random_forest,raw_accounting_only,42,num__missingindicator_current_liabilities,current_liabilities,accounting_fundamental,0.015409304009575237,0.015409304009575237
success_quality_growth_next_4obs,random_forest,raw_accounting_only,42,num__missingindicator_gross_profit,gross_profit,accounting_fundamental,0.009424713008649726,0.009424713008649726
success_quality_growth_next_4obs,random_forest,raw_accounting_only,42,cat__Sector_Real Estate,Sector_Real Estate,sector,0.006194585195634264,0.006194585195634264
success_quality_growth_next_4obs,random_forest,raw_accounting_only,42,cat__Sector_Energy,Sector_Energy,sector,0.004705962533419478,0.004705962533419478
success_quality_growth_next_4obs,random_forest,raw_accounting_only,42,cat__Sector_Healthcare,Sector_Healthcare,sector,0.0045547893190438496,0.0045547893190438496
success_quality_growth_next_4obs,random_forest,raw_accounting_only,42,num__missingindicator_capex,capex,accounting_fundamental,0.0041827741800064865,0.0041827741800064865
success_quality_growth_next_4obs,random_forest,raw_accounting_only,42,cat__Sector_Industrials,Sector_Industrials,sector,0.003553137241650128,0.003553137241650128
success_quality_growth_next_4obs,random_forest,raw_accounting_only,42,cat__Sector_Consumer Defensive,Sector_Consumer Defensive,sector,0.0032336230133548287,0.0032336230133548287
success_quality_growth_next_4obs,random_forest,raw_accounting_only,42,num__missingindicator_cash_flow_operating,cash_flow_operating,accounting_fundamental,0.003231082322916652,0.003231082322916652
success_quality_growth_next_4obs,random_forest,raw_accounting_only,42,cat__Sector_Communication Services,Sector_Communication Services,sector,0.0028318637503366964,0.0028318637503366964
success_quality_growth_next_4obs,random_forest,raw_accounting_only,42,cat__Sector_Financial Services,Sector_Financial Services,sector,0.0027336164771086593,0.0027336164771086593
success_quality_growth_next_4obs,random_forest,raw_accounting_only,42,cat__Sector_Consumer Cyclical,Sector_Consumer Cyclical,sector,0.0021858216449300544,0.0021858216449300544
success_quality_growth_next_4obs,random_forest,raw_accounting_only,42,num__missingindicator_cash_equivalents,cash_equivalents,accounting_fundamental,0.0017827074445690826,0.0017827074445690826
success_quality_growth_next_4obs,random_forest,raw_accounting_only,42,cat__Sector_Consumer Discretionary,Sector_Consumer Discretionary,sector,0.0006959488321501459,0.0006959488321501459
success_quality_growth_next_4obs,random_forest,raw_accounting_only,42,cat__Sector_Basic Materials,Sector_Basic Materials,sector,0.00067302527519926,0.00067302527519926
success_quality_growth_next_4obs,random_forest,raw_accounting_only,42,cat__Sector_Agriculture,Sector_Agriculture,sector,0.00048065530764992536,0.00048065530764992536
success_quality_growth_next_4obs,random_forest,raw_accounting_only,42,num__missingindicator_net_income,net_income,accounting_fundamental,0.0002736543543861361,0.0002736543543861361
success_quality_growth_next_4obs,random_forest,raw_accounting_only,42,num__missingindicator_total_equity,total_equity,accounting_fundamental,0.0002019023851024977,0.0002019023851024977
success_quality_growth_next_4obs,random_forest,raw_accounting_only,42,num__missingindicator_total_assets,total_assets,accounting_fundamental,3.6687330570482594e-18,3.6687330570482594e-18
success_quality_growth_next_4obs,gradient_boosting,raw_accounting_only,42,num__missingindicator_total_liabilities,total_liabilities,accounting_fundamental,0.31028022207567135,0.31028022207567135
success_quality_growth_next_4obs,gradient_boosting,raw_accounting_only,42,num__missingindicator_operating_income,operating_income,accounting_fundamental,0.22951816251506116,0.22951816251506116
success_quality_growth_next_4obs,gradient_boosting,raw_accounting_only,42,num__total_liabilities,total_liabilities,accounting_fundamental,0.09895733371714328,0.09895733371714328
success_quality_growth_next_4obs,gradient_boosting,raw_accounting_only,42,num__net_income,net_income,accounting_fundamental,0.08357283403453054,0.08357283403453054
success_quality_growth_next_4obs,gradient_boosting,raw_accounting_only,42,num__operating_income,operating_income,accounting_fundamental,0.05224208550013231,0.05224208550013231
success_quality_growth_next_4obs,gradient_boosting,raw_accounting_only,42,cat__Sector_Technology,Sector_Technology,sector,0.04698003703017507,0.04698003703017507
success_quality_growth_next_4obs,gradient_boosting,raw_accounting_only,42,num__cash_equivalents,cash_equivalents,accounting_fundamental,0.0398255890196366,0.0398255890196366
success_quality_growth_next_4obs,gradient_boosting,raw_accounting_only,42,num__total_equity,total_equity,accounting_fundamental,0.03461874603971106,0.03461874603971106
success_quality_growth_next_4obs,gradient_boosting,raw_accounting_only,42,num__current_assets,current_assets,accounting_fundamental,0.027788014324824372,0.027788014324824372
success_quality_growth_next_4obs,gradient_boosting,raw_accounting_only,42,num__missingindicator_total_revenue,total_revenue,accounting_fundamental,0.02014236098483575,0.02014236098483575
success_quality_growth_next_4obs,gradient_boosting,raw_accounting_only,42,num__total_revenue,total_revenue,accounting_fundamental,0.010482352477422581,0.010482352477422581
success_quality_growth_next_4obs,gradient_boosting,raw_accounting_only,42,num__current_liabilities,current_liabilities,accounting_fundamental,0.010295494430785057,0.010295494430785057
success_quality_growth_next_4obs,gradient_boosting,raw_accounting_only,42,cat__Sector_Utilities,Sector_Utilities,sector,0.007432681468836768,0.007432681468836768
success_quality_growth_next_4obs,gradient_boosting,raw_accounting_only,42,num__gross_profit,gross_profit,accounting_fundamental,0.006197251809302029,0.006197251809302029
success_quality_growth_next_4obs,gradient_boosting,raw_accounting_only,42,num__missingindicator_current_liabilities,current_liabilities,accounting_fundamental,0.005257401191624203,0.005257401191624203
success_quality_growth_next_4obs,gradient_boosting,raw_accounting_only,42,num__missingindicator_current_assets,current_assets,accounting_fundamental,0.004580207827956761,0.004580207827956761
success_quality_growth_next_4obs,gradient_boosting,raw_accounting_only,42,cat__Sector_Energy,Sector_Energy,sector,0.002423421564083496,0.002423421564083496
success_quality_growth_next_4obs,gradient_boosting,raw_accounting_only,42,num__capex,capex,accounting_fundamental,0.0023960656567356595,0.0023960656567356595
success_quality_growth_next_4obs,gradient_boosting,raw_accounting_only,42,cat__Sector_Real Estate,Sector_Real Estate,sector,0.0014826845237483769,0.0014826845237483769
success_quality_growth_next_4obs,gradient_boosting,raw_accounting_only,42,num__total_assets,total_assets,accounting_fundamental,0.0010861306116414066,0.0010861306116414066
success_quality_growth_next_4obs,gradient_boosting,raw_accounting_only,42,num__cash_flow_operating,cash_flow_operating,accounting_fundamental,0.0010248419139794152,0.0010248419139794152
success_quality_growth_next_4obs,gradient_boosting,raw_accounting_only,42,cat__Sector_Industrials,Sector_Industrials,sector,0.000724291501848036,0.000724291501848036
success_quality_growth_next_4obs,gradient_boosting,raw_accounting_only,42,num__missingindicator_cash_equivalents,cash_equivalents,accounting_fundamental,0.0005950141456149118,0.0005950141456149118
success_quality_growth_next_4obs,gradient_boosting,raw_accounting_only,42,cat__Sector_Consumer Discretionary,Sector_Consumer Discretionary,sector,0.0005497817274845963,0.0005497817274845963
success_quality_growth_next_4obs,gradient_boosting,raw_accounting_only,42,cat__Sector_Consumer Defensive,Sector_Consumer Defensive,sector,0.00039068128356472214,0.00039068128356472214
success_quality_growth_next_4obs,gradient_boosting,raw_accounting_only,42,cat__Sector_Healthcare,Sector_Healthcare,sector,0.0003731535570848923,0.0003731535570848923
success_quality_growth_next_4obs,gradient_boosting,raw_accounting_only,42,cat__Sector_Communication Services,Sector_Communication Services,sector,0.000326064265735241,0.000326064265735241
success_quality_growth_next_4obs,gradient_boosting,raw_accounting_only,42,cat__Sector_Basic Materials,Sector_Basic Materials,sector,0.00021031712261874931,0.00021031712261874931
success_quality_growth_next_4obs,gradient_boosting,raw_accounting_only,42,cat__Sector_Agriculture,Sector_Agriculture,sector,0.00010353603501763048,0.00010353603501763048
success_quality_growth_next_4obs,gradient_boosting,raw_accounting_only,42,num__missingindicator_capex,capex,accounting_fundamental,8.285650685967444e-05,8.285650685967444e-05
success_quality_growth_next_4obs,gradient_boosting,raw_accounting_only,42,cat__Sector_Consumer Cyclical,Sector_Consumer Cyclical,sector,6.038513633418854e-05,6.038513633418854e-05
success_quality_growth_next_4obs,gradient_boosting,raw_accounting_only,42,cat__Sector_Financial Services,Sector_Financial Services,sector,0.0,0.0
success_quality_growth_next_4obs,gradient_boosting,raw_accounting_only,42,num__missingindicator_cash_flow_operating,cash_flow_operating,accounting_fundamental,0.0,0.0
success_quality_growth_next_4obs,gradient_boosting,raw_accounting_only,42,num__missingindicator_net_income,net_income,accounting_fundamental,0.0,0.0
success_quality_growth_next_4obs,gradient_boosting,raw_accounting_only,42,num__missingindicator_gross_profit,gross_profit,accounting_fundamental,0.0,0.0
success_quality_growth_next_4obs,gradient_boosting,raw_accounting_only,42,num__missingindicator_total_equity,total_equity,accounting_fundamental,0.0,0.0
success_quality_growth_next_4obs,gradient_boosting,raw_accounting_only,42,num__missingindicator_total_assets,total_assets,accounting_fundamental,0.0,0.0
success_quality_growth_next_4obs,logistic_l2,macro_event_only,42,num__GDPC1,GDPC1,macro,2.7823430966027707,2.7823430966027707
success_quality_growth_next_4obs,logistic_l2,macro_event_only,42,cat__Sector_Utilities,Sector_Utilities,sector,2.707849590827496,-2.707849590827496
success_quality_growth_next_4obs,logistic_l2,macro_event_only,42,cat__Sector_Consumer Discretionary,Sector_Consumer Discretionary,sector,2.6457499414274928,2.6457499414274928
success_quality_growth_next_4obs,logistic_l2,macro_event_only,42,num__PAYEMS,PAYEMS,macro,2.235177454459561,-2.235177454459561
success_quality_growth_next_4obs,logistic_l2,macro_event_only,42,cat__Sector_Agriculture,Sector_Agriculture,sector,2.160988398179223,-2.160988398179223
success_quality_growth_next_4obs,logistic_l2,macro_event_only,42,cat__Sector_Technology,Sector_Technology,sector,1.8266051481097245,1.8266051481097245
success_quality_growth_next_4obs,logistic_l2,macro_event_only,42,num__RSAFS,RSAFS,macro,1.5167593426278083,-1.5167593426278083
success_quality_growth_next_4obs,logistic_l2,macro_event_only,42,cat__Sector_Real Estate,Sector_Real Estate,sector,1.0393056401430942,-1.0393056401430942
success_quality_growth_next_4obs,logistic_l2,macro_event_only,42,num__UNRATE,UNRATE,macro,0.9572838442712945,-0.9572838442712945
success_quality_growth_next_4obs,logistic_l2,macro_event_only,42,num__BUSLOANS,BUSLOANS,macro,0.8929793443848628,-0.8929793443848628
success_quality_growth_next_4obs,logistic_l2,macro_event_only,42,cat__Sector_Energy,Sector_Energy,sector,0.8496292793187873,-0.8496292793187873
success_quality_growth_next_4obs,logistic_l2,macro_event_only,42,cat__Sector_Consumer Cyclical,Sector_Consumer Cyclical,sector,0.7912447797949782,0.7912447797949782
success_quality_growth_next_4obs,logistic_l2,macro_event_only,42,cat__Sector_Healthcare,Sector_Healthcare,sector,0.7848629813725032,0.7848629813725032
success_quality_growth_next_4obs,logistic_l2,macro_event_only,42,num__T10Y2Y,T10Y2Y,macro,0.6896082120995768,-0.6896082120995768
success_quality_growth_next_4obs,logistic_l2,macro_event_only,42,num__T10Y3M,T10Y3M,macro,0.5540215003740223,0.5540215003740223
success_quality_growth_next_4obs,logistic_l2,macro_event_only,42,cat__Sector_Industrials,Sector_Industrials,sector,0.4389855908380453,0.4389855908380453
success_quality_growth_next_4obs,logistic_l2,macro_event_only,42,num__INDPRO,INDPRO,macro,0.3704576780251116,-0.3704576780251116
success_quality_growth_next_4obs,logistic_l2,macro_event_only,42,num__M2SL,M2SL,macro,0.36788398727267707,0.36788398727267707
success_quality_growth_next_4obs,logistic_l2,macro_event_only,42,num__PPIACO_yoy_pct,PPIACO_yoy_pct,macro,0.366607872284025,0.366607872284025
success_quality_growth_next_4obs,logistic_l2,macro_event_only,42,num__NFCI,NFCI,macro,0.3401794883518925,-0.3401794883518925
success_quality_growth_next_4obs,logistic_l2,macro_event_only,42,cat__Sector_Basic Materials,Sector_Basic Materials,sector,0.3214524446866992,-0.3214524446866992
success_quality_growth_next_4obs,logistic_l2,macro_event_only,42,num__missingindicator_VIXCLS,VIXCLS,macro,0.27853363928365976,-0.27853363928365976
success_quality_growth_next_4obs,logistic_l2,macro_event_only,42,num__demand_slowdown_regime,demand_slowdown_regime,regime_time,0.2694591846316121,0.2694591846316121
success_quality_growth_next_4obs,logistic_l2,macro_event_only,42,num__DCOILWTICO_yoy_pct,DCOILWTICO_yoy_pct,macro,0.2657910818452607,0.2657910818452607
success_quality_growth_next_4obs,logistic_l2,macro_event_only,42,num__missingindicator_BAMLH0A0HYM2,BAMLH0A0HYM2,macro,0.26343109641511864,-0.26343109641511864
success_quality_growth_next_4obs,logistic_l2,macro_event_only,42,num__FEDFUNDS,FEDFUNDS,macro,0.2367402013086525,0.2367402013086525
success_quality_growth_next_4obs,logistic_l2,macro_event_only,42,num__CPIAUCSL,CPIAUCSL,macro,0.23126402610841973,0.23126402610841973
success_quality_growth_next_4obs,logistic_l2,macro_event_only,42,num__DTWEXBGS_yoy_pct,DTWEXBGS_yoy_pct,macro,0.2165359440080132,0.2165359440080132
success_quality_growth_next_4obs,logistic_l2,macro_event_only,42,num__DTWEXBGS,DTWEXBGS,macro,0.20920830541505225,-0.20920830541505225
success_quality_growth_next_4obs,logistic_l2,macro_event_only,42,num__M2SL_yoy_pct,M2SL_yoy_pct,macro,0.19040947029063943,0.19040947029063943
success_quality_growth_next_4obs,logistic_l2,macro_event_only,42,num__missingindicator_DCOILWTICO,DCOILWTICO,macro,0.18669285755619275,0.18669285755619275
success_quality_growth_next_4obs,logistic_l2,macro_event_only,42,num__BUSLOANS_yoy_pct,BUSLOANS_yoy_pct,macro,0.18658936864757442,0.18658936864757442
success_quality_growth_next_4obs,logistic_l2,macro_event_only,42,num__credit_spread_stress_regime,credit_spread_stress_regime,regime_time,0.16657866860009696,0.16657866860009696
success_quality_growth_next_4obs,logistic_l2,macro_event_only,42,num__BAMLH0A0HYM2,BAMLH0A0HYM2,macro,0.16403435459386928,0.16403435459386928
success_quality_growth_next_4obs,logistic_l2,macro_event_only,42,num__tight_financial_conditions,tight_financial_conditions,regime_time,0.1391387916923078,-0.1391387916923078
success_quality_growth_next_4obs,logistic_l2,macro_event_only,42,num__oil_shock_regime,oil_shock_regime,regime_time,0.13579091594709114,-0.13579091594709114
success_quality_growth_next_4obs,logistic_l2,macro_event_only,42,num__DCOILWTICO,DCOILWTICO,macro,0.1256957722176079,-0.1256957722176079
success_quality_growth_next_4obs,logistic_l2,macro_event_only,42,num__missingindicator_T10Y2Y,T10Y2Y,macro,0.105791463079144,0.105791463079144
success_quality_growth_next_4obs,logistic_l2,macro_event_only,42,num__missingindicator_T10Y3M,T10Y3M,macro,0.105791463079144,0.105791463079144
success_quality_growth_next_4obs,logistic_l2,macro_event_only,42,num__INDPRO_yoy_pct,INDPRO_yoy_pct,macro,0.10443450143494386,-0.10443450143494386
success_quality_growth_next_4obs,random_forest,macro_event_only,42,cat__Sector_Technology,Sector_Technology,sector,0.12500033036124086,0.12500033036124086
success_quality_growth_next_4obs,random_forest,macro_event_only,42,num__USEPUINDXD,USEPUINDXD,macro,0.0572162953908108,0.0572162953908108
success_quality_growth_next_4obs,random_forest,macro_event_only,42,num__VIXCLS,VIXCLS,macro,0.05252263574336747,0.05252263574336747
success_quality_growth_next_4obs,random_forest,macro_event_only,42,num__DTWEXBGS_yoy_pct,DTWEXBGS_yoy_pct,macro,0.05070813764225798,0.05070813764225798
success_quality_growth_next_4obs,random_forest,macro_event_only,42,num__DTWEXBGS,DTWEXBGS,macro,0.04942852020138396,0.04942852020138396
success_quality_growth_next_4obs,random_forest,macro_event_only,42,num__DCOILWTICO_yoy_pct,DCOILWTICO_yoy_pct,macro,0.048807645913913095,0.048807645913913095
success_quality_growth_next_4obs,random_forest,macro_event_only,42,num__DCOILWTICO,DCOILWTICO,macro,0.047451104096399015,0.047451104096399015
success_quality_growth_next_4obs,random_forest,macro_event_only,42,cat__Sector_Utilities,Sector_Utilities,sector,0.044448617296295734,0.044448617296295734
success_quality_growth_next_4obs,random_forest,macro_event_only,42,num__BAMLH0A0HYM2,BAMLH0A0HYM2,macro,0.04443594586254702,0.04443594586254702
success_quality_growth_next_4obs,random_forest,macro_event_only,42,num__T10Y3M,T10Y3M,macro,0.04269155437561134,0.04269155437561134
success_quality_growth_next_4obs,random_forest,macro_event_only,42,num__T10Y2Y,T10Y2Y,macro,0.04175604169476428,0.04175604169476428
success_quality_growth_next_4obs,random_forest,macro_event_only,42,num__NFCI,NFCI,macro,0.029289361528578826,0.029289361528578826
success_quality_growth_next_4obs,random_forest,macro_event_only,42,cat__Sector_Energy,Sector_Energy,sector,0.025927175896978655,0.025927175896978655
success_quality_growth_next_4obs,random_forest,macro_event_only,42,cat__Sector_Real Estate,Sector_Real Estate,sector,0.02252725484580829,0.02252725484580829
success_quality_growth_next_4obs,random_forest,macro_event_only,42,cat__Sector_Industrials,Sector_Industrials,sector,0.020095802420248672,0.020095802420248672
success_quality_growth_next_4obs,random_forest,macro_event_only,42,cat__Sector_Financial Services,Sector_Financial Services,sector,0.018983350391919257,0.018983350391919257
success_quality_growth_next_4obs,random_forest,macro_event_only,42,cat__Sector_Consumer Cyclical,Sector_Consumer Cyclical,sector,0.01612923249025265,0.01612923249025265
success_quality_growth_next_4obs,random_forest,macro_event_only,42,cat__Sector_Healthcare,Sector_Healthcare,sector,0.01341229775648179,0.01341229775648179
success_quality_growth_next_4obs,random_forest,macro_event_only,42,num__HOUST,HOUST,macro,0.0130925280279316,0.0130925280279316
success_quality_growth_next_4obs,random_forest,macro_event_only,42,num__HOUST_yoy_pct,HOUST_yoy_pct,macro,0.012900770553919354,0.012900770553919354
success_quality_growth_next_4obs,random_forest,macro_event_only,42,num__PPIACO_yoy_pct,PPIACO_yoy_pct,macro,0.011520794199739934,0.011520794199739934
success_quality_growth_next_4obs,random_forest,macro_event_only,42,num__CPIAUCSL_yoy_pct,CPIAUCSL_yoy_pct,macro,0.011323812811617893,0.011323812811617893
success_quality_growth_next_4obs,random_forest,macro_event_only,42,num__BUSLOANS_yoy_pct,BUSLOANS_yoy_pct,macro,0.011121416838247272,0.011121416838247272
success_quality_growth_next_4obs,random_forest,macro_event_only,42,num__M2SL_yoy_pct,M2SL_yoy_pct,macro,0.01096422313931338,0.01096422313931338
success_quality_growth_next_4obs,random_forest,macro_event_only,42,num__RSAFS_yoy_pct,RSAFS_yoy_pct,macro,0.01092593123210407,0.01092593123210407
success_quality_growth_next_4obs,random_forest,macro_event_only,42,num__PAYEMS_yoy_pct,PAYEMS_yoy_pct,macro,0.010820043271227174,0.010820043271227174
success_quality_growth_next_4obs,random_forest,macro_event_only,42,num__INDPRO_yoy_pct,INDPRO_yoy_pct,macro,0.01074749227937695,0.01074749227937695
success_quality_growth_next_4obs,random_forest,macro_event_only,42,num__CPIAUCSL,CPIAUCSL,macro,0.010720579883732456,0.010720579883732456
success_quality_growth_next_4obs,random_forest,macro_event_only,42,num__GS10,GS10,macro,0.010403861937924258,0.010403861937924258
success_quality_growth_next_4obs,random_forest,macro_event_only,42,num__M2SL,M2SL,macro,0.010164613892992513,0.010164613892992513
success_quality_growth_next_4obs,random_forest,macro_event_only,42,num__RSAFS,RSAFS,macro,0.009970851817041274,0.009970851817041274
success_quality_growth_next_4obs,random_forest,macro_event_only,42,num__INDPRO,INDPRO,macro,0.009915959544259235,0.009915959544259235
success_quality_growth_next_4obs,random_forest,macro_event_only,42,num__BUSLOANS,BUSLOANS,macro,0.009888653445492144,0.009888653445492144
success_quality_growth_next_4obs,random_forest,macro_event_only,42,num__PPIACO,PPIACO,macro,0.009789302022802834,0.009789302022802834
success_quality_growth_next_4obs,random_forest,macro_event_only,42,num__PAYEMS,PAYEMS,macro,0.0088325091646725,0.0088325091646725
success_quality_growth_next_4obs,random_forest,macro_event_only,42,cat__Sector_Communication Services,Sector_Communication Services,sector,0.00880233494185345,0.00880233494185345
success_quality_growth_next_4obs,random_forest,macro_event_only,42,num__UNRATE,UNRATE,macro,0.008191813009032115,0.008191813009032115
success_quality_growth_next_4obs,random_forest,macro_event_only,42,num__FEDFUNDS,FEDFUNDS,macro,0.0075277969042357885,0.0075277969042357885
success_quality_growth_next_4obs,random_forest,macro_event_only,42,num__DRTSCILM,DRTSCILM,macro,0.0051753083862369495,0.0051753083862369495
success_quality_growth_next_4obs,random_forest,macro_event_only,42,num__GDPC1,GDPC1,macro,0.005071269008963797,0.005071269008963797
success_quality_growth_next_4obs,gradient_boosting,macro_event_only,42,cat__Sector_Technology,Sector_Technology,sector,0.4321070264687252,0.4321070264687252
success_quality_growth_next_4obs,gradient_boosting,macro_event_only,42,cat__Sector_Utilities,Sector_Utilities,sector,0.1135283624580368,0.1135283624580368
success_quality_growth_next_4obs,gradient_boosting,macro_event_only,42,cat__Sector_Energy,Sector_Energy,sector,0.057640447061094696,0.057640447061094696
success_quality_growth_next_4obs,gradient_boosting,macro_event_only,42,cat__Sector_Real Estate,Sector_Real Estate,sector,0.04927894364676182,0.04927894364676182
success_quality_growth_next_4obs,gradient_boosting,macro_event_only,42,cat__Sector_Consumer Cyclical,Sector_Consumer Cyclical,sector,0.032212944543458195,0.032212944543458195
success_quality_growth_next_4obs,gradient_boosting,macro_event_only,42,num__USEPUINDXD,USEPUINDXD,macro,0.025168901025200058,0.025168901025200058
success_quality_growth_next_4obs,gradient_boosting,macro_event_only,42,cat__Sector_Healthcare,Sector_Healthcare,sector,0.023511406168668734,0.023511406168668734
success_quality_growth_next_4obs,gradient_boosting,macro_event_only,42,num__T10Y3M,T10Y3M,macro,0.02307882707364052,0.02307882707364052
success_quality_growth_next_4obs,gradient_boosting,macro_event_only,42,cat__Sector_Consumer Discretionary,Sector_Consumer Discretionary,sector,0.02179286717818536,0.02179286717818536
success_quality_growth_next_4obs,gradient_boosting,macro_event_only,42,num__CPIAUCSL,CPIAUCSL,macro,0.0205061233589173,0.0205061233589173
success_quality_growth_next_4obs,gradient_boosting,macro_event_only,42,num__VIXCLS,VIXCLS,macro,0.018568228792698538,0.018568228792698538
success_quality_growth_next_4obs,gradient_boosting,macro_event_only,42,num__DCOILWTICO,DCOILWTICO,macro,0.018124156874072647,0.018124156874072647
success_quality_growth_next_4obs,gradient_boosting,macro_event_only,42,cat__Sector_Financial Services,Sector_Financial Services,sector,0.01683903621260055,0.01683903621260055
success_quality_growth_next_4obs,gradient_boosting,macro_event_only,42,num__DCOILWTICO_yoy_pct,DCOILWTICO_yoy_pct,macro,0.01680289370972671,0.01680289370972671
success_quality_growth_next_4obs,gradient_boosting,macro_event_only,42,num__NFCI,NFCI,macro,0.01086567183281179,0.01086567183281179
success_quality_growth_next_4obs,gradient_boosting,macro_event_only,42,num__RSAFS,RSAFS,macro,0.010712358615222987,0.010712358615222987
success_quality_growth_next_4obs,gradient_boosting,macro_event_only,42,num__T10Y2Y,T10Y2Y,macro,0.010425477921332128,0.010425477921332128
success_quality_growth_next_4obs,gradient_boosting,macro_event_only,42,num__DTWEXBGS_yoy_pct,DTWEXBGS_yoy_pct,macro,0.009711702431226415,0.009711702431226415
success_quality_growth_next_4obs,gradient_boosting,macro_event_only,42,num__PPIACO,PPIACO,macro,0.0076868060570455055,0.0076868060570455055
success_quality_growth_next_4obs,gradient_boosting,macro_event_only,42,num__PPIACO_yoy_pct,PPIACO_yoy_pct,macro,0.007665358982050655,0.007665358982050655
success_quality_growth_next_4obs,gradient_boosting,macro_event_only,42,num__DTWEXBGS,DTWEXBGS,macro,0.0074471548032253795,0.0074471548032253795
success_quality_growth_next_4obs,gradient_boosting,macro_event_only,42,cat__Sector_Communication Services,Sector_Communication Services,sector,0.007296443482816615,0.007296443482816615
success_quality_growth_next_4obs,gradient_boosting,macro_event_only,42,num__BAMLH0A0HYM2,BAMLH0A0HYM2,macro,0.007235385859175999,0.007235385859175999
success_quality_growth_next_4obs,gradient_boosting,macro_event_only,42,num__UNRATE,UNRATE,macro,0.005922095960915747,0.005922095960915747
success_quality_growth_next_4obs,gradient_boosting,macro_event_only,42,cat__Sector_Agriculture,Sector_Agriculture,sector,0.005088654445760651,0.005088654445760651
success_quality_growth_next_4obs,gradient_boosting,macro_event_only,42,num__M2SL_yoy_pct,M2SL_yoy_pct,macro,0.004737699615943374,0.004737699615943374
success_quality_growth_next_4obs,gradient_boosting,macro_event_only,42,num__HOUST_yoy_pct,HOUST_yoy_pct,macro,0.004574893937598087,0.004574893937598087
success_quality_growth_next_4obs,gradient_boosting,macro_event_only,42,num__BUSLOANS,BUSLOANS,macro,0.0036372491057881464,0.0036372491057881464
success_quality_growth_next_4obs,gradient_boosting,macro_event_only,42,cat__Sector_Industrials,Sector_Industrials,sector,0.0032755780714373963,0.0032755780714373963
success_quality_growth_next_4obs,gradient_boosting,macro_event_only,42,num__INDPRO,INDPRO,macro,0.002806703138222871,0.002806703138222871
success_quality_growth_next_4obs,gradient_boosting,macro_event_only,42,num__FEDFUNDS,FEDFUNDS,macro,0.0027293470310688385,0.0027293470310688385
success_quality_growth_next_4obs,gradient_boosting,macro_event_only,42,cat__Sector_Basic Materials,Sector_Basic Materials,sector,0.002519457163651911,0.002519457163651911
success_quality_growth_next_4obs,gradient_boosting,macro_event_only,42,num__HOUST,HOUST,macro,0.0022895667743667828,0.0022895667743667828
success_quality_growth_next_4obs,gradient_boosting,macro_event_only,42,num__BUSLOANS_yoy_pct,BUSLOANS_yoy_pct,macro,0.0020418095274416645,0.0020418095274416645
success_quality_growth_next_4obs,gradient_boosting,macro_event_only,42,num__GS10,GS10,macro,0.0018627226414849644,0.0018627226414849644
success_quality_growth_next_4obs,gradient_boosting,macro_event_only,42,num__INDPRO_yoy_pct,INDPRO_yoy_pct,macro,0.001709537022007749,0.001709537022007749
success_quality_growth_next_4obs,gradient_boosting,macro_event_only,42,num__RSAFS_yoy_pct,RSAFS_yoy_pct,macro,0.0014776577405804792,0.0014776577405804792
success_quality_growth_next_4obs,gradient_boosting,macro_event_only,42,num__M2SL,M2SL,macro,0.0014421813954651071,0.0014421813954651071
success_quality_growth_next_4obs,gradient_boosting,macro_event_only,42,num__PAYEMS_yoy_pct,PAYEMS_yoy_pct,macro,0.0012851460263704035,0.0012851460263704035
success_quality_growth_next_4obs,gradient_boosting,macro_event_only,42,num__CPIAUCSL_yoy_pct,CPIAUCSL_yoy_pct,macro,0.000787142824474219,0.000787142824474219
success_quality_growth_next_4obs,logistic_l2,all_features,42,num__total_assets,total_assets,accounting_fundamental,5.1776407016961565,-5.1776407016961565
success_quality_growth_next_4obs,logistic_l2,all_features,42,num__total_liabilities,total_liabilities,accounting_fundamental,3.2087246752428085,-3.2087246752428085
success_quality_growth_next_4obs,logistic_l2,all_features,42,cat__Sector_Agriculture,Sector_Agriculture,sector,2.8102012373484286,-2.8102012373484286
success_quality_growth_next_4obs,logistic_l2,all_features,42,num__roa_lag1,roa_lag1,firm_trend,2.4051935249758953,2.4051935249758953
success_quality_growth_next_4obs,logistic_l2,all_features,42,cat__Sector_Utilities,Sector_Utilities,sector,2.128280022594678,-2.128280022594678
success_quality_growth_next_4obs,logistic_l2,all_features,42,cat__Sector_Consumer Discretionary,Sector_Consumer Discretionary,sector,2.0619350503312486,2.0619350503312486
success_quality_growth_next_4obs,logistic_l2,all_features,42,num__missingindicator_operating_income,operating_income,accounting_fundamental,1.5406900322047985,-1.5406900322047985
success_quality_growth_next_4obs,logistic_l2,all_features,42,num__roa,roa,financial_ratio,1.4108083031242054,1.4108083031242054
success_quality_growth_next_4obs,logistic_l2,all_features,42,num__cash_equivalents,cash_equivalents,accounting_fundamental,1.4024098929346018,1.4024098929346018
success_quality_growth_next_4obs,logistic_l2,all_features,42,cat__Sector_Basic Materials,Sector_Basic Materials,sector,1.3060659814527655,-1.3060659814527655
success_quality_growth_next_4obs,logistic_l2,all_features,42,num__total_equity,total_equity,accounting_fundamental,1.2587988833378243,1.2587988833378243
success_quality_growth_next_4obs,logistic_l2,all_features,42,num__PAYEMS,PAYEMS,macro,1.176973420985746,-1.176973420985746
success_quality_growth_next_4obs,logistic_l2,all_features,42,num__missingindicator_total_liabilities,total_liabilities,accounting_fundamental,1.1679305787741985,-1.1679305787741985
success_quality_growth_next_4obs,logistic_l2,all_features,42,num__missingindicator_leverage_assets,leverage_assets,financial_ratio,1.1665253922350318,-1.1665253922350318
success_quality_growth_next_4obs,logistic_l2,all_features,42,num__missingindicator_net_margin,net_margin,financial_ratio,1.1284008195388702,-1.1284008195388702
success_quality_growth_next_4obs,logistic_l2,all_features,42,num__leverage_assets_lag1,leverage_assets_lag1,firm_trend,1.0300865052299688,-1.0300865052299688
success_quality_growth_next_4obs,logistic_l2,all_features,42,num__UNRATE,UNRATE,macro,0.9857995003028757,-0.9857995003028757
success_quality_growth_next_4obs,logistic_l2,all_features,42,num__INDPRO,INDPRO,macro,0.9166826903708691,-0.9166826903708691
success_quality_growth_next_4obs,logistic_l2,all_features,42,cat__Sector_Energy,Sector_Energy,sector,0.8952659658702112,-0.8952659658702112
success_quality_growth_next_4obs,logistic_l2,all_features,42,num__equity_assets,equity_assets,financial_ratio,0.8191762436680555,0.8191762436680555
success_quality_growth_next_4obs,logistic_l2,all_features,42,num__CPIAUCSL,CPIAUCSL,macro,0.7663136301137686,0.7663136301137686
success_quality_growth_next_4obs,logistic_l2,all_features,42,num__BUSLOANS,BUSLOANS,macro,0.7621958948066769,-0.7621958948066769
success_quality_growth_next_4obs,logistic_l2,all_features,42,num__T10Y3M,T10Y3M,macro,0.7572215277771892,0.7572215277771892
success_quality_growth_next_4obs,logistic_l2,all_features,42,num__T10Y2Y,T10Y2Y,macro,0.7507576379202537,-0.7507576379202537
success_quality_growth_next_4obs,logistic_l2,all_features,42,cat__Sector_Real Estate,Sector_Real Estate,sector,0.7387056166853515,-0.7387056166853515
success_quality_growth_next_4obs,logistic_l2,all_features,42,cat__Sector_Communication Services,Sector_Communication Services,sector,0.706899476704182,-0.706899476704182
success_quality_growth_next_4obs,logistic_l2,all_features,42,num__missingindicator_operating_margin_lag1,operating_margin_lag1,firm_trend,0.7047510948819744,-0.7047510948819744
success_quality_growth_next_4obs,logistic_l2,all_features,42,num__GDPC1,GDPC1,macro,0.7027009023906582,0.7027009023906582
success_quality_growth_next_4obs,logistic_l2,all_features,42,num__leverage_assets,leverage_assets,financial_ratio,0.6455840386496333,-0.6455840386496333
success_quality_growth_next_4obs,logistic_l2,all_features,42,num__net_margin_lag1,net_margin_lag1,firm_trend,0.6306737602957709,0.6306737602957709
success_quality_growth_next_4obs,logistic_l2,all_features,42,num__net_income_negative_count_prior_4obs,net_income_negative_count_prior_4obs,firm_trend,0.6039057124901559,-0.6039057124901559
success_quality_growth_next_4obs,logistic_l2,all_features,42,cat__Sector_Technology,Sector_Technology,sector,0.5871530925096102,0.5871530925096102
success_quality_growth_next_4obs,logistic_l2,all_features,42,num__operating_margin_lag1,operating_margin_lag1,firm_trend,0.5235029283324134,-0.5235029283324134
success_quality_growth_next_4obs,logistic_l2,all_features,42,num__missingindicator_current_ratio_change_4obs,current_ratio_change_4obs,firm_trend,0.47299586146934114,0.47299586146934114
success_quality_growth_next_4obs,logistic_l2,all_features,42,num__operating_income,operating_income,accounting_fundamental,0.4672530949723771,0.4672530949723771
success_quality_growth_next_4obs,logistic_l2,all_features,42,num__NFCI,NFCI,macro,0.46240520171546007,-0.46240520171546007
success_quality_growth_next_4obs,logistic_l2,all_features,42,num__missingindicator_total_revenue,total_revenue,accounting_fundamental,0.45715199205191737,0.45715199205191737
success_quality_growth_next_4obs,logistic_l2,all_features,42,num__net_income,net_income,accounting_fundamental,0.45294035769752583,0.45294035769752583
success_quality_growth_next_4obs,logistic_l2,all_features,42,num__missingindicator_cash_assets_change_4obs,cash_assets_change_4obs,firm_trend,0.45100579384331935,-0.45100579384331935
success_quality_growth_next_4obs,logistic_l2,all_features,42,num__INDPRO_yoy_pct,INDPRO_yoy_pct,macro,0.44420194638750604,0.44420194638750604
success_quality_growth_next_4obs,random_forest,all_features,42,num__leverage_assets,leverage_assets,financial_ratio,0.07229329307920887,0.07229329307920887
success_quality_growth_next_4obs,random_forest,all_features,42,num__roa,roa,financial_ratio,0.0685003192101774,0.0685003192101774
success_quality_growth_next_4obs,random_forest,all_features,42,num__roa_lag1,roa_lag1,firm_trend,0.06429907524196879,0.06429907524196879
success_quality_growth_next_4obs,random_forest,all_features,42,num__leverage_assets_lag1,leverage_assets_lag1,firm_trend,0.061366959163312466,0.061366959163312466
success_quality_growth_next_4obs,random_forest,all_features,42,num__equity_assets,equity_assets,financial_ratio,0.049308959282349914,0.049308959282349914
success_quality_growth_next_4obs,random_forest,all_features,42,num__missingindicator_leverage_assets,leverage_assets,financial_ratio,0.04693825841906006,0.04693825841906006
success_quality_growth_next_4obs,random_forest,all_features,42,num__missingindicator_total_liabilities,total_liabilities,accounting_fundamental,0.04272572198617545,0.04272572198617545
success_quality_growth_next_4obs,random_forest,all_features,42,num__missingindicator_operating_margin,operating_margin,financial_ratio,0.03154227760478679,0.03154227760478679
success_quality_growth_next_4obs,random_forest,all_features,42,num__operating_margin,operating_margin,financial_ratio,0.03052996340734876,0.03052996340734876
success_quality_growth_next_4obs,random_forest,all_features,42,num__cash_assets,cash_assets,financial_ratio,0.030411279414143916,0.030411279414143916
success_quality_growth_next_4obs,random_forest,all_features,42,num__missingindicator_leverage_assets_lag1,leverage_assets_lag1,firm_trend,0.02648923311652166,0.02648923311652166
success_quality_growth_next_4obs,random_forest,all_features,42,num__cash_assets_lag1,cash_assets_lag1,firm_trend,0.024178745100576972,0.024178745100576972
success_quality_growth_next_4obs,random_forest,all_features,42,num__missingindicator_operating_margin_lag1,operating_margin_lag1,firm_trend,0.024109281854080036,0.024109281854080036
success_quality_growth_next_4obs,random_forest,all_features,42,num__current_ratio,current_ratio,financial_ratio,0.023053460589643426,0.023053460589643426
success_quality_growth_next_4obs,random_forest,all_features,42,num__net_margin,net_margin,financial_ratio,0.021083523449234202,0.021083523449234202
success_quality_growth_next_4obs,random_forest,all_features,42,num__total_liabilities,total_liabilities,accounting_fundamental,0.02043189152691897,0.02043189152691897
success_quality_growth_next_4obs,random_forest,all_features,42,num__operating_margin_lag1,operating_margin_lag1,firm_trend,0.019193582329304,0.019193582329304
success_quality_growth_next_4obs,random_forest,all_features,42,num__net_margin_lag1,net_margin_lag1,firm_trend,0.018565485874958588,0.018565485874958588
success_quality_growth_next_4obs,random_forest,all_features,42,num__missingindicator_operating_income,operating_income,accounting_fundamental,0.015632684570475893,0.015632684570475893
success_quality_growth_next_4obs,random_forest,all_features,42,num__current_ratio_lag1,current_ratio_lag1,firm_trend,0.011709358240481502,0.011709358240481502
success_quality_growth_next_4obs,random_forest,all_features,42,num__missingindicator_total_liabilities_growth_4obs,total_liabilities_growth_4obs,firm_trend,0.010442950153424209,0.010442950153424209
success_quality_growth_next_4obs,random_forest,all_features,42,num__operating_income,operating_income,accounting_fundamental,0.010261682103015788,0.010261682103015788
success_quality_growth_next_4obs,random_forest,all_features,42,num__total_equity,total_equity,accounting_fundamental,0.008782381312243704,0.008782381312243704
success_quality_growth_next_4obs,random_forest,all_features,42,num__missingindicator_operating_margin_change_4obs,operating_margin_change_4obs,firm_trend,0.008295457650848674,0.008295457650848674
success_quality_growth_next_4obs,random_forest,all_features,42,num__total_assets,total_assets,accounting_fundamental,0.008217676646545189,0.008217676646545189
success_quality_growth_next_4obs,random_forest,all_features,42,num__missingindicator_leverage_assets_change_4obs,leverage_assets_change_4obs,firm_trend,0.00819584068987201,0.00819584068987201
success_quality_growth_next_4obs,random_forest,all_features,42,num__net_income,net_income,accounting_fundamental,0.007861632972282593,0.007861632972282593
success_quality_growth_next_4obs,random_forest,all_features,42,num__current_assets,current_assets,accounting_fundamental,0.007828808155674464,0.007828808155674464
success_quality_growth_next_4obs,random_forest,all_features,42,num__cash_equivalents,cash_equivalents,accounting_fundamental,0.007398952941576986,0.007398952941576986
success_quality_growth_next_4obs,random_forest,all_features,42,num__total_liabilities_growth_4obs,total_liabilities_growth_4obs,firm_trend,0.006806021711041331,0.006806021711041331
success_quality_growth_next_4obs,random_forest,all_features,42,num__total_revenue,total_revenue,accounting_fundamental,0.006483301841666908,0.006483301841666908
success_quality_growth_next_4obs,random_forest,all_features,42,num__receivables_assets,receivables_assets,financial_ratio,0.006470173308157739,0.006470173308157739
success_quality_growth_next_4obs,random_forest,all_features,42,num__current_liabilities,current_liabilities,accounting_fundamental,0.0063207494337773895,0.0063207494337773895
success_quality_growth_next_4obs,random_forest,all_features,42,cat__Sector_Technology,Sector_Technology,sector,0.005228094359425401,0.005228094359425401
success_quality_growth_next_4obs,random_forest,all_features,42,num__inventory_assets,inventory_assets,financial_ratio,0.004786941933981578,0.004786941933981578
success_quality_growth_next_4obs,random_forest,all_features,42,num__leverage_assets_change_4obs,leverage_assets_change_4obs,firm_trend,0.0041230622484652035,0.0041230622484652035
success_quality_growth_next_4obs,random_forest,all_features,42,num__gross_margin,gross_margin,financial_ratio,0.004037407634049154,0.004037407634049154
success_quality_growth_next_4obs,random_forest,all_features,42,num__current_assets_growth_4obs,current_assets_growth_4obs,firm_trend,0.003980532030784291,0.003980532030784291
success_quality_growth_next_4obs,random_forest,all_features,42,num__missingindicator_current_assets,current_assets,accounting_fundamental,0.003846985127394249,0.003846985127394249
success_quality_growth_next_4obs,random_forest,all_features,42,num__r_and_d_intensity,r_and_d_intensity,financial_ratio,0.003624596054183333,0.003624596054183333
success_quality_growth_next_4obs,gradient_boosting,all_features,42,num__leverage_assets,leverage_assets,financial_ratio,0.3883125783331271,0.3883125783331271
success_quality_growth_next_4obs,gradient_boosting,all_features,42,num__roa,roa,financial_ratio,0.16038678703552917,0.16038678703552917
success_quality_growth_next_4obs,gradient_boosting,all_features,42,num__missingindicator_operating_margin,operating_margin,financial_ratio,0.10851243608976431,0.10851243608976431
success_quality_growth_next_4obs,gradient_boosting,all_features,42,num__roa_lag1,roa_lag1,firm_trend,0.07910288231970261,0.07910288231970261
success_quality_growth_next_4obs,gradient_boosting,all_features,42,num__missingindicator_leverage_assets,leverage_assets,financial_ratio,0.05435587564408524,0.05435587564408524
success_quality_growth_next_4obs,gradient_boosting,all_features,42,num__leverage_assets_lag1,leverage_assets_lag1,firm_trend,0.03202264476974042,0.03202264476974042
success_quality_growth_next_4obs,gradient_boosting,all_features,42,num__equity_assets,equity_assets,financial_ratio,0.030098912665765,0.030098912665765
success_quality_growth_next_4obs,gradient_boosting,all_features,42,num__cash_assets,cash_assets,financial_ratio,0.026980496036418555,0.026980496036418555
success_quality_growth_next_4obs,gradient_boosting,all_features,42,num__cash_assets_lag1,cash_assets_lag1,firm_trend,0.02211348965983811,0.02211348965983811
success_quality_growth_next_4obs,gradient_boosting,all_features,42,num__missingindicator_total_liabilities,total_liabilities,accounting_fundamental,0.020590125182767132,0.020590125182767132
success_quality_growth_next_4obs,gradient_boosting,all_features,42,num__operating_margin,operating_margin,financial_ratio,0.012216659076770473,0.012216659076770473
success_quality_growth_next_4obs,gradient_boosting,all_features,42,num__r_and_d_intensity,r_and_d_intensity,financial_ratio,0.007556309628610346,0.007556309628610346
success_quality_growth_next_4obs,gradient_boosting,all_features,42,num__missingindicator_operating_margin_lag1,operating_margin_lag1,firm_trend,0.005930817005213593,0.005930817005213593
success_quality_growth_next_4obs,gradient_boosting,all_features,42,num__current_assets,current_assets,accounting_fundamental,0.005895571714073187,0.005895571714073187
success_quality_growth_next_4obs,gradient_boosting,all_features,42,num__receivables_assets,receivables_assets,financial_ratio,0.004159208182733101,0.004159208182733101
success_quality_growth_next_4obs,gradient_boosting,all_features,42,num__total_liabilities,total_liabilities,accounting_fundamental,0.0037639438809310075,0.0037639438809310075
success_quality_growth_next_4obs,gradient_boosting,all_features,42,cat__Sector_Technology,Sector_Technology,sector,0.003667325721040688,0.003667325721040688
success_quality_growth_next_4obs,gradient_boosting,all_features,42,num__current_liabilities,current_liabilities,accounting_fundamental,0.0035230116074856477,0.0035230116074856477
success_quality_growth_next_4obs,gradient_boosting,all_features,42,num__missingindicator_operating_income,operating_income,accounting_fundamental,0.00348122527373186,0.00348122527373186
success_quality_growth_next_4obs,gradient_boosting,all_features,42,num__operating_income,operating_income,accounting_fundamental,0.00256042120079551,0.00256042120079551
success_quality_growth_next_4obs,gradient_boosting,all_features,42,num__inventory_assets,inventory_assets,financial_ratio,0.0022693153295577453,0.0022693153295577453
success_quality_growth_next_4obs,gradient_boosting,all_features,42,num__BUSLOANS_yoy_pct,BUSLOANS_yoy_pct,macro,0.0019812698391213244,0.0019812698391213244
success_quality_growth_next_4obs,gradient_boosting,all_features,42,num__current_ratio,current_ratio,financial_ratio,0.0018413717259307732,0.0018413717259307732
success_quality_growth_next_4obs,gradient_boosting,all_features,42,num__gross_profit,gross_profit,accounting_fundamental,0.001786958275468464,0.001786958275468464
success_quality_growth_next_4obs,gradient_boosting,all_features,42,num__missingindicator_leverage_assets_lag1,leverage_assets_lag1,firm_trend,0.001540465211434211,0.001540465211434211
success_quality_growth_next_4obs,gradient_boosting,all_features,42,num__cash_equivalents,cash_equivalents,accounting_fundamental,0.001398020993390958,0.001398020993390958
success_quality_growth_next_4obs,gradient_boosting,all_features,42,num__GS10,GS10,macro,0.0011334842404285843,0.0011334842404285843
success_quality_growth_next_4obs,gradient_boosting,all_features,42,num__total_equity,total_equity,accounting_fundamental,0.0011241212947106479,0.0011241212947106479
success_quality_growth_next_4obs,gradient_boosting,all_features,42,num__net_income_negative_count_prior_4obs,net_income_negative_count_prior_4obs,firm_trend,0.0008879191763282569,0.0008879191763282569
success_quality_growth_next_4obs,gradient_boosting,all_features,42,num__total_revenue,total_revenue,accounting_fundamental,0.0007286710951694551,0.0007286710951694551
success_quality_growth_next_4obs,gradient_boosting,all_features,42,num__operating_margin_lag1,operating_margin_lag1,firm_trend,0.0007045059210674614,0.0007045059210674614
success_quality_growth_next_4obs,gradient_boosting,all_features,42,num__gross_margin_lag1,gross_margin_lag1,firm_trend,0.0006922781007868061,0.0006922781007868061
success_quality_growth_next_4obs,gradient_boosting,all_features,42,cat__Sector_Real Estate,Sector_Real Estate,sector,0.0006366634315872221,0.0006366634315872221
success_quality_growth_next_4obs,gradient_boosting,all_features,42,num__current_ratio_lag1,current_ratio_lag1,firm_trend,0.0006068389981514471,0.0006068389981514471
success_quality_growth_next_4obs,gradient_boosting,all_features,42,num__VIXCLS,VIXCLS,macro,0.0004948118632233993,0.0004948118632233993
success_quality_growth_next_4obs,gradient_boosting,all_features,42,num__total_assets,total_assets,accounting_fundamental,0.0004807628382268504,0.0004807628382268504
success_quality_growth_next_4obs,gradient_boosting,all_features,42,num__capex,capex,accounting_fundamental,0.00046202008201256763,0.00046202008201256763
success_quality_growth_next_4obs,gradient_boosting,all_features,42,num__cash_flow_operating,cash_flow_operating,accounting_fundamental,0.00043279314933005,0.00043279314933005
success_quality_growth_next_4obs,gradient_boosting,all_features,42,num__T10Y3M,T10Y3M,macro,0.0004018320032815114,0.0004018320032815114
success_quality_growth_next_4obs,gradient_boosting,all_features,42,num__leverage_assets_change_4obs,leverage_assets_change_4obs,firm_trend,0.00039320343851492165,0.00039320343851492165
