path,size_bytes,sha256
.gitignore,1318,f7ea48ebdeac245340f8e59ea5764e2b14a7958d53ea4bf5c61db8f11262f98a
README.md,7407,dae7938829c7533e63ec01c0786b4f364a1536b5307e291e9123124819c0cd23
REPRODUCIBILITY.md,3103,5c0ad273507d9129f9870288fea2a70c5a81d79947d37a7f783a532a76dc1efe
app/README.md,1064,3090b70e882094f6b4659e6577a9a865be8c1c226c14d659c18ba086ad7aebeb
app/dashboard.py,60589,5679da5a002b530bb0371d33a8e42f39abb56aa9f5bebe294f148d4a4f31a3a7
config/company_tickers_exchange.json,518069,0c1a50ca9c62609b6d8eceaab156eaa89f988ec8dbe2d138585ee8fd6f950d4b
config/distress_candidate_seed.csv,2760,ef756dbeb2bb22a3a382deccf4f5fba4394febdcb58f152a05838fccd1649f90
config/distress_event_dates.csv,9127,96fa12263de054901c7286cf7c9f70d04104171578a29c61c52d849f757a4069
config/distress_event_source_provenance.csv,24502,78f455c1ed4ad1c99d044c8830d9a16da27dd09e7c6ae266425e20bda834d2bf
config/distressed_candidates_seed.csv,3288,c77b1ab1aff6bce5b1c750f11ef06ed74e29b550f2b1735deb59eecc50b82f9d
config/fred_series_catalog.csv,3417,b5cdbc1e7464302f60531bc9064cad79b4c5ae1e45a9008007b263133bffb3e1
config/global_event_calendar_seed.csv,4519,3f8d79f762bc7950402bd8c6487d5c1fa0297525effda11a7fe2e7fd04e762b0
config/master_tickers.csv,23152,8f449ae36c27a9e9a4892f71f9f8505671b0eb9884d943ccab2f038a19e861dd
config/model_feature_blacklist.csv,2089,1179ae8c058ce9824a3905104b2431f5546d04724e077ed12f853e819de5b493
config/rebuild_universe_candidates.csv,64154,58203008c59ceb979cfa1de0c1f32492a19094de3d5f737cfc84ca5a1de6c123
config/sec_fsd_concept_map.csv,3325,ffb17c9bbf52c6e1b5142066ab4aa7809d74ab11bfb64397f4abee23a8cb6004
config/tag_map.txt,7751,701a06453f8043b3911dc01e29c34f7501bf24a3d23747c6d2f62adb887adb60
config/ticker100.txt,1093,3fa191771ef5c08587d6f5bec6bf1eb82482032cb3447b17aa96a0176ba261e1
config/ticker100more.txt,408,6690f7ed38ca529f7109518b1033f187c160b0d47c0e52bf2e19cfa13aa51346
config/ticker_cik_overrides.csv,219,e54348b91b335a86c58e80fd3b73db9e855b53a45410e48337f3da36f9bbe5d7
config/universe_expansion_150_candidates.csv,30752,b638f867319ebfa47ff6d20668f1e03140d96235176f0edd2db7d6779b6dee48
config/universe_v2_draft.csv,130518,d3e6fc859be7a6a0dab7f6d6868b196cf225ada6d1a86f199d5bc3b03fb02ae5
config/universe_v2_draft_expanded_150.csv,130518,d3e6fc859be7a6a0dab7f6d6868b196cf225ada6d1a86f199d5bc3b03fb02ae5
config/universe_v2_pre_expansion_20260505.csv,83366,eb1a942d2941355ddcc2b15a1b1c0bca7b5573dbeabd226ef149bbfdc83c5861
data/github/README.md,3526,2963ddcf3ef69b092c7e900aab7cc9637c95d14bf007bed3c049ae0387811ce4
data/github/firm_panel_v2.csv.gz,15320618,39d0e9d4ca73551ca18e654108465069e25bd3db62ebc0fac5df6752cb31e4e1
data/github/firm_panel_v2.parquet,13213499,657a7a34f2acb82cf293d9ae39426b1dd8c0f605478af44015ffcf0a88e33056
data/github/firm_panel_v2_schema.csv,11206,e9c9d699ffb3a9e7fb9ca68aac48254a0f0b44fe6a1183862d008b971541a734
data/interim/.gitkeep,1,01ba4719c80b6fe911b091a7c05124b64eeece964e09c058ef8f9805daca546b
data/processed/.gitkeep,1,01ba4719c80b6fe911b091a7c05124b64eeece964e09c058ef8f9805daca546b
data/processed/panel_v2/.gitkeep,1,01ba4719c80b6fe911b091a7c05124b64eeece964e09c058ef8f9805daca546b
data/raw/.gitkeep,1,01ba4719c80b6fe911b091a7c05124b64eeece964e09c058ef8f9805daca546b
data/raw/fred/.gitkeep,1,01ba4719c80b6fe911b091a7c05124b64eeece964e09c058ef8f9805daca546b
data/raw/sec_fsd_zips/.gitkeep,1,01ba4719c80b6fe911b091a7c05124b64eeece964e09c058ef8f9805daca546b
data/samples/README.md,429,275cfcfe9d02d8abb0fa0c574b32e79be743c43008fbcfd0c9594401b74d653e
data/samples/firm_panel_v2_sample.csv,687301,6630d07084cfcf7859bd56460481eeda76f3bdb18d5fbe678db796af083bf37a
data/samples/firm_panel_v2_schema.csv,11206,e9c9d699ffb3a9e7fb9ca68aac48254a0f0b44fe6a1183862d008b971541a734
data/samples/legacy_panel_sample.csv,105928,c037c13c5e24c536f015c4afe087aaf9628ec7812e08f6d304ac78c0fb5d916a
data/samples/legacy_panel_schema.csv,2123,0100df7bb1b63efc6cad90d0c3ec2c03d96c10f4457c91d4e26be5af3eddd6c4
docs/AMENDMENT_DUPLICATE_HANDLING_NOTE.md,1512,78a5e60fbb690ce693cb8306ee75cb5ef47fc5cc2939a808710f77c75587ad36
docs/BIBLIOGRAPHY.md,29728,ae352f7e00894921b113998d15af29444d892fb4b83d2f3881ac1480f223ef2e
docs/BIBLIOGRAPHY_AUDIT.md,3619,5e0249bc5ff84c6a7ac85ce9ee03e16e07d63be7e2804f4d7e1bb3406fc66274
docs/CALIBRATION_AND_RANKING_NOTE.md,4833,d9a2001bea30a1ca8791dedce6269dd07f3fa7542e3e7f0a338db6b7580642e4
docs/CONTROLLED_EXTENSION_DECISION_REPORT.md,9603,d1bccf4b5b5b3cd89029129af8de48cc8efac8aa21ef79820f38bc16e4de794f
docs/CURRENT_STATUS.md,57008,b47163caa5303513fee288a1ec84808d3d6ddccfe80e7febfb82988f99b1af32
docs/DASHBOARD_THESIS_STORYBOARD.md,2063,618d154050adc3111dd61e1eb3df9208b3214ef6f5cb3b6ccaab2851542e6295
docs/DATA_INTEGRITY_CAVEAT_AUDIT_20260507.md,4703,10d58a46980cd597fbef3bf84bab0e4c8641c6da03b6e4f82a1d30eb18475fb6
docs/DATA_INTEGRITY_CAVEAT_AUDIT_20260508.md,5080,e42445f1b0f46dcd21e5b0b2c7e6501895b4534adc7f3c5fb27c769868bb610a
docs/DATA_MANIFEST.md,6931,efd141f92178c13afb27f5f6612425631b5ca39328756640d2cfd060dd3e0dd5
docs/DISTRESS_EVENT_DATE_PROVENANCE.md,1421,54a57ad74fd817ff301a05ed3eded0ecf292754f2ba93a8f5a519290c052ab6f
docs/DOCUMENT_ORGANIZATION.md,4716,82fe4ec74f28edfa9c1a0733a94a09aae122c9c40f0e4755c64e54cda544faaf
docs/EXPLORATORY_TARGET_LAB.md,9687,27589851a78f97e765c94e355b88e35e193ccae064c7aee9c498e70cb6d7cb4f
docs/FACTOR_ANALYSIS_AND_DATA_INTEGRITY.md,9825,b75384340bd3c03a708d08927a750f3ec343f9fde4f77562ca1f4ffb236f795b
docs/FACTUAL_FREEZE_20260509.md,3757,fda26e8fba54f71c2d3c11b98c11e6b21ff779a5c886dc9c5be823da79f513da
docs/FINAL_ACCEPTANCE_REPORT_20260512.md,10286,35fa3794a2b2bc81dee5aa6e701dffea4ad464144cc4d91007445a66b8f217b8
docs/FINAL_CAVEAT_RESOLUTION_REGISTER.md,6014,dc47bc1ed766631a6a80fd431509e88aa618726210356635d9a2bf7c547c1e67
docs/FINAL_CONSISTENCY_REVIEW_20260512.md,6021,caa6a1f1d7efbd44ac9d63f236554f78ae611a582fbfcc2dfb6363c58ea8b009
docs/FINAL_SCOPE_LOCK_NOTE.md,3887,b8bcd7434ddd96525aab9234cdc656e0b4364403b038d23e44a88996dbdbef2e
docs/FINAL_SOURCE_OF_TRUTH_INDEX.md,11752,e6ac5c239fd87dc5956ddfa95f904f13189a438ebc0a161b9ab7add75a6fa203
docs/FINAL_TARGET_HIERARCHY.md,8158,f64b42f8e0c88a92f742a805c8faa0ce3659b9f879161b26ef27f260996b4242
docs/FINANCIAL_QUALITY_FEATURES_NOTE.md,2456,d23a1a9559ebd53c4b1fd127ba93f49961df724a2ba9a3b24af2df45feb618d7
docs/GLOBAL_EVENTS_AND_DASHBOARD_STRATEGY.md,6608,82ef6b6bad276a5ac5e88796035bd740ca300e501782c2ec24057e2515efe418
docs/INTRODUCTION_RESEARCH_GAP_DRAFT.md,3070,98d53cb49eea526d48a33c93534647507c8f590f55b5af87d4da7332c286d713
docs/LEGAL_FULL_TEXT_ACCESS_AND_READING_NOTES.md,24798,2150116053916f7bbf43c4b3380ed07a95c876e529dfae11483a123f91b9a951
docs/LITERATURE_MATRIX.md,6346,66bcd6c797cbbf0ab491623b4c75c70586f012dff86e8d692ce3a4d859d40394
docs/LITERATURE_REVIEW_DRAFT.md,11856,b9b802867335f2ec929e11c33ad997ef1ee4e4fc4b59aeb8dc24f97cef8e02c8
docs/LITERATURE_REVIEW_OUTLINE.md,3600,f91931a3db9ce7aaed4e3f68d319cdb6bd19deededdccbaf6dfbffceff13cede
docs/LITERATURE_SEARCH_STRATEGY.md,2895,a4179ad1f6084b045ecfb6fb5043bf604feb66b2012f198120cb8fe3d82f193f
docs/MANUAL_HIGH_RISK_AUDIT_20260507.md,11913,ad4945d5cdc5b70e1283302a19b0387796645b013a7550dfcfe9ca4aa1cbb5f4
docs/MARKET_HEALTH_INDEX_NOTE.md,2398,40f6c6f68e895fd5e7e353b1f09e20fcfeb60f4bf84805a159c344d3c1885378
docs/MARKET_HEALTH_INDEX_V2_NOTE.md,3491,b9a8383864e584830236475b4e59578437a796817819996aeaaffe1ebf832220
docs/MASTER_DATA_MODEL_TARGET_EXPLAINER.md,98559,642dd896e243c0e3c52892f9029aa35902c2887343f036395eeca9ed6e40f9ca
docs/MISSINGNESS_INDICATOR_POLICY.md,2832,1ac0733fb2838aca3766579833c97ac222e9de7e5a1f9139a80ba099e6bb7c89
docs/MODEL_INTERPRETATION_STABILITY_NOTE.md,4600,06547665601df936af0e0652d64f6015e72dcf78bd4cf438f11ee3d6083fef39
docs/MODEL_TUNING_AND_AUTOGLUON_NOTE.md,6640,bdbdc279c788f74749ed615ebf5e85101f703fba0cdd7247fb59f1de6b5317a1
docs/NEXT_STEPS_FOR_USER.md,4429,7ed001d7dab70b70fd15bbbf644c23603111b4f88375ef6b9914208bd95338e9
docs/PANEL_DATA_ARCHITECTURE_AND_EXPANSION.md,11332,8316df72bc07d86a757bdc4ff8282a2ae0a703469dbcf265d69e1ba4e6855a2e
docs/PCG_PGNPQ_DUPLICATE_CIK_NOTE.md,3610,6658763d48ec6d1d85a337cbea7279cefc5087b3aed2ddb736a934d614c83419
docs/PERPLEXITY_LITERATURE_VERIFICATION_PACKET.md,119023,517f314c809993ff951d6af9754fa60f8ffda8289af8b277305f3470a2b5eb57
docs/PROJECT_CHRONICLE.md,126277,71b0fce34df31e1f36f21ea9a1d2cfbc70f9f616c435e0df487752ad631095cd
docs/PROJECT_GLOSSARY_AND_FIELD_GUIDE.md,10408,064823bd1ce30a86ee0d804720b5aa297e2bcadfa35b39a854190ff4b74e1d88
docs/REFERENCE_CRITICAL_EVALUATION.md,32123,43613d323c47adb61908a88c20d79b25bbd826d397d48859366bfcd5530dc717
docs/REPRODUCIBILITY_FREEZE_20260507.md,1434,f1c9e512cd6944034eeaecdee94c7d8af8e704387a16b4431fb7f3b438fa2192
docs/RUSSIA_EMERGING_MARKET_LITERATURE_ADDITIONS.md,15280,153d3fa9d3e6369a7c24b1d94a06ead83a22bcc662732e20558caf3feea2d39a
docs/SCIENTIFIC_VALIDITY_AND_LIMITATIONS_NOTE.md,3431,a2cf21cda0078a8584796d365b53dbe0c8179b68b81b0e8cdda2c77c11930558
docs/SEC_CONCEPT_MAPPING_AUDIT.md,2390,a3c374783294c88f88c5db0895b972dc217d6822c0023e7a5d97bb5e90d3623c
docs/SEC_HARMONIZATION_HARDENING_REVIEW_20260512.md,9416,41c67baa51394164a9113538ea9e02a7b272a8e3b6bdbd418dc882fa0900dcfc
docs/SEC_MAPPING_POLISH_20260509.md,4209,03dbc0e8a607e0d8c1ef057a8a81797b6bef91d55d2e227bd6f80a32b8909329
docs/STRATEGIST_HANDOFF_20260505.md,14030,f3cffc9a501ece92dd1b3752c36c60448e5fda7623d877b03eac6d4287947fe5
docs/TARGET_DEFINITIONS_FINAL_REVIEW.md,5764,717007d4c87aa155d4f9e7f849ff27390bf8668787d53ed02a8abd48b4fe6392
docs/TECHNICAL_QA_RESOLUTION_20260509.md,3491,dc933265a633d71f5a846aa6b4d0b27bd57848b93a0624ac6d08bf0ee97137cf
docs/THESIS_CLAIMS_SAFE_UNSAFE_FINAL.md,2380,c712b41e338bbcd0a7f5380211b9ba12b4e2df13698f6558775fd420648416f6
docs/THESIS_REQUIREMENTS_CHECKLIST.md,3339,5a43065e1ff8c9f39bd829ecfe55344c150eeaf4cba317d46a557c14df138711
docs/THESIS_THEORETICAL_POSITIONING.md,2400,68896412987223112473955bae56f82a909a4bb635909eb43ac1e53cdcbc79b9
docs/TOPIC_RELEVANCE_AND_SCOPE_NOTE.md,4241,f7ee54c7c8fb3f6203757f6f6a7417fd8b145425a9e826623c3468baed34347c
docs/VS_CODE_WORKFLOW.md,4971,86a12e2c6441e907088a2fe61eb457c643440dd24c7257d518019ec8ded7de58
docs/_redundant/01_legacy_project_docs/LEGACY_DATA_AUDIT_SUMMARY.md,1279,42e1550cbd08cd6d401ccf8f3022e1ece2890afb090b32839ad2f792b05dce3f
docs/_redundant/01_legacy_project_docs/initial_project_overview_2025.json,5435,737d2ff63a01c42089e6aa69f72b9db57529e84b6302d4545f76a3cb007f4eea
docs/_redundant/01_legacy_project_docs/legacy_project_overview_2025.json,8598,78b048349273007c3d7be0a7c67a942c18b25073f56d0ac1b00da89171f632cd
docs/_redundant/02_superseded_strategy_reviews/FINAL_DECISION_PLAN_20260505.md,3494,e306c063a2ea2e090e8876a93d2186da50e851b421e987d516bef6d8f130e6d8
docs/_redundant/02_superseded_strategy_reviews/PEER_REVIEW_ACTION_PLAN_ASSESSMENT.md,3827,799c6f2d4f9c39cb1229231e1de1cdfa55e5312c68246a3970813e0d33e670d0
docs/_redundant/02_superseded_strategy_reviews/RESEARCH_GAP_ASSESSMENT.md,2976,8907e9b7d51530fc4b4ae7acfaf292baec35a94f30537b3a4686284e1f60815e
docs/_redundant/02_superseded_strategy_reviews/STRATEGIC_NEXT_STEPS_20260505_REVIEW.md,8168,0600d20fdb0b2900d9eb91b2fd948d4947d63e4998966017f49c509f3e2090d0
docs/_redundant/02_superseded_strategy_reviews/SUBMISSION_SPRINT_PLAN.md,4147,f23cc50f45d20dde9054c36bd5e5aa107b51a7cc0c61b340298d7111653528f8
docs/_redundant/03_superseded_target_notes/BROADER_TARGET_EXPERIMENTS.md,4877,c7f33d6bce1c0a1e2b5e690f2e9446b3ba56f5c6de0b4afafafed6df4ecf59d5
docs/_redundant/03_superseded_target_notes/TARGET_AND_FACTOR_TWEAK_ASSESSMENT.md,9060,475a5ca60172e2dc60cec5ac0cd7914fe216cbe5cfb86eec2ab8e52762b4ce04
docs/_redundant/03_superseded_target_notes/TARGET_DEFINITIONS_AND_EVENT_DATES.md,5271,e189401d3d7482420f65a9b5f16eca9dbebf29e3394cf2d420f1a0dc674810b8
docs/_redundant/04_universe_expansion_history/UNIVERSE_EXPANSION_150_ASSESSMENT.md,5720,9a7f321485172771ac1f5cab765f805bc53c9ab58deed3c513d2e79d78a3d8d6
docs/_redundant/04_universe_expansion_history/UNIVERSE_EXPANSION_PLAN.md,3735,9e3947bbf8ffb41b43ccae9880aa827e9dc060888ff80b8646fa8149ad4cb876
docs/_redundant/05_raw_extracted_inputs/final_thesis_requirements_extracted.txt,64665,2bc0b614cacf44d34beb99086c929bf80d0b3faae9af9a815b6b62f1f6c82b75
docs/_redundant/README.md,1835,c15aaaf003aa0c13b27b14f72c53b0b77a93add7e4d8ac869e2df6d0027c9cc2
docs/references.bib,27126,bbfd32d1ecdc1a6b4f98c09ddfbca030c1b22a88f360f625e822d384790eea2e
docs/thesis_academic_manuscript_no_title_page.docx,84738,c9632e1c788026d93a5c60aa8fa8fc10ea367f51c4a4942155282ed2c631b528
docs/thesis_final_improved_20260512.docx,1374799,95ae60606135f910c20b59de55c7166c48f786c18e66857cdf4cf8fff4ac87b6
docs/thesis_first_draft_no_title_page.docx,73276,a98389a094c95841572cc5284986b03131918bfb2a882ac886575a72e4592704
models/.gitkeep,1,01ba4719c80b6fe911b091a7c05124b64eeece964e09c058ef8f9805daca546b
notebooks/archive/legacy_gluon.ipynb,486642,b507dd809ceff27b3765e34d603faca93b98c9be5100e998afb15349d0df7fca
notebooks/archive/legacy_gluon_exported_notebook.json,473632,1d40c981f33ad8459b7112df8e61211bb343d3c3ec6e0f320b0f1a7fb6c409e7
notebooks/firm_panel_manual_audit.ipynb,2436514,c4b430a369c20d9ede60c962e175bb9d428f563aa16acc0f950b2de16ca63aca
reports/RUN_STATUS_FINAL.md,19340,fa139e2ccc24856aa2898d3f68cfcb865abc446758d5da0c866e0f28270be674
reports/dashboard/dashboard_polish_checklist.csv,1125,4add483e47eab8a2bce711479815ed267d6b580fb289a4d864037bfe4565c98c
reports/data_quality/distress_event_date_audit_summary.md,400,278eede45cc156373bc60fdd5fa1b725e09edb946e30970e0b95736db6df0550
reports/data_quality/distress_event_source_verification_summary_20260507.md,468,352684dfdc230b07fee513c8709a4293a67e39fd66480d9ce805a039e3747876
reports/data_quality/missingindicator_total_liabilities_diagnosis.md,3869,1286a1853aed8ec9dd8b5e889a9c80f0ecd953dcccb6f7c4f47716ea42913463
reports/data_quality/missingindicator_total_liabilities_origin.txt,447,d0f3d2c1f82ecf48bfbd4504f5b0a5e22830a32b1b8176326edff9aff8d35c2f
reports/data_quality/model_feature_lists/distress_next_4q_ablation_features.csv,34632,482332bda6fbd22a60cfcbf60e8284e81df5005e114bdd77c9b2659936528f7d
reports/data_quality/model_feature_lists/distress_next_4q_features.csv,10159,55118098225999e0257b8f24ce1958eb383ded5461716833d2147702de1252d1
reports/data_quality/model_feature_lists/failure_pressure_conservative_v2_next_4obs_features.csv,13175,d6f84771c7842d1e10b4de7d598124c69756753add292b3da4cd9fae673322db
reports/data_quality/model_feature_lists/industry_relative_resilience_next_4obs_features.csv,12711,ab0c6b4586b30b435cf7b2a1a3ed061859fb183dea4d89704c18efa224636963
reports/data_quality/model_feature_lists/quality_success_cashflow_next_4obs_features.csv,12247,aefe889538eca0f63ecc76aa459b6f9532984294b85bdaa1bb292180d435b506
reports/data_quality/model_feature_lists/recovery_next_4obs_features.csv,10391,7b784840908491733a2642ff16ee1dc30ac5ee0bc0dad959ca290ba85f021214
reports/data_quality/model_feature_lists/stress_resilience_next_4obs_features.csv,11435,bfbf3868f5add205b20f93c323d84cb57c9fc3eb2d29e44f84d431f500edd82d
reports/data_quality/model_feature_lists/success_resilience_next_4q_features.csv,11319,a1d7abb4d53839b5781959cd55c2c7dd063d425b6ada5f80962d7a0cd763d913
reports/data_quality/p0_audit_summary.md,349,f589a40ef6ba34b75a8869c40d6cf0f5ea8913d392742b65ec1f1278960d7a78
reports/data_quality/prediction_timestamp_audit_summary.md,282,08a04abfc397c9ec3a4fadd1c2cd901393683d843b91e4fb51e988cdf1ee9b4f
reports/data_quality/sec_selected_fact_provenance.csv.gz,10232081,7c7a4aa6d1aafdfdee55938dee68bfe82c36f593e47ebfad7b153dd925337b44
reports/data_quality/success_resilience_target_definition_review.md,1380,0cb8d49c51f2fc56b994a9d97ff4eba573484a159b86a409fbdc294c08217139
reports/data_quality/total_liabilities_derivation_summary.txt,652,70e86149929adc5bc7bce8244d3419f4c3a9a22b5c9e2cccaf96816e9f26f73b
reports/documentation/master_column_dictionary.csv,44987,66a5a509fab931b60aa91f896a41a2ebac745eea406d9e496f295a3482ab56bc
reports/figures/dashboard/artifact_notes.png,184011,c3183f3c6f262541e0fbc7d338e4aee01fbf005b00cbf275281b01a245c4ed5a
reports/figures/dashboard/data_coverage.png,182808,88e3ece649782c24d2a330b05510c41291a4a5f7a07ff7155ee1025b958a4544
reports/figures/dashboard/firm_explorer.png,161923,26c5d0055d98012b75c76098a9c3e09ac322d9aa179a106bbbba21db98c6384d
reports/figures/dashboard/macro_compare_training_baseline.png,139405,b0fdc25c4ed7eacccb5fbb31db625417c3f4765bf325622a3b546dede1d789d2
reports/figures/dashboard/models_distress.png,221734,137c2c05ddbc0d161633db395b468529deb99252e68ba37e658a45c173da5c42
reports/figures/dashboard/models_failure_pressure.png,226823,b155520be2b6cf33e425a7c0143b1704013930af2bcf1dc103711751b2ecb9f5
reports/figures/dashboard/models_recovery_secondary.png,183280,fa7880ce51e640588d8fe8aa59b11c8c419fae8f0aaea7308f3baf7541e40955
reports/figures/dashboard/models_success_resilience.png,221841,9df61ee779eaa802a98087b0bf0216063f537efc22307d082ed2d75bd5d013b6
reports/figures/dashboard/overview.png,194194,10f4058937c90038fb83f6916664d7981db5dfaf3e9bfa98af7dd5668fa6edaf
reports/figures/dashboard/target_lab_factor_groups.png,213805,08d0e23eb1eedb5ac7a49986b2fc64080e2049264eb8f3edaf91a0655c1da226
reports/figures/dashboard/target_lab_overview.png,218484,f85d35e0ecb012914b2975b3060a0396fcbe1f3b5c9a6f754ed599e4acf6b7d5
reports/figures/dashboard/target_lab_recovery_reasons.png,193414,abb33cbbe1fcf223e1a158f3736122a4ba8fd4089b12472003c90615c6305c19
reports/figures/legacy_plots/Roc success net4.png,27646,d71d160b99711300b3f97c7fb46b116d6a469c8dd976878429eccee22d3402a2
reports/figures/legacy_plots/distress net 4 feats.png,33503,0a802846727e090ddbb5b7d6b5f5b213292390beb572b64d609260cc35c92adc
reports/figures/legacy_plots/distress net4 roc.png,26178,a06644ae431ae83522fee11638e6d8fbd67508297a2a2e356e58047b6b718de5
reports/figures/legacy_plots/feats success net 4.png,35463,6ad176d42c374833936c71a6cfe966ec7a91a60c6e4c745c25e3b733c1367fb0
reports/figures/legacy_plots/fred_timeseries/BAMLH0A0HYM2.png,34002,f88e52287cc76655c8235ce42110e0b8e1ac85805baff35e4b6e5e3e175d746c
reports/figures/legacy_plots/fred_timeseries/FEDFUNDS.png,20185,6e0b2bfa1a40372703b80860b9826481365054c7ddf60c99125793112fe13490
reports/figures/legacy_plots/fred_timeseries/Fulltimeemployees.png,42044,0c1f9c2483eb86cfc0fda3ee2e0a088271fa084a83f26977b4f2ac3fd014371f
reports/figures/legacy_plots/fred_timeseries/GDPC1.png,22849,5ef01411015488a23bfab9f277e783f18edf5c8470a1747b143b03fe34bce53f
reports/figures/legacy_plots/fred_timeseries/GS10.png,30388,d6fc43caea3cc5829cc4c7d94d397e88a046111c6e609c332c3f04fb3e71573d
reports/figures/legacy_plots/fred_timeseries/INDPRO.png,32765,87d3c1b871044e6b02516ffb16f663a2ea550f71b073d84646de57b6fcbe459b
reports/figures/legacy_plots/fred_timeseries/M2SL.png,24357,47b72943c2791046ff37e9a92f227839e179753fc142b4ffabdafcc97ed841ba
reports/figures/legacy_plots/fred_timeseries/NFCI.png,26371,2a104a0fd07e45770dbc155116bdb9f4c7e2811bd0d091ed252a72e6c4b1b32b
reports/figures/legacy_plots/fred_timeseries/UNRATE.png,23165,f893ced185477134b981bb08302b5dd6e3dc7fffcdb07215878ed73ff7310321
reports/figures/legacy_plots/fred_timeseries/USEPUINDXD.png,35260,0540c711eaa530ca29aa3fb41c79a2286f31adef602f0293dda47f010dda297a
reports/figures/legacy_plots/fred_timeseries/VIXCLS.png,38927,144a68e3e5a232b69ef0e15cd42ae6fff102d0f1b19bdb8cd48e15f1eabe46ac
reports/figures/legacy_plots/fred_timeseries/Weight.png,39755,ec9181bc350a821e95ee094a2ee926e67f3cd689b113c31e5a19496c9fcd963e
reports/figures/legacy_plots/fred_timeseries/Z_EBIT_TA.png,17662,96db7b6c0185d015af1ef37bd1746f112f801520c462cbb5874c9268acafaf20
reports/figures/legacy_plots/fred_timeseries/Z_MVE_TL.png,15660,f5421da31eb03065ed24a23a2ff038d10d0065bb907ea9c12ef8eeb149c745ca
reports/figures/legacy_plots/fred_timeseries/Z_RE_TA.png,16170,4917e3ad5f96cf9ee6628ecfc9c2e17bce9df63b0f196c7452ee4a105c77c366
reports/figures/legacy_plots/fred_timeseries/Z_SALES_TA.png,20639,f47adc610f2976ad4c782950d291f26ced5160e5ed117d1a50c0abe7a1f66f95
reports/figures/legacy_plots/fred_timeseries/Z_WC_TA.png,22963,3584668210de3ce434a8b16f940c31270339f63366c57fc4b7dc7140096e0cef
reports/figures/legacy_plots/fred_timeseries/accounts_receivable.png,39254,4d62bef9b0530f07effa8f34e6770e4d3181ff5b60eeca2b79572112961e6043
reports/figures/legacy_plots/fred_timeseries/altman_z.png,17060,53947c859d2cff1146c0d5adee70cf5a539bd15f3adc69b6eb879f745ad8aa8f
reports/figures/legacy_plots/fred_timeseries/asset_turnover.png,21594,5eb436c9cec9faa304b660469326f8dd65ff031184adfddb6d5c0c7e6ffa5f63
reports/figures/legacy_plots/fred_timeseries/capex.png,37241,9991f73c7d595fa01239b4a50438f2660651b88ba464976b1911c177e2d788f6
reports/figures/legacy_plots/fred_timeseries/cash_equivalents.png,38269,fc6ae6871b1a259e65a9303c51eca49771f960c522d5f0655970b8c42eec56e8
reports/figures/legacy_plots/fred_timeseries/cash_flow_financing.png,33759,c14b3180f7ea78dc132a34781c3696772b3ae5c771f6678311fbdeb404be2567
reports/figures/legacy_plots/fred_timeseries/cash_flow_investing.png,37120,515a8f368bbff701e33e34fed7019bb0957dfea712d659be0a743c45da308f2f
reports/figures/legacy_plots/fred_timeseries/cash_flow_operating.png,42928,d94907cbbb31476b0dcac61df3d412d53c81d42d1b17643e06f2ea7d6f8bb1a7
reports/figures/legacy_plots/fred_timeseries/cash_per_share.png,17781,e9c0ae3323da3be4f307683216e18f8203f973b85e89f96005280dd11322344c
reports/figures/legacy_plots/fred_timeseries/cost_of_revenue.png,32270,df293f8b6763867141b127f75a06408b810df069ef660089f1ac9c0b925e4428
reports/figures/legacy_plots/fred_timeseries/current_assets.png,29482,84bd155664e61e1755ec4e31213ffc0245b5cfc50f8b50b6fd34801addda674f
reports/figures/legacy_plots/fred_timeseries/current_liabilities.png,31606,b6106d3a5c7019ed4e8ffef3997f08f236a368e5bf5ebb1e82c320b48a435241
reports/figures/legacy_plots/fred_timeseries/debt_to_assets.png,19587,4c8b7bf0c9eb14d2327f3451becc2924481e96e24b97caabeee721ea8892811c
reports/figures/legacy_plots/fred_timeseries/depreciation_amortization.png,40634,93197a59cf58b11f3d2052acedf9ccb93d63b9760e174a5465f68bda75168015
reports/figures/legacy_plots/fred_timeseries/eps_basic.png,18476,fb4d2c19e5dcfa661baafcb03724f60731ee845657cb1b173917a2c22b0fb936
reports/figures/legacy_plots/fred_timeseries/eps_diluted.png,13112,50a4c94a2747d5e22a87f0766d91d37b22d7acd020021da2b61d0c0a3931a235
reports/figures/legacy_plots/fred_timeseries/equity_multiplier.png,19044,68c3af1421776e3060bdbfaf3fab86fbd93f9bc1d6b09cbed0b117bcedcb71c3
reports/figures/legacy_plots/fred_timeseries/gross_margin.png,19449,bfb57eef162f428fb5a782193fbbfe96c9c86e4bc4eb5c89fbfcdcef03927a34
reports/figures/legacy_plots/fred_timeseries/inventory.png,39923,4714c7f6769d3916b27495d739aa10fcf4fb2efe65c97fc2b03907a7e05d6095
reports/figures/legacy_plots/fred_timeseries/inventory_turnover.png,17148,e45e9b60f9693a53731fa1e5440033a93b18f569038621aa55a1e9e41d261f3f
reports/figures/legacy_plots/fred_timeseries/liabilities_plus_equity.png,40274,f6f600ecda0c8f0fa06ece24a029a0dd43a0259bf4689b1fe95790731da5e143
reports/figures/legacy_plots/fred_timeseries/net_income.png,32160,6e08c9ca46872e5a8962b45cb348e75f63927d1eec1c9cf731bb307d591733c8
reports/figures/legacy_plots/fred_timeseries/net_margin.png,15046,67d8a131658f0ed44f36e791545739da3cfa8b77fa33b9c5a2dfeba020d47f5a
reports/figures/legacy_plots/fred_timeseries/operating_income.png,39744,f3b045cbb0fdbe5b816b872783c2122620e27deca52ab42a1bdf5788d0f62d93
reports/figures/legacy_plots/fred_timeseries/operating_margin.png,20104,e788b369364f0573b7655ba14ef8a6cae1cf53f2811ea1f91b8633c215fd6871
reports/figures/legacy_plots/fred_timeseries/ppe_net.png,37839,f941aaf28c6f3fadbc718863a3e39ad0f17877cb8ae951b2ad655b1b37a0fc2b
reports/figures/legacy_plots/fred_timeseries/r_and_d_expense.png,33509,b6a189725ad981dc47876aa1a07c44c49271e921b4335ad4f33108b6b9e26d1b
reports/figures/legacy_plots/fred_timeseries/r_and_d_intensity.png,17508,c1e52e88ea1fd24af71d4c3cdfa74499704cbac80e85371afc910c38697f7d99
reports/figures/legacy_plots/fred_timeseries/retained_earnings.png,39705,49544eb97f5cb3fa435088b2c0a6492d31ccbde80d103e5d7b843a34f85cc4fe
reports/figures/legacy_plots/fred_timeseries/shares_outstanding.png,20106,22aab2b3d5a2786f41a675d0e8c76faf121d52eb23720c6cc036753a4ce8d884
reports/figures/legacy_plots/fred_timeseries/total_assets.png,38148,452e1448b297aaa8a3fbad44abb34e2ef03dc582cbc36975af813a2448c42248
reports/figures/legacy_plots/fred_timeseries/total_equity.png,38482,90efd8fdfe2ff21f7e2f63643ff8700f9a7df517f04e5a4a3b82a751e26d0fab
reports/figures/legacy_plots/fred_timeseries/total_liabilities.png,37197,c5907d0ac8ac490bd27d49a4c0f1288bccfec28a0792864dbd9477a9105bbb8a
reports/figures/legacy_plots/fred_timeseries/total_revenue.png,40299,4767861b6b691ccd2efd831fbad298cacda7fab4bde8ba6c3508f963455c5c2e
reports/figures/legacy_plots/fred_timeseries/wavg_shares_basic.png,25541,fc85609ab9abf48dee9390e65d2c30274b647f1f917f482b17dbee290b0fa9a8
reports/figures/legacy_plots/na_heatmap_per_ticker.png,347569,edde43f42a100dc1548df499b522c5d57fb544424f18a137cf64162fb7325f1f
reports/figures/legacy_plots/net income ma feats.png,36691,0461436df490bb0ef94fa6fbbacb007ed2d1c3082d1082b8a830d3f6b1162db2
reports/figures/legacy_plots/net income ma matrix.png,13223,99e01f9004a1c814802f74e5bd75d113802eeab37091ad927e3336a2f3fad6e0
reports/figures/legacy_plots/net income ma roc.png,28615,cde60aaa1459cdcad62ff1bcd3cec5a566f74d0bdff4e602f63c7899a6a8e407
reports/figures/legacy_plots/top quart matrix.png,12206,09a21d8a7e1e8702c75640311242b727ca6086c1882f5071a12068fb4ad0bdb5
reports/figures/legacy_plots/top quartile roc.png,27987,b94538666c523f996b738a3f8ae4711da8967475c62a4386798a35be01209590
reports/figures/modeling/calibration_curves/distress_next_4q_calibration_curve.png,69791,efae0d4cff938e2ae2566d5f3f2d632e8ded8feaa0da991b5fa270b7ae6ab355
reports/figures/modeling/calibration_curves/failure_pressure_conservative_v2_next_4obs_calibration_curve.png,92138,6da26cfb2a959c7902ba0336460e6a8170dd969154340524ba4c472c0e358222
reports/figures/modeling/calibration_curves/industry_relative_resilience_next_4obs_calibration_curve.png,104547,78c712e4bddf74b07ea9098c134afab397a2d54d50e37c82dfee11582351f93f
reports/figures/modeling/calibration_curves/persistent_resilience_next_6obs_calibration_curve.png,96720,e62bf187078c37fa038df601209ec6136b703a952683485edb8d5a3fc1a072a8
reports/figures/modeling/calibration_curves/quality_success_cashflow_next_4obs_calibration_curve.png,103379,3823679443d280cf93d0b6dba9c8f942d73fbb56bf3459d0fe78048a808eb25f
reports/figures/modeling/calibration_curves/recovery_next_4obs_calibration_curve.png,96966,0f5a1fb6d541c447f137b250700b58b02bad20281457c977d21caad6e86109bf
reports/figures/modeling/calibration_curves/sector_relative_improvement_next_4obs_calibration_curve.png,95469,b54d0a5b64e17563781fa0508f6601a42a22d4da39803d509dc390edabda96bc
reports/figures/modeling/calibration_curves/stress_resilience_next_4obs_calibration_curve.png,100814,b976668c9c1fd20243efcff12aff0c4a8f98942755e2dc635daa21adfef43b11
reports/figures/modeling/calibration_curves/success_resilience_next_4q_calibration_curve.png,93612,a1a7f5d081be8c8302523a317b16a1eac6875e4a5992f1771346dacc98577b50
reports/figures/modeling/market_health_index_timeseries.png,146692,b6846a30e7357fe4ac4d825120c6fbadca6454977befcbae0ac41553c4050b5c
reports/figures/modeling/market_health_v2_by_year.png,209635,281caf734133895a41419945fec09cccdcf6498eb4256c70ca1c8233b739ba1b
reports/figures/modeling/panel_v2_ablation_pr_auc.png,100540,6e017915adae9c5cafe34808667aa95188377df97194e306c50dc0c86271aa94
reports/figures/modeling/panel_v2_distress_next_4q_feature_importance_gradient_boosting.png,107805,223a637a2625cface11e2403f10b4a86e2c7510d7ebdc7d6faeaf7e10b5637c4
reports/figures/modeling/panel_v2_distress_next_4q_feature_importance_logistic_l2.png,101504,48454ce238e5db94b510b9c43ab4247de541f4fd57a803d6f23e9fe23398c73b
reports/figures/modeling/panel_v2_distress_next_4q_feature_importance_random_forest.png,103150,233c4d82bff17dd8bbe308fca87a5af9934599991ca104cb61ebd366032cd9bb
reports/figures/modeling/panel_v2_distress_next_4q_model_comparison_pr_auc.png,74337,c45b6a11064e2abe95949602ad25283296b8a53bfd7f70355b7654686cfa3af9
reports/figures/modeling/panel_v2_distress_next_4q_test_precision_recall.png,107091,fbaeced42b1bc92421778e9439f345cc199702e538f8fa7bc5cd282f986dff7e
reports/figures/modeling/panel_v2_distress_next_4q_test_roc.png,121204,6c67121b9dad2e9ff17b2bd58caa2ba77ae5e7ced71b7d7dd1ee0284075e3ea4
reports/figures/modeling/panel_v2_distress_share_by_global_event_type.png,91281,f601ff3c2c931fc4ab2e3627e74f96b9bf6a2dafbc7b555ac31800b0d34f0632
reports/figures/modeling/panel_v2_distress_share_by_regime.png,87123,5147b997f5b4d332bf0ae27d4f13425367074f0238ae0582575d7ea2bb77280f
reports/figures/modeling/panel_v2_distress_share_by_sector.png,85919,01a68dec7298c5b1426aa7d03f6be42fe4c6c81e4fdb6195a2f90c5b5022c29d
reports/figures/modeling/panel_v2_distress_share_over_time.png,101211,1109423e825e060e3d1f922c8afe9c3e24f29453cc1f69cf06b5e11bb5dba79d
reports/figures/modeling/panel_v2_failure_pressure_conservative_v2_next_4obs_feature_importance_gradient_boosting.png,110618,1009967da88ec8dd52cff3b4ace03aa33e88a1b3a6559d90880bca6621a98fd8
reports/figures/modeling/panel_v2_failure_pressure_conservative_v2_next_4obs_feature_importance_logistic_l2.png,129131,5b43bf2c018ebeeb7426633a38574c18ca58032c80d9c24fb440586236826e90
reports/figures/modeling/panel_v2_failure_pressure_conservative_v2_next_4obs_feature_importance_random_forest.png,102053,126e0f2e8aaebaa056c4c468495b20e817ac1f8a9d37f0c36dbf96afe20c4228
reports/figures/modeling/panel_v2_failure_pressure_conservative_v2_next_4obs_model_comparison_pr_auc.png,78109,70cfa75682b2eadc821e687b71ad9e1fd49acd5717949adc37606630b265dde3
reports/figures/modeling/panel_v2_failure_pressure_conservative_v2_next_4obs_test_precision_recall.png,146499,652ea78df9cd1196fc1ab3d3afd09b2e7dc78c37ab21282aeac85e2021733751
reports/figures/modeling/panel_v2_failure_pressure_conservative_v2_next_4obs_test_roc.png,123529,7e328fc86e53e72f2b8839474a9a03a01de095263ce0c3379e7ee8c05ddd1c84
reports/figures/modeling/panel_v2_feature_importance_gradient_boosting.png,107805,223a637a2625cface11e2403f10b4a86e2c7510d7ebdc7d6faeaf7e10b5637c4
reports/figures/modeling/panel_v2_feature_importance_logistic_l2.png,101504,48454ce238e5db94b510b9c43ab4247de541f4fd57a803d6f23e9fe23398c73b
reports/figures/modeling/panel_v2_feature_importance_random_forest.png,103150,233c4d82bff17dd8bbe308fca87a5af9934599991ca104cb61ebd366032cd9bb
reports/figures/modeling/panel_v2_industry_relative_resilience_next_4obs_feature_importance_gradient_boosting.png,110698,aeb6c20f0dd24d575053ad64c5b93a442d44920afbb9ec52cc59812d37ab2870
reports/figures/modeling/panel_v2_industry_relative_resilience_next_4obs_feature_importance_logistic_l2.png,116144,72a5c91c9daa86b9580eed14fe873644c37ab8bd6f68deaaaad270ce57c7e852
reports/figures/modeling/panel_v2_industry_relative_resilience_next_4obs_feature_importance_random_forest.png,105102,90697ce68f03f507a5a6927ebb0790fe138d8cd9a536daaca00123a2e0d8f51e
reports/figures/modeling/panel_v2_industry_relative_resilience_next_4obs_model_comparison_pr_auc.png,77614,59f5b9dd2249537b57c375dce8f79189ea75171d65faac806edd58bd1694f762
reports/figures/modeling/panel_v2_industry_relative_resilience_next_4obs_test_precision_recall.png,143031,35cfb2c337b591e363e07c794d55b5332753560217e6a80b9b6e5f68953086bd
reports/figures/modeling/panel_v2_industry_relative_resilience_next_4obs_test_roc.png,135393,e53c552381f34ea9226afde64b1310bfca0fec58467e60bb385b89f22ae0bbf4
reports/figures/modeling/panel_v2_model_comparison_pr_auc.png,74337,c45b6a11064e2abe95949602ad25283296b8a53bfd7f70355b7654686cfa3af9
reports/figures/modeling/panel_v2_quality_success_cashflow_next_4obs_feature_importance_gradient_boosting.png,107479,b5412e8adbf9b0451168731612a63de61c50255d66599603ec6eaeb6ca2efce0
reports/figures/modeling/panel_v2_quality_success_cashflow_next_4obs_feature_importance_logistic_l2.png,123262,6bf38eff0cd0f186c6b5358fe889f9812ee4795db3149e58d07a5a08e355b04a
reports/figures/modeling/panel_v2_quality_success_cashflow_next_4obs_feature_importance_random_forest.png,104319,d0e361cfbe45595c16833ec3d81f2d0a79ac972742af9a125e09a249eb330f78
reports/figures/modeling/panel_v2_quality_success_cashflow_next_4obs_model_comparison_pr_auc.png,75287,85a3534e74848e718b53a0a1fdd4273fdb3c4b968860f29ac0509d679b916c0e
reports/figures/modeling/panel_v2_quality_success_cashflow_next_4obs_test_precision_recall.png,113366,bb077be7a36857710d539485db3bf940629904712a665192333fc663572862f0
reports/figures/modeling/panel_v2_quality_success_cashflow_next_4obs_test_roc.png,123395,019289c6614c076d769bc46e9a4a502e3d4f5a5d588be2e75736594f2b221a6e
reports/figures/modeling/panel_v2_recovery_next_4obs_feature_importance_gradient_boosting.png,107707,42974febf1de16c80ea8e9844d61730e7a902929cd20b8fa53beb5ab15ff372b
reports/figures/modeling/panel_v2_recovery_next_4obs_feature_importance_logistic_l2.png,111397,6658df46e4cae6c34c366bff97d885a87361794d05c304212cc6e9922c659e15
reports/figures/modeling/panel_v2_recovery_next_4obs_feature_importance_random_forest.png,102699,e134c37ab4b302cc31404b50a61e7b92b1c751916d68dcf2bb768676507e6eae
reports/figures/modeling/panel_v2_recovery_next_4obs_model_comparison_pr_auc.png,71332,b8e82bcb836cc14f655b46beeb4fb8c70f42eca0305d5bbc9fc52ddd04118153
reports/figures/modeling/panel_v2_recovery_next_4obs_test_precision_recall.png,114800,41433eedce5a490c1c21e4239ac4105b36e417bffca15ea804c1889d0e4fccc6
reports/figures/modeling/panel_v2_recovery_next_4obs_test_roc.png,116831,4a096ca3aa6abe1f6c63162f2c39e9d7e10eb7317c5702cc8ea51c10cf414456
reports/figures/modeling/panel_v2_stress_resilience_next_4obs_feature_importance_gradient_boosting.png,112760,e5fb98d7bbce6aed56dd1ce5455789621fe8d84128840df9b8363254a7355d27
reports/figures/modeling/panel_v2_stress_resilience_next_4obs_feature_importance_logistic_l2.png,110356,6f66c5e94ce53a63b7082588c529fdfc58328c2a0116d3c65242924fcae3ba77
reports/figures/modeling/panel_v2_stress_resilience_next_4obs_feature_importance_random_forest.png,99641,bfa22cdccff5c4e91ddc5850642a9a6c4ea37e92b37138b61c20e47c911447dc
reports/figures/modeling/panel_v2_stress_resilience_next_4obs_model_comparison_pr_auc.png,72113,99af6b1167b0d7102e6541bb17bf2b5190a715508eae4a276e430e51b52fa430
reports/figures/modeling/panel_v2_stress_resilience_next_4obs_test_precision_recall.png,130525,eac69ec7aba2c3bcfc87bca8751035a6b4504dd646f436a1e66f280f9ce3ca72
reports/figures/modeling/panel_v2_stress_resilience_next_4obs_test_roc.png,127296,4bebe66adfda7e85a9fda24d892192b3298629fc26e328089a87edfd644ad738
reports/figures/modeling/panel_v2_success_resilience_next_4q_feature_importance_gradient_boosting.png,106773,1d9b3cf1a8957484e6a0aac0345f8688c6f282232cda426ea8e9b56a674b8cf2
reports/figures/modeling/panel_v2_success_resilience_next_4q_feature_importance_logistic_l2.png,133586,bdb5155f610248347d8db10f7db72e9d86cd33747ecd435f8f8547a388085ded
reports/figures/modeling/panel_v2_success_resilience_next_4q_feature_importance_random_forest.png,100601,be1df8faf0ca6c237f18b59dc68666c4a85e17b22c5738bc46e57ec3dae6e3a7
reports/figures/modeling/panel_v2_success_resilience_next_4q_model_comparison_pr_auc.png,72385,cca659a20101f91b746ec7a2306dbdf3ecbb94f0da043c22a24f6b39d86a7fa9
reports/figures/modeling/panel_v2_success_resilience_next_4q_test_precision_recall.png,106117,c61b1466daaab8e4328923b3f78d28915cff79447c228ab5827760f13a30a0e2
reports/figures/modeling/panel_v2_success_resilience_next_4q_test_roc.png,118054,907d03dcb0a01082b42ce1be59704a6b0526b7e6f68dc9a45861d7e6506bb3be
reports/figures/modeling/panel_v2_test_precision_recall.png,107091,fbaeced42b1bc92421778e9439f345cc199702e538f8fa7bc5cd282f986dff7e
reports/figures/modeling/panel_v2_test_roc.png,121204,6c67121b9dad2e9ff17b2bd58caa2ba77ae5e7ced71b7d7dd1ee0284075e3ea4
reports/figures/target_lab/deterioration_next_4obs_best_precision_recall.png,54554,7f23f0b4292ae0609549c7e5bb44995fd76d3e0657b2626fd36a260681951c38
reports/figures/target_lab/deterioration_next_4obs_best_roc.png,65725,9776e9a15a9038cb86b19c6cf995f0661f8aa11bbfdc28b5243a6c043c587dcc
reports/figures/target_lab/exploratory_model_pr_auc.png,232319,2615d8b3f127d273c4bd653c7eaff31b3de0d6dfb5503681a01d96b4a3694b63
reports/figures/target_lab/exploratory_target_balance.png,77805,b8ffd9e295cd27bcdac94785063a3909e4c55273b08e03fb1354035f427c7789
reports/figures/target_lab/industry_relative_resilience_next_4obs_best_precision_recall.png,55542,27b50b91be1c9d303eac8734436683057d7d9d7d21387204996316fd16a78b3e
reports/figures/target_lab/industry_relative_resilience_next_4obs_best_roc.png,71535,d9049bae6b7d63a222e074ee133636231f1a1b298fcb3a75b27507c1719145ff
reports/figures/target_lab/industry_relative_resilience_next_4obs_feature_level_importance.png,94273,733ea1250a04c998b17df3cef2a5a7c170c0f682d8a7922ec1e99535f24f49cd
reports/figures/target_lab/persistent_resilience_next_6obs_best_precision_recall.png,57514,3d62c6ef47361aa105834d47f3ac2afdb87a8dd7f641514a217acf18cecdf8ce
reports/figures/target_lab/persistent_resilience_next_6obs_best_roc.png,64097,f72f929db8b82fbb9cc7585b564a46a0710cbe4c9bda76ba0d04ae97bd4dd0d6
reports/figures/target_lab/persistent_resilience_next_6obs_feature_level_importance.png,93654,8f9e6277672796782e7e5b4af30fa43b424eedfdaa08119b1327401159b26894
reports/figures/target_lab/quality_success_cashflow_next_4obs_best_precision_recall.png,60178,29c458395c18f0995f37ec0a5d93b85720f2934f6af6bff22636b9355c192c06
reports/figures/target_lab/quality_success_cashflow_next_4obs_best_roc.png,67307,9e96f907b664e0f8ae1f92d18ff0e4b58fb5831891f9e76abd63f81132a94d68
reports/figures/target_lab/quality_success_cashflow_next_4obs_feature_level_importance.png,98126,7ed842db1f1638eb61e25c4bed000237047611c3551871b0f9bd43d42c744af6
reports/figures/target_lab/recovery_next_4obs_best_precision_recall.png,42567,0520c3e6cdca3a0c98114f2eb14326ff4ea886e225225993403aaa6c478d74be
reports/figures/target_lab/recovery_next_4obs_best_roc.png,60786,1c5e92c7cfa545354ffe53512210a89d0b16400640887f48c29ae903c74ebc38
reports/figures/target_lab/recovery_next_4obs_feature_level_importance.png,98738,7993656ae6e86f112e366561a608ed623547d60cce2529f02ade6c4a85558cf9
reports/figures/target_lab/sector_relative_improvement_next_4obs_best_precision_recall.png,61936,aea51811c5511350b5a1729a4ecedf9638663d11a15996d87661794b5b14d1b4
reports/figures/target_lab/sector_relative_improvement_next_4obs_best_roc.png,68610,d62f9b57a9686a44be8d4b26cdc700ebae77dc876fc8e43bc0e4c1dc17b7bdd7
reports/figures/target_lab/sector_relative_improvement_next_4obs_feature_level_importance.png,96888,e10f9a489e21eade8a09cef2e3eb417fb2deedc0ed9e17f850b08d33cc8b997a
reports/figures/target_lab/stress_resilience_next_4obs_best_precision_recall.png,51262,37c99a6459e79b70c189789e30af4c73f094894a350f6887db49d5fb291c1b6f
reports/figures/target_lab/stress_resilience_next_4obs_best_roc.png,62850,acbc96965fd7a8dd09d9a22af7226736a2eea13e6c47db9f7945b2a47b8e813b
reports/figures/target_lab/stress_resilience_next_4obs_feature_level_importance.png,92401,9aa595d090e8be59acabbe10b79c00bcdad4a658e75aa2522f8f46a6b89fe63b
reports/final_thesis_appendix_pack/README.md,1912,959faaf880c063390536fe02410a980b92c928880dc9044da843836c1dc20282
reports/literature/full_text_retrieval_checklist.csv,22732,6594a1405c90d6f8a5ff0c967c5f1b5e108d39ae1a6c4f2c8d6e9c869b051ef4
reports/literature/legal_full_text_access_audit.csv,26256,35b57514c42eda34575be6b3995792e5144927877c3c0ba294d657de60ffcf4c
reports/literature/literature_matrix.csv,53747,3889f5fe4750eda45739f95404c6b84c31111028af059a6f2b3b4728c5c8305c
reports/literature/reference_critical_evaluation.csv,51813,9efac88cafdc5f240c36f724ae25a744b5209efd02b549be7ba02794773e6c1a
reports/literature/reference_quality_audit.csv,2233,da6fa6b8ef993de15ae46625843e7c06ebe4f532fb7c15c293ca78b284305994
reports/literature/research_gap_synthesis.csv,1477,6111f03936911c800da6280e4e10951be1f9960269e1c976e1cfa3571faa7aa0
reports/literature/source_to_claim_map.csv,3556,02fde6116c49856a495250e7c2ec8e46bd342bb0021994c5106f56761d668c10
reports/model_tuning/MODEL_TUNING_PROTOCOL.md,2698,270c267aa8201bf6409e87388aff6a122840396e923092c5bb0ff163d4a48503
reports/model_tuning/all_candidate_metrics.csv,99613,f7fc84f19957fea7aecbbe92afcdc5bc0c8301ad1f7d26af9df133980e1f2a9c
reports/model_tuning/baseline_vs_tuned_comparison.csv,1221,4d770199f00d71834972076bfb6d6b1c1043088d680ce8d983a05a4717e7b585
reports/model_tuning/candidate_grid.csv,4847,138fe5df2bd21b2b45d8f5d05e8695cd0a3ea2dbbc3e97f9075b1e78ffc62b5a
reports/model_tuning/distress_next_4q/best_by_validation.json,1854,333557e9ef2d229d070dc0a6eb93e4c2fc456f7cd12773dd89a94f38c52ca5f5
reports/model_tuning/distress_next_4q/best_by_validation_metrics.csv,1026,b7675cd055512b8ab8fbfe5ab27260f3e9525c14c79f1b88b445df18ad927717
reports/model_tuning/distress_next_4q/candidate_failures.csv,75,5f06452461984433d766e849309831d5c2d2658c0d65c554da44fdae34588665
reports/model_tuning/distress_next_4q/candidate_metrics.csv,31241,1c8702d7a5388e243d50a0dacc2a2ac38635d9b1e4c9c721650f0f848955a5cc
reports/model_tuning/distress_next_4q/test_leaderboard_observed_not_selected_on.csv,10571,7531947cad7427f54fdd07d96092e2f729a897564a08c27973930723fee0d21c
reports/model_tuning/distress_next_4q/validation_leaderboard.csv,10956,a43ea13bb437fef5ad4013a910a36dc65abc611c3413b09b3284fd3e098240f3
reports/model_tuning/failure_pressure_conservative_v2_next_4obs/best_by_validation.json,2030,611beed23a8dc3e43033d5e9de6c3e159d62a538ae8023e645d5ed2000d92ef1
reports/model_tuning/failure_pressure_conservative_v2_next_4obs/best_by_validation_metrics.csv,1202,4be0bb6077547baef141deb91647813e52b359c13728f648ea6858ea00c9b1a6
reports/model_tuning/failure_pressure_conservative_v2_next_4obs/candidate_failures.csv,75,5f06452461984433d766e849309831d5c2d2658c0d65c554da44fdae34588665
reports/model_tuning/failure_pressure_conservative_v2_next_4obs/candidate_metrics.csv,35068,5aec344c351b3f56bdc9a506f498847463189f3c52d6273e69509f1609bc96f0
reports/model_tuning/failure_pressure_conservative_v2_next_4obs/test_leaderboard_observed_not_selected_on.csv,11679,985178880eff62f0cb7bba043ca3f7c9ec81bb65b1bd3b9233031a7facdf1ebd
reports/model_tuning/failure_pressure_conservative_v2_next_4obs/validation_leaderboard.csv,11925,453b8fc33d1d9551982c0656ff7b81ca9ef8152e7f4f40557830552fbc90269e
reports/model_tuning/model_tuning_summary.csv,739,cdb92bb195411c2342c881dc3f6328073b8ebaa29dba1c03bb02f8474c0acf57
reports/model_tuning/success_resilience_next_4q/best_by_validation.json,1976,3dbd9795747a429f3877e87f9230b8261d4ed4092526c268966bb9954b19b5a6
reports/model_tuning/success_resilience_next_4q/best_by_validation_metrics.csv,1148,a8469f55f9fdb23d94a75d811a1044f4db69c841e55146501033beebc8ae78d4
reports/model_tuning/success_resilience_next_4q/candidate_failures.csv,75,5f06452461984433d766e849309831d5c2d2658c0d65c554da44fdae34588665
reports/model_tuning/success_resilience_next_4q/candidate_metrics.csv,33602,277b9b8697dce79886ddbf6ad9b66bc3e068dce7fad1d8eebd79462224cdabf5
reports/model_tuning/success_resilience_next_4q/test_leaderboard_observed_not_selected_on.csv,11232,0408559db812e073dfdc547113c58a4400c97e6ce76ac6de7d1571ae3c6770ca
reports/model_tuning/success_resilience_next_4q/validation_leaderboard.csv,11432,7daf67fde634ed737b5112b8ec3057750fb0255490fea0125ac3c0ca66bffd70
reports/model_tuning_advanced/ADVANCED_BOOSTING_PROTOCOL.md,1865,9e69cb8efb2731ce068d3f6e64ebce744d51b8f028ab279f5cd7d125cb0750bf
reports/model_tuning_advanced/advanced_boosting_summary.csv,698,a5ef876c35513625585e304ceda63aa13299724cda1898911486c9429d6283cd
reports/model_tuning_advanced/advanced_vs_existing_comparison.csv,1261,d73f8248f3ca2074a7640aa4826c13723be6be02409e8be5023778490695551f
reports/model_tuning_advanced/all_candidate_metrics.csv,89901,77e4c54b36384081b7eaa2505e717410d8163d2025cafd320fed068445084bc9
reports/model_tuning_advanced/candidate_grid.csv,5316,354cfbd47497fc2b0e93c2d58c61161ef88898c0c45b07c5e22013976b7736a0
reports/model_tuning_advanced/distress_next_4q/best_by_validation.json,2145,da0a5b7d94553dc562036e9fd4bdbc58d23a9db5c7b68c787a1ad3c7fa2c98ce
reports/model_tuning_advanced/distress_next_4q/best_by_validation_metrics.csv,1315,53bec07398d30beb8d40e2c62b1ca715cca816b9eb92438b2aab442cb1333bf2
reports/model_tuning_advanced/distress_next_4q/candidate_failures.csv,75,5f06452461984433d766e849309831d5c2d2658c0d65c554da44fdae34588665
reports/model_tuning_advanced/distress_next_4q/candidate_metrics.csv,28563,5f91a57c0b71e8dd75618922489a5facbfd92bc35196af1367d5001caac37b29
reports/model_tuning_advanced/distress_next_4q/test_leaderboard_observed_not_selected_on.csv,9785,8b5a364b90bd77e8bfde5f6bae4abbc505c58448789d92e51fb828b2d5ab663d
reports/model_tuning_advanced/distress_next_4q/validation_leaderboard.csv,10001,5b20760d03e61fc7f988383c9d2ca674d12b34cab8ed108a189fc8000ccccd77
reports/model_tuning_advanced/failure_pressure_conservative_v2_next_4obs/best_by_validation.json,2246,9e6013a194fed096472052551e0937d5d82c2f95916f78d23c8bc0fff9e62d0c
reports/model_tuning_advanced/failure_pressure_conservative_v2_next_4obs/best_by_validation_metrics.csv,1416,ba589029e7a5762a25320c969ef52e02cbaa8b3caad4fbdf114ab29368476bef
reports/model_tuning_advanced/failure_pressure_conservative_v2_next_4obs/candidate_failures.csv,75,5f06452461984433d766e849309831d5c2d2658c0d65c554da44fdae34588665
reports/model_tuning_advanced/failure_pressure_conservative_v2_next_4obs/candidate_metrics.csv,31198,17e89fba76bcae3f3a1f46e19ff43b74a4837adef2752f2b6d6031ad95a5836c
reports/model_tuning_advanced/failure_pressure_conservative_v2_next_4obs/test_leaderboard_observed_not_selected_on.csv,10489,4fb6b4222edda4b0c6c183fd3e96db06ada76bd459cf780036ce8fe200611f55
reports/model_tuning_advanced/failure_pressure_conservative_v2_next_4obs/validation_leaderboard.csv,10632,d75378076eefb796846dd59f9aa2d97fffad533583d820e22eb0595b6ed5c120
reports/model_tuning_advanced/success_resilience_next_4q/best_by_validation.json,2239,84ff1e5f1f54e677e6850e1c479a5646caaaec318901ef40ce4ba75f7a94bb43
reports/model_tuning_advanced/success_resilience_next_4q/best_by_validation_metrics.csv,1409,4b266de2b9c852e2f14c7b502f00e08b503834787b2f7a6ccb6628e92881b6f8
reports/model_tuning_advanced/success_resilience_next_4q/candidate_failures.csv,75,5f06452461984433d766e849309831d5c2d2658c0d65c554da44fdae34588665
reports/model_tuning_advanced/success_resilience_next_4q/candidate_metrics.csv,30440,ac83296aa58cdc569aac6ece4afd34d9fde44399ddba1a8973cd9b1ece03df61
reports/model_tuning_advanced/success_resilience_next_4q/test_leaderboard_observed_not_selected_on.csv,10187,591db761c01d21553a800774360e8d8ab13f94bb42f1cc832a12fe1e447a1ae7
reports/model_tuning_advanced/success_resilience_next_4q/validation_leaderboard.csv,10332,62e2676de45597817d7c2f86bd31c989a79debb4c26639f81e9278fb693341ef
reports/modeling/calibration_metrics.csv,19275,974ae747df70d7bc78a06747fdb55a6759bc3d5d47700ef02fc7113f560e431e
reports/modeling/calibration_model_selection.csv,13072,35adfee9bed058c99af67536e7d61d0b0ce123fcbc1ce3ecedd75d7a389acd97
reports/modeling/calibration_selected_models.json,2532,9e2b75ab0e27d59f7d7c500273a3e70d1d785f334bf036dfdca6689e3d9d266f
reports/modeling/distress_missing_indicator_ablation.csv,3645,9eae4da3371e1e9fe39f8d1b2f430da8be81460e89d42a570338661c45f8e169
reports/modeling/final_feature_group_contribution_table.csv,3878,1722d47c2add3972b59c697697b2230ff2bd07ee7ada50ef2b68062e5587fafd
reports/modeling/final_model_feature_interpretation_table.csv,59250,5365a7741283e92209cc93ea08c3dbd18369df9cf2e50145caa035d59701efdf
reports/modeling/market_health_by_year_regime_sector.csv,49683,99333dc1622dadeea49296852491884c032dec7ada192c852b52383c3b962f7e
reports/modeling/market_health_index_by_prediction_date.csv,609587,467c8f0fd3321df2bac7b18bf415f9961b1a1eb070842e15aae055b8241b8456
reports/modeling/model_interpretation_stability_summary.csv,2831,ea84bda41bab02bb61f3bb3adb8517cd445bf7795dfe6818379d61a6f038189c
reports/modeling/model_interpretation_top_groups_by_target_model.csv,4259,51c65a7a145e9bed32ee26ffc3f148b6a56921cbaee16f93288db607a39d095f
reports/modeling/panel_v2_ablation_metrics.csv,1343,388158826957659872985a467b748f500c37f0a5b983ced7df4a43d3c6bc2ad5
reports/modeling/panel_v2_best_model.json,310,5e3831fd54cafbab6607a8b07c8b7b7e50edd0588fc9f59371d7a8cc7c70d1f8
reports/modeling/panel_v2_cohort_summary.csv,502,117b8f42c92d9fad97c7a187d2d05691906378f6c80543dc47aed2c30ac5f82f
reports/modeling/panel_v2_distress_next_4q_best_model.json,310,5e3831fd54cafbab6607a8b07c8b7b7e50edd0588fc9f59371d7a8cc7c70d1f8
reports/modeling/panel_v2_distress_next_4q_feature_importance.csv,5146,45eb5418277e4aa394905200f1264c569bcc275bc9bbe7f4d2178f1ef80df11b
reports/modeling/panel_v2_distress_next_4q_model_metrics.csv,1423,39cb291f3ca1b57b26ef7903a425338aa7fad71bc07558925adcb49d06f9969f
reports/modeling/panel_v2_distress_next_4q_temporal_split_summary.csv,68,b122c1be25996ccf09ce6af497a91a990de83b2c2b4e93c1a6f29c71fd7cf2be
reports/modeling/panel_v2_failure_pressure_conservative_v2_next_4obs_best_model.json,334,dedc213149d7829548cbe76650bc27a9e657705cffef06c9ae8d42b53f9348a5
reports/modeling/panel_v2_failure_pressure_conservative_v2_next_4obs_feature_importance.csv,5330,bf9f02b72db5ed2aba8fe09617f26e4edd1f391cff84bfad0ff25a15221aab70
reports/modeling/panel_v2_failure_pressure_conservative_v2_next_4obs_model_metrics.csv,1523,722466704fceb3b82cc32629a970a6ed2b5e38f8a31e527b63e8da73b61c3d7f
reports/modeling/panel_v2_failure_pressure_conservative_v2_next_4obs_temporal_split_summary.csv,72,72801911ba3c9bfa171b46807b8ea811c5038d70264a798e6246b2960394dc10
reports/modeling/panel_v2_feature_contribution_economic_groups.csv,4423,3aac40a8d1ab84a807f534976195187c92817b5df5b9e776f4195930c7c6eca0
reports/modeling/panel_v2_feature_contribution_groups.csv,3878,1722d47c2add3972b59c697697b2230ff2bd07ee7ada50ef2b68062e5587fafd
reports/modeling/panel_v2_feature_contribution_long.csv,59250,5365a7741283e92209cc93ea08c3dbd18369df9cf2e50145caa035d59701efdf
reports/modeling/panel_v2_feature_importance.csv,5146,45eb5418277e4aa394905200f1264c569bcc275bc9bbe7f4d2178f1ef80df11b
reports/modeling/panel_v2_global_event_sector_summary.csv,20170,64a4532a1b382a37918f87c833a9aac4b56368fa797305419f34d710be4c9b15
reports/modeling/panel_v2_industry_relative_resilience_next_4obs_best_model.json,339,bde746e64628cb848732b4332ec10f1d71390bb11c65c32f51ff5671a1523cb8
reports/modeling/panel_v2_industry_relative_resilience_next_4obs_feature_importance.csv,5327,cb786ccfc647179f8b7e1ce0b8ef3445225165fc6ae03e4bde024431a3ded02a
reports/modeling/panel_v2_industry_relative_resilience_next_4obs_model_metrics.csv,1561,217f20fcc87f89dd7686149153f3a9f647e4fa312e2c2bf6cf47c41dde28ec8d
reports/modeling/panel_v2_industry_relative_resilience_next_4obs_temporal_split_summary.csv,74,19e6516c73bcc3b99dd83d9cfdb91f71756a6554582bfc144f8e7dc68f86adf5
reports/modeling/panel_v2_industry_summary.csv,1395,e4ae2d0c8f1063c84b8f77bc3f583554df0edbbac753955c040dd3c540268c27
reports/modeling/panel_v2_model_metrics.csv,1423,39cb291f3ca1b57b26ef7903a425338aa7fad71bc07558925adcb49d06f9969f
reports/modeling/panel_v2_quality_success_cashflow_next_4obs_best_model.json,339,d8afb0c3008ff6f02ff6ac76185c0ad770a49fbbd81ff0d0e4f6b903756853e3
reports/modeling/panel_v2_quality_success_cashflow_next_4obs_feature_importance.csv,5253,659906559c71f96c7468044a2937e71954d8a965e58d32be59ee65e1a9a3ea37
reports/modeling/panel_v2_quality_success_cashflow_next_4obs_model_metrics.csv,1552,1d655fdae35b9cc363d639ee0853debc256ae8051a5b34cd096b736e125043d1
reports/modeling/panel_v2_quality_success_cashflow_next_4obs_temporal_split_summary.csv,73,464dfc67575fb7c277c08530895022c527bd1a062d3ba8f16b839573b2633122
reports/modeling/panel_v2_recovery_next_4obs_best_model.json,334,1bca28e224ad1b76638326aaa5ef9ea92e03e5f84809a235bbe4ab15928a0cc7
reports/modeling/panel_v2_recovery_next_4obs_feature_importance.csv,5380,90f09e36b257839b25ce1963082dbebb3f43b4f1588c02836c5fbd2eafab859e
reports/modeling/panel_v2_recovery_next_4obs_model_metrics.csv,1554,1a888bb2979256bbda839eda46588c52c6c23f4d53718e222f7b0d45ac568c76
reports/modeling/panel_v2_recovery_next_4obs_temporal_split_summary.csv,73,b111e2f62c65d514848536105a8f6674ce4196e2e880ca3f71ab9ef34a96d7af
reports/modeling/panel_v2_regime_summary.csv,1307,6cb400a3d4dbf44a3a51e0475c1cca40b53c09f3a241230f1306cc7cef34fcf6
reports/modeling/panel_v2_stress_resilience_next_4obs_best_model.json,331,84560827efc320a46cea90a9690a8b6fd10c5fc83b54fbe1a6111e89e91c2571
reports/modeling/panel_v2_stress_resilience_next_4obs_feature_importance.csv,5355,fb76aba3332da506bee39f8df1e5262cb7984b0a2935d77917cab20e1705faf9
reports/modeling/panel_v2_stress_resilience_next_4obs_model_metrics.csv,1520,b79401e35696e3ccfa2f8ad1f945f4b58578fe1ee1b334ecc323346a56e4e8d5
reports/modeling/panel_v2_stress_resilience_next_4obs_temporal_split_summary.csv,71,7e3c1dce2a325071d001031c754f49952f17290ccfa89db962c538d69e833944
reports/modeling/panel_v2_success_resilience_next_4q_best_model.json,334,ee4e9daf1c31df62001f7f65d03f8dc849605100b3645cf2c6b60331e53e42a4
reports/modeling/panel_v2_success_resilience_next_4q_feature_importance.csv,5320,3b72c80cc3fe0f491bc416303d7eb5b9e69b078b9b74bac320968f53f52a0bd3
reports/modeling/panel_v2_success_resilience_next_4q_model_metrics.csv,1562,21c8518b6e1571d8cfa9e1fc31290c5379351e6dd1d21dd901103e27fe84757f
reports/modeling/panel_v2_success_resilience_next_4q_temporal_split_summary.csv,74,30f725f1ab8519a049484aaf6d5d45c9604483789e5d06428f4530d671ae31cb
reports/modeling/panel_v2_target_by_cohort.csv,6584,442447a78d978e858af5836c43ed178633c0130278589244a9dd4d5edd5d1874
reports/modeling/panel_v2_target_by_sector.csv,16189,71996370080185971441aab3ab7979e004015634881a84b7bbf5342fcc746288
reports/modeling/panel_v2_target_by_split.csv,3834,57097a484a118d6a5cfb035f518da739b3599b3525f831033f4debaf8e64e02d
reports/modeling/panel_v2_target_overall.csv,1278,1fa3fa19035de6a536516d880584013e048dba0290cf9f49cd21f9887d4f8307
reports/modeling/panel_v2_temporal_split_summary.csv,68,b122c1be25996ccf09ce6af497a91a990de83b2c2b4e93c1a6f29c71fd7cf2be
reports/modeling/panel_v2_yearly_summary.csv,1517,bf9a9d41ef327d6b9a7fd311afb7395d476774761a8e34853ed3b0c6e4a86080
reports/modeling/post_rebuild_best_model_by_metric_20260508.csv,1654,4f903c95c58e9d3c358aadddafab6bee9e622835405a38e395144c8fbe411eff
reports/modeling/post_rebuild_model_summary_20260508.csv,3709,011132397c77488e7d8e3c747135962835503ae66bbdaa0d379c941f3b9659ca
reports/modeling/success_missing_indicator_ablation.csv,3886,a8a6409b0251c0f872b3429ad422bbe9fc9503542b7bc87001fba6232d67cd44
reports/modeling/success_permutation_importance.csv,9520,811582209c94738c91246b219e0804143b905447f75c6d93e7d118f334a0f8ee
reports/modeling/threshold_ranking_metrics.csv,41960,91f12006b868ba115be338e9c573641f10c691d362f4470e74f0456d3008d9d5
reports/pre_expansion_20260505/universe_v2_pre_expansion_20260505.csv,83366,eb1a942d2941355ddcc2b15a1b1c0bca7b5573dbeabd226ef149bbfdc83c5861
reports/project_audit/FULL_MANUAL_LOGIC_UI_BACKEND_AUDIT_20260508.md,14208,f3e85d599ac336a88983124b594ca0184a6391a3bf049d9bfd403eb0afae35f7
reports/project_audit/FULL_PROJECT_REVIEW_20260506.md,9825,2844dcfd0290f834a80be973290652270d7f47e9d625244b9e9a220e56fd6eeb
reports/project_audit/REVIEW_OF_FULL_PROJECT_REVIEW_20260506.md,4226,f30a1337db69acb2829698f33eacfa623012343b603561641ad55805099103de
reports/project_audit/THESIS_PROJECT_AUDIT_REVIEW_20260512.md,8613,7452eef31d845c0067e48c6127bd0d1ec25e7e3b2bdac9d5f45efdd4d0eed6de
reports/project_audit/audit_summary_metrics.csv,1274,b930613fbe200a44c3b81a879729e985b6b936890cb0867760079b1666a74adb
reports/project_audit/clean_venv_smoke_test_results.csv,425,166f310373f4f3cf1c7d6ddc2bc576c6652846cd6ef107b14189e4b31225bf60
reports/project_audit/core_panel_audit.csv,1194,cdcf79aa1d93c07a148e28a3a2e6286be0298e125d2f370bc6d3ade4e10cff70
reports/project_audit/core_vs_github_panel_final_equality.csv,241,d62f718274e159fd9f577e4a7d73600fbef889d9e8c2eaed4e740183b6705c88
reports/project_audit/csv_quick_audit.csv,126083,942780d8f0acd27c69a94bbf7510d455ea4dd04e05687674214638d40376b6c5
reports/project_audit/dashboard_screenshot_capture.csv,942,368c95d88f8a1c904c92b2eb2817df843790cf6282831befe5d964c527ef8d58
reports/project_audit/dependency_import_audit.csv,303,7f80d7246cf9ba54960769f94c7f94f21016c24e24073f5749f82c2b2952dd2b
reports/project_audit/doc_reference_audit.csv,24,cebaa68c77e44c70f8b17a1077e3a3e6915b9876e980d571c013ba4bbe66498a
reports/project_audit/doc_reference_audit_clean.csv,25,277f984b6c222388ca495139eb94e06d6ecf9ab548d3558885b2f4e037c1b4de
reports/project_audit/doc_reference_todo.md,100,8f3c5313827c107fb14e50690a029bbc311d5cf3b497c3ef2fbc80d8f369d9d9
reports/project_audit/feature_blacklist_audit.csv,830,04d9d86b19727928002257401d745e945340db3426f6bbcb890b9ad1e49e228f
reports/project_audit/file_inventory.csv,312862,2e60ae3c6d439a0e490f85173fcd243dbefe418317b7a0a27fd93be01d333c1b
reports/project_audit/final_package_manifest.csv,426412,be79c110fef8de5df0eb524affd57e38d5b3ccf3dda7aa0e728b27bc0b134548
reports/project_audit/final_polish_caveat_package_summary.csv,482,303239536409f03b37e7c86516c421ae60bc5284dbf04bd7042a9bfe288aca22
reports/project_audit/github_package_smoke_test_results.csv,4587,8c097b54a3252e6573246ca8d09c435c8f99981d3a2bd7a4d97e152868513e8d
reports/project_audit/json_notebook_audit.csv,2713,8fa2f1d0daf92002bfc065b6ae641739a2013e315ca8dc974a943b0832ba8cce
reports/project_audit/manual_dashboard_rendered_audit_20260508.csv,1703,02e1e6a9f151c02218795201fcb442f9c4be2dbe5748e50a139fcef502d6be01
reports/project_audit/manual_dashboard_static_audit_20260508.csv,628,8e632abd613aa90067df3fe8b2acdd7755524fb0e7df290cac56f5c9c665d181
reports/project_audit/manual_formula_ratio_mismatch_detail_20260508.csv,14538,231a72c584b6e0cfac244dfae8191f14db919d5ed5b58cc428a6a724c2d9515e
reports/project_audit/manual_formula_recompute_audit_20260508.csv,1718,268a895627ccf09d97fc6ee1c533c181f972b791c397c7e9977ebeb8ef778d71
reports/project_audit/manual_model_logic_audit_20260508.csv,1728,cad31f5ee6a79572f43ffaa98aef73076e923f11549de6da5b4bfc660b7d97c6
reports/project_audit/manual_panel_row_audit_sample_20260508.csv,185355,0b1321c9dba4021a9a40ecc4a3d6bf2e5cbe8b38c9f15caa33a970a88754d4b2
reports/project_audit/manual_panel_row_audit_sample_summary_20260508.csv,621,186d8ccccbedb6c63ea2619670f6ad8b4325966b35133078cb43e09ba955cb29
reports/project_audit/manual_target_mismatch_detail_20260508.csv,429,4fd73c98b07ce350093519e5f8df76dc6623ac8005a10e8095d35c286aa71e38
reports/project_audit/manual_target_recompute_audit_20260508.csv,200,7ff8104e7fb7d4e3ce0b2987cb4198c063a2e5ebfdc9170a89627807b2b5e63e
reports/project_audit/model_output_consistency_audit.csv,675,0d4bc825f97ab3ec87fd045c6ccf2078c602d0ac081c9fb0a9f436b38da9f61e
reports/project_audit/package_smoke_test_report.md,812,2c11bb4f90195d27a114a7dc396ae54b056e5fcb186a0fb03df55d232a13388a
reports/project_audit/package_smoke_test_results.csv,575,fbb07e80ea2b82bb0cdeb875c3419e04daf7a49153111fa542faa08bb0557bf2
reports/project_audit/parquet_audit.csv,98240,70b5744696a3d55eeb0a78c4699107a5b2092a6a1c8522062ec9aa3000eceb64
reports/project_audit/pre_qa_model_snapshot.csv,1036,2a7abaa86f29deb72fc3932723d50f36e0b666d6f96f2821bf5bc6920d19d3ca
reports/project_audit/pre_qa_snapshot_manifest.csv,1822,6fa9615b3dde625a68ec51faa5633ecc51f6577dedfafd31684a4cdf687a7ae6
reports/project_audit/pre_qa_snapshot_manifest.md,837,b4d6acdeb88060174f3acc9537160be0fa0c1810dccfadfe6fde589dd456c1a0
reports/project_audit/python_compile_audit.csv,3408,de33077eebb6022dabec9603f74de9732e16747a2fd0451b9c1637f72f7565c8
reports/project_audit/required_config_audit.csv,294,ec81f7e8e066434274f7282fcfe2113a56fa1e617b5200d89beba7faf39c2dcd
reports/project_audit/scientific_validity_summary.csv,962,13a014bf2bd4a8b46834faa8c752ef7b72fd370647341ef04ec4bd80ec5b4cf4
reports/project_audit/zip_quick_audit.csv,3972,5b1542a7b11bb85c4d5b00706b35f26b849b9a2702e2fd582c6ca099bdcc5375
reports/reproducibility/freeze_manifest_20260507.csv,8787,7c1fab40395dd93222cada09738264e7b5385392eeffc8e46985c53d616cd53e
reports/reproducibility/github_release_file_list_20260507.csv,7988,76729961b16dbc91da6a2c07eb963b43164db7d2470e3c20c44237a05523da0c
reports/reproducibility/github_tracked_manifest_20260513.csv,56888,SELF_REFERENTIAL_MANIFEST
reports/target_experiments/README.md,1974,38757a7b7085ecd229cd94d6726a9d876c73b3af55abe0378a1f2cb4cacc32b5
reports/target_experiments/all_broader_target_model_metrics.csv,41468,8a8cb99589a54c8ab0a396d19bf1d28b7ba2a3a1ec74406e0db57366b6999f77
reports/target_experiments/experiment_comparison.csv,5574,6d17b32c5f7c2dc5a46fb413c82781ffa1531e9f71479d5cebb0beadc5fe69c1
reports/target_experiments/experiment_feature_list.csv,3254,dee614b4871ff6b1bdcfd24b47a3cb461fb3199030047f6b81c6b9a22fbc8759
reports/target_experiments/test_broader_targets1/experiment_config.json,422,f8237149c31cc23fdfd6d150a9abd8c9837468e33d3aa4abae665c793b157725
reports/target_experiments/test_broader_targets1/failure_pressure_loose_next_4obs_best_precision_recall.png,58116,23fb88635760a2730effeb4c1b38a7437863f939bcb124478ab1a75c188068a8
reports/target_experiments/test_broader_targets1/failure_pressure_loose_next_4obs_best_roc.png,70288,8b4c3726edf244f1c58e5ce88e4fb6143b1d9fcfad21319bda21b81ab5d92c10
reports/target_experiments/test_broader_targets1/failure_pressure_loose_next_4obs_best_test_predictions.csv,257065,8969c5a7e114a94151f9fd343390f648e68a078180e30db8874c35432e7ffccc
reports/target_experiments/test_broader_targets1/feature_importance.csv,50544,654c586dc60725060feb4ff884d8956730d346ea9bfad01ebfbf1ac5077d7c1b
reports/target_experiments/test_broader_targets1/inconsistency_audit.csv,675,791ef8439180fde94bcd04256b979ef2477c488ff68e33c7c9320eabc3acc0a0
reports/target_experiments/test_broader_targets1/model_metrics.csv,10332,4aded5f314b86a70e3d954cfd420fa2744900e27563bd6b80684843698ab354b
reports/target_experiments/test_broader_targets1/run_log.md,2889,a379e9dab879b8dcfc030988c30b897bcb037721edfe21e8a1b333c5b0cd6de1
reports/target_experiments/test_broader_targets1/success_composite_loose_next_4obs_best_precision_recall.png,55895,cc505650fc1b3f3a50406d5fe263bf4193fd8a9f36a775ba2a138e8d1056ed02
reports/target_experiments/test_broader_targets1/success_composite_loose_next_4obs_best_roc.png,71399,fc61ed046aaa38e514c3157261b3ef729dbfcd9ede9e3499d55b44cedc7bae04
reports/target_experiments/test_broader_targets1/success_composite_loose_next_4obs_best_test_predictions.csv,253527,077e2be4b420ee78e2566fc4262447da8810ebc64807bf482c7a6a3e777afbc5
reports/target_experiments/test_broader_targets1/target_balance_by_split.png,91150,8167e5e27659507b0db5b77b40b3e51bacc02167fe72e775bc694431980c89ad
reports/target_experiments/test_broader_targets1/target_overlap.csv,161,8cbf7bfaf12b7c6115b3ec0fea00b45922feaa05f2bd0d8dda9ce6634294a059
reports/target_experiments/test_broader_targets1/target_profile.csv,759,19d16b66aca2d0c0dbb0ea98f7493dc8fee6771f7bb73c3aa5efe136bcc333ab
reports/target_experiments/test_broader_targets1/test_f1_mean_comparison.png,89190,570ffb82eb6d8461dc81b90012a590bc998a6e22f7c7ead964b642f7faf4ee8f
reports/target_experiments/test_broader_targets1/test_metric_summary.csv,1031,dff05d71153817b7e169a7af4ab3c79ae90e64910a0585e70a9a4ea6abadee00
reports/target_experiments/test_broader_targets1/test_pr_auc_mean_comparison.png,91704,656a3c84f7a17fc4c68e7c33f6f30fb1070798f7830085dd96ccb085ed7abc4d
reports/target_experiments/test_broader_targets1/test_recall_mean_comparison.png,91130,79536d4b7a9f65d8f7d7791caa13cccfee5ed3c2595e2182fff69732d159aa21
reports/target_experiments/test_broader_targets2/experiment_config.json,465,3c7e15c2491c5203978eef62fef65646a86875b9cbaec86e61fb006cfbc8d1cc
reports/target_experiments/test_broader_targets2/failure_pressure_balanced_next_4obs_best_precision_recall.png,65462,489cf41ba56407ddf515f2dc38fb5666bfc520ae985634629f3fe6ef0d8b6065
reports/target_experiments/test_broader_targets2/failure_pressure_balanced_next_4obs_best_roc.png,79768,404676370647338e682b21c7ff229170e511f4c9b1d3cd347e0f20f305901b5d
reports/target_experiments/test_broader_targets2/failure_pressure_balanced_next_4obs_best_test_predictions.csv,257106,209df69358f4a9b1ddb0d9edddcf18058d88b7207ec4f2a5d734072f12548c7b
reports/target_experiments/test_broader_targets2/feature_importance.csv,51571,5a7c259f3a1fe0a03d1ace8880936221318262b996ab249029f5161f9064e107
reports/target_experiments/test_broader_targets2/inconsistency_audit.csv,675,791ef8439180fde94bcd04256b979ef2477c488ff68e33c7c9320eabc3acc0a0
reports/target_experiments/test_broader_targets2/model_metrics.csv,10418,a12d9fc21fe276d4484bee3a008d7e0e680645883253f6084a5170bcf58cb35b
reports/target_experiments/test_broader_targets2/run_log.md,2960,dbbc1daa2186122726fcef3c9a495b9a2eb430c1ecd94200e0b744d9678ef16d
reports/target_experiments/test_broader_targets2/success_composite_balanced_next_4obs_best_precision_recall.png,59191,318a4f2bce7e54b77d3f3e1f55309bab663def72527c1ffbb6e2dbdcbbb13fee
reports/target_experiments/test_broader_targets2/success_composite_balanced_next_4obs_best_roc.png,72264,1d0102486efcfc0abaf137a798ea5c72be1f6422b448c936c86c66c0f7931d6c
reports/target_experiments/test_broader_targets2/success_composite_balanced_next_4obs_best_test_predictions.csv,253705,6d0a58eee7cd1a19ce5e666b315f8348d0e6ece937e3c2000e955a0d7020d722
reports/target_experiments/test_broader_targets2/target_balance_by_split.png,94564,5596290f332529db3f8f6bce858b91c3ee00236b0418c8e278f9f73af48afd4f
reports/target_experiments/test_broader_targets2/target_overlap.csv,160,34f2fd7e9566cdea8cb8e60713f737280cd08e254f2e121e3da900514c5422d2
reports/target_experiments/test_broader_targets2/target_profile.csv,781,674838157f3380fccadaa059051698eeeb35b626fe5b164d5d55a10b1ecf7d05
reports/target_experiments/test_broader_targets2/test_f1_mean_comparison.png,92784,c5c6d706c08a443464654993c0a23efedae3d2652675337d42c426aed2a9c058
reports/target_experiments/test_broader_targets2/test_metric_summary.csv,1053,f9bc9eb04dcedc9cc1aedc312051602422ba7476695e2a074b60192085c464ee
reports/target_experiments/test_broader_targets2/test_pr_auc_mean_comparison.png,94983,efff0ca4d82cb6b481dfdedb9beefe143004174b4746938d2b0bd168fbd9d887
reports/target_experiments/test_broader_targets2/test_recall_mean_comparison.png,94646,53ddf7c617bb34397a59d4f4cc39a323d3354334f251c67f3920d6f0c3508be6
reports/target_experiments/test_broader_targets3/experiment_config.json,468,ed3e0eb37565ddb95fc77e561b204b91b08cc02945bcb2cd7ffb33a560c9894c
reports/target_experiments/test_broader_targets3/failure_pressure_sector_relative_next_4obs_best_precision_recall.png,63899,e3058f101d0b22831f00f3dc894549b49d1dadd68d1a60e2c4e9c91fd847a4f9
reports/target_experiments/test_broader_targets3/failure_pressure_sector_relative_next_4obs_best_roc.png,80056,f1500cc1660308ad1e13e182b66950343fe0de6e2351149f85ee8f81f4d6290a
reports/target_experiments/test_broader_targets3/failure_pressure_sector_relative_next_4obs_best_test_predictions.csv,257157,169e6980c4017c1482d5bac5d9cf6f89eda0b2867ea6c3c58c0e7edd8e352231
reports/target_experiments/test_broader_targets3/feature_importance.csv,54453,c8daa43b4340fd3d76c44a23ba6a503041fb9462d6d4925979acc720e1ff32bd
reports/target_experiments/test_broader_targets3/inconsistency_audit.csv,675,791ef8439180fde94bcd04256b979ef2477c488ff68e33c7c9320eabc3acc0a0
reports/target_experiments/test_broader_targets3/model_metrics.csv,10690,a4ce391a16ffacbf5fc20e666d128176918a97453c35396a6388db955a2d167c
reports/target_experiments/test_broader_targets3/run_log.md,3035,f8f732554165ad89730cb5d3a34bd79b303cca666abf495919aa2d812779ab15
reports/target_experiments/test_broader_targets3/success_composite_sector_relative_next_4obs_best_precision_recall.png,62562,107bad84702a23f3737cbf363378c7c3cc65cf83219655cde34dbc3e001c1e41
reports/target_experiments/test_broader_targets3/success_composite_sector_relative_next_4obs_best_roc.png,73647,9b680cc53579604951af77b0e987a00e56e30fb62e5ff728abba35473ec91bce
reports/target_experiments/test_broader_targets3/success_composite_sector_relative_next_4obs_best_test_predictions.csv,254799,17b4131d46885e5ecd86d483b1257ee6f9d40b27fb5f1e2fc0d4f0882833f672
reports/target_experiments/test_broader_targets3/target_balance_by_split.png,97877,cfd78fccd8b1d5548bde0ef0855ce4acef5bca3a7f4ba3854a0812c714b27022
reports/target_experiments/test_broader_targets3/target_overlap.csv,160,deb5c299088c786aeeac6d4ea81f78dd4a79ebc06206cba2ec727899020c448f
reports/target_experiments/test_broader_targets3/target_profile.csv,837,afd7da2cadd68e80c8af8776fb72b62526ed2d17587beb8b6bee6a8dad4100ec
reports/target_experiments/test_broader_targets3/test_f1_mean_comparison.png,98879,a9ce13e659cb3b948147a9dafc91a7502e0bf25f0bf5b32edba094cd111373fb
reports/target_experiments/test_broader_targets3/test_metric_summary.csv,1089,1bbea68ddd741dd073c1961ddc60808429da2cf351c08fa604ead0108e197a1c
reports/target_experiments/test_broader_targets3/test_pr_auc_mean_comparison.png,101689,1fc66d9a614f50eb53f0879f115c53ee57e7dfd07d4d1e678c0b81d68c1f4709
reports/target_experiments/test_broader_targets3/test_recall_mean_comparison.png,99941,297e328221e66e6486cf5fa37320449055395428002a2ff9e34860dfa6966d23
reports/target_experiments/test_broader_targets4/experiment_config.json,456,c6c6ede797b91ae0840de11177b4ee828771cde3e3ba6096fd26faedf5659cd7
reports/target_experiments/test_broader_targets4/failure_pressure_conservative_next_4obs_best_precision_recall.png,61800,392789cb9606d9bd41d76af143d3d717232c81f08e6e967f93c38bc02c811f09
reports/target_experiments/test_broader_targets4/failure_pressure_conservative_next_4obs_best_roc.png,73375,9bfdfc6abc33fd21f58a8860e9c6de3570608620ad4a377e0523a377e348f1a5
reports/target_experiments/test_broader_targets4/failure_pressure_conservative_next_4obs_best_test_predictions.csv,258669,b9d28247c9e15825bffeea6cb62d4f8ae5a04f36c45ef67eabdcdfaf2634ba80
reports/target_experiments/test_broader_targets4/feature_importance.csv,52177,1a5305baf707a38936e9f899a53433449838186540fa7d39578f00fd7f64cd04
reports/target_experiments/test_broader_targets4/inconsistency_audit.csv,675,791ef8439180fde94bcd04256b979ef2477c488ff68e33c7c9320eabc3acc0a0
reports/target_experiments/test_broader_targets4/model_metrics.csv,10394,8672d83c90a9107590ea6672de029234001886888beddcfc58cfe2fa10cda6d9
reports/target_experiments/test_broader_targets4/run_log.md,2962,4b15a86ac8cabc98f0a78e351098032d8bb394ab9ef9307a090719e57c0b413e
reports/target_experiments/test_broader_targets4/success_composite_strict_next_4obs_best_precision_recall.png,61435,b0de5aab700e8282b4f993566768cdf7f39731969072cd04c74ace353cdfc609
reports/target_experiments/test_broader_targets4/success_composite_strict_next_4obs_best_roc.png,75488,2c258a0c4046c417d5a2c658a2bb43cb5304b3fbcea99256526712ed3185e45b
reports/target_experiments/test_broader_targets4/success_composite_strict_next_4obs_best_test_predictions.csv,255228,bd1a420728c88e655a6843abf02f0cee3c22f44404ee3886d4a338e213450d84
reports/target_experiments/test_broader_targets4/target_balance_by_split.png,94839,6166fd174f17bb37067a258e53b939395d847cd7ccb8ddd5f139f98d4a8cbe5a
reports/target_experiments/test_broader_targets4/target_overlap.csv,160,73e2cc8752d8f61a8f957ab49ed0513a6c3140297a1eb8fa767e019bbaeb0de0
reports/target_experiments/test_broader_targets4/target_profile.csv,789,8833fefc57e66de82705d89aa8bfbc68474dca84a6c744fcf3e40d24902f40bb
reports/target_experiments/test_broader_targets4/test_f1_mean_comparison.png,95130,3dd8f98eca70350efe822c37342f993616a6f93890eff54a810c15ccdd48bd07
reports/target_experiments/test_broader_targets4/test_metric_summary.csv,1037,490ccb5f19e9b57dfa2f2fa011e515bd189a9c71bdd0a3d671493b4ca0dc016f
reports/target_experiments/test_broader_targets4/test_pr_auc_mean_comparison.png,97520,d23ea7b70ca4fa686534795e64e30d1e493e34d4140225344f7eb78a0262c31f
reports/target_experiments/test_broader_targets4/test_recall_mean_comparison.png,95742,32ed10e53e0dad9184c779ab6d0fa0f7cf9336d5c9c5ff08df137ad95bb5b7bb
reports/target_lab/exploratory_feature_direction_effects.csv,168376,83b2f7bafc1799461b93115abb2aa1d6752751ad40a8c978110429f70c7f6d55
reports/target_lab/exploratory_feature_group_importance.csv,19630,a72323f375e5eea07a1e4085be9f571b5220c7e593f9bd4e555b2dbce8dec474
reports/target_lab/exploratory_feature_level_importance.csv,303318,87e3c98bab1ea83c47e8e8950b45e2ca3089cea459ee5cfb83536ff114e230ec
reports/target_lab/exploratory_model_metrics.csv,13564,19e1d1eff4861c7d9f23911f592c51e1b11848212552ba3573bd35a7a5338709
reports/target_lab/exploratory_permutation_importance.csv,260220,cd8f2c0194a1a7fe0a81b9ef41a9818c075d26efbccf76a7d2693bcb4e1ca3a2
reports/target_lab/exploratory_reason_code_summary.csv,28722,ec2938e07bc7cfca96df9eb28d93173302f0e3b6c5d3b50d7999cae4d290db9b
reports/target_lab/exploratory_target_by_year_sector.csv,106552,444f470a966e65a048baead558d660fadc692268e9cdcc44da92d9a41f98c9b8
reports/target_lab/exploratory_target_lab_summary.md,8430,51397f1e46ce306261bd35f28177ec633a4c45b7919244849aa40100787057b4
reports/target_lab/exploratory_target_profiles.csv,2455,111615304d791609a43b5b5e805c85150328cb17ebf9db7163e3b96df8e30ab1
reports/target_lab/proposed_fred_extension_inventory.csv,382,9016878eff95fcfd9063c622abf04ea1fca533be8234065bf9b3d6bdf05587ff
reports/target_lab/robustness_extension_target_audit.csv,3720,0eb2940e6deb8a411174c67b276b74d3d0783e1f5ec60c04a56b43a3f0fcede7
reports/target_lab/robustness_extension_target_audit_summary.md,3860,50fc376b2f3a9384201b287a01d46b63a7cc95e9d1b529f97da5ad193f536c8f
reports/target_lab/validated_secondary_target_profiles.csv,2128,8578bb23772d60a1a58ae4a39960ef7e40ef9f39cbb2ce84a0b8461fcf5fdff7
reports/target_lab/validated_secondary_target_promotion_audit.csv,997,d89767886998fede85bb0dfc4a2eeb67e94c92a556504b68a7b8e87b8f3bc912
reports/target_lab/validated_secondary_target_promotion_audit_summary.md,2018,fd8f052680efaf17cddaf0cca6a529107dda31547127a03e91b1fd5d9d793553
reports/target_lab/validation_extension_gate_summary.md,12245,a2330652af753572d4b2d04a46149896b2934072f4c177479f52e977570b4601
reports/target_tweak_experiments/README.md,3101,5877cc9d54ee2f1fcac24c8d04e0a681c98f92dadb82773e3484fa958cbe977a
reports/target_tweak_experiments/all_target_tweak_feature_importance.csv,373578,14a6440c51485e0d0da8663e8f6cd451ce6a7dac545e72ef504532c19966beef
reports/target_tweak_experiments/all_target_tweak_metrics.csv,38394,7d0e024b9cc2c2f076881b7c723720c965b71da68ca434c9118a3acf39bcc6ff
reports/target_tweak_experiments/dashboard_best_target_rows.csv,1976,41e4b32bf4d0a1974cba561339deeb66cd22a865b9b31fad78af1d59cafec0d3
reports/target_tweak_experiments/dashboard_factor_group_best_models.csv,16831,2ef2e6c8428c7e2fdc02e2923e6162f33a4f3c48c76688db66136b367e34cc69
reports/target_tweak_experiments/dashboard_feature_set_performance.csv,17269,dc85710fe39e9ce9b830107a86f79307995de361e3c9d339362c7501e2bca0b2
reports/target_tweak_experiments/feature_ablation_comparison.csv,17269,dc85710fe39e9ce9b830107a86f79307995de361e3c9d339362c7501e2bca0b2
reports/target_tweak_experiments/feature_ablation_factor_group_summary.csv,35161,87be0036f16a6c2e35b0b5110a102e0077b21bb444310f43a57bed70d9baeeef
reports/target_tweak_experiments/feature_set_ablation/all_features_failure_pressure_conservative_next_4obs_best_pr_curve.png,62543,c0e70029f816a29eccb3d9fa3f118a8e2b2f96251cd327e714c9b364652e4e34
reports/target_tweak_experiments/feature_set_ablation/all_features_failure_pressure_conservative_next_4obs_best_roc_curve.png,69356,898d7e8d1388c9dd8f4e835025481d9812433d7a971b26b22d9339d10b1e095b
reports/target_tweak_experiments/feature_set_ablation/all_features_failure_pressure_conservative_v2_next_4obs_best_pr_curve.png,63329,aa0fef20a68d890f703352c08eb9d3971f30ce24a82d53b9480258fe1a02c061
reports/target_tweak_experiments/feature_set_ablation/all_features_failure_pressure_conservative_v2_next_4obs_best_roc_curve.png,70164,149e3d012fd5717e239a01c7f9cf9f74f5daf7eeee6394dfaf8b41b66375075f
reports/target_tweak_experiments/feature_set_ablation/all_features_failure_pressure_profit_roa_next_4obs_best_pr_curve.png,59099,5fa0c64616b2031e65dd4b8ee40fd08216fa9c6365e7da038b71c2724d226e8b
reports/target_tweak_experiments/feature_set_ablation/all_features_failure_pressure_profit_roa_next_4obs_best_roc_curve.png,69565,e088558ea26750ad5d47026fdcc4c2c3856ac1ea43f24a5c1431aebb3eb0399d
reports/target_tweak_experiments/feature_set_ablation/all_features_success_composite_strict_next_4obs_best_pr_curve.png,61606,0ed35daa7960740a60f0053b8427ab7d120b39067d52d3466259cd42ad4c5e57
reports/target_tweak_experiments/feature_set_ablation/all_features_success_composite_strict_next_4obs_best_roc_curve.png,71575,132c1428dc371f956e8fbd6ad4327bfeea4c02bfa62c955edb1e58669db2ebbe
reports/target_tweak_experiments/feature_set_ablation/all_features_success_quality_growth_next_4obs_best_pr_curve.png,61920,0ec9e9e218a8017d7aac8c25efef1bae53404213ae86fee5723d855ca89fcff7
reports/target_tweak_experiments/feature_set_ablation/all_features_success_quality_growth_next_4obs_best_roc_curve.png,68364,34f1cef71369e2826c26dc592731b780626cfbbd6a34320fc3f8852a16417688
reports/target_tweak_experiments/feature_set_ablation/all_features_success_resilience_quality_v2_next_4obs_best_pr_curve.png,57656,d7cfdd0ebc961f4cb90fbbcb34b1b0c1e4605599cff9af49a7ceecabc3542410
reports/target_tweak_experiments/feature_set_ablation/all_features_success_resilience_quality_v2_next_4obs_best_roc_curve.png,68687,1389c0a286bd0fc56e6656f7b665c60d90188947b9dd470246a4d0f69af23d48
reports/target_tweak_experiments/feature_set_ablation/feature_set_ablation_f1_mean_top.png,262653,763c5e109e24121e792493f7fedc1f9624b0a23a0d2b66e86ce186bbde96e70d
reports/target_tweak_experiments/feature_set_ablation/feature_set_ablation_pr_auc_mean_top.png,263779,81392316f42318c805f5bd593710c99a83b2d26944771ad544650049ad1d2425
reports/target_tweak_experiments/feature_set_ablation/feature_set_factor_group_summary.csv,35161,87be0036f16a6c2e35b0b5110a102e0077b21bb444310f43a57bed70d9baeeef
reports/target_tweak_experiments/feature_set_ablation/feature_set_feature_importance.csv,597533,445a12edf5a498b040a023d8e516746b7d629d6d2c97ccfe6a5a40da9a660e34
reports/target_tweak_experiments/feature_set_ablation/feature_set_metric_summary.csv,17269,dc85710fe39e9ce9b830107a86f79307995de361e3c9d339362c7501e2bca0b2
reports/target_tweak_experiments/feature_set_ablation/feature_set_model_metrics.csv,64661,419198699f9b040c91aefbb39607f06057a76bdd0e71f3f4de58a6f8f5fc5a03
reports/target_tweak_experiments/feature_set_ablation/firm_core_failure_pressure_conservative_next_4obs_best_pr_curve.png,57927,e9c5a0ed0cc7b3d58725a836bbc4a2525872043fe9f7b7d7dcf61fd948a85c41
reports/target_tweak_experiments/feature_set_ablation/firm_core_failure_pressure_conservative_next_4obs_best_roc_curve.png,69370,2bddc462275bdd41841584e37ee561dfdeb2ed7c3fd1fb3b6fb3356992f6955c
reports/target_tweak_experiments/feature_set_ablation/firm_core_failure_pressure_conservative_v2_next_4obs_best_pr_curve.png,58738,28bd11e5ef826208b5b3f849c60764df9863089f5741a9b3bf3045fbbd1d7768
reports/target_tweak_experiments/feature_set_ablation/firm_core_failure_pressure_conservative_v2_next_4obs_best_roc_curve.png,70182,153354089e567193d5466c1a8f6898bb2eb991c87fecfec2bbd967038ce4e2e9
reports/target_tweak_experiments/feature_set_ablation/firm_core_failure_pressure_profit_roa_next_4obs_best_pr_curve.png,60428,01255ce73921b5a7cf3d49212d2d349342f82b88ad0945cd6848cb7e8a6be34c
reports/target_tweak_experiments/feature_set_ablation/firm_core_failure_pressure_profit_roa_next_4obs_best_roc_curve.png,68729,5ea4dae75d4ae59150b4f6bff97c9ad9b895661d3c8eadc52d9629b2e639d827
reports/target_tweak_experiments/feature_set_ablation/firm_core_success_composite_strict_next_4obs_best_pr_curve.png,60176,82177887e257d9edc234372227710b3cf58727336971ba95a07573857fafa88e
reports/target_tweak_experiments/feature_set_ablation/firm_core_success_composite_strict_next_4obs_best_roc_curve.png,71748,52c41b1adc817c0b29e72860ec1907743cc0ac9a62df51fbad3050af5def3cee
reports/target_tweak_experiments/feature_set_ablation/firm_core_success_quality_growth_next_4obs_best_pr_curve.png,65094,1e9ad15bdf5540998ee82c880033a84a8707576c37d465f876a0a033aa0e7ae8
reports/target_tweak_experiments/feature_set_ablation/firm_core_success_quality_growth_next_4obs_best_roc_curve.png,72254,138a55f20bfe5c542e3f9b43d480bdcd049816941aba10969f9156a6289da9c6
reports/target_tweak_experiments/feature_set_ablation/firm_core_success_resilience_quality_v2_next_4obs_best_pr_curve.png,56214,ce4d1492eb9a9ce00b166edd8127cf471499415a4b14f9e0f8c28a745ad93447
reports/target_tweak_experiments/feature_set_ablation/firm_core_success_resilience_quality_v2_next_4obs_best_roc_curve.png,68079,e6952b3729fd58edb83d534f11cbc206e629bdbebdb33df99f3ac64ca4289d86
reports/target_tweak_experiments/feature_set_ablation/macro_event_only_failure_pressure_conservative_next_4obs_best_pr_curve.png,56750,402b4738555862d90544ca1372ef733695d2197a72ec40e4f621376c80edd074
reports/target_tweak_experiments/feature_set_ablation/macro_event_only_failure_pressure_conservative_next_4obs_best_roc_curve.png,83059,8192de83b04e08a16c43dc17882769b6e918d5da03d31fb2c953a060d2d08756
reports/target_tweak_experiments/feature_set_ablation/macro_event_only_failure_pressure_conservative_v2_next_4obs_best_pr_curve.png,57563,9dfa4a55d4e938fc3a1cab3421a3db97140e97d5bc60083e73f6ba01a31b33af
reports/target_tweak_experiments/feature_set_ablation/macro_event_only_failure_pressure_conservative_v2_next_4obs_best_roc_curve.png,83835,9ff810baa498a818e9c14dd2ea035098d422883c4a4504a192eb21c534552185
reports/target_tweak_experiments/feature_set_ablation/macro_event_only_failure_pressure_profit_roa_next_4obs_best_pr_curve.png,54505,7a641df4c40fbf566c5b35f358865cc2539156594d47d18ae0010b8abb81f58f
reports/target_tweak_experiments/feature_set_ablation/macro_event_only_failure_pressure_profit_roa_next_4obs_best_roc_curve.png,81339,d575e605810f330a4d251357a2349ff2e08ac9da69a0d7189bf9e5f1397ac8b1
reports/target_tweak_experiments/feature_set_ablation/macro_event_only_success_composite_strict_next_4obs_best_pr_curve.png,55089,6d50ea297facf3a35e7f835c19626fdbf7f06be64cde3cfc8525c6710756867e
reports/target_tweak_experiments/feature_set_ablation/macro_event_only_success_composite_strict_next_4obs_best_roc_curve.png,80797,df66d2f8ca9767f5b30439f6d8216cd93f8b92398f5203b4b71b1eae7d77480a
reports/target_tweak_experiments/feature_set_ablation/macro_event_only_success_quality_growth_next_4obs_best_pr_curve.png,56224,b5ea95a4df6ea9322290fcb5d72b88b8a354bc12f91489527f5df5517e7a2052
reports/target_tweak_experiments/feature_set_ablation/macro_event_only_success_quality_growth_next_4obs_best_roc_curve.png,80715,d9ae265924600c334a4c2cd58db156a22c959de21934163744be845ee3e5a883
reports/target_tweak_experiments/feature_set_ablation/macro_event_only_success_resilience_quality_v2_next_4obs_best_pr_curve.png,62118,5b7d5a628c64d83cd57b810f73797a3abf2dbcfcbc17f886724a1fb5f1b0057c
reports/target_tweak_experiments/feature_set_ablation/macro_event_only_success_resilience_quality_v2_next_4obs_best_roc_curve.png,84034,d1fa5688d131b0e37b76543318bffa08f6447c7094fff0f5781ea729b56bc0e5
reports/target_tweak_experiments/feature_set_ablation/ratios_trends_only_failure_pressure_conservative_next_4obs_best_pr_curve.png,61059,80588dc8b1a9442e8c2a97b03302b5d94820e3c1bb2572a90a7d1ba065e09684
reports/target_tweak_experiments/feature_set_ablation/ratios_trends_only_failure_pressure_conservative_next_4obs_best_roc_curve.png,74860,490a7b2549c8782e2617f37317db486ae69ff4cbe498821b7aa168a312dda1dc
reports/target_tweak_experiments/feature_set_ablation/ratios_trends_only_failure_pressure_conservative_v2_next_4obs_best_pr_curve.png,61839,adef2c5c973e381afedfd523ceb5f54acce91ed3a75f6851dfd625ab0c5802fc
reports/target_tweak_experiments/feature_set_ablation/ratios_trends_only_failure_pressure_conservative_v2_next_4obs_best_roc_curve.png,75659,7eca6474e8ce491df0ca78e856f7391184e12e6cca00da3140a1fe1aacaf435e
reports/target_tweak_experiments/feature_set_ablation/ratios_trends_only_failure_pressure_profit_roa_next_4obs_best_pr_curve.png,61069,ac480639a39afb4a5c15d9506ebe36c025e9b95592bdfbfe2141b0c64f697014
reports/target_tweak_experiments/feature_set_ablation/ratios_trends_only_failure_pressure_profit_roa_next_4obs_best_roc_curve.png,74483,7ca61573ae2af5190a3cb81db19c3599f0d9c582a53551d346cc75092c3f5daa
reports/target_tweak_experiments/feature_set_ablation/ratios_trends_only_success_composite_strict_next_4obs_best_pr_curve.png,60535,e5eed7cbcd0fe43e9c2b693817cfa0e3df692c170fdfae3368f737fa42df3a9a
reports/target_tweak_experiments/feature_set_ablation/ratios_trends_only_success_composite_strict_next_4obs_best_roc_curve.png,73093,f9e42ce17d5ae8e8008c53208a9122bd794e3b31f3a046731d04864bdccb0427
reports/target_tweak_experiments/feature_set_ablation/ratios_trends_only_success_quality_growth_next_4obs_best_pr_curve.png,63223,a18f06441e17a867d3da558045641c3ab5da98573c8287ea7a4dca99ac5f5e8f
reports/target_tweak_experiments/feature_set_ablation/ratios_trends_only_success_quality_growth_next_4obs_best_roc_curve.png,73508,ab9a1459a5323561932b00b0b560341e4fef363ffccc5d2ad2e7a031bfbfd67e
reports/target_tweak_experiments/feature_set_ablation/ratios_trends_only_success_resilience_quality_v2_next_4obs_best_pr_curve.png,59673,24b8724b496f4c556fd181aba62cc9c5d3986eb5d6be95ce79323adce0534b93
reports/target_tweak_experiments/feature_set_ablation/ratios_trends_only_success_resilience_quality_v2_next_4obs_best_roc_curve.png,72640,f476d03ad364f3ef0fed2ab8ba76fcae3ffc4308e957109fc458b67e2d828d40
reports/target_tweak_experiments/feature_set_ablation/raw_accounting_only_failure_pressure_conservative_next_4obs_best_pr_curve.png,60901,5ebb435c15f005e8a733577fccc94d2c5c060f1ac2bea8ca3071a81c9d3a9718
reports/target_tweak_experiments/feature_set_ablation/raw_accounting_only_failure_pressure_conservative_next_4obs_best_roc_curve.png,71903,d48ec5aec85f9edcb7dd274c442d6b106b4e47aa131f51cd6702e12dedbc5ff0
reports/target_tweak_experiments/feature_set_ablation/raw_accounting_only_failure_pressure_conservative_v2_next_4obs_best_pr_curve.png,61664,ad534e2828f8fcfb3b19a48568d4647b1ef25c900cf5175d7239d8614680cf87
reports/target_tweak_experiments/feature_set_ablation/raw_accounting_only_failure_pressure_conservative_v2_next_4obs_best_roc_curve.png,72717,cffce391c0d655b14ec592fc9330010931a415a58b4337569947e33d081a69f1
reports/target_tweak_experiments/feature_set_ablation/raw_accounting_only_failure_pressure_profit_roa_next_4obs_best_pr_curve.png,62325,40c152e497230b44131bfc2d2687f733610dde58da4714f5a30f7036bf386f52
reports/target_tweak_experiments/feature_set_ablation/raw_accounting_only_failure_pressure_profit_roa_next_4obs_best_roc_curve.png,77109,8a66e0c774470fdbe065faaf91608467f9962442908a076c67def2ce7d5fc4dc
reports/target_tweak_experiments/feature_set_ablation/raw_accounting_only_success_composite_strict_next_4obs_best_pr_curve.png,60705,12b5227b720cc6abe9cdd96ccb3f431624675742c840cbd4074ebba5396d106e
reports/target_tweak_experiments/feature_set_ablation/raw_accounting_only_success_composite_strict_next_4obs_best_roc_curve.png,74311,0bb1592822eef3c303e9856a9241f814da3f2ee8ccdb2d017c9ba79f78803e59
reports/target_tweak_experiments/feature_set_ablation/raw_accounting_only_success_quality_growth_next_4obs_best_pr_curve.png,63606,1177ae12be20a411b62663987c4ac419c3cdb7a3a4e54045d5fcb91d5d58a5d4
reports/target_tweak_experiments/feature_set_ablation/raw_accounting_only_success_quality_growth_next_4obs_best_roc_curve.png,73962,54552f92abfdaafbd84e9184007270e5e8836b310dc52fb05aad65d4fcdabc80
reports/target_tweak_experiments/feature_set_ablation/raw_accounting_only_success_resilience_quality_v2_next_4obs_best_pr_curve.png,60516,eff11bb963f6ef3335b1bfdad8f3676268d42b7b60ebdc32a55e909d9bab7f73
reports/target_tweak_experiments/feature_set_ablation/raw_accounting_only_success_resilience_quality_v2_next_4obs_best_roc_curve.png,70702,afed4f89f597f8ecc0eb7a5fd3029a618212d7e7b7467fe22328ca6fb9495a71
reports/target_tweak_experiments/feature_set_inventory.csv,121,8289babc70dee5eedfe32dd42c4462e4fb5f43e891889d41e80777643050f08c
reports/target_tweak_experiments/target_tweak_comparison.csv,5688,449c0c4a6f974a2671312a822d2fc82f199c203f44b018871f66bf42547f32c2
reports/target_tweak_experiments/target_tweak_factor_group_summary.csv,16831,2ef2e6c8428c7e2fdc02e2923e6162f33a4f3c48c76688db66136b367e34cc69
reports/target_tweak_experiments/test_target_tweaks1/logic_audit.csv,193,676692e9eaf7cf17978a6a5637b2fa4e4a1e79c2815286c5aa488ec81b4e5607
reports/target_tweak_experiments/test_target_tweaks1/run_log.md,2265,fc13dae5615cc2f1d32815d9765088806c85fcc204942664676a8df4363ccefd
reports/target_tweak_experiments/test_target_tweaks1/target_profile.csv,824,400ad6c1f58a4c2e5f17b448a5c10468f244ce164b9efa759732d3d89a8fc84c
reports/target_tweak_experiments/test_target_tweaks1/target_scan_f1_mean_top.png,109435,ff7c08bfe3283206642a1984ac3ccd8978c9df02b50338053aa0c740e6aed56a
reports/target_tweak_experiments/test_target_tweaks1/target_scan_factor_group_summary.csv,3572,a4790aabe8c940acee82efde5b54420c204931979a38ecc96e5c4a78b42e1e81
reports/target_tweak_experiments/test_target_tweaks1/target_scan_failure_pressure_conservative_v2_next_4obs_best_pr_curve.png,63066,75fca9161ffc818c34f94e4828e8e3c435c1452ddae384b7f7189b7e52b9d64a
reports/target_tweak_experiments/test_target_tweaks1/target_scan_failure_pressure_conservative_v2_next_4obs_best_roc_curve.png,70257,3031b9d7720388f6c62980d7c470584ba70bbb3e9af7d72062b34000bbbff7d0
reports/target_tweak_experiments/test_target_tweaks1/target_scan_feature_importance.csv,76709,91f4dd1c538b50dde5ebcc1ee2e90d5d2ccc538587dfac510d724ed7bb4e752a
reports/target_tweak_experiments/test_target_tweaks1/target_scan_metric_summary.csv,1251,22f2d624f548dac33f6c293e6d40f36df7fa71b14d66fd7b78a8324166fb9e91
reports/target_tweak_experiments/test_target_tweaks1/target_scan_model_metrics.csv,7943,58d38dfc41f1fd085cc8c171f30e1d49d91d969b3973213ef40aa18ac50e155e
reports/target_tweak_experiments/test_target_tweaks1/target_scan_pr_auc_mean_top.png,111661,92226e189eeb2cda9fd065289fbee4dde99938c689892e03e628ed43cb858ed9
reports/target_tweak_experiments/test_target_tweaks1/target_scan_success_resilience_quality_v2_next_4obs_best_pr_curve.png,57223,002191be8b1f238d6e3eda6c75c5ffc5ca2e680aa0830a7e08ab667fa39cf371
reports/target_tweak_experiments/test_target_tweaks1/target_scan_success_resilience_quality_v2_next_4obs_best_roc_curve.png,68377,79e95cbc58f4528fd28e612bd43f28e244e9bfe0599994054535f5cb5faf10b7
reports/target_tweak_experiments/test_target_tweaks1/tweak_config.json,603,57e05d839d691e3d5fab5bd2cbc57052a3132baead330e486549e497da7ec70b
reports/target_tweak_experiments/test_target_tweaks2/logic_audit.csv,193,676692e9eaf7cf17978a6a5637b2fa4e4a1e79c2815286c5aa488ec81b4e5607
reports/target_tweak_experiments/test_target_tweaks2/run_log.md,2196,7786e12d2d44641e647aaa6251cb2d5e91635f81f9b02130f7e12a779f74520c
reports/target_tweak_experiments/test_target_tweaks2/target_profile.csv,774,6c7909176d0faa68b84828de40a43de8fcfd1a6e6724e734d692fb7a78804151
reports/target_tweak_experiments/test_target_tweaks2/target_scan_f1_mean_top.png,103023,29a40e0f5b9ca388c051d2f06e0bd52f20c589e2ce02cbd58613acaf3a2f31a4
reports/target_tweak_experiments/test_target_tweaks2/target_scan_factor_group_summary.csv,3544,6a2e0bd77216b2d6215a76261d6b0325d6351872b1935d740ae5d8eb0f9fcb6b
reports/target_tweak_experiments/test_target_tweaks2/target_scan_failure_pressure_profit_roa_next_4obs_best_pr_curve.png,59099,5fa0c64616b2031e65dd4b8ee40fd08216fa9c6365e7da038b71c2724d226e8b
reports/target_tweak_experiments/test_target_tweaks2/target_scan_failure_pressure_profit_roa_next_4obs_best_roc_curve.png,69565,e088558ea26750ad5d47026fdcc4c2c3856ac1ea43f24a5c1431aebb3eb0399d
reports/target_tweak_experiments/test_target_tweaks2/target_scan_feature_importance.csv,73655,38079afa7386d0697c7336a5ab743a6b891155c0e3a7595657607bbde00fac78
reports/target_tweak_experiments/test_target_tweaks2/target_scan_metric_summary.csv,1217,2e41b33d6edd1f9420d3c20563c9a9f55c5a265feb01fdaf5798fcbd263455bf
reports/target_tweak_experiments/test_target_tweaks2/target_scan_model_metrics.csv,7705,c6edc6e18eb1b6bfa591c60b09de91d8812d88a46495a8eb9df062eaab41be65
reports/target_tweak_experiments/test_target_tweaks2/target_scan_pr_auc_mean_top.png,105786,e8ef24f23da439f8e08550a01d0ba0628eb2b4c043df5481f8d23ee423002c7b
reports/target_tweak_experiments/test_target_tweaks2/target_scan_success_quality_growth_next_4obs_best_pr_curve.png,61920,0ec9e9e218a8017d7aac8c25efef1bae53404213ae86fee5723d855ca89fcff7
reports/target_tweak_experiments/test_target_tweaks2/target_scan_success_quality_growth_next_4obs_best_roc_curve.png,68364,34f1cef71369e2826c26dc592731b780626cfbbd6a34320fc3f8852a16417688
reports/target_tweak_experiments/test_target_tweaks2/tweak_config.json,599,d8a0b5ec2c4cfdb02308a4e63134f900427aba806747dbd55f9eec2f66173ba7
reports/target_tweak_experiments/test_target_tweaks3/logic_audit.csv,193,676692e9eaf7cf17978a6a5637b2fa4e4a1e79c2815286c5aa488ec81b4e5607
reports/target_tweak_experiments/test_target_tweaks3/run_log.md,2238,5970b852bca7671efaa02639bc74b4d9ea33a127241a8f83aae5471cc76d2912
reports/target_tweak_experiments/test_target_tweaks3/target_profile.csv,805,d73273762205c1e4d26e883c012c3e3f95a13d8fbc76293edb34b9e2d0acaa6e
reports/target_tweak_experiments/test_target_tweaks3/target_scan_f1_mean_top.png,108093,3f9504a174697edc8e1b653d38837edf91363aa26ac2e48579234a651e9aa8ba
reports/target_tweak_experiments/test_target_tweaks3/target_scan_factor_group_summary.csv,3306,69940658effa9df56357613beadeef662851098407efb7137b50763a3186aeca
reports/target_tweak_experiments/test_target_tweaks3/target_scan_failure_pressure_balance_liquidity_next_4obs_best_pr_curve.png,57080,068d64adea9efb74c592f39c34ccda773d431775a3159963c6d9d02db9dbf0fa
reports/target_tweak_experiments/test_target_tweaks3/target_scan_failure_pressure_balance_liquidity_next_4obs_best_roc_curve.png,68561,51a703dd778ce350fabae2c2bcf21abbd3a2852baa356ef62b205616ea92fae7
reports/target_tweak_experiments/test_target_tweaks3/target_scan_feature_importance.csv,76825,123f9735f5f850de58307f17b1988bfefb885496b2b194668361e167fabcb9aa
reports/target_tweak_experiments/test_target_tweaks3/target_scan_metric_summary.csv,1251,f75ec8c030bccd774f04c6bc5af3eb46119f6212d906ce7fd3d2d0446640b004
reports/target_tweak_experiments/test_target_tweaks3/target_scan_model_metrics.csv,7913,7ced460ae1ec92f4ce3757e5d61d2769f1c3447c7e2ea3144cddd75dab5a51ab
reports/target_tweak_experiments/test_target_tweaks3/target_scan_pr_auc_mean_top.png,108902,0890d0a151ad21088e8de524419b991c328800809a13a245971faf1b0534abe1
reports/target_tweak_experiments/test_target_tweaks3/target_scan_success_stable_balance_next_4obs_best_pr_curve.png,58720,13dd217196090fe7eefe31f73b1e916cf2049d288a0410fc3f2fb6087b1d3877
reports/target_tweak_experiments/test_target_tweaks3/target_scan_success_stable_balance_next_4obs_best_roc_curve.png,68430,b8472c66f3814cf1c2b285058151049e1d36b4fedd29847d883b6f7e465c1aa0
reports/target_tweak_experiments/test_target_tweaks3/tweak_config.json,594,533f33ae49a809b771814e6373af9e8ce65f821b1fd923e84fbe4387618f0dc8
reports/target_tweak_experiments/test_target_tweaks4/logic_audit.csv,193,676692e9eaf7cf17978a6a5637b2fa4e4a1e79c2815286c5aa488ec81b4e5607
reports/target_tweak_experiments/test_target_tweaks4/run_log.md,2158,b088bdae7217cdd70c2bd0c57b0500227b9e22b48c304be2ac5d5aee247548c8
reports/target_tweak_experiments/test_target_tweaks4/target_profile.csv,784,a6f49506cdd37e2553ff240736c7fd691f7edd66f30ee63eb107e956ac8de527
reports/target_tweak_experiments/test_target_tweaks4/target_scan_f1_mean_top.png,105148,36b84826c23be9208d5d0950dd0779e26d88a7507e251ba44a96b0133e117f7f
reports/target_tweak_experiments/test_target_tweaks4/target_scan_factor_group_summary.csv,3448,4b57d918c1d31d578b7877916af017e30840c3972839ae3b7faec1d71c8b62e3
reports/target_tweak_experiments/test_target_tweaks4/target_scan_failure_pressure_sector_strict_next_4obs_best_pr_curve.png,63604,7c7fca8a71405c9e1a0e5139dd6d2ffa52bfad99e59e857c06d7eb725d884c10
reports/target_tweak_experiments/test_target_tweaks4/target_scan_failure_pressure_sector_strict_next_4obs_best_roc_curve.png,70954,f0ea3cfcd1324e1e1343b654a89b1110b161d8ce070df58c3ce7222ff012ba1e
reports/target_tweak_experiments/test_target_tweaks4/target_scan_feature_importance.csv,74985,d132c41a2fc7dad9f785698ec0cf13672829dd994e7675b1a731203b4c6d2039
reports/target_tweak_experiments/test_target_tweaks4/target_scan_metric_summary.csv,1239,cd4c807cdeb24ccf24ff6e51ea8cc84370359d93f46303cddfac135da5f01d09
reports/target_tweak_experiments/test_target_tweaks4/target_scan_model_metrics.csv,7781,d3010e698ddcc855d7c559559fe8f16857081cbeb98c925696f6ab963913029c
reports/target_tweak_experiments/test_target_tweaks4/target_scan_pr_auc_mean_top.png,108012,7c4cf718157420847d94a876da6335438cd1328f3772ff475a56650e15f1ad3a
reports/target_tweak_experiments/test_target_tweaks4/target_scan_success_sector_quality_next_4obs_best_pr_curve.png,58846,58d37be2dfa16870b9582b677d27751acbd21c2d3be899a2b7f5e2f7777d2c3b
reports/target_tweak_experiments/test_target_tweaks4/target_scan_success_sector_quality_next_4obs_best_roc_curve.png,72338,4fb52b54edfa9ba5d0554be0c0fec6b0a88adeed4585e396b35c77217434cbd3
reports/target_tweak_experiments/test_target_tweaks4/tweak_config.json,535,546c0ea99079136abcbbcf24d347eea924b29490b70da2baba1e1aaba0560ec0
reports/target_tweak_experiments/test_target_tweaks5/logic_audit.csv,193,676692e9eaf7cf17978a6a5637b2fa4e4a1e79c2815286c5aa488ec81b4e5607
reports/target_tweak_experiments/test_target_tweaks5/run_log.md,2016,6cb66b114d99365500aa050b3ac021baa2e1214232d28a628cd65dc958ab6f9e
reports/target_tweak_experiments/test_target_tweaks5/target_profile.csv,727,d345efb7edcf152635e5145edfd4c99d2ae864e4da5c41addb1601af1db67ceb
reports/target_tweak_experiments/test_target_tweaks5/target_scan_f1_mean_top.png,98856,20c1994ebceb73e310f3b4b3761355af5d183872f9b4a5dcf3fca0546b285bcc
reports/target_tweak_experiments/test_target_tweaks5/target_scan_factor_group_summary.csv,3229,f7ac7769213929cf0fb79fe2a34affeebf9bebbcd2730f745f0d04d6ac1061fc
reports/target_tweak_experiments/test_target_tweaks5/target_scan_failure_pressure_score3_next_4obs_best_pr_curve.png,59980,96c9ffa711d19db07992c70fe3abad41aa02792d20bad70a9b8dcc36a7987b14
reports/target_tweak_experiments/test_target_tweaks5/target_scan_failure_pressure_score3_next_4obs_best_roc_curve.png,69416,f3931763292fb5ce375027bdfccb3308d53eee383253141f6a41a414646e239f
reports/target_tweak_experiments/test_target_tweaks5/target_scan_feature_importance.csv,71808,66af54e84a89b36ab571bbcd8620b043aa0d41d3d0cf0e1faa1d2134683f4a92
reports/target_tweak_experiments/test_target_tweaks5/target_scan_metric_summary.csv,1190,62bbb29d54f810e59bf0935dc5be5f94c7975c59d0cd29a4872a1eae9f794716
reports/target_tweak_experiments/test_target_tweaks5/target_scan_model_metrics.csv,7588,f296b5211b065b0b04ce65a0a10e55abc11ba813bb4959c67ce364bd2c9b2ab2
reports/target_tweak_experiments/test_target_tweaks5/target_scan_pr_auc_mean_top.png,101114,7b28b57b02adda6d32c8a938bb63a57c5711c6b6868c346ebf256233f3dbd998
reports/target_tweak_experiments/test_target_tweaks5/target_scan_success_score3_next_4obs_best_pr_curve.png,55264,4212ec404305130ab1f9c4e7e35ada2a339d8b6452a8485bbbdecb14231311e9
reports/target_tweak_experiments/test_target_tweaks5/target_scan_success_score3_next_4obs_best_roc_curve.png,67138,868ecf50078baf94edf9f451c4d23079234ef662f24a8c4e8a42899cb59c5839
reports/target_tweak_experiments/test_target_tweaks5/tweak_config.json,468,57bec3a6442b80520de191b2ba2806e1066b3216d0d31ad1594bd43ce4824dae
requirements.txt,110,a92663d2b9f962469dac1ac0797b31f8127baf530d88f7155a3a873562cdb52c
scripts/data/download_fred_series.py,2313,0609357c723c4a04c51fcac94281c7a662d15e057bf077214ff5c350082fb0e3
scripts/data_quality/apply_event_date_source_verification.py,41863,6e6b58a55493988568e0807ae8ea1c82c745a085d75ca483ed11961ab1e44315
scripts/data_quality/audit_data_integrity_caveats.py,18126,4fd4b8b178e7f537e9ee8a954bd3ae5a98420d209a564df7327b2b8c9f1d9e87
scripts/data_quality/audit_legacy_panel.py,2846,4621c3d48ab7b48bb8542e31d39f07777a1a14c0ac541b1817d578ead7d5c232
scripts/data_quality/audit_panel_integrity.py,10474,f7ed7efd10937c46dbaf905c44d77c32a8f48ec814cafd5fcf0e0646e4eaf0d6
scripts/data_quality/audit_sec_harmonization_candidates.py,20787,388c1e0ad7ddcf1cddd8002fcbc23b90db91ff3a093543d1651f3af5c00ce1c2
scripts/data_quality/create_event_review_scaffold.py,11517,352607348866eece5ec071bbd2f6ae037f27d9f59761bb49693f88152c005aea
scripts/data_quality/create_legacy_sample.py,1249,e0710d9f4339c0fbd678508988b07c98903c7d8b234d3e86d83d01e6d9da469b
scripts/data_quality/investigate_total_liabilities_missing_indicator.py,28924,2f4d2aa0ea3cbf7c1d88e74823e553cd2f19f35b099f34475180b48391b6c82e
scripts/data_quality/run_p0_audits.py,18019,b8a36610f673c055816a042abdd836a350e05e70e73b383bad0908f1f9557ea9
scripts/docs/audit_legal_full_text_access.py,6787,c8ec45354667542e086084efed3155f3c144afbdd0c87a3370e810813825f814
scripts/docs/build_thesis_final_improved_20260512.py,97138,e8461354a912ad9bcd9468efb3c8722f867afb1146fdb63fb80df84c51e8e02b
scripts/docs/build_thesis_first_draft.py,128823,92a269fb5b4caea2a6422c3490d79c0180b63d475622a9b3e429921680b9444f
scripts/docs/generate_literature_package.py,136912,b35cddd398b4004e0bae7c2643027178146d0ad827953d43ab15d99bbc8f56dc
scripts/docs/generate_master_data_model_target_explainer.py,62113,fd18cb9ce16d4dbce0a0280125507fccca1f1980e46f3a5da1c77553ed75e689
scripts/features/build_market_health_index.py,9376,09bf7bf2da99fb96c09cce7919d9833bd0e0e4d6ae213f97fa87c927ad12e8f7
scripts/legacy_parsers/(WORKS)10Qoarse_regex_pre2019.py,9425,a636779842a648770c080fd008461359e7654ed6221f5d910c686f77e6fd19eb
scripts/legacy_parsers/10Kparse_regex.py,11892,c18f0de91863e2ebd8bde03a7f6ab38ef89a0ef95052ccc946551cc0103eaf4f
scripts/legacy_parsers/10Q_batch_parse.py,932,e655cd8222036e5482a3eda2b7cc91e89463fee61e1f5625251bb4b91676f243
scripts/legacy_parsers/build_firm_panel.py,2779,d334cad5d2618ffa191490d88840a084640184769b60b726f10d0001112d53b6
scripts/legacy_parsers/compute_financial_ratios.py,3362,2bd72fc23d13dd9200957e11502dd5938c9179baadab0b5a8ead14ad1a897639
scripts/legacy_parsers/download_edgar_bulk copy.py,1992,dc691444d5b8b1dc4fe83c75e5b0c0ce9480194ca4bc14ba45792691174a6f83
scripts/legacy_parsers/download_edgar_bulk.py,1984,72b173882c1b5ab5e4f3bc4cf7168fc039d21be847fd98335076482d65e77ca3
scripts/legacy_parsers/get_fred.py,1488,a201a733f49c627dd4851b7503bb3f78e28db9b6fe7b98fc92d50a0f95096cc6
scripts/legacy_parsers/get_nasdaq100.py,1122,d93875023a68799a4736124ab7d36f53d522494f8024be64be76f952d07de51b
scripts/legacy_parsers/get_sp500_tickers.py,546,14bd5cb3c48e6f16231476371bb60d16ae7ecb19eb9d17bc67626662b3517d25
scripts/legacy_parsers/parallel_batch_parse_10k.py,2562,224952eee02576c969824a871dd34d77422c58ddc291ebf1894a0b30169fbca2
scripts/legacy_parsers/prepare_sp500_prices.py,2623,cf1096138207715ccd1b0c9f47110c2e6d2f687da027906bbfb786d806718ef4
scripts/legacy_parsers/yfinance_download_company_data.py,1201,e58d0516519d0c0b9a95c3a4b572a5bb9431683a629d548ba8ae0c57efb931b6
scripts/modeling/audit_robustness_extension_targets.py,16466,27ee6384a9ac25d00d59ec4d76e50daeef8b54b19511c8bc0a2074b0d757d78f
scripts/modeling/feature_contribution_summary.py,5050,2882eab9eea4051a94b761257930deaa0b6382159dd8a40c150c14af620554da
scripts/modeling/make_panel_v2_analysis_outputs.py,8607,788d088aaee45a3b0b780c63ada589ce7e7882943a1e15c51123a8fe178aed7b
scripts/modeling/promote_validated_secondary_targets.py,10873,ccc06cff6ec4c6fbf44edf452cb54f56fe4ecc4720b658813b88846528f72433
scripts/modeling/run_advanced_boosting_experiments.py,16008,12868fc6b516fe1b6413eb63ac79ca40805ed87f85babae0d1f3cd41dc04fc25
scripts/modeling/run_broader_target_experiments.py,34341,b0f7b0f9e5614248f908e6dd4178cc2ed9528838722a3d6225fe502bad0aa57c
scripts/modeling/run_exploratory_target_lab.py,49100,2ce73e918f5a28e23b9ae1e1eba873747f49b0902ad16383ac86659967f1b83c
scripts/modeling/run_model_tuning_experiments.py,16959,bac559d79d3c088ee07fc2edf1eb45574e348947531c6933ab274526b6b72aeb
scripts/modeling/run_panel_v2_ablation.py,11169,e492e16275300608780f525d6b608a26adfaa44a2b85a451b6c788e6a2b888d8
scripts/modeling/run_target_feature_tweak_experiments.py,32917,a069f8c0c0376f2e6ebbf1499cc3c1f4909c1979f8ec7eb2ada48b256a631302
scripts/modeling/run_validation_extension_gate.py,42429,239211ea1d261ce2458cfe256d02d61793787905e049ad8df83c1144e2683c4d
scripts/modeling/target_profile_report.py,4004,de69a4a09a259331f99116e1c37df87cd36a00f60c987ee869fade51f95096c0
scripts/modeling/train_panel_v2_models.py,18269,4f4db1c51e509e459be19dd92a256801a7646956b88691bbbd81200079510a86
scripts/project_audit/capture_dashboard_screenshots.py,7263,f86f0c19241e53e122a95d935e4eaf40cf25986105bd1f33ba93383c582e2d6b
scripts/project_audit/clean_venv_smoke_check.py,2361,fc81e394ec4495f530286d6735c7de0e3aa589270809ace327b219d862dd1b15
scripts/project_audit/final_polish_caveat_package.py,23647,db1798345da06467bf5c1f621726518c10f8e8a65eef41de2d78e9ad84a224d8
scripts/project_audit/final_scientific_validity_qa.py,49264,758208aceb0ff42a3fa3cde7469a527a6a87900423c20951a7c30319b8a53eba
scripts/project_audit/full_project_audit.py,18925,c2860ea2937ce34402830a1f2fb4736d0f152dd0b7ff11e73f3c72c6eabb9e0d
scripts/project_audit/github_package_smoke_check.py,4569,91c5d7fe90acf1c1569c15c30c0225d406e258a32474c1fd5b9cb35791c319e3
scripts/project_audit/manual_logic_dashboard_audit_20260508.py,32427,8c122b50a41e1938b22a5518f5ee76aff22eaee6177896414b6f67d3fdc7ca82
scripts/sec_fsd/build_candidate_universe.py,3838,8cf5786c320ead726a4a4bd068311b11557dd7885f634fc27246d16701ef4e32
scripts/sec_fsd/build_panel_v2.py,54786,615a7cfe16b7339a0cafe7171e9052ba2a00f89111d5e63147662605e34342a6
scripts/sec_fsd/build_sec_selected_fact_provenance.py,15496,6526932155f63743d43b241424e66098ab455cf56d9e236865594dfca93145db
scripts/sec_fsd/build_universe_v2.py,6371,0ad81c57be125b9637bd33d46f7eebc91f05c41b487be34ce86a9520e1c5311c
scripts/sec_fsd/index_submissions.py,3319,52dfc04b62a6b061c9d1b0a7df11f22aa6025cfc894e40732991c36026344e8b
scripts/sec_fsd/inventory_sec_zips.py,2642,afe0eb413bf7c82463f2aad4a974f09529dbb86e7d07f996ae4300221cba1b8e
scripts/sec_fsd/match_distress_candidates.py,3737,01b36d208d117c11d5a94d8ce5f467ab1384deddabc54015c5299d0fddd51421
scripts/sec_fsd/select_universe_expansion_150.py,13330,09cabcfbb8e7e0c5ebc717dac56971cd8b72736f60bfc5e16dd3e2c2db10f36a
