target,target_family,model,feature,feature_clean,base_feature,feature_group,reason_code,permutation_importance_mean_pr_auc_drop,permutation_importance_std,scoring,split,sample_rows,interpretation_note
industry_relative_resilience_next_4obs,validated_secondary_production,random_forest,equity_assets,equity_assets,equity_assets,financial_ratio,balance_sheet_leverage_liquidity,0.027558255385491413,0.003299219469937887,average_precision,test,4000,Drop in PR-AUC after permuting one raw input column on the temporal test split; not causal.
industry_relative_resilience_next_4obs,validated_secondary_production,random_forest,Sector,Sector,Sector,industry_sector,sector_positioning,0.021971254672274853,0.0021687906729209987,average_precision,test,4000,Drop in PR-AUC after permuting one raw input column on the temporal test split; not causal.
industry_relative_resilience_next_4obs,validated_secondary_production,random_forest,leverage_assets,leverage_assets,leverage_assets,financial_ratio,balance_sheet_leverage_liquidity,0.017673863603638075,0.003907721932144648,average_precision,test,4000,Drop in PR-AUC after permuting one raw input column on the temporal test split; not causal.
industry_relative_resilience_next_4obs,validated_secondary_production,random_forest,leverage_assets_lag1,leverage_assets_lag1,leverage_assets_lag1,firm_trend,firm_momentum_or_deterioration,0.01363714597755441,0.0030163468509031327,average_precision,test,4000,Drop in PR-AUC after permuting one raw input column on the temporal test split; not causal.
industry_relative_resilience_next_4obs,validated_secondary_production,random_forest,roa_lag1,roa_lag1,roa_lag1,firm_trend,firm_momentum_or_deterioration,0.012782596914409305,0.0023600386853993745,average_precision,test,4000,Drop in PR-AUC after permuting one raw input column on the temporal test split; not causal.
industry_relative_resilience_next_4obs,validated_secondary_production,random_forest,roa,roa,roa,financial_ratio,profitability_and_efficiency,0.01182562859526708,0.0018888065905693025,average_precision,test,4000,Drop in PR-AUC after permuting one raw input column on the temporal test split; not causal.
industry_relative_resilience_next_4obs,validated_secondary_production,random_forest,net_margin,net_margin,net_margin,financial_ratio,profitability_and_efficiency,0.010244208377707764,0.0023830543103805567,average_precision,test,4000,Drop in PR-AUC after permuting one raw input column on the temporal test split; not causal.
industry_relative_resilience_next_4obs,validated_secondary_production,random_forest,operating_margin,operating_margin,operating_margin,financial_ratio,profitability_and_efficiency,0.009263001785612946,0.0010474676247939957,average_precision,test,4000,Drop in PR-AUC after permuting one raw input column on the temporal test split; not causal.
industry_relative_resilience_next_4obs,validated_secondary_production,random_forest,net_margin_lag1,net_margin_lag1,net_margin_lag1,firm_trend,firm_momentum_or_deterioration,0.008289503555258792,0.0020260432333003412,average_precision,test,4000,Drop in PR-AUC after permuting one raw input column on the temporal test split; not causal.
industry_relative_resilience_next_4obs,validated_secondary_production,random_forest,operating_margin_lag1,operating_margin_lag1,operating_margin_lag1,firm_trend,firm_momentum_or_deterioration,0.005833389901543784,0.0008156816826762405,average_precision,test,4000,Drop in PR-AUC after permuting one raw input column on the temporal test split; not causal.
industry_relative_resilience_next_4obs,validated_secondary_production,random_forest,total_equity,total_equity,total_equity,accounting_fundamental,asset_base_liquidity_and_investment,0.005544298156182026,0.00196587071805642,average_precision,test,4000,Drop in PR-AUC after permuting one raw input column on the temporal test split; not causal.
industry_relative_resilience_next_4obs,validated_secondary_production,random_forest,operating_income,operating_income,operating_income,accounting_fundamental,earnings_and_scale,0.003938207424873741,0.001360016747313337,average_precision,test,4000,Drop in PR-AUC after permuting one raw input column on the temporal test split; not causal.
industry_relative_resilience_next_4obs,validated_secondary_production,random_forest,net_income_negative_count_prior_4obs,net_income_negative_count_prior_4obs,net_income_negative_count_prior_4obs,accounting_fundamental,accounting_fundamentals,0.003911463505870394,0.000762291705129183,average_precision,test,4000,Drop in PR-AUC after permuting one raw input column on the temporal test split; not causal.
industry_relative_resilience_next_4obs,validated_secondary_production,random_forest,net_income,net_income,net_income,accounting_fundamental,earnings_and_scale,0.003266068305983283,0.001128971601952886,average_precision,test,4000,Drop in PR-AUC after permuting one raw input column on the temporal test split; not causal.
industry_relative_resilience_next_4obs,validated_secondary_production,random_forest,long_term_debt,long_term_debt,long_term_debt,accounting_fundamental,balance_sheet_obligations,0.0026887620435040336,0.00051034904332309,average_precision,test,4000,Drop in PR-AUC after permuting one raw input column on the temporal test split; not causal.
industry_relative_resilience_next_4obs,validated_secondary_production,random_forest,inventory_assets,inventory_assets,inventory_assets,financial_ratio,profitability_and_efficiency,0.0025991792478260666,0.00024036612996277678,average_precision,test,4000,Drop in PR-AUC after permuting one raw input column on the temporal test split; not causal.
industry_relative_resilience_next_4obs,validated_secondary_production,random_forest,current_ratio,current_ratio,current_ratio,financial_ratio,balance_sheet_leverage_liquidity,0.0025156781940874453,0.0002856643046660426,average_precision,test,4000,Drop in PR-AUC after permuting one raw input column on the temporal test split; not causal.
industry_relative_resilience_next_4obs,validated_secondary_production,random_forest,current_ratio_lag1,current_ratio_lag1,current_ratio_lag1,firm_trend,firm_momentum_or_deterioration,0.0019358716172444667,0.00016750416583233985,average_precision,test,4000,Drop in PR-AUC after permuting one raw input column on the temporal test split; not causal.
industry_relative_resilience_next_4obs,validated_secondary_production,random_forest,current_liabilities,current_liabilities,current_liabilities,accounting_fundamental,balance_sheet_obligations,0.0016762968759076458,0.0003481057968022136,average_precision,test,4000,Drop in PR-AUC after permuting one raw input column on the temporal test split; not causal.
industry_relative_resilience_next_4obs,validated_secondary_production,random_forest,cash_to_current_liabilities,cash_to_current_liabilities,cash_to_current_liabilities,financial_quality_cashflow,cash_flow_quality,0.00162289715449484,0.0003468009375412415,average_precision,test,4000,Drop in PR-AUC after permuting one raw input column on the temporal test split; not causal.
industry_relative_resilience_next_4obs,validated_secondary_production,random_forest,total_liabilities,total_liabilities,total_liabilities,accounting_fundamental,balance_sheet_obligations,0.0014823319565242742,0.00030211851682423926,average_precision,test,4000,Drop in PR-AUC after permuting one raw input column on the temporal test split; not causal.
industry_relative_resilience_next_4obs,validated_secondary_production,random_forest,working_capital_assets,working_capital_assets,working_capital_assets,financial_quality_cashflow,cash_flow_quality,0.00143457718377622,0.00027783532650297053,average_precision,test,4000,Drop in PR-AUC after permuting one raw input column on the temporal test split; not causal.
industry_relative_resilience_next_4obs,validated_secondary_production,random_forest,total_revenue_growth_4obs,total_revenue_growth_4obs,total_revenue_growth_4obs,firm_trend,firm_momentum_or_deterioration,0.0013488791741398832,0.00042514558420507053,average_precision,test,4000,Drop in PR-AUC after permuting one raw input column on the temporal test split; not causal.
industry_relative_resilience_next_4obs,validated_secondary_production,random_forest,debt_to_cfo,debt_to_cfo,debt_to_cfo,financial_quality_cashflow,cash_flow_quality,0.0012917611169522836,0.0003388374914923584,average_precision,test,4000,Drop in PR-AUC after permuting one raw input column on the temporal test split; not causal.
industry_relative_resilience_next_4obs,validated_secondary_production,random_forest,receivables_assets,receivables_assets,receivables_assets,financial_ratio,profitability_and_efficiency,0.001250345021963062,0.0003288309654724908,average_precision,test,4000,Drop in PR-AUC after permuting one raw input column on the temporal test split; not causal.
industry_relative_resilience_next_4obs,validated_secondary_production,random_forest,gross_margin,gross_margin,gross_margin,financial_ratio,profitability_and_efficiency,0.0011809531777321025,0.0007829383007227547,average_precision,test,4000,Drop in PR-AUC after permuting one raw input column on the temporal test split; not causal.
industry_relative_resilience_next_4obs,validated_secondary_production,random_forest,cash_assets,cash_assets,cash_assets,financial_ratio,balance_sheet_leverage_liquidity,0.0011178812491319467,0.0002742856355495673,average_precision,test,4000,Drop in PR-AUC after permuting one raw input column on the temporal test split; not causal.
industry_relative_resilience_next_4obs,validated_secondary_production,random_forest,total_revenue,total_revenue,total_revenue,accounting_fundamental,earnings_and_scale,0.0010519346200215107,0.0003716774712707176,average_precision,test,4000,Drop in PR-AUC after permuting one raw input column on the temporal test split; not causal.
industry_relative_resilience_next_4obs,validated_secondary_production,random_forest,cfo_margin,cfo_margin,cfo_margin,financial_quality_cashflow,cash_flow_quality,0.0010040146042495702,0.0003693446318437401,average_precision,test,4000,Drop in PR-AUC after permuting one raw input column on the temporal test split; not causal.
industry_relative_resilience_next_4obs,validated_secondary_production,random_forest,capex_intensity_revenue,capex_intensity_revenue,capex_intensity_revenue,financial_quality_cashflow,cash_flow_quality,0.0008993274806026408,0.0003953750116296689,average_precision,test,4000,Drop in PR-AUC after permuting one raw input column on the temporal test split; not causal.
industry_relative_resilience_next_4obs,validated_secondary_production,random_forest,r_and_d_intensity,r_and_d_intensity,r_and_d_intensity,financial_ratio,profitability_and_efficiency,0.0008739271851524677,0.00036630993786167037,average_precision,test,4000,Drop in PR-AUC after permuting one raw input column on the temporal test split; not causal.
industry_relative_resilience_next_4obs,validated_secondary_production,random_forest,gross_profit,gross_profit,gross_profit,accounting_fundamental,earnings_and_scale,0.0007719260038741016,0.00032401241838797963,average_precision,test,4000,Drop in PR-AUC after permuting one raw input column on the temporal test split; not causal.
industry_relative_resilience_next_4obs,validated_secondary_production,random_forest,short_term_debt,short_term_debt,short_term_debt,accounting_fundamental,balance_sheet_obligations,0.0007623252864799923,0.00014609849824665883,average_precision,test,4000,Drop in PR-AUC after permuting one raw input column on the temporal test split; not causal.
industry_relative_resilience_next_4obs,validated_secondary_production,random_forest,PAYEMS_yoy_pct,PAYEMS_yoy_pct,PAYEMS_yoy_pct,macro_conditions,real_activity_conditions,0.0006049297637159556,8.552373138556646e-05,average_precision,test,4000,Drop in PR-AUC after permuting one raw input column on the temporal test split; not causal.
industry_relative_resilience_next_4obs,validated_secondary_production,random_forest,current_liabilities_growth_4obs,current_liabilities_growth_4obs,current_liabilities_growth_4obs,firm_trend,firm_momentum_or_deterioration,0.0006040811306540439,8.146617635236062e-05,average_precision,test,4000,Drop in PR-AUC after permuting one raw input column on the temporal test split; not causal.
industry_relative_resilience_next_4obs,validated_secondary_production,random_forest,cash_assets_lag1,cash_assets_lag1,cash_assets_lag1,firm_trend,firm_momentum_or_deterioration,0.0005837237382534833,0.0004562769562226602,average_precision,test,4000,Drop in PR-AUC after permuting one raw input column on the temporal test split; not causal.
industry_relative_resilience_next_4obs,validated_secondary_production,random_forest,total_assets_growth_4obs,total_assets_growth_4obs,total_assets_growth_4obs,firm_trend,firm_momentum_or_deterioration,0.0005815987673169376,0.00031683574759786394,average_precision,test,4000,Drop in PR-AUC after permuting one raw input column on the temporal test split; not causal.
industry_relative_resilience_next_4obs,validated_secondary_production,random_forest,total_liabilities_growth_4obs,total_liabilities_growth_4obs,total_liabilities_growth_4obs,firm_trend,firm_momentum_or_deterioration,0.0005551642050377837,0.00016156356146032605,average_precision,test,4000,Drop in PR-AUC after permuting one raw input column on the temporal test split; not causal.
industry_relative_resilience_next_4obs,validated_secondary_production,random_forest,cash_equivalents_growth_4obs,cash_equivalents_growth_4obs,cash_equivalents_growth_4obs,firm_trend,firm_momentum_or_deterioration,0.0005253886786592332,0.00010685927345584677,average_precision,test,4000,Drop in PR-AUC after permuting one raw input column on the temporal test split; not causal.
industry_relative_resilience_next_4obs,validated_secondary_production,random_forest,gross_margin_lag1,gross_margin_lag1,gross_margin_lag1,firm_trend,firm_momentum_or_deterioration,0.0004426412104021393,0.00044118145130143976,average_precision,test,4000,Drop in PR-AUC after permuting one raw input column on the temporal test split; not causal.
industry_relative_resilience_next_4obs,validated_secondary_production,random_forest,net_margin_change_4obs,net_margin_change_4obs,net_margin_change_4obs,firm_trend,firm_momentum_or_deterioration,0.0004261752207369796,0.0005167272615843237,average_precision,test,4000,Drop in PR-AUC after permuting one raw input column on the temporal test split; not causal.
industry_relative_resilience_next_4obs,validated_secondary_production,random_forest,operating_margin_change_4obs,operating_margin_change_4obs,operating_margin_change_4obs,firm_trend,firm_momentum_or_deterioration,0.000401805582381809,0.00033892846158584166,average_precision,test,4000,Drop in PR-AUC after permuting one raw input column on the temporal test split; not causal.
industry_relative_resilience_next_4obs,validated_secondary_production,random_forest,current_assets_growth_4obs,current_assets_growth_4obs,current_assets_growth_4obs,firm_trend,firm_momentum_or_deterioration,0.0003994476336969255,0.00025391520408378455,average_precision,test,4000,Drop in PR-AUC after permuting one raw input column on the temporal test split; not causal.
industry_relative_resilience_next_4obs,validated_secondary_production,random_forest,leverage_assets_change_4obs,leverage_assets_change_4obs,leverage_assets_change_4obs,firm_trend,firm_momentum_or_deterioration,0.00037961281125045156,0.00024185538214546568,average_precision,test,4000,Drop in PR-AUC after permuting one raw input column on the temporal test split; not causal.
industry_relative_resilience_next_4obs,validated_secondary_production,random_forest,USEPUINDXD,USEPUINDXD,USEPUINDXD,macro_conditions,macro_price_policy_conditions,0.00026237461680647114,4.4069774260354196e-05,average_precision,test,4000,Drop in PR-AUC after permuting one raw input column on the temporal test split; not causal.
industry_relative_resilience_next_4obs,validated_secondary_production,random_forest,cfo_assets,cfo_assets,cfo_assets,financial_quality_cashflow,cash_flow_quality,0.0002615218200326064,0.0005967596965252179,average_precision,test,4000,Drop in PR-AUC after permuting one raw input column on the temporal test split; not causal.
industry_relative_resilience_next_4obs,validated_secondary_production,random_forest,VIXCLS,VIXCLS,VIXCLS,macro_conditions,macro_price_policy_conditions,0.00025968634946074156,0.00024630008022650586,average_precision,test,4000,Drop in PR-AUC after permuting one raw input column on the temporal test split; not causal.
industry_relative_resilience_next_4obs,validated_secondary_production,random_forest,accruals_assets,accruals_assets,accruals_assets,financial_quality_cashflow,cash_flow_quality,0.00025446261215658075,0.00035972809035569577,average_precision,test,4000,Drop in PR-AUC after permuting one raw input column on the temporal test split; not causal.
industry_relative_resilience_next_4obs,validated_secondary_production,random_forest,current_ratio_change_4obs,current_ratio_change_4obs,current_ratio_change_4obs,firm_trend,firm_momentum_or_deterioration,0.0002334983396436785,0.00021232169151387073,average_precision,test,4000,Drop in PR-AUC after permuting one raw input column on the temporal test split; not causal.
industry_relative_resilience_next_4obs,validated_secondary_production,random_forest,capex,capex,capex,accounting_fundamental,asset_base_liquidity_and_investment,0.00019733030357704795,0.0004025202986032128,average_precision,test,4000,Drop in PR-AUC after permuting one raw input column on the temporal test split; not causal.
industry_relative_resilience_next_4obs,validated_secondary_production,random_forest,cash_assets_change_4obs,cash_assets_change_4obs,cash_assets_change_4obs,firm_trend,firm_momentum_or_deterioration,0.00018021292164802639,0.00027411122475224796,average_precision,test,4000,Drop in PR-AUC after permuting one raw input column on the temporal test split; not causal.
industry_relative_resilience_next_4obs,validated_secondary_production,random_forest,T10Y2Y,T10Y2Y,T10Y2Y,macro_conditions,credit_and_financial_conditions,0.00014805380190927587,0.00023403577554856857,average_precision,test,4000,Drop in PR-AUC after permuting one raw input column on the temporal test split; not causal.
industry_relative_resilience_next_4obs,validated_secondary_production,random_forest,PPIACO_yoy_pct,PPIACO_yoy_pct,PPIACO_yoy_pct,macro_conditions,macro_price_policy_conditions,0.00014791295963203498,0.0001247088846051484,average_precision,test,4000,Drop in PR-AUC after permuting one raw input column on the temporal test split; not causal.
industry_relative_resilience_next_4obs,validated_secondary_production,random_forest,BAMLH0A0HYM2,BAMLH0A0HYM2,BAMLH0A0HYM2,macro_conditions,credit_and_financial_conditions,0.00014046263036886496,0.000124252737482195,average_precision,test,4000,Drop in PR-AUC after permuting one raw input column on the temporal test split; not causal.
industry_relative_resilience_next_4obs,validated_secondary_production,random_forest,DCOILWTICO_yoy_pct,DCOILWTICO_yoy_pct,DCOILWTICO_yoy_pct,macro_conditions,macro_price_policy_conditions,0.00010434525371765258,7.57473872189858e-05,average_precision,test,4000,Drop in PR-AUC after permuting one raw input column on the temporal test split; not causal.
industry_relative_resilience_next_4obs,validated_secondary_production,random_forest,capex_intensity_assets,capex_intensity_assets,capex_intensity_assets,financial_quality_cashflow,cash_flow_quality,0.00010190622781336423,0.00036823500435812027,average_precision,test,4000,Drop in PR-AUC after permuting one raw input column on the temporal test split; not causal.
industry_relative_resilience_next_4obs,validated_secondary_production,random_forest,real_activity_pressure_score,real_activity_pressure_score,real_activity_pressure_score,market_health_v2,market_stress_regime,9.12981422809267e-05,5.2135692959158244e-05,average_precision,test,4000,Drop in PR-AUC after permuting one raw input column on the temporal test split; not causal.
industry_relative_resilience_next_4obs,validated_secondary_production,random_forest,CPIAUCSL_yoy_pct,CPIAUCSL_yoy_pct,CPIAUCSL_yoy_pct,macro_conditions,macro_price_policy_conditions,7.298752351898585e-05,0.00013133638223037234,average_precision,test,4000,Drop in PR-AUC after permuting one raw input column on the temporal test split; not causal.
industry_relative_resilience_next_4obs,validated_secondary_production,random_forest,stress_elevated_v2,stress_elevated_v2,stress_elevated_v2,market_health_v2,market_stress_regime,6.630292778904145e-05,5.441942172247249e-05,average_precision,test,4000,Drop in PR-AUC after permuting one raw input column on the temporal test split; not causal.
industry_relative_resilience_next_4obs,validated_secondary_production,random_forest,DRTSCILM,DRTSCILM,DRTSCILM,macro_conditions,credit_and_financial_conditions,6.46839176925873e-05,4.7815043731469674e-05,average_precision,test,4000,Drop in PR-AUC after permuting one raw input column on the temporal test split; not causal.
industry_relative_resilience_next_4obs,validated_secondary_production,random_forest,oil_shock_regime,oil_shock_regime,oil_shock_regime,accounting_fundamental,accounting_fundamentals,4.93342841171307e-05,4.962467030924099e-05,average_precision,test,4000,Drop in PR-AUC after permuting one raw input column on the temporal test split; not causal.
industry_relative_resilience_next_4obs,validated_secondary_production,random_forest,market_stress_score_v2,market_stress_score_v2,market_stress_score_v2,market_health_v2,market_stress_regime,4.29032430739662e-05,3.93027353546693e-05,average_precision,test,4000,Drop in PR-AUC after permuting one raw input column on the temporal test split; not causal.
industry_relative_resilience_next_4obs,validated_secondary_production,random_forest,prediction_quarter,prediction_quarter,prediction_quarter,accounting_fundamental,accounting_fundamentals,2.8094585122451222e-05,5.718396193752088e-05,average_precision,test,4000,Drop in PR-AUC after permuting one raw input column on the temporal test split; not causal.
industry_relative_resilience_next_4obs,validated_secondary_production,random_forest,policy_uncertainty_score,policy_uncertainty_score,policy_uncertainty_score,market_health_v2,market_stress_regime,2.768398808183914e-05,0.00014513026362010333,average_precision,test,4000,Drop in PR-AUC after permuting one raw input column on the temporal test split; not causal.
industry_relative_resilience_next_4obs,validated_secondary_production,random_forest,credit_stress_score,credit_stress_score,credit_stress_score,market_health_v2,market_stress_regime,1.5833854636482236e-05,2.2856108311571273e-05,average_precision,test,4000,Drop in PR-AUC after permuting one raw input column on the temporal test split; not causal.
industry_relative_resilience_next_4obs,validated_secondary_production,random_forest,UNRATE,UNRATE,UNRATE,macro_conditions,real_activity_conditions,1.1931340324577989e-05,5.4345057511043835e-05,average_precision,test,4000,Drop in PR-AUC after permuting one raw input column on the temporal test split; not causal.
industry_relative_resilience_next_4obs,validated_secondary_production,random_forest,global_event_commodity_oil_severity,global_event_commodity_oil_severity,global_event_commodity_oil_severity,global_event_context,global_event_exposure,0.0,0.0,average_precision,test,4000,Drop in PR-AUC after permuting one raw input column on the temporal test split; not causal.
industry_relative_resilience_next_4obs,validated_secondary_production,random_forest,global_event_natural_disaster_severity,global_event_natural_disaster_severity,global_event_natural_disaster_severity,global_event_context,global_event_exposure,0.0,0.0,average_precision,test,4000,Drop in PR-AUC after permuting one raw input column on the temporal test split; not causal.
industry_relative_resilience_next_4obs,validated_secondary_production,random_forest,global_event_financial_market_count,global_event_financial_market_count,global_event_financial_market_count,global_event_context,global_event_exposure,0.0,0.0,average_precision,test,4000,Drop in PR-AUC after permuting one raw input column on the temporal test split; not causal.
industry_relative_resilience_next_4obs,validated_secondary_production,random_forest,global_event_financial_market_severity,global_event_financial_market_severity,global_event_financial_market_severity,global_event_context,global_event_exposure,0.0,0.0,average_precision,test,4000,Drop in PR-AUC after permuting one raw input column on the temporal test split; not causal.
industry_relative_resilience_next_4obs,validated_secondary_production,random_forest,global_event_commodity_oil_count,global_event_commodity_oil_count,global_event_commodity_oil_count,global_event_context,global_event_exposure,0.0,0.0,average_precision,test,4000,Drop in PR-AUC after permuting one raw input column on the temporal test split; not causal.
industry_relative_resilience_next_4obs,validated_secondary_production,random_forest,global_event_geopolitical_war_count,global_event_geopolitical_war_count,global_event_geopolitical_war_count,global_event_context,global_event_exposure,0.0,0.0,average_precision,test,4000,Drop in PR-AUC after permuting one raw input column on the temporal test split; not causal.
industry_relative_resilience_next_4obs,validated_secondary_production,random_forest,global_event_geopolitical_war_severity,global_event_geopolitical_war_severity,global_event_geopolitical_war_severity,global_event_context,global_event_exposure,0.0,0.0,average_precision,test,4000,Drop in PR-AUC after permuting one raw input column on the temporal test split; not causal.
industry_relative_resilience_next_4obs,validated_secondary_production,random_forest,global_event_monetary_inflation_count,global_event_monetary_inflation_count,global_event_monetary_inflation_count,global_event_context,global_event_exposure,0.0,0.0,average_precision,test,4000,Drop in PR-AUC after permuting one raw input column on the temporal test split; not causal.
industry_relative_resilience_next_4obs,validated_secondary_production,random_forest,global_event_monetary_inflation_severity,global_event_monetary_inflation_severity,global_event_monetary_inflation_severity,global_event_context,global_event_exposure,0.0,0.0,average_precision,test,4000,Drop in PR-AUC after permuting one raw input column on the temporal test split; not causal.
industry_relative_resilience_next_4obs,validated_secondary_production,random_forest,global_event_natural_disaster_count,global_event_natural_disaster_count,global_event_natural_disaster_count,global_event_context,global_event_exposure,0.0,0.0,average_precision,test,4000,Drop in PR-AUC after permuting one raw input column on the temporal test split; not causal.
industry_relative_resilience_next_4obs,validated_secondary_production,random_forest,global_event_financial_crisis_severity,global_event_financial_crisis_severity,global_event_financial_crisis_severity,global_event_context,global_event_exposure,0.0,0.0,average_precision,test,4000,Drop in PR-AUC after permuting one raw input column on the temporal test split; not causal.
industry_relative_resilience_next_4obs,validated_secondary_production,random_forest,global_event_pandemic_severity,global_event_pandemic_severity,global_event_pandemic_severity,global_event_context,global_event_exposure,0.0,0.0,average_precision,test,4000,Drop in PR-AUC after permuting one raw input column on the temporal test split; not causal.
industry_relative_resilience_next_4obs,validated_secondary_production,random_forest,global_event_pandemic_count,global_event_pandemic_count,global_event_pandemic_count,global_event_context,global_event_exposure,0.0,0.0,average_precision,test,4000,Drop in PR-AUC after permuting one raw input column on the temporal test split; not causal.
industry_relative_resilience_next_4obs,validated_secondary_production,random_forest,global_event_banking_stress_count,global_event_banking_stress_count,global_event_banking_stress_count,global_event_context,global_event_exposure,0.0,0.0,average_precision,test,4000,Drop in PR-AUC after permuting one raw input column on the temporal test split; not causal.
industry_relative_resilience_next_4obs,validated_secondary_production,random_forest,global_event_political_policy_count,global_event_political_policy_count,global_event_political_policy_count,global_event_context,global_event_exposure,0.0,0.0,average_precision,test,4000,Drop in PR-AUC after permuting one raw input column on the temporal test split; not causal.
industry_relative_resilience_next_4obs,validated_secondary_production,random_forest,global_event_political_policy_severity,global_event_political_policy_severity,global_event_political_policy_severity,global_event_context,global_event_exposure,0.0,0.0,average_precision,test,4000,Drop in PR-AUC after permuting one raw input column on the temporal test split; not causal.
industry_relative_resilience_next_4obs,validated_secondary_production,random_forest,global_event_sovereign_debt_count,global_event_sovereign_debt_count,global_event_sovereign_debt_count,global_event_context,global_event_exposure,0.0,0.0,average_precision,test,4000,Drop in PR-AUC after permuting one raw input column on the temporal test split; not causal.
industry_relative_resilience_next_4obs,validated_secondary_production,random_forest,global_event_sovereign_debt_severity,global_event_sovereign_debt_severity,global_event_sovereign_debt_severity,global_event_context,global_event_exposure,0.0,0.0,average_precision,test,4000,Drop in PR-AUC after permuting one raw input column on the temporal test split; not causal.
industry_relative_resilience_next_4obs,validated_secondary_production,random_forest,global_event_supply_chain_count,global_event_supply_chain_count,global_event_supply_chain_count,global_event_context,global_event_exposure,0.0,0.0,average_precision,test,4000,Drop in PR-AUC after permuting one raw input column on the temporal test split; not causal.
industry_relative_resilience_next_4obs,validated_secondary_production,random_forest,global_event_supply_chain_severity,global_event_supply_chain_severity,global_event_supply_chain_severity,global_event_context,global_event_exposure,0.0,0.0,average_precision,test,4000,Drop in PR-AUC after permuting one raw input column on the temporal test split; not causal.
industry_relative_resilience_next_4obs,validated_secondary_production,random_forest,global_event_trade_policy_count,global_event_trade_policy_count,global_event_trade_policy_count,global_event_context,global_event_exposure,0.0,0.0,average_precision,test,4000,Drop in PR-AUC after permuting one raw input column on the temporal test split; not causal.
industry_relative_resilience_next_4obs,validated_secondary_production,random_forest,global_event_trade_policy_severity,global_event_trade_policy_severity,global_event_trade_policy_severity,global_event_context,global_event_exposure,0.0,0.0,average_precision,test,4000,Drop in PR-AUC after permuting one raw input column on the temporal test split; not causal.
industry_relative_resilience_next_4obs,validated_secondary_production,random_forest,GDPC1,GDPC1,GDPC1,macro_conditions,real_activity_conditions,0.0,0.0,average_precision,test,4000,Drop in PR-AUC after permuting one raw input column on the temporal test split; not causal.
industry_relative_resilience_next_4obs,validated_secondary_production,random_forest,global_event_banking_stress_severity,global_event_banking_stress_severity,global_event_banking_stress_severity,global_event_context,global_event_exposure,0.0,0.0,average_precision,test,4000,Drop in PR-AUC after permuting one raw input column on the temporal test split; not causal.
industry_relative_resilience_next_4obs,validated_secondary_production,random_forest,global_event_financial_crisis_count,global_event_financial_crisis_count,global_event_financial_crisis_count,global_event_context,global_event_exposure,0.0,0.0,average_precision,test,4000,Drop in PR-AUC after permuting one raw input column on the temporal test split; not causal.
industry_relative_resilience_next_4obs,validated_secondary_production,random_forest,yield_curve_inversion_regime,yield_curve_inversion_regime,yield_curve_inversion_regime,accounting_fundamental,accounting_fundamentals,0.0,0.0,average_precision,test,4000,Drop in PR-AUC after permuting one raw input column on the temporal test split; not causal.
industry_relative_resilience_next_4obs,validated_secondary_production,random_forest,high_rate_regime,high_rate_regime,high_rate_regime,accounting_fundamental,accounting_fundamentals,0.0,0.0,average_precision,test,4000,Drop in PR-AUC after permuting one raw input column on the temporal test split; not causal.
industry_relative_resilience_next_4obs,validated_secondary_production,random_forest,PPIACO,PPIACO,PPIACO,macro_conditions,macro_price_policy_conditions,0.0,0.0,average_precision,test,4000,Drop in PR-AUC after permuting one raw input column on the temporal test split; not causal.
industry_relative_resilience_next_4obs,validated_secondary_production,random_forest,BUSLOANS,BUSLOANS,BUSLOANS,macro_conditions,credit_and_financial_conditions,0.0,0.0,average_precision,test,4000,Drop in PR-AUC after permuting one raw input column on the temporal test split; not causal.
industry_relative_resilience_next_4obs,validated_secondary_production,random_forest,M2SL,M2SL,M2SL,macro_conditions,macro_price_policy_conditions,0.0,0.0,average_precision,test,4000,Drop in PR-AUC after permuting one raw input column on the temporal test split; not causal.
industry_relative_resilience_next_4obs,validated_secondary_production,random_forest,demand_slowdown_regime,demand_slowdown_regime,demand_slowdown_regime,accounting_fundamental,accounting_fundamentals,0.0,0.0,average_precision,test,4000,Drop in PR-AUC after permuting one raw input column on the temporal test split; not causal.
industry_relative_resilience_next_4obs,validated_secondary_production,random_forest,inflation_pressure_regime,inflation_pressure_regime,inflation_pressure_regime,accounting_fundamental,accounting_fundamentals,0.0,0.0,average_precision,test,4000,Drop in PR-AUC after permuting one raw input column on the temporal test split; not causal.
industry_relative_resilience_next_4obs,validated_secondary_production,random_forest,RSAFS,RSAFS,RSAFS,macro_conditions,real_activity_conditions,0.0,0.0,average_precision,test,4000,Drop in PR-AUC after permuting one raw input column on the temporal test split; not causal.
industry_relative_resilience_next_4obs,validated_secondary_production,random_forest,CPIAUCSL,CPIAUCSL,CPIAUCSL,macro_conditions,macro_price_policy_conditions,0.0,0.0,average_precision,test,4000,Drop in PR-AUC after permuting one raw input column on the temporal test split; not causal.
industry_relative_resilience_next_4obs,validated_secondary_production,random_forest,tight_financial_conditions,tight_financial_conditions,tight_financial_conditions,accounting_fundamental,accounting_fundamentals,0.0,0.0,average_precision,test,4000,Drop in PR-AUC after permuting one raw input column on the temporal test split; not causal.
industry_relative_resilience_next_4obs,validated_secondary_production,random_forest,PAYEMS,PAYEMS,PAYEMS,macro_conditions,real_activity_conditions,0.0,0.0,average_precision,test,4000,Drop in PR-AUC after permuting one raw input column on the temporal test split; not causal.
industry_relative_resilience_next_4obs,validated_secondary_production,random_forest,strong_dollar_regime,strong_dollar_regime,strong_dollar_regime,accounting_fundamental,accounting_fundamentals,-4.427767574055607e-06,3.787175991744701e-05,average_precision,test,4000,Drop in PR-AUC after permuting one raw input column on the temporal test split; not causal.
industry_relative_resilience_next_4obs,validated_secondary_production,random_forest,DTWEXBGS,DTWEXBGS,DTWEXBGS,macro_conditions,macro_price_policy_conditions,-5.333000624219153e-06,3.465730061217609e-05,average_precision,test,4000,Drop in PR-AUC after permuting one raw input column on the temporal test split; not causal.
industry_relative_resilience_next_4obs,validated_secondary_production,random_forest,market_health_score_v2,market_health_score_v2,market_health_score_v2,market_health_v2,market_stress_regime,-5.980869528965371e-06,4.101301424906758e-05,average_precision,test,4000,Drop in PR-AUC after permuting one raw input column on the temporal test split; not causal.
industry_relative_resilience_next_4obs,validated_secondary_production,random_forest,global_event_count,global_event_count,global_event_count,global_event_context,global_event_exposure,-6.9804135578888095e-06,1.2421347352789745e-05,average_precision,test,4000,Drop in PR-AUC after permuting one raw input column on the temporal test split; not causal.
industry_relative_resilience_next_4obs,validated_secondary_production,random_forest,credit_spread_stress_regime,credit_spread_stress_regime,credit_spread_stress_regime,accounting_fundamental,accounting_fundamentals,-7.534723523350273e-06,1.0865844593781682e-05,average_precision,test,4000,Drop in PR-AUC after permuting one raw input column on the temporal test split; not causal.
industry_relative_resilience_next_4obs,validated_secondary_production,random_forest,NFCI,NFCI,NFCI,macro_conditions,credit_and_financial_conditions,-2.001840660752485e-05,7.179147357452837e-05,average_precision,test,4000,Drop in PR-AUC after permuting one raw input column on the temporal test split; not causal.
industry_relative_resilience_next_4obs,validated_secondary_production,random_forest,global_event_severity_sum,global_event_severity_sum,global_event_severity_sum,global_event_context,global_event_exposure,-2.1748996231130135e-05,5.784607377151349e-05,average_precision,test,4000,Drop in PR-AUC after permuting one raw input column on the temporal test split; not causal.
industry_relative_resilience_next_4obs,validated_secondary_production,random_forest,DTWEXBGS_yoy_pct,DTWEXBGS_yoy_pct,DTWEXBGS_yoy_pct,macro_conditions,macro_price_policy_conditions,-2.903138246483916e-05,9.469814191750399e-05,average_precision,test,4000,Drop in PR-AUC after permuting one raw input column on the temporal test split; not causal.
industry_relative_resilience_next_4obs,validated_secondary_production,random_forest,credit_tightening_regime,credit_tightening_regime,credit_tightening_regime,accounting_fundamental,accounting_fundamentals,-3.289313990724185e-05,2.990983817556979e-05,average_precision,test,4000,Drop in PR-AUC after permuting one raw input column on the temporal test split; not causal.
industry_relative_resilience_next_4obs,validated_secondary_production,random_forest,gross_margin_change_4obs,gross_margin_change_4obs,gross_margin_change_4obs,firm_trend,firm_momentum_or_deterioration,-3.6364819063128274e-05,0.0002717057972579724,average_precision,test,4000,Drop in PR-AUC after permuting one raw input column on the temporal test split; not causal.
industry_relative_resilience_next_4obs,validated_secondary_production,random_forest,crisis_regime,crisis_regime,crisis_regime,accounting_fundamental,accounting_fundamentals,-4.0999811628128493e-05,3.2687645717051335e-05,average_precision,test,4000,Drop in PR-AUC after permuting one raw input column on the temporal test split; not causal.
industry_relative_resilience_next_4obs,validated_secondary_production,random_forest,market_stress_regime,market_stress_regime,market_stress_regime,accounting_fundamental,accounting_fundamentals,-6.909067434262006e-05,0.0001277040988196469,average_precision,test,4000,Drop in PR-AUC after permuting one raw input column on the temporal test split; not causal.
industry_relative_resilience_next_4obs,validated_secondary_production,random_forest,HOUST,HOUST,HOUST,macro_conditions,real_activity_conditions,-8.379631863126846e-05,2.1978701046736753e-05,average_precision,test,4000,Drop in PR-AUC after permuting one raw input column on the temporal test split; not causal.
industry_relative_resilience_next_4obs,validated_secondary_production,random_forest,INDPRO,INDPRO,INDPRO,macro_conditions,real_activity_conditions,-8.668984752613351e-05,7.054806366814769e-05,average_precision,test,4000,Drop in PR-AUC after permuting one raw input column on the temporal test split; not causal.
industry_relative_resilience_next_4obs,validated_secondary_production,random_forest,roa_change_4obs,roa_change_4obs,roa_change_4obs,firm_trend,firm_momentum_or_deterioration,-0.00010306957658150484,9.497274438358298e-05,average_precision,test,4000,Drop in PR-AUC after permuting one raw input column on the temporal test split; not causal.
industry_relative_resilience_next_4obs,validated_secondary_production,random_forest,INDPRO_yoy_pct,INDPRO_yoy_pct,INDPRO_yoy_pct,macro_conditions,real_activity_conditions,-0.0001051754727190879,8.698620880784295e-05,average_precision,test,4000,Drop in PR-AUC after permuting one raw input column on the temporal test split; not causal.
industry_relative_resilience_next_4obs,validated_secondary_production,random_forest,T10Y3M,T10Y3M,T10Y3M,macro_conditions,credit_and_financial_conditions,-0.00010702417441557088,0.00021586878120284615,average_precision,test,4000,Drop in PR-AUC after permuting one raw input column on the temporal test split; not causal.
industry_relative_resilience_next_4obs,validated_secondary_production,random_forest,BUSLOANS_yoy_pct,BUSLOANS_yoy_pct,BUSLOANS_yoy_pct,macro_conditions,credit_and_financial_conditions,-0.00014562670530988698,0.0002291962125261867,average_precision,test,4000,Drop in PR-AUC after permuting one raw input column on the temporal test split; not causal.
industry_relative_resilience_next_4obs,validated_secondary_production,random_forest,GS10,GS10,GS10,macro_conditions,macro_price_policy_conditions,-0.0001817015238018138,7.21698317179406e-05,average_precision,test,4000,Drop in PR-AUC after permuting one raw input column on the temporal test split; not causal.
industry_relative_resilience_next_4obs,validated_secondary_production,random_forest,HOUST_yoy_pct,HOUST_yoy_pct,HOUST_yoy_pct,macro_conditions,real_activity_conditions,-0.00019322106340533552,0.0001583560405303821,average_precision,test,4000,Drop in PR-AUC after permuting one raw input column on the temporal test split; not causal.
industry_relative_resilience_next_4obs,validated_secondary_production,random_forest,M2SL_yoy_pct,M2SL_yoy_pct,M2SL_yoy_pct,macro_conditions,macro_price_policy_conditions,-0.00019772993202189505,0.00019275664914138914,average_precision,test,4000,Drop in PR-AUC after permuting one raw input column on the temporal test split; not causal.
industry_relative_resilience_next_4obs,validated_secondary_production,random_forest,DCOILWTICO,DCOILWTICO,DCOILWTICO,macro_conditions,macro_price_policy_conditions,-0.0002563565039525262,7.49442926109929e-05,average_precision,test,4000,Drop in PR-AUC after permuting one raw input column on the temporal test split; not causal.
industry_relative_resilience_next_4obs,validated_secondary_production,random_forest,FEDFUNDS,FEDFUNDS,FEDFUNDS,macro_conditions,macro_price_policy_conditions,-0.00025684275890127675,4.693986211666299e-05,average_precision,test,4000,Drop in PR-AUC after permuting one raw input column on the temporal test split; not causal.
industry_relative_resilience_next_4obs,validated_secondary_production,random_forest,cash_flow_operating,cash_flow_operating,cash_flow_operating,accounting_fundamental,asset_base_liquidity_and_investment,-0.00032502771097699947,0.000528479302917032,average_precision,test,4000,Drop in PR-AUC after permuting one raw input column on the temporal test split; not causal.
industry_relative_resilience_next_4obs,validated_secondary_production,random_forest,RSAFS_yoy_pct,RSAFS_yoy_pct,RSAFS_yoy_pct,macro_conditions,real_activity_conditions,-0.00033988647174079125,0.00011288406244785834,average_precision,test,4000,Drop in PR-AUC after permuting one raw input column on the temporal test split; not causal.
industry_relative_resilience_next_4obs,validated_secondary_production,random_forest,current_assets,current_assets,current_assets,accounting_fundamental,asset_base_liquidity_and_investment,-0.0003753644177837634,0.0006089728208219607,average_precision,test,4000,Drop in PR-AUC after permuting one raw input column on the temporal test split; not causal.
industry_relative_resilience_next_4obs,validated_secondary_production,random_forest,total_assets,total_assets,total_assets,accounting_fundamental,asset_base_liquidity_and_investment,-0.0004526831070320814,0.0005414342894397524,average_precision,test,4000,Drop in PR-AUC after permuting one raw input column on the temporal test split; not causal.
industry_relative_resilience_next_4obs,validated_secondary_production,random_forest,cash_equivalents,cash_equivalents,cash_equivalents,accounting_fundamental,asset_base_liquidity_and_investment,-0.0005675244632869613,0.0003724150297963656,average_precision,test,4000,Drop in PR-AUC after permuting one raw input column on the temporal test split; not causal.
stress_resilience_next_4obs,validated_secondary_production,random_forest,leverage_assets,leverage_assets,leverage_assets,financial_ratio,balance_sheet_leverage_liquidity,0.011147367990060487,0.0011693948531068742,average_precision,test,3028,Drop in PR-AUC after permuting one raw input column on the temporal test split; not causal.
stress_resilience_next_4obs,validated_secondary_production,random_forest,equity_assets,equity_assets,equity_assets,financial_ratio,balance_sheet_leverage_liquidity,0.008723508082658293,0.0011433906549026538,average_precision,test,3028,Drop in PR-AUC after permuting one raw input column on the temporal test split; not causal.
stress_resilience_next_4obs,validated_secondary_production,random_forest,leverage_assets_lag1,leverage_assets_lag1,leverage_assets_lag1,firm_trend,firm_momentum_or_deterioration,0.00732534142275767,0.0013170559017456767,average_precision,test,3028,Drop in PR-AUC after permuting one raw input column on the temporal test split; not causal.
stress_resilience_next_4obs,validated_secondary_production,random_forest,net_income_negative_count_prior_4obs,net_income_negative_count_prior_4obs,net_income_negative_count_prior_4obs,accounting_fundamental,accounting_fundamentals,0.0038200521175627777,0.0009062890155735167,average_precision,test,3028,Drop in PR-AUC after permuting one raw input column on the temporal test split; not causal.
stress_resilience_next_4obs,validated_secondary_production,random_forest,roa,roa,roa,financial_ratio,profitability_and_efficiency,0.003689449719960414,0.0010636489679627028,average_precision,test,3028,Drop in PR-AUC after permuting one raw input column on the temporal test split; not causal.
stress_resilience_next_4obs,validated_secondary_production,random_forest,roa_lag1,roa_lag1,roa_lag1,firm_trend,firm_momentum_or_deterioration,0.0033535536529680555,0.0008944721846730883,average_precision,test,3028,Drop in PR-AUC after permuting one raw input column on the temporal test split; not causal.
stress_resilience_next_4obs,validated_secondary_production,random_forest,total_equity,total_equity,total_equity,accounting_fundamental,asset_base_liquidity_and_investment,0.00272078341928621,0.00030489632064423824,average_precision,test,3028,Drop in PR-AUC after permuting one raw input column on the temporal test split; not causal.
stress_resilience_next_4obs,validated_secondary_production,random_forest,net_income,net_income,net_income,accounting_fundamental,earnings_and_scale,0.0015954838523118298,0.0003421676375796324,average_precision,test,3028,Drop in PR-AUC after permuting one raw input column on the temporal test split; not causal.
stress_resilience_next_4obs,validated_secondary_production,random_forest,net_margin,net_margin,net_margin,financial_ratio,profitability_and_efficiency,0.0009494937915471846,0.0005485964539455801,average_precision,test,3028,Drop in PR-AUC after permuting one raw input column on the temporal test split; not causal.
stress_resilience_next_4obs,validated_secondary_production,random_forest,operating_margin,operating_margin,operating_margin,financial_ratio,profitability_and_efficiency,0.0008813076689973221,0.0005879218642875551,average_precision,test,3028,Drop in PR-AUC after permuting one raw input column on the temporal test split; not causal.
stress_resilience_next_4obs,validated_secondary_production,random_forest,operating_income,operating_income,operating_income,accounting_fundamental,earnings_and_scale,0.0008152047360445059,0.0007205849825798675,average_precision,test,3028,Drop in PR-AUC after permuting one raw input column on the temporal test split; not causal.
stress_resilience_next_4obs,validated_secondary_production,random_forest,debt_to_cfo,debt_to_cfo,debt_to_cfo,financial_quality_cashflow,cash_flow_quality,0.0007991810140167254,0.0003311792015994044,average_precision,test,3028,Drop in PR-AUC after permuting one raw input column on the temporal test split; not causal.
stress_resilience_next_4obs,validated_secondary_production,random_forest,net_margin_lag1,net_margin_lag1,net_margin_lag1,firm_trend,firm_momentum_or_deterioration,0.0007568276702852872,0.0003612550157826013,average_precision,test,3028,Drop in PR-AUC after permuting one raw input column on the temporal test split; not causal.
stress_resilience_next_4obs,validated_secondary_production,random_forest,current_ratio_lag1,current_ratio_lag1,current_ratio_lag1,firm_trend,firm_momentum_or_deterioration,0.000558725558541151,6.496083309092703e-05,average_precision,test,3028,Drop in PR-AUC after permuting one raw input column on the temporal test split; not causal.
stress_resilience_next_4obs,validated_secondary_production,random_forest,current_ratio,current_ratio,current_ratio,financial_ratio,balance_sheet_leverage_liquidity,0.0005325879739326966,0.000271315549523404,average_precision,test,3028,Drop in PR-AUC after permuting one raw input column on the temporal test split; not causal.
stress_resilience_next_4obs,validated_secondary_production,random_forest,PAYEMS_yoy_pct,PAYEMS_yoy_pct,PAYEMS_yoy_pct,macro_conditions,real_activity_conditions,0.000515553214365827,0.00015388676194857173,average_precision,test,3028,Drop in PR-AUC after permuting one raw input column on the temporal test split; not causal.
stress_resilience_next_4obs,validated_secondary_production,random_forest,cash_equivalents,cash_equivalents,cash_equivalents,accounting_fundamental,asset_base_liquidity_and_investment,0.0004969611201219859,8.702554093950833e-05,average_precision,test,3028,Drop in PR-AUC after permuting one raw input column on the temporal test split; not causal.
stress_resilience_next_4obs,validated_secondary_production,random_forest,total_liabilities,total_liabilities,total_liabilities,accounting_fundamental,balance_sheet_obligations,0.00032053856109308664,0.00014398355320583166,average_precision,test,3028,Drop in PR-AUC after permuting one raw input column on the temporal test split; not causal.
stress_resilience_next_4obs,validated_secondary_production,random_forest,capex_intensity_revenue,capex_intensity_revenue,capex_intensity_revenue,financial_quality_cashflow,cash_flow_quality,0.00028861957269465943,0.00013746903722227583,average_precision,test,3028,Drop in PR-AUC after permuting one raw input column on the temporal test split; not causal.
stress_resilience_next_4obs,validated_secondary_production,random_forest,total_revenue,total_revenue,total_revenue,accounting_fundamental,earnings_and_scale,0.0002580636240927303,0.0001302043863730311,average_precision,test,3028,Drop in PR-AUC after permuting one raw input column on the temporal test split; not causal.
stress_resilience_next_4obs,validated_secondary_production,random_forest,working_capital_assets,working_capital_assets,working_capital_assets,financial_quality_cashflow,cash_flow_quality,0.000250957349341463,0.0002635149644251002,average_precision,test,3028,Drop in PR-AUC after permuting one raw input column on the temporal test split; not causal.
stress_resilience_next_4obs,validated_secondary_production,random_forest,leverage_assets_change_4obs,leverage_assets_change_4obs,leverage_assets_change_4obs,firm_trend,firm_momentum_or_deterioration,0.00024980737110855686,0.00013495698001227593,average_precision,test,3028,Drop in PR-AUC after permuting one raw input column on the temporal test split; not causal.
stress_resilience_next_4obs,validated_secondary_production,random_forest,net_margin_change_4obs,net_margin_change_4obs,net_margin_change_4obs,firm_trend,firm_momentum_or_deterioration,0.0002492168997419109,0.0005621928796464335,average_precision,test,3028,Drop in PR-AUC after permuting one raw input column on the temporal test split; not causal.
stress_resilience_next_4obs,validated_secondary_production,random_forest,capex_intensity_assets,capex_intensity_assets,capex_intensity_assets,financial_quality_cashflow,cash_flow_quality,0.00022059060863912627,0.0004048869620869757,average_precision,test,3028,Drop in PR-AUC after permuting one raw input column on the temporal test split; not causal.
stress_resilience_next_4obs,validated_secondary_production,random_forest,PPIACO_yoy_pct,PPIACO_yoy_pct,PPIACO_yoy_pct,macro_conditions,macro_price_policy_conditions,0.00020767563686865386,5.303316158859383e-05,average_precision,test,3028,Drop in PR-AUC after permuting one raw input column on the temporal test split; not causal.
stress_resilience_next_4obs,validated_secondary_production,random_forest,RSAFS_yoy_pct,RSAFS_yoy_pct,RSAFS_yoy_pct,macro_conditions,real_activity_conditions,0.00019491330948859798,5.133133189924841e-05,average_precision,test,3028,Drop in PR-AUC after permuting one raw input column on the temporal test split; not causal.
stress_resilience_next_4obs,validated_secondary_production,random_forest,DCOILWTICO_yoy_pct,DCOILWTICO_yoy_pct,DCOILWTICO_yoy_pct,macro_conditions,macro_price_policy_conditions,0.00018629512239367595,0.0001499136347653848,average_precision,test,3028,Drop in PR-AUC after permuting one raw input column on the temporal test split; not causal.
stress_resilience_next_4obs,validated_secondary_production,random_forest,current_assets,current_assets,current_assets,accounting_fundamental,asset_base_liquidity_and_investment,0.0001712707481043685,0.00025336064111766135,average_precision,test,3028,Drop in PR-AUC after permuting one raw input column on the temporal test split; not causal.
stress_resilience_next_4obs,validated_secondary_production,random_forest,total_assets,total_assets,total_assets,accounting_fundamental,asset_base_liquidity_and_investment,0.00015962844021726318,0.00013780548581226632,average_precision,test,3028,Drop in PR-AUC after permuting one raw input column on the temporal test split; not causal.
stress_resilience_next_4obs,validated_secondary_production,random_forest,cash_equivalents_growth_4obs,cash_equivalents_growth_4obs,cash_equivalents_growth_4obs,firm_trend,firm_momentum_or_deterioration,0.0001527317487789448,0.00023691131223114648,average_precision,test,3028,Drop in PR-AUC after permuting one raw input column on the temporal test split; not causal.
stress_resilience_next_4obs,validated_secondary_production,random_forest,FEDFUNDS,FEDFUNDS,FEDFUNDS,macro_conditions,macro_price_policy_conditions,0.00013169964911960986,4.972215164812795e-05,average_precision,test,3028,Drop in PR-AUC after permuting one raw input column on the temporal test split; not causal.
stress_resilience_next_4obs,validated_secondary_production,random_forest,operating_margin_change_4obs,operating_margin_change_4obs,operating_margin_change_4obs,firm_trend,firm_momentum_or_deterioration,0.0001086428675830975,0.0003919473426601535,average_precision,test,3028,Drop in PR-AUC after permuting one raw input column on the temporal test split; not causal.
stress_resilience_next_4obs,validated_secondary_production,random_forest,gross_margin_lag1,gross_margin_lag1,gross_margin_lag1,firm_trend,firm_momentum_or_deterioration,0.00010178411204362359,0.00023050331204816393,average_precision,test,3028,Drop in PR-AUC after permuting one raw input column on the temporal test split; not causal.
stress_resilience_next_4obs,validated_secondary_production,random_forest,operating_margin_lag1,operating_margin_lag1,operating_margin_lag1,firm_trend,firm_momentum_or_deterioration,9.878228958666302e-05,0.0004076353609267728,average_precision,test,3028,Drop in PR-AUC after permuting one raw input column on the temporal test split; not causal.
stress_resilience_next_4obs,validated_secondary_production,random_forest,CPIAUCSL_yoy_pct,CPIAUCSL_yoy_pct,CPIAUCSL_yoy_pct,macro_conditions,macro_price_policy_conditions,8.899704737777014e-05,7.957802020870263e-05,average_precision,test,3028,Drop in PR-AUC after permuting one raw input column on the temporal test split; not causal.
stress_resilience_next_4obs,validated_secondary_production,random_forest,credit_stress_score,credit_stress_score,credit_stress_score,market_health_v2,market_stress_regime,8.819261405845769e-05,2.6292861795249405e-05,average_precision,test,3028,Drop in PR-AUC after permuting one raw input column on the temporal test split; not causal.
stress_resilience_next_4obs,validated_secondary_production,random_forest,DCOILWTICO,DCOILWTICO,DCOILWTICO,macro_conditions,macro_price_policy_conditions,8.745149542788155e-05,4.3680552161862675e-05,average_precision,test,3028,Drop in PR-AUC after permuting one raw input column on the temporal test split; not causal.
stress_resilience_next_4obs,validated_secondary_production,random_forest,INDPRO_yoy_pct,INDPRO_yoy_pct,INDPRO_yoy_pct,macro_conditions,real_activity_conditions,8.579003601136837e-05,3.8142707798153036e-05,average_precision,test,3028,Drop in PR-AUC after permuting one raw input column on the temporal test split; not causal.
stress_resilience_next_4obs,validated_secondary_production,random_forest,roa_change_4obs,roa_change_4obs,roa_change_4obs,firm_trend,firm_momentum_or_deterioration,8.415786513489287e-05,0.0006457745411894937,average_precision,test,3028,Drop in PR-AUC after permuting one raw input column on the temporal test split; not causal.
stress_resilience_next_4obs,validated_secondary_production,random_forest,capex,capex,capex,accounting_fundamental,asset_base_liquidity_and_investment,7.355117458704986e-05,0.00012320278363935953,average_precision,test,3028,Drop in PR-AUC after permuting one raw input column on the temporal test split; not causal.
stress_resilience_next_4obs,validated_secondary_production,random_forest,cash_assets_lag1,cash_assets_lag1,cash_assets_lag1,firm_trend,firm_momentum_or_deterioration,6.722400293870389e-05,0.00011078945382820498,average_precision,test,3028,Drop in PR-AUC after permuting one raw input column on the temporal test split; not causal.
stress_resilience_next_4obs,validated_secondary_production,random_forest,current_assets_growth_4obs,current_assets_growth_4obs,current_assets_growth_4obs,firm_trend,firm_momentum_or_deterioration,4.6216439542345886e-05,0.00017223509351625626,average_precision,test,3028,Drop in PR-AUC after permuting one raw input column on the temporal test split; not causal.
stress_resilience_next_4obs,validated_secondary_production,random_forest,M2SL_yoy_pct,M2SL_yoy_pct,M2SL_yoy_pct,macro_conditions,macro_price_policy_conditions,4.597655042604121e-05,4.0755045314784706e-05,average_precision,test,3028,Drop in PR-AUC after permuting one raw input column on the temporal test split; not causal.
stress_resilience_next_4obs,validated_secondary_production,random_forest,receivables_assets,receivables_assets,receivables_assets,financial_ratio,profitability_and_efficiency,4.18320780579684e-05,0.0003842068482504203,average_precision,test,3028,Drop in PR-AUC after permuting one raw input column on the temporal test split; not causal.
stress_resilience_next_4obs,validated_secondary_production,random_forest,short_term_debt,short_term_debt,short_term_debt,accounting_fundamental,balance_sheet_obligations,3.1904955179618e-05,0.00013852372063672102,average_precision,test,3028,Drop in PR-AUC after permuting one raw input column on the temporal test split; not causal.
stress_resilience_next_4obs,validated_secondary_production,random_forest,INDPRO,INDPRO,INDPRO,macro_conditions,real_activity_conditions,2.886989741328616e-05,2.4003119837306552e-05,average_precision,test,3028,Drop in PR-AUC after permuting one raw input column on the temporal test split; not causal.
stress_resilience_next_4obs,validated_secondary_production,random_forest,real_activity_pressure_score,real_activity_pressure_score,real_activity_pressure_score,market_health_v2,market_stress_regime,2.1156346094342027e-05,3.6817600111896953e-05,average_precision,test,3028,Drop in PR-AUC after permuting one raw input column on the temporal test split; not causal.
stress_resilience_next_4obs,validated_secondary_production,random_forest,cfo_assets,cfo_assets,cfo_assets,financial_quality_cashflow,cash_flow_quality,9.696906837786124e-06,0.0002666743296477022,average_precision,test,3028,Drop in PR-AUC after permuting one raw input column on the temporal test split; not causal.
stress_resilience_next_4obs,validated_secondary_production,random_forest,HOUST_yoy_pct,HOUST_yoy_pct,HOUST_yoy_pct,macro_conditions,real_activity_conditions,9.359305693390495e-06,8.920529979957575e-05,average_precision,test,3028,Drop in PR-AUC after permuting one raw input column on the temporal test split; not causal.
stress_resilience_next_4obs,validated_secondary_production,random_forest,global_event_severity_sum,global_event_severity_sum,global_event_severity_sum,global_event_context,global_event_exposure,5.930068816706324e-06,2.1961622787982e-05,average_precision,test,3028,Drop in PR-AUC after permuting one raw input column on the temporal test split; not causal.
stress_resilience_next_4obs,validated_secondary_production,random_forest,T10Y2Y,T10Y2Y,T10Y2Y,macro_conditions,credit_and_financial_conditions,5.5535179154908574e-06,1.0639435838081545e-05,average_precision,test,3028,Drop in PR-AUC after permuting one raw input column on the temporal test split; not causal.
stress_resilience_next_4obs,validated_secondary_production,random_forest,oil_shock_regime,oil_shock_regime,oil_shock_regime,accounting_fundamental,accounting_fundamentals,1.1230379489690634e-06,2.0448138528165763e-06,average_precision,test,3028,Drop in PR-AUC after permuting one raw input column on the temporal test split; not causal.
stress_resilience_next_4obs,validated_secondary_production,random_forest,credit_spread_stress_regime,credit_spread_stress_regime,credit_spread_stress_regime,accounting_fundamental,accounting_fundamentals,5.710956425764024e-07,2.075112845593481e-06,average_precision,test,3028,Drop in PR-AUC after permuting one raw input column on the temporal test split; not causal.
stress_resilience_next_4obs,validated_secondary_production,random_forest,global_event_count,global_event_count,global_event_count,global_event_context,global_event_exposure,2.695778190897613e-07,2.709210523085503e-06,average_precision,test,3028,Drop in PR-AUC after permuting one raw input column on the temporal test split; not causal.
stress_resilience_next_4obs,validated_secondary_production,random_forest,global_event_pandemic_severity,global_event_pandemic_severity,global_event_pandemic_severity,global_event_context,global_event_exposure,0.0,0.0,average_precision,test,3028,Drop in PR-AUC after permuting one raw input column on the temporal test split; not causal.
stress_resilience_next_4obs,validated_secondary_production,random_forest,global_event_financial_crisis_count,global_event_financial_crisis_count,global_event_financial_crisis_count,global_event_context,global_event_exposure,0.0,0.0,average_precision,test,3028,Drop in PR-AUC after permuting one raw input column on the temporal test split; not causal.
stress_resilience_next_4obs,validated_secondary_production,random_forest,yield_curve_inversion_regime,yield_curve_inversion_regime,yield_curve_inversion_regime,accounting_fundamental,accounting_fundamentals,0.0,0.0,average_precision,test,3028,Drop in PR-AUC after permuting one raw input column on the temporal test split; not causal.
stress_resilience_next_4obs,validated_secondary_production,random_forest,global_event_supply_chain_severity,global_event_supply_chain_severity,global_event_supply_chain_severity,global_event_context,global_event_exposure,0.0,0.0,average_precision,test,3028,Drop in PR-AUC after permuting one raw input column on the temporal test split; not causal.
stress_resilience_next_4obs,validated_secondary_production,random_forest,demand_slowdown_regime,demand_slowdown_regime,demand_slowdown_regime,accounting_fundamental,accounting_fundamentals,0.0,0.0,average_precision,test,3028,Drop in PR-AUC after permuting one raw input column on the temporal test split; not causal.
stress_resilience_next_4obs,validated_secondary_production,random_forest,global_event_banking_stress_count,global_event_banking_stress_count,global_event_banking_stress_count,global_event_context,global_event_exposure,0.0,0.0,average_precision,test,3028,Drop in PR-AUC after permuting one raw input column on the temporal test split; not causal.
stress_resilience_next_4obs,validated_secondary_production,random_forest,global_event_supply_chain_count,global_event_supply_chain_count,global_event_supply_chain_count,global_event_context,global_event_exposure,0.0,0.0,average_precision,test,3028,Drop in PR-AUC after permuting one raw input column on the temporal test split; not causal.
stress_resilience_next_4obs,validated_secondary_production,random_forest,global_event_banking_stress_severity,global_event_banking_stress_severity,global_event_banking_stress_severity,global_event_context,global_event_exposure,0.0,0.0,average_precision,test,3028,Drop in PR-AUC after permuting one raw input column on the temporal test split; not causal.
stress_resilience_next_4obs,validated_secondary_production,random_forest,global_event_commodity_oil_count,global_event_commodity_oil_count,global_event_commodity_oil_count,global_event_context,global_event_exposure,0.0,0.0,average_precision,test,3028,Drop in PR-AUC after permuting one raw input column on the temporal test split; not causal.
stress_resilience_next_4obs,validated_secondary_production,random_forest,global_event_commodity_oil_severity,global_event_commodity_oil_severity,global_event_commodity_oil_severity,global_event_context,global_event_exposure,0.0,0.0,average_precision,test,3028,Drop in PR-AUC after permuting one raw input column on the temporal test split; not causal.
stress_resilience_next_4obs,validated_secondary_production,random_forest,global_event_financial_market_count,global_event_financial_market_count,global_event_financial_market_count,global_event_context,global_event_exposure,0.0,0.0,average_precision,test,3028,Drop in PR-AUC after permuting one raw input column on the temporal test split; not causal.
stress_resilience_next_4obs,validated_secondary_production,random_forest,global_event_financial_crisis_severity,global_event_financial_crisis_severity,global_event_financial_crisis_severity,global_event_context,global_event_exposure,0.0,0.0,average_precision,test,3028,Drop in PR-AUC after permuting one raw input column on the temporal test split; not causal.
stress_resilience_next_4obs,validated_secondary_production,random_forest,global_event_pandemic_count,global_event_pandemic_count,global_event_pandemic_count,global_event_context,global_event_exposure,0.0,0.0,average_precision,test,3028,Drop in PR-AUC after permuting one raw input column on the temporal test split; not causal.
stress_resilience_next_4obs,validated_secondary_production,random_forest,global_event_financial_market_severity,global_event_financial_market_severity,global_event_financial_market_severity,global_event_context,global_event_exposure,0.0,0.0,average_precision,test,3028,Drop in PR-AUC after permuting one raw input column on the temporal test split; not causal.
stress_resilience_next_4obs,validated_secondary_production,random_forest,global_event_geopolitical_war_count,global_event_geopolitical_war_count,global_event_geopolitical_war_count,global_event_context,global_event_exposure,0.0,0.0,average_precision,test,3028,Drop in PR-AUC after permuting one raw input column on the temporal test split; not causal.
stress_resilience_next_4obs,validated_secondary_production,random_forest,global_event_sovereign_debt_severity,global_event_sovereign_debt_severity,global_event_sovereign_debt_severity,global_event_context,global_event_exposure,0.0,0.0,average_precision,test,3028,Drop in PR-AUC after permuting one raw input column on the temporal test split; not causal.
stress_resilience_next_4obs,validated_secondary_production,random_forest,global_event_geopolitical_war_severity,global_event_geopolitical_war_severity,global_event_geopolitical_war_severity,global_event_context,global_event_exposure,0.0,0.0,average_precision,test,3028,Drop in PR-AUC after permuting one raw input column on the temporal test split; not causal.
stress_resilience_next_4obs,validated_secondary_production,random_forest,global_event_monetary_inflation_count,global_event_monetary_inflation_count,global_event_monetary_inflation_count,global_event_context,global_event_exposure,0.0,0.0,average_precision,test,3028,Drop in PR-AUC after permuting one raw input column on the temporal test split; not causal.
stress_resilience_next_4obs,validated_secondary_production,random_forest,global_event_monetary_inflation_severity,global_event_monetary_inflation_severity,global_event_monetary_inflation_severity,global_event_context,global_event_exposure,0.0,0.0,average_precision,test,3028,Drop in PR-AUC after permuting one raw input column on the temporal test split; not causal.
stress_resilience_next_4obs,validated_secondary_production,random_forest,global_event_natural_disaster_count,global_event_natural_disaster_count,global_event_natural_disaster_count,global_event_context,global_event_exposure,0.0,0.0,average_precision,test,3028,Drop in PR-AUC after permuting one raw input column on the temporal test split; not causal.
stress_resilience_next_4obs,validated_secondary_production,random_forest,global_event_sovereign_debt_count,global_event_sovereign_debt_count,global_event_sovereign_debt_count,global_event_context,global_event_exposure,0.0,0.0,average_precision,test,3028,Drop in PR-AUC after permuting one raw input column on the temporal test split; not causal.
stress_resilience_next_4obs,validated_secondary_production,random_forest,global_event_natural_disaster_severity,global_event_natural_disaster_severity,global_event_natural_disaster_severity,global_event_context,global_event_exposure,0.0,0.0,average_precision,test,3028,Drop in PR-AUC after permuting one raw input column on the temporal test split; not causal.
stress_resilience_next_4obs,validated_secondary_production,random_forest,global_event_political_policy_severity,global_event_political_policy_severity,global_event_political_policy_severity,global_event_context,global_event_exposure,0.0,0.0,average_precision,test,3028,Drop in PR-AUC after permuting one raw input column on the temporal test split; not causal.
stress_resilience_next_4obs,validated_secondary_production,random_forest,global_event_political_policy_count,global_event_political_policy_count,global_event_political_policy_count,global_event_context,global_event_exposure,0.0,0.0,average_precision,test,3028,Drop in PR-AUC after permuting one raw input column on the temporal test split; not causal.
stress_resilience_next_4obs,validated_secondary_production,random_forest,inflation_pressure_regime,inflation_pressure_regime,inflation_pressure_regime,accounting_fundamental,accounting_fundamentals,0.0,0.0,average_precision,test,3028,Drop in PR-AUC after permuting one raw input column on the temporal test split; not causal.
stress_resilience_next_4obs,validated_secondary_production,random_forest,BUSLOANS,BUSLOANS,BUSLOANS,macro_conditions,credit_and_financial_conditions,0.0,0.0,average_precision,test,3028,Drop in PR-AUC after permuting one raw input column on the temporal test split; not causal.
stress_resilience_next_4obs,validated_secondary_production,random_forest,tight_financial_conditions,tight_financial_conditions,tight_financial_conditions,accounting_fundamental,accounting_fundamentals,0.0,0.0,average_precision,test,3028,Drop in PR-AUC after permuting one raw input column on the temporal test split; not causal.
stress_resilience_next_4obs,validated_secondary_production,random_forest,RSAFS,RSAFS,RSAFS,macro_conditions,real_activity_conditions,0.0,0.0,average_precision,test,3028,Drop in PR-AUC after permuting one raw input column on the temporal test split; not causal.
stress_resilience_next_4obs,validated_secondary_production,random_forest,stress_elevated_v2,stress_elevated_v2,stress_elevated_v2,market_health_v2,market_stress_regime,0.0,0.0,average_precision,test,3028,Drop in PR-AUC after permuting one raw input column on the temporal test split; not causal.
stress_resilience_next_4obs,validated_secondary_production,random_forest,GDPC1,GDPC1,GDPC1,macro_conditions,real_activity_conditions,0.0,0.0,average_precision,test,3028,Drop in PR-AUC after permuting one raw input column on the temporal test split; not causal.
stress_resilience_next_4obs,validated_secondary_production,random_forest,M2SL,M2SL,M2SL,macro_conditions,macro_price_policy_conditions,0.0,0.0,average_precision,test,3028,Drop in PR-AUC after permuting one raw input column on the temporal test split; not causal.
stress_resilience_next_4obs,validated_secondary_production,random_forest,UNRATE,UNRATE,UNRATE,macro_conditions,real_activity_conditions,0.0,0.0,average_precision,test,3028,Drop in PR-AUC after permuting one raw input column on the temporal test split; not causal.
stress_resilience_next_4obs,validated_secondary_production,random_forest,high_rate_regime,high_rate_regime,high_rate_regime,accounting_fundamental,accounting_fundamentals,0.0,0.0,average_precision,test,3028,Drop in PR-AUC after permuting one raw input column on the temporal test split; not causal.
stress_resilience_next_4obs,validated_secondary_production,random_forest,CPIAUCSL,CPIAUCSL,CPIAUCSL,macro_conditions,macro_price_policy_conditions,0.0,0.0,average_precision,test,3028,Drop in PR-AUC after permuting one raw input column on the temporal test split; not causal.
stress_resilience_next_4obs,validated_secondary_production,random_forest,PPIACO,PPIACO,PPIACO,macro_conditions,macro_price_policy_conditions,0.0,0.0,average_precision,test,3028,Drop in PR-AUC after permuting one raw input column on the temporal test split; not causal.
stress_resilience_next_4obs,validated_secondary_production,random_forest,PAYEMS,PAYEMS,PAYEMS,macro_conditions,real_activity_conditions,0.0,0.0,average_precision,test,3028,Drop in PR-AUC after permuting one raw input column on the temporal test split; not causal.
stress_resilience_next_4obs,validated_secondary_production,random_forest,global_event_trade_policy_count,global_event_trade_policy_count,global_event_trade_policy_count,global_event_context,global_event_exposure,0.0,0.0,average_precision,test,3028,Drop in PR-AUC after permuting one raw input column on the temporal test split; not causal.
stress_resilience_next_4obs,validated_secondary_production,random_forest,HOUST,HOUST,HOUST,macro_conditions,real_activity_conditions,0.0,0.0,average_precision,test,3028,Drop in PR-AUC after permuting one raw input column on the temporal test split; not causal.
stress_resilience_next_4obs,validated_secondary_production,random_forest,global_event_trade_policy_severity,global_event_trade_policy_severity,global_event_trade_policy_severity,global_event_context,global_event_exposure,0.0,0.0,average_precision,test,3028,Drop in PR-AUC after permuting one raw input column on the temporal test split; not causal.
stress_resilience_next_4obs,validated_secondary_production,random_forest,DTWEXBGS,DTWEXBGS,DTWEXBGS,macro_conditions,macro_price_policy_conditions,-7.998461617697572e-07,2.879834553159495e-06,average_precision,test,3028,Drop in PR-AUC after permuting one raw input column on the temporal test split; not causal.
stress_resilience_next_4obs,validated_secondary_production,random_forest,BAMLH0A0HYM2,BAMLH0A0HYM2,BAMLH0A0HYM2,macro_conditions,credit_and_financial_conditions,-1.0356726999338761e-06,6.457719598214981e-07,average_precision,test,3028,Drop in PR-AUC after permuting one raw input column on the temporal test split; not causal.
stress_resilience_next_4obs,validated_secondary_production,random_forest,crisis_regime,crisis_regime,crisis_regime,accounting_fundamental,accounting_fundamentals,-2.5795044458876147e-06,1.994328204751922e-06,average_precision,test,3028,Drop in PR-AUC after permuting one raw input column on the temporal test split; not causal.
stress_resilience_next_4obs,validated_secondary_production,random_forest,credit_tightening_regime,credit_tightening_regime,credit_tightening_regime,accounting_fundamental,accounting_fundamentals,-3.2755100077164203e-06,3.0238868676690233e-06,average_precision,test,3028,Drop in PR-AUC after permuting one raw input column on the temporal test split; not causal.
stress_resilience_next_4obs,validated_secondary_production,random_forest,T10Y3M,T10Y3M,T10Y3M,macro_conditions,credit_and_financial_conditions,-4.72899353884948e-06,5.133061916479934e-05,average_precision,test,3028,Drop in PR-AUC after permuting one raw input column on the temporal test split; not causal.
stress_resilience_next_4obs,validated_secondary_production,random_forest,long_term_debt,long_term_debt,long_term_debt,accounting_fundamental,balance_sheet_obligations,-1.8973175756609173e-05,0.0002546942507176536,average_precision,test,3028,Drop in PR-AUC after permuting one raw input column on the temporal test split; not causal.
stress_resilience_next_4obs,validated_secondary_production,random_forest,market_stress_score_v2,market_stress_score_v2,market_stress_score_v2,market_health_v2,market_stress_regime,-1.9136165687738683e-05,6.7225108279622176e-06,average_precision,test,3028,Drop in PR-AUC after permuting one raw input column on the temporal test split; not causal.
stress_resilience_next_4obs,validated_secondary_production,random_forest,market_health_score_v2,market_health_score_v2,market_health_score_v2,market_health_v2,market_stress_regime,-2.6012426010213475e-05,2.2039964195035866e-05,average_precision,test,3028,Drop in PR-AUC after permuting one raw input column on the temporal test split; not causal.
stress_resilience_next_4obs,validated_secondary_production,random_forest,prediction_quarter,prediction_quarter,prediction_quarter,accounting_fundamental,accounting_fundamentals,-2.9709831471746993e-05,1.027662491115063e-05,average_precision,test,3028,Drop in PR-AUC after permuting one raw input column on the temporal test split; not causal.
stress_resilience_next_4obs,validated_secondary_production,random_forest,DTWEXBGS_yoy_pct,DTWEXBGS_yoy_pct,DTWEXBGS_yoy_pct,macro_conditions,macro_price_policy_conditions,-2.989815288301223e-05,5.7415926563319856e-05,average_precision,test,3028,Drop in PR-AUC after permuting one raw input column on the temporal test split; not causal.
stress_resilience_next_4obs,validated_secondary_production,random_forest,policy_uncertainty_score,policy_uncertainty_score,policy_uncertainty_score,market_health_v2,market_stress_regime,-3.2399538104521675e-05,6.077759528509645e-05,average_precision,test,3028,Drop in PR-AUC after permuting one raw input column on the temporal test split; not causal.
stress_resilience_next_4obs,validated_secondary_production,random_forest,cash_flow_operating,cash_flow_operating,cash_flow_operating,accounting_fundamental,asset_base_liquidity_and_investment,-3.488158548108356e-05,6.10132676762313e-05,average_precision,test,3028,Drop in PR-AUC after permuting one raw input column on the temporal test split; not causal.
stress_resilience_next_4obs,validated_secondary_production,random_forest,cfo_margin,cfo_margin,cfo_margin,financial_quality_cashflow,cash_flow_quality,-6.384299562871565e-05,0.00020464225753997697,average_precision,test,3028,Drop in PR-AUC after permuting one raw input column on the temporal test split; not causal.
stress_resilience_next_4obs,validated_secondary_production,random_forest,accruals_assets,accruals_assets,accruals_assets,financial_quality_cashflow,cash_flow_quality,-7.553922670211488e-05,0.00026472121365383805,average_precision,test,3028,Drop in PR-AUC after permuting one raw input column on the temporal test split; not causal.
stress_resilience_next_4obs,validated_secondary_production,random_forest,gross_margin_change_4obs,gross_margin_change_4obs,gross_margin_change_4obs,firm_trend,firm_momentum_or_deterioration,-8.431756748497054e-05,0.00018670756676470295,average_precision,test,3028,Drop in PR-AUC after permuting one raw input column on the temporal test split; not causal.
stress_resilience_next_4obs,validated_secondary_production,random_forest,cash_assets,cash_assets,cash_assets,financial_ratio,balance_sheet_leverage_liquidity,-9.048528308841508e-05,0.00014002075731385554,average_precision,test,3028,Drop in PR-AUC after permuting one raw input column on the temporal test split; not causal.
stress_resilience_next_4obs,validated_secondary_production,random_forest,total_revenue_growth_4obs,total_revenue_growth_4obs,total_revenue_growth_4obs,firm_trend,firm_momentum_or_deterioration,-0.00010538004180629112,0.00041675629345689437,average_precision,test,3028,Drop in PR-AUC after permuting one raw input column on the temporal test split; not causal.
stress_resilience_next_4obs,validated_secondary_production,random_forest,cash_to_current_liabilities,cash_to_current_liabilities,cash_to_current_liabilities,financial_quality_cashflow,cash_flow_quality,-0.0001115111494266685,0.00015056138656835449,average_precision,test,3028,Drop in PR-AUC after permuting one raw input column on the temporal test split; not causal.
stress_resilience_next_4obs,validated_secondary_production,random_forest,BUSLOANS_yoy_pct,BUSLOANS_yoy_pct,BUSLOANS_yoy_pct,macro_conditions,credit_and_financial_conditions,-0.00011198555169109615,0.00011111747742406965,average_precision,test,3028,Drop in PR-AUC after permuting one raw input column on the temporal test split; not causal.
stress_resilience_next_4obs,validated_secondary_production,random_forest,current_liabilities_growth_4obs,current_liabilities_growth_4obs,current_liabilities_growth_4obs,firm_trend,firm_momentum_or_deterioration,-0.00011290169106332737,0.00010429912581592346,average_precision,test,3028,Drop in PR-AUC after permuting one raw input column on the temporal test split; not causal.
stress_resilience_next_4obs,validated_secondary_production,random_forest,total_liabilities_growth_4obs,total_liabilities_growth_4obs,total_liabilities_growth_4obs,firm_trend,firm_momentum_or_deterioration,-0.00011506514642747323,8.556495293959805e-05,average_precision,test,3028,Drop in PR-AUC after permuting one raw input column on the temporal test split; not causal.
stress_resilience_next_4obs,validated_secondary_production,random_forest,gross_profit,gross_profit,gross_profit,accounting_fundamental,earnings_and_scale,-0.0001315542198580655,0.00015805188225023279,average_precision,test,3028,Drop in PR-AUC after permuting one raw input column on the temporal test split; not causal.
stress_resilience_next_4obs,validated_secondary_production,random_forest,market_stress_regime,market_stress_regime,market_stress_regime,accounting_fundamental,accounting_fundamentals,-0.00013362079315268894,1.2754570973487098e-05,average_precision,test,3028,Drop in PR-AUC after permuting one raw input column on the temporal test split; not causal.
stress_resilience_next_4obs,validated_secondary_production,random_forest,strong_dollar_regime,strong_dollar_regime,strong_dollar_regime,accounting_fundamental,accounting_fundamentals,-0.00013442377759222967,8.452484544377206e-05,average_precision,test,3028,Drop in PR-AUC after permuting one raw input column on the temporal test split; not causal.
stress_resilience_next_4obs,validated_secondary_production,random_forest,current_liabilities,current_liabilities,current_liabilities,accounting_fundamental,balance_sheet_obligations,-0.00016444850401307055,0.00028015203491693993,average_precision,test,3028,Drop in PR-AUC after permuting one raw input column on the temporal test split; not causal.
stress_resilience_next_4obs,validated_secondary_production,random_forest,USEPUINDXD,USEPUINDXD,USEPUINDXD,macro_conditions,macro_price_policy_conditions,-0.00016647628553254635,9.103449205969302e-05,average_precision,test,3028,Drop in PR-AUC after permuting one raw input column on the temporal test split; not causal.
stress_resilience_next_4obs,validated_secondary_production,random_forest,total_assets_growth_4obs,total_assets_growth_4obs,total_assets_growth_4obs,firm_trend,firm_momentum_or_deterioration,-0.00017990477478122547,0.00026321115730178115,average_precision,test,3028,Drop in PR-AUC after permuting one raw input column on the temporal test split; not causal.
stress_resilience_next_4obs,validated_secondary_production,random_forest,DRTSCILM,DRTSCILM,DRTSCILM,macro_conditions,credit_and_financial_conditions,-0.00020700672664870635,2.16044058321501e-05,average_precision,test,3028,Drop in PR-AUC after permuting one raw input column on the temporal test split; not causal.
stress_resilience_next_4obs,validated_secondary_production,random_forest,gross_margin,gross_margin,gross_margin,financial_ratio,profitability_and_efficiency,-0.00021128648829908946,0.00025257405612288605,average_precision,test,3028,Drop in PR-AUC after permuting one raw input column on the temporal test split; not causal.
stress_resilience_next_4obs,validated_secondary_production,random_forest,inventory_assets,inventory_assets,inventory_assets,financial_ratio,profitability_and_efficiency,-0.00021998936849563223,0.0001652026053890459,average_precision,test,3028,Drop in PR-AUC after permuting one raw input column on the temporal test split; not causal.
stress_resilience_next_4obs,validated_secondary_production,random_forest,Sector,Sector,Sector,industry_sector,sector_positioning,-0.00023290932702715316,0.00041054559347618335,average_precision,test,3028,Drop in PR-AUC after permuting one raw input column on the temporal test split; not causal.
stress_resilience_next_4obs,validated_secondary_production,random_forest,NFCI,NFCI,NFCI,macro_conditions,credit_and_financial_conditions,-0.0002647235526302527,9.581457398032009e-05,average_precision,test,3028,Drop in PR-AUC after permuting one raw input column on the temporal test split; not causal.
stress_resilience_next_4obs,validated_secondary_production,random_forest,r_and_d_intensity,r_and_d_intensity,r_and_d_intensity,financial_ratio,profitability_and_efficiency,-0.0003716251360686984,6.57951893599191e-05,average_precision,test,3028,Drop in PR-AUC after permuting one raw input column on the temporal test split; not causal.
stress_resilience_next_4obs,validated_secondary_production,random_forest,current_ratio_change_4obs,current_ratio_change_4obs,current_ratio_change_4obs,firm_trend,firm_momentum_or_deterioration,-0.0003960045103889698,0.0003101869670401259,average_precision,test,3028,Drop in PR-AUC after permuting one raw input column on the temporal test split; not causal.
stress_resilience_next_4obs,validated_secondary_production,random_forest,VIXCLS,VIXCLS,VIXCLS,macro_conditions,macro_price_policy_conditions,-0.0004190551329237291,0.00014400764354838733,average_precision,test,3028,Drop in PR-AUC after permuting one raw input column on the temporal test split; not causal.
stress_resilience_next_4obs,validated_secondary_production,random_forest,GS10,GS10,GS10,macro_conditions,macro_price_policy_conditions,-0.0004969377175308542,0.00010726638573939653,average_precision,test,3028,Drop in PR-AUC after permuting one raw input column on the temporal test split; not causal.
stress_resilience_next_4obs,validated_secondary_production,random_forest,cash_assets_change_4obs,cash_assets_change_4obs,cash_assets_change_4obs,firm_trend,firm_momentum_or_deterioration,-0.0005886179714426288,0.00016070063700527552,average_precision,test,3028,Drop in PR-AUC after permuting one raw input column on the temporal test split; not causal.
recovery_next_4obs,validated_secondary_production,gradient_boosting,leverage_assets,leverage_assets,leverage_assets,financial_ratio,balance_sheet_leverage_liquidity,0.10848680936784069,0.004703829672460454,average_precision,test,2419,Drop in PR-AUC after permuting one raw input column on the temporal test split; not causal.
recovery_next_4obs,validated_secondary_production,gradient_boosting,equity_assets,equity_assets,equity_assets,financial_ratio,balance_sheet_leverage_liquidity,0.011400602289462759,0.0010514788631565582,average_precision,test,2419,Drop in PR-AUC after permuting one raw input column on the temporal test split; not causal.
recovery_next_4obs,validated_secondary_production,gradient_boosting,roa,roa,roa,financial_ratio,profitability_and_efficiency,0.00907475780913718,0.0011242896341855052,average_precision,test,2419,Drop in PR-AUC after permuting one raw input column on the temporal test split; not causal.
recovery_next_4obs,validated_secondary_production,gradient_boosting,leverage_assets_lag1,leverage_assets_lag1,leverage_assets_lag1,firm_trend,firm_momentum_or_deterioration,0.005178464138531913,0.0009541656944693662,average_precision,test,2419,Drop in PR-AUC after permuting one raw input column on the temporal test split; not causal.
recovery_next_4obs,validated_secondary_production,gradient_boosting,roa_lag1,roa_lag1,roa_lag1,firm_trend,firm_momentum_or_deterioration,0.004026846226597325,0.00043228624058608224,average_precision,test,2419,Drop in PR-AUC after permuting one raw input column on the temporal test split; not causal.
recovery_next_4obs,validated_secondary_production,gradient_boosting,net_income_negative_count_prior_4obs,net_income_negative_count_prior_4obs,net_income_negative_count_prior_4obs,accounting_fundamental,accounting_fundamentals,0.003580537452387134,0.00046797536904066877,average_precision,test,2419,Drop in PR-AUC after permuting one raw input column on the temporal test split; not causal.
recovery_next_4obs,validated_secondary_production,gradient_boosting,operating_income,operating_income,operating_income,accounting_fundamental,earnings_and_scale,0.0029073498323767934,0.0007320129639693853,average_precision,test,2419,Drop in PR-AUC after permuting one raw input column on the temporal test split; not causal.
recovery_next_4obs,validated_secondary_production,gradient_boosting,total_equity,total_equity,total_equity,accounting_fundamental,asset_base_liquidity_and_investment,0.0020171674294211517,0.0003552272570651909,average_precision,test,2419,Drop in PR-AUC after permuting one raw input column on the temporal test split; not causal.
recovery_next_4obs,validated_secondary_production,gradient_boosting,current_assets,current_assets,current_assets,accounting_fundamental,asset_base_liquidity_and_investment,0.001968724014003875,0.0006321406710546346,average_precision,test,2419,Drop in PR-AUC after permuting one raw input column on the temporal test split; not causal.
recovery_next_4obs,validated_secondary_production,gradient_boosting,operating_margin_lag1,operating_margin_lag1,operating_margin_lag1,firm_trend,firm_momentum_or_deterioration,0.0006428564175094742,0.00018554797491840595,average_precision,test,2419,Drop in PR-AUC after permuting one raw input column on the temporal test split; not causal.
recovery_next_4obs,validated_secondary_production,gradient_boosting,cash_to_current_liabilities,cash_to_current_liabilities,cash_to_current_liabilities,financial_quality_cashflow,cash_flow_quality,0.0005148708556457438,0.0002612321563357362,average_precision,test,2419,Drop in PR-AUC after permuting one raw input column on the temporal test split; not causal.
recovery_next_4obs,validated_secondary_production,gradient_boosting,total_revenue_growth_4obs,total_revenue_growth_4obs,total_revenue_growth_4obs,firm_trend,firm_momentum_or_deterioration,0.00042921688355010976,0.00018465880938794952,average_precision,test,2419,Drop in PR-AUC after permuting one raw input column on the temporal test split; not causal.
recovery_next_4obs,validated_secondary_production,gradient_boosting,net_income,net_income,net_income,accounting_fundamental,earnings_and_scale,0.0003960258658860738,0.0001192488659970664,average_precision,test,2419,Drop in PR-AUC after permuting one raw input column on the temporal test split; not causal.
recovery_next_4obs,validated_secondary_production,gradient_boosting,current_liabilities,current_liabilities,current_liabilities,accounting_fundamental,balance_sheet_obligations,0.0003648214255812965,2.314957332547717e-05,average_precision,test,2419,Drop in PR-AUC after permuting one raw input column on the temporal test split; not causal.
recovery_next_4obs,validated_secondary_production,gradient_boosting,total_liabilities,total_liabilities,total_liabilities,accounting_fundamental,balance_sheet_obligations,0.0003141102309506927,0.00012173744984429776,average_precision,test,2419,Drop in PR-AUC after permuting one raw input column on the temporal test split; not causal.
recovery_next_4obs,validated_secondary_production,gradient_boosting,operating_margin,operating_margin,operating_margin,financial_ratio,profitability_and_efficiency,0.00028585753204872776,0.00012630101709845652,average_precision,test,2419,Drop in PR-AUC after permuting one raw input column on the temporal test split; not causal.
recovery_next_4obs,validated_secondary_production,gradient_boosting,inventory_assets,inventory_assets,inventory_assets,financial_ratio,profitability_and_efficiency,0.000283967381559469,0.00015691951011653668,average_precision,test,2419,Drop in PR-AUC after permuting one raw input column on the temporal test split; not causal.
recovery_next_4obs,validated_secondary_production,gradient_boosting,gross_margin,gross_margin,gross_margin,financial_ratio,profitability_and_efficiency,0.0002468514809804478,0.00013211225197283372,average_precision,test,2419,Drop in PR-AUC after permuting one raw input column on the temporal test split; not causal.
recovery_next_4obs,validated_secondary_production,gradient_boosting,gross_profit,gross_profit,gross_profit,accounting_fundamental,earnings_and_scale,0.00021245713509845387,4.094785475073652e-05,average_precision,test,2419,Drop in PR-AUC after permuting one raw input column on the temporal test split; not causal.
recovery_next_4obs,validated_secondary_production,gradient_boosting,leverage_assets_change_4obs,leverage_assets_change_4obs,leverage_assets_change_4obs,firm_trend,firm_momentum_or_deterioration,0.00018929136816572267,0.00018267173589168144,average_precision,test,2419,Drop in PR-AUC after permuting one raw input column on the temporal test split; not causal.
recovery_next_4obs,validated_secondary_production,gradient_boosting,current_ratio,current_ratio,current_ratio,financial_ratio,balance_sheet_leverage_liquidity,0.00017597615232292085,4.5912407407463014e-05,average_precision,test,2419,Drop in PR-AUC after permuting one raw input column on the temporal test split; not causal.
recovery_next_4obs,validated_secondary_production,gradient_boosting,BUSLOANS_yoy_pct,BUSLOANS_yoy_pct,BUSLOANS_yoy_pct,macro_conditions,credit_and_financial_conditions,0.00014049111481959642,7.620862954154052e-05,average_precision,test,2419,Drop in PR-AUC after permuting one raw input column on the temporal test split; not causal.
recovery_next_4obs,validated_secondary_production,gradient_boosting,long_term_debt,long_term_debt,long_term_debt,accounting_fundamental,balance_sheet_obligations,0.0001250746326602492,3.997914363018331e-05,average_precision,test,2419,Drop in PR-AUC after permuting one raw input column on the temporal test split; not causal.
recovery_next_4obs,validated_secondary_production,gradient_boosting,working_capital_assets,working_capital_assets,working_capital_assets,financial_quality_cashflow,cash_flow_quality,0.00011864962347503116,0.00011034761398599144,average_precision,test,2419,Drop in PR-AUC after permuting one raw input column on the temporal test split; not causal.
recovery_next_4obs,validated_secondary_production,gradient_boosting,INDPRO,INDPRO,INDPRO,macro_conditions,real_activity_conditions,0.00010681036177535574,0.00010321592150904219,average_precision,test,2419,Drop in PR-AUC after permuting one raw input column on the temporal test split; not causal.
recovery_next_4obs,validated_secondary_production,gradient_boosting,cfo_margin,cfo_margin,cfo_margin,financial_quality_cashflow,cash_flow_quality,9.232426279139893e-05,1.4101716203991075e-05,average_precision,test,2419,Drop in PR-AUC after permuting one raw input column on the temporal test split; not causal.
recovery_next_4obs,validated_secondary_production,gradient_boosting,total_liabilities_growth_4obs,total_liabilities_growth_4obs,total_liabilities_growth_4obs,firm_trend,firm_momentum_or_deterioration,8.466958363846366e-05,3.274765544487517e-05,average_precision,test,2419,Drop in PR-AUC after permuting one raw input column on the temporal test split; not causal.
recovery_next_4obs,validated_secondary_production,gradient_boosting,operating_margin_change_4obs,operating_margin_change_4obs,operating_margin_change_4obs,firm_trend,firm_momentum_or_deterioration,7.681695938703826e-05,2.2051589970865045e-05,average_precision,test,2419,Drop in PR-AUC after permuting one raw input column on the temporal test split; not causal.
recovery_next_4obs,validated_secondary_production,gradient_boosting,PPIACO_yoy_pct,PPIACO_yoy_pct,PPIACO_yoy_pct,macro_conditions,macro_price_policy_conditions,5.115360408556313e-05,2.2632128450589852e-05,average_precision,test,2419,Drop in PR-AUC after permuting one raw input column on the temporal test split; not causal.
recovery_next_4obs,validated_secondary_production,gradient_boosting,gross_margin_lag1,gross_margin_lag1,gross_margin_lag1,firm_trend,firm_momentum_or_deterioration,3.7803929493462894e-05,0.00013080610867718769,average_precision,test,2419,Drop in PR-AUC after permuting one raw input column on the temporal test split; not causal.
recovery_next_4obs,validated_secondary_production,gradient_boosting,current_ratio_lag1,current_ratio_lag1,current_ratio_lag1,firm_trend,firm_momentum_or_deterioration,3.685587664068457e-05,3.5231986446461355e-05,average_precision,test,2419,Drop in PR-AUC after permuting one raw input column on the temporal test split; not causal.
recovery_next_4obs,validated_secondary_production,gradient_boosting,cfo_assets,cfo_assets,cfo_assets,financial_quality_cashflow,cash_flow_quality,3.479666342516285e-05,5.235558770304336e-05,average_precision,test,2419,Drop in PR-AUC after permuting one raw input column on the temporal test split; not causal.
recovery_next_4obs,validated_secondary_production,gradient_boosting,short_term_debt,short_term_debt,short_term_debt,accounting_fundamental,balance_sheet_obligations,3.282938475859254e-05,4.4590561035079984e-05,average_precision,test,2419,Drop in PR-AUC after permuting one raw input column on the temporal test split; not causal.
recovery_next_4obs,validated_secondary_production,gradient_boosting,cash_equivalents,cash_equivalents,cash_equivalents,accounting_fundamental,asset_base_liquidity_and_investment,3.0513221614802966e-05,1.497608488316791e-05,average_precision,test,2419,Drop in PR-AUC after permuting one raw input column on the temporal test split; not causal.
recovery_next_4obs,validated_secondary_production,gradient_boosting,current_liabilities_growth_4obs,current_liabilities_growth_4obs,current_liabilities_growth_4obs,firm_trend,firm_momentum_or_deterioration,2.298437413392751e-05,6.239528215449267e-05,average_precision,test,2419,Drop in PR-AUC after permuting one raw input column on the temporal test split; not causal.
recovery_next_4obs,validated_secondary_production,gradient_boosting,accruals_assets,accruals_assets,accruals_assets,financial_quality_cashflow,cash_flow_quality,2.1729909400414193e-05,1.5080961363965231e-05,average_precision,test,2419,Drop in PR-AUC after permuting one raw input column on the temporal test split; not causal.
recovery_next_4obs,validated_secondary_production,gradient_boosting,PAYEMS_yoy_pct,PAYEMS_yoy_pct,PAYEMS_yoy_pct,macro_conditions,real_activity_conditions,1.7868779776564204e-05,4.397011823652782e-05,average_precision,test,2419,Drop in PR-AUC after permuting one raw input column on the temporal test split; not causal.
recovery_next_4obs,validated_secondary_production,gradient_boosting,DTWEXBGS,DTWEXBGS,DTWEXBGS,macro_conditions,macro_price_policy_conditions,1.7812844049691635e-05,3.560872547031508e-05,average_precision,test,2419,Drop in PR-AUC after permuting one raw input column on the temporal test split; not causal.
recovery_next_4obs,validated_secondary_production,gradient_boosting,roa_change_4obs,roa_change_4obs,roa_change_4obs,firm_trend,firm_momentum_or_deterioration,1.762136670426795e-05,3.625176494149738e-05,average_precision,test,2419,Drop in PR-AUC after permuting one raw input column on the temporal test split; not causal.
recovery_next_4obs,validated_secondary_production,gradient_boosting,capex_intensity_assets,capex_intensity_assets,capex_intensity_assets,financial_quality_cashflow,cash_flow_quality,1.7337525367500108e-05,3.0132193504819263e-05,average_precision,test,2419,Drop in PR-AUC after permuting one raw input column on the temporal test split; not causal.
recovery_next_4obs,validated_secondary_production,gradient_boosting,debt_to_cfo,debt_to_cfo,debt_to_cfo,financial_quality_cashflow,cash_flow_quality,1.566109885231537e-05,2.7656069398608585e-05,average_precision,test,2419,Drop in PR-AUC after permuting one raw input column on the temporal test split; not causal.
recovery_next_4obs,validated_secondary_production,gradient_boosting,capex_intensity_revenue,capex_intensity_revenue,capex_intensity_revenue,financial_quality_cashflow,cash_flow_quality,1.196715258173775e-05,4.881532105833447e-05,average_precision,test,2419,Drop in PR-AUC after permuting one raw input column on the temporal test split; not causal.
recovery_next_4obs,validated_secondary_production,gradient_boosting,net_margin,net_margin,net_margin,financial_ratio,profitability_and_efficiency,8.698385262184694e-06,7.150938254860511e-05,average_precision,test,2419,Drop in PR-AUC after permuting one raw input column on the temporal test split; not causal.
recovery_next_4obs,validated_secondary_production,gradient_boosting,cash_flow_operating,cash_flow_operating,cash_flow_operating,accounting_fundamental,asset_base_liquidity_and_investment,5.446881821891126e-06,3.5164373262880075e-05,average_precision,test,2419,Drop in PR-AUC after permuting one raw input column on the temporal test split; not causal.
recovery_next_4obs,validated_secondary_production,gradient_boosting,total_assets_growth_4obs,total_assets_growth_4obs,total_assets_growth_4obs,firm_trend,firm_momentum_or_deterioration,5.2348620830811045e-06,9.260708641071887e-05,average_precision,test,2419,Drop in PR-AUC after permuting one raw input column on the temporal test split; not causal.
recovery_next_4obs,validated_secondary_production,gradient_boosting,RSAFS_yoy_pct,RSAFS_yoy_pct,RSAFS_yoy_pct,macro_conditions,real_activity_conditions,2.1555498431080624e-06,2.6399986153755434e-06,average_precision,test,2419,Drop in PR-AUC after permuting one raw input column on the temporal test split; not causal.
recovery_next_4obs,validated_secondary_production,gradient_boosting,HOUST_yoy_pct,HOUST_yoy_pct,HOUST_yoy_pct,macro_conditions,real_activity_conditions,1.933400796638729e-06,2.3753304114342275e-06,average_precision,test,2419,Drop in PR-AUC after permuting one raw input column on the temporal test split; not causal.
recovery_next_4obs,validated_secondary_production,gradient_boosting,GS10,GS10,GS10,macro_conditions,macro_price_policy_conditions,1.861023306526377e-06,1.958924551300219e-06,average_precision,test,2419,Drop in PR-AUC after permuting one raw input column on the temporal test split; not causal.
recovery_next_4obs,validated_secondary_production,gradient_boosting,DCOILWTICO_yoy_pct,DCOILWTICO_yoy_pct,DCOILWTICO_yoy_pct,macro_conditions,macro_price_policy_conditions,8.871293196710539e-07,1.2283329032845707e-06,average_precision,test,2419,Drop in PR-AUC after permuting one raw input column on the temporal test split; not causal.
recovery_next_4obs,validated_secondary_production,gradient_boosting,global_event_banking_stress_severity,global_event_banking_stress_severity,global_event_banking_stress_severity,global_event_context,global_event_exposure,0.0,0.0,average_precision,test,2419,Drop in PR-AUC after permuting one raw input column on the temporal test split; not causal.
recovery_next_4obs,validated_secondary_production,gradient_boosting,demand_slowdown_regime,demand_slowdown_regime,demand_slowdown_regime,accounting_fundamental,accounting_fundamentals,0.0,0.0,average_precision,test,2419,Drop in PR-AUC after permuting one raw input column on the temporal test split; not causal.
recovery_next_4obs,validated_secondary_production,gradient_boosting,global_event_severity_sum,global_event_severity_sum,global_event_severity_sum,global_event_context,global_event_exposure,0.0,0.0,average_precision,test,2419,Drop in PR-AUC after permuting one raw input column on the temporal test split; not causal.
recovery_next_4obs,validated_secondary_production,gradient_boosting,strong_dollar_regime,strong_dollar_regime,strong_dollar_regime,accounting_fundamental,accounting_fundamentals,0.0,0.0,average_precision,test,2419,Drop in PR-AUC after permuting one raw input column on the temporal test split; not causal.
recovery_next_4obs,validated_secondary_production,gradient_boosting,global_event_commodity_oil_count,global_event_commodity_oil_count,global_event_commodity_oil_count,global_event_context,global_event_exposure,0.0,0.0,average_precision,test,2419,Drop in PR-AUC after permuting one raw input column on the temporal test split; not causal.
recovery_next_4obs,validated_secondary_production,gradient_boosting,global_event_banking_stress_count,global_event_banking_stress_count,global_event_banking_stress_count,global_event_context,global_event_exposure,0.0,0.0,average_precision,test,2419,Drop in PR-AUC after permuting one raw input column on the temporal test split; not causal.
recovery_next_4obs,validated_secondary_production,gradient_boosting,global_event_commodity_oil_severity,global_event_commodity_oil_severity,global_event_commodity_oil_severity,global_event_context,global_event_exposure,0.0,0.0,average_precision,test,2419,Drop in PR-AUC after permuting one raw input column on the temporal test split; not causal.
recovery_next_4obs,validated_secondary_production,gradient_boosting,global_event_financial_crisis_count,global_event_financial_crisis_count,global_event_financial_crisis_count,global_event_context,global_event_exposure,0.0,0.0,average_precision,test,2419,Drop in PR-AUC after permuting one raw input column on the temporal test split; not causal.
recovery_next_4obs,validated_secondary_production,gradient_boosting,global_event_financial_crisis_severity,global_event_financial_crisis_severity,global_event_financial_crisis_severity,global_event_context,global_event_exposure,0.0,0.0,average_precision,test,2419,Drop in PR-AUC after permuting one raw input column on the temporal test split; not causal.
recovery_next_4obs,validated_secondary_production,gradient_boosting,credit_tightening_regime,credit_tightening_regime,credit_tightening_regime,accounting_fundamental,accounting_fundamentals,0.0,0.0,average_precision,test,2419,Drop in PR-AUC after permuting one raw input column on the temporal test split; not causal.
recovery_next_4obs,validated_secondary_production,gradient_boosting,global_event_count,global_event_count,global_event_count,global_event_context,global_event_exposure,0.0,0.0,average_precision,test,2419,Drop in PR-AUC after permuting one raw input column on the temporal test split; not causal.
recovery_next_4obs,validated_secondary_production,gradient_boosting,crisis_regime,crisis_regime,crisis_regime,accounting_fundamental,accounting_fundamentals,0.0,0.0,average_precision,test,2419,Drop in PR-AUC after permuting one raw input column on the temporal test split; not causal.
recovery_next_4obs,validated_secondary_production,gradient_boosting,global_event_pandemic_severity,global_event_pandemic_severity,global_event_pandemic_severity,global_event_context,global_event_exposure,0.0,0.0,average_precision,test,2419,Drop in PR-AUC after permuting one raw input column on the temporal test split; not causal.
recovery_next_4obs,validated_secondary_production,gradient_boosting,global_event_financial_market_count,global_event_financial_market_count,global_event_financial_market_count,global_event_context,global_event_exposure,0.0,0.0,average_precision,test,2419,Drop in PR-AUC after permuting one raw input column on the temporal test split; not causal.
recovery_next_4obs,validated_secondary_production,gradient_boosting,global_event_financial_market_severity,global_event_financial_market_severity,global_event_financial_market_severity,global_event_context,global_event_exposure,0.0,0.0,average_precision,test,2419,Drop in PR-AUC after permuting one raw input column on the temporal test split; not causal.
recovery_next_4obs,validated_secondary_production,gradient_boosting,prediction_quarter,prediction_quarter,prediction_quarter,accounting_fundamental,accounting_fundamentals,0.0,0.0,average_precision,test,2419,Drop in PR-AUC after permuting one raw input column on the temporal test split; not causal.
recovery_next_4obs,validated_secondary_production,gradient_boosting,global_event_trade_policy_severity,global_event_trade_policy_severity,global_event_trade_policy_severity,global_event_context,global_event_exposure,0.0,0.0,average_precision,test,2419,Drop in PR-AUC after permuting one raw input column on the temporal test split; not causal.
recovery_next_4obs,validated_secondary_production,gradient_boosting,global_event_trade_policy_count,global_event_trade_policy_count,global_event_trade_policy_count,global_event_context,global_event_exposure,0.0,0.0,average_precision,test,2419,Drop in PR-AUC after permuting one raw input column on the temporal test split; not causal.
recovery_next_4obs,validated_secondary_production,gradient_boosting,global_event_supply_chain_severity,global_event_supply_chain_severity,global_event_supply_chain_severity,global_event_context,global_event_exposure,0.0,0.0,average_precision,test,2419,Drop in PR-AUC after permuting one raw input column on the temporal test split; not causal.
recovery_next_4obs,validated_secondary_production,gradient_boosting,global_event_supply_chain_count,global_event_supply_chain_count,global_event_supply_chain_count,global_event_context,global_event_exposure,0.0,0.0,average_precision,test,2419,Drop in PR-AUC after permuting one raw input column on the temporal test split; not causal.
recovery_next_4obs,validated_secondary_production,gradient_boosting,global_event_sovereign_debt_severity,global_event_sovereign_debt_severity,global_event_sovereign_debt_severity,global_event_context,global_event_exposure,0.0,0.0,average_precision,test,2419,Drop in PR-AUC after permuting one raw input column on the temporal test split; not causal.
recovery_next_4obs,validated_secondary_production,gradient_boosting,global_event_sovereign_debt_count,global_event_sovereign_debt_count,global_event_sovereign_debt_count,global_event_context,global_event_exposure,0.0,0.0,average_precision,test,2419,Drop in PR-AUC after permuting one raw input column on the temporal test split; not causal.
recovery_next_4obs,validated_secondary_production,gradient_boosting,global_event_political_policy_severity,global_event_political_policy_severity,global_event_political_policy_severity,global_event_context,global_event_exposure,0.0,0.0,average_precision,test,2419,Drop in PR-AUC after permuting one raw input column on the temporal test split; not causal.
recovery_next_4obs,validated_secondary_production,gradient_boosting,global_event_political_policy_count,global_event_political_policy_count,global_event_political_policy_count,global_event_context,global_event_exposure,0.0,0.0,average_precision,test,2419,Drop in PR-AUC after permuting one raw input column on the temporal test split; not causal.
recovery_next_4obs,validated_secondary_production,gradient_boosting,inflation_pressure_regime,inflation_pressure_regime,inflation_pressure_regime,accounting_fundamental,accounting_fundamentals,0.0,0.0,average_precision,test,2419,Drop in PR-AUC after permuting one raw input column on the temporal test split; not causal.
recovery_next_4obs,validated_secondary_production,gradient_boosting,global_event_pandemic_count,global_event_pandemic_count,global_event_pandemic_count,global_event_context,global_event_exposure,0.0,0.0,average_precision,test,2419,Drop in PR-AUC after permuting one raw input column on the temporal test split; not causal.
recovery_next_4obs,validated_secondary_production,gradient_boosting,global_event_natural_disaster_severity,global_event_natural_disaster_severity,global_event_natural_disaster_severity,global_event_context,global_event_exposure,0.0,0.0,average_precision,test,2419,Drop in PR-AUC after permuting one raw input column on the temporal test split; not causal.
recovery_next_4obs,validated_secondary_production,gradient_boosting,global_event_natural_disaster_count,global_event_natural_disaster_count,global_event_natural_disaster_count,global_event_context,global_event_exposure,0.0,0.0,average_precision,test,2419,Drop in PR-AUC after permuting one raw input column on the temporal test split; not causal.
recovery_next_4obs,validated_secondary_production,gradient_boosting,global_event_monetary_inflation_severity,global_event_monetary_inflation_severity,global_event_monetary_inflation_severity,global_event_context,global_event_exposure,0.0,0.0,average_precision,test,2419,Drop in PR-AUC after permuting one raw input column on the temporal test split; not causal.
recovery_next_4obs,validated_secondary_production,gradient_boosting,global_event_monetary_inflation_count,global_event_monetary_inflation_count,global_event_monetary_inflation_count,global_event_context,global_event_exposure,0.0,0.0,average_precision,test,2419,Drop in PR-AUC after permuting one raw input column on the temporal test split; not causal.
recovery_next_4obs,validated_secondary_production,gradient_boosting,global_event_geopolitical_war_severity,global_event_geopolitical_war_severity,global_event_geopolitical_war_severity,global_event_context,global_event_exposure,0.0,0.0,average_precision,test,2419,Drop in PR-AUC after permuting one raw input column on the temporal test split; not causal.
recovery_next_4obs,validated_secondary_production,gradient_boosting,global_event_geopolitical_war_count,global_event_geopolitical_war_count,global_event_geopolitical_war_count,global_event_context,global_event_exposure,0.0,0.0,average_precision,test,2419,Drop in PR-AUC after permuting one raw input column on the temporal test split; not causal.
recovery_next_4obs,validated_secondary_production,gradient_boosting,oil_shock_regime,oil_shock_regime,oil_shock_regime,accounting_fundamental,accounting_fundamentals,0.0,0.0,average_precision,test,2419,Drop in PR-AUC after permuting one raw input column on the temporal test split; not causal.
recovery_next_4obs,validated_secondary_production,gradient_boosting,total_assets,total_assets,total_assets,accounting_fundamental,asset_base_liquidity_and_investment,0.0,0.0,average_precision,test,2419,Drop in PR-AUC after permuting one raw input column on the temporal test split; not causal.
recovery_next_4obs,validated_secondary_production,gradient_boosting,yield_curve_inversion_regime,yield_curve_inversion_regime,yield_curve_inversion_regime,accounting_fundamental,accounting_fundamentals,0.0,0.0,average_precision,test,2419,Drop in PR-AUC after permuting one raw input column on the temporal test split; not causal.
recovery_next_4obs,validated_secondary_production,gradient_boosting,USEPUINDXD,USEPUINDXD,USEPUINDXD,macro_conditions,macro_price_policy_conditions,0.0,0.0,average_precision,test,2419,Drop in PR-AUC after permuting one raw input column on the temporal test split; not causal.
recovery_next_4obs,validated_secondary_production,gradient_boosting,capex,capex,capex,accounting_fundamental,asset_base_liquidity_and_investment,0.0,0.0,average_precision,test,2419,Drop in PR-AUC after permuting one raw input column on the temporal test split; not causal.
recovery_next_4obs,validated_secondary_production,gradient_boosting,stress_elevated_v2,stress_elevated_v2,stress_elevated_v2,market_health_v2,market_stress_regime,0.0,0.0,average_precision,test,2419,Drop in PR-AUC after permuting one raw input column on the temporal test split; not causal.
recovery_next_4obs,validated_secondary_production,gradient_boosting,policy_uncertainty_score,policy_uncertainty_score,policy_uncertainty_score,market_health_v2,market_stress_regime,0.0,0.0,average_precision,test,2419,Drop in PR-AUC after permuting one raw input column on the temporal test split; not causal.
recovery_next_4obs,validated_secondary_production,gradient_boosting,real_activity_pressure_score,real_activity_pressure_score,real_activity_pressure_score,market_health_v2,market_stress_regime,0.0,0.0,average_precision,test,2419,Drop in PR-AUC after permuting one raw input column on the temporal test split; not causal.
recovery_next_4obs,validated_secondary_production,gradient_boosting,credit_stress_score,credit_stress_score,credit_stress_score,market_health_v2,market_stress_regime,0.0,0.0,average_precision,test,2419,Drop in PR-AUC after permuting one raw input column on the temporal test split; not causal.
recovery_next_4obs,validated_secondary_production,gradient_boosting,net_margin_lag1,net_margin_lag1,net_margin_lag1,firm_trend,firm_momentum_or_deterioration,0.0,0.0,average_precision,test,2419,Drop in PR-AUC after permuting one raw input column on the temporal test split; not causal.
recovery_next_4obs,validated_secondary_production,gradient_boosting,market_health_score_v2,market_health_score_v2,market_health_score_v2,market_health_v2,market_stress_regime,0.0,0.0,average_precision,test,2419,Drop in PR-AUC after permuting one raw input column on the temporal test split; not causal.
recovery_next_4obs,validated_secondary_production,gradient_boosting,market_stress_score_v2,market_stress_score_v2,market_stress_score_v2,market_health_v2,market_stress_regime,0.0,0.0,average_precision,test,2419,Drop in PR-AUC after permuting one raw input column on the temporal test split; not causal.
recovery_next_4obs,validated_secondary_production,gradient_boosting,GDPC1,GDPC1,GDPC1,macro_conditions,real_activity_conditions,0.0,0.0,average_precision,test,2419,Drop in PR-AUC after permuting one raw input column on the temporal test split; not causal.
recovery_next_4obs,validated_secondary_production,gradient_boosting,INDPRO_yoy_pct,INDPRO_yoy_pct,INDPRO_yoy_pct,macro_conditions,real_activity_conditions,0.0,0.0,average_precision,test,2419,Drop in PR-AUC after permuting one raw input column on the temporal test split; not causal.
recovery_next_4obs,validated_secondary_production,gradient_boosting,M2SL,M2SL,M2SL,macro_conditions,macro_price_policy_conditions,0.0,0.0,average_precision,test,2419,Drop in PR-AUC after permuting one raw input column on the temporal test split; not causal.
recovery_next_4obs,validated_secondary_production,gradient_boosting,credit_spread_stress_regime,credit_spread_stress_regime,credit_spread_stress_regime,accounting_fundamental,accounting_fundamentals,0.0,0.0,average_precision,test,2419,Drop in PR-AUC after permuting one raw input column on the temporal test split; not causal.
recovery_next_4obs,validated_secondary_production,gradient_boosting,UNRATE,UNRATE,UNRATE,macro_conditions,real_activity_conditions,0.0,0.0,average_precision,test,2419,Drop in PR-AUC after permuting one raw input column on the temporal test split; not causal.
recovery_next_4obs,validated_secondary_production,gradient_boosting,NFCI,NFCI,NFCI,macro_conditions,credit_and_financial_conditions,0.0,0.0,average_precision,test,2419,Drop in PR-AUC after permuting one raw input column on the temporal test split; not causal.
recovery_next_4obs,validated_secondary_production,gradient_boosting,VIXCLS,VIXCLS,VIXCLS,macro_conditions,macro_price_policy_conditions,0.0,0.0,average_precision,test,2419,Drop in PR-AUC after permuting one raw input column on the temporal test split; not causal.
recovery_next_4obs,validated_secondary_production,gradient_boosting,RSAFS,RSAFS,RSAFS,macro_conditions,real_activity_conditions,0.0,0.0,average_precision,test,2419,Drop in PR-AUC after permuting one raw input column on the temporal test split; not causal.
recovery_next_4obs,validated_secondary_production,gradient_boosting,tight_financial_conditions,tight_financial_conditions,tight_financial_conditions,accounting_fundamental,accounting_fundamentals,0.0,0.0,average_precision,test,2419,Drop in PR-AUC after permuting one raw input column on the temporal test split; not causal.
recovery_next_4obs,validated_secondary_production,gradient_boosting,market_stress_regime,market_stress_regime,market_stress_regime,accounting_fundamental,accounting_fundamentals,0.0,0.0,average_precision,test,2419,Drop in PR-AUC after permuting one raw input column on the temporal test split; not causal.
recovery_next_4obs,validated_secondary_production,gradient_boosting,high_rate_regime,high_rate_regime,high_rate_regime,accounting_fundamental,accounting_fundamentals,0.0,0.0,average_precision,test,2419,Drop in PR-AUC after permuting one raw input column on the temporal test split; not causal.
recovery_next_4obs,validated_secondary_production,gradient_boosting,BUSLOANS,BUSLOANS,BUSLOANS,macro_conditions,credit_and_financial_conditions,0.0,0.0,average_precision,test,2419,Drop in PR-AUC after permuting one raw input column on the temporal test split; not causal.
recovery_next_4obs,validated_secondary_production,gradient_boosting,DCOILWTICO,DCOILWTICO,DCOILWTICO,macro_conditions,macro_price_policy_conditions,0.0,0.0,average_precision,test,2419,Drop in PR-AUC after permuting one raw input column on the temporal test split; not causal.
recovery_next_4obs,validated_secondary_production,gradient_boosting,T10Y2Y,T10Y2Y,T10Y2Y,macro_conditions,credit_and_financial_conditions,0.0,0.0,average_precision,test,2419,Drop in PR-AUC after permuting one raw input column on the temporal test split; not causal.
recovery_next_4obs,validated_secondary_production,gradient_boosting,PAYEMS,PAYEMS,PAYEMS,macro_conditions,real_activity_conditions,0.0,0.0,average_precision,test,2419,Drop in PR-AUC after permuting one raw input column on the temporal test split; not causal.
recovery_next_4obs,validated_secondary_production,gradient_boosting,PPIACO,PPIACO,PPIACO,macro_conditions,macro_price_policy_conditions,0.0,0.0,average_precision,test,2419,Drop in PR-AUC after permuting one raw input column on the temporal test split; not causal.
recovery_next_4obs,validated_secondary_production,gradient_boosting,CPIAUCSL,CPIAUCSL,CPIAUCSL,macro_conditions,macro_price_policy_conditions,0.0,0.0,average_precision,test,2419,Drop in PR-AUC after permuting one raw input column on the temporal test split; not causal.
recovery_next_4obs,validated_secondary_production,gradient_boosting,total_revenue,total_revenue,total_revenue,accounting_fundamental,earnings_and_scale,-2.0868875951318698e-06,2.9232122168670404e-06,average_precision,test,2419,Drop in PR-AUC after permuting one raw input column on the temporal test split; not causal.
recovery_next_4obs,validated_secondary_production,gradient_boosting,DRTSCILM,DRTSCILM,DRTSCILM,macro_conditions,credit_and_financial_conditions,-4.866996026020587e-06,4.42463724557893e-06,average_precision,test,2419,Drop in PR-AUC after permuting one raw input column on the temporal test split; not causal.
recovery_next_4obs,validated_secondary_production,gradient_boosting,cash_assets_change_4obs,cash_assets_change_4obs,cash_assets_change_4obs,firm_trend,firm_momentum_or_deterioration,-5.067925987178868e-06,6.215457368406959e-06,average_precision,test,2419,Drop in PR-AUC after permuting one raw input column on the temporal test split; not causal.
recovery_next_4obs,validated_secondary_production,gradient_boosting,M2SL_yoy_pct,M2SL_yoy_pct,M2SL_yoy_pct,macro_conditions,macro_price_policy_conditions,-5.684635190306153e-06,1.6759374730607638e-05,average_precision,test,2419,Drop in PR-AUC after permuting one raw input column on the temporal test split; not causal.
recovery_next_4obs,validated_secondary_production,gradient_boosting,DTWEXBGS_yoy_pct,DTWEXBGS_yoy_pct,DTWEXBGS_yoy_pct,macro_conditions,macro_price_policy_conditions,-8.01937574859135e-06,0.00025107789713229716,average_precision,test,2419,Drop in PR-AUC after permuting one raw input column on the temporal test split; not causal.
recovery_next_4obs,validated_secondary_production,gradient_boosting,HOUST,HOUST,HOUST,macro_conditions,real_activity_conditions,-8.234496369374788e-06,8.713437819636281e-06,average_precision,test,2419,Drop in PR-AUC after permuting one raw input column on the temporal test split; not causal.
recovery_next_4obs,validated_secondary_production,gradient_boosting,cash_equivalents_growth_4obs,cash_equivalents_growth_4obs,cash_equivalents_growth_4obs,firm_trend,firm_momentum_or_deterioration,-8.425572281867133e-06,2.72576652804446e-06,average_precision,test,2419,Drop in PR-AUC after permuting one raw input column on the temporal test split; not causal.
recovery_next_4obs,validated_secondary_production,gradient_boosting,CPIAUCSL_yoy_pct,CPIAUCSL_yoy_pct,CPIAUCSL_yoy_pct,macro_conditions,macro_price_policy_conditions,-1.0313120844962498e-05,2.3564613841933314e-06,average_precision,test,2419,Drop in PR-AUC after permuting one raw input column on the temporal test split; not causal.
recovery_next_4obs,validated_secondary_production,gradient_boosting,cash_assets,cash_assets,cash_assets,financial_ratio,balance_sheet_leverage_liquidity,-1.2128214439344198e-05,1.8224354627824607e-05,average_precision,test,2419,Drop in PR-AUC after permuting one raw input column on the temporal test split; not causal.
recovery_next_4obs,validated_secondary_production,gradient_boosting,r_and_d_intensity,r_and_d_intensity,r_and_d_intensity,financial_ratio,profitability_and_efficiency,-1.2666041088160718e-05,4.715262394357157e-05,average_precision,test,2419,Drop in PR-AUC after permuting one raw input column on the temporal test split; not causal.
recovery_next_4obs,validated_secondary_production,gradient_boosting,BAMLH0A0HYM2,BAMLH0A0HYM2,BAMLH0A0HYM2,macro_conditions,credit_and_financial_conditions,-1.583791324135664e-05,5.8294540303989535e-06,average_precision,test,2419,Drop in PR-AUC after permuting one raw input column on the temporal test split; not causal.
recovery_next_4obs,validated_secondary_production,gradient_boosting,FEDFUNDS,FEDFUNDS,FEDFUNDS,macro_conditions,macro_price_policy_conditions,-2.0357847380347848e-05,1.2524948894394482e-05,average_precision,test,2419,Drop in PR-AUC after permuting one raw input column on the temporal test split; not causal.
recovery_next_4obs,validated_secondary_production,gradient_boosting,net_margin_change_4obs,net_margin_change_4obs,net_margin_change_4obs,firm_trend,firm_momentum_or_deterioration,-2.7423125361281107e-05,1.660777780008131e-05,average_precision,test,2419,Drop in PR-AUC after permuting one raw input column on the temporal test split; not causal.
recovery_next_4obs,validated_secondary_production,gradient_boosting,Sector,Sector,Sector,industry_sector,sector_positioning,-2.9179553659286484e-05,0.00012991796082523612,average_precision,test,2419,Drop in PR-AUC after permuting one raw input column on the temporal test split; not causal.
recovery_next_4obs,validated_secondary_production,gradient_boosting,gross_margin_change_4obs,gross_margin_change_4obs,gross_margin_change_4obs,firm_trend,firm_momentum_or_deterioration,-3.229949206087213e-05,5.525462363438982e-05,average_precision,test,2419,Drop in PR-AUC after permuting one raw input column on the temporal test split; not causal.
recovery_next_4obs,validated_secondary_production,gradient_boosting,current_ratio_change_4obs,current_ratio_change_4obs,current_ratio_change_4obs,firm_trend,firm_momentum_or_deterioration,-4.2191952994197204e-05,6.959121785590459e-05,average_precision,test,2419,Drop in PR-AUC after permuting one raw input column on the temporal test split; not causal.
recovery_next_4obs,validated_secondary_production,gradient_boosting,current_assets_growth_4obs,current_assets_growth_4obs,current_assets_growth_4obs,firm_trend,firm_momentum_or_deterioration,-4.7610294391997596e-05,8.461004020623917e-05,average_precision,test,2419,Drop in PR-AUC after permuting one raw input column on the temporal test split; not causal.
recovery_next_4obs,validated_secondary_production,gradient_boosting,T10Y3M,T10Y3M,T10Y3M,macro_conditions,credit_and_financial_conditions,-5.0889884622851155e-05,4.261469872534075e-05,average_precision,test,2419,Drop in PR-AUC after permuting one raw input column on the temporal test split; not causal.
recovery_next_4obs,validated_secondary_production,gradient_boosting,cash_assets_lag1,cash_assets_lag1,cash_assets_lag1,firm_trend,firm_momentum_or_deterioration,-7.020709600793484e-05,0.00011578591462756594,average_precision,test,2419,Drop in PR-AUC after permuting one raw input column on the temporal test split; not causal.
recovery_next_4obs,validated_secondary_production,gradient_boosting,receivables_assets,receivables_assets,receivables_assets,financial_ratio,profitability_and_efficiency,-9.682088904214848e-05,7.277821471600787e-05,average_precision,test,2419,Drop in PR-AUC after permuting one raw input column on the temporal test split; not causal.
quality_success_cashflow_next_4obs,validated_secondary_production,random_forest,leverage_assets,leverage_assets,leverage_assets,financial_ratio,balance_sheet_leverage_liquidity,0.011978125493027148,0.002229883998385965,average_precision,test,3998,Drop in PR-AUC after permuting one raw input column on the temporal test split; not causal.
quality_success_cashflow_next_4obs,validated_secondary_production,random_forest,equity_assets,equity_assets,equity_assets,financial_ratio,balance_sheet_leverage_liquidity,0.008727414875811367,0.001784876430363969,average_precision,test,3998,Drop in PR-AUC after permuting one raw input column on the temporal test split; not causal.
quality_success_cashflow_next_4obs,validated_secondary_production,random_forest,leverage_assets_lag1,leverage_assets_lag1,leverage_assets_lag1,firm_trend,firm_momentum_or_deterioration,0.004894545933421557,0.0019890243321133,average_precision,test,3998,Drop in PR-AUC after permuting one raw input column on the temporal test split; not causal.
quality_success_cashflow_next_4obs,validated_secondary_production,random_forest,total_equity,total_equity,total_equity,accounting_fundamental,asset_base_liquidity_and_investment,0.0020227234576362108,0.0012037565709321013,average_precision,test,3998,Drop in PR-AUC after permuting one raw input column on the temporal test split; not causal.
quality_success_cashflow_next_4obs,validated_secondary_production,random_forest,cash_equivalents,cash_equivalents,cash_equivalents,accounting_fundamental,asset_base_liquidity_and_investment,0.0018139868782091062,0.0005690021733439624,average_precision,test,3998,Drop in PR-AUC after permuting one raw input column on the temporal test split; not causal.
quality_success_cashflow_next_4obs,validated_secondary_production,random_forest,net_income_negative_count_prior_4obs,net_income_negative_count_prior_4obs,net_income_negative_count_prior_4obs,accounting_fundamental,accounting_fundamentals,0.001753993700203349,0.0012217917200513988,average_precision,test,3998,Drop in PR-AUC after permuting one raw input column on the temporal test split; not causal.
quality_success_cashflow_next_4obs,validated_secondary_production,random_forest,cash_assets_lag1,cash_assets_lag1,cash_assets_lag1,firm_trend,firm_momentum_or_deterioration,0.001339810202909808,0.000432255813325646,average_precision,test,3998,Drop in PR-AUC after permuting one raw input column on the temporal test split; not causal.
quality_success_cashflow_next_4obs,validated_secondary_production,random_forest,cfo_assets,cfo_assets,cfo_assets,financial_quality_cashflow,cash_flow_quality,0.0012827235433650274,0.0012397184272989483,average_precision,test,3998,Drop in PR-AUC after permuting one raw input column on the temporal test split; not causal.
quality_success_cashflow_next_4obs,validated_secondary_production,random_forest,operating_margin,operating_margin,operating_margin,financial_ratio,profitability_and_efficiency,0.0012618932780338542,0.0013116916658157554,average_precision,test,3998,Drop in PR-AUC after permuting one raw input column on the temporal test split; not causal.
quality_success_cashflow_next_4obs,validated_secondary_production,random_forest,cash_assets,cash_assets,cash_assets,financial_ratio,balance_sheet_leverage_liquidity,0.0012528708301992708,0.0004982416862943721,average_precision,test,3998,Drop in PR-AUC after permuting one raw input column on the temporal test split; not causal.
quality_success_cashflow_next_4obs,validated_secondary_production,random_forest,roa_lag1,roa_lag1,roa_lag1,firm_trend,firm_momentum_or_deterioration,0.0010907073731362127,0.001050353308926833,average_precision,test,3998,Drop in PR-AUC after permuting one raw input column on the temporal test split; not causal.
quality_success_cashflow_next_4obs,validated_secondary_production,random_forest,operating_margin_change_4obs,operating_margin_change_4obs,operating_margin_change_4obs,firm_trend,firm_momentum_or_deterioration,0.0008294254660562661,0.0005910557010203977,average_precision,test,3998,Drop in PR-AUC after permuting one raw input column on the temporal test split; not causal.
quality_success_cashflow_next_4obs,validated_secondary_production,random_forest,total_liabilities_growth_4obs,total_liabilities_growth_4obs,total_liabilities_growth_4obs,firm_trend,firm_momentum_or_deterioration,0.0008142896118485066,0.00021002841326263593,average_precision,test,3998,Drop in PR-AUC after permuting one raw input column on the temporal test split; not causal.
quality_success_cashflow_next_4obs,validated_secondary_production,random_forest,capex_intensity_assets,capex_intensity_assets,capex_intensity_assets,financial_quality_cashflow,cash_flow_quality,0.0007772990364104393,0.00019645774990916277,average_precision,test,3998,Drop in PR-AUC after permuting one raw input column on the temporal test split; not causal.
quality_success_cashflow_next_4obs,validated_secondary_production,random_forest,Sector,Sector,Sector,industry_sector,sector_positioning,0.0007406834290652586,0.0002731280804495273,average_precision,test,3998,Drop in PR-AUC after permuting one raw input column on the temporal test split; not causal.
quality_success_cashflow_next_4obs,validated_secondary_production,random_forest,debt_to_cfo,debt_to_cfo,debt_to_cfo,financial_quality_cashflow,cash_flow_quality,0.0006787532778194771,0.0005068626526741511,average_precision,test,3998,Drop in PR-AUC after permuting one raw input column on the temporal test split; not causal.
quality_success_cashflow_next_4obs,validated_secondary_production,random_forest,operating_margin_lag1,operating_margin_lag1,operating_margin_lag1,firm_trend,firm_momentum_or_deterioration,0.0006427767633695236,0.0009237196853062402,average_precision,test,3998,Drop in PR-AUC after permuting one raw input column on the temporal test split; not causal.
quality_success_cashflow_next_4obs,validated_secondary_production,random_forest,total_revenue_growth_4obs,total_revenue_growth_4obs,total_revenue_growth_4obs,firm_trend,firm_momentum_or_deterioration,0.0006168230220143567,0.00010063774518598996,average_precision,test,3998,Drop in PR-AUC after permuting one raw input column on the temporal test split; not causal.
quality_success_cashflow_next_4obs,validated_secondary_production,random_forest,total_assets_growth_4obs,total_assets_growth_4obs,total_assets_growth_4obs,firm_trend,firm_momentum_or_deterioration,0.0005695045368024232,0.00022981903095359754,average_precision,test,3998,Drop in PR-AUC after permuting one raw input column on the temporal test split; not causal.
quality_success_cashflow_next_4obs,validated_secondary_production,random_forest,leverage_assets_change_4obs,leverage_assets_change_4obs,leverage_assets_change_4obs,firm_trend,firm_momentum_or_deterioration,0.0005284442051640026,0.00032047555125789087,average_precision,test,3998,Drop in PR-AUC after permuting one raw input column on the temporal test split; not causal.
quality_success_cashflow_next_4obs,validated_secondary_production,random_forest,total_liabilities,total_liabilities,total_liabilities,accounting_fundamental,balance_sheet_obligations,0.0004990303838278365,0.0005184455850991512,average_precision,test,3998,Drop in PR-AUC after permuting one raw input column on the temporal test split; not causal.
quality_success_cashflow_next_4obs,validated_secondary_production,random_forest,net_margin_change_4obs,net_margin_change_4obs,net_margin_change_4obs,firm_trend,firm_momentum_or_deterioration,0.00036608515003659913,0.00032041468019534047,average_precision,test,3998,Drop in PR-AUC after permuting one raw input column on the temporal test split; not causal.
quality_success_cashflow_next_4obs,validated_secondary_production,random_forest,PAYEMS_yoy_pct,PAYEMS_yoy_pct,PAYEMS_yoy_pct,macro_conditions,real_activity_conditions,0.0003410680180826464,0.00041288674460032617,average_precision,test,3998,Drop in PR-AUC after permuting one raw input column on the temporal test split; not causal.
quality_success_cashflow_next_4obs,validated_secondary_production,random_forest,net_margin_lag1,net_margin_lag1,net_margin_lag1,firm_trend,firm_momentum_or_deterioration,0.0003394860806427591,0.000949259913072391,average_precision,test,3998,Drop in PR-AUC after permuting one raw input column on the temporal test split; not causal.
quality_success_cashflow_next_4obs,validated_secondary_production,random_forest,USEPUINDXD,USEPUINDXD,USEPUINDXD,macro_conditions,macro_price_policy_conditions,0.0003387294847808642,0.00016582963152401932,average_precision,test,3998,Drop in PR-AUC after permuting one raw input column on the temporal test split; not causal.
quality_success_cashflow_next_4obs,validated_secondary_production,random_forest,total_revenue,total_revenue,total_revenue,accounting_fundamental,earnings_and_scale,0.00031207065279144076,0.0008624267776844285,average_precision,test,3998,Drop in PR-AUC after permuting one raw input column on the temporal test split; not causal.
quality_success_cashflow_next_4obs,validated_secondary_production,random_forest,roa,roa,roa,financial_ratio,profitability_and_efficiency,0.0003079941671202402,0.0023783716830133523,average_precision,test,3998,Drop in PR-AUC after permuting one raw input column on the temporal test split; not causal.
quality_success_cashflow_next_4obs,validated_secondary_production,random_forest,current_ratio,current_ratio,current_ratio,financial_ratio,balance_sheet_leverage_liquidity,0.00026243925130824407,0.00022668710783296995,average_precision,test,3998,Drop in PR-AUC after permuting one raw input column on the temporal test split; not causal.
quality_success_cashflow_next_4obs,validated_secondary_production,random_forest,market_health_score_v2,market_health_score_v2,market_health_score_v2,market_health_v2,market_stress_regime,0.0002514997684300857,0.00012490544556853581,average_precision,test,3998,Drop in PR-AUC after permuting one raw input column on the temporal test split; not causal.
quality_success_cashflow_next_4obs,validated_secondary_production,random_forest,r_and_d_intensity,r_and_d_intensity,r_and_d_intensity,financial_ratio,profitability_and_efficiency,0.00024706020602252023,0.00024312293278956948,average_precision,test,3998,Drop in PR-AUC after permuting one raw input column on the temporal test split; not causal.
quality_success_cashflow_next_4obs,validated_secondary_production,random_forest,capex,capex,capex,accounting_fundamental,asset_base_liquidity_and_investment,0.00023287959452493733,0.00042005690239171195,average_precision,test,3998,Drop in PR-AUC after permuting one raw input column on the temporal test split; not causal.
quality_success_cashflow_next_4obs,validated_secondary_production,random_forest,receivables_assets,receivables_assets,receivables_assets,financial_ratio,profitability_and_efficiency,0.00022259430014865967,0.000492052709979211,average_precision,test,3998,Drop in PR-AUC after permuting one raw input column on the temporal test split; not causal.
quality_success_cashflow_next_4obs,validated_secondary_production,random_forest,cash_flow_operating,cash_flow_operating,cash_flow_operating,accounting_fundamental,asset_base_liquidity_and_investment,0.00020041870105902415,0.0007119558531180529,average_precision,test,3998,Drop in PR-AUC after permuting one raw input column on the temporal test split; not causal.
quality_success_cashflow_next_4obs,validated_secondary_production,random_forest,strong_dollar_regime,strong_dollar_regime,strong_dollar_regime,accounting_fundamental,accounting_fundamentals,0.00017842521763375974,0.00011650177089493883,average_precision,test,3998,Drop in PR-AUC after permuting one raw input column on the temporal test split; not causal.
quality_success_cashflow_next_4obs,validated_secondary_production,random_forest,cash_to_current_liabilities,cash_to_current_liabilities,cash_to_current_liabilities,financial_quality_cashflow,cash_flow_quality,0.00016616852397066673,0.000114507241370063,average_precision,test,3998,Drop in PR-AUC after permuting one raw input column on the temporal test split; not causal.
quality_success_cashflow_next_4obs,validated_secondary_production,random_forest,current_ratio_change_4obs,current_ratio_change_4obs,current_ratio_change_4obs,firm_trend,firm_momentum_or_deterioration,0.00013735291638314884,7.562639967722798e-05,average_precision,test,3998,Drop in PR-AUC after permuting one raw input column on the temporal test split; not causal.
quality_success_cashflow_next_4obs,validated_secondary_production,random_forest,UNRATE,UNRATE,UNRATE,macro_conditions,real_activity_conditions,0.00013182487636325123,2.6657271069225594e-05,average_precision,test,3998,Drop in PR-AUC after permuting one raw input column on the temporal test split; not causal.
quality_success_cashflow_next_4obs,validated_secondary_production,random_forest,M2SL_yoy_pct,M2SL_yoy_pct,M2SL_yoy_pct,macro_conditions,macro_price_policy_conditions,0.00011754582153640225,0.00020398905512926884,average_precision,test,3998,Drop in PR-AUC after permuting one raw input column on the temporal test split; not causal.
quality_success_cashflow_next_4obs,validated_secondary_production,random_forest,RSAFS_yoy_pct,RSAFS_yoy_pct,RSAFS_yoy_pct,macro_conditions,real_activity_conditions,0.00010452291617581987,0.00012195216872868439,average_precision,test,3998,Drop in PR-AUC after permuting one raw input column on the temporal test split; not causal.
quality_success_cashflow_next_4obs,validated_secondary_production,random_forest,capex_intensity_revenue,capex_intensity_revenue,capex_intensity_revenue,financial_quality_cashflow,cash_flow_quality,0.00010387287184838722,0.0004372625318603899,average_precision,test,3998,Drop in PR-AUC after permuting one raw input column on the temporal test split; not causal.
quality_success_cashflow_next_4obs,validated_secondary_production,random_forest,CPIAUCSL_yoy_pct,CPIAUCSL_yoy_pct,CPIAUCSL_yoy_pct,macro_conditions,macro_price_policy_conditions,0.00010101540100360129,5.525871150872009e-05,average_precision,test,3998,Drop in PR-AUC after permuting one raw input column on the temporal test split; not causal.
quality_success_cashflow_next_4obs,validated_secondary_production,random_forest,roa_change_4obs,roa_change_4obs,roa_change_4obs,firm_trend,firm_momentum_or_deterioration,8.966026124828108e-05,0.00036417958544502396,average_precision,test,3998,Drop in PR-AUC after permuting one raw input column on the temporal test split; not causal.
quality_success_cashflow_next_4obs,validated_secondary_production,random_forest,T10Y2Y,T10Y2Y,T10Y2Y,macro_conditions,credit_and_financial_conditions,8.75185554781277e-05,0.00015042039004722037,average_precision,test,3998,Drop in PR-AUC after permuting one raw input column on the temporal test split; not causal.
quality_success_cashflow_next_4obs,validated_secondary_production,random_forest,gross_margin_change_4obs,gross_margin_change_4obs,gross_margin_change_4obs,firm_trend,firm_momentum_or_deterioration,7.417719117130961e-05,0.00013978018922214915,average_precision,test,3998,Drop in PR-AUC after permuting one raw input column on the temporal test split; not causal.
quality_success_cashflow_next_4obs,validated_secondary_production,random_forest,global_event_severity_sum,global_event_severity_sum,global_event_severity_sum,global_event_context,global_event_exposure,7.219304391339331e-05,9.236219122462199e-05,average_precision,test,3998,Drop in PR-AUC after permuting one raw input column on the temporal test split; not causal.
quality_success_cashflow_next_4obs,validated_secondary_production,random_forest,VIXCLS,VIXCLS,VIXCLS,macro_conditions,macro_price_policy_conditions,7.055708987209197e-05,0.00010712337753941137,average_precision,test,3998,Drop in PR-AUC after permuting one raw input column on the temporal test split; not causal.
quality_success_cashflow_next_4obs,validated_secondary_production,random_forest,DTWEXBGS_yoy_pct,DTWEXBGS_yoy_pct,DTWEXBGS_yoy_pct,macro_conditions,macro_price_policy_conditions,6.71754061742913e-05,0.00012264763372733047,average_precision,test,3998,Drop in PR-AUC after permuting one raw input column on the temporal test split; not causal.
quality_success_cashflow_next_4obs,validated_secondary_production,random_forest,INDPRO_yoy_pct,INDPRO_yoy_pct,INDPRO_yoy_pct,macro_conditions,real_activity_conditions,6.612097007336892e-05,2.178260242250832e-05,average_precision,test,3998,Drop in PR-AUC after permuting one raw input column on the temporal test split; not causal.
quality_success_cashflow_next_4obs,validated_secondary_production,random_forest,accruals_assets,accruals_assets,accruals_assets,financial_quality_cashflow,cash_flow_quality,5.42533674372514e-05,0.00017882932859979733,average_precision,test,3998,Drop in PR-AUC after permuting one raw input column on the temporal test split; not causal.
quality_success_cashflow_next_4obs,validated_secondary_production,random_forest,PPIACO_yoy_pct,PPIACO_yoy_pct,PPIACO_yoy_pct,macro_conditions,macro_price_policy_conditions,5.404508345903114e-05,0.00020719512101545254,average_precision,test,3998,Drop in PR-AUC after permuting one raw input column on the temporal test split; not causal.
quality_success_cashflow_next_4obs,validated_secondary_production,random_forest,market_stress_score_v2,market_stress_score_v2,market_stress_score_v2,market_health_v2,market_stress_regime,4.852186500894362e-05,7.001126272457284e-05,average_precision,test,3998,Drop in PR-AUC after permuting one raw input column on the temporal test split; not causal.
quality_success_cashflow_next_4obs,validated_secondary_production,random_forest,NFCI,NFCI,NFCI,macro_conditions,credit_and_financial_conditions,3.862071385143384e-05,8.498790780049957e-05,average_precision,test,3998,Drop in PR-AUC after permuting one raw input column on the temporal test split; not causal.
quality_success_cashflow_next_4obs,validated_secondary_production,random_forest,DCOILWTICO,DCOILWTICO,DCOILWTICO,macro_conditions,macro_price_policy_conditions,3.5071772950323596e-05,0.0001396625155607817,average_precision,test,3998,Drop in PR-AUC after permuting one raw input column on the temporal test split; not causal.
quality_success_cashflow_next_4obs,validated_secondary_production,random_forest,HOUST_yoy_pct,HOUST_yoy_pct,HOUST_yoy_pct,macro_conditions,real_activity_conditions,3.391417877731673e-05,0.00011127889061567019,average_precision,test,3998,Drop in PR-AUC after permuting one raw input column on the temporal test split; not causal.
quality_success_cashflow_next_4obs,validated_secondary_production,random_forest,GS10,GS10,GS10,macro_conditions,macro_price_policy_conditions,2.9990431016679862e-05,5.585281125772808e-05,average_precision,test,3998,Drop in PR-AUC after permuting one raw input column on the temporal test split; not causal.
quality_success_cashflow_next_4obs,validated_secondary_production,random_forest,current_assets_growth_4obs,current_assets_growth_4obs,current_assets_growth_4obs,firm_trend,firm_momentum_or_deterioration,2.6027158252261982e-05,0.0003518928094187967,average_precision,test,3998,Drop in PR-AUC after permuting one raw input column on the temporal test split; not causal.
quality_success_cashflow_next_4obs,validated_secondary_production,random_forest,global_event_count,global_event_count,global_event_count,global_event_context,global_event_exposure,2.4758168642557976e-05,3.364129939824201e-05,average_precision,test,3998,Drop in PR-AUC after permuting one raw input column on the temporal test split; not causal.
quality_success_cashflow_next_4obs,validated_secondary_production,random_forest,DRTSCILM,DRTSCILM,DRTSCILM,macro_conditions,credit_and_financial_conditions,1.5947191404386273e-05,0.00024378272651109342,average_precision,test,3998,Drop in PR-AUC after permuting one raw input column on the temporal test split; not causal.
quality_success_cashflow_next_4obs,validated_secondary_production,random_forest,HOUST,HOUST,HOUST,macro_conditions,real_activity_conditions,1.5316279469734796e-05,3.48422917475178e-05,average_precision,test,3998,Drop in PR-AUC after permuting one raw input column on the temporal test split; not causal.
quality_success_cashflow_next_4obs,validated_secondary_production,random_forest,oil_shock_regime,oil_shock_regime,oil_shock_regime,accounting_fundamental,accounting_fundamentals,1.4602917918127289e-05,1.6637344438093942e-05,average_precision,test,3998,Drop in PR-AUC after permuting one raw input column on the temporal test split; not causal.
quality_success_cashflow_next_4obs,validated_secondary_production,random_forest,DTWEXBGS,DTWEXBGS,DTWEXBGS,macro_conditions,macro_price_policy_conditions,1.3781023491921118e-05,0.00013554923502668046,average_precision,test,3998,Drop in PR-AUC after permuting one raw input column on the temporal test split; not causal.
quality_success_cashflow_next_4obs,validated_secondary_production,random_forest,credit_stress_score,credit_stress_score,credit_stress_score,market_health_v2,market_stress_regime,6.898708225322459e-06,7.253540558255012e-06,average_precision,test,3998,Drop in PR-AUC after permuting one raw input column on the temporal test split; not causal.
quality_success_cashflow_next_4obs,validated_secondary_production,random_forest,crisis_regime,crisis_regime,crisis_regime,accounting_fundamental,accounting_fundamentals,7.059263048780906e-07,9.452314120459311e-07,average_precision,test,3998,Drop in PR-AUC after permuting one raw input column on the temporal test split; not causal.
quality_success_cashflow_next_4obs,validated_secondary_production,random_forest,global_event_financial_crisis_count,global_event_financial_crisis_count,global_event_financial_crisis_count,global_event_context,global_event_exposure,0.0,0.0,average_precision,test,3998,Drop in PR-AUC after permuting one raw input column on the temporal test split; not causal.
quality_success_cashflow_next_4obs,validated_secondary_production,random_forest,global_event_commodity_oil_severity,global_event_commodity_oil_severity,global_event_commodity_oil_severity,global_event_context,global_event_exposure,0.0,0.0,average_precision,test,3998,Drop in PR-AUC after permuting one raw input column on the temporal test split; not causal.
quality_success_cashflow_next_4obs,validated_secondary_production,random_forest,global_event_financial_crisis_severity,global_event_financial_crisis_severity,global_event_financial_crisis_severity,global_event_context,global_event_exposure,0.0,0.0,average_precision,test,3998,Drop in PR-AUC after permuting one raw input column on the temporal test split; not causal.
quality_success_cashflow_next_4obs,validated_secondary_production,random_forest,global_event_banking_stress_severity,global_event_banking_stress_severity,global_event_banking_stress_severity,global_event_context,global_event_exposure,0.0,0.0,average_precision,test,3998,Drop in PR-AUC after permuting one raw input column on the temporal test split; not causal.
quality_success_cashflow_next_4obs,validated_secondary_production,random_forest,global_event_banking_stress_count,global_event_banking_stress_count,global_event_banking_stress_count,global_event_context,global_event_exposure,0.0,0.0,average_precision,test,3998,Drop in PR-AUC after permuting one raw input column on the temporal test split; not causal.
quality_success_cashflow_next_4obs,validated_secondary_production,random_forest,global_event_financial_market_count,global_event_financial_market_count,global_event_financial_market_count,global_event_context,global_event_exposure,0.0,0.0,average_precision,test,3998,Drop in PR-AUC after permuting one raw input column on the temporal test split; not causal.
quality_success_cashflow_next_4obs,validated_secondary_production,random_forest,global_event_financial_market_severity,global_event_financial_market_severity,global_event_financial_market_severity,global_event_context,global_event_exposure,0.0,0.0,average_precision,test,3998,Drop in PR-AUC after permuting one raw input column on the temporal test split; not causal.
quality_success_cashflow_next_4obs,validated_secondary_production,random_forest,global_event_commodity_oil_count,global_event_commodity_oil_count,global_event_commodity_oil_count,global_event_context,global_event_exposure,0.0,0.0,average_precision,test,3998,Drop in PR-AUC after permuting one raw input column on the temporal test split; not causal.
quality_success_cashflow_next_4obs,validated_secondary_production,random_forest,demand_slowdown_regime,demand_slowdown_regime,demand_slowdown_regime,accounting_fundamental,accounting_fundamentals,0.0,0.0,average_precision,test,3998,Drop in PR-AUC after permuting one raw input column on the temporal test split; not causal.
quality_success_cashflow_next_4obs,validated_secondary_production,random_forest,global_event_geopolitical_war_count,global_event_geopolitical_war_count,global_event_geopolitical_war_count,global_event_context,global_event_exposure,0.0,0.0,average_precision,test,3998,Drop in PR-AUC after permuting one raw input column on the temporal test split; not causal.
quality_success_cashflow_next_4obs,validated_secondary_production,random_forest,global_event_geopolitical_war_severity,global_event_geopolitical_war_severity,global_event_geopolitical_war_severity,global_event_context,global_event_exposure,0.0,0.0,average_precision,test,3998,Drop in PR-AUC after permuting one raw input column on the temporal test split; not causal.
quality_success_cashflow_next_4obs,validated_secondary_production,random_forest,global_event_monetary_inflation_count,global_event_monetary_inflation_count,global_event_monetary_inflation_count,global_event_context,global_event_exposure,0.0,0.0,average_precision,test,3998,Drop in PR-AUC after permuting one raw input column on the temporal test split; not causal.
quality_success_cashflow_next_4obs,validated_secondary_production,random_forest,global_event_monetary_inflation_severity,global_event_monetary_inflation_severity,global_event_monetary_inflation_severity,global_event_context,global_event_exposure,0.0,0.0,average_precision,test,3998,Drop in PR-AUC after permuting one raw input column on the temporal test split; not causal.
quality_success_cashflow_next_4obs,validated_secondary_production,random_forest,global_event_natural_disaster_count,global_event_natural_disaster_count,global_event_natural_disaster_count,global_event_context,global_event_exposure,0.0,0.0,average_precision,test,3998,Drop in PR-AUC after permuting one raw input column on the temporal test split; not causal.
quality_success_cashflow_next_4obs,validated_secondary_production,random_forest,global_event_natural_disaster_severity,global_event_natural_disaster_severity,global_event_natural_disaster_severity,global_event_context,global_event_exposure,0.0,0.0,average_precision,test,3998,Drop in PR-AUC after permuting one raw input column on the temporal test split; not causal.
quality_success_cashflow_next_4obs,validated_secondary_production,random_forest,global_event_pandemic_severity,global_event_pandemic_severity,global_event_pandemic_severity,global_event_context,global_event_exposure,0.0,0.0,average_precision,test,3998,Drop in PR-AUC after permuting one raw input column on the temporal test split; not causal.
quality_success_cashflow_next_4obs,validated_secondary_production,random_forest,global_event_political_policy_count,global_event_political_policy_count,global_event_political_policy_count,global_event_context,global_event_exposure,0.0,0.0,average_precision,test,3998,Drop in PR-AUC after permuting one raw input column on the temporal test split; not causal.
quality_success_cashflow_next_4obs,validated_secondary_production,random_forest,global_event_political_policy_severity,global_event_political_policy_severity,global_event_political_policy_severity,global_event_context,global_event_exposure,0.0,0.0,average_precision,test,3998,Drop in PR-AUC after permuting one raw input column on the temporal test split; not causal.
quality_success_cashflow_next_4obs,validated_secondary_production,random_forest,global_event_sovereign_debt_count,global_event_sovereign_debt_count,global_event_sovereign_debt_count,global_event_context,global_event_exposure,0.0,0.0,average_precision,test,3998,Drop in PR-AUC after permuting one raw input column on the temporal test split; not causal.
quality_success_cashflow_next_4obs,validated_secondary_production,random_forest,global_event_sovereign_debt_severity,global_event_sovereign_debt_severity,global_event_sovereign_debt_severity,global_event_context,global_event_exposure,0.0,0.0,average_precision,test,3998,Drop in PR-AUC after permuting one raw input column on the temporal test split; not causal.
quality_success_cashflow_next_4obs,validated_secondary_production,random_forest,global_event_supply_chain_count,global_event_supply_chain_count,global_event_supply_chain_count,global_event_context,global_event_exposure,0.0,0.0,average_precision,test,3998,Drop in PR-AUC after permuting one raw input column on the temporal test split; not causal.
quality_success_cashflow_next_4obs,validated_secondary_production,random_forest,global_event_supply_chain_severity,global_event_supply_chain_severity,global_event_supply_chain_severity,global_event_context,global_event_exposure,0.0,0.0,average_precision,test,3998,Drop in PR-AUC after permuting one raw input column on the temporal test split; not causal.
quality_success_cashflow_next_4obs,validated_secondary_production,random_forest,global_event_trade_policy_count,global_event_trade_policy_count,global_event_trade_policy_count,global_event_context,global_event_exposure,0.0,0.0,average_precision,test,3998,Drop in PR-AUC after permuting one raw input column on the temporal test split; not causal.
quality_success_cashflow_next_4obs,validated_secondary_production,random_forest,global_event_trade_policy_severity,global_event_trade_policy_severity,global_event_trade_policy_severity,global_event_context,global_event_exposure,0.0,0.0,average_precision,test,3998,Drop in PR-AUC after permuting one raw input column on the temporal test split; not causal.
quality_success_cashflow_next_4obs,validated_secondary_production,random_forest,global_event_pandemic_count,global_event_pandemic_count,global_event_pandemic_count,global_event_context,global_event_exposure,0.0,0.0,average_precision,test,3998,Drop in PR-AUC after permuting one raw input column on the temporal test split; not causal.
quality_success_cashflow_next_4obs,validated_secondary_production,random_forest,yield_curve_inversion_regime,yield_curve_inversion_regime,yield_curve_inversion_regime,accounting_fundamental,accounting_fundamentals,0.0,0.0,average_precision,test,3998,Drop in PR-AUC after permuting one raw input column on the temporal test split; not causal.
quality_success_cashflow_next_4obs,validated_secondary_production,random_forest,CPIAUCSL,CPIAUCSL,CPIAUCSL,macro_conditions,macro_price_policy_conditions,0.0,0.0,average_precision,test,3998,Drop in PR-AUC after permuting one raw input column on the temporal test split; not causal.
quality_success_cashflow_next_4obs,validated_secondary_production,random_forest,GDPC1,GDPC1,GDPC1,macro_conditions,real_activity_conditions,0.0,0.0,average_precision,test,3998,Drop in PR-AUC after permuting one raw input column on the temporal test split; not causal.
quality_success_cashflow_next_4obs,validated_secondary_production,random_forest,M2SL,M2SL,M2SL,macro_conditions,macro_price_policy_conditions,0.0,0.0,average_precision,test,3998,Drop in PR-AUC after permuting one raw input column on the temporal test split; not causal.
quality_success_cashflow_next_4obs,validated_secondary_production,random_forest,tight_financial_conditions,tight_financial_conditions,tight_financial_conditions,accounting_fundamental,accounting_fundamentals,0.0,0.0,average_precision,test,3998,Drop in PR-AUC after permuting one raw input column on the temporal test split; not causal.
quality_success_cashflow_next_4obs,validated_secondary_production,random_forest,high_rate_regime,high_rate_regime,high_rate_regime,accounting_fundamental,accounting_fundamentals,0.0,0.0,average_precision,test,3998,Drop in PR-AUC after permuting one raw input column on the temporal test split; not causal.
quality_success_cashflow_next_4obs,validated_secondary_production,random_forest,BUSLOANS,BUSLOANS,BUSLOANS,macro_conditions,credit_and_financial_conditions,0.0,0.0,average_precision,test,3998,Drop in PR-AUC after permuting one raw input column on the temporal test split; not causal.
quality_success_cashflow_next_4obs,validated_secondary_production,random_forest,RSAFS,RSAFS,RSAFS,macro_conditions,real_activity_conditions,0.0,0.0,average_precision,test,3998,Drop in PR-AUC after permuting one raw input column on the temporal test split; not causal.
quality_success_cashflow_next_4obs,validated_secondary_production,random_forest,inflation_pressure_regime,inflation_pressure_regime,inflation_pressure_regime,accounting_fundamental,accounting_fundamentals,0.0,0.0,average_precision,test,3998,Drop in PR-AUC after permuting one raw input column on the temporal test split; not causal.
quality_success_cashflow_next_4obs,validated_secondary_production,random_forest,PAYEMS,PAYEMS,PAYEMS,macro_conditions,real_activity_conditions,0.0,0.0,average_precision,test,3998,Drop in PR-AUC after permuting one raw input column on the temporal test split; not causal.
quality_success_cashflow_next_4obs,validated_secondary_production,random_forest,PPIACO,PPIACO,PPIACO,macro_conditions,macro_price_policy_conditions,0.0,0.0,average_precision,test,3998,Drop in PR-AUC after permuting one raw input column on the temporal test split; not causal.
quality_success_cashflow_next_4obs,validated_secondary_production,random_forest,real_activity_pressure_score,real_activity_pressure_score,real_activity_pressure_score,market_health_v2,market_stress_regime,-8.806665460214802e-07,2.6050161549986892e-05,average_precision,test,3998,Drop in PR-AUC after permuting one raw input column on the temporal test split; not causal.
quality_success_cashflow_next_4obs,validated_secondary_production,random_forest,stress_elevated_v2,stress_elevated_v2,stress_elevated_v2,market_health_v2,market_stress_regime,-6.795173243201447e-06,3.140203189083213e-05,average_precision,test,3998,Drop in PR-AUC after permuting one raw input column on the temporal test split; not causal.
quality_success_cashflow_next_4obs,validated_secondary_production,random_forest,market_stress_regime,market_stress_regime,market_stress_regime,accounting_fundamental,accounting_fundamentals,-9.108341845376345e-06,4.925613627774169e-05,average_precision,test,3998,Drop in PR-AUC after permuting one raw input column on the temporal test split; not causal.
quality_success_cashflow_next_4obs,validated_secondary_production,random_forest,credit_tightening_regime,credit_tightening_regime,credit_tightening_regime,accounting_fundamental,accounting_fundamentals,-9.884420140382488e-06,7.84261653738347e-06,average_precision,test,3998,Drop in PR-AUC after permuting one raw input column on the temporal test split; not causal.
quality_success_cashflow_next_4obs,validated_secondary_production,random_forest,current_liabilities,current_liabilities,current_liabilities,accounting_fundamental,balance_sheet_obligations,-1.244763611714106e-05,0.0007790057484242643,average_precision,test,3998,Drop in PR-AUC after permuting one raw input column on the temporal test split; not causal.
quality_success_cashflow_next_4obs,validated_secondary_production,random_forest,credit_spread_stress_regime,credit_spread_stress_regime,credit_spread_stress_regime,accounting_fundamental,accounting_fundamentals,-2.374314129152122e-05,1.5066404091390028e-06,average_precision,test,3998,Drop in PR-AUC after permuting one raw input column on the temporal test split; not causal.
quality_success_cashflow_next_4obs,validated_secondary_production,random_forest,current_liabilities_growth_4obs,current_liabilities_growth_4obs,current_liabilities_growth_4obs,firm_trend,firm_momentum_or_deterioration,-5.196217328493624e-05,0.00026010762381565097,average_precision,test,3998,Drop in PR-AUC after permuting one raw input column on the temporal test split; not causal.
quality_success_cashflow_next_4obs,validated_secondary_production,random_forest,FEDFUNDS,FEDFUNDS,FEDFUNDS,macro_conditions,macro_price_policy_conditions,-5.4497046453150236e-05,4.685121166146766e-05,average_precision,test,3998,Drop in PR-AUC after permuting one raw input column on the temporal test split; not causal.
quality_success_cashflow_next_4obs,validated_secondary_production,random_forest,INDPRO,INDPRO,INDPRO,macro_conditions,real_activity_conditions,-7.112404045119813e-05,4.730389184331621e-05,average_precision,test,3998,Drop in PR-AUC after permuting one raw input column on the temporal test split; not causal.
quality_success_cashflow_next_4obs,validated_secondary_production,random_forest,BAMLH0A0HYM2,BAMLH0A0HYM2,BAMLH0A0HYM2,macro_conditions,credit_and_financial_conditions,-8.994114429539124e-05,0.00017382459737378867,average_precision,test,3998,Drop in PR-AUC after permuting one raw input column on the temporal test split; not causal.
quality_success_cashflow_next_4obs,validated_secondary_production,random_forest,gross_margin_lag1,gross_margin_lag1,gross_margin_lag1,firm_trend,firm_momentum_or_deterioration,-0.00010514685188076634,0.0005783374018984433,average_precision,test,3998,Drop in PR-AUC after permuting one raw input column on the temporal test split; not causal.
quality_success_cashflow_next_4obs,validated_secondary_production,random_forest,prediction_quarter,prediction_quarter,prediction_quarter,accounting_fundamental,accounting_fundamentals,-0.00010925698798247563,7.43011756483551e-05,average_precision,test,3998,Drop in PR-AUC after permuting one raw input column on the temporal test split; not causal.
quality_success_cashflow_next_4obs,validated_secondary_production,random_forest,policy_uncertainty_score,policy_uncertainty_score,policy_uncertainty_score,market_health_v2,market_stress_regime,-0.00011549418332983397,0.00010853092907840815,average_precision,test,3998,Drop in PR-AUC after permuting one raw input column on the temporal test split; not causal.
quality_success_cashflow_next_4obs,validated_secondary_production,random_forest,gross_margin,gross_margin,gross_margin,financial_ratio,profitability_and_efficiency,-0.00012416111476416526,0.0004970698326876755,average_precision,test,3998,Drop in PR-AUC after permuting one raw input column on the temporal test split; not causal.
quality_success_cashflow_next_4obs,validated_secondary_production,random_forest,current_assets,current_assets,current_assets,accounting_fundamental,asset_base_liquidity_and_investment,-0.00012531089890388536,0.0007041464568689397,average_precision,test,3998,Drop in PR-AUC after permuting one raw input column on the temporal test split; not causal.
quality_success_cashflow_next_4obs,validated_secondary_production,random_forest,cash_equivalents_growth_4obs,cash_equivalents_growth_4obs,cash_equivalents_growth_4obs,firm_trend,firm_momentum_or_deterioration,-0.0001938625331836086,0.00015468708419347056,average_precision,test,3998,Drop in PR-AUC after permuting one raw input column on the temporal test split; not causal.
quality_success_cashflow_next_4obs,validated_secondary_production,random_forest,BUSLOANS_yoy_pct,BUSLOANS_yoy_pct,BUSLOANS_yoy_pct,macro_conditions,credit_and_financial_conditions,-0.00021033806176353753,0.00018217798093096832,average_precision,test,3998,Drop in PR-AUC after permuting one raw input column on the temporal test split; not causal.
quality_success_cashflow_next_4obs,validated_secondary_production,random_forest,gross_profit,gross_profit,gross_profit,accounting_fundamental,earnings_and_scale,-0.0002129744881429918,0.0002594207346257384,average_precision,test,3998,Drop in PR-AUC after permuting one raw input column on the temporal test split; not causal.
quality_success_cashflow_next_4obs,validated_secondary_production,random_forest,long_term_debt,long_term_debt,long_term_debt,accounting_fundamental,balance_sheet_obligations,-0.00021384876180010614,0.0004792700226041508,average_precision,test,3998,Drop in PR-AUC after permuting one raw input column on the temporal test split; not causal.
quality_success_cashflow_next_4obs,validated_secondary_production,random_forest,DCOILWTICO_yoy_pct,DCOILWTICO_yoy_pct,DCOILWTICO_yoy_pct,macro_conditions,macro_price_policy_conditions,-0.00022979341455182657,0.00019255234169430834,average_precision,test,3998,Drop in PR-AUC after permuting one raw input column on the temporal test split; not causal.
quality_success_cashflow_next_4obs,validated_secondary_production,random_forest,current_ratio_lag1,current_ratio_lag1,current_ratio_lag1,firm_trend,firm_momentum_or_deterioration,-0.0002432512824998234,0.00032419627862263864,average_precision,test,3998,Drop in PR-AUC after permuting one raw input column on the temporal test split; not causal.
quality_success_cashflow_next_4obs,validated_secondary_production,random_forest,cfo_margin,cfo_margin,cfo_margin,financial_quality_cashflow,cash_flow_quality,-0.0002697760713177955,0.0008025201550273549,average_precision,test,3998,Drop in PR-AUC after permuting one raw input column on the temporal test split; not causal.
quality_success_cashflow_next_4obs,validated_secondary_production,random_forest,total_assets,total_assets,total_assets,accounting_fundamental,asset_base_liquidity_and_investment,-0.0002895405163186648,0.0005750359389092079,average_precision,test,3998,Drop in PR-AUC after permuting one raw input column on the temporal test split; not causal.
quality_success_cashflow_next_4obs,validated_secondary_production,random_forest,net_income,net_income,net_income,accounting_fundamental,earnings_and_scale,-0.00030121761124062284,0.0015589434908423318,average_precision,test,3998,Drop in PR-AUC after permuting one raw input column on the temporal test split; not causal.
quality_success_cashflow_next_4obs,validated_secondary_production,random_forest,working_capital_assets,working_capital_assets,working_capital_assets,financial_quality_cashflow,cash_flow_quality,-0.0003658625559628037,0.0001434196218202337,average_precision,test,3998,Drop in PR-AUC after permuting one raw input column on the temporal test split; not causal.
quality_success_cashflow_next_4obs,validated_secondary_production,random_forest,short_term_debt,short_term_debt,short_term_debt,accounting_fundamental,balance_sheet_obligations,-0.0004227450035234837,0.0005735984514039908,average_precision,test,3998,Drop in PR-AUC after permuting one raw input column on the temporal test split; not causal.
quality_success_cashflow_next_4obs,validated_secondary_production,random_forest,operating_income,operating_income,operating_income,accounting_fundamental,earnings_and_scale,-0.0005066756034027176,0.0011096879054509324,average_precision,test,3998,Drop in PR-AUC after permuting one raw input column on the temporal test split; not causal.
quality_success_cashflow_next_4obs,validated_secondary_production,random_forest,cash_assets_change_4obs,cash_assets_change_4obs,cash_assets_change_4obs,firm_trend,firm_momentum_or_deterioration,-0.0006738498320608022,0.0004171222933639727,average_precision,test,3998,Drop in PR-AUC after permuting one raw input column on the temporal test split; not causal.
quality_success_cashflow_next_4obs,validated_secondary_production,random_forest,T10Y3M,T10Y3M,T10Y3M,macro_conditions,credit_and_financial_conditions,-0.0008213331556907955,0.0002955014948464061,average_precision,test,3998,Drop in PR-AUC after permuting one raw input column on the temporal test split; not causal.
quality_success_cashflow_next_4obs,validated_secondary_production,random_forest,net_margin,net_margin,net_margin,financial_ratio,profitability_and_efficiency,-0.0011910346060650888,0.0014252158518924727,average_precision,test,3998,Drop in PR-AUC after permuting one raw input column on the temporal test split; not causal.
quality_success_cashflow_next_4obs,validated_secondary_production,random_forest,inventory_assets,inventory_assets,inventory_assets,financial_ratio,profitability_and_efficiency,-0.0012788920660755433,0.0005925795842554913,average_precision,test,3998,Drop in PR-AUC after permuting one raw input column on the temporal test split; not causal.
sector_relative_improvement_next_4obs,robustness_extension,random_forest,net_margin_lag1,net_margin_lag1,net_margin_lag1,firm_trend,firm_momentum_or_deterioration,0.029833211727914356,0.0054813997309119235,average_precision,test,2318,Drop in PR-AUC after permuting one raw input column on the temporal test split; not causal.
sector_relative_improvement_next_4obs,robustness_extension,random_forest,operating_margin_lag1,operating_margin_lag1,operating_margin_lag1,firm_trend,firm_momentum_or_deterioration,0.026982455355700118,0.007651000549653634,average_precision,test,2318,Drop in PR-AUC after permuting one raw input column on the temporal test split; not causal.
sector_relative_improvement_next_4obs,robustness_extension,random_forest,Sector,Sector,Sector,industry_sector,sector_positioning,0.016499255359200337,0.0013857950400316891,average_precision,test,2318,Drop in PR-AUC after permuting one raw input column on the temporal test split; not causal.
sector_relative_improvement_next_4obs,robustness_extension,random_forest,net_margin_change_4obs,net_margin_change_4obs,net_margin_change_4obs,firm_trend,firm_momentum_or_deterioration,0.01342620168272839,0.0017460736938721868,average_precision,test,2318,Drop in PR-AUC after permuting one raw input column on the temporal test split; not causal.
sector_relative_improvement_next_4obs,robustness_extension,random_forest,roa_lag1,roa_lag1,roa_lag1,firm_trend,firm_momentum_or_deterioration,0.010306380826499572,0.002756247180918313,average_precision,test,2318,Drop in PR-AUC after permuting one raw input column on the temporal test split; not causal.
sector_relative_improvement_next_4obs,robustness_extension,random_forest,net_income_negative_count_prior_4obs,net_income_negative_count_prior_4obs,net_income_negative_count_prior_4obs,accounting_fundamental,accounting_fundamentals,0.009264489396330178,0.00370077915246556,average_precision,test,2318,Drop in PR-AUC after permuting one raw input column on the temporal test split; not causal.
sector_relative_improvement_next_4obs,robustness_extension,random_forest,roa_change_4obs,roa_change_4obs,roa_change_4obs,firm_trend,firm_momentum_or_deterioration,0.007071787800334839,0.0016508753774896695,average_precision,test,2318,Drop in PR-AUC after permuting one raw input column on the temporal test split; not causal.
sector_relative_improvement_next_4obs,robustness_extension,random_forest,cfo_assets,cfo_assets,cfo_assets,financial_quality_cashflow,cash_flow_quality,0.005489292184437789,0.0022007858874981785,average_precision,test,2318,Drop in PR-AUC after permuting one raw input column on the temporal test split; not causal.
sector_relative_improvement_next_4obs,robustness_extension,random_forest,cfo_margin,cfo_margin,cfo_margin,financial_quality_cashflow,cash_flow_quality,0.004944559892237965,0.002026684126314794,average_precision,test,2318,Drop in PR-AUC after permuting one raw input column on the temporal test split; not causal.
sector_relative_improvement_next_4obs,robustness_extension,random_forest,equity_assets,equity_assets,equity_assets,financial_ratio,balance_sheet_leverage_liquidity,0.004273005066155045,0.0015714242889528145,average_precision,test,2318,Drop in PR-AUC after permuting one raw input column on the temporal test split; not causal.
sector_relative_improvement_next_4obs,robustness_extension,random_forest,accruals_assets,accruals_assets,accruals_assets,financial_quality_cashflow,cash_flow_quality,0.004262543821512787,0.00079454259570742,average_precision,test,2318,Drop in PR-AUC after permuting one raw input column on the temporal test split; not causal.
sector_relative_improvement_next_4obs,robustness_extension,random_forest,receivables_assets,receivables_assets,receivables_assets,financial_ratio,profitability_and_efficiency,0.004099392143307012,0.0010632351802684215,average_precision,test,2318,Drop in PR-AUC after permuting one raw input column on the temporal test split; not causal.
sector_relative_improvement_next_4obs,robustness_extension,random_forest,leverage_assets_lag1,leverage_assets_lag1,leverage_assets_lag1,firm_trend,firm_momentum_or_deterioration,0.00337632471281375,0.001816288066781338,average_precision,test,2318,Drop in PR-AUC after permuting one raw input column on the temporal test split; not causal.
sector_relative_improvement_next_4obs,robustness_extension,random_forest,total_liabilities,total_liabilities,total_liabilities,accounting_fundamental,balance_sheet_obligations,0.0032208771706103033,0.0010097177484021398,average_precision,test,2318,Drop in PR-AUC after permuting one raw input column on the temporal test split; not causal.
sector_relative_improvement_next_4obs,robustness_extension,random_forest,current_ratio_lag1,current_ratio_lag1,current_ratio_lag1,firm_trend,firm_momentum_or_deterioration,0.002769719968253326,0.0013688080390260927,average_precision,test,2318,Drop in PR-AUC after permuting one raw input column on the temporal test split; not causal.
sector_relative_improvement_next_4obs,robustness_extension,random_forest,current_liabilities,current_liabilities,current_liabilities,accounting_fundamental,balance_sheet_obligations,0.0027637883119695063,0.002718626705354733,average_precision,test,2318,Drop in PR-AUC after permuting one raw input column on the temporal test split; not causal.
sector_relative_improvement_next_4obs,robustness_extension,random_forest,short_term_debt,short_term_debt,short_term_debt,accounting_fundamental,balance_sheet_obligations,0.0027368695321098755,0.0023660847944907506,average_precision,test,2318,Drop in PR-AUC after permuting one raw input column on the temporal test split; not causal.
sector_relative_improvement_next_4obs,robustness_extension,random_forest,cash_flow_operating,cash_flow_operating,cash_flow_operating,accounting_fundamental,asset_base_liquidity_and_investment,0.0023323237670036965,0.0004371858140042489,average_precision,test,2318,Drop in PR-AUC after permuting one raw input column on the temporal test split; not causal.
sector_relative_improvement_next_4obs,robustness_extension,random_forest,debt_to_cfo,debt_to_cfo,debt_to_cfo,financial_quality_cashflow,cash_flow_quality,0.002272998830012929,0.0012623157696546817,average_precision,test,2318,Drop in PR-AUC after permuting one raw input column on the temporal test split; not causal.
sector_relative_improvement_next_4obs,robustness_extension,random_forest,cash_equivalents,cash_equivalents,cash_equivalents,accounting_fundamental,asset_base_liquidity_and_investment,0.00221008203466877,0.00043839518632166156,average_precision,test,2318,Drop in PR-AUC after permuting one raw input column on the temporal test split; not causal.
sector_relative_improvement_next_4obs,robustness_extension,random_forest,VIXCLS,VIXCLS,VIXCLS,macro_conditions,macro_price_policy_conditions,0.0021797758778937526,0.0008584322897044278,average_precision,test,2318,Drop in PR-AUC after permuting one raw input column on the temporal test split; not causal.
sector_relative_improvement_next_4obs,robustness_extension,random_forest,prediction_quarter,prediction_quarter,prediction_quarter,accounting_fundamental,accounting_fundamentals,0.001960969501992249,0.0009787209856783087,average_precision,test,2318,Drop in PR-AUC after permuting one raw input column on the temporal test split; not causal.
sector_relative_improvement_next_4obs,robustness_extension,random_forest,cash_assets,cash_assets,cash_assets,financial_ratio,balance_sheet_leverage_liquidity,0.0019270444616491078,0.0010970034853747517,average_precision,test,2318,Drop in PR-AUC after permuting one raw input column on the temporal test split; not causal.
sector_relative_improvement_next_4obs,robustness_extension,random_forest,gross_margin,gross_margin,gross_margin,financial_ratio,profitability_and_efficiency,0.0017362890348394445,0.0038324527438662556,average_precision,test,2318,Drop in PR-AUC after permuting one raw input column on the temporal test split; not causal.
sector_relative_improvement_next_4obs,robustness_extension,random_forest,current_ratio,current_ratio,current_ratio,financial_ratio,balance_sheet_leverage_liquidity,0.0017279921289325983,0.0011458502355694029,average_precision,test,2318,Drop in PR-AUC after permuting one raw input column on the temporal test split; not causal.
sector_relative_improvement_next_4obs,robustness_extension,random_forest,gross_margin_lag1,gross_margin_lag1,gross_margin_lag1,firm_trend,firm_momentum_or_deterioration,0.001682894928037837,0.003007883676877127,average_precision,test,2318,Drop in PR-AUC after permuting one raw input column on the temporal test split; not causal.
sector_relative_improvement_next_4obs,robustness_extension,random_forest,PAYEMS_yoy_pct,PAYEMS_yoy_pct,PAYEMS_yoy_pct,macro_conditions,real_activity_conditions,0.0016589911839875126,0.0009788846798442436,average_precision,test,2318,Drop in PR-AUC after permuting one raw input column on the temporal test split; not causal.
sector_relative_improvement_next_4obs,robustness_extension,random_forest,roa,roa,roa,financial_ratio,profitability_and_efficiency,0.0016360099192808785,0.0015528064310127367,average_precision,test,2318,Drop in PR-AUC after permuting one raw input column on the temporal test split; not causal.
sector_relative_improvement_next_4obs,robustness_extension,random_forest,cash_assets_change_4obs,cash_assets_change_4obs,cash_assets_change_4obs,firm_trend,firm_momentum_or_deterioration,0.0015835854573332364,0.0007882197678429406,average_precision,test,2318,Drop in PR-AUC after permuting one raw input column on the temporal test split; not causal.
sector_relative_improvement_next_4obs,robustness_extension,random_forest,cash_equivalents_growth_4obs,cash_equivalents_growth_4obs,cash_equivalents_growth_4obs,firm_trend,firm_momentum_or_deterioration,0.0013276795461941494,0.0005727728701332931,average_precision,test,2318,Drop in PR-AUC after permuting one raw input column on the temporal test split; not causal.
sector_relative_improvement_next_4obs,robustness_extension,random_forest,DTWEXBGS_yoy_pct,DTWEXBGS_yoy_pct,DTWEXBGS_yoy_pct,macro_conditions,macro_price_policy_conditions,0.0013027749267377597,0.000677013669457255,average_precision,test,2318,Drop in PR-AUC after permuting one raw input column on the temporal test split; not causal.
sector_relative_improvement_next_4obs,robustness_extension,random_forest,gross_profit,gross_profit,gross_profit,accounting_fundamental,earnings_and_scale,0.0012379506689063958,0.0010160371213634013,average_precision,test,2318,Drop in PR-AUC after permuting one raw input column on the temporal test split; not causal.
sector_relative_improvement_next_4obs,robustness_extension,random_forest,M2SL_yoy_pct,M2SL_yoy_pct,M2SL_yoy_pct,macro_conditions,macro_price_policy_conditions,0.0012137796159953362,0.0007231655353694185,average_precision,test,2318,Drop in PR-AUC after permuting one raw input column on the temporal test split; not causal.
sector_relative_improvement_next_4obs,robustness_extension,random_forest,capex,capex,capex,accounting_fundamental,asset_base_liquidity_and_investment,0.001161157109896327,0.0008862080275076906,average_precision,test,2318,Drop in PR-AUC after permuting one raw input column on the temporal test split; not causal.
sector_relative_improvement_next_4obs,robustness_extension,random_forest,total_revenue,total_revenue,total_revenue,accounting_fundamental,earnings_and_scale,0.0008632509139225419,0.0019396800231254753,average_precision,test,2318,Drop in PR-AUC after permuting one raw input column on the temporal test split; not causal.
sector_relative_improvement_next_4obs,robustness_extension,random_forest,total_equity,total_equity,total_equity,accounting_fundamental,asset_base_liquidity_and_investment,0.0007719672305489089,0.0011656779814747363,average_precision,test,2318,Drop in PR-AUC after permuting one raw input column on the temporal test split; not causal.
sector_relative_improvement_next_4obs,robustness_extension,random_forest,current_assets,current_assets,current_assets,accounting_fundamental,asset_base_liquidity_and_investment,0.0007364142085514835,0.0015990189174601573,average_precision,test,2318,Drop in PR-AUC after permuting one raw input column on the temporal test split; not causal.
sector_relative_improvement_next_4obs,robustness_extension,random_forest,global_event_severity_sum,global_event_severity_sum,global_event_severity_sum,global_event_context,global_event_exposure,0.000727691119888374,0.0002971973249063791,average_precision,test,2318,Drop in PR-AUC after permuting one raw input column on the temporal test split; not causal.
sector_relative_improvement_next_4obs,robustness_extension,random_forest,current_liabilities_growth_4obs,current_liabilities_growth_4obs,current_liabilities_growth_4obs,firm_trend,firm_momentum_or_deterioration,0.0006615741151893451,0.0006432644733403026,average_precision,test,2318,Drop in PR-AUC after permuting one raw input column on the temporal test split; not causal.
sector_relative_improvement_next_4obs,robustness_extension,random_forest,total_assets,total_assets,total_assets,accounting_fundamental,asset_base_liquidity_and_investment,0.000653475011629423,0.0016045074983194539,average_precision,test,2318,Drop in PR-AUC after permuting one raw input column on the temporal test split; not causal.
sector_relative_improvement_next_4obs,robustness_extension,random_forest,r_and_d_intensity,r_and_d_intensity,r_and_d_intensity,financial_ratio,profitability_and_efficiency,0.0006267181290275037,0.0002838120276176491,average_precision,test,2318,Drop in PR-AUC after permuting one raw input column on the temporal test split; not causal.
sector_relative_improvement_next_4obs,robustness_extension,random_forest,operating_margin_change_4obs,operating_margin_change_4obs,operating_margin_change_4obs,firm_trend,firm_momentum_or_deterioration,0.0006148877208574932,0.0005064886626941451,average_precision,test,2318,Drop in PR-AUC after permuting one raw input column on the temporal test split; not causal.
sector_relative_improvement_next_4obs,robustness_extension,random_forest,FEDFUNDS,FEDFUNDS,FEDFUNDS,macro_conditions,macro_price_policy_conditions,0.0005900364073544662,0.00032474983968002494,average_precision,test,2318,Drop in PR-AUC after permuting one raw input column on the temporal test split; not causal.
sector_relative_improvement_next_4obs,robustness_extension,random_forest,T10Y2Y,T10Y2Y,T10Y2Y,macro_conditions,credit_and_financial_conditions,0.0005606531188233621,0.00045699623068013004,average_precision,test,2318,Drop in PR-AUC after permuting one raw input column on the temporal test split; not causal.
sector_relative_improvement_next_4obs,robustness_extension,random_forest,inventory_assets,inventory_assets,inventory_assets,financial_ratio,profitability_and_efficiency,0.0005329562466638516,0.002130213344558956,average_precision,test,2318,Drop in PR-AUC after permuting one raw input column on the temporal test split; not causal.
sector_relative_improvement_next_4obs,robustness_extension,random_forest,BAMLH0A0HYM2,BAMLH0A0HYM2,BAMLH0A0HYM2,macro_conditions,credit_and_financial_conditions,0.0004878616191193341,0.000680863676811707,average_precision,test,2318,Drop in PR-AUC after permuting one raw input column on the temporal test split; not causal.
sector_relative_improvement_next_4obs,robustness_extension,random_forest,capex_intensity_assets,capex_intensity_assets,capex_intensity_assets,financial_quality_cashflow,cash_flow_quality,0.00046784461277684655,0.0013600385476991112,average_precision,test,2318,Drop in PR-AUC after permuting one raw input column on the temporal test split; not causal.
sector_relative_improvement_next_4obs,robustness_extension,random_forest,policy_uncertainty_score,policy_uncertainty_score,policy_uncertainty_score,market_health_v2,market_stress_regime,0.00046528805537775496,0.0005546694279435075,average_precision,test,2318,Drop in PR-AUC after permuting one raw input column on the temporal test split; not causal.
sector_relative_improvement_next_4obs,robustness_extension,random_forest,DCOILWTICO_yoy_pct,DCOILWTICO_yoy_pct,DCOILWTICO_yoy_pct,macro_conditions,macro_price_policy_conditions,0.00037709452673437836,0.0010524014021268556,average_precision,test,2318,Drop in PR-AUC after permuting one raw input column on the temporal test split; not causal.
sector_relative_improvement_next_4obs,robustness_extension,random_forest,GS10,GS10,GS10,macro_conditions,macro_price_policy_conditions,0.00036435907186904704,0.000730213460244484,average_precision,test,2318,Drop in PR-AUC after permuting one raw input column on the temporal test split; not causal.
sector_relative_improvement_next_4obs,robustness_extension,random_forest,USEPUINDXD,USEPUINDXD,USEPUINDXD,macro_conditions,macro_price_policy_conditions,0.0003384435356011295,0.0006521192197717088,average_precision,test,2318,Drop in PR-AUC after permuting one raw input column on the temporal test split; not causal.
sector_relative_improvement_next_4obs,robustness_extension,random_forest,market_health_score_v2,market_health_score_v2,market_health_score_v2,market_health_v2,market_stress_regime,0.00032775943455154444,0.00028699126888330457,average_precision,test,2318,Drop in PR-AUC after permuting one raw input column on the temporal test split; not causal.
sector_relative_improvement_next_4obs,robustness_extension,random_forest,INDPRO_yoy_pct,INDPRO_yoy_pct,INDPRO_yoy_pct,macro_conditions,real_activity_conditions,0.00030329585890822577,0.0007548380106122022,average_precision,test,2318,Drop in PR-AUC after permuting one raw input column on the temporal test split; not causal.
sector_relative_improvement_next_4obs,robustness_extension,random_forest,current_assets_growth_4obs,current_assets_growth_4obs,current_assets_growth_4obs,firm_trend,firm_momentum_or_deterioration,0.0002574315162949592,0.0015002513628243977,average_precision,test,2318,Drop in PR-AUC after permuting one raw input column on the temporal test split; not causal.
sector_relative_improvement_next_4obs,robustness_extension,random_forest,market_stress_regime,market_stress_regime,market_stress_regime,accounting_fundamental,accounting_fundamentals,0.00020843966955477188,0.0002608532582322905,average_precision,test,2318,Drop in PR-AUC after permuting one raw input column on the temporal test split; not causal.
sector_relative_improvement_next_4obs,robustness_extension,random_forest,RSAFS_yoy_pct,RSAFS_yoy_pct,RSAFS_yoy_pct,macro_conditions,real_activity_conditions,0.00017988462332336753,0.0005147358173209595,average_precision,test,2318,Drop in PR-AUC after permuting one raw input column on the temporal test split; not causal.
sector_relative_improvement_next_4obs,robustness_extension,random_forest,HOUST,HOUST,HOUST,macro_conditions,real_activity_conditions,0.00017586312232167333,0.000344119508842542,average_precision,test,2318,Drop in PR-AUC after permuting one raw input column on the temporal test split; not causal.
sector_relative_improvement_next_4obs,robustness_extension,random_forest,total_assets_growth_4obs,total_assets_growth_4obs,total_assets_growth_4obs,firm_trend,firm_momentum_or_deterioration,0.0001746927059356862,0.0016119442987533976,average_precision,test,2318,Drop in PR-AUC after permuting one raw input column on the temporal test split; not causal.
sector_relative_improvement_next_4obs,robustness_extension,random_forest,DRTSCILM,DRTSCILM,DRTSCILM,macro_conditions,credit_and_financial_conditions,0.00011373708804296445,0.0007495805887714596,average_precision,test,2318,Drop in PR-AUC after permuting one raw input column on the temporal test split; not causal.
sector_relative_improvement_next_4obs,robustness_extension,random_forest,credit_stress_score,credit_stress_score,credit_stress_score,market_health_v2,market_stress_regime,7.906446567675917e-05,0.00031791847186334027,average_precision,test,2318,Drop in PR-AUC after permuting one raw input column on the temporal test split; not causal.
sector_relative_improvement_next_4obs,robustness_extension,random_forest,oil_shock_regime,oil_shock_regime,oil_shock_regime,accounting_fundamental,accounting_fundamentals,5.9560843580919175e-05,0.0001499025708669401,average_precision,test,2318,Drop in PR-AUC after permuting one raw input column on the temporal test split; not causal.
sector_relative_improvement_next_4obs,robustness_extension,random_forest,working_capital_assets,working_capital_assets,working_capital_assets,financial_quality_cashflow,cash_flow_quality,3.831901099748958e-05,0.0015576875718439748,average_precision,test,2318,Drop in PR-AUC after permuting one raw input column on the temporal test split; not causal.
sector_relative_improvement_next_4obs,robustness_extension,random_forest,T10Y3M,T10Y3M,T10Y3M,macro_conditions,credit_and_financial_conditions,2.386269775491723e-05,0.00026801616828512676,average_precision,test,2318,Drop in PR-AUC after permuting one raw input column on the temporal test split; not causal.
sector_relative_improvement_next_4obs,robustness_extension,random_forest,strong_dollar_regime,strong_dollar_regime,strong_dollar_regime,accounting_fundamental,accounting_fundamentals,5.057921513906827e-06,0.00010760198728668272,average_precision,test,2318,Drop in PR-AUC after permuting one raw input column on the temporal test split; not causal.
sector_relative_improvement_next_4obs,robustness_extension,random_forest,global_event_sovereign_debt_severity,global_event_sovereign_debt_severity,global_event_sovereign_debt_severity,global_event_context,global_event_exposure,0.0,0.0,average_precision,test,2318,Drop in PR-AUC after permuting one raw input column on the temporal test split; not causal.
sector_relative_improvement_next_4obs,robustness_extension,random_forest,global_event_banking_stress_severity,global_event_banking_stress_severity,global_event_banking_stress_severity,global_event_context,global_event_exposure,0.0,0.0,average_precision,test,2318,Drop in PR-AUC after permuting one raw input column on the temporal test split; not causal.
sector_relative_improvement_next_4obs,robustness_extension,random_forest,global_event_commodity_oil_count,global_event_commodity_oil_count,global_event_commodity_oil_count,global_event_context,global_event_exposure,0.0,0.0,average_precision,test,2318,Drop in PR-AUC after permuting one raw input column on the temporal test split; not causal.
sector_relative_improvement_next_4obs,robustness_extension,random_forest,global_event_commodity_oil_severity,global_event_commodity_oil_severity,global_event_commodity_oil_severity,global_event_context,global_event_exposure,0.0,0.0,average_precision,test,2318,Drop in PR-AUC after permuting one raw input column on the temporal test split; not causal.
sector_relative_improvement_next_4obs,robustness_extension,random_forest,global_event_financial_crisis_count,global_event_financial_crisis_count,global_event_financial_crisis_count,global_event_context,global_event_exposure,0.0,0.0,average_precision,test,2318,Drop in PR-AUC after permuting one raw input column on the temporal test split; not causal.
sector_relative_improvement_next_4obs,robustness_extension,random_forest,global_event_supply_chain_count,global_event_supply_chain_count,global_event_supply_chain_count,global_event_context,global_event_exposure,0.0,0.0,average_precision,test,2318,Drop in PR-AUC after permuting one raw input column on the temporal test split; not causal.
sector_relative_improvement_next_4obs,robustness_extension,random_forest,global_event_financial_crisis_severity,global_event_financial_crisis_severity,global_event_financial_crisis_severity,global_event_context,global_event_exposure,0.0,0.0,average_precision,test,2318,Drop in PR-AUC after permuting one raw input column on the temporal test split; not causal.
sector_relative_improvement_next_4obs,robustness_extension,random_forest,global_event_financial_market_count,global_event_financial_market_count,global_event_financial_market_count,global_event_context,global_event_exposure,0.0,0.0,average_precision,test,2318,Drop in PR-AUC after permuting one raw input column on the temporal test split; not causal.
sector_relative_improvement_next_4obs,robustness_extension,random_forest,global_event_financial_market_severity,global_event_financial_market_severity,global_event_financial_market_severity,global_event_context,global_event_exposure,0.0,0.0,average_precision,test,2318,Drop in PR-AUC after permuting one raw input column on the temporal test split; not causal.
sector_relative_improvement_next_4obs,robustness_extension,random_forest,global_event_sovereign_debt_count,global_event_sovereign_debt_count,global_event_sovereign_debt_count,global_event_context,global_event_exposure,0.0,0.0,average_precision,test,2318,Drop in PR-AUC after permuting one raw input column on the temporal test split; not causal.
sector_relative_improvement_next_4obs,robustness_extension,random_forest,global_event_political_policy_severity,global_event_political_policy_severity,global_event_political_policy_severity,global_event_context,global_event_exposure,0.0,0.0,average_precision,test,2318,Drop in PR-AUC after permuting one raw input column on the temporal test split; not causal.
sector_relative_improvement_next_4obs,robustness_extension,random_forest,global_event_geopolitical_war_count,global_event_geopolitical_war_count,global_event_geopolitical_war_count,global_event_context,global_event_exposure,0.0,0.0,average_precision,test,2318,Drop in PR-AUC after permuting one raw input column on the temporal test split; not causal.
sector_relative_improvement_next_4obs,robustness_extension,random_forest,global_event_political_policy_count,global_event_political_policy_count,global_event_political_policy_count,global_event_context,global_event_exposure,0.0,0.0,average_precision,test,2318,Drop in PR-AUC after permuting one raw input column on the temporal test split; not causal.
sector_relative_improvement_next_4obs,robustness_extension,random_forest,global_event_geopolitical_war_severity,global_event_geopolitical_war_severity,global_event_geopolitical_war_severity,global_event_context,global_event_exposure,0.0,0.0,average_precision,test,2318,Drop in PR-AUC after permuting one raw input column on the temporal test split; not causal.
sector_relative_improvement_next_4obs,robustness_extension,random_forest,global_event_monetary_inflation_count,global_event_monetary_inflation_count,global_event_monetary_inflation_count,global_event_context,global_event_exposure,0.0,0.0,average_precision,test,2318,Drop in PR-AUC after permuting one raw input column on the temporal test split; not causal.
sector_relative_improvement_next_4obs,robustness_extension,random_forest,global_event_monetary_inflation_severity,global_event_monetary_inflation_severity,global_event_monetary_inflation_severity,global_event_context,global_event_exposure,0.0,0.0,average_precision,test,2318,Drop in PR-AUC after permuting one raw input column on the temporal test split; not causal.
sector_relative_improvement_next_4obs,robustness_extension,random_forest,global_event_pandemic_severity,global_event_pandemic_severity,global_event_pandemic_severity,global_event_context,global_event_exposure,0.0,0.0,average_precision,test,2318,Drop in PR-AUC after permuting one raw input column on the temporal test split; not causal.
sector_relative_improvement_next_4obs,robustness_extension,random_forest,global_event_natural_disaster_count,global_event_natural_disaster_count,global_event_natural_disaster_count,global_event_context,global_event_exposure,0.0,0.0,average_precision,test,2318,Drop in PR-AUC after permuting one raw input column on the temporal test split; not causal.
sector_relative_improvement_next_4obs,robustness_extension,random_forest,global_event_trade_policy_severity,global_event_trade_policy_severity,global_event_trade_policy_severity,global_event_context,global_event_exposure,0.0,0.0,average_precision,test,2318,Drop in PR-AUC after permuting one raw input column on the temporal test split; not causal.
sector_relative_improvement_next_4obs,robustness_extension,random_forest,global_event_natural_disaster_severity,global_event_natural_disaster_severity,global_event_natural_disaster_severity,global_event_context,global_event_exposure,0.0,0.0,average_precision,test,2318,Drop in PR-AUC after permuting one raw input column on the temporal test split; not causal.
sector_relative_improvement_next_4obs,robustness_extension,random_forest,global_event_pandemic_count,global_event_pandemic_count,global_event_pandemic_count,global_event_context,global_event_exposure,0.0,0.0,average_precision,test,2318,Drop in PR-AUC after permuting one raw input column on the temporal test split; not causal.
sector_relative_improvement_next_4obs,robustness_extension,random_forest,global_event_banking_stress_count,global_event_banking_stress_count,global_event_banking_stress_count,global_event_context,global_event_exposure,0.0,0.0,average_precision,test,2318,Drop in PR-AUC after permuting one raw input column on the temporal test split; not causal.
sector_relative_improvement_next_4obs,robustness_extension,random_forest,demand_slowdown_regime,demand_slowdown_regime,demand_slowdown_regime,accounting_fundamental,accounting_fundamentals,0.0,0.0,average_precision,test,2318,Drop in PR-AUC after permuting one raw input column on the temporal test split; not causal.
sector_relative_improvement_next_4obs,robustness_extension,random_forest,PAYEMS,PAYEMS,PAYEMS,macro_conditions,real_activity_conditions,0.0,0.0,average_precision,test,2318,Drop in PR-AUC after permuting one raw input column on the temporal test split; not causal.
sector_relative_improvement_next_4obs,robustness_extension,random_forest,global_event_trade_policy_count,global_event_trade_policy_count,global_event_trade_policy_count,global_event_context,global_event_exposure,0.0,0.0,average_precision,test,2318,Drop in PR-AUC after permuting one raw input column on the temporal test split; not causal.
sector_relative_improvement_next_4obs,robustness_extension,random_forest,GDPC1,GDPC1,GDPC1,macro_conditions,real_activity_conditions,0.0,0.0,average_precision,test,2318,Drop in PR-AUC after permuting one raw input column on the temporal test split; not causal.
sector_relative_improvement_next_4obs,robustness_extension,random_forest,M2SL,M2SL,M2SL,macro_conditions,macro_price_policy_conditions,0.0,0.0,average_precision,test,2318,Drop in PR-AUC after permuting one raw input column on the temporal test split; not causal.
sector_relative_improvement_next_4obs,robustness_extension,random_forest,CPIAUCSL,CPIAUCSL,CPIAUCSL,macro_conditions,macro_price_policy_conditions,0.0,0.0,average_precision,test,2318,Drop in PR-AUC after permuting one raw input column on the temporal test split; not causal.
sector_relative_improvement_next_4obs,robustness_extension,random_forest,PPIACO,PPIACO,PPIACO,macro_conditions,macro_price_policy_conditions,0.0,0.0,average_precision,test,2318,Drop in PR-AUC after permuting one raw input column on the temporal test split; not causal.
sector_relative_improvement_next_4obs,robustness_extension,random_forest,RSAFS,RSAFS,RSAFS,macro_conditions,real_activity_conditions,0.0,0.0,average_precision,test,2318,Drop in PR-AUC after permuting one raw input column on the temporal test split; not causal.
sector_relative_improvement_next_4obs,robustness_extension,random_forest,BUSLOANS,BUSLOANS,BUSLOANS,macro_conditions,credit_and_financial_conditions,0.0,0.0,average_precision,test,2318,Drop in PR-AUC after permuting one raw input column on the temporal test split; not causal.
sector_relative_improvement_next_4obs,robustness_extension,random_forest,global_event_supply_chain_severity,global_event_supply_chain_severity,global_event_supply_chain_severity,global_event_context,global_event_exposure,0.0,0.0,average_precision,test,2318,Drop in PR-AUC after permuting one raw input column on the temporal test split; not causal.
sector_relative_improvement_next_4obs,robustness_extension,random_forest,high_rate_regime,high_rate_regime,high_rate_regime,accounting_fundamental,accounting_fundamentals,0.0,0.0,average_precision,test,2318,Drop in PR-AUC after permuting one raw input column on the temporal test split; not causal.
sector_relative_improvement_next_4obs,robustness_extension,random_forest,tight_financial_conditions,tight_financial_conditions,tight_financial_conditions,accounting_fundamental,accounting_fundamentals,0.0,0.0,average_precision,test,2318,Drop in PR-AUC after permuting one raw input column on the temporal test split; not causal.
sector_relative_improvement_next_4obs,robustness_extension,random_forest,yield_curve_inversion_regime,yield_curve_inversion_regime,yield_curve_inversion_regime,accounting_fundamental,accounting_fundamentals,0.0,0.0,average_precision,test,2318,Drop in PR-AUC after permuting one raw input column on the temporal test split; not causal.
sector_relative_improvement_next_4obs,robustness_extension,random_forest,inflation_pressure_regime,inflation_pressure_regime,inflation_pressure_regime,accounting_fundamental,accounting_fundamentals,0.0,0.0,average_precision,test,2318,Drop in PR-AUC after permuting one raw input column on the temporal test split; not causal.
sector_relative_improvement_next_4obs,robustness_extension,random_forest,credit_spread_stress_regime,credit_spread_stress_regime,credit_spread_stress_regime,accounting_fundamental,accounting_fundamentals,-1.8562861326065772e-06,6.898666152784398e-05,average_precision,test,2318,Drop in PR-AUC after permuting one raw input column on the temporal test split; not causal.
sector_relative_improvement_next_4obs,robustness_extension,random_forest,credit_tightening_regime,credit_tightening_regime,credit_tightening_regime,accounting_fundamental,accounting_fundamentals,-9.433819451309943e-06,9.222529913312362e-05,average_precision,test,2318,Drop in PR-AUC after permuting one raw input column on the temporal test split; not causal.
sector_relative_improvement_next_4obs,robustness_extension,random_forest,crisis_regime,crisis_regime,crisis_regime,accounting_fundamental,accounting_fundamentals,-2.5432874226183344e-05,0.00021287800571487001,average_precision,test,2318,Drop in PR-AUC after permuting one raw input column on the temporal test split; not causal.
sector_relative_improvement_next_4obs,robustness_extension,random_forest,NFCI,NFCI,NFCI,macro_conditions,credit_and_financial_conditions,-6.73483149493448e-05,0.0008042309787104393,average_precision,test,2318,Drop in PR-AUC after permuting one raw input column on the temporal test split; not causal.
sector_relative_improvement_next_4obs,robustness_extension,random_forest,leverage_assets,leverage_assets,leverage_assets,financial_ratio,balance_sheet_leverage_liquidity,-7.266367117488847e-05,0.0025374463027316853,average_precision,test,2318,Drop in PR-AUC after permuting one raw input column on the temporal test split; not causal.
sector_relative_improvement_next_4obs,robustness_extension,random_forest,INDPRO,INDPRO,INDPRO,macro_conditions,real_activity_conditions,-8.695679887242847e-05,8.968929076250575e-05,average_precision,test,2318,Drop in PR-AUC after permuting one raw input column on the temporal test split; not causal.
sector_relative_improvement_next_4obs,robustness_extension,random_forest,DTWEXBGS,DTWEXBGS,DTWEXBGS,macro_conditions,macro_price_policy_conditions,-8.89858282250966e-05,0.00022954348938115487,average_precision,test,2318,Drop in PR-AUC after permuting one raw input column on the temporal test split; not causal.
sector_relative_improvement_next_4obs,robustness_extension,random_forest,stress_elevated_v2,stress_elevated_v2,stress_elevated_v2,market_health_v2,market_stress_regime,-9.249901435723907e-05,0.00017891040138998915,average_precision,test,2318,Drop in PR-AUC after permuting one raw input column on the temporal test split; not causal.
sector_relative_improvement_next_4obs,robustness_extension,random_forest,long_term_debt,long_term_debt,long_term_debt,accounting_fundamental,balance_sheet_obligations,-0.00010661175224084829,0.0007040234381703373,average_precision,test,2318,Drop in PR-AUC after permuting one raw input column on the temporal test split; not causal.
sector_relative_improvement_next_4obs,robustness_extension,random_forest,UNRATE,UNRATE,UNRATE,macro_conditions,real_activity_conditions,-0.00013908976444159115,0.0005123588720626582,average_precision,test,2318,Drop in PR-AUC after permuting one raw input column on the temporal test split; not causal.
sector_relative_improvement_next_4obs,robustness_extension,random_forest,real_activity_pressure_score,real_activity_pressure_score,real_activity_pressure_score,market_health_v2,market_stress_regime,-0.00019540571799296912,0.00020843351510703518,average_precision,test,2318,Drop in PR-AUC after permuting one raw input column on the temporal test split; not causal.
sector_relative_improvement_next_4obs,robustness_extension,random_forest,global_event_count,global_event_count,global_event_count,global_event_context,global_event_exposure,-0.00020901103424113553,9.674269676291816e-05,average_precision,test,2318,Drop in PR-AUC after permuting one raw input column on the temporal test split; not causal.
sector_relative_improvement_next_4obs,robustness_extension,random_forest,CPIAUCSL_yoy_pct,CPIAUCSL_yoy_pct,CPIAUCSL_yoy_pct,macro_conditions,macro_price_policy_conditions,-0.00021668735027466913,0.00037199006276994944,average_precision,test,2318,Drop in PR-AUC after permuting one raw input column on the temporal test split; not causal.
sector_relative_improvement_next_4obs,robustness_extension,random_forest,current_ratio_change_4obs,current_ratio_change_4obs,current_ratio_change_4obs,firm_trend,firm_momentum_or_deterioration,-0.00022327669479575983,0.0008813504560920817,average_precision,test,2318,Drop in PR-AUC after permuting one raw input column on the temporal test split; not causal.
sector_relative_improvement_next_4obs,robustness_extension,random_forest,DCOILWTICO,DCOILWTICO,DCOILWTICO,macro_conditions,macro_price_policy_conditions,-0.0003209573871841842,0.0009845619500300565,average_precision,test,2318,Drop in PR-AUC after permuting one raw input column on the temporal test split; not causal.
sector_relative_improvement_next_4obs,robustness_extension,random_forest,market_stress_score_v2,market_stress_score_v2,market_stress_score_v2,market_health_v2,market_stress_regime,-0.0003272454534087643,0.00017858141291898758,average_precision,test,2318,Drop in PR-AUC after permuting one raw input column on the temporal test split; not causal.
sector_relative_improvement_next_4obs,robustness_extension,random_forest,leverage_assets_change_4obs,leverage_assets_change_4obs,leverage_assets_change_4obs,firm_trend,firm_momentum_or_deterioration,-0.00045083646883701254,0.0009554925926047065,average_precision,test,2318,Drop in PR-AUC after permuting one raw input column on the temporal test split; not causal.
sector_relative_improvement_next_4obs,robustness_extension,random_forest,net_income,net_income,net_income,accounting_fundamental,earnings_and_scale,-0.0004810564813129581,0.0012838209730009148,average_precision,test,2318,Drop in PR-AUC after permuting one raw input column on the temporal test split; not causal.
sector_relative_improvement_next_4obs,robustness_extension,random_forest,HOUST_yoy_pct,HOUST_yoy_pct,HOUST_yoy_pct,macro_conditions,real_activity_conditions,-0.00048653556728464056,0.0004719047278066112,average_precision,test,2318,Drop in PR-AUC after permuting one raw input column on the temporal test split; not causal.
sector_relative_improvement_next_4obs,robustness_extension,random_forest,operating_income,operating_income,operating_income,accounting_fundamental,earnings_and_scale,-0.0005724540392323841,0.0021105432420025568,average_precision,test,2318,Drop in PR-AUC after permuting one raw input column on the temporal test split; not causal.
sector_relative_improvement_next_4obs,robustness_extension,random_forest,gross_margin_change_4obs,gross_margin_change_4obs,gross_margin_change_4obs,firm_trend,firm_momentum_or_deterioration,-0.0005861582994407088,0.001050103417957341,average_precision,test,2318,Drop in PR-AUC after permuting one raw input column on the temporal test split; not causal.
sector_relative_improvement_next_4obs,robustness_extension,random_forest,PPIACO_yoy_pct,PPIACO_yoy_pct,PPIACO_yoy_pct,macro_conditions,macro_price_policy_conditions,-0.000702667520272926,0.0008282527871392017,average_precision,test,2318,Drop in PR-AUC after permuting one raw input column on the temporal test split; not causal.
sector_relative_improvement_next_4obs,robustness_extension,random_forest,total_revenue_growth_4obs,total_revenue_growth_4obs,total_revenue_growth_4obs,firm_trend,firm_momentum_or_deterioration,-0.0007112225665488082,0.0015741820799153605,average_precision,test,2318,Drop in PR-AUC after permuting one raw input column on the temporal test split; not causal.
sector_relative_improvement_next_4obs,robustness_extension,random_forest,capex_intensity_revenue,capex_intensity_revenue,capex_intensity_revenue,financial_quality_cashflow,cash_flow_quality,-0.0011554719361671407,0.001749437116391372,average_precision,test,2318,Drop in PR-AUC after permuting one raw input column on the temporal test split; not causal.
sector_relative_improvement_next_4obs,robustness_extension,random_forest,cash_assets_lag1,cash_assets_lag1,cash_assets_lag1,firm_trend,firm_momentum_or_deterioration,-0.0012696016415501665,0.001142777691726073,average_precision,test,2318,Drop in PR-AUC after permuting one raw input column on the temporal test split; not causal.
sector_relative_improvement_next_4obs,robustness_extension,random_forest,total_liabilities_growth_4obs,total_liabilities_growth_4obs,total_liabilities_growth_4obs,firm_trend,firm_momentum_or_deterioration,-0.001539194331429572,0.0016309384385184845,average_precision,test,2318,Drop in PR-AUC after permuting one raw input column on the temporal test split; not causal.
sector_relative_improvement_next_4obs,robustness_extension,random_forest,cash_to_current_liabilities,cash_to_current_liabilities,cash_to_current_liabilities,financial_quality_cashflow,cash_flow_quality,-0.001550652594226687,0.0022811260623222794,average_precision,test,2318,Drop in PR-AUC after permuting one raw input column on the temporal test split; not causal.
sector_relative_improvement_next_4obs,robustness_extension,random_forest,BUSLOANS_yoy_pct,BUSLOANS_yoy_pct,BUSLOANS_yoy_pct,macro_conditions,credit_and_financial_conditions,-0.0015725405652834644,0.00030336998549639944,average_precision,test,2318,Drop in PR-AUC after permuting one raw input column on the temporal test split; not causal.
sector_relative_improvement_next_4obs,robustness_extension,random_forest,operating_margin,operating_margin,operating_margin,financial_ratio,profitability_and_efficiency,-0.0036578533346984577,0.005354303559718804,average_precision,test,2318,Drop in PR-AUC after permuting one raw input column on the temporal test split; not causal.
sector_relative_improvement_next_4obs,robustness_extension,random_forest,net_margin,net_margin,net_margin,financial_ratio,profitability_and_efficiency,-0.004863601354894387,0.0031131772567123818,average_precision,test,2318,Drop in PR-AUC after permuting one raw input column on the temporal test split; not causal.
persistent_resilience_next_6obs,robustness_extension,random_forest,leverage_assets,leverage_assets,leverage_assets,financial_ratio,balance_sheet_leverage_liquidity,0.01450404317607994,0.0006889848235045331,average_precision,test,4000,Drop in PR-AUC after permuting one raw input column on the temporal test split; not causal.
persistent_resilience_next_6obs,robustness_extension,random_forest,equity_assets,equity_assets,equity_assets,financial_ratio,balance_sheet_leverage_liquidity,0.014287198924305522,0.0006691465943866171,average_precision,test,4000,Drop in PR-AUC after permuting one raw input column on the temporal test split; not causal.
persistent_resilience_next_6obs,robustness_extension,random_forest,leverage_assets_lag1,leverage_assets_lag1,leverage_assets_lag1,firm_trend,firm_momentum_or_deterioration,0.009880883456644706,0.000674859442422705,average_precision,test,4000,Drop in PR-AUC after permuting one raw input column on the temporal test split; not causal.
persistent_resilience_next_6obs,robustness_extension,random_forest,roa,roa,roa,financial_ratio,profitability_and_efficiency,0.0042196862801121785,0.0015813745473372421,average_precision,test,4000,Drop in PR-AUC after permuting one raw input column on the temporal test split; not causal.
persistent_resilience_next_6obs,robustness_extension,random_forest,total_equity,total_equity,total_equity,accounting_fundamental,asset_base_liquidity_and_investment,0.004191708937662542,0.0012974253511027847,average_precision,test,4000,Drop in PR-AUC after permuting one raw input column on the temporal test split; not causal.
persistent_resilience_next_6obs,robustness_extension,random_forest,roa_lag1,roa_lag1,roa_lag1,firm_trend,firm_momentum_or_deterioration,0.003317438443177956,0.0007213324047321573,average_precision,test,4000,Drop in PR-AUC after permuting one raw input column on the temporal test split; not causal.
persistent_resilience_next_6obs,robustness_extension,random_forest,net_income_negative_count_prior_4obs,net_income_negative_count_prior_4obs,net_income_negative_count_prior_4obs,accounting_fundamental,accounting_fundamentals,0.0033142150790150373,0.002123528403637622,average_precision,test,4000,Drop in PR-AUC after permuting one raw input column on the temporal test split; not causal.
persistent_resilience_next_6obs,robustness_extension,random_forest,net_income,net_income,net_income,accounting_fundamental,earnings_and_scale,0.0022656398044980765,0.0011122459084450251,average_precision,test,4000,Drop in PR-AUC after permuting one raw input column on the temporal test split; not causal.
persistent_resilience_next_6obs,robustness_extension,random_forest,total_revenue_growth_4obs,total_revenue_growth_4obs,total_revenue_growth_4obs,firm_trend,firm_momentum_or_deterioration,0.0017759355527950937,0.0007487257827172249,average_precision,test,4000,Drop in PR-AUC after permuting one raw input column on the temporal test split; not causal.
persistent_resilience_next_6obs,robustness_extension,random_forest,net_margin_lag1,net_margin_lag1,net_margin_lag1,firm_trend,firm_momentum_or_deterioration,0.0011962596262073077,0.0009847385841927534,average_precision,test,4000,Drop in PR-AUC after permuting one raw input column on the temporal test split; not causal.
persistent_resilience_next_6obs,robustness_extension,random_forest,total_assets_growth_4obs,total_assets_growth_4obs,total_assets_growth_4obs,firm_trend,firm_momentum_or_deterioration,0.0011530912487362822,0.0005611145368885676,average_precision,test,4000,Drop in PR-AUC after permuting one raw input column on the temporal test split; not causal.
persistent_resilience_next_6obs,robustness_extension,random_forest,operating_margin_lag1,operating_margin_lag1,operating_margin_lag1,firm_trend,firm_momentum_or_deterioration,0.0009512351189110869,0.0009108560408567519,average_precision,test,4000,Drop in PR-AUC after permuting one raw input column on the temporal test split; not causal.
persistent_resilience_next_6obs,robustness_extension,random_forest,long_term_debt,long_term_debt,long_term_debt,accounting_fundamental,balance_sheet_obligations,0.0009315236521568737,0.00029838363635285804,average_precision,test,4000,Drop in PR-AUC after permuting one raw input column on the temporal test split; not causal.
persistent_resilience_next_6obs,robustness_extension,random_forest,operating_income,operating_income,operating_income,accounting_fundamental,earnings_and_scale,0.0007928686085015624,0.0014978082958336594,average_precision,test,4000,Drop in PR-AUC after permuting one raw input column on the temporal test split; not causal.
persistent_resilience_next_6obs,robustness_extension,random_forest,total_liabilities,total_liabilities,total_liabilities,accounting_fundamental,balance_sheet_obligations,0.0007567457370544872,0.0006799292173698371,average_precision,test,4000,Drop in PR-AUC after permuting one raw input column on the temporal test split; not causal.
persistent_resilience_next_6obs,robustness_extension,random_forest,receivables_assets,receivables_assets,receivables_assets,financial_ratio,profitability_and_efficiency,0.0006821663547696532,0.00048725580430993964,average_precision,test,4000,Drop in PR-AUC after permuting one raw input column on the temporal test split; not causal.
persistent_resilience_next_6obs,robustness_extension,random_forest,PAYEMS_yoy_pct,PAYEMS_yoy_pct,PAYEMS_yoy_pct,macro_conditions,real_activity_conditions,0.0006115043129895304,0.00019930537236648635,average_precision,test,4000,Drop in PR-AUC after permuting one raw input column on the temporal test split; not causal.
persistent_resilience_next_6obs,robustness_extension,random_forest,current_ratio_lag1,current_ratio_lag1,current_ratio_lag1,firm_trend,firm_momentum_or_deterioration,0.0005891286931274387,0.0005295979233472052,average_precision,test,4000,Drop in PR-AUC after permuting one raw input column on the temporal test split; not causal.
persistent_resilience_next_6obs,robustness_extension,random_forest,net_margin,net_margin,net_margin,financial_ratio,profitability_and_efficiency,0.0005388567870216798,0.000679868486221535,average_precision,test,4000,Drop in PR-AUC after permuting one raw input column on the temporal test split; not causal.
persistent_resilience_next_6obs,robustness_extension,random_forest,net_margin_change_4obs,net_margin_change_4obs,net_margin_change_4obs,firm_trend,firm_momentum_or_deterioration,0.0004813158457568356,0.0007977034000949113,average_precision,test,4000,Drop in PR-AUC after permuting one raw input column on the temporal test split; not causal.
persistent_resilience_next_6obs,robustness_extension,random_forest,capex_intensity_assets,capex_intensity_assets,capex_intensity_assets,financial_quality_cashflow,cash_flow_quality,0.00039265102007022266,0.0006150937747610805,average_precision,test,4000,Drop in PR-AUC after permuting one raw input column on the temporal test split; not causal.
persistent_resilience_next_6obs,robustness_extension,random_forest,gross_margin_change_4obs,gross_margin_change_4obs,gross_margin_change_4obs,firm_trend,firm_momentum_or_deterioration,0.00034775450445108104,0.00020432788301100164,average_precision,test,4000,Drop in PR-AUC after permuting one raw input column on the temporal test split; not causal.
persistent_resilience_next_6obs,robustness_extension,random_forest,BAMLH0A0HYM2,BAMLH0A0HYM2,BAMLH0A0HYM2,macro_conditions,credit_and_financial_conditions,0.00031995490462812806,8.704624048227798e-05,average_precision,test,4000,Drop in PR-AUC after permuting one raw input column on the temporal test split; not causal.
persistent_resilience_next_6obs,robustness_extension,random_forest,cfo_assets,cfo_assets,cfo_assets,financial_quality_cashflow,cash_flow_quality,0.00027632228714171705,0.0003361004152906661,average_precision,test,4000,Drop in PR-AUC after permuting one raw input column on the temporal test split; not causal.
persistent_resilience_next_6obs,robustness_extension,random_forest,DCOILWTICO_yoy_pct,DCOILWTICO_yoy_pct,DCOILWTICO_yoy_pct,macro_conditions,macro_price_policy_conditions,0.0002692163994480579,0.00012063099396953292,average_precision,test,4000,Drop in PR-AUC after permuting one raw input column on the temporal test split; not causal.
persistent_resilience_next_6obs,robustness_extension,random_forest,current_liabilities,current_liabilities,current_liabilities,accounting_fundamental,balance_sheet_obligations,0.00024466265800016096,0.0005255611314690035,average_precision,test,4000,Drop in PR-AUC after permuting one raw input column on the temporal test split; not causal.
persistent_resilience_next_6obs,robustness_extension,random_forest,BUSLOANS_yoy_pct,BUSLOANS_yoy_pct,BUSLOANS_yoy_pct,macro_conditions,credit_and_financial_conditions,0.00024042617144428568,0.00015674658400532468,average_precision,test,4000,Drop in PR-AUC after permuting one raw input column on the temporal test split; not causal.
persistent_resilience_next_6obs,robustness_extension,random_forest,gross_margin_lag1,gross_margin_lag1,gross_margin_lag1,firm_trend,firm_momentum_or_deterioration,0.00023192724091023465,0.00015198165483629305,average_precision,test,4000,Drop in PR-AUC after permuting one raw input column on the temporal test split; not causal.
persistent_resilience_next_6obs,robustness_extension,random_forest,cfo_margin,cfo_margin,cfo_margin,financial_quality_cashflow,cash_flow_quality,0.00022132409477229053,0.00018448704615995268,average_precision,test,4000,Drop in PR-AUC after permuting one raw input column on the temporal test split; not causal.
persistent_resilience_next_6obs,robustness_extension,random_forest,credit_stress_score,credit_stress_score,credit_stress_score,market_health_v2,market_stress_regime,0.00020566517773659143,2.2089653137300725e-05,average_precision,test,4000,Drop in PR-AUC after permuting one raw input column on the temporal test split; not causal.
persistent_resilience_next_6obs,robustness_extension,random_forest,credit_tightening_regime,credit_tightening_regime,credit_tightening_regime,accounting_fundamental,accounting_fundamentals,0.0001919968393620186,5.2553654025580726e-05,average_precision,test,4000,Drop in PR-AUC after permuting one raw input column on the temporal test split; not causal.
persistent_resilience_next_6obs,robustness_extension,random_forest,current_assets_growth_4obs,current_assets_growth_4obs,current_assets_growth_4obs,firm_trend,firm_momentum_or_deterioration,0.00019153061612220412,0.000388312962464257,average_precision,test,4000,Drop in PR-AUC after permuting one raw input column on the temporal test split; not causal.
persistent_resilience_next_6obs,robustness_extension,random_forest,UNRATE,UNRATE,UNRATE,macro_conditions,real_activity_conditions,0.0001870284299727798,2.302015709734679e-05,average_precision,test,4000,Drop in PR-AUC after permuting one raw input column on the temporal test split; not causal.
persistent_resilience_next_6obs,robustness_extension,random_forest,gross_profit,gross_profit,gross_profit,accounting_fundamental,earnings_and_scale,0.00018681039593757554,0.0003738515765415708,average_precision,test,4000,Drop in PR-AUC after permuting one raw input column on the temporal test split; not causal.
persistent_resilience_next_6obs,robustness_extension,random_forest,real_activity_pressure_score,real_activity_pressure_score,real_activity_pressure_score,market_health_v2,market_stress_regime,0.0001685763775324478,2.4819683884028066e-05,average_precision,test,4000,Drop in PR-AUC after permuting one raw input column on the temporal test split; not causal.
persistent_resilience_next_6obs,robustness_extension,random_forest,debt_to_cfo,debt_to_cfo,debt_to_cfo,financial_quality_cashflow,cash_flow_quality,0.00016369928334094563,0.00015226386288188186,average_precision,test,4000,Drop in PR-AUC after permuting one raw input column on the temporal test split; not causal.
persistent_resilience_next_6obs,robustness_extension,random_forest,PPIACO_yoy_pct,PPIACO_yoy_pct,PPIACO_yoy_pct,macro_conditions,macro_price_policy_conditions,0.00014385789811719452,8.581682241870335e-05,average_precision,test,4000,Drop in PR-AUC after permuting one raw input column on the temporal test split; not causal.
persistent_resilience_next_6obs,robustness_extension,random_forest,current_ratio,current_ratio,current_ratio,financial_ratio,balance_sheet_leverage_liquidity,0.00014278655864794488,0.00023788159645059227,average_precision,test,4000,Drop in PR-AUC after permuting one raw input column on the temporal test split; not causal.
persistent_resilience_next_6obs,robustness_extension,random_forest,roa_change_4obs,roa_change_4obs,roa_change_4obs,firm_trend,firm_momentum_or_deterioration,0.00012981125040516516,0.0005325867811763208,average_precision,test,4000,Drop in PR-AUC after permuting one raw input column on the temporal test split; not causal.
persistent_resilience_next_6obs,robustness_extension,random_forest,USEPUINDXD,USEPUINDXD,USEPUINDXD,macro_conditions,macro_price_policy_conditions,0.00012563412404420493,9.086712493003257e-05,average_precision,test,4000,Drop in PR-AUC after permuting one raw input column on the temporal test split; not causal.
persistent_resilience_next_6obs,robustness_extension,random_forest,leverage_assets_change_4obs,leverage_assets_change_4obs,leverage_assets_change_4obs,firm_trend,firm_momentum_or_deterioration,0.00010309895526217083,0.0003909506004734649,average_precision,test,4000,Drop in PR-AUC after permuting one raw input column on the temporal test split; not causal.
persistent_resilience_next_6obs,robustness_extension,random_forest,working_capital_assets,working_capital_assets,working_capital_assets,financial_quality_cashflow,cash_flow_quality,9.245690948207485e-05,0.0002449329912874474,average_precision,test,4000,Drop in PR-AUC after permuting one raw input column on the temporal test split; not causal.
persistent_resilience_next_6obs,robustness_extension,random_forest,market_health_score_v2,market_health_score_v2,market_health_score_v2,market_health_v2,market_stress_regime,8.507019750063627e-05,4.0373525985542286e-05,average_precision,test,4000,Drop in PR-AUC after permuting one raw input column on the temporal test split; not causal.
persistent_resilience_next_6obs,robustness_extension,random_forest,prediction_quarter,prediction_quarter,prediction_quarter,accounting_fundamental,accounting_fundamentals,7.998401049591486e-05,9.696183393961612e-05,average_precision,test,4000,Drop in PR-AUC after permuting one raw input column on the temporal test split; not causal.
persistent_resilience_next_6obs,robustness_extension,random_forest,INDPRO_yoy_pct,INDPRO_yoy_pct,INDPRO_yoy_pct,macro_conditions,real_activity_conditions,7.448456854100005e-05,7.279106894146411e-05,average_precision,test,4000,Drop in PR-AUC after permuting one raw input column on the temporal test split; not causal.
persistent_resilience_next_6obs,robustness_extension,random_forest,RSAFS_yoy_pct,RSAFS_yoy_pct,RSAFS_yoy_pct,macro_conditions,real_activity_conditions,7.317338993362288e-05,0.00010257527615968992,average_precision,test,4000,Drop in PR-AUC after permuting one raw input column on the temporal test split; not causal.
persistent_resilience_next_6obs,robustness_extension,random_forest,strong_dollar_regime,strong_dollar_regime,strong_dollar_regime,accounting_fundamental,accounting_fundamentals,7.260351067175374e-05,5.389958224337395e-05,average_precision,test,4000,Drop in PR-AUC after permuting one raw input column on the temporal test split; not causal.
persistent_resilience_next_6obs,robustness_extension,random_forest,total_liabilities_growth_4obs,total_liabilities_growth_4obs,total_liabilities_growth_4obs,firm_trend,firm_momentum_or_deterioration,5.33608617909076e-05,0.00039032287932912847,average_precision,test,4000,Drop in PR-AUC after permuting one raw input column on the temporal test split; not causal.
persistent_resilience_next_6obs,robustness_extension,random_forest,NFCI,NFCI,NFCI,macro_conditions,credit_and_financial_conditions,5.0551219821559634e-05,6.790396134711468e-05,average_precision,test,4000,Drop in PR-AUC after permuting one raw input column on the temporal test split; not causal.
persistent_resilience_next_6obs,robustness_extension,random_forest,market_stress_score_v2,market_stress_score_v2,market_stress_score_v2,market_health_v2,market_stress_regime,4.9190792610964704e-05,1.5497708965827967e-05,average_precision,test,4000,Drop in PR-AUC after permuting one raw input column on the temporal test split; not causal.
persistent_resilience_next_6obs,robustness_extension,random_forest,global_event_severity_sum,global_event_severity_sum,global_event_severity_sum,global_event_context,global_event_exposure,4.399434680577574e-05,2.5754020793988294e-05,average_precision,test,4000,Drop in PR-AUC after permuting one raw input column on the temporal test split; not causal.
persistent_resilience_next_6obs,robustness_extension,random_forest,current_ratio_change_4obs,current_ratio_change_4obs,current_ratio_change_4obs,firm_trend,firm_momentum_or_deterioration,3.561744654969612e-05,0.0001614069211711629,average_precision,test,4000,Drop in PR-AUC after permuting one raw input column on the temporal test split; not causal.
persistent_resilience_next_6obs,robustness_extension,random_forest,oil_shock_regime,oil_shock_regime,oil_shock_regime,accounting_fundamental,accounting_fundamentals,3.511038664736343e-05,1.675696922752699e-05,average_precision,test,4000,Drop in PR-AUC after permuting one raw input column on the temporal test split; not causal.
persistent_resilience_next_6obs,robustness_extension,random_forest,VIXCLS,VIXCLS,VIXCLS,macro_conditions,macro_price_policy_conditions,2.920250992077822e-05,7.926133683904033e-05,average_precision,test,4000,Drop in PR-AUC after permuting one raw input column on the temporal test split; not causal.
persistent_resilience_next_6obs,robustness_extension,random_forest,policy_uncertainty_score,policy_uncertainty_score,policy_uncertainty_score,market_health_v2,market_stress_regime,2.3813243885784097e-05,7.52557075914602e-05,average_precision,test,4000,Drop in PR-AUC after permuting one raw input column on the temporal test split; not causal.
persistent_resilience_next_6obs,robustness_extension,random_forest,accruals_assets,accruals_assets,accruals_assets,financial_quality_cashflow,cash_flow_quality,1.1624993947845218e-05,0.00026734285876134914,average_precision,test,4000,Drop in PR-AUC after permuting one raw input column on the temporal test split; not causal.
persistent_resilience_next_6obs,robustness_extension,random_forest,crisis_regime,crisis_regime,crisis_regime,accounting_fundamental,accounting_fundamentals,1.0467754906651194e-05,3.3746083638226954e-06,average_precision,test,4000,Drop in PR-AUC after permuting one raw input column on the temporal test split; not causal.
persistent_resilience_next_6obs,robustness_extension,random_forest,HOUST,HOUST,HOUST,macro_conditions,real_activity_conditions,7.257122541148852e-06,2.6958222252448316e-05,average_precision,test,4000,Drop in PR-AUC after permuting one raw input column on the temporal test split; not causal.
persistent_resilience_next_6obs,robustness_extension,random_forest,market_stress_regime,market_stress_regime,market_stress_regime,accounting_fundamental,accounting_fundamentals,9.450173699354636e-07,6.548850108823088e-06,average_precision,test,4000,Drop in PR-AUC after permuting one raw input column on the temporal test split; not causal.
persistent_resilience_next_6obs,robustness_extension,random_forest,global_event_pandemic_severity,global_event_pandemic_severity,global_event_pandemic_severity,global_event_context,global_event_exposure,0.0,0.0,average_precision,test,4000,Drop in PR-AUC after permuting one raw input column on the temporal test split; not causal.
persistent_resilience_next_6obs,robustness_extension,random_forest,inflation_pressure_regime,inflation_pressure_regime,inflation_pressure_regime,accounting_fundamental,accounting_fundamentals,0.0,0.0,average_precision,test,4000,Drop in PR-AUC after permuting one raw input column on the temporal test split; not causal.
persistent_resilience_next_6obs,robustness_extension,random_forest,yield_curve_inversion_regime,yield_curve_inversion_regime,yield_curve_inversion_regime,accounting_fundamental,accounting_fundamentals,0.0,0.0,average_precision,test,4000,Drop in PR-AUC after permuting one raw input column on the temporal test split; not causal.
persistent_resilience_next_6obs,robustness_extension,random_forest,demand_slowdown_regime,demand_slowdown_regime,demand_slowdown_regime,accounting_fundamental,accounting_fundamentals,0.0,0.0,average_precision,test,4000,Drop in PR-AUC after permuting one raw input column on the temporal test split; not causal.
persistent_resilience_next_6obs,robustness_extension,random_forest,global_event_pandemic_count,global_event_pandemic_count,global_event_pandemic_count,global_event_context,global_event_exposure,0.0,0.0,average_precision,test,4000,Drop in PR-AUC after permuting one raw input column on the temporal test split; not causal.
persistent_resilience_next_6obs,robustness_extension,random_forest,global_event_natural_disaster_severity,global_event_natural_disaster_severity,global_event_natural_disaster_severity,global_event_context,global_event_exposure,0.0,0.0,average_precision,test,4000,Drop in PR-AUC after permuting one raw input column on the temporal test split; not causal.
persistent_resilience_next_6obs,robustness_extension,random_forest,global_event_geopolitical_war_count,global_event_geopolitical_war_count,global_event_geopolitical_war_count,global_event_context,global_event_exposure,0.0,0.0,average_precision,test,4000,Drop in PR-AUC after permuting one raw input column on the temporal test split; not causal.
persistent_resilience_next_6obs,robustness_extension,random_forest,global_event_natural_disaster_count,global_event_natural_disaster_count,global_event_natural_disaster_count,global_event_context,global_event_exposure,0.0,0.0,average_precision,test,4000,Drop in PR-AUC after permuting one raw input column on the temporal test split; not causal.
persistent_resilience_next_6obs,robustness_extension,random_forest,global_event_banking_stress_count,global_event_banking_stress_count,global_event_banking_stress_count,global_event_context,global_event_exposure,0.0,0.0,average_precision,test,4000,Drop in PR-AUC after permuting one raw input column on the temporal test split; not causal.
persistent_resilience_next_6obs,robustness_extension,random_forest,global_event_banking_stress_severity,global_event_banking_stress_severity,global_event_banking_stress_severity,global_event_context,global_event_exposure,0.0,0.0,average_precision,test,4000,Drop in PR-AUC after permuting one raw input column on the temporal test split; not causal.
persistent_resilience_next_6obs,robustness_extension,random_forest,global_event_commodity_oil_count,global_event_commodity_oil_count,global_event_commodity_oil_count,global_event_context,global_event_exposure,0.0,0.0,average_precision,test,4000,Drop in PR-AUC after permuting one raw input column on the temporal test split; not causal.
persistent_resilience_next_6obs,robustness_extension,random_forest,global_event_commodity_oil_severity,global_event_commodity_oil_severity,global_event_commodity_oil_severity,global_event_context,global_event_exposure,0.0,0.0,average_precision,test,4000,Drop in PR-AUC after permuting one raw input column on the temporal test split; not causal.
persistent_resilience_next_6obs,robustness_extension,random_forest,global_event_financial_crisis_count,global_event_financial_crisis_count,global_event_financial_crisis_count,global_event_context,global_event_exposure,0.0,0.0,average_precision,test,4000,Drop in PR-AUC after permuting one raw input column on the temporal test split; not causal.
persistent_resilience_next_6obs,robustness_extension,random_forest,global_event_monetary_inflation_count,global_event_monetary_inflation_count,global_event_monetary_inflation_count,global_event_context,global_event_exposure,0.0,0.0,average_precision,test,4000,Drop in PR-AUC after permuting one raw input column on the temporal test split; not causal.
persistent_resilience_next_6obs,robustness_extension,random_forest,global_event_financial_crisis_severity,global_event_financial_crisis_severity,global_event_financial_crisis_severity,global_event_context,global_event_exposure,0.0,0.0,average_precision,test,4000,Drop in PR-AUC after permuting one raw input column on the temporal test split; not causal.
persistent_resilience_next_6obs,robustness_extension,random_forest,global_event_financial_market_count,global_event_financial_market_count,global_event_financial_market_count,global_event_context,global_event_exposure,0.0,0.0,average_precision,test,4000,Drop in PR-AUC after permuting one raw input column on the temporal test split; not causal.
persistent_resilience_next_6obs,robustness_extension,random_forest,global_event_geopolitical_war_severity,global_event_geopolitical_war_severity,global_event_geopolitical_war_severity,global_event_context,global_event_exposure,0.0,0.0,average_precision,test,4000,Drop in PR-AUC after permuting one raw input column on the temporal test split; not causal.
persistent_resilience_next_6obs,robustness_extension,random_forest,global_event_financial_market_severity,global_event_financial_market_severity,global_event_financial_market_severity,global_event_context,global_event_exposure,0.0,0.0,average_precision,test,4000,Drop in PR-AUC after permuting one raw input column on the temporal test split; not causal.
persistent_resilience_next_6obs,robustness_extension,random_forest,tight_financial_conditions,tight_financial_conditions,tight_financial_conditions,accounting_fundamental,accounting_fundamentals,0.0,0.0,average_precision,test,4000,Drop in PR-AUC after permuting one raw input column on the temporal test split; not causal.
persistent_resilience_next_6obs,robustness_extension,random_forest,global_event_monetary_inflation_severity,global_event_monetary_inflation_severity,global_event_monetary_inflation_severity,global_event_context,global_event_exposure,0.0,0.0,average_precision,test,4000,Drop in PR-AUC after permuting one raw input column on the temporal test split; not causal.
persistent_resilience_next_6obs,robustness_extension,random_forest,global_event_political_policy_count,global_event_political_policy_count,global_event_political_policy_count,global_event_context,global_event_exposure,0.0,0.0,average_precision,test,4000,Drop in PR-AUC after permuting one raw input column on the temporal test split; not causal.
persistent_resilience_next_6obs,robustness_extension,random_forest,global_event_trade_policy_count,global_event_trade_policy_count,global_event_trade_policy_count,global_event_context,global_event_exposure,0.0,0.0,average_precision,test,4000,Drop in PR-AUC after permuting one raw input column on the temporal test split; not causal.
persistent_resilience_next_6obs,robustness_extension,random_forest,global_event_supply_chain_count,global_event_supply_chain_count,global_event_supply_chain_count,global_event_context,global_event_exposure,0.0,0.0,average_precision,test,4000,Drop in PR-AUC after permuting one raw input column on the temporal test split; not causal.
persistent_resilience_next_6obs,robustness_extension,random_forest,GDPC1,GDPC1,GDPC1,macro_conditions,real_activity_conditions,0.0,0.0,average_precision,test,4000,Drop in PR-AUC after permuting one raw input column on the temporal test split; not causal.
persistent_resilience_next_6obs,robustness_extension,random_forest,M2SL,M2SL,M2SL,macro_conditions,macro_price_policy_conditions,0.0,0.0,average_precision,test,4000,Drop in PR-AUC after permuting one raw input column on the temporal test split; not causal.
persistent_resilience_next_6obs,robustness_extension,random_forest,global_event_political_policy_severity,global_event_political_policy_severity,global_event_political_policy_severity,global_event_context,global_event_exposure,0.0,0.0,average_precision,test,4000,Drop in PR-AUC after permuting one raw input column on the temporal test split; not causal.
persistent_resilience_next_6obs,robustness_extension,random_forest,global_event_trade_policy_severity,global_event_trade_policy_severity,global_event_trade_policy_severity,global_event_context,global_event_exposure,0.0,0.0,average_precision,test,4000,Drop in PR-AUC after permuting one raw input column on the temporal test split; not causal.
persistent_resilience_next_6obs,robustness_extension,random_forest,high_rate_regime,high_rate_regime,high_rate_regime,accounting_fundamental,accounting_fundamentals,0.0,0.0,average_precision,test,4000,Drop in PR-AUC after permuting one raw input column on the temporal test split; not causal.
persistent_resilience_next_6obs,robustness_extension,random_forest,global_event_supply_chain_severity,global_event_supply_chain_severity,global_event_supply_chain_severity,global_event_context,global_event_exposure,0.0,0.0,average_precision,test,4000,Drop in PR-AUC after permuting one raw input column on the temporal test split; not causal.
persistent_resilience_next_6obs,robustness_extension,random_forest,CPIAUCSL,CPIAUCSL,CPIAUCSL,macro_conditions,macro_price_policy_conditions,0.0,0.0,average_precision,test,4000,Drop in PR-AUC after permuting one raw input column on the temporal test split; not causal.
persistent_resilience_next_6obs,robustness_extension,random_forest,PPIACO,PPIACO,PPIACO,macro_conditions,macro_price_policy_conditions,0.0,0.0,average_precision,test,4000,Drop in PR-AUC after permuting one raw input column on the temporal test split; not causal.
persistent_resilience_next_6obs,robustness_extension,random_forest,PAYEMS,PAYEMS,PAYEMS,macro_conditions,real_activity_conditions,0.0,0.0,average_precision,test,4000,Drop in PR-AUC after permuting one raw input column on the temporal test split; not causal.
persistent_resilience_next_6obs,robustness_extension,random_forest,RSAFS,RSAFS,RSAFS,macro_conditions,real_activity_conditions,0.0,0.0,average_precision,test,4000,Drop in PR-AUC after permuting one raw input column on the temporal test split; not causal.
persistent_resilience_next_6obs,robustness_extension,random_forest,global_event_sovereign_debt_severity,global_event_sovereign_debt_severity,global_event_sovereign_debt_severity,global_event_context,global_event_exposure,0.0,0.0,average_precision,test,4000,Drop in PR-AUC after permuting one raw input column on the temporal test split; not causal.
persistent_resilience_next_6obs,robustness_extension,random_forest,BUSLOANS,BUSLOANS,BUSLOANS,macro_conditions,credit_and_financial_conditions,0.0,0.0,average_precision,test,4000,Drop in PR-AUC after permuting one raw input column on the temporal test split; not causal.
persistent_resilience_next_6obs,robustness_extension,random_forest,global_event_sovereign_debt_count,global_event_sovereign_debt_count,global_event_sovereign_debt_count,global_event_context,global_event_exposure,0.0,0.0,average_precision,test,4000,Drop in PR-AUC after permuting one raw input column on the temporal test split; not causal.
persistent_resilience_next_6obs,robustness_extension,random_forest,capex,capex,capex,accounting_fundamental,asset_base_liquidity_and_investment,-1.3403364325093036e-07,0.0004876723584521106,average_precision,test,4000,Drop in PR-AUC after permuting one raw input column on the temporal test split; not causal.
persistent_resilience_next_6obs,robustness_extension,random_forest,global_event_count,global_event_count,global_event_count,global_event_context,global_event_exposure,-3.808819705075628e-06,1.4652012399186371e-05,average_precision,test,4000,Drop in PR-AUC after permuting one raw input column on the temporal test split; not causal.
persistent_resilience_next_6obs,robustness_extension,random_forest,gross_margin,gross_margin,gross_margin,financial_ratio,profitability_and_efficiency,-5.738480849593053e-06,0.00036191400812050266,average_precision,test,4000,Drop in PR-AUC after permuting one raw input column on the temporal test split; not causal.
persistent_resilience_next_6obs,robustness_extension,random_forest,stress_elevated_v2,stress_elevated_v2,stress_elevated_v2,market_health_v2,market_stress_regime,-7.90167309736578e-06,2.9900225463791955e-06,average_precision,test,4000,Drop in PR-AUC after permuting one raw input column on the temporal test split; not causal.
persistent_resilience_next_6obs,robustness_extension,random_forest,credit_spread_stress_regime,credit_spread_stress_regime,credit_spread_stress_regime,accounting_fundamental,accounting_fundamentals,-8.187122118075151e-06,2.422641559832736e-06,average_precision,test,4000,Drop in PR-AUC after permuting one raw input column on the temporal test split; not causal.
persistent_resilience_next_6obs,robustness_extension,random_forest,CPIAUCSL_yoy_pct,CPIAUCSL_yoy_pct,CPIAUCSL_yoy_pct,macro_conditions,macro_price_policy_conditions,-1.258506734460596e-05,5.543253387366091e-05,average_precision,test,4000,Drop in PR-AUC after permuting one raw input column on the temporal test split; not causal.
persistent_resilience_next_6obs,robustness_extension,random_forest,DCOILWTICO,DCOILWTICO,DCOILWTICO,macro_conditions,macro_price_policy_conditions,-2.5769936282715732e-05,0.00011654033281108372,average_precision,test,4000,Drop in PR-AUC after permuting one raw input column on the temporal test split; not causal.
persistent_resilience_next_6obs,robustness_extension,random_forest,operating_margin,operating_margin,operating_margin,financial_ratio,profitability_and_efficiency,-5.4655782452295296e-05,0.000961827650126578,average_precision,test,4000,Drop in PR-AUC after permuting one raw input column on the temporal test split; not causal.
persistent_resilience_next_6obs,robustness_extension,random_forest,current_liabilities_growth_4obs,current_liabilities_growth_4obs,current_liabilities_growth_4obs,firm_trend,firm_momentum_or_deterioration,-5.628101012484787e-05,0.0002929913825800939,average_precision,test,4000,Drop in PR-AUC after permuting one raw input column on the temporal test split; not causal.
persistent_resilience_next_6obs,robustness_extension,random_forest,cash_assets_lag1,cash_assets_lag1,cash_assets_lag1,firm_trend,firm_momentum_or_deterioration,-7.185669777971526e-05,0.00010943427688078473,average_precision,test,4000,Drop in PR-AUC after permuting one raw input column on the temporal test split; not causal.
persistent_resilience_next_6obs,robustness_extension,random_forest,cash_flow_operating,cash_flow_operating,cash_flow_operating,accounting_fundamental,asset_base_liquidity_and_investment,-7.372027764380728e-05,0.0004885705652449549,average_precision,test,4000,Drop in PR-AUC after permuting one raw input column on the temporal test split; not causal.
persistent_resilience_next_6obs,robustness_extension,random_forest,operating_margin_change_4obs,operating_margin_change_4obs,operating_margin_change_4obs,firm_trend,firm_momentum_or_deterioration,-7.788045874119742e-05,0.0004726931048464435,average_precision,test,4000,Drop in PR-AUC after permuting one raw input column on the temporal test split; not causal.
persistent_resilience_next_6obs,robustness_extension,random_forest,total_assets,total_assets,total_assets,accounting_fundamental,asset_base_liquidity_and_investment,-0.00010788941719666045,0.0005400025677467963,average_precision,test,4000,Drop in PR-AUC after permuting one raw input column on the temporal test split; not causal.
persistent_resilience_next_6obs,robustness_extension,random_forest,DRTSCILM,DRTSCILM,DRTSCILM,macro_conditions,credit_and_financial_conditions,-0.00011805066425356614,5.995422793753263e-05,average_precision,test,4000,Drop in PR-AUC after permuting one raw input column on the temporal test split; not causal.
persistent_resilience_next_6obs,robustness_extension,random_forest,cash_assets,cash_assets,cash_assets,financial_ratio,balance_sheet_leverage_liquidity,-0.000136275747463932,0.0002579238012957685,average_precision,test,4000,Drop in PR-AUC after permuting one raw input column on the temporal test split; not causal.
persistent_resilience_next_6obs,robustness_extension,random_forest,cash_to_current_liabilities,cash_to_current_liabilities,cash_to_current_liabilities,financial_quality_cashflow,cash_flow_quality,-0.00017139163224721976,0.0003623513317261108,average_precision,test,4000,Drop in PR-AUC after permuting one raw input column on the temporal test split; not causal.
persistent_resilience_next_6obs,robustness_extension,random_forest,HOUST_yoy_pct,HOUST_yoy_pct,HOUST_yoy_pct,macro_conditions,real_activity_conditions,-0.0002051215186654076,0.00021362996342596066,average_precision,test,4000,Drop in PR-AUC after permuting one raw input column on the temporal test split; not causal.
persistent_resilience_next_6obs,robustness_extension,random_forest,cash_equivalents,cash_equivalents,cash_equivalents,accounting_fundamental,asset_base_liquidity_and_investment,-0.00021725878639415884,0.00039081001168051686,average_precision,test,4000,Drop in PR-AUC after permuting one raw input column on the temporal test split; not causal.
persistent_resilience_next_6obs,robustness_extension,random_forest,inventory_assets,inventory_assets,inventory_assets,financial_ratio,profitability_and_efficiency,-0.00021784612138209258,0.0007564117702313007,average_precision,test,4000,Drop in PR-AUC after permuting one raw input column on the temporal test split; not causal.
persistent_resilience_next_6obs,robustness_extension,random_forest,capex_intensity_revenue,capex_intensity_revenue,capex_intensity_revenue,financial_quality_cashflow,cash_flow_quality,-0.0002239977315641628,0.0002898208357338572,average_precision,test,4000,Drop in PR-AUC after permuting one raw input column on the temporal test split; not causal.
persistent_resilience_next_6obs,robustness_extension,random_forest,short_term_debt,short_term_debt,short_term_debt,accounting_fundamental,balance_sheet_obligations,-0.00023021629950714662,0.00019156321176186128,average_precision,test,4000,Drop in PR-AUC after permuting one raw input column on the temporal test split; not causal.
persistent_resilience_next_6obs,robustness_extension,random_forest,cash_equivalents_growth_4obs,cash_equivalents_growth_4obs,cash_equivalents_growth_4obs,firm_trend,firm_momentum_or_deterioration,-0.00024844218351045556,0.00016168060669993168,average_precision,test,4000,Drop in PR-AUC after permuting one raw input column on the temporal test split; not causal.
persistent_resilience_next_6obs,robustness_extension,random_forest,INDPRO,INDPRO,INDPRO,macro_conditions,real_activity_conditions,-0.0002748623334271061,7.465846933265347e-05,average_precision,test,4000,Drop in PR-AUC after permuting one raw input column on the temporal test split; not causal.
persistent_resilience_next_6obs,robustness_extension,random_forest,DTWEXBGS,DTWEXBGS,DTWEXBGS,macro_conditions,macro_price_policy_conditions,-0.0002769808751542646,2.9714707197216607e-05,average_precision,test,4000,Drop in PR-AUC after permuting one raw input column on the temporal test split; not causal.
persistent_resilience_next_6obs,robustness_extension,random_forest,DTWEXBGS_yoy_pct,DTWEXBGS_yoy_pct,DTWEXBGS_yoy_pct,macro_conditions,macro_price_policy_conditions,-0.0002896835896662786,7.47983992294628e-05,average_precision,test,4000,Drop in PR-AUC after permuting one raw input column on the temporal test split; not causal.
persistent_resilience_next_6obs,robustness_extension,random_forest,current_assets,current_assets,current_assets,accounting_fundamental,asset_base_liquidity_and_investment,-0.0002910755981539781,0.0003332207510461921,average_precision,test,4000,Drop in PR-AUC after permuting one raw input column on the temporal test split; not causal.
persistent_resilience_next_6obs,robustness_extension,random_forest,M2SL_yoy_pct,M2SL_yoy_pct,M2SL_yoy_pct,macro_conditions,macro_price_policy_conditions,-0.0003351025429636723,9.623643770724304e-05,average_precision,test,4000,Drop in PR-AUC after permuting one raw input column on the temporal test split; not causal.
persistent_resilience_next_6obs,robustness_extension,random_forest,GS10,GS10,GS10,macro_conditions,macro_price_policy_conditions,-0.0003747552028188217,9.106950050137395e-05,average_precision,test,4000,Drop in PR-AUC after permuting one raw input column on the temporal test split; not causal.
persistent_resilience_next_6obs,robustness_extension,random_forest,r_and_d_intensity,r_and_d_intensity,r_and_d_intensity,financial_ratio,profitability_and_efficiency,-0.0004985428642603651,0.0002410975913524592,average_precision,test,4000,Drop in PR-AUC after permuting one raw input column on the temporal test split; not causal.
persistent_resilience_next_6obs,robustness_extension,random_forest,cash_assets_change_4obs,cash_assets_change_4obs,cash_assets_change_4obs,firm_trend,firm_momentum_or_deterioration,-0.0005876122397591166,0.00020505077222499497,average_precision,test,4000,Drop in PR-AUC after permuting one raw input column on the temporal test split; not causal.
persistent_resilience_next_6obs,robustness_extension,random_forest,T10Y2Y,T10Y2Y,T10Y2Y,macro_conditions,credit_and_financial_conditions,-0.0006056743106693796,0.00019820434685358627,average_precision,test,4000,Drop in PR-AUC after permuting one raw input column on the temporal test split; not causal.
persistent_resilience_next_6obs,robustness_extension,random_forest,Sector,Sector,Sector,industry_sector,sector_positioning,-0.0006154625168799833,0.0005599180262555781,average_precision,test,4000,Drop in PR-AUC after permuting one raw input column on the temporal test split; not causal.
persistent_resilience_next_6obs,robustness_extension,random_forest,FEDFUNDS,FEDFUNDS,FEDFUNDS,macro_conditions,macro_price_policy_conditions,-0.0007182887013239325,0.00010883632663557915,average_precision,test,4000,Drop in PR-AUC after permuting one raw input column on the temporal test split; not causal.
persistent_resilience_next_6obs,robustness_extension,random_forest,total_revenue,total_revenue,total_revenue,accounting_fundamental,earnings_and_scale,-0.000798956792203187,0.00039470607587245923,average_precision,test,4000,Drop in PR-AUC after permuting one raw input column on the temporal test split; not causal.
persistent_resilience_next_6obs,robustness_extension,random_forest,T10Y3M,T10Y3M,T10Y3M,macro_conditions,credit_and_financial_conditions,-0.0013801593253639278,0.00019059241436875955,average_precision,test,4000,Drop in PR-AUC after permuting one raw input column on the temporal test split; not causal.
