target,prediction_year,Sector,rows,known_rows,positives,positive_share_known
industry_relative_resilience_next_4obs,2009,Basic Materials,11,7,3,0.42857142857142855
industry_relative_resilience_next_4obs,2009,Communication Services,16,8,1,0.125
industry_relative_resilience_next_4obs,2009,Consumer Cyclical,38,15,3,0.2
industry_relative_resilience_next_4obs,2009,Consumer Defensive,21,11,2,0.18181818181818182
industry_relative_resilience_next_4obs,2009,Energy,48,22,6,0.2727272727272727
industry_relative_resilience_next_4obs,2009,Financial Services,90,85,37,0.43529411764705883
industry_relative_resilience_next_4obs,2009,Healthcare,47,14,8,0.5714285714285714
industry_relative_resilience_next_4obs,2009,Industrials,107,59,26,0.4406779661016949
industry_relative_resilience_next_4obs,2009,Real Estate,20,20,8,0.4
industry_relative_resilience_next_4obs,2009,Technology,71,45,16,0.35555555555555557
industry_relative_resilience_next_4obs,2009,Utilities,40,13,2,0.15384615384615385
industry_relative_resilience_next_4obs,2010,Agriculture,2,2,0,0.0
industry_relative_resilience_next_4obs,2010,Basic Materials,20,12,4,0.3333333333333333
industry_relative_resilience_next_4obs,2010,Communication Services,52,23,8,0.34782608695652173
industry_relative_resilience_next_4obs,2010,Consumer Cyclical,117,54,18,0.3333333333333333
industry_relative_resilience_next_4obs,2010,Consumer Defensive,55,31,5,0.16129032258064516
industry_relative_resilience_next_4obs,2010,Consumer Discretionary,2,2,0,0.0
industry_relative_resilience_next_4obs,2010,Energy,112,51,21,0.4117647058823529
industry_relative_resilience_next_4obs,2010,Financial Services,217,207,98,0.47342995169082125
industry_relative_resilience_next_4obs,2010,Healthcare,110,36,21,0.5833333333333334
industry_relative_resilience_next_4obs,2010,Industrials,265,149,69,0.46308724832214765
industry_relative_resilience_next_4obs,2010,Real Estate,66,61,18,0.29508196721311475
industry_relative_resilience_next_4obs,2010,Technology,179,119,51,0.42857142857142855
industry_relative_resilience_next_4obs,2010,Utilities,100,37,17,0.4594594594594595
industry_relative_resilience_next_4obs,2011,Agriculture,6,4,0,0.0
industry_relative_resilience_next_4obs,2011,Basic Materials,20,13,6,0.46153846153846156
industry_relative_resilience_next_4obs,2011,Communication Services,96,41,8,0.1951219512195122
industry_relative_resilience_next_4obs,2011,Consumer Cyclical,169,90,34,0.37777777777777777
industry_relative_resilience_next_4obs,2011,Consumer Defensive,58,33,9,0.2727272727272727
industry_relative_resilience_next_4obs,2011,Consumer Discretionary,4,4,0,0.0
industry_relative_resilience_next_4obs,2011,Energy,144,78,40,0.5128205128205128
industry_relative_resilience_next_4obs,2011,Financial Services,259,246,114,0.4634146341463415
industry_relative_resilience_next_4obs,2011,Healthcare,153,62,25,0.4032258064516129
industry_relative_resilience_next_4obs,2011,Industrials,351,203,86,0.4236453201970443
industry_relative_resilience_next_4obs,2011,Real Estate,101,91,37,0.4065934065934066
industry_relative_resilience_next_4obs,2011,Technology,232,162,59,0.36419753086419754
industry_relative_resilience_next_4obs,2011,Utilities,134,53,21,0.39622641509433965
industry_relative_resilience_next_4obs,2012,Agriculture,8,4,0,0.0
industry_relative_resilience_next_4obs,2012,Basic Materials,20,16,8,0.5
industry_relative_resilience_next_4obs,2012,Communication Services,115,55,10,0.18181818181818182
industry_relative_resilience_next_4obs,2012,Consumer Cyclical,191,103,35,0.33980582524271846
industry_relative_resilience_next_4obs,2012,Consumer Defensive,56,32,8,0.25
industry_relative_resilience_next_4obs,2012,Consumer Discretionary,4,4,3,0.75
industry_relative_resilience_next_4obs,2012,Energy,164,98,48,0.4897959183673469
industry_relative_resilience_next_4obs,2012,Financial Services,272,260,115,0.4423076923076923
industry_relative_resilience_next_4obs,2012,Healthcare,185,89,30,0.33707865168539325
industry_relative_resilience_next_4obs,2012,Industrials,374,207,95,0.45893719806763283
industry_relative_resilience_next_4obs,2012,Real Estate,120,107,33,0.308411214953271
industry_relative_resilience_next_4obs,2012,Technology,256,178,62,0.34831460674157305
industry_relative_resilience_next_4obs,2012,Utilities,145,60,15,0.25
industry_relative_resilience_next_4obs,2013,Agriculture,8,4,0,0.0
industry_relative_resilience_next_4obs,2013,Basic Materials,20,16,8,0.5
industry_relative_resilience_next_4obs,2013,Communication Services,117,54,24,0.4444444444444444
industry_relative_resilience_next_4obs,2013,Consumer Cyclical,190,106,41,0.3867924528301887
industry_relative_resilience_next_4obs,2013,Consumer Defensive,57,34,11,0.3235294117647059
industry_relative_resilience_next_4obs,2013,Consumer Discretionary,4,4,1,0.25
industry_relative_resilience_next_4obs,2013,Energy,166,100,41,0.41
industry_relative_resilience_next_4obs,2013,Financial Services,275,263,125,0.4752851711026616
industry_relative_resilience_next_4obs,2013,Healthcare,191,88,34,0.38636363636363635
industry_relative_resilience_next_4obs,2013,Industrials,390,221,99,0.4479638009049774
industry_relative_resilience_next_4obs,2013,Real Estate,118,110,34,0.3090909090909091
industry_relative_resilience_next_4obs,2013,Technology,273,187,75,0.40106951871657753
industry_relative_resilience_next_4obs,2013,Utilities,148,60,24,0.4
industry_relative_resilience_next_4obs,2014,Agriculture,8,4,0,0.0
industry_relative_resilience_next_4obs,2014,Basic Materials,20,16,5,0.3125
industry_relative_resilience_next_4obs,2014,Communication Services,119,57,24,0.42105263157894735
industry_relative_resilience_next_4obs,2014,Consumer Cyclical,193,110,41,0.37272727272727274
industry_relative_resilience_next_4obs,2014,Consumer Defensive,56,36,11,0.3055555555555556
industry_relative_resilience_next_4obs,2014,Consumer Discretionary,4,4,0,0.0
industry_relative_resilience_next_4obs,2014,Energy,168,103,41,0.39805825242718446
industry_relative_resilience_next_4obs,2014,Financial Services,274,262,127,0.4847328244274809
industry_relative_resilience_next_4obs,2014,Healthcare,193,93,29,0.3118279569892473
industry_relative_resilience_next_4obs,2014,Industrials,376,210,91,0.43333333333333335
industry_relative_resilience_next_4obs,2014,Real Estate,124,116,43,0.3706896551724138
industry_relative_resilience_next_4obs,2014,Technology,265,189,78,0.4126984126984127
industry_relative_resilience_next_4obs,2014,Utilities,145,56,19,0.3392857142857143
industry_relative_resilience_next_4obs,2015,Agriculture,8,4,1,0.25
industry_relative_resilience_next_4obs,2015,Basic Materials,20,16,5,0.3125
industry_relative_resilience_next_4obs,2015,Communication Services,117,61,15,0.2459016393442623
industry_relative_resilience_next_4obs,2015,Consumer Cyclical,197,116,43,0.3706896551724138
industry_relative_resilience_next_4obs,2015,Consumer Defensive,59,39,11,0.28205128205128205
industry_relative_resilience_next_4obs,2015,Consumer Discretionary,4,4,2,0.5
industry_relative_resilience_next_4obs,2015,Energy,172,110,39,0.35454545454545455
industry_relative_resilience_next_4obs,2015,Financial Services,280,268,135,0.503731343283582
industry_relative_resilience_next_4obs,2015,Healthcare,189,89,32,0.3595505617977528
industry_relative_resilience_next_4obs,2015,Industrials,377,215,96,0.44651162790697674
industry_relative_resilience_next_4obs,2015,Real Estate,123,115,35,0.30434782608695654
industry_relative_resilience_next_4obs,2015,Technology,273,197,79,0.4010152284263959
industry_relative_resilience_next_4obs,2015,Utilities,148,58,22,0.3793103448275862
industry_relative_resilience_next_4obs,2016,Agriculture,8,4,4,1.0
industry_relative_resilience_next_4obs,2016,Basic Materials,20,16,8,0.5
industry_relative_resilience_next_4obs,2016,Communication Services,120,61,18,0.29508196721311475
industry_relative_resilience_next_4obs,2016,Consumer Cyclical,190,113,35,0.30973451327433627
industry_relative_resilience_next_4obs,2016,Consumer Defensive,59,39,14,0.358974358974359
industry_relative_resilience_next_4obs,2016,Consumer Discretionary,4,4,0,0.0
industry_relative_resilience_next_4obs,2016,Energy,164,89,32,0.3595505617977528
industry_relative_resilience_next_4obs,2016,Financial Services,281,269,134,0.49814126394052044
industry_relative_resilience_next_4obs,2016,Healthcare,191,94,38,0.40425531914893614
industry_relative_resilience_next_4obs,2016,Industrials,373,210,97,0.46190476190476193
industry_relative_resilience_next_4obs,2016,Real Estate,130,120,47,0.39166666666666666
industry_relative_resilience_next_4obs,2016,Technology,265,192,81,0.421875
industry_relative_resilience_next_4obs,2016,Utilities,145,58,22,0.3793103448275862
industry_relative_resilience_next_4obs,2017,Agriculture,8,4,0,0.0
industry_relative_resilience_next_4obs,2017,Basic Materials,21,16,6,0.375
industry_relative_resilience_next_4obs,2017,Communication Services,119,62,17,0.27419354838709675
industry_relative_resilience_next_4obs,2017,Consumer Cyclical,200,122,32,0.26229508196721313
industry_relative_resilience_next_4obs,2017,Consumer Defensive,62,42,20,0.47619047619047616
industry_relative_resilience_next_4obs,2017,Consumer Discretionary,4,4,0,0.0
industry_relative_resilience_next_4obs,2017,Energy,160,89,34,0.38202247191011235
industry_relative_resilience_next_4obs,2017,Financial Services,286,268,131,0.48880597014925375
industry_relative_resilience_next_4obs,2017,Healthcare,194,98,48,0.4897959183673469
industry_relative_resilience_next_4obs,2017,Industrials,381,214,92,0.42990654205607476
industry_relative_resilience_next_4obs,2017,Real Estate,131,119,46,0.3865546218487395
industry_relative_resilience_next_4obs,2017,Technology,286,206,83,0.4029126213592233
industry_relative_resilience_next_4obs,2017,Utilities,147,61,23,0.3770491803278688
industry_relative_resilience_next_4obs,2018,Agriculture,8,4,0,0.0
industry_relative_resilience_next_4obs,2018,Basic Materials,22,18,4,0.2222222222222222
industry_relative_resilience_next_4obs,2018,Communication Services,120,67,26,0.3880597014925373
industry_relative_resilience_next_4obs,2018,Consumer Cyclical,198,123,31,0.25203252032520324
industry_relative_resilience_next_4obs,2018,Consumer Defensive,61,41,10,0.24390243902439024
industry_relative_resilience_next_4obs,2018,Consumer Discretionary,4,4,1,0.25
industry_relative_resilience_next_4obs,2018,Energy,162,93,42,0.45161290322580644
industry_relative_resilience_next_4obs,2018,Financial Services,281,269,133,0.4944237918215613
industry_relative_resilience_next_4obs,2018,Healthcare,189,100,50,0.5
industry_relative_resilience_next_4obs,2018,Industrials,387,222,99,0.44594594594594594
industry_relative_resilience_next_4obs,2018,Real Estate,130,121,47,0.3884297520661157
industry_relative_resilience_next_4obs,2018,Technology,294,214,92,0.42990654205607476
industry_relative_resilience_next_4obs,2018,Utilities,153,71,25,0.352112676056338
industry_relative_resilience_next_4obs,2019,Agriculture,11,4,0,0.0
industry_relative_resilience_next_4obs,2019,Basic Materials,24,20,7,0.35
industry_relative_resilience_next_4obs,2019,Communication Services,124,72,27,0.375
industry_relative_resilience_next_4obs,2019,Consumer Cyclical,195,126,29,0.23015873015873015
industry_relative_resilience_next_4obs,2019,Consumer Defensive,60,40,5,0.125
industry_relative_resilience_next_4obs,2019,Consumer Discretionary,4,4,0,0.0
industry_relative_resilience_next_4obs,2019,Energy,163,102,35,0.3431372549019608
industry_relative_resilience_next_4obs,2019,Financial Services,281,269,126,0.4684014869888476
industry_relative_resilience_next_4obs,2019,Healthcare,189,105,47,0.44761904761904764
industry_relative_resilience_next_4obs,2019,Industrials,393,227,95,0.4185022026431718
industry_relative_resilience_next_4obs,2019,Real Estate,135,127,59,0.4645669291338583
industry_relative_resilience_next_4obs,2019,Technology,304,225,81,0.36
industry_relative_resilience_next_4obs,2019,Utilities,148,64,26,0.40625
industry_relative_resilience_next_4obs,2020,Agriculture,10,4,2,0.5
industry_relative_resilience_next_4obs,2020,Basic Materials,24,20,10,0.5
industry_relative_resilience_next_4obs,2020,Communication Services,119,69,29,0.42028985507246375
industry_relative_resilience_next_4obs,2020,Consumer Cyclical,192,112,30,0.26785714285714285
industry_relative_resilience_next_4obs,2020,Consumer Defensive,61,41,9,0.21951219512195122
industry_relative_resilience_next_4obs,2020,Consumer Discretionary,5,5,0,0.0
industry_relative_resilience_next_4obs,2020,Energy,158,94,28,0.2978723404255319
industry_relative_resilience_next_4obs,2020,Financial Services,282,270,137,0.5074074074074074
industry_relative_resilience_next_4obs,2020,Healthcare,203,119,47,0.3949579831932773
industry_relative_resilience_next_4obs,2020,Industrials,400,240,103,0.42916666666666664
industry_relative_resilience_next_4obs,2020,Real Estate,142,128,46,0.359375
industry_relative_resilience_next_4obs,2020,Technology,307,231,87,0.37662337662337664
industry_relative_resilience_next_4obs,2020,Utilities,150,65,26,0.4
industry_relative_resilience_next_4obs,2021,Agriculture,8,4,0,0.0
industry_relative_resilience_next_4obs,2021,Basic Materials,24,20,8,0.4
industry_relative_resilience_next_4obs,2021,Communication Services,118,67,19,0.2835820895522388
industry_relative_resilience_next_4obs,2021,Consumer Cyclical,202,126,35,0.2777777777777778
industry_relative_resilience_next_4obs,2021,Consumer Defensive,60,40,11,0.275
industry_relative_resilience_next_4obs,2021,Consumer Discretionary,4,4,0,0.0
industry_relative_resilience_next_4obs,2021,Energy,159,86,31,0.36046511627906974
industry_relative_resilience_next_4obs,2021,Financial Services,287,269,135,0.5018587360594795
industry_relative_resilience_next_4obs,2021,Healthcare,201,120,49,0.4083333333333333
industry_relative_resilience_next_4obs,2021,Industrials,408,245,104,0.42448979591836733
industry_relative_resilience_next_4obs,2021,Real Estate,143,135,61,0.45185185185185184
industry_relative_resilience_next_4obs,2021,Technology,322,250,101,0.404
industry_relative_resilience_next_4obs,2021,Utilities,145,61,22,0.36065573770491804
industry_relative_resilience_next_4obs,2022,Agriculture,8,4,1,0.25
industry_relative_resilience_next_4obs,2022,Basic Materials,24,20,8,0.4
industry_relative_resilience_next_4obs,2022,Communication Services,119,65,22,0.3384615384615385
industry_relative_resilience_next_4obs,2022,Consumer Cyclical,207,131,40,0.3053435114503817
industry_relative_resilience_next_4obs,2022,Consumer Defensive,60,40,9,0.225
industry_relative_resilience_next_4obs,2022,Consumer Discretionary,4,4,0,0.0
industry_relative_resilience_next_4obs,2022,Energy,150,81,29,0.35802469135802467
industry_relative_resilience_next_4obs,2022,Financial Services,284,268,122,0.4552238805970149
industry_relative_resilience_next_4obs,2022,Healthcare,199,115,55,0.4782608695652174
industry_relative_resilience_next_4obs,2022,Industrials,406,243,101,0.4156378600823045
industry_relative_resilience_next_4obs,2022,Real Estate,140,132,56,0.42424242424242425
industry_relative_resilience_next_4obs,2022,Technology,328,264,102,0.38636363636363635
industry_relative_resilience_next_4obs,2022,Utilities,143,61,19,0.3114754098360656
industry_relative_resilience_next_4obs,2023,Agriculture,8,4,0,0.0
industry_relative_resilience_next_4obs,2023,Basic Materials,24,20,10,0.5
industry_relative_resilience_next_4obs,2023,Communication Services,113,55,16,0.2909090909090909
industry_relative_resilience_next_4obs,2023,Consumer Cyclical,196,121,38,0.3140495867768595
industry_relative_resilience_next_4obs,2023,Consumer Defensive,63,43,8,0.18604651162790697
industry_relative_resilience_next_4obs,2023,Consumer Discretionary,4,4,2,0.5
industry_relative_resilience_next_4obs,2023,Energy,140,79,26,0.3291139240506329
industry_relative_resilience_next_4obs,2023,Financial Services,279,264,131,0.4962121212121212
industry_relative_resilience_next_4obs,2023,Healthcare,198,123,56,0.45528455284552843
industry_relative_resilience_next_4obs,2023,Industrials,389,229,117,0.5109170305676856
industry_relative_resilience_next_4obs,2023,Real Estate,141,125,59,0.472
industry_relative_resilience_next_4obs,2023,Technology,328,259,99,0.38223938223938225
industry_relative_resilience_next_4obs,2023,Utilities,135,57,18,0.3157894736842105
industry_relative_resilience_next_4obs,2024,Agriculture,8,4,0,0.0
industry_relative_resilience_next_4obs,2024,Basic Materials,24,20,11,0.55
industry_relative_resilience_next_4obs,2024,Communication Services,106,54,16,0.2962962962962963
industry_relative_resilience_next_4obs,2024,Consumer Cyclical,174,103,36,0.34951456310679613
industry_relative_resilience_next_4obs,2024,Consumer Defensive,64,44,8,0.18181818181818182
industry_relative_resilience_next_4obs,2024,Consumer Discretionary,4,4,2,0.5
industry_relative_resilience_next_4obs,2024,Energy,127,69,31,0.4492753623188406
industry_relative_resilience_next_4obs,2024,Financial Services,268,248,122,0.49193548387096775
industry_relative_resilience_next_4obs,2024,Healthcare,184,113,45,0.39823008849557523
industry_relative_resilience_next_4obs,2024,Industrials,379,214,99,0.46261682242990654
industry_relative_resilience_next_4obs,2024,Real Estate,125,116,46,0.39655172413793105
industry_relative_resilience_next_4obs,2024,Technology,315,244,100,0.4098360655737705
industry_relative_resilience_next_4obs,2024,Utilities,129,54,18,0.3333333333333333
stress_resilience_next_4obs,2009,Basic Materials,11,7,7,1.0
stress_resilience_next_4obs,2009,Communication Services,16,8,4,0.5
stress_resilience_next_4obs,2009,Consumer Cyclical,38,15,13,0.8666666666666667
stress_resilience_next_4obs,2009,Consumer Defensive,21,11,8,0.7272727272727273
stress_resilience_next_4obs,2009,Energy,48,22,16,0.7272727272727273
stress_resilience_next_4obs,2009,Financial Services,90,85,27,0.3176470588235294
stress_resilience_next_4obs,2009,Healthcare,47,14,14,1.0
stress_resilience_next_4obs,2009,Industrials,107,59,50,0.847457627118644
stress_resilience_next_4obs,2009,Real Estate,20,20,16,0.8
stress_resilience_next_4obs,2009,Technology,71,45,40,0.8888888888888888
stress_resilience_next_4obs,2009,Utilities,40,13,13,1.0
stress_resilience_next_4obs,2010,Agriculture,2,0,0,
stress_resilience_next_4obs,2010,Basic Materials,20,1,1,1.0
stress_resilience_next_4obs,2010,Communication Services,52,5,2,0.4
stress_resilience_next_4obs,2010,Consumer Cyclical,117,9,7,0.7777777777777778
stress_resilience_next_4obs,2010,Consumer Defensive,55,9,8,0.8888888888888888
stress_resilience_next_4obs,2010,Consumer Discretionary,2,0,0,
stress_resilience_next_4obs,2010,Energy,112,5,4,0.8
stress_resilience_next_4obs,2010,Financial Services,217,34,7,0.20588235294117646
stress_resilience_next_4obs,2010,Healthcare,110,6,6,1.0
stress_resilience_next_4obs,2010,Industrials,265,19,17,0.8947368421052632
stress_resilience_next_4obs,2010,Real Estate,66,8,7,0.875
stress_resilience_next_4obs,2010,Technology,179,23,20,0.8695652173913043
stress_resilience_next_4obs,2010,Utilities,100,4,2,0.5
stress_resilience_next_4obs,2011,Agriculture,6,1,1,1.0
stress_resilience_next_4obs,2011,Basic Materials,20,6,6,1.0
stress_resilience_next_4obs,2011,Communication Services,96,23,8,0.34782608695652173
stress_resilience_next_4obs,2011,Consumer Cyclical,169,42,28,0.6666666666666666
stress_resilience_next_4obs,2011,Consumer Defensive,58,14,11,0.7857142857142857
stress_resilience_next_4obs,2011,Consumer Discretionary,4,2,2,1.0
stress_resilience_next_4obs,2011,Energy,144,41,31,0.7560975609756098
stress_resilience_next_4obs,2011,Financial Services,259,107,42,0.3925233644859813
stress_resilience_next_4obs,2011,Healthcare,153,30,14,0.4666666666666667
stress_resilience_next_4obs,2011,Industrials,351,73,58,0.7945205479452054
stress_resilience_next_4obs,2011,Real Estate,101,42,34,0.8095238095238095
stress_resilience_next_4obs,2011,Technology,232,69,56,0.8115942028985508
stress_resilience_next_4obs,2011,Utilities,134,21,17,0.8095238095238095
stress_resilience_next_4obs,2012,Agriculture,8,0,0,
stress_resilience_next_4obs,2012,Basic Materials,20,0,0,
stress_resilience_next_4obs,2012,Communication Services,115,0,0,
stress_resilience_next_4obs,2012,Consumer Cyclical,191,0,0,
stress_resilience_next_4obs,2012,Consumer Defensive,56,0,0,
stress_resilience_next_4obs,2012,Consumer Discretionary,4,0,0,
stress_resilience_next_4obs,2012,Energy,164,1,0,0.0
stress_resilience_next_4obs,2012,Financial Services,272,0,0,
stress_resilience_next_4obs,2012,Healthcare,185,0,0,
stress_resilience_next_4obs,2012,Industrials,374,0,0,
stress_resilience_next_4obs,2012,Real Estate,120,0,0,
stress_resilience_next_4obs,2012,Technology,256,2,2,1.0
stress_resilience_next_4obs,2012,Utilities,145,0,0,
stress_resilience_next_4obs,2013,Agriculture,8,0,0,
stress_resilience_next_4obs,2013,Basic Materials,20,0,0,
stress_resilience_next_4obs,2013,Communication Services,117,0,0,
stress_resilience_next_4obs,2013,Consumer Cyclical,190,0,0,
stress_resilience_next_4obs,2013,Consumer Defensive,57,0,0,
stress_resilience_next_4obs,2013,Consumer Discretionary,4,0,0,
stress_resilience_next_4obs,2013,Energy,166,0,0,
stress_resilience_next_4obs,2013,Financial Services,275,0,0,
stress_resilience_next_4obs,2013,Healthcare,191,0,0,
stress_resilience_next_4obs,2013,Industrials,390,0,0,
stress_resilience_next_4obs,2013,Real Estate,118,0,0,
stress_resilience_next_4obs,2013,Technology,273,0,0,
stress_resilience_next_4obs,2013,Utilities,148,0,0,
stress_resilience_next_4obs,2014,Agriculture,8,0,0,
stress_resilience_next_4obs,2014,Basic Materials,20,0,0,
stress_resilience_next_4obs,2014,Communication Services,119,0,0,
stress_resilience_next_4obs,2014,Consumer Cyclical,193,0,0,
stress_resilience_next_4obs,2014,Consumer Defensive,56,1,1,1.0
stress_resilience_next_4obs,2014,Consumer Discretionary,4,0,0,
stress_resilience_next_4obs,2014,Energy,168,0,0,
stress_resilience_next_4obs,2014,Financial Services,274,0,0,
stress_resilience_next_4obs,2014,Healthcare,193,0,0,
stress_resilience_next_4obs,2014,Industrials,376,4,2,0.5
stress_resilience_next_4obs,2014,Real Estate,124,0,0,
stress_resilience_next_4obs,2014,Technology,265,0,0,
stress_resilience_next_4obs,2014,Utilities,145,1,0,0.0
stress_resilience_next_4obs,2015,Agriculture,8,1,1,1.0
stress_resilience_next_4obs,2015,Basic Materials,20,3,2,0.6666666666666666
stress_resilience_next_4obs,2015,Communication Services,117,15,6,0.4
stress_resilience_next_4obs,2015,Consumer Cyclical,197,32,19,0.59375
stress_resilience_next_4obs,2015,Consumer Defensive,59,9,7,0.7777777777777778
stress_resilience_next_4obs,2015,Consumer Discretionary,4,1,1,1.0
stress_resilience_next_4obs,2015,Energy,172,22,4,0.18181818181818182
stress_resilience_next_4obs,2015,Financial Services,280,63,25,0.3968253968253968
stress_resilience_next_4obs,2015,Healthcare,189,23,13,0.5652173913043478
stress_resilience_next_4obs,2015,Industrials,377,51,39,0.7647058823529411
stress_resilience_next_4obs,2015,Real Estate,123,24,18,0.75
stress_resilience_next_4obs,2015,Technology,273,51,34,0.6666666666666666
stress_resilience_next_4obs,2015,Utilities,148,13,8,0.6153846153846154
stress_resilience_next_4obs,2016,Agriculture,8,2,2,1.0
stress_resilience_next_4obs,2016,Basic Materials,20,4,2,0.5
stress_resilience_next_4obs,2016,Communication Services,120,18,8,0.4444444444444444
stress_resilience_next_4obs,2016,Consumer Cyclical,190,29,15,0.5172413793103449
stress_resilience_next_4obs,2016,Consumer Defensive,59,9,6,0.6666666666666666
stress_resilience_next_4obs,2016,Consumer Discretionary,4,1,1,1.0
stress_resilience_next_4obs,2016,Energy,164,28,8,0.2857142857142857
stress_resilience_next_4obs,2016,Financial Services,281,75,34,0.4533333333333333
stress_resilience_next_4obs,2016,Healthcare,191,25,14,0.56
stress_resilience_next_4obs,2016,Industrials,373,58,41,0.7068965517241379
stress_resilience_next_4obs,2016,Real Estate,130,33,30,0.9090909090909091
stress_resilience_next_4obs,2016,Technology,265,48,37,0.7708333333333334
stress_resilience_next_4obs,2016,Utilities,145,15,10,0.6666666666666666
stress_resilience_next_4obs,2017,Agriculture,8,0,0,
stress_resilience_next_4obs,2017,Basic Materials,21,0,0,
stress_resilience_next_4obs,2017,Communication Services,119,0,0,
stress_resilience_next_4obs,2017,Consumer Cyclical,200,2,1,0.5
stress_resilience_next_4obs,2017,Consumer Defensive,62,0,0,
stress_resilience_next_4obs,2017,Consumer Discretionary,4,0,0,
stress_resilience_next_4obs,2017,Energy,160,1,1,1.0
stress_resilience_next_4obs,2017,Financial Services,286,0,0,
stress_resilience_next_4obs,2017,Healthcare,194,0,0,
stress_resilience_next_4obs,2017,Industrials,381,2,1,0.5
stress_resilience_next_4obs,2017,Real Estate,131,0,0,
stress_resilience_next_4obs,2017,Technology,286,1,1,1.0
stress_resilience_next_4obs,2017,Utilities,147,0,0,
stress_resilience_next_4obs,2018,Agriculture,8,0,0,
stress_resilience_next_4obs,2018,Basic Materials,22,0,0,
stress_resilience_next_4obs,2018,Communication Services,120,6,5,0.8333333333333334
stress_resilience_next_4obs,2018,Consumer Cyclical,198,5,3,0.6
stress_resilience_next_4obs,2018,Consumer Defensive,61,3,3,1.0
stress_resilience_next_4obs,2018,Consumer Discretionary,4,0,0,
stress_resilience_next_4obs,2018,Energy,162,3,3,1.0
stress_resilience_next_4obs,2018,Financial Services,281,6,6,1.0
stress_resilience_next_4obs,2018,Healthcare,189,4,2,0.5
stress_resilience_next_4obs,2018,Industrials,387,18,15,0.8333333333333334
stress_resilience_next_4obs,2018,Real Estate,130,4,4,1.0
stress_resilience_next_4obs,2018,Technology,294,12,12,1.0
stress_resilience_next_4obs,2018,Utilities,153,3,2,0.6666666666666666
stress_resilience_next_4obs,2019,Agriculture,11,0,0,
stress_resilience_next_4obs,2019,Basic Materials,24,0,0,
stress_resilience_next_4obs,2019,Communication Services,124,0,0,
stress_resilience_next_4obs,2019,Consumer Cyclical,195,3,2,0.6666666666666666
stress_resilience_next_4obs,2019,Consumer Defensive,60,0,0,
stress_resilience_next_4obs,2019,Consumer Discretionary,4,0,0,
stress_resilience_next_4obs,2019,Energy,163,0,0,
stress_resilience_next_4obs,2019,Financial Services,281,0,0,
stress_resilience_next_4obs,2019,Healthcare,189,0,0,
stress_resilience_next_4obs,2019,Industrials,393,0,0,
stress_resilience_next_4obs,2019,Real Estate,135,0,0,
stress_resilience_next_4obs,2019,Technology,304,1,1,1.0
stress_resilience_next_4obs,2019,Utilities,148,0,0,
stress_resilience_next_4obs,2020,Agriculture,10,2,2,1.0
stress_resilience_next_4obs,2020,Basic Materials,24,11,11,1.0
stress_resilience_next_4obs,2020,Communication Services,119,40,16,0.4
stress_resilience_next_4obs,2020,Consumer Cyclical,192,72,25,0.3472222222222222
stress_resilience_next_4obs,2020,Consumer Defensive,61,25,16,0.64
stress_resilience_next_4obs,2020,Consumer Discretionary,5,2,0,0.0
stress_resilience_next_4obs,2020,Energy,158,61,19,0.3114754098360656
stress_resilience_next_4obs,2020,Financial Services,282,164,66,0.4024390243902439
stress_resilience_next_4obs,2020,Healthcare,203,65,46,0.7076923076923077
stress_resilience_next_4obs,2020,Industrials,400,146,104,0.7123287671232876
stress_resilience_next_4obs,2020,Real Estate,142,77,56,0.7272727272727273
stress_resilience_next_4obs,2020,Technology,307,133,89,0.6691729323308271
stress_resilience_next_4obs,2020,Utilities,150,41,29,0.7073170731707317
stress_resilience_next_4obs,2021,Agriculture,8,0,0,
stress_resilience_next_4obs,2021,Basic Materials,24,1,1,1.0
stress_resilience_next_4obs,2021,Communication Services,118,7,3,0.42857142857142855
stress_resilience_next_4obs,2021,Consumer Cyclical,202,6,2,0.3333333333333333
stress_resilience_next_4obs,2021,Consumer Defensive,60,2,1,0.5
stress_resilience_next_4obs,2021,Consumer Discretionary,4,0,0,
stress_resilience_next_4obs,2021,Energy,159,9,7,0.7777777777777778
stress_resilience_next_4obs,2021,Financial Services,287,21,7,0.3333333333333333
stress_resilience_next_4obs,2021,Healthcare,201,5,4,0.8
stress_resilience_next_4obs,2021,Industrials,408,18,14,0.7777777777777778
stress_resilience_next_4obs,2021,Real Estate,143,8,3,0.375
stress_resilience_next_4obs,2021,Technology,322,23,12,0.5217391304347826
stress_resilience_next_4obs,2021,Utilities,145,7,6,0.8571428571428571
stress_resilience_next_4obs,2022,Agriculture,8,4,4,1.0
stress_resilience_next_4obs,2022,Basic Materials,24,19,19,1.0
stress_resilience_next_4obs,2022,Communication Services,119,59,21,0.3559322033898305
stress_resilience_next_4obs,2022,Consumer Cyclical,207,118,47,0.3983050847457627
stress_resilience_next_4obs,2022,Consumer Defensive,60,35,23,0.6571428571428571
stress_resilience_next_4obs,2022,Consumer Discretionary,4,4,0,0.0
stress_resilience_next_4obs,2022,Energy,150,76,72,0.9473684210526315
stress_resilience_next_4obs,2022,Financial Services,284,257,89,0.3463035019455253
stress_resilience_next_4obs,2022,Healthcare,199,103,72,0.6990291262135923
stress_resilience_next_4obs,2022,Industrials,406,216,163,0.7546296296296297
stress_resilience_next_4obs,2022,Real Estate,140,129,96,0.7441860465116279
stress_resilience_next_4obs,2022,Technology,328,244,147,0.6024590163934426
stress_resilience_next_4obs,2022,Utilities,143,60,43,0.7166666666666667
stress_resilience_next_4obs,2023,Agriculture,8,3,3,1.0
stress_resilience_next_4obs,2023,Basic Materials,24,15,15,1.0
stress_resilience_next_4obs,2023,Communication Services,113,40,13,0.325
stress_resilience_next_4obs,2023,Consumer Cyclical,196,86,40,0.46511627906976744
stress_resilience_next_4obs,2023,Consumer Defensive,63,30,21,0.7
stress_resilience_next_4obs,2023,Consumer Discretionary,4,3,2,0.6666666666666666
stress_resilience_next_4obs,2023,Energy,140,58,52,0.896551724137931
stress_resilience_next_4obs,2023,Financial Services,279,198,84,0.42424242424242425
stress_resilience_next_4obs,2023,Healthcare,198,90,64,0.7111111111111111
stress_resilience_next_4obs,2023,Industrials,389,168,128,0.7619047619047619
stress_resilience_next_4obs,2023,Real Estate,141,93,70,0.7526881720430108
stress_resilience_next_4obs,2023,Technology,328,186,125,0.6720430107526881
stress_resilience_next_4obs,2023,Utilities,135,43,29,0.6744186046511628
stress_resilience_next_4obs,2024,Agriculture,8,2,2,1.0
stress_resilience_next_4obs,2024,Basic Materials,24,11,11,1.0
stress_resilience_next_4obs,2024,Communication Services,106,28,11,0.39285714285714285
stress_resilience_next_4obs,2024,Consumer Cyclical,174,51,29,0.5686274509803921
stress_resilience_next_4obs,2024,Consumer Defensive,64,23,17,0.7391304347826086
stress_resilience_next_4obs,2024,Consumer Discretionary,4,2,2,1.0
stress_resilience_next_4obs,2024,Energy,127,42,36,0.8571428571428571
stress_resilience_next_4obs,2024,Financial Services,268,136,63,0.4632352941176471
stress_resilience_next_4obs,2024,Healthcare,184,59,46,0.7796610169491526
stress_resilience_next_4obs,2024,Industrials,379,120,93,0.775
stress_resilience_next_4obs,2024,Real Estate,125,66,57,0.8636363636363636
stress_resilience_next_4obs,2024,Technology,315,122,90,0.7377049180327869
stress_resilience_next_4obs,2024,Utilities,129,29,21,0.7241379310344828
recovery_next_4obs,2009,Basic Materials,11,1,1,1.0
recovery_next_4obs,2009,Communication Services,16,4,2,0.5
recovery_next_4obs,2009,Consumer Cyclical,38,4,2,0.5
recovery_next_4obs,2009,Consumer Defensive,21,6,4,0.6666666666666666
recovery_next_4obs,2009,Energy,48,12,7,0.5833333333333334
recovery_next_4obs,2009,Financial Services,90,62,9,0.14516129032258066
recovery_next_4obs,2009,Healthcare,47,4,4,1.0
recovery_next_4obs,2009,Industrials,107,19,13,0.6842105263157895
recovery_next_4obs,2009,Real Estate,20,12,8,0.6666666666666666
recovery_next_4obs,2009,Technology,71,10,8,0.8
recovery_next_4obs,2009,Utilities,40,7,7,1.0
recovery_next_4obs,2010,Agriculture,2,2,2,1.0
recovery_next_4obs,2010,Basic Materials,20,3,3,1.0
recovery_next_4obs,2010,Communication Services,52,6,6,1.0
recovery_next_4obs,2010,Consumer Cyclical,117,14,7,0.5
recovery_next_4obs,2010,Consumer Defensive,55,14,10,0.7142857142857143
recovery_next_4obs,2010,Consumer Discretionary,2,0,0,
recovery_next_4obs,2010,Energy,112,22,16,0.7272727272727273
recovery_next_4obs,2010,Financial Services,217,145,26,0.1793103448275862
recovery_next_4obs,2010,Healthcare,110,13,8,0.6153846153846154
recovery_next_4obs,2010,Industrials,265,41,24,0.5853658536585366
recovery_next_4obs,2010,Real Estate,66,37,32,0.8648648648648649
recovery_next_4obs,2010,Technology,179,13,9,0.6923076923076923
recovery_next_4obs,2010,Utilities,100,23,23,1.0
recovery_next_4obs,2011,Agriculture,6,4,4,1.0
recovery_next_4obs,2011,Basic Materials,20,4,4,1.0
recovery_next_4obs,2011,Communication Services,96,18,10,0.5555555555555556
recovery_next_4obs,2011,Consumer Cyclical,169,26,6,0.23076923076923078
recovery_next_4obs,2011,Consumer Defensive,58,25,17,0.68
recovery_next_4obs,2011,Consumer Discretionary,4,0,0,
recovery_next_4obs,2011,Energy,144,41,32,0.7804878048780488
recovery_next_4obs,2011,Financial Services,259,171,39,0.22807017543859648
recovery_next_4obs,2011,Healthcare,153,31,15,0.4838709677419355
recovery_next_4obs,2011,Industrials,351,74,40,0.5405405405405406
recovery_next_4obs,2011,Real Estate,101,60,51,0.85
recovery_next_4obs,2011,Technology,232,29,12,0.41379310344827586
recovery_next_4obs,2011,Utilities,134,37,33,0.8918918918918919
recovery_next_4obs,2012,Agriculture,8,4,4,1.0
recovery_next_4obs,2012,Basic Materials,20,8,8,1.0
recovery_next_4obs,2012,Communication Services,115,37,22,0.5945945945945946
recovery_next_4obs,2012,Consumer Cyclical,191,34,4,0.11764705882352941
recovery_next_4obs,2012,Consumer Defensive,56,24,16,0.6666666666666666
recovery_next_4obs,2012,Consumer Discretionary,4,0,0,
recovery_next_4obs,2012,Energy,164,63,44,0.6984126984126984
recovery_next_4obs,2012,Financial Services,272,181,34,0.1878453038674033
recovery_next_4obs,2012,Healthcare,185,51,15,0.29411764705882354
recovery_next_4obs,2012,Industrials,374,76,46,0.6052631578947368
recovery_next_4obs,2012,Real Estate,120,71,58,0.8169014084507042
recovery_next_4obs,2012,Technology,256,45,20,0.4444444444444444
recovery_next_4obs,2012,Utilities,145,41,37,0.9024390243902439
recovery_next_4obs,2013,Agriculture,8,4,4,1.0
recovery_next_4obs,2013,Basic Materials,20,6,6,1.0
recovery_next_4obs,2013,Communication Services,117,34,15,0.4411764705882353
recovery_next_4obs,2013,Consumer Cyclical,190,39,7,0.1794871794871795
recovery_next_4obs,2013,Consumer Defensive,57,19,11,0.5789473684210527
recovery_next_4obs,2013,Consumer Discretionary,4,0,0,
recovery_next_4obs,2013,Energy,166,62,43,0.6935483870967742
recovery_next_4obs,2013,Financial Services,275,181,34,0.1878453038674033
recovery_next_4obs,2013,Healthcare,191,53,17,0.32075471698113206
recovery_next_4obs,2013,Industrials,390,88,48,0.5454545454545454
recovery_next_4obs,2013,Real Estate,118,72,63,0.875
recovery_next_4obs,2013,Technology,273,49,20,0.40816326530612246
recovery_next_4obs,2013,Utilities,148,48,48,1.0
recovery_next_4obs,2014,Agriculture,8,4,4,1.0
recovery_next_4obs,2014,Basic Materials,20,12,10,0.8333333333333334
recovery_next_4obs,2014,Communication Services,119,41,26,0.6341463414634146
recovery_next_4obs,2014,Consumer Cyclical,193,46,16,0.34782608695652173
recovery_next_4obs,2014,Consumer Defensive,56,26,15,0.5769230769230769
recovery_next_4obs,2014,Consumer Discretionary,4,1,1,1.0
recovery_next_4obs,2014,Energy,168,62,42,0.6774193548387096
recovery_next_4obs,2014,Financial Services,274,177,40,0.22598870056497175
recovery_next_4obs,2014,Healthcare,193,54,17,0.3148148148148148
recovery_next_4obs,2014,Industrials,376,74,38,0.5135135135135135
recovery_next_4obs,2014,Real Estate,124,78,63,0.8076923076923077
recovery_next_4obs,2014,Technology,265,45,14,0.3111111111111111
recovery_next_4obs,2014,Utilities,145,39,36,0.9230769230769231
recovery_next_4obs,2015,Agriculture,8,4,4,1.0
recovery_next_4obs,2015,Basic Materials,20,12,8,0.6666666666666666
recovery_next_4obs,2015,Communication Services,117,39,27,0.6923076923076923
recovery_next_4obs,2015,Consumer Cyclical,197,56,23,0.4107142857142857
recovery_next_4obs,2015,Consumer Defensive,59,31,19,0.6129032258064516
recovery_next_4obs,2015,Consumer Discretionary,4,0,0,
recovery_next_4obs,2015,Energy,172,79,22,0.27848101265822783
recovery_next_4obs,2015,Financial Services,280,178,40,0.2247191011235955
recovery_next_4obs,2015,Healthcare,189,59,19,0.3220338983050847
recovery_next_4obs,2015,Industrials,377,97,49,0.5051546391752577
recovery_next_4obs,2015,Real Estate,123,91,75,0.8241758241758241
recovery_next_4obs,2015,Technology,273,55,16,0.2909090909090909
recovery_next_4obs,2015,Utilities,148,38,25,0.6578947368421053
recovery_next_4obs,2016,Agriculture,8,4,4,1.0
recovery_next_4obs,2016,Basic Materials,20,13,13,1.0
recovery_next_4obs,2016,Communication Services,120,42,27,0.6428571428571429
recovery_next_4obs,2016,Consumer Cyclical,190,61,22,0.36065573770491804
recovery_next_4obs,2016,Consumer Defensive,59,25,16,0.64
recovery_next_4obs,2016,Consumer Discretionary,4,0,0,
recovery_next_4obs,2016,Energy,164,80,42,0.525
recovery_next_4obs,2016,Financial Services,281,189,48,0.25396825396825395
recovery_next_4obs,2016,Healthcare,191,57,21,0.3684210526315789
recovery_next_4obs,2016,Industrials,373,98,50,0.5102040816326531
recovery_next_4obs,2016,Real Estate,130,94,77,0.8191489361702128
recovery_next_4obs,2016,Technology,265,67,36,0.5373134328358209
recovery_next_4obs,2016,Utilities,145,41,31,0.7560975609756098
recovery_next_4obs,2017,Agriculture,8,4,3,0.75
recovery_next_4obs,2017,Basic Materials,21,5,5,1.0
recovery_next_4obs,2017,Communication Services,119,36,20,0.5555555555555556
recovery_next_4obs,2017,Consumer Cyclical,200,73,30,0.410958904109589
recovery_next_4obs,2017,Consumer Defensive,62,37,29,0.7837837837837838
recovery_next_4obs,2017,Consumer Discretionary,4,0,0,
recovery_next_4obs,2017,Energy,160,62,45,0.7258064516129032
recovery_next_4obs,2017,Financial Services,286,185,42,0.22702702702702704
recovery_next_4obs,2017,Healthcare,194,53,16,0.3018867924528302
recovery_next_4obs,2017,Industrials,381,106,62,0.5849056603773585
recovery_next_4obs,2017,Real Estate,131,83,64,0.7710843373493976
recovery_next_4obs,2017,Technology,286,65,37,0.5692307692307692
recovery_next_4obs,2017,Utilities,147,49,34,0.6938775510204082
recovery_next_4obs,2018,Agriculture,8,4,2,0.5
recovery_next_4obs,2018,Basic Materials,22,8,8,1.0
recovery_next_4obs,2018,Communication Services,120,37,20,0.5405405405405406
recovery_next_4obs,2018,Consumer Cyclical,198,81,35,0.43209876543209874
recovery_next_4obs,2018,Consumer Defensive,61,38,28,0.7368421052631579
recovery_next_4obs,2018,Consumer Discretionary,4,4,2,0.5
recovery_next_4obs,2018,Energy,162,59,43,0.7288135593220338
recovery_next_4obs,2018,Financial Services,281,191,50,0.2617801047120419
recovery_next_4obs,2018,Healthcare,189,50,21,0.42
recovery_next_4obs,2018,Industrials,387,110,72,0.6545454545454545
recovery_next_4obs,2018,Real Estate,130,88,71,0.8068181818181818
recovery_next_4obs,2018,Technology,294,88,56,0.6363636363636364
recovery_next_4obs,2018,Utilities,153,61,45,0.7377049180327869
recovery_next_4obs,2019,Agriculture,11,4,4,1.0
recovery_next_4obs,2019,Basic Materials,24,8,8,1.0
recovery_next_4obs,2019,Communication Services,124,43,12,0.27906976744186046
recovery_next_4obs,2019,Consumer Cyclical,195,93,23,0.24731182795698925
recovery_next_4obs,2019,Consumer Defensive,60,38,27,0.7105263157894737
recovery_next_4obs,2019,Consumer Discretionary,4,2,2,1.0
recovery_next_4obs,2019,Energy,163,75,29,0.38666666666666666
recovery_next_4obs,2019,Financial Services,281,202,52,0.25742574257425743
recovery_next_4obs,2019,Healthcare,189,49,19,0.3877551020408163
recovery_next_4obs,2019,Industrials,393,107,69,0.6448598130841121
recovery_next_4obs,2019,Real Estate,135,94,75,0.7978723404255319
recovery_next_4obs,2019,Technology,304,100,49,0.49
recovery_next_4obs,2019,Utilities,148,54,44,0.8148148148148148
recovery_next_4obs,2020,Agriculture,10,4,4,1.0
recovery_next_4obs,2020,Basic Materials,24,7,7,1.0
recovery_next_4obs,2020,Communication Services,119,38,10,0.2631578947368421
recovery_next_4obs,2020,Consumer Cyclical,192,73,15,0.2054794520547945
recovery_next_4obs,2020,Consumer Defensive,61,36,23,0.6388888888888888
recovery_next_4obs,2020,Consumer Discretionary,5,3,2,0.6666666666666666
recovery_next_4obs,2020,Energy,158,84,38,0.4523809523809524
recovery_next_4obs,2020,Financial Services,282,210,62,0.29523809523809524
recovery_next_4obs,2020,Healthcare,203,64,26,0.40625
recovery_next_4obs,2020,Industrials,400,123,67,0.5447154471544715
recovery_next_4obs,2020,Real Estate,142,92,63,0.6847826086956522
recovery_next_4obs,2020,Technology,307,90,40,0.4444444444444444
recovery_next_4obs,2020,Utilities,150,52,44,0.8461538461538461
recovery_next_4obs,2021,Agriculture,8,4,4,1.0
recovery_next_4obs,2021,Basic Materials,24,4,4,1.0
recovery_next_4obs,2021,Communication Services,118,30,5,0.16666666666666666
recovery_next_4obs,2021,Consumer Cyclical,202,78,16,0.20512820512820512
recovery_next_4obs,2021,Consumer Defensive,60,37,25,0.6756756756756757
recovery_next_4obs,2021,Consumer Discretionary,4,4,0,0.0
recovery_next_4obs,2021,Energy,159,54,37,0.6851851851851852
recovery_next_4obs,2021,Financial Services,287,193,44,0.22797927461139897
recovery_next_4obs,2021,Healthcare,201,57,24,0.42105263157894735
recovery_next_4obs,2021,Industrials,408,118,67,0.5677966101694916
recovery_next_4obs,2021,Real Estate,143,96,73,0.7604166666666666
recovery_next_4obs,2021,Technology,322,89,28,0.3146067415730337
recovery_next_4obs,2021,Utilities,145,48,40,0.8333333333333334
recovery_next_4obs,2022,Agriculture,8,4,4,1.0
recovery_next_4obs,2022,Basic Materials,24,9,9,1.0
recovery_next_4obs,2022,Communication Services,119,34,3,0.08823529411764706
recovery_next_4obs,2022,Consumer Cyclical,207,86,14,0.16279069767441862
recovery_next_4obs,2022,Consumer Defensive,60,35,23,0.6571428571428571
recovery_next_4obs,2022,Consumer Discretionary,4,4,0,0.0
recovery_next_4obs,2022,Energy,150,41,36,0.8780487804878049
recovery_next_4obs,2022,Financial Services,284,209,48,0.22966507177033493
recovery_next_4obs,2022,Healthcare,199,56,29,0.5178571428571429
recovery_next_4obs,2022,Industrials,406,127,84,0.6614173228346457
recovery_next_4obs,2022,Real Estate,140,95,73,0.7684210526315789
recovery_next_4obs,2022,Technology,328,118,46,0.3898305084745763
recovery_next_4obs,2022,Utilities,143,51,41,0.803921568627451
recovery_next_4obs,2023,Agriculture,8,4,4,1.0
recovery_next_4obs,2023,Basic Materials,24,8,8,1.0
recovery_next_4obs,2023,Communication Services,113,34,5,0.14705882352941177
recovery_next_4obs,2023,Consumer Cyclical,196,77,15,0.19480519480519481
recovery_next_4obs,2023,Consumer Defensive,63,36,24,0.6666666666666666
recovery_next_4obs,2023,Consumer Discretionary,4,3,3,1.0
recovery_next_4obs,2023,Energy,140,36,29,0.8055555555555556
recovery_next_4obs,2023,Financial Services,279,204,58,0.28431372549019607
recovery_next_4obs,2023,Healthcare,198,54,28,0.5185185185185185
recovery_next_4obs,2023,Industrials,389,113,72,0.6371681415929203
recovery_next_4obs,2023,Real Estate,141,87,63,0.7241379310344828
recovery_next_4obs,2023,Technology,328,114,43,0.37719298245614036
recovery_next_4obs,2023,Utilities,135,50,39,0.78
recovery_next_4obs,2024,Agriculture,8,4,4,1.0
recovery_next_4obs,2024,Basic Materials,24,7,7,1.0
recovery_next_4obs,2024,Communication Services,106,32,2,0.0625
recovery_next_4obs,2024,Consumer Cyclical,174,53,19,0.3584905660377358
recovery_next_4obs,2024,Consumer Defensive,64,42,30,0.7142857142857143
recovery_next_4obs,2024,Consumer Discretionary,4,0,0,
recovery_next_4obs,2024,Energy,127,34,29,0.8529411764705882
recovery_next_4obs,2024,Financial Services,268,189,63,0.3333333333333333
recovery_next_4obs,2024,Healthcare,184,43,33,0.7674418604651163
recovery_next_4obs,2024,Industrials,379,110,71,0.6454545454545455
recovery_next_4obs,2024,Real Estate,125,75,59,0.7866666666666666
recovery_next_4obs,2024,Technology,315,91,42,0.46153846153846156
recovery_next_4obs,2024,Utilities,129,50,39,0.78
deterioration_next_4obs,2009,Basic Materials,11,11,0,0.0
deterioration_next_4obs,2009,Communication Services,16,12,4,0.3333333333333333
deterioration_next_4obs,2009,Consumer Cyclical,38,30,0,0.0
deterioration_next_4obs,2009,Consumer Defensive,21,18,0,0.0
deterioration_next_4obs,2009,Energy,48,35,3,0.08571428571428572
deterioration_next_4obs,2009,Financial Services,90,33,4,0.12121212121212122
deterioration_next_4obs,2009,Healthcare,47,46,1,0.021739130434782608
deterioration_next_4obs,2009,Industrials,107,89,4,0.0449438202247191
deterioration_next_4obs,2009,Real Estate,20,13,0,0.0
deterioration_next_4obs,2009,Technology,71,60,1,0.016666666666666666
deterioration_next_4obs,2009,Utilities,40,36,0,0.0
deterioration_next_4obs,2010,Agriculture,2,2,0,0.0
deterioration_next_4obs,2010,Basic Materials,20,20,0,0.0
deterioration_next_4obs,2010,Communication Services,52,38,4,0.10526315789473684
deterioration_next_4obs,2010,Consumer Cyclical,117,108,3,0.027777777777777776
deterioration_next_4obs,2010,Consumer Defensive,55,50,0,0.0
deterioration_next_4obs,2010,Consumer Discretionary,2,2,0,0.0
deterioration_next_4obs,2010,Energy,112,99,10,0.10101010101010101
deterioration_next_4obs,2010,Financial Services,217,89,1,0.011235955056179775
deterioration_next_4obs,2010,Healthcare,110,100,4,0.04
deterioration_next_4obs,2010,Industrials,265,232,6,0.02586206896551724
deterioration_next_4obs,2010,Real Estate,66,57,2,0.03508771929824561
deterioration_next_4obs,2010,Technology,179,162,12,0.07407407407407407
deterioration_next_4obs,2010,Utilities,100,90,4,0.044444444444444446
deterioration_next_4obs,2011,Agriculture,6,4,1,0.25
deterioration_next_4obs,2011,Basic Materials,20,20,0,0.0
deterioration_next_4obs,2011,Communication Services,96,66,18,0.2727272727272727
deterioration_next_4obs,2011,Consumer Cyclical,169,142,10,0.07042253521126761
deterioration_next_4obs,2011,Consumer Defensive,58,51,0,0.0
deterioration_next_4obs,2011,Consumer Discretionary,4,4,0,0.0
deterioration_next_4obs,2011,Energy,144,127,24,0.1889763779527559
deterioration_next_4obs,2011,Financial Services,259,114,0,0.0
deterioration_next_4obs,2011,Healthcare,153,122,11,0.09016393442622951
deterioration_next_4obs,2011,Industrials,351,298,11,0.03691275167785235
deterioration_next_4obs,2011,Real Estate,101,81,8,0.09876543209876543
deterioration_next_4obs,2011,Technology,232,208,27,0.12980769230769232
deterioration_next_4obs,2011,Utilities,134,124,8,0.06451612903225806
deterioration_next_4obs,2012,Agriculture,8,7,3,0.42857142857142855
deterioration_next_4obs,2012,Basic Materials,20,19,2,0.10526315789473684
deterioration_next_4obs,2012,Communication Services,115,61,17,0.2786885245901639
deterioration_next_4obs,2012,Consumer Cyclical,191,153,8,0.05228758169934641
deterioration_next_4obs,2012,Consumer Defensive,56,47,0,0.0
deterioration_next_4obs,2012,Consumer Discretionary,4,4,0,0.0
deterioration_next_4obs,2012,Energy,164,118,28,0.23728813559322035
deterioration_next_4obs,2012,Financial Services,272,119,4,0.03361344537815126
deterioration_next_4obs,2012,Healthcare,185,136,13,0.09558823529411764
deterioration_next_4obs,2012,Industrials,374,307,22,0.07166123778501629
deterioration_next_4obs,2012,Real Estate,120,89,4,0.0449438202247191
deterioration_next_4obs,2012,Technology,256,213,13,0.06103286384976526
deterioration_next_4obs,2012,Utilities,145,125,16,0.128
deterioration_next_4obs,2013,Agriculture,8,5,0,0.0
deterioration_next_4obs,2013,Basic Materials,20,19,3,0.15789473684210525
deterioration_next_4obs,2013,Communication Services,117,63,23,0.36507936507936506
deterioration_next_4obs,2013,Consumer Cyclical,190,149,8,0.053691275167785234
deterioration_next_4obs,2013,Consumer Defensive,57,49,0,0.0
deterioration_next_4obs,2013,Consumer Discretionary,4,4,2,0.5
deterioration_next_4obs,2013,Energy,166,124,8,0.06451612903225806
deterioration_next_4obs,2013,Financial Services,275,114,0,0.0
deterioration_next_4obs,2013,Healthcare,191,137,12,0.08759124087591241
deterioration_next_4obs,2013,Industrials,390,314,12,0.03821656050955414
deterioration_next_4obs,2013,Real Estate,118,90,3,0.03333333333333333
deterioration_next_4obs,2013,Technology,273,225,18,0.08
deterioration_next_4obs,2013,Utilities,148,128,11,0.0859375
deterioration_next_4obs,2014,Agriculture,8,7,0,0.0
deterioration_next_4obs,2014,Basic Materials,20,19,4,0.21052631578947367
deterioration_next_4obs,2014,Communication Services,119,65,23,0.35384615384615387
deterioration_next_4obs,2014,Consumer Cyclical,193,155,14,0.09032258064516129
deterioration_next_4obs,2014,Consumer Defensive,56,45,4,0.08888888888888889
deterioration_next_4obs,2014,Consumer Discretionary,4,3,2,0.6666666666666666
deterioration_next_4obs,2014,Energy,168,133,36,0.2706766917293233
deterioration_next_4obs,2014,Financial Services,274,122,4,0.03278688524590164
deterioration_next_4obs,2014,Healthcare,193,146,25,0.17123287671232876
deterioration_next_4obs,2014,Industrials,376,312,21,0.0673076923076923
deterioration_next_4obs,2014,Real Estate,124,112,13,0.11607142857142858
deterioration_next_4obs,2014,Technology,265,220,18,0.08181818181818182
deterioration_next_4obs,2014,Utilities,145,131,13,0.09923664122137404
deterioration_next_4obs,2015,Agriculture,8,8,3,0.375
deterioration_next_4obs,2015,Basic Materials,20,16,1,0.0625
deterioration_next_4obs,2015,Communication Services,117,71,18,0.2535211267605634
deterioration_next_4obs,2015,Consumer Cyclical,197,155,19,0.12258064516129032
deterioration_next_4obs,2015,Consumer Defensive,59,42,0,0.0
deterioration_next_4obs,2015,Consumer Discretionary,4,4,0,0.0
deterioration_next_4obs,2015,Energy,172,89,48,0.5393258426966292
deterioration_next_4obs,2015,Financial Services,280,126,18,0.14285714285714285
deterioration_next_4obs,2015,Healthcare,189,132,18,0.13636363636363635
deterioration_next_4obs,2015,Industrials,377,300,18,0.06
deterioration_next_4obs,2015,Real Estate,123,95,4,0.042105263157894736
deterioration_next_4obs,2015,Technology,273,212,34,0.16037735849056603
deterioration_next_4obs,2015,Utilities,148,124,23,0.18548387096774194
deterioration_next_4obs,2016,Agriculture,8,6,0,0.0
deterioration_next_4obs,2016,Basic Materials,20,14,2,0.14285714285714285
deterioration_next_4obs,2016,Communication Services,120,81,16,0.19753086419753085
deterioration_next_4obs,2016,Consumer Cyclical,190,145,15,0.10344827586206896
deterioration_next_4obs,2016,Consumer Defensive,59,46,0,0.0
deterioration_next_4obs,2016,Consumer Discretionary,4,4,0,0.0
deterioration_next_4obs,2016,Energy,164,53,8,0.1509433962264151
deterioration_next_4obs,2016,Financial Services,281,124,4,0.03225806451612903
deterioration_next_4obs,2016,Healthcare,191,137,15,0.10948905109489052
deterioration_next_4obs,2016,Industrials,373,286,23,0.08041958041958042
deterioration_next_4obs,2016,Real Estate,130,106,5,0.04716981132075472
deterioration_next_4obs,2016,Technology,265,201,16,0.07960199004975124
deterioration_next_4obs,2016,Utilities,145,114,10,0.08771929824561403
deterioration_next_4obs,2017,Agriculture,8,8,2,0.25
deterioration_next_4obs,2017,Basic Materials,21,19,1,0.05263157894736842
deterioration_next_4obs,2017,Communication Services,119,80,10,0.125
deterioration_next_4obs,2017,Consumer Cyclical,200,138,17,0.12318840579710146
deterioration_next_4obs,2017,Consumer Defensive,62,54,0,0.0
deterioration_next_4obs,2017,Consumer Discretionary,4,4,3,0.75
deterioration_next_4obs,2017,Energy,160,100,17,0.17
deterioration_next_4obs,2017,Financial Services,286,126,4,0.031746031746031744
deterioration_next_4obs,2017,Healthcare,194,141,19,0.1347517730496454
deterioration_next_4obs,2017,Industrials,381,294,15,0.05102040816326531
deterioration_next_4obs,2017,Real Estate,131,106,4,0.03773584905660377
deterioration_next_4obs,2017,Technology,286,230,21,0.09130434782608696
deterioration_next_4obs,2017,Utilities,147,120,11,0.09166666666666666
deterioration_next_4obs,2018,Agriculture,8,5,2,0.4
deterioration_next_4obs,2018,Basic Materials,22,18,2,0.1111111111111111
deterioration_next_4obs,2018,Communication Services,120,87,19,0.21839080459770116
deterioration_next_4obs,2018,Consumer Cyclical,198,134,33,0.2462686567164179
deterioration_next_4obs,2018,Consumer Defensive,61,47,1,0.02127659574468085
deterioration_next_4obs,2018,Consumer Discretionary,4,0,0,
deterioration_next_4obs,2018,Energy,162,118,19,0.16101694915254236
deterioration_next_4obs,2018,Financial Services,281,126,5,0.03968253968253968
deterioration_next_4obs,2018,Healthcare,189,125,15,0.12
deterioration_next_4obs,2018,Industrials,387,308,12,0.03896103896103896
deterioration_next_4obs,2018,Real Estate,130,109,3,0.027522935779816515
deterioration_next_4obs,2018,Technology,294,217,23,0.10599078341013825
deterioration_next_4obs,2018,Utilities,153,120,15,0.125
deterioration_next_4obs,2019,Agriculture,11,6,3,0.5
deterioration_next_4obs,2019,Basic Materials,24,21,2,0.09523809523809523
deterioration_next_4obs,2019,Communication Services,124,82,18,0.21951219512195122
deterioration_next_4obs,2019,Consumer Cyclical,195,123,29,0.23577235772357724
deterioration_next_4obs,2019,Consumer Defensive,60,49,3,0.061224489795918366
deterioration_next_4obs,2019,Consumer Discretionary,4,2,2,1.0
deterioration_next_4obs,2019,Energy,163,107,52,0.48598130841121495
deterioration_next_4obs,2019,Financial Services,281,119,5,0.04201680672268908
deterioration_next_4obs,2019,Healthcare,189,143,13,0.09090909090909091
deterioration_next_4obs,2019,Industrials,393,315,52,0.16507936507936508
deterioration_next_4obs,2019,Real Estate,135,114,10,0.08771929824561403
deterioration_next_4obs,2019,Technology,304,225,24,0.10666666666666667
deterioration_next_4obs,2019,Utilities,148,117,16,0.13675213675213677
deterioration_next_4obs,2020,Agriculture,10,5,0,0.0
deterioration_next_4obs,2020,Basic Materials,24,22,0,0.0
deterioration_next_4obs,2020,Communication Services,119,67,10,0.14925373134328357
deterioration_next_4obs,2020,Consumer Cyclical,192,98,23,0.23469387755102042
deterioration_next_4obs,2020,Consumer Defensive,61,46,0,0.0
deterioration_next_4obs,2020,Consumer Discretionary,5,2,2,1.0
deterioration_next_4obs,2020,Energy,158,47,21,0.44680851063829785
deterioration_next_4obs,2020,Financial Services,282,113,8,0.07079646017699115
deterioration_next_4obs,2020,Healthcare,203,141,7,0.04964539007092199
deterioration_next_4obs,2020,Industrials,400,266,29,0.10902255639097744
deterioration_next_4obs,2020,Real Estate,142,96,11,0.11458333333333333
deterioration_next_4obs,2020,Technology,307,228,20,0.08771929824561403
deterioration_next_4obs,2020,Utilities,150,113,15,0.13274336283185842
deterioration_next_4obs,2021,Agriculture,8,8,0,0.0
deterioration_next_4obs,2021,Basic Materials,24,24,0,0.0
deterioration_next_4obs,2021,Communication Services,118,76,12,0.15789473684210525
deterioration_next_4obs,2021,Consumer Cyclical,202,122,20,0.16393442622950818
deterioration_next_4obs,2021,Consumer Defensive,60,45,3,0.06666666666666667
deterioration_next_4obs,2021,Consumer Discretionary,4,0,0,
deterioration_next_4obs,2021,Energy,159,84,10,0.11904761904761904
deterioration_next_4obs,2021,Financial Services,287,128,12,0.09375
deterioration_next_4obs,2021,Healthcare,201,154,14,0.09090909090909091
deterioration_next_4obs,2021,Industrials,408,295,15,0.05084745762711865
deterioration_next_4obs,2021,Real Estate,143,111,15,0.13513513513513514
deterioration_next_4obs,2021,Technology,322,238,25,0.10504201680672269
deterioration_next_4obs,2021,Utilities,145,114,16,0.14035087719298245
deterioration_next_4obs,2022,Agriculture,8,6,3,0.5
deterioration_next_4obs,2022,Basic Materials,24,23,0,0.0
deterioration_next_4obs,2022,Communication Services,119,71,16,0.22535211267605634
deterioration_next_4obs,2022,Consumer Cyclical,207,118,22,0.1864406779661017
deterioration_next_4obs,2022,Consumer Defensive,60,45,0,0.0
deterioration_next_4obs,2022,Consumer Discretionary,4,0,0,
deterioration_next_4obs,2022,Energy,150,111,3,0.02702702702702703
deterioration_next_4obs,2022,Financial Services,284,107,12,0.11214953271028037
deterioration_next_4obs,2022,Healthcare,199,145,10,0.06896551724137931
deterioration_next_4obs,2022,Industrials,406,307,20,0.06514657980456026
deterioration_next_4obs,2022,Real Estate,140,110,12,0.10909090909090909
deterioration_next_4obs,2022,Technology,328,220,28,0.12727272727272726
deterioration_next_4obs,2022,Utilities,143,110,13,0.11818181818181818
deterioration_next_4obs,2023,Agriculture,8,6,2,0.3333333333333333
deterioration_next_4obs,2023,Basic Materials,24,23,0,0.0
deterioration_next_4obs,2023,Communication Services,113,59,11,0.1864406779661017
deterioration_next_4obs,2023,Consumer Cyclical,196,111,5,0.04504504504504504
deterioration_next_4obs,2023,Consumer Defensive,63,49,1,0.02040816326530612
deterioration_next_4obs,2023,Consumer Discretionary,4,1,0,0.0
deterioration_next_4obs,2023,Energy,140,115,7,0.06086956521739131
deterioration_next_4obs,2023,Financial Services,279,112,0,0.0
deterioration_next_4obs,2023,Healthcare,198,149,12,0.08053691275167785
deterioration_next_4obs,2023,Industrials,389,297,16,0.05387205387205387
deterioration_next_4obs,2023,Real Estate,141,104,7,0.0673076923076923
deterioration_next_4obs,2023,Technology,328,226,15,0.06637168141592921
deterioration_next_4obs,2023,Utilities,135,105,8,0.0761904761904762
deterioration_next_4obs,2024,Agriculture,8,5,2,0.4
deterioration_next_4obs,2024,Basic Materials,24,23,0,0.0
deterioration_next_4obs,2024,Communication Services,106,61,3,0.04918032786885246
deterioration_next_4obs,2024,Consumer Cyclical,174,115,6,0.05217391304347826
deterioration_next_4obs,2024,Consumer Defensive,64,51,1,0.0196078431372549
deterioration_next_4obs,2024,Consumer Discretionary,4,4,0,0.0
deterioration_next_4obs,2024,Energy,127,94,3,0.031914893617021274
deterioration_next_4obs,2024,Financial Services,268,120,1,0.008333333333333333
deterioration_next_4obs,2024,Healthcare,184,141,8,0.05673758865248227
deterioration_next_4obs,2024,Industrials,379,288,12,0.041666666666666664
deterioration_next_4obs,2024,Real Estate,125,103,5,0.04854368932038835
deterioration_next_4obs,2024,Technology,315,238,13,0.0546218487394958
deterioration_next_4obs,2024,Utilities,129,102,2,0.0196078431372549
quality_success_cashflow_next_4obs,2009,Basic Materials,11,7,7,1.0
quality_success_cashflow_next_4obs,2009,Communication Services,16,6,4,0.6666666666666666
quality_success_cashflow_next_4obs,2009,Consumer Cyclical,38,13,8,0.6153846153846154
quality_success_cashflow_next_4obs,2009,Consumer Defensive,21,9,7,0.7777777777777778
quality_success_cashflow_next_4obs,2009,Energy,48,20,14,0.7
quality_success_cashflow_next_4obs,2009,Financial Services,90,82,25,0.3048780487804878
quality_success_cashflow_next_4obs,2009,Healthcare,47,14,14,1.0
quality_success_cashflow_next_4obs,2009,Industrials,107,52,40,0.7692307692307693
quality_success_cashflow_next_4obs,2009,Real Estate,20,19,15,0.7894736842105263
quality_success_cashflow_next_4obs,2009,Technology,71,39,32,0.8205128205128205
quality_success_cashflow_next_4obs,2009,Utilities,40,13,11,0.8461538461538461
quality_success_cashflow_next_4obs,2010,Agriculture,2,2,2,1.0
quality_success_cashflow_next_4obs,2010,Basic Materials,20,12,12,1.0
quality_success_cashflow_next_4obs,2010,Communication Services,52,19,16,0.8421052631578947
quality_success_cashflow_next_4obs,2010,Consumer Cyclical,117,50,32,0.64
quality_success_cashflow_next_4obs,2010,Consumer Defensive,55,29,23,0.7931034482758621
quality_success_cashflow_next_4obs,2010,Consumer Discretionary,2,2,2,1.0
quality_success_cashflow_next_4obs,2010,Energy,112,48,40,0.8333333333333334
quality_success_cashflow_next_4obs,2010,Financial Services,217,198,75,0.3787878787878788
quality_success_cashflow_next_4obs,2010,Healthcare,110,36,31,0.8611111111111112
quality_success_cashflow_next_4obs,2010,Industrials,265,137,104,0.7591240875912408
quality_success_cashflow_next_4obs,2010,Real Estate,66,60,51,0.85
quality_success_cashflow_next_4obs,2010,Technology,179,111,87,0.7837837837837838
quality_success_cashflow_next_4obs,2010,Utilities,100,35,29,0.8285714285714286
quality_success_cashflow_next_4obs,2011,Agriculture,6,1,1,1.0
quality_success_cashflow_next_4obs,2011,Basic Materials,20,11,11,1.0
quality_success_cashflow_next_4obs,2011,Communication Services,96,35,20,0.5714285714285714
quality_success_cashflow_next_4obs,2011,Consumer Cyclical,169,63,35,0.5555555555555556
quality_success_cashflow_next_4obs,2011,Consumer Defensive,58,29,21,0.7241379310344828
quality_success_cashflow_next_4obs,2011,Consumer Discretionary,4,4,4,1.0
quality_success_cashflow_next_4obs,2011,Energy,144,64,49,0.765625
quality_success_cashflow_next_4obs,2011,Financial Services,259,223,78,0.34977578475336324
quality_success_cashflow_next_4obs,2011,Healthcare,153,58,37,0.6379310344827587
quality_success_cashflow_next_4obs,2011,Industrials,351,165,100,0.6060606060606061
quality_success_cashflow_next_4obs,2011,Real Estate,101,80,65,0.8125
quality_success_cashflow_next_4obs,2011,Technology,232,143,105,0.7342657342657343
quality_success_cashflow_next_4obs,2011,Utilities,134,40,29,0.725
quality_success_cashflow_next_4obs,2012,Agriculture,8,0,0,
quality_success_cashflow_next_4obs,2012,Basic Materials,20,8,8,1.0
quality_success_cashflow_next_4obs,2012,Communication Services,115,44,17,0.38636363636363635
quality_success_cashflow_next_4obs,2012,Consumer Cyclical,191,75,45,0.6
quality_success_cashflow_next_4obs,2012,Consumer Defensive,56,28,20,0.7142857142857143
quality_success_cashflow_next_4obs,2012,Consumer Discretionary,4,4,4,1.0
quality_success_cashflow_next_4obs,2012,Energy,164,76,51,0.6710526315789473
quality_success_cashflow_next_4obs,2012,Financial Services,272,229,79,0.34497816593886466
quality_success_cashflow_next_4obs,2012,Healthcare,185,86,40,0.46511627906976744
quality_success_cashflow_next_4obs,2012,Industrials,374,160,107,0.66875
quality_success_cashflow_next_4obs,2012,Real Estate,120,97,80,0.8247422680412371
quality_success_cashflow_next_4obs,2012,Technology,256,147,111,0.7551020408163265
quality_success_cashflow_next_4obs,2012,Utilities,145,48,26,0.5416666666666666
quality_success_cashflow_next_4obs,2013,Agriculture,8,0,0,
quality_success_cashflow_next_4obs,2013,Basic Materials,20,8,6,0.75
quality_success_cashflow_next_4obs,2013,Communication Services,117,38,21,0.5526315789473685
quality_success_cashflow_next_4obs,2013,Consumer Cyclical,190,62,35,0.5645161290322581
quality_success_cashflow_next_4obs,2013,Consumer Defensive,57,26,20,0.7692307692307693
quality_success_cashflow_next_4obs,2013,Consumer Discretionary,4,2,2,1.0
quality_success_cashflow_next_4obs,2013,Energy,166,61,46,0.7540983606557377
quality_success_cashflow_next_4obs,2013,Financial Services,275,186,75,0.4032258064516129
quality_success_cashflow_next_4obs,2013,Healthcare,191,74,37,0.5
quality_success_cashflow_next_4obs,2013,Industrials,390,147,81,0.5510204081632653
quality_success_cashflow_next_4obs,2013,Real Estate,118,86,75,0.872093023255814
quality_success_cashflow_next_4obs,2013,Technology,273,126,89,0.7063492063492064
quality_success_cashflow_next_4obs,2013,Utilities,148,47,34,0.723404255319149
quality_success_cashflow_next_4obs,2014,Agriculture,8,0,0,
quality_success_cashflow_next_4obs,2014,Basic Materials,20,8,5,0.625
quality_success_cashflow_next_4obs,2014,Communication Services,119,40,18,0.45
quality_success_cashflow_next_4obs,2014,Consumer Cyclical,193,52,35,0.6730769230769231
quality_success_cashflow_next_4obs,2014,Consumer Defensive,56,27,19,0.7037037037037037
quality_success_cashflow_next_4obs,2014,Consumer Discretionary,4,0,0,
quality_success_cashflow_next_4obs,2014,Energy,168,56,38,0.6785714285714286
quality_success_cashflow_next_4obs,2014,Financial Services,274,156,70,0.44871794871794873
quality_success_cashflow_next_4obs,2014,Healthcare,193,69,38,0.5507246376811594
quality_success_cashflow_next_4obs,2014,Industrials,376,122,64,0.5245901639344263
quality_success_cashflow_next_4obs,2014,Real Estate,124,79,66,0.8354430379746836
quality_success_cashflow_next_4obs,2014,Technology,265,113,69,0.6106194690265486
quality_success_cashflow_next_4obs,2014,Utilities,145,36,22,0.6111111111111112
quality_success_cashflow_next_4obs,2015,Agriculture,8,0,0,
quality_success_cashflow_next_4obs,2015,Basic Materials,20,8,3,0.375
quality_success_cashflow_next_4obs,2015,Communication Services,117,34,13,0.38235294117647056
quality_success_cashflow_next_4obs,2015,Consumer Cyclical,197,53,30,0.5660377358490566
quality_success_cashflow_next_4obs,2015,Consumer Defensive,59,27,13,0.48148148148148145
quality_success_cashflow_next_4obs,2015,Consumer Discretionary,4,0,0,
quality_success_cashflow_next_4obs,2015,Energy,172,59,17,0.288135593220339
quality_success_cashflow_next_4obs,2015,Financial Services,280,161,69,0.42857142857142855
quality_success_cashflow_next_4obs,2015,Healthcare,189,62,35,0.5645161290322581
quality_success_cashflow_next_4obs,2015,Industrials,377,119,59,0.4957983193277311
quality_success_cashflow_next_4obs,2015,Real Estate,123,71,59,0.8309859154929577
quality_success_cashflow_next_4obs,2015,Technology,273,116,66,0.5689655172413793
quality_success_cashflow_next_4obs,2015,Utilities,148,34,18,0.5294117647058824
quality_success_cashflow_next_4obs,2016,Agriculture,8,0,0,
quality_success_cashflow_next_4obs,2016,Basic Materials,20,8,4,0.5
quality_success_cashflow_next_4obs,2016,Communication Services,120,36,13,0.3611111111111111
quality_success_cashflow_next_4obs,2016,Consumer Cyclical,190,51,21,0.4117647058823529
quality_success_cashflow_next_4obs,2016,Consumer Defensive,59,32,20,0.625
quality_success_cashflow_next_4obs,2016,Consumer Discretionary,4,0,0,
quality_success_cashflow_next_4obs,2016,Energy,164,42,22,0.5238095238095238
quality_success_cashflow_next_4obs,2016,Financial Services,281,163,65,0.3987730061349693
quality_success_cashflow_next_4obs,2016,Healthcare,191,72,48,0.6666666666666666
quality_success_cashflow_next_4obs,2016,Industrials,373,115,60,0.5217391304347826
quality_success_cashflow_next_4obs,2016,Real Estate,130,75,68,0.9066666666666666
quality_success_cashflow_next_4obs,2016,Technology,265,112,68,0.6071428571428571
quality_success_cashflow_next_4obs,2016,Utilities,145,42,30,0.7142857142857143
quality_success_cashflow_next_4obs,2017,Agriculture,8,0,0,
quality_success_cashflow_next_4obs,2017,Basic Materials,21,11,10,0.9090909090909091
quality_success_cashflow_next_4obs,2017,Communication Services,119,41,18,0.43902439024390244
quality_success_cashflow_next_4obs,2017,Consumer Cyclical,200,71,21,0.29577464788732394
quality_success_cashflow_next_4obs,2017,Consumer Defensive,62,37,23,0.6216216216216216
quality_success_cashflow_next_4obs,2017,Consumer Discretionary,4,1,0,0.0
quality_success_cashflow_next_4obs,2017,Energy,160,59,45,0.7627118644067796
quality_success_cashflow_next_4obs,2017,Financial Services,286,184,66,0.358695652173913
quality_success_cashflow_next_4obs,2017,Healthcare,194,81,53,0.654320987654321
quality_success_cashflow_next_4obs,2017,Industrials,381,127,76,0.5984251968503937
quality_success_cashflow_next_4obs,2017,Real Estate,131,86,72,0.8372093023255814
quality_success_cashflow_next_4obs,2017,Technology,286,146,96,0.6575342465753424
quality_success_cashflow_next_4obs,2017,Utilities,147,52,35,0.6730769230769231
quality_success_cashflow_next_4obs,2018,Agriculture,8,2,0,0.0
quality_success_cashflow_next_4obs,2018,Basic Materials,22,12,9,0.75
quality_success_cashflow_next_4obs,2018,Communication Services,120,56,24,0.42857142857142855
quality_success_cashflow_next_4obs,2018,Consumer Cyclical,198,107,36,0.3364485981308411
quality_success_cashflow_next_4obs,2018,Consumer Defensive,61,37,23,0.6216216216216216
quality_success_cashflow_next_4obs,2018,Consumer Discretionary,4,4,0,0.0
quality_success_cashflow_next_4obs,2018,Energy,162,86,59,0.686046511627907
quality_success_cashflow_next_4obs,2018,Financial Services,281,234,87,0.3717948717948718
quality_success_cashflow_next_4obs,2018,Healthcare,189,96,60,0.625
quality_success_cashflow_next_4obs,2018,Industrials,387,172,129,0.75
quality_success_cashflow_next_4obs,2018,Real Estate,130,116,93,0.8017241379310345
quality_success_cashflow_next_4obs,2018,Technology,294,173,117,0.6763005780346821
quality_success_cashflow_next_4obs,2018,Utilities,153,70,45,0.6428571428571429
quality_success_cashflow_next_4obs,2019,Agriculture,11,4,3,0.75
quality_success_cashflow_next_4obs,2019,Basic Materials,24,14,11,0.7857142857142857
quality_success_cashflow_next_4obs,2019,Communication Services,124,64,21,0.328125
quality_success_cashflow_next_4obs,2019,Consumer Cyclical,195,122,34,0.2786885245901639
quality_success_cashflow_next_4obs,2019,Consumer Defensive,60,39,25,0.6410256410256411
quality_success_cashflow_next_4obs,2019,Consumer Discretionary,4,4,0,0.0
quality_success_cashflow_next_4obs,2019,Energy,163,100,29,0.29
quality_success_cashflow_next_4obs,2019,Financial Services,281,258,96,0.37209302325581395
quality_success_cashflow_next_4obs,2019,Healthcare,189,105,67,0.638095238095238
quality_success_cashflow_next_4obs,2019,Industrials,393,202,134,0.6633663366336634
quality_success_cashflow_next_4obs,2019,Real Estate,135,127,92,0.7244094488188977
quality_success_cashflow_next_4obs,2019,Technology,304,211,134,0.6350710900473934
quality_success_cashflow_next_4obs,2019,Utilities,148,64,40,0.625
quality_success_cashflow_next_4obs,2020,Agriculture,10,4,4,1.0
quality_success_cashflow_next_4obs,2020,Basic Materials,24,14,14,1.0
quality_success_cashflow_next_4obs,2020,Communication Services,119,61,25,0.4098360655737705
quality_success_cashflow_next_4obs,2020,Consumer Cyclical,192,108,36,0.3333333333333333
quality_success_cashflow_next_4obs,2020,Consumer Defensive,61,41,25,0.6097560975609756
quality_success_cashflow_next_4obs,2020,Consumer Discretionary,5,5,0,0.0
quality_success_cashflow_next_4obs,2020,Energy,158,94,26,0.2765957446808511
quality_success_cashflow_next_4obs,2020,Financial Services,282,267,98,0.36704119850187267
quality_success_cashflow_next_4obs,2020,Healthcare,203,117,76,0.6495726495726496
quality_success_cashflow_next_4obs,2020,Industrials,400,224,154,0.6875
quality_success_cashflow_next_4obs,2020,Real Estate,142,128,88,0.6875
quality_success_cashflow_next_4obs,2020,Technology,307,227,155,0.6828193832599119
quality_success_cashflow_next_4obs,2020,Utilities,150,65,42,0.6461538461538462
quality_success_cashflow_next_4obs,2021,Agriculture,8,4,1,0.25
quality_success_cashflow_next_4obs,2021,Basic Materials,24,16,16,1.0
quality_success_cashflow_next_4obs,2021,Communication Services,118,59,22,0.3728813559322034
quality_success_cashflow_next_4obs,2021,Consumer Cyclical,202,121,38,0.3140495867768595
quality_success_cashflow_next_4obs,2021,Consumer Defensive,60,40,26,0.65
quality_success_cashflow_next_4obs,2021,Consumer Discretionary,4,4,0,0.0
quality_success_cashflow_next_4obs,2021,Energy,159,86,60,0.6976744186046512
quality_success_cashflow_next_4obs,2021,Financial Services,287,269,93,0.34572490706319703
quality_success_cashflow_next_4obs,2021,Healthcare,201,120,81,0.675
quality_success_cashflow_next_4obs,2021,Industrials,408,223,162,0.726457399103139
quality_success_cashflow_next_4obs,2021,Real Estate,143,135,94,0.6962962962962963
quality_success_cashflow_next_4obs,2021,Technology,322,243,156,0.6419753086419753
quality_success_cashflow_next_4obs,2021,Utilities,145,57,36,0.631578947368421
quality_success_cashflow_next_4obs,2022,Agriculture,8,4,3,0.75
quality_success_cashflow_next_4obs,2022,Basic Materials,24,18,18,1.0
quality_success_cashflow_next_4obs,2022,Communication Services,119,61,24,0.39344262295081966
quality_success_cashflow_next_4obs,2022,Consumer Cyclical,207,131,45,0.3435114503816794
quality_success_cashflow_next_4obs,2022,Consumer Defensive,60,40,28,0.7
quality_success_cashflow_next_4obs,2022,Consumer Discretionary,4,4,0,0.0
quality_success_cashflow_next_4obs,2022,Energy,150,81,76,0.9382716049382716
quality_success_cashflow_next_4obs,2022,Financial Services,284,268,91,0.33955223880597013
quality_success_cashflow_next_4obs,2022,Healthcare,199,115,75,0.6521739130434783
quality_success_cashflow_next_4obs,2022,Industrials,406,224,161,0.71875
quality_success_cashflow_next_4obs,2022,Real Estate,140,132,92,0.696969696969697
quality_success_cashflow_next_4obs,2022,Technology,328,252,153,0.6071428571428571
quality_success_cashflow_next_4obs,2022,Utilities,143,57,34,0.5964912280701754
quality_success_cashflow_next_4obs,2023,Agriculture,8,4,4,1.0
quality_success_cashflow_next_4obs,2023,Basic Materials,24,18,17,0.9444444444444444
quality_success_cashflow_next_4obs,2023,Communication Services,113,52,16,0.3076923076923077
quality_success_cashflow_next_4obs,2023,Consumer Cyclical,196,117,44,0.37606837606837606
quality_success_cashflow_next_4obs,2023,Consumer Defensive,63,43,31,0.7209302325581395
quality_success_cashflow_next_4obs,2023,Consumer Discretionary,4,4,3,0.75
quality_success_cashflow_next_4obs,2023,Energy,140,79,70,0.8860759493670886
quality_success_cashflow_next_4obs,2023,Financial Services,279,264,106,0.4015151515151515
quality_success_cashflow_next_4obs,2023,Healthcare,198,122,77,0.6311475409836066
quality_success_cashflow_next_4obs,2023,Industrials,389,218,159,0.7293577981651376
quality_success_cashflow_next_4obs,2023,Real Estate,141,125,94,0.752
quality_success_cashflow_next_4obs,2023,Technology,328,249,166,0.6666666666666666
quality_success_cashflow_next_4obs,2023,Utilities,135,55,32,0.5818181818181818
quality_success_cashflow_next_4obs,2024,Agriculture,8,4,3,0.75
quality_success_cashflow_next_4obs,2024,Basic Materials,24,19,16,0.8421052631578947
quality_success_cashflow_next_4obs,2024,Communication Services,106,54,17,0.3148148148148148
quality_success_cashflow_next_4obs,2024,Consumer Cyclical,174,99,59,0.5959595959595959
quality_success_cashflow_next_4obs,2024,Consumer Defensive,64,44,31,0.7045454545454546
quality_success_cashflow_next_4obs,2024,Consumer Discretionary,4,4,4,1.0
quality_success_cashflow_next_4obs,2024,Energy,127,69,60,0.8695652173913043
quality_success_cashflow_next_4obs,2024,Financial Services,268,248,103,0.4153225806451613
quality_success_cashflow_next_4obs,2024,Healthcare,184,109,84,0.7706422018348624
quality_success_cashflow_next_4obs,2024,Industrials,379,201,149,0.7412935323383084
quality_success_cashflow_next_4obs,2024,Real Estate,125,116,99,0.853448275862069
quality_success_cashflow_next_4obs,2024,Technology,315,240,177,0.7375
quality_success_cashflow_next_4obs,2024,Utilities,129,54,37,0.6851851851851852
sector_relative_improvement_next_4obs,2009,Basic Materials,11,4,4,1.0
sector_relative_improvement_next_4obs,2009,Communication Services,16,6,0,0.0
sector_relative_improvement_next_4obs,2009,Consumer Cyclical,38,17,5,0.29411764705882354
sector_relative_improvement_next_4obs,2009,Consumer Defensive,21,10,1,0.1
sector_relative_improvement_next_4obs,2009,Energy,48,20,7,0.35
sector_relative_improvement_next_4obs,2009,Financial Services,90,37,10,0.2702702702702703
sector_relative_improvement_next_4obs,2009,Healthcare,47,21,2,0.09523809523809523
sector_relative_improvement_next_4obs,2009,Industrials,107,41,13,0.3170731707317073
sector_relative_improvement_next_4obs,2009,Real Estate,20,10,2,0.2
sector_relative_improvement_next_4obs,2009,Technology,71,31,10,0.3225806451612903
sector_relative_improvement_next_4obs,2009,Utilities,40,19,15,0.7894736842105263
sector_relative_improvement_next_4obs,2010,Agriculture,2,1,1,1.0
sector_relative_improvement_next_4obs,2010,Basic Materials,20,6,4,0.6666666666666666
sector_relative_improvement_next_4obs,2010,Communication Services,52,25,11,0.44
sector_relative_improvement_next_4obs,2010,Consumer Cyclical,117,47,8,0.1702127659574468
sector_relative_improvement_next_4obs,2010,Consumer Defensive,55,22,3,0.13636363636363635
sector_relative_improvement_next_4obs,2010,Consumer Discretionary,2,1,1,1.0
sector_relative_improvement_next_4obs,2010,Energy,112,46,15,0.32608695652173914
sector_relative_improvement_next_4obs,2010,Financial Services,217,87,25,0.28735632183908044
sector_relative_improvement_next_4obs,2010,Healthcare,110,52,14,0.2692307692307692
sector_relative_improvement_next_4obs,2010,Industrials,265,105,40,0.38095238095238093
sector_relative_improvement_next_4obs,2010,Real Estate,66,31,15,0.4838709677419355
sector_relative_improvement_next_4obs,2010,Technology,179,70,25,0.35714285714285715
sector_relative_improvement_next_4obs,2010,Utilities,100,41,26,0.6341463414634146
sector_relative_improvement_next_4obs,2011,Agriculture,6,3,3,1.0
sector_relative_improvement_next_4obs,2011,Basic Materials,20,6,3,0.5
sector_relative_improvement_next_4obs,2011,Communication Services,96,41,18,0.43902439024390244
sector_relative_improvement_next_4obs,2011,Consumer Cyclical,169,70,15,0.21428571428571427
sector_relative_improvement_next_4obs,2011,Consumer Defensive,58,25,7,0.28
sector_relative_improvement_next_4obs,2011,Consumer Discretionary,4,2,2,1.0
sector_relative_improvement_next_4obs,2011,Energy,144,56,22,0.39285714285714285
sector_relative_improvement_next_4obs,2011,Financial Services,259,101,33,0.32673267326732675
sector_relative_improvement_next_4obs,2011,Healthcare,153,70,24,0.34285714285714286
sector_relative_improvement_next_4obs,2011,Industrials,351,138,49,0.35507246376811596
sector_relative_improvement_next_4obs,2011,Real Estate,101,43,20,0.46511627906976744
sector_relative_improvement_next_4obs,2011,Technology,232,92,32,0.34782608695652173
sector_relative_improvement_next_4obs,2011,Utilities,134,57,30,0.5263157894736842
sector_relative_improvement_next_4obs,2012,Agriculture,8,3,3,1.0
sector_relative_improvement_next_4obs,2012,Basic Materials,20,9,2,0.2222222222222222
sector_relative_improvement_next_4obs,2012,Communication Services,115,55,23,0.41818181818181815
sector_relative_improvement_next_4obs,2012,Consumer Cyclical,191,84,10,0.11904761904761904
sector_relative_improvement_next_4obs,2012,Consumer Defensive,56,22,5,0.22727272727272727
sector_relative_improvement_next_4obs,2012,Consumer Discretionary,4,1,1,1.0
sector_relative_improvement_next_4obs,2012,Energy,164,72,14,0.19444444444444445
sector_relative_improvement_next_4obs,2012,Financial Services,272,109,27,0.24770642201834864
sector_relative_improvement_next_4obs,2012,Healthcare,185,86,26,0.3023255813953488
sector_relative_improvement_next_4obs,2012,Industrials,374,145,45,0.3103448275862069
sector_relative_improvement_next_4obs,2012,Real Estate,120,52,18,0.34615384615384615
sector_relative_improvement_next_4obs,2012,Technology,256,106,26,0.24528301886792453
sector_relative_improvement_next_4obs,2012,Utilities,145,59,29,0.4915254237288136
sector_relative_improvement_next_4obs,2013,Agriculture,8,4,4,1.0
sector_relative_improvement_next_4obs,2013,Basic Materials,20,9,3,0.3333333333333333
sector_relative_improvement_next_4obs,2013,Communication Services,117,52,21,0.40384615384615385
sector_relative_improvement_next_4obs,2013,Consumer Cyclical,190,90,11,0.12222222222222222
sector_relative_improvement_next_4obs,2013,Consumer Defensive,57,24,8,0.3333333333333333
sector_relative_improvement_next_4obs,2013,Consumer Discretionary,4,2,2,1.0
sector_relative_improvement_next_4obs,2013,Energy,166,77,18,0.23376623376623376
sector_relative_improvement_next_4obs,2013,Financial Services,275,115,34,0.2956521739130435
sector_relative_improvement_next_4obs,2013,Healthcare,191,86,15,0.1744186046511628
sector_relative_improvement_next_4obs,2013,Industrials,390,153,47,0.30718954248366015
sector_relative_improvement_next_4obs,2013,Real Estate,118,50,21,0.42
sector_relative_improvement_next_4obs,2013,Technology,273,118,36,0.3050847457627119
sector_relative_improvement_next_4obs,2013,Utilities,148,62,35,0.5645161290322581
sector_relative_improvement_next_4obs,2014,Agriculture,8,1,1,1.0
sector_relative_improvement_next_4obs,2014,Basic Materials,20,7,3,0.42857142857142855
sector_relative_improvement_next_4obs,2014,Communication Services,119,53,20,0.37735849056603776
sector_relative_improvement_next_4obs,2014,Consumer Cyclical,193,86,18,0.20930232558139536
sector_relative_improvement_next_4obs,2014,Consumer Defensive,56,21,3,0.14285714285714285
sector_relative_improvement_next_4obs,2014,Consumer Discretionary,4,2,1,0.5
sector_relative_improvement_next_4obs,2014,Energy,168,77,41,0.5324675324675324
sector_relative_improvement_next_4obs,2014,Financial Services,274,109,24,0.22018348623853212
sector_relative_improvement_next_4obs,2014,Healthcare,193,91,21,0.23076923076923078
sector_relative_improvement_next_4obs,2014,Industrials,376,141,57,0.40425531914893614
sector_relative_improvement_next_4obs,2014,Real Estate,124,52,22,0.4230769230769231
sector_relative_improvement_next_4obs,2014,Technology,265,111,25,0.22522522522522523
sector_relative_improvement_next_4obs,2014,Utilities,145,60,29,0.48333333333333334
sector_relative_improvement_next_4obs,2015,Agriculture,8,4,2,0.5
sector_relative_improvement_next_4obs,2015,Basic Materials,20,10,2,0.2
sector_relative_improvement_next_4obs,2015,Communication Services,117,50,24,0.48
sector_relative_improvement_next_4obs,2015,Consumer Cyclical,197,82,20,0.24390243902439024
sector_relative_improvement_next_4obs,2015,Consumer Defensive,59,24,10,0.4166666666666667
sector_relative_improvement_next_4obs,2015,Consumer Discretionary,4,2,2,1.0
sector_relative_improvement_next_4obs,2015,Energy,172,80,18,0.225
sector_relative_improvement_next_4obs,2015,Financial Services,280,113,23,0.20353982300884957
sector_relative_improvement_next_4obs,2015,Healthcare,189,85,22,0.25882352941176473
sector_relative_improvement_next_4obs,2015,Industrials,377,139,44,0.31654676258992803
sector_relative_improvement_next_4obs,2015,Real Estate,123,54,24,0.4444444444444444
sector_relative_improvement_next_4obs,2015,Technology,273,114,25,0.21929824561403508
sector_relative_improvement_next_4obs,2015,Utilities,148,66,27,0.4090909090909091
sector_relative_improvement_next_4obs,2016,Agriculture,8,3,2,0.6666666666666666
sector_relative_improvement_next_4obs,2016,Basic Materials,20,10,4,0.4
sector_relative_improvement_next_4obs,2016,Communication Services,120,53,27,0.5094339622641509
sector_relative_improvement_next_4obs,2016,Consumer Cyclical,190,81,18,0.2222222222222222
sector_relative_improvement_next_4obs,2016,Consumer Defensive,59,21,7,0.3333333333333333
sector_relative_improvement_next_4obs,2016,Consumer Discretionary,4,1,1,1.0
sector_relative_improvement_next_4obs,2016,Energy,164,69,29,0.42028985507246375
sector_relative_improvement_next_4obs,2016,Financial Services,281,115,21,0.1826086956521739
sector_relative_improvement_next_4obs,2016,Healthcare,191,85,25,0.29411764705882354
sector_relative_improvement_next_4obs,2016,Industrials,373,142,44,0.30985915492957744
sector_relative_improvement_next_4obs,2016,Real Estate,130,57,24,0.42105263157894735
sector_relative_improvement_next_4obs,2016,Technology,265,113,29,0.25663716814159293
sector_relative_improvement_next_4obs,2016,Utilities,145,63,33,0.5238095238095238
sector_relative_improvement_next_4obs,2017,Agriculture,8,3,2,0.6666666666666666
sector_relative_improvement_next_4obs,2017,Basic Materials,21,9,4,0.4444444444444444
sector_relative_improvement_next_4obs,2017,Communication Services,119,52,25,0.4807692307692308
sector_relative_improvement_next_4obs,2017,Consumer Cyclical,200,81,24,0.2962962962962963
sector_relative_improvement_next_4obs,2017,Consumer Defensive,62,19,11,0.5789473684210527
sector_relative_improvement_next_4obs,2017,Consumer Discretionary,4,2,1,0.5
sector_relative_improvement_next_4obs,2017,Energy,160,65,29,0.4461538461538462
sector_relative_improvement_next_4obs,2017,Financial Services,286,116,23,0.19827586206896552
sector_relative_improvement_next_4obs,2017,Healthcare,194,87,29,0.3333333333333333
sector_relative_improvement_next_4obs,2017,Industrials,381,144,52,0.3611111111111111
sector_relative_improvement_next_4obs,2017,Real Estate,131,55,7,0.12727272727272726
sector_relative_improvement_next_4obs,2017,Technology,286,121,32,0.2644628099173554
sector_relative_improvement_next_4obs,2017,Utilities,147,60,36,0.6
sector_relative_improvement_next_4obs,2018,Agriculture,8,3,2,0.6666666666666666
sector_relative_improvement_next_4obs,2018,Basic Materials,22,10,4,0.4
sector_relative_improvement_next_4obs,2018,Communication Services,120,55,22,0.4
sector_relative_improvement_next_4obs,2018,Consumer Cyclical,198,81,18,0.2222222222222222
sector_relative_improvement_next_4obs,2018,Consumer Defensive,61,22,8,0.36363636363636365
sector_relative_improvement_next_4obs,2018,Consumer Discretionary,4,2,2,1.0
sector_relative_improvement_next_4obs,2018,Energy,162,73,38,0.5205479452054794
sector_relative_improvement_next_4obs,2018,Financial Services,281,116,35,0.3017241379310345
sector_relative_improvement_next_4obs,2018,Healthcare,189,83,35,0.42168674698795183
sector_relative_improvement_next_4obs,2018,Industrials,387,156,58,0.3717948717948718
sector_relative_improvement_next_4obs,2018,Real Estate,130,55,11,0.2
sector_relative_improvement_next_4obs,2018,Technology,294,128,46,0.359375
sector_relative_improvement_next_4obs,2018,Utilities,153,66,39,0.5909090909090909
sector_relative_improvement_next_4obs,2019,Agriculture,11,5,4,0.8
sector_relative_improvement_next_4obs,2019,Basic Materials,24,10,5,0.5
sector_relative_improvement_next_4obs,2019,Communication Services,124,56,24,0.42857142857142855
sector_relative_improvement_next_4obs,2019,Consumer Cyclical,195,86,19,0.22093023255813954
sector_relative_improvement_next_4obs,2019,Consumer Defensive,60,24,5,0.20833333333333334
sector_relative_improvement_next_4obs,2019,Consumer Discretionary,4,2,2,1.0
sector_relative_improvement_next_4obs,2019,Energy,163,67,20,0.29850746268656714
sector_relative_improvement_next_4obs,2019,Financial Services,281,107,24,0.22429906542056074
sector_relative_improvement_next_4obs,2019,Healthcare,189,83,26,0.3132530120481928
sector_relative_improvement_next_4obs,2019,Industrials,393,159,57,0.3584905660377358
sector_relative_improvement_next_4obs,2019,Real Estate,135,58,22,0.3793103448275862
sector_relative_improvement_next_4obs,2019,Technology,304,128,31,0.2421875
sector_relative_improvement_next_4obs,2019,Utilities,148,58,37,0.6379310344827587
sector_relative_improvement_next_4obs,2020,Agriculture,10,3,3,1.0
sector_relative_improvement_next_4obs,2020,Basic Materials,24,10,4,0.4
sector_relative_improvement_next_4obs,2020,Communication Services,119,56,17,0.30357142857142855
sector_relative_improvement_next_4obs,2020,Consumer Cyclical,192,82,34,0.4146341463414634
sector_relative_improvement_next_4obs,2020,Consumer Defensive,61,26,11,0.4230769230769231
sector_relative_improvement_next_4obs,2020,Consumer Discretionary,5,3,3,1.0
sector_relative_improvement_next_4obs,2020,Energy,158,65,24,0.36923076923076925
sector_relative_improvement_next_4obs,2020,Financial Services,282,108,30,0.2777777777777778
sector_relative_improvement_next_4obs,2020,Healthcare,203,93,25,0.26881720430107525
sector_relative_improvement_next_4obs,2020,Industrials,400,167,63,0.3772455089820359
sector_relative_improvement_next_4obs,2020,Real Estate,142,60,18,0.3
sector_relative_improvement_next_4obs,2020,Technology,307,127,34,0.2677165354330709
sector_relative_improvement_next_4obs,2020,Utilities,150,57,36,0.631578947368421
sector_relative_improvement_next_4obs,2021,Agriculture,8,4,4,1.0
sector_relative_improvement_next_4obs,2021,Basic Materials,24,8,4,0.5
sector_relative_improvement_next_4obs,2021,Communication Services,118,54,20,0.37037037037037035
sector_relative_improvement_next_4obs,2021,Consumer Cyclical,202,84,26,0.30952380952380953
sector_relative_improvement_next_4obs,2021,Consumer Defensive,60,21,8,0.38095238095238093
sector_relative_improvement_next_4obs,2021,Consumer Discretionary,4,2,2,1.0
sector_relative_improvement_next_4obs,2021,Energy,159,59,33,0.559322033898305
sector_relative_improvement_next_4obs,2021,Financial Services,287,101,23,0.22772277227722773
sector_relative_improvement_next_4obs,2021,Healthcare,201,93,24,0.25806451612903225
sector_relative_improvement_next_4obs,2021,Industrials,408,160,52,0.325
sector_relative_improvement_next_4obs,2021,Real Estate,143,57,23,0.40350877192982454
sector_relative_improvement_next_4obs,2021,Technology,322,136,31,0.22794117647058823
sector_relative_improvement_next_4obs,2021,Utilities,145,59,38,0.6440677966101694
sector_relative_improvement_next_4obs,2022,Agriculture,8,3,3,1.0
sector_relative_improvement_next_4obs,2022,Basic Materials,24,8,4,0.5
sector_relative_improvement_next_4obs,2022,Communication Services,119,54,23,0.42592592592592593
sector_relative_improvement_next_4obs,2022,Consumer Cyclical,207,87,17,0.19540229885057472
sector_relative_improvement_next_4obs,2022,Consumer Defensive,60,23,12,0.5217391304347826
sector_relative_improvement_next_4obs,2022,Consumer Discretionary,4,2,2,1.0
sector_relative_improvement_next_4obs,2022,Energy,150,61,25,0.4098360655737705
sector_relative_improvement_next_4obs,2022,Financial Services,284,107,29,0.27102803738317754
sector_relative_improvement_next_4obs,2022,Healthcare,199,88,16,0.18181818181818182
sector_relative_improvement_next_4obs,2022,Industrials,406,161,43,0.2670807453416149
sector_relative_improvement_next_4obs,2022,Real Estate,140,59,18,0.3050847457627119
sector_relative_improvement_next_4obs,2022,Technology,328,138,21,0.15217391304347827
sector_relative_improvement_next_4obs,2022,Utilities,143,53,34,0.6415094339622641
sector_relative_improvement_next_4obs,2023,Agriculture,8,4,4,1.0
sector_relative_improvement_next_4obs,2023,Basic Materials,24,9,5,0.5555555555555556
sector_relative_improvement_next_4obs,2023,Communication Services,113,50,18,0.36
sector_relative_improvement_next_4obs,2023,Consumer Cyclical,196,75,7,0.09333333333333334
sector_relative_improvement_next_4obs,2023,Consumer Defensive,63,23,8,0.34782608695652173
sector_relative_improvement_next_4obs,2023,Consumer Discretionary,4,2,2,1.0
sector_relative_improvement_next_4obs,2023,Energy,140,49,21,0.42857142857142855
sector_relative_improvement_next_4obs,2023,Financial Services,279,103,29,0.2815533980582524
sector_relative_improvement_next_4obs,2023,Healthcare,198,80,22,0.275
sector_relative_improvement_next_4obs,2023,Industrials,389,145,44,0.30344827586206896
sector_relative_improvement_next_4obs,2023,Real Estate,141,52,14,0.2692307692307692
sector_relative_improvement_next_4obs,2023,Technology,328,137,29,0.2116788321167883
sector_relative_improvement_next_4obs,2023,Utilities,135,49,33,0.673469387755102
sector_relative_improvement_next_4obs,2024,Agriculture,8,4,4,1.0
sector_relative_improvement_next_4obs,2024,Basic Materials,24,5,5,1.0
sector_relative_improvement_next_4obs,2024,Communication Services,106,44,9,0.20454545454545456
sector_relative_improvement_next_4obs,2024,Consumer Cyclical,174,64,14,0.21875
sector_relative_improvement_next_4obs,2024,Consumer Defensive,64,25,10,0.4
sector_relative_improvement_next_4obs,2024,Consumer Discretionary,4,2,2,1.0
sector_relative_improvement_next_4obs,2024,Energy,127,35,13,0.37142857142857144
sector_relative_improvement_next_4obs,2024,Financial Services,268,97,28,0.28865979381443296
sector_relative_improvement_next_4obs,2024,Healthcare,184,70,24,0.34285714285714286
sector_relative_improvement_next_4obs,2024,Industrials,379,133,41,0.3082706766917293
sector_relative_improvement_next_4obs,2024,Real Estate,125,46,13,0.2826086956521739
sector_relative_improvement_next_4obs,2024,Technology,315,124,30,0.24193548387096775
sector_relative_improvement_next_4obs,2024,Utilities,129,47,33,0.7021276595744681
persistent_resilience_next_6obs,2009,Basic Materials,11,7,7,1.0
persistent_resilience_next_6obs,2009,Communication Services,16,8,4,0.5
persistent_resilience_next_6obs,2009,Consumer Cyclical,38,15,13,0.8666666666666667
persistent_resilience_next_6obs,2009,Consumer Defensive,21,11,8,0.7272727272727273
persistent_resilience_next_6obs,2009,Energy,48,22,16,0.7272727272727273
persistent_resilience_next_6obs,2009,Financial Services,90,85,27,0.3176470588235294
persistent_resilience_next_6obs,2009,Healthcare,47,14,14,1.0
persistent_resilience_next_6obs,2009,Industrials,107,59,49,0.8305084745762712
persistent_resilience_next_6obs,2009,Real Estate,20,19,16,0.8421052631578947
persistent_resilience_next_6obs,2009,Technology,71,44,36,0.8181818181818182
persistent_resilience_next_6obs,2009,Utilities,40,13,12,0.9230769230769231
persistent_resilience_next_6obs,2010,Agriculture,2,2,2,1.0
persistent_resilience_next_6obs,2010,Basic Materials,20,12,12,1.0
persistent_resilience_next_6obs,2010,Communication Services,52,23,14,0.6086956521739131
persistent_resilience_next_6obs,2010,Consumer Cyclical,117,54,43,0.7962962962962963
persistent_resilience_next_6obs,2010,Consumer Defensive,55,31,23,0.7419354838709677
persistent_resilience_next_6obs,2010,Consumer Discretionary,2,2,2,1.0
persistent_resilience_next_6obs,2010,Energy,112,51,41,0.803921568627451
persistent_resilience_next_6obs,2010,Financial Services,217,205,82,0.4
persistent_resilience_next_6obs,2010,Healthcare,110,36,31,0.8611111111111112
persistent_resilience_next_6obs,2010,Industrials,265,150,126,0.84
persistent_resilience_next_6obs,2010,Real Estate,66,60,52,0.8666666666666667
persistent_resilience_next_6obs,2010,Technology,179,119,93,0.7815126050420168
persistent_resilience_next_6obs,2010,Utilities,100,37,31,0.8378378378378378
persistent_resilience_next_6obs,2011,Agriculture,6,4,4,1.0
persistent_resilience_next_6obs,2011,Basic Materials,20,13,13,1.0
persistent_resilience_next_6obs,2011,Communication Services,96,41,18,0.43902439024390244
persistent_resilience_next_6obs,2011,Consumer Cyclical,169,90,66,0.7333333333333333
persistent_resilience_next_6obs,2011,Consumer Defensive,58,33,25,0.7575757575757576
persistent_resilience_next_6obs,2011,Consumer Discretionary,4,4,4,1.0
persistent_resilience_next_6obs,2011,Energy,144,78,53,0.6794871794871795
persistent_resilience_next_6obs,2011,Financial Services,259,246,105,0.4268292682926829
persistent_resilience_next_6obs,2011,Healthcare,153,62,39,0.6290322580645161
persistent_resilience_next_6obs,2011,Industrials,351,203,154,0.7586206896551724
persistent_resilience_next_6obs,2011,Real Estate,101,91,71,0.7802197802197802
persistent_resilience_next_6obs,2011,Technology,232,162,123,0.7592592592592593
persistent_resilience_next_6obs,2011,Utilities,134,53,39,0.7358490566037735
persistent_resilience_next_6obs,2012,Agriculture,8,4,2,0.5
persistent_resilience_next_6obs,2012,Basic Materials,20,16,14,0.875
persistent_resilience_next_6obs,2012,Communication Services,115,53,17,0.32075471698113206
persistent_resilience_next_6obs,2012,Consumer Cyclical,191,103,71,0.6893203883495146
persistent_resilience_next_6obs,2012,Consumer Defensive,56,32,24,0.75
persistent_resilience_next_6obs,2012,Consumer Discretionary,4,4,4,1.0
persistent_resilience_next_6obs,2012,Energy,164,98,63,0.6428571428571429
persistent_resilience_next_6obs,2012,Financial Services,272,260,104,0.4
persistent_resilience_next_6obs,2012,Healthcare,185,87,42,0.4827586206896552
persistent_resilience_next_6obs,2012,Industrials,374,207,164,0.7922705314009661
persistent_resilience_next_6obs,2012,Real Estate,120,107,81,0.7570093457943925
persistent_resilience_next_6obs,2012,Technology,256,178,139,0.7808988764044944
persistent_resilience_next_6obs,2012,Utilities,145,59,35,0.5932203389830508
persistent_resilience_next_6obs,2013,Agriculture,8,4,4,1.0
persistent_resilience_next_6obs,2013,Basic Materials,20,16,13,0.8125
persistent_resilience_next_6obs,2013,Communication Services,117,53,25,0.4716981132075472
persistent_resilience_next_6obs,2013,Consumer Cyclical,190,106,74,0.6981132075471698
persistent_resilience_next_6obs,2013,Consumer Defensive,57,34,24,0.7058823529411765
persistent_resilience_next_6obs,2013,Consumer Discretionary,4,4,4,1.0
persistent_resilience_next_6obs,2013,Energy,166,100,72,0.72
persistent_resilience_next_6obs,2013,Financial Services,275,263,111,0.4220532319391635
persistent_resilience_next_6obs,2013,Healthcare,191,88,44,0.5
persistent_resilience_next_6obs,2013,Industrials,390,220,151,0.6863636363636364
persistent_resilience_next_6obs,2013,Real Estate,118,110,88,0.8
persistent_resilience_next_6obs,2013,Technology,273,187,145,0.7754010695187166
persistent_resilience_next_6obs,2013,Utilities,148,57,41,0.7192982456140351
persistent_resilience_next_6obs,2014,Agriculture,8,4,4,1.0
persistent_resilience_next_6obs,2014,Basic Materials,20,16,12,0.75
persistent_resilience_next_6obs,2014,Communication Services,119,56,28,0.5
persistent_resilience_next_6obs,2014,Consumer Cyclical,193,110,68,0.6181818181818182
persistent_resilience_next_6obs,2014,Consumer Defensive,56,36,24,0.6666666666666666
persistent_resilience_next_6obs,2014,Consumer Discretionary,4,4,4,1.0
persistent_resilience_next_6obs,2014,Energy,168,107,43,0.40186915887850466
persistent_resilience_next_6obs,2014,Financial Services,274,262,105,0.40076335877862596
persistent_resilience_next_6obs,2014,Healthcare,193,93,36,0.3870967741935484
persistent_resilience_next_6obs,2014,Industrials,376,210,148,0.7047619047619048
persistent_resilience_next_6obs,2014,Real Estate,124,116,86,0.7413793103448276
persistent_resilience_next_6obs,2014,Technology,265,189,138,0.7301587301587301
persistent_resilience_next_6obs,2014,Utilities,145,54,30,0.5555555555555556
persistent_resilience_next_6obs,2015,Agriculture,8,4,4,1.0
persistent_resilience_next_6obs,2015,Basic Materials,20,16,9,0.5625
persistent_resilience_next_6obs,2015,Communication Services,117,60,28,0.4666666666666667
persistent_resilience_next_6obs,2015,Consumer Cyclical,197,117,62,0.5299145299145299
persistent_resilience_next_6obs,2015,Consumer Defensive,59,39,27,0.6923076923076923
persistent_resilience_next_6obs,2015,Consumer Discretionary,4,4,4,1.0
persistent_resilience_next_6obs,2015,Energy,172,105,18,0.17142857142857143
persistent_resilience_next_6obs,2015,Financial Services,280,268,104,0.3880597014925373
persistent_resilience_next_6obs,2015,Healthcare,189,89,42,0.47191011235955055
persistent_resilience_next_6obs,2015,Industrials,377,213,152,0.7136150234741784
persistent_resilience_next_6obs,2015,Real Estate,123,115,88,0.7652173913043478
persistent_resilience_next_6obs,2015,Technology,273,197,136,0.6903553299492385
persistent_resilience_next_6obs,2015,Utilities,148,57,32,0.5614035087719298
persistent_resilience_next_6obs,2016,Agriculture,8,4,4,1.0
persistent_resilience_next_6obs,2016,Basic Materials,20,16,11,0.6875
persistent_resilience_next_6obs,2016,Communication Services,120,60,28,0.4666666666666667
persistent_resilience_next_6obs,2016,Consumer Cyclical,190,115,57,0.4956521739130435
persistent_resilience_next_6obs,2016,Consumer Defensive,59,39,28,0.717948717948718
persistent_resilience_next_6obs,2016,Consumer Discretionary,4,4,3,0.75
persistent_resilience_next_6obs,2016,Energy,164,88,31,0.3522727272727273
persistent_resilience_next_6obs,2016,Financial Services,281,269,114,0.42379182156133827
persistent_resilience_next_6obs,2016,Healthcare,191,94,47,0.5
persistent_resilience_next_6obs,2016,Industrials,373,210,144,0.6857142857142857
persistent_resilience_next_6obs,2016,Real Estate,130,120,96,0.8
persistent_resilience_next_6obs,2016,Technology,265,192,140,0.7291666666666666
persistent_resilience_next_6obs,2016,Utilities,145,58,38,0.6551724137931034
persistent_resilience_next_6obs,2017,Agriculture,8,4,0,0.0
persistent_resilience_next_6obs,2017,Basic Materials,21,16,13,0.8125
persistent_resilience_next_6obs,2017,Communication Services,119,62,31,0.5
persistent_resilience_next_6obs,2017,Consumer Cyclical,200,122,49,0.4016393442622951
persistent_resilience_next_6obs,2017,Consumer Defensive,62,42,30,0.7142857142857143
persistent_resilience_next_6obs,2017,Consumer Discretionary,4,4,0,0.0
persistent_resilience_next_6obs,2017,Energy,160,89,52,0.5842696629213483
persistent_resilience_next_6obs,2017,Financial Services,286,268,105,0.3917910447761194
persistent_resilience_next_6obs,2017,Healthcare,194,98,54,0.5510204081632653
persistent_resilience_next_6obs,2017,Industrials,381,214,156,0.7289719626168224
persistent_resilience_next_6obs,2017,Real Estate,131,119,91,0.7647058823529411
persistent_resilience_next_6obs,2017,Technology,286,206,145,0.7038834951456311
persistent_resilience_next_6obs,2017,Utilities,147,63,34,0.5396825396825397
persistent_resilience_next_6obs,2018,Agriculture,8,4,0,0.0
persistent_resilience_next_6obs,2018,Basic Materials,22,18,12,0.6666666666666666
persistent_resilience_next_6obs,2018,Communication Services,120,69,37,0.5362318840579711
persistent_resilience_next_6obs,2018,Consumer Cyclical,198,126,45,0.35714285714285715
persistent_resilience_next_6obs,2018,Consumer Defensive,61,41,28,0.6829268292682927
persistent_resilience_next_6obs,2018,Consumer Discretionary,4,4,0,0.0
persistent_resilience_next_6obs,2018,Energy,162,98,52,0.5306122448979592
persistent_resilience_next_6obs,2018,Financial Services,281,269,109,0.4052044609665427
persistent_resilience_next_6obs,2018,Healthcare,189,100,54,0.54
persistent_resilience_next_6obs,2018,Industrials,387,222,164,0.7387387387387387
persistent_resilience_next_6obs,2018,Real Estate,130,121,97,0.8016528925619835
persistent_resilience_next_6obs,2018,Technology,294,214,143,0.6682242990654206
persistent_resilience_next_6obs,2018,Utilities,153,71,43,0.6056338028169014
persistent_resilience_next_6obs,2019,Agriculture,11,4,4,1.0
persistent_resilience_next_6obs,2019,Basic Materials,24,20,17,0.85
persistent_resilience_next_6obs,2019,Communication Services,124,72,28,0.3888888888888889
persistent_resilience_next_6obs,2019,Consumer Cyclical,195,126,35,0.2777777777777778
persistent_resilience_next_6obs,2019,Consumer Defensive,60,40,25,0.625
persistent_resilience_next_6obs,2019,Consumer Discretionary,4,4,0,0.0
persistent_resilience_next_6obs,2019,Energy,163,103,10,0.0970873786407767
persistent_resilience_next_6obs,2019,Financial Services,281,269,107,0.39776951672862454
persistent_resilience_next_6obs,2019,Healthcare,189,105,66,0.6285714285714286
persistent_resilience_next_6obs,2019,Industrials,393,227,136,0.5991189427312775
persistent_resilience_next_6obs,2019,Real Estate,135,125,87,0.696
persistent_resilience_next_6obs,2019,Technology,304,224,140,0.625
persistent_resilience_next_6obs,2019,Utilities,148,64,36,0.5625
persistent_resilience_next_6obs,2020,Agriculture,10,4,4,1.0
persistent_resilience_next_6obs,2020,Basic Materials,24,20,20,1.0
persistent_resilience_next_6obs,2020,Communication Services,119,69,31,0.4492753623188406
persistent_resilience_next_6obs,2020,Consumer Cyclical,192,112,41,0.36607142857142855
persistent_resilience_next_6obs,2020,Consumer Defensive,61,41,22,0.5365853658536586
persistent_resilience_next_6obs,2020,Consumer Discretionary,5,5,0,0.0
persistent_resilience_next_6obs,2020,Energy,158,92,24,0.2608695652173913
persistent_resilience_next_6obs,2020,Financial Services,282,268,100,0.373134328358209
persistent_resilience_next_6obs,2020,Healthcare,203,119,75,0.6302521008403361
persistent_resilience_next_6obs,2020,Industrials,400,242,156,0.6446280991735537
persistent_resilience_next_6obs,2020,Real Estate,142,128,82,0.640625
persistent_resilience_next_6obs,2020,Technology,307,229,149,0.6506550218340611
persistent_resilience_next_6obs,2020,Utilities,150,62,36,0.5806451612903226
persistent_resilience_next_6obs,2021,Agriculture,8,4,4,1.0
persistent_resilience_next_6obs,2021,Basic Materials,24,20,18,0.9
persistent_resilience_next_6obs,2021,Communication Services,118,65,26,0.4
persistent_resilience_next_6obs,2021,Consumer Cyclical,202,126,48,0.38095238095238093
persistent_resilience_next_6obs,2021,Consumer Defensive,60,40,26,0.65
persistent_resilience_next_6obs,2021,Consumer Discretionary,4,4,0,0.0
persistent_resilience_next_6obs,2021,Energy,159,85,61,0.7176470588235294
persistent_resilience_next_6obs,2021,Financial Services,287,267,84,0.3146067415730337
persistent_resilience_next_6obs,2021,Healthcare,201,118,79,0.6694915254237288
persistent_resilience_next_6obs,2021,Industrials,408,247,174,0.7044534412955465
persistent_resilience_next_6obs,2021,Real Estate,143,134,89,0.664179104477612
persistent_resilience_next_6obs,2021,Technology,322,248,146,0.5887096774193549
persistent_resilience_next_6obs,2021,Utilities,145,59,30,0.5084745762711864
persistent_resilience_next_6obs,2022,Agriculture,8,4,4,1.0
persistent_resilience_next_6obs,2022,Basic Materials,24,20,18,0.9
persistent_resilience_next_6obs,2022,Communication Services,119,61,22,0.36065573770491804
persistent_resilience_next_6obs,2022,Consumer Cyclical,207,134,50,0.373134328358209
persistent_resilience_next_6obs,2022,Consumer Defensive,60,40,28,0.7
persistent_resilience_next_6obs,2022,Consumer Discretionary,4,4,0,0.0
persistent_resilience_next_6obs,2022,Energy,150,80,72,0.9
persistent_resilience_next_6obs,2022,Financial Services,284,267,89,0.3333333333333333
persistent_resilience_next_6obs,2022,Healthcare,199,115,75,0.6521739130434783
persistent_resilience_next_6obs,2022,Industrials,406,239,168,0.702928870292887
persistent_resilience_next_6obs,2022,Real Estate,140,130,87,0.6692307692307692
persistent_resilience_next_6obs,2022,Technology,328,258,142,0.5503875968992248
persistent_resilience_next_6obs,2022,Utilities,143,57,33,0.5789473684210527
persistent_resilience_next_6obs,2023,Agriculture,8,4,4,1.0
persistent_resilience_next_6obs,2023,Basic Materials,24,20,20,1.0
persistent_resilience_next_6obs,2023,Communication Services,113,53,18,0.33962264150943394
persistent_resilience_next_6obs,2023,Consumer Cyclical,196,119,53,0.44537815126050423
persistent_resilience_next_6obs,2023,Consumer Defensive,63,43,31,0.7209302325581395
persistent_resilience_next_6obs,2023,Consumer Discretionary,4,4,3,0.75
persistent_resilience_next_6obs,2023,Energy,140,74,64,0.8648648648648649
persistent_resilience_next_6obs,2023,Financial Services,279,254,109,0.42913385826771655
persistent_resilience_next_6obs,2023,Healthcare,198,119,81,0.680672268907563
persistent_resilience_next_6obs,2023,Industrials,389,221,166,0.751131221719457
persistent_resilience_next_6obs,2023,Real Estate,141,121,92,0.7603305785123967
persistent_resilience_next_6obs,2023,Technology,328,255,165,0.6470588235294118
persistent_resilience_next_6obs,2023,Utilities,135,54,36,0.6666666666666666
persistent_resilience_next_6obs,2024,Agriculture,8,4,3,0.75
persistent_resilience_next_6obs,2024,Basic Materials,24,20,19,0.95
persistent_resilience_next_6obs,2024,Communication Services,106,54,20,0.37037037037037035
persistent_resilience_next_6obs,2024,Consumer Cyclical,174,102,57,0.5588235294117647
persistent_resilience_next_6obs,2024,Consumer Defensive,64,44,25,0.5681818181818182
persistent_resilience_next_6obs,2024,Consumer Discretionary,4,4,4,1.0
persistent_resilience_next_6obs,2024,Energy,127,68,58,0.8529411764705882
persistent_resilience_next_6obs,2024,Financial Services,268,246,107,0.4349593495934959
persistent_resilience_next_6obs,2024,Healthcare,184,113,82,0.7256637168141593
persistent_resilience_next_6obs,2024,Industrials,379,212,153,0.7216981132075472
persistent_resilience_next_6obs,2024,Real Estate,125,116,95,0.8189655172413793
persistent_resilience_next_6obs,2024,Technology,315,240,170,0.7083333333333334
persistent_resilience_next_6obs,2024,Utilities,129,54,38,0.7037037037037037
