target,target_family,model,selected_calibrator,feature,feature_clean,base_feature,feature_group,reason_code,native_importance,coefficient_sign_if_linear,native_importance_share
industry_relative_resilience_next_4obs,validated_secondary_production,random_forest,isotonic_validation,num__equity_assets,equity_assets,equity_assets,financial_ratio,balance_sheet_leverage_liquidity,0.06685374347231231,,0.06685374347231231
industry_relative_resilience_next_4obs,validated_secondary_production,random_forest,isotonic_validation,num__leverage_assets,leverage_assets,leverage_assets,financial_ratio,balance_sheet_leverage_liquidity,0.063733108735244,,0.063733108735244
industry_relative_resilience_next_4obs,validated_secondary_production,random_forest,isotonic_validation,num__roa,roa,roa,financial_ratio,profitability_and_efficiency,0.053083810271857254,,0.053083810271857254
industry_relative_resilience_next_4obs,validated_secondary_production,random_forest,isotonic_validation,num__roa_lag1,roa_lag1,roa_lag1,firm_trend,firm_momentum_or_deterioration,0.05017481909179398,,0.05017481909179398
industry_relative_resilience_next_4obs,validated_secondary_production,random_forest,isotonic_validation,num__leverage_assets_lag1,leverage_assets_lag1,leverage_assets_lag1,firm_trend,firm_momentum_or_deterioration,0.04970892586036661,,0.04970892586036661
industry_relative_resilience_next_4obs,validated_secondary_production,random_forest,isotonic_validation,num__net_margin,net_margin,net_margin,financial_ratio,profitability_and_efficiency,0.045197056300969735,,0.045197056300969735
industry_relative_resilience_next_4obs,validated_secondary_production,random_forest,isotonic_validation,num__net_margin_lag1,net_margin_lag1,net_margin_lag1,firm_trend,firm_momentum_or_deterioration,0.038002256002743165,,0.038002256002743165
industry_relative_resilience_next_4obs,validated_secondary_production,random_forest,isotonic_validation,num__net_income,net_income,net_income,accounting_fundamental,earnings_and_scale,0.03458753472654499,,0.03458753472654499
industry_relative_resilience_next_4obs,validated_secondary_production,random_forest,isotonic_validation,num__total_equity,total_equity,total_equity,accounting_fundamental,asset_base_liquidity_and_investment,0.031130460716726278,,0.031130460716726278
industry_relative_resilience_next_4obs,validated_secondary_production,random_forest,isotonic_validation,num__operating_margin,operating_margin,operating_margin,financial_ratio,profitability_and_efficiency,0.030229024200532733,,0.030229024200532733
industry_relative_resilience_next_4obs,validated_secondary_production,random_forest,isotonic_validation,num__operating_margin_lag1,operating_margin_lag1,operating_margin_lag1,firm_trend,firm_momentum_or_deterioration,0.025437619324353167,,0.025437619324353167
industry_relative_resilience_next_4obs,validated_secondary_production,random_forest,isotonic_validation,num__operating_income,operating_income,operating_income,accounting_fundamental,earnings_and_scale,0.020358810098183213,,0.020358810098183213
industry_relative_resilience_next_4obs,validated_secondary_production,random_forest,isotonic_validation,cat__Sector_Financial Services,Sector: Financial Services,Sector,industry_sector,sector_positioning,0.018776370371495064,,0.018776370371495064
industry_relative_resilience_next_4obs,validated_secondary_production,random_forest,isotonic_validation,num__total_liabilities,total_liabilities,total_liabilities,accounting_fundamental,balance_sheet_obligations,0.01738346404586453,,0.01738346404586453
industry_relative_resilience_next_4obs,validated_secondary_production,random_forest,isotonic_validation,num__total_assets,total_assets,total_assets,accounting_fundamental,asset_base_liquidity_and_investment,0.016770931040733794,,0.016770931040733794
industry_relative_resilience_next_4obs,validated_secondary_production,random_forest,isotonic_validation,num__net_income_negative_count_prior_4obs,net_income_negative_count_prior_4obs,net_income_negative_count_prior_4obs,accounting_fundamental,accounting_fundamentals,0.01631994092289132,,0.01631994092289132
industry_relative_resilience_next_4obs,validated_secondary_production,random_forest,isotonic_validation,num__total_revenue,total_revenue,total_revenue,accounting_fundamental,earnings_and_scale,0.012338586065568717,,0.012338586065568717
industry_relative_resilience_next_4obs,validated_secondary_production,random_forest,isotonic_validation,num__cfo_assets,cfo_assets,cfo_assets,financial_quality_cashflow,cash_flow_quality,0.011070126958741114,,0.011070126958741114
industry_relative_resilience_next_4obs,validated_secondary_production,random_forest,isotonic_validation,num__receivables_assets,receivables_assets,receivables_assets,financial_ratio,profitability_and_efficiency,0.010880151397841965,,0.010880151397841965
industry_relative_resilience_next_4obs,validated_secondary_production,random_forest,isotonic_validation,num__current_liabilities,current_liabilities,current_liabilities,accounting_fundamental,balance_sheet_obligations,0.010193587526320687,,0.010193587526320687
industry_relative_resilience_next_4obs,validated_secondary_production,random_forest,isotonic_validation,num__long_term_debt,long_term_debt,long_term_debt,accounting_fundamental,balance_sheet_obligations,0.010155590356493984,,0.010155590356493984
industry_relative_resilience_next_4obs,validated_secondary_production,random_forest,isotonic_validation,num__current_assets,current_assets,current_assets,accounting_fundamental,asset_base_liquidity_and_investment,0.010146080596853763,,0.010146080596853763
industry_relative_resilience_next_4obs,validated_secondary_production,random_forest,isotonic_validation,num__cash_equivalents,cash_equivalents,cash_equivalents,accounting_fundamental,asset_base_liquidity_and_investment,0.009846073621920422,,0.009846073621920422
industry_relative_resilience_next_4obs,validated_secondary_production,random_forest,isotonic_validation,num__cash_flow_operating,cash_flow_operating,cash_flow_operating,accounting_fundamental,asset_base_liquidity_and_investment,0.00908352399384184,,0.00908352399384184
industry_relative_resilience_next_4obs,validated_secondary_production,random_forest,isotonic_validation,num__cash_assets,cash_assets,cash_assets,financial_ratio,balance_sheet_leverage_liquidity,0.008905979181074233,,0.008905979181074233
industry_relative_resilience_next_4obs,validated_secondary_production,random_forest,isotonic_validation,num__working_capital_assets,working_capital_assets,working_capital_assets,financial_quality_cashflow,cash_flow_quality,0.007875871724269259,,0.007875871724269259
industry_relative_resilience_next_4obs,validated_secondary_production,random_forest,isotonic_validation,num__current_ratio,current_ratio,current_ratio,financial_ratio,balance_sheet_leverage_liquidity,0.007861114879968012,,0.007861114879968012
industry_relative_resilience_next_4obs,validated_secondary_production,random_forest,isotonic_validation,num__cash_assets_lag1,cash_assets_lag1,cash_assets_lag1,firm_trend,firm_momentum_or_deterioration,0.007856289065737874,,0.007856289065737874
industry_relative_resilience_next_4obs,validated_secondary_production,random_forest,isotonic_validation,num__capex,capex,capex,accounting_fundamental,asset_base_liquidity_and_investment,0.0077248268506435736,,0.0077248268506435736
industry_relative_resilience_next_4obs,validated_secondary_production,random_forest,isotonic_validation,num__cfo_margin,cfo_margin,cfo_margin,financial_quality_cashflow,cash_flow_quality,0.007692903180113071,,0.007692903180113071
industry_relative_resilience_next_4obs,validated_secondary_production,random_forest,isotonic_validation,num__current_ratio_lag1,current_ratio_lag1,current_ratio_lag1,firm_trend,firm_momentum_or_deterioration,0.007664566706762631,,0.007664566706762631
industry_relative_resilience_next_4obs,validated_secondary_production,random_forest,isotonic_validation,num__inventory_assets,inventory_assets,inventory_assets,financial_ratio,profitability_and_efficiency,0.007599404751176716,,0.007599404751176716
industry_relative_resilience_next_4obs,validated_secondary_production,random_forest,isotonic_validation,num__total_assets_growth_4obs,total_assets_growth_4obs,total_assets_growth_4obs,firm_trend,firm_momentum_or_deterioration,0.0074140579589977145,,0.0074140579589977145
industry_relative_resilience_next_4obs,validated_secondary_production,random_forest,isotonic_validation,num__debt_to_cfo,debt_to_cfo,debt_to_cfo,financial_quality_cashflow,cash_flow_quality,0.006981447009763068,,0.006981447009763068
industry_relative_resilience_next_4obs,validated_secondary_production,random_forest,isotonic_validation,num__capex_intensity_assets,capex_intensity_assets,capex_intensity_assets,financial_quality_cashflow,cash_flow_quality,0.006908737569458247,,0.006908737569458247
industry_relative_resilience_next_4obs,validated_secondary_production,random_forest,isotonic_validation,num__capex_intensity_revenue,capex_intensity_revenue,capex_intensity_revenue,financial_quality_cashflow,cash_flow_quality,0.006877809186901818,,0.006877809186901818
industry_relative_resilience_next_4obs,validated_secondary_production,random_forest,isotonic_validation,num__cash_to_current_liabilities,cash_to_current_liabilities,cash_to_current_liabilities,financial_quality_cashflow,cash_flow_quality,0.005716844570840009,,0.005716844570840009
industry_relative_resilience_next_4obs,validated_secondary_production,random_forest,isotonic_validation,num__gross_margin,gross_margin,gross_margin,financial_ratio,profitability_and_efficiency,0.005703008252450857,,0.005703008252450857
industry_relative_resilience_next_4obs,validated_secondary_production,random_forest,isotonic_validation,num__accruals_assets,accruals_assets,accruals_assets,financial_quality_cashflow,cash_flow_quality,0.005570288986865777,,0.005570288986865777
industry_relative_resilience_next_4obs,validated_secondary_production,random_forest,isotonic_validation,num__gross_margin_lag1,gross_margin_lag1,gross_margin_lag1,firm_trend,firm_momentum_or_deterioration,0.005568951761890535,,0.005568951761890535
industry_relative_resilience_next_4obs,validated_secondary_production,random_forest,isotonic_validation,num__roa_change_4obs,roa_change_4obs,roa_change_4obs,firm_trend,firm_momentum_or_deterioration,0.005300368117038587,,0.005300368117038587
industry_relative_resilience_next_4obs,validated_secondary_production,random_forest,isotonic_validation,num__short_term_debt,short_term_debt,short_term_debt,accounting_fundamental,balance_sheet_obligations,0.005159215638624357,,0.005159215638624357
industry_relative_resilience_next_4obs,validated_secondary_production,random_forest,isotonic_validation,num__total_revenue_growth_4obs,total_revenue_growth_4obs,total_revenue_growth_4obs,firm_trend,firm_momentum_or_deterioration,0.005119320934944694,,0.005119320934944694
industry_relative_resilience_next_4obs,validated_secondary_production,random_forest,isotonic_validation,num__leverage_assets_change_4obs,leverage_assets_change_4obs,leverage_assets_change_4obs,firm_trend,firm_momentum_or_deterioration,0.005112575645621619,,0.005112575645621619
industry_relative_resilience_next_4obs,validated_secondary_production,random_forest,isotonic_validation,num__net_margin_change_4obs,net_margin_change_4obs,net_margin_change_4obs,firm_trend,firm_momentum_or_deterioration,0.005064479491321762,,0.005064479491321762
industry_relative_resilience_next_4obs,validated_secondary_production,random_forest,isotonic_validation,num__gross_profit,gross_profit,gross_profit,accounting_fundamental,earnings_and_scale,0.00501046697036227,,0.00501046697036227
industry_relative_resilience_next_4obs,validated_secondary_production,random_forest,isotonic_validation,cat__Sector_Technology,Sector: Technology,Sector,industry_sector,sector_positioning,0.004897727955587238,,0.004897727955587238
industry_relative_resilience_next_4obs,validated_secondary_production,random_forest,isotonic_validation,num__total_liabilities_growth_4obs,total_liabilities_growth_4obs,total_liabilities_growth_4obs,firm_trend,firm_momentum_or_deterioration,0.004890060808354502,,0.004890060808354502
industry_relative_resilience_next_4obs,validated_secondary_production,random_forest,isotonic_validation,num__cash_assets_change_4obs,cash_assets_change_4obs,cash_assets_change_4obs,firm_trend,firm_momentum_or_deterioration,0.004126493572121948,,0.004126493572121948
industry_relative_resilience_next_4obs,validated_secondary_production,random_forest,isotonic_validation,num__current_assets_growth_4obs,current_assets_growth_4obs,current_assets_growth_4obs,firm_trend,firm_momentum_or_deterioration,0.0038068680632346768,,0.0038068680632346768
industry_relative_resilience_next_4obs,validated_secondary_production,random_forest,isotonic_validation,num__DCOILWTICO,DCOILWTICO,DCOILWTICO,macro_conditions,macro_price_policy_conditions,0.0037476963850978247,,0.0037476963850978247
industry_relative_resilience_next_4obs,validated_secondary_production,random_forest,isotonic_validation,num__VIXCLS,VIXCLS,VIXCLS,macro_conditions,macro_price_policy_conditions,0.0037032949440698967,,0.0037032949440698967
industry_relative_resilience_next_4obs,validated_secondary_production,random_forest,isotonic_validation,num__DTWEXBGS,DTWEXBGS,DTWEXBGS,macro_conditions,macro_price_policy_conditions,0.003673312927924804,,0.003673312927924804
industry_relative_resilience_next_4obs,validated_secondary_production,random_forest,isotonic_validation,num__current_liabilities_growth_4obs,current_liabilities_growth_4obs,current_liabilities_growth_4obs,firm_trend,firm_momentum_or_deterioration,0.00363277654618305,,0.00363277654618305
industry_relative_resilience_next_4obs,validated_secondary_production,random_forest,isotonic_validation,num__current_ratio_change_4obs,current_ratio_change_4obs,current_ratio_change_4obs,firm_trend,firm_momentum_or_deterioration,0.0036020890310306925,,0.0036020890310306925
industry_relative_resilience_next_4obs,validated_secondary_production,random_forest,isotonic_validation,num__DCOILWTICO_yoy_pct,DCOILWTICO_yoy_pct,DCOILWTICO_yoy_pct,macro_conditions,macro_price_policy_conditions,0.0035380094220602352,,0.0035380094220602352
industry_relative_resilience_next_4obs,validated_secondary_production,random_forest,isotonic_validation,num__missingindicator_receivables_assets,Missing value: receivables_assets,receivables_assets,missingness_indicator,data_availability_signal,0.0035048735885339966,,0.0035048735885339966
industry_relative_resilience_next_4obs,validated_secondary_production,random_forest,isotonic_validation,num__operating_margin_change_4obs,operating_margin_change_4obs,operating_margin_change_4obs,firm_trend,firm_momentum_or_deterioration,0.0034879838705065926,,0.0034879838705065926
industry_relative_resilience_next_4obs,validated_secondary_production,random_forest,isotonic_validation,num__BAMLH0A0HYM2,BAMLH0A0HYM2,BAMLH0A0HYM2,macro_conditions,credit_and_financial_conditions,0.0034586406897288086,,0.0034586406897288086
industry_relative_resilience_next_4obs,validated_secondary_production,random_forest,isotonic_validation,num__T10Y3M,T10Y3M,T10Y3M,macro_conditions,credit_and_financial_conditions,0.0034367403816338874,,0.0034367403816338874
industry_relative_resilience_next_4obs,validated_secondary_production,random_forest,isotonic_validation,num__T10Y2Y,T10Y2Y,T10Y2Y,macro_conditions,credit_and_financial_conditions,0.0034172018224467946,,0.0034172018224467946
industry_relative_resilience_next_4obs,validated_secondary_production,random_forest,isotonic_validation,num__NFCI,NFCI,NFCI,macro_conditions,credit_and_financial_conditions,0.003413159134588086,,0.003413159134588086
industry_relative_resilience_next_4obs,validated_secondary_production,random_forest,isotonic_validation,num__DTWEXBGS_yoy_pct,DTWEXBGS_yoy_pct,DTWEXBGS_yoy_pct,macro_conditions,macro_price_policy_conditions,0.0033960647139009603,,0.0033960647139009603
industry_relative_resilience_next_4obs,validated_secondary_production,random_forest,isotonic_validation,num__BUSLOANS,BUSLOANS,BUSLOANS,macro_conditions,credit_and_financial_conditions,0.003319875679862584,,0.003319875679862584
industry_relative_resilience_next_4obs,validated_secondary_production,random_forest,isotonic_validation,num__cash_equivalents_growth_4obs,cash_equivalents_growth_4obs,cash_equivalents_growth_4obs,firm_trend,firm_momentum_or_deterioration,0.0033056194915680923,,0.0033056194915680923
industry_relative_resilience_next_4obs,validated_secondary_production,random_forest,isotonic_validation,num__USEPUINDXD,USEPUINDXD,USEPUINDXD,macro_conditions,macro_price_policy_conditions,0.0032312923015812944,,0.0032312923015812944
industry_relative_resilience_next_4obs,validated_secondary_production,random_forest,isotonic_validation,num__PAYEMS,PAYEMS,PAYEMS,macro_conditions,real_activity_conditions,0.003230175784571917,,0.003230175784571917
industry_relative_resilience_next_4obs,validated_secondary_production,random_forest,isotonic_validation,num__HOUST,HOUST,HOUST,macro_conditions,real_activity_conditions,0.0031727620752181667,,0.0031727620752181667
industry_relative_resilience_next_4obs,validated_secondary_production,random_forest,isotonic_validation,num__r_and_d_intensity,r_and_d_intensity,r_and_d_intensity,financial_ratio,profitability_and_efficiency,0.003117171122082,,0.003117171122082
industry_relative_resilience_next_4obs,validated_secondary_production,random_forest,isotonic_validation,num__INDPRO,INDPRO,INDPRO,macro_conditions,real_activity_conditions,0.0031137768674670122,,0.0031137768674670122
industry_relative_resilience_next_4obs,validated_secondary_production,random_forest,isotonic_validation,num__M2SL_yoy_pct,M2SL_yoy_pct,M2SL_yoy_pct,macro_conditions,macro_price_policy_conditions,0.0030980339047208885,,0.0030980339047208885
industry_relative_resilience_next_4obs,validated_secondary_production,random_forest,isotonic_validation,num__RSAFS,RSAFS,RSAFS,macro_conditions,real_activity_conditions,0.0030849714265733957,,0.0030849714265733957
industry_relative_resilience_next_4obs,validated_secondary_production,random_forest,isotonic_validation,num__M2SL,M2SL,M2SL,macro_conditions,macro_price_policy_conditions,0.003057658164417382,,0.003057658164417382
industry_relative_resilience_next_4obs,validated_secondary_production,random_forest,isotonic_validation,num__CPIAUCSL,CPIAUCSL,CPIAUCSL,macro_conditions,macro_price_policy_conditions,0.0030137777548904336,,0.0030137777548904336
industry_relative_resilience_next_4obs,validated_secondary_production,random_forest,isotonic_validation,num__CPIAUCSL_yoy_pct,CPIAUCSL_yoy_pct,CPIAUCSL_yoy_pct,macro_conditions,macro_price_policy_conditions,0.002923715503833337,,0.002923715503833337
industry_relative_resilience_next_4obs,validated_secondary_production,random_forest,isotonic_validation,num__BUSLOANS_yoy_pct,BUSLOANS_yoy_pct,BUSLOANS_yoy_pct,macro_conditions,credit_and_financial_conditions,0.0028678220848911517,,0.0028678220848911517
industry_relative_resilience_next_4obs,validated_secondary_production,random_forest,isotonic_validation,num__missingindicator_inventory_assets,Missing value: inventory_assets,inventory_assets,missingness_indicator,data_availability_signal,0.0028439564886429676,,0.0028439564886429676
industry_relative_resilience_next_4obs,validated_secondary_production,random_forest,isotonic_validation,num__HOUST_yoy_pct,HOUST_yoy_pct,HOUST_yoy_pct,macro_conditions,real_activity_conditions,0.002830134573199688,,0.002830134573199688
industry_relative_resilience_next_4obs,validated_secondary_production,random_forest,isotonic_validation,num__PAYEMS_yoy_pct,PAYEMS_yoy_pct,PAYEMS_yoy_pct,macro_conditions,real_activity_conditions,0.0028169667713101062,,0.0028169667713101062
industry_relative_resilience_next_4obs,validated_secondary_production,random_forest,isotonic_validation,num__INDPRO_yoy_pct,INDPRO_yoy_pct,INDPRO_yoy_pct,macro_conditions,real_activity_conditions,0.00279041859105618,,0.00279041859105618
industry_relative_resilience_next_4obs,validated_secondary_production,random_forest,isotonic_validation,num__RSAFS_yoy_pct,RSAFS_yoy_pct,RSAFS_yoy_pct,macro_conditions,real_activity_conditions,0.002773847117183457,,0.002773847117183457
industry_relative_resilience_next_4obs,validated_secondary_production,random_forest,isotonic_validation,num__PPIACO,PPIACO,PPIACO,macro_conditions,macro_price_policy_conditions,0.002770792396021624,,0.002770792396021624
industry_relative_resilience_next_4obs,validated_secondary_production,random_forest,isotonic_validation,num__PPIACO_yoy_pct,PPIACO_yoy_pct,PPIACO_yoy_pct,macro_conditions,macro_price_policy_conditions,0.0027240620135621394,,0.0027240620135621394
industry_relative_resilience_next_4obs,validated_secondary_production,random_forest,isotonic_validation,num__UNRATE,UNRATE,UNRATE,macro_conditions,real_activity_conditions,0.0026929314694747134,,0.0026929314694747134
industry_relative_resilience_next_4obs,validated_secondary_production,random_forest,isotonic_validation,num__GS10,GS10,GS10,macro_conditions,macro_price_policy_conditions,0.002498456961632414,,0.002498456961632414
industry_relative_resilience_next_4obs,validated_secondary_production,random_forest,isotonic_validation,num__FEDFUNDS,FEDFUNDS,FEDFUNDS,macro_conditions,macro_price_policy_conditions,0.0024393546795432194,,0.0024393546795432194
industry_relative_resilience_next_4obs,validated_secondary_production,random_forest,isotonic_validation,num__GDPC1,GDPC1,GDPC1,macro_conditions,real_activity_conditions,0.0023275231071109245,,0.0023275231071109245
industry_relative_resilience_next_4obs,validated_secondary_production,random_forest,isotonic_validation,cat__Sector_Industrials,Sector: Industrials,Sector,industry_sector,sector_positioning,0.0022937585917926274,,0.0022937585917926274
industry_relative_resilience_next_4obs,validated_secondary_production,random_forest,isotonic_validation,num__DRTSCILM,DRTSCILM,DRTSCILM,macro_conditions,credit_and_financial_conditions,0.0021976292517848946,,0.0021976292517848946
industry_relative_resilience_next_4obs,validated_secondary_production,random_forest,isotonic_validation,cat__Sector_Real Estate,Sector: Real Estate,Sector,industry_sector,sector_positioning,0.001754897675057093,,0.001754897675057093
industry_relative_resilience_next_4obs,validated_secondary_production,random_forest,isotonic_validation,num__missingindicator_capex_intensity_revenue,Missing value: capex_intensity_revenue,capex_intensity_revenue,missingness_indicator,data_availability_signal,0.0016269189778056149,,0.0016269189778056149
industry_relative_resilience_next_4obs,validated_secondary_production,random_forest,isotonic_validation,num__missingindicator_net_margin,Missing value: net_margin,net_margin,missingness_indicator,data_availability_signal,0.0015167139530919747,,0.0015167139530919747
industry_relative_resilience_next_4obs,validated_secondary_production,random_forest,isotonic_validation,num__missingindicator_operating_margin_lag1,Missing value: operating_margin_lag1,operating_margin_lag1,missingness_indicator,data_availability_signal,0.001484603282846645,,0.001484603282846645
industry_relative_resilience_next_4obs,validated_secondary_production,random_forest,isotonic_validation,num__missingindicator_operating_income,Missing value: operating_income,operating_income,missingness_indicator,data_availability_signal,0.0014197979600416534,,0.0014197979600416534
industry_relative_resilience_next_4obs,validated_secondary_production,random_forest,isotonic_validation,num__gross_margin_change_4obs,gross_margin_change_4obs,gross_margin_change_4obs,firm_trend,firm_momentum_or_deterioration,0.0014139155531222407,,0.0014139155531222407
industry_relative_resilience_next_4obs,validated_secondary_production,random_forest,isotonic_validation,num__missingindicator_capex_intensity_assets,Missing value: capex_intensity_assets,capex_intensity_assets,missingness_indicator,data_availability_signal,0.0014046674655751668,,0.0014046674655751668
industry_relative_resilience_next_4obs,validated_secondary_production,random_forest,isotonic_validation,num__missingindicator_capex,Missing value: capex,capex,missingness_indicator,data_availability_signal,0.001384653203803687,,0.001384653203803687
industry_relative_resilience_next_4obs,validated_secondary_production,random_forest,isotonic_validation,num__missingindicator_total_revenue,Missing value: total_revenue,total_revenue,missingness_indicator,data_availability_signal,0.0013127108229780617,,0.0013127108229780617
industry_relative_resilience_next_4obs,validated_secondary_production,random_forest,isotonic_validation,num__policy_uncertainty_score,policy_uncertainty_score,policy_uncertainty_score,market_health_v2,market_stress_regime,0.0012651311539371526,,0.0012651311539371526
industry_relative_resilience_next_4obs,validated_secondary_production,random_forest,isotonic_validation,num__missingindicator_long_term_debt,Missing value: long_term_debt,long_term_debt,missingness_indicator,data_availability_signal,0.0011886730183198375,,0.0011886730183198375
industry_relative_resilience_next_4obs,validated_secondary_production,random_forest,isotonic_validation,num__missingindicator_net_margin_lag1,Missing value: net_margin_lag1,net_margin_lag1,missingness_indicator,data_availability_signal,0.001182490423190939,,0.001182490423190939
industry_relative_resilience_next_4obs,validated_secondary_production,random_forest,isotonic_validation,num__missingindicator_r_and_d_intensity,Missing value: r_and_d_intensity,r_and_d_intensity,missingness_indicator,data_availability_signal,0.0011595778895046474,,0.0011595778895046474
industry_relative_resilience_next_4obs,validated_secondary_production,random_forest,isotonic_validation,num__missingindicator_total_revenue_growth_4obs,Missing value: total_revenue_growth_4obs,total_revenue_growth_4obs,missingness_indicator,data_availability_signal,0.0011490852914614264,,0.0011490852914614264
industry_relative_resilience_next_4obs,validated_secondary_production,random_forest,isotonic_validation,num__missingindicator_gross_profit,Missing value: gross_profit,gross_profit,missingness_indicator,data_availability_signal,0.0011302678481267643,,0.0011302678481267643
industry_relative_resilience_next_4obs,validated_secondary_production,random_forest,isotonic_validation,num__missingindicator_current_assets,Missing value: current_assets,current_assets,missingness_indicator,data_availability_signal,0.001106244131891646,,0.001106244131891646
industry_relative_resilience_next_4obs,validated_secondary_production,random_forest,isotonic_validation,num__missingindicator_short_term_debt,Missing value: short_term_debt,short_term_debt,missingness_indicator,data_availability_signal,0.0011055086208798179,,0.0011055086208798179
industry_relative_resilience_next_4obs,validated_secondary_production,random_forest,isotonic_validation,num__missingindicator_debt_to_cfo,Missing value: debt_to_cfo,debt_to_cfo,missingness_indicator,data_availability_signal,0.0010675910229434931,,0.0010675910229434931
industry_relative_resilience_next_4obs,validated_secondary_production,random_forest,isotonic_validation,num__missingindicator_gross_margin,Missing value: gross_margin,gross_margin,missingness_indicator,data_availability_signal,0.001044224913785545,,0.001044224913785545
industry_relative_resilience_next_4obs,validated_secondary_production,random_forest,isotonic_validation,cat__Sector_Consumer Defensive,Sector: Consumer Defensive,Sector,industry_sector,sector_positioning,0.0010190719057225528,,0.0010190719057225528
industry_relative_resilience_next_4obs,validated_secondary_production,random_forest,isotonic_validation,num__missingindicator_net_margin_change_4obs,Missing value: net_margin_change_4obs,net_margin_change_4obs,missingness_indicator,data_availability_signal,0.001010833603127411,,0.001010833603127411
industry_relative_resilience_next_4obs,validated_secondary_production,random_forest,isotonic_validation,num__missingindicator_operating_margin,Missing value: operating_margin,operating_margin,missingness_indicator,data_availability_signal,0.000986712337739592,,0.000986712337739592
industry_relative_resilience_next_4obs,validated_secondary_production,random_forest,isotonic_validation,num__missingindicator_cash_assets,Missing value: cash_assets,cash_assets,missingness_indicator,data_availability_signal,0.0009494793980982358,,0.0009494793980982358
industry_relative_resilience_next_4obs,validated_secondary_production,random_forest,isotonic_validation,num__missingindicator_cfo_assets,Missing value: cfo_assets,cfo_assets,missingness_indicator,data_availability_signal,0.0009427176894300611,,0.0009427176894300611
industry_relative_resilience_next_4obs,validated_secondary_production,random_forest,isotonic_validation,num__missingindicator_working_capital_assets,Missing value: working_capital_assets,working_capital_assets,missingness_indicator,data_availability_signal,0.0009089252682416315,,0.0009089252682416315
industry_relative_resilience_next_4obs,validated_secondary_production,random_forest,isotonic_validation,num__prediction_quarter,prediction_quarter,prediction_quarter,accounting_fundamental,accounting_fundamentals,0.0009021096699059554,,0.0009021096699059554
industry_relative_resilience_next_4obs,validated_secondary_production,random_forest,isotonic_validation,num__market_stress_score_v2,market_stress_score_v2,market_stress_score_v2,market_health_v2,market_stress_regime,0.0008774998805163428,,0.0008774998805163428
industry_relative_resilience_next_4obs,validated_secondary_production,random_forest,isotonic_validation,num__missingindicator_cfo_margin,Missing value: cfo_margin,cfo_margin,missingness_indicator,data_availability_signal,0.0008651676429835709,,0.0008651676429835709
industry_relative_resilience_next_4obs,validated_secondary_production,random_forest,isotonic_validation,num__missingindicator_current_ratio,Missing value: current_ratio,current_ratio,missingness_indicator,data_availability_signal,0.0008472602268565598,,0.0008472602268565598
industry_relative_resilience_next_4obs,validated_secondary_production,random_forest,isotonic_validation,cat__Sector_Consumer Cyclical,Sector: Consumer Cyclical,Sector,industry_sector,sector_positioning,0.0008345478232916345,,0.0008345478232916345
industry_relative_resilience_next_4obs,validated_secondary_production,random_forest,isotonic_validation,num__missingindicator_cash_equivalents_growth_4obs,Missing value: cash_equivalents_growth_4obs,cash_equivalents_growth_4obs,missingness_indicator,data_availability_signal,0.0008293083712434565,,0.0008293083712434565
industry_relative_resilience_next_4obs,validated_secondary_production,random_forest,isotonic_validation,num__missingindicator_operating_margin_change_4obs,Missing value: operating_margin_change_4obs,operating_margin_change_4obs,missingness_indicator,data_availability_signal,0.0008157365064773823,,0.0008157365064773823
industry_relative_resilience_next_4obs,validated_secondary_production,random_forest,isotonic_validation,num__global_event_severity_sum,global_event_severity_sum,global_event_severity_sum,global_event_context,global_event_exposure,0.0008074304577753575,,0.0008074304577753575
industry_relative_resilience_next_4obs,validated_secondary_production,random_forest,isotonic_validation,num__missingindicator_cash_to_current_liabilities,Missing value: cash_to_current_liabilities,cash_to_current_liabilities,missingness_indicator,data_availability_signal,0.0007994559143485495,,0.0007994559143485495
industry_relative_resilience_next_4obs,validated_secondary_production,random_forest,isotonic_validation,cat__Sector_Energy,Sector: Energy,Sector,industry_sector,sector_positioning,0.0007964066511375124,,0.0007964066511375124
industry_relative_resilience_next_4obs,validated_secondary_production,random_forest,isotonic_validation,num__market_health_score_v2,market_health_score_v2,market_health_score_v2,market_health_v2,market_stress_regime,0.0007726833469030299,,0.0007726833469030299
industry_relative_resilience_next_4obs,validated_secondary_production,random_forest,isotonic_validation,num__missingindicator_cash_assets_lag1,Missing value: cash_assets_lag1,cash_assets_lag1,missingness_indicator,data_availability_signal,0.0007593210141794068,,0.0007593210141794068
industry_relative_resilience_next_4obs,validated_secondary_production,random_forest,isotonic_validation,num__missingindicator_gross_margin_lag1,Missing value: gross_margin_lag1,gross_margin_lag1,missingness_indicator,data_availability_signal,0.0007579747546235933,,0.0007579747546235933
industry_relative_resilience_next_4obs,validated_secondary_production,random_forest,isotonic_validation,num__missingindicator_accruals_assets,Missing value: accruals_assets,accruals_assets,missingness_indicator,data_availability_signal,0.0007307718055814801,,0.0007307718055814801
industry_relative_resilience_next_4obs,validated_secondary_production,random_forest,isotonic_validation,num__missingindicator_cash_equivalents,Missing value: cash_equivalents,cash_equivalents,missingness_indicator,data_availability_signal,0.0007091180700537036,,0.0007091180700537036
industry_relative_resilience_next_4obs,validated_secondary_production,random_forest,isotonic_validation,cat__Sector_Communication Services,Sector: Communication Services,Sector,industry_sector,sector_positioning,0.0006751563592895016,,0.0006751563592895016
industry_relative_resilience_next_4obs,validated_secondary_production,random_forest,isotonic_validation,num__missingindicator_cash_flow_operating,Missing value: cash_flow_operating,cash_flow_operating,missingness_indicator,data_availability_signal,0.0006672107887036009,,0.0006672107887036009
industry_relative_resilience_next_4obs,validated_secondary_production,random_forest,isotonic_validation,num__missingindicator_current_liabilities,Missing value: current_liabilities,current_liabilities,missingness_indicator,data_availability_signal,0.0006585528757285423,,0.0006585528757285423
industry_relative_resilience_next_4obs,validated_secondary_production,random_forest,isotonic_validation,num__missingindicator_cash_assets_change_4obs,Missing value: cash_assets_change_4obs,cash_assets_change_4obs,missingness_indicator,data_availability_signal,0.0005892971505098731,,0.0005892971505098731
industry_relative_resilience_next_4obs,validated_secondary_production,random_forest,isotonic_validation,num__missingindicator_current_ratio_lag1,Missing value: current_ratio_lag1,current_ratio_lag1,missingness_indicator,data_availability_signal,0.0005859821571525276,,0.0005859821571525276
industry_relative_resilience_next_4obs,validated_secondary_production,random_forest,isotonic_validation,num__credit_stress_score,credit_stress_score,credit_stress_score,market_health_v2,market_stress_regime,0.0005802892975583069,,0.0005802892975583069
industry_relative_resilience_next_4obs,validated_secondary_production,random_forest,isotonic_validation,num__missingindicator_current_assets_growth_4obs,Missing value: current_assets_growth_4obs,current_assets_growth_4obs,missingness_indicator,data_availability_signal,0.000552318042562699,,0.000552318042562699
industry_relative_resilience_next_4obs,validated_secondary_production,random_forest,isotonic_validation,num__missingindicator_gross_margin_change_4obs,Missing value: gross_margin_change_4obs,gross_margin_change_4obs,missingness_indicator,data_availability_signal,0.0005516381720583591,,0.0005516381720583591
industry_relative_resilience_next_4obs,validated_secondary_production,random_forest,isotonic_validation,cat__Sector_Utilities,Sector: Utilities,Sector,industry_sector,sector_positioning,0.00049498469328769,,0.00049498469328769
industry_relative_resilience_next_4obs,validated_secondary_production,random_forest,isotonic_validation,cat__Sector_Healthcare,Sector: Healthcare,Sector,industry_sector,sector_positioning,0.0004929583163565407,,0.0004929583163565407
industry_relative_resilience_next_4obs,validated_secondary_production,random_forest,isotonic_validation,num__real_activity_pressure_score,real_activity_pressure_score,real_activity_pressure_score,market_health_v2,market_stress_regime,0.00045906615074710496,,0.00045906615074710496
industry_relative_resilience_next_4obs,validated_secondary_production,random_forest,isotonic_validation,num__missingindicator_current_ratio_change_4obs,Missing value: current_ratio_change_4obs,current_ratio_change_4obs,missingness_indicator,data_availability_signal,0.00045748488377623457,,0.00045748488377623457
industry_relative_resilience_next_4obs,validated_secondary_production,random_forest,isotonic_validation,num__global_event_count,global_event_count,global_event_count,global_event_context,global_event_exposure,0.0004337282985347798,,0.0004337282985347798
industry_relative_resilience_next_4obs,validated_secondary_production,random_forest,isotonic_validation,num__missingindicator_current_liabilities_growth_4obs,Missing value: current_liabilities_growth_4obs,current_liabilities_growth_4obs,missingness_indicator,data_availability_signal,0.00038010713311109064,,0.00038010713311109064
industry_relative_resilience_next_4obs,validated_secondary_production,random_forest,isotonic_validation,num__global_event_commodity_oil_severity,global_event_commodity_oil_severity,global_event_commodity_oil_severity,global_event_context,global_event_exposure,0.0003114486320375225,,0.0003114486320375225
industry_relative_resilience_next_4obs,validated_secondary_production,random_forest,isotonic_validation,num__missingindicator_total_liabilities_growth_4obs,Missing value: total_liabilities_growth_4obs,total_liabilities_growth_4obs,missingness_indicator,data_availability_signal,0.00031095108624919335,,0.00031095108624919335
industry_relative_resilience_next_4obs,validated_secondary_production,random_forest,isotonic_validation,num__global_event_sovereign_debt_count,global_event_sovereign_debt_count,global_event_sovereign_debt_count,global_event_context,global_event_exposure,0.00029971827120367993,,0.00029971827120367993
industry_relative_resilience_next_4obs,validated_secondary_production,random_forest,isotonic_validation,num__global_event_sovereign_debt_severity,global_event_sovereign_debt_severity,global_event_sovereign_debt_severity,global_event_context,global_event_exposure,0.00028422274368981247,,0.00028422274368981247
industry_relative_resilience_next_4obs,validated_secondary_production,random_forest,isotonic_validation,cat__Sector_Consumer Discretionary,Sector: Consumer Discretionary,Sector,industry_sector,sector_positioning,0.00026090907686371627,,0.00026090907686371627
industry_relative_resilience_next_4obs,validated_secondary_production,random_forest,isotonic_validation,num__credit_tightening_regime,credit_tightening_regime,credit_tightening_regime,accounting_fundamental,accounting_fundamentals,0.00025905989120443714,,0.00025905989120443714
industry_relative_resilience_next_4obs,validated_secondary_production,random_forest,isotonic_validation,num__strong_dollar_regime,strong_dollar_regime,strong_dollar_regime,accounting_fundamental,accounting_fundamentals,0.000254400654913233,,0.000254400654913233
industry_relative_resilience_next_4obs,validated_secondary_production,random_forest,isotonic_validation,num__global_event_commodity_oil_count,global_event_commodity_oil_count,global_event_commodity_oil_count,global_event_context,global_event_exposure,0.00025428865116163067,,0.00025428865116163067
industry_relative_resilience_next_4obs,validated_secondary_production,random_forest,isotonic_validation,num__credit_spread_stress_regime,credit_spread_stress_regime,credit_spread_stress_regime,accounting_fundamental,accounting_fundamentals,0.00024945828997546176,,0.00024945828997546176
industry_relative_resilience_next_4obs,validated_secondary_production,random_forest,isotonic_validation,cat__Sector_Basic Materials,Sector: Basic Materials,Sector,industry_sector,sector_positioning,0.00023335038185840263,,0.00023335038185840263
industry_relative_resilience_next_4obs,validated_secondary_production,random_forest,isotonic_validation,num__missingindicator_roa_change_4obs,Missing value: roa_change_4obs,roa_change_4obs,missingness_indicator,data_availability_signal,0.00021183550054345446,,0.00021183550054345446
industry_relative_resilience_next_4obs,validated_secondary_production,random_forest,isotonic_validation,num__missingindicator_leverage_assets_change_4obs,Missing value: leverage_assets_change_4obs,leverage_assets_change_4obs,missingness_indicator,data_availability_signal,0.00019564899336384564,,0.00019564899336384564
industry_relative_resilience_next_4obs,validated_secondary_production,random_forest,isotonic_validation,num__missingindicator_total_equity,Missing value: total_equity,total_equity,missingness_indicator,data_availability_signal,0.00019010472183529,,0.00019010472183529
industry_relative_resilience_next_4obs,validated_secondary_production,random_forest,isotonic_validation,num__stress_elevated_v2,stress_elevated_v2,stress_elevated_v2,market_health_v2,market_stress_regime,0.00016001112255934475,,0.00016001112255934475
industry_relative_resilience_next_4obs,validated_secondary_production,random_forest,isotonic_validation,num__market_stress_regime,market_stress_regime,market_stress_regime,accounting_fundamental,accounting_fundamentals,0.00015832566195076776,,0.00015832566195076776
industry_relative_resilience_next_4obs,validated_secondary_production,random_forest,isotonic_validation,num__missingindicator_leverage_assets_lag1,Missing value: leverage_assets_lag1,leverage_assets_lag1,missingness_indicator,data_availability_signal,0.00015309229315087702,,0.00015309229315087702
industry_relative_resilience_next_4obs,validated_secondary_production,random_forest,isotonic_validation,num__oil_shock_regime,oil_shock_regime,oil_shock_regime,accounting_fundamental,accounting_fundamentals,0.0001509965032284429,,0.0001509965032284429
industry_relative_resilience_next_4obs,validated_secondary_production,random_forest,isotonic_validation,num__missingindicator_total_assets_growth_4obs,Missing value: total_assets_growth_4obs,total_assets_growth_4obs,missingness_indicator,data_availability_signal,0.00013243353013557885,,0.00013243353013557885
industry_relative_resilience_next_4obs,validated_secondary_production,random_forest,isotonic_validation,num__global_event_natural_disaster_severity,global_event_natural_disaster_severity,global_event_natural_disaster_severity,global_event_context,global_event_exposure,0.000125693602260011,,0.000125693602260011
industry_relative_resilience_next_4obs,validated_secondary_production,random_forest,isotonic_validation,num__missingindicator_roa_lag1,Missing value: roa_lag1,roa_lag1,missingness_indicator,data_availability_signal,0.00012165370641994113,,0.00012165370641994113
industry_relative_resilience_next_4obs,validated_secondary_production,random_forest,isotonic_validation,num__global_event_financial_market_severity,global_event_financial_market_severity,global_event_financial_market_severity,global_event_context,global_event_exposure,0.00011732695277560297,,0.00011732695277560297
industry_relative_resilience_next_4obs,validated_secondary_production,random_forest,isotonic_validation,num__global_event_political_policy_severity,global_event_political_policy_severity,global_event_political_policy_severity,global_event_context,global_event_exposure,0.00010695928057675991,,0.00010695928057675991
industry_relative_resilience_next_4obs,validated_secondary_production,random_forest,isotonic_validation,num__global_event_trade_policy_severity,global_event_trade_policy_severity,global_event_trade_policy_severity,global_event_context,global_event_exposure,0.00010357974859569466,,0.00010357974859569466
industry_relative_resilience_next_4obs,validated_secondary_production,random_forest,isotonic_validation,num__missingindicator_equity_assets,Missing value: equity_assets,equity_assets,missingness_indicator,data_availability_signal,9.787736308141983e-05,,9.787736308141983e-05
industry_relative_resilience_next_4obs,validated_secondary_production,random_forest,isotonic_validation,num__global_event_trade_policy_count,global_event_trade_policy_count,global_event_trade_policy_count,global_event_context,global_event_exposure,9.611981196048526e-05,,9.611981196048526e-05
industry_relative_resilience_next_4obs,validated_secondary_production,random_forest,isotonic_validation,num__global_event_financial_market_count,global_event_financial_market_count,global_event_financial_market_count,global_event_context,global_event_exposure,8.924882188729926e-05,,8.924882188729926e-05
industry_relative_resilience_next_4obs,validated_secondary_production,random_forest,isotonic_validation,num__global_event_natural_disaster_count,global_event_natural_disaster_count,global_event_natural_disaster_count,global_event_context,global_event_exposure,8.632712479371458e-05,,8.632712479371458e-05
industry_relative_resilience_next_4obs,validated_secondary_production,random_forest,isotonic_validation,num__global_event_political_policy_count,global_event_political_policy_count,global_event_political_policy_count,global_event_context,global_event_exposure,6.876265791966942e-05,,6.876265791966942e-05
industry_relative_resilience_next_4obs,validated_secondary_production,random_forest,isotonic_validation,num__missingindicator_DTWEXBGS_yoy_pct,Missing value: DTWEXBGS_yoy_pct,DTWEXBGS_yoy_pct,missingness_indicator,data_availability_signal,5.343626745057359e-05,,5.343626745057359e-05
industry_relative_resilience_next_4obs,validated_secondary_production,random_forest,isotonic_validation,num__tight_financial_conditions,tight_financial_conditions,tight_financial_conditions,accounting_fundamental,accounting_fundamentals,4.147315703457798e-05,,4.147315703457798e-05
industry_relative_resilience_next_4obs,validated_secondary_production,random_forest,isotonic_validation,num__global_event_financial_crisis_count,global_event_financial_crisis_count,global_event_financial_crisis_count,global_event_context,global_event_exposure,3.7631814218741074e-05,,3.7631814218741074e-05
industry_relative_resilience_next_4obs,validated_secondary_production,random_forest,isotonic_validation,num__demand_slowdown_regime,demand_slowdown_regime,demand_slowdown_regime,accounting_fundamental,accounting_fundamentals,3.0790616509742815e-05,,3.0790616509742815e-05
industry_relative_resilience_next_4obs,validated_secondary_production,random_forest,isotonic_validation,num__global_event_financial_crisis_severity,global_event_financial_crisis_severity,global_event_financial_crisis_severity,global_event_context,global_event_exposure,2.6744012756265777e-05,,2.6744012756265777e-05
industry_relative_resilience_next_4obs,validated_secondary_production,random_forest,isotonic_validation,num__crisis_regime,crisis_regime,crisis_regime,accounting_fundamental,accounting_fundamentals,2.3058917896078273e-05,,2.3058917896078273e-05
industry_relative_resilience_next_4obs,validated_secondary_production,random_forest,isotonic_validation,num__missingindicator_roa,Missing value: roa,roa,missingness_indicator,data_availability_signal,2.2753610484975262e-05,,2.2753610484975262e-05
industry_relative_resilience_next_4obs,validated_secondary_production,random_forest,isotonic_validation,num__missingindicator_DCOILWTICO_yoy_pct,Missing value: DCOILWTICO_yoy_pct,DCOILWTICO_yoy_pct,missingness_indicator,data_availability_signal,9.639055130067787e-06,,9.639055130067787e-06
industry_relative_resilience_next_4obs,validated_secondary_production,random_forest,isotonic_validation,num__missingindicator_net_income,Missing value: net_income,net_income,missingness_indicator,data_availability_signal,8.88274497663904e-06,,8.88274497663904e-06
industry_relative_resilience_next_4obs,validated_secondary_production,random_forest,isotonic_validation,num__missingindicator_leverage_assets,Missing value: leverage_assets,leverage_assets,missingness_indicator,data_availability_signal,8.7391647413537e-06,,8.7391647413537e-06
industry_relative_resilience_next_4obs,validated_secondary_production,random_forest,isotonic_validation,num__missingindicator_total_liabilities,Missing value: total_liabilities,total_liabilities,missingness_indicator,data_availability_signal,6.14099279491909e-06,,6.14099279491909e-06
industry_relative_resilience_next_4obs,validated_secondary_production,random_forest,isotonic_validation,num__missingindicator_DTWEXBGS,Missing value: DTWEXBGS,DTWEXBGS,missingness_indicator,data_availability_signal,3.2477984592151532e-06,,3.2477984592151532e-06
industry_relative_resilience_next_4obs,validated_secondary_production,random_forest,isotonic_validation,num__missingindicator_total_assets,Missing value: total_assets,total_assets,missingness_indicator,data_availability_signal,2.8726455054714853e-06,,2.8726455054714853e-06
industry_relative_resilience_next_4obs,validated_secondary_production,random_forest,isotonic_validation,cat__Sector_Agriculture,Sector: Agriculture,Sector,industry_sector,sector_positioning,2.20209385102373e-06,,2.20209385102373e-06
industry_relative_resilience_next_4obs,validated_secondary_production,random_forest,isotonic_validation,num__global_event_supply_chain_severity,global_event_supply_chain_severity,global_event_supply_chain_severity,global_event_context,global_event_exposure,0.0,,0.0
industry_relative_resilience_next_4obs,validated_secondary_production,random_forest,isotonic_validation,num__inflation_pressure_regime,inflation_pressure_regime,inflation_pressure_regime,accounting_fundamental,accounting_fundamentals,0.0,,0.0
industry_relative_resilience_next_4obs,validated_secondary_production,random_forest,isotonic_validation,num__high_rate_regime,high_rate_regime,high_rate_regime,accounting_fundamental,accounting_fundamentals,0.0,,0.0
industry_relative_resilience_next_4obs,validated_secondary_production,random_forest,isotonic_validation,num__yield_curve_inversion_regime,yield_curve_inversion_regime,yield_curve_inversion_regime,accounting_fundamental,accounting_fundamentals,0.0,,0.0
industry_relative_resilience_next_4obs,validated_secondary_production,random_forest,isotonic_validation,num__global_event_geopolitical_war_severity,global_event_geopolitical_war_severity,global_event_geopolitical_war_severity,global_event_context,global_event_exposure,0.0,,0.0
industry_relative_resilience_next_4obs,validated_secondary_production,random_forest,isotonic_validation,num__global_event_supply_chain_count,global_event_supply_chain_count,global_event_supply_chain_count,global_event_context,global_event_exposure,0.0,,0.0
industry_relative_resilience_next_4obs,validated_secondary_production,random_forest,isotonic_validation,num__global_event_banking_stress_count,global_event_banking_stress_count,global_event_banking_stress_count,global_event_context,global_event_exposure,0.0,,0.0
industry_relative_resilience_next_4obs,validated_secondary_production,random_forest,isotonic_validation,num__global_event_banking_stress_severity,global_event_banking_stress_severity,global_event_banking_stress_severity,global_event_context,global_event_exposure,0.0,,0.0
industry_relative_resilience_next_4obs,validated_secondary_production,random_forest,isotonic_validation,num__global_event_geopolitical_war_count,global_event_geopolitical_war_count,global_event_geopolitical_war_count,global_event_context,global_event_exposure,0.0,,0.0
industry_relative_resilience_next_4obs,validated_secondary_production,random_forest,isotonic_validation,num__missingindicator_DCOILWTICO,Missing value: DCOILWTICO,DCOILWTICO,missingness_indicator,data_availability_signal,0.0,,0.0
industry_relative_resilience_next_4obs,validated_secondary_production,random_forest,isotonic_validation,num__missingindicator_T10Y3M,Missing value: T10Y3M,T10Y3M,missingness_indicator,data_availability_signal,0.0,,0.0
industry_relative_resilience_next_4obs,validated_secondary_production,random_forest,isotonic_validation,num__missingindicator_T10Y2Y,Missing value: T10Y2Y,T10Y2Y,missingness_indicator,data_availability_signal,0.0,,0.0
industry_relative_resilience_next_4obs,validated_secondary_production,random_forest,isotonic_validation,num__missingindicator_VIXCLS,Missing value: VIXCLS,VIXCLS,missingness_indicator,data_availability_signal,0.0,,0.0
industry_relative_resilience_next_4obs,validated_secondary_production,random_forest,isotonic_validation,num__missingindicator_BAMLH0A0HYM2,Missing value: BAMLH0A0HYM2,BAMLH0A0HYM2,missingness_indicator,data_availability_signal,0.0,,0.0
industry_relative_resilience_next_4obs,validated_secondary_production,random_forest,isotonic_validation,num__global_event_pandemic_severity,global_event_pandemic_severity,global_event_pandemic_severity,global_event_context,global_event_exposure,0.0,,0.0
industry_relative_resilience_next_4obs,validated_secondary_production,random_forest,isotonic_validation,num__global_event_pandemic_count,global_event_pandemic_count,global_event_pandemic_count,global_event_context,global_event_exposure,0.0,,0.0
industry_relative_resilience_next_4obs,validated_secondary_production,random_forest,isotonic_validation,num__global_event_monetary_inflation_count,global_event_monetary_inflation_count,global_event_monetary_inflation_count,global_event_context,global_event_exposure,0.0,,0.0
industry_relative_resilience_next_4obs,validated_secondary_production,random_forest,isotonic_validation,num__global_event_monetary_inflation_severity,global_event_monetary_inflation_severity,global_event_monetary_inflation_severity,global_event_context,global_event_exposure,0.0,,0.0
stress_resilience_next_4obs,validated_secondary_production,random_forest,isotonic_validation,num__equity_assets,equity_assets,equity_assets,financial_ratio,balance_sheet_leverage_liquidity,0.11547308114283253,,0.11547308114283253
stress_resilience_next_4obs,validated_secondary_production,random_forest,isotonic_validation,num__leverage_assets,leverage_assets,leverage_assets,financial_ratio,balance_sheet_leverage_liquidity,0.1090292676089454,,0.1090292676089454
stress_resilience_next_4obs,validated_secondary_production,random_forest,isotonic_validation,num__leverage_assets_lag1,leverage_assets_lag1,leverage_assets_lag1,firm_trend,firm_momentum_or_deterioration,0.08505965963538163,,0.08505965963538163
stress_resilience_next_4obs,validated_secondary_production,random_forest,isotonic_validation,num__roa,roa,roa,financial_ratio,profitability_and_efficiency,0.08447264176199373,,0.08447264176199373
stress_resilience_next_4obs,validated_secondary_production,random_forest,isotonic_validation,num__net_income,net_income,net_income,accounting_fundamental,earnings_and_scale,0.04333814607007289,,0.04333814607007289
stress_resilience_next_4obs,validated_secondary_production,random_forest,isotonic_validation,num__roa_lag1,roa_lag1,roa_lag1,firm_trend,firm_momentum_or_deterioration,0.042423586265762134,,0.042423586265762134
stress_resilience_next_4obs,validated_secondary_production,random_forest,isotonic_validation,num__total_equity,total_equity,total_equity,accounting_fundamental,asset_base_liquidity_and_investment,0.030321584774151464,,0.030321584774151464
stress_resilience_next_4obs,validated_secondary_production,random_forest,isotonic_validation,num__net_margin,net_margin,net_margin,financial_ratio,profitability_and_efficiency,0.028433340227398584,,0.028433340227398584
stress_resilience_next_4obs,validated_secondary_production,random_forest,isotonic_validation,num__operating_income,operating_income,operating_income,accounting_fundamental,earnings_and_scale,0.02676378681134473,,0.02676378681134473
stress_resilience_next_4obs,validated_secondary_production,random_forest,isotonic_validation,num__net_income_negative_count_prior_4obs,net_income_negative_count_prior_4obs,net_income_negative_count_prior_4obs,accounting_fundamental,accounting_fundamentals,0.026059540353497855,,0.026059540353497855
stress_resilience_next_4obs,validated_secondary_production,random_forest,isotonic_validation,num__current_assets,current_assets,current_assets,accounting_fundamental,asset_base_liquidity_and_investment,0.023232666455612706,,0.023232666455612706
stress_resilience_next_4obs,validated_secondary_production,random_forest,isotonic_validation,num__total_liabilities,total_liabilities,total_liabilities,accounting_fundamental,balance_sheet_obligations,0.019813551812639163,,0.019813551812639163
stress_resilience_next_4obs,validated_secondary_production,random_forest,isotonic_validation,num__net_margin_lag1,net_margin_lag1,net_margin_lag1,firm_trend,firm_momentum_or_deterioration,0.017552389166350636,,0.017552389166350636
stress_resilience_next_4obs,validated_secondary_production,random_forest,isotonic_validation,num__operating_margin,operating_margin,operating_margin,financial_ratio,profitability_and_efficiency,0.01744089952495706,,0.01744089952495706
stress_resilience_next_4obs,validated_secondary_production,random_forest,isotonic_validation,num__total_assets,total_assets,total_assets,accounting_fundamental,asset_base_liquidity_and_investment,0.01618453788844959,,0.01618453788844959
stress_resilience_next_4obs,validated_secondary_production,random_forest,isotonic_validation,num__operating_margin_lag1,operating_margin_lag1,operating_margin_lag1,firm_trend,firm_momentum_or_deterioration,0.012460242876366994,,0.012460242876366994
stress_resilience_next_4obs,validated_secondary_production,random_forest,isotonic_validation,num__current_liabilities,current_liabilities,current_liabilities,accounting_fundamental,balance_sheet_obligations,0.012410291170023683,,0.012410291170023683
stress_resilience_next_4obs,validated_secondary_production,random_forest,isotonic_validation,num__cash_equivalents,cash_equivalents,cash_equivalents,accounting_fundamental,asset_base_liquidity_and_investment,0.009785942385116087,,0.009785942385116087
stress_resilience_next_4obs,validated_secondary_production,random_forest,isotonic_validation,cat__Sector_Financial Services,Sector: Financial Services,Sector,industry_sector,sector_positioning,0.009712863016032207,,0.009712863016032207
stress_resilience_next_4obs,validated_secondary_production,random_forest,isotonic_validation,num__total_revenue,total_revenue,total_revenue,accounting_fundamental,earnings_and_scale,0.006665291383194227,,0.006665291383194227
stress_resilience_next_4obs,validated_secondary_production,random_forest,isotonic_validation,num__roa_change_4obs,roa_change_4obs,roa_change_4obs,firm_trend,firm_momentum_or_deterioration,0.006360530193416977,,0.006360530193416977
stress_resilience_next_4obs,validated_secondary_production,random_forest,isotonic_validation,num__total_revenue_growth_4obs,total_revenue_growth_4obs,total_revenue_growth_4obs,firm_trend,firm_momentum_or_deterioration,0.0063189999879063275,,0.0063189999879063275
stress_resilience_next_4obs,validated_secondary_production,random_forest,isotonic_validation,num__cfo_assets,cfo_assets,cfo_assets,financial_quality_cashflow,cash_flow_quality,0.006267999347160803,,0.006267999347160803
stress_resilience_next_4obs,validated_secondary_production,random_forest,isotonic_validation,num__total_assets_growth_4obs,total_assets_growth_4obs,total_assets_growth_4obs,firm_trend,firm_momentum_or_deterioration,0.005922434944099546,,0.005922434944099546
stress_resilience_next_4obs,validated_secondary_production,random_forest,isotonic_validation,num__missingindicator_current_ratio,Missing value: current_ratio,current_ratio,missingness_indicator,data_availability_signal,0.00581263890490586,,0.00581263890490586
stress_resilience_next_4obs,validated_secondary_production,random_forest,isotonic_validation,num__missingindicator_working_capital_assets,Missing value: working_capital_assets,working_capital_assets,missingness_indicator,data_availability_signal,0.005655043868647,,0.005655043868647
stress_resilience_next_4obs,validated_secondary_production,random_forest,isotonic_validation,num__cash_assets,cash_assets,cash_assets,financial_ratio,balance_sheet_leverage_liquidity,0.005512080305789982,,0.005512080305789982
stress_resilience_next_4obs,validated_secondary_production,random_forest,isotonic_validation,num__missingindicator_current_liabilities,Missing value: current_liabilities,current_liabilities,missingness_indicator,data_availability_signal,0.005504101370336178,,0.005504101370336178
stress_resilience_next_4obs,validated_secondary_production,random_forest,isotonic_validation,num__receivables_assets,receivables_assets,receivables_assets,financial_ratio,profitability_and_efficiency,0.005346496103648957,,0.005346496103648957
stress_resilience_next_4obs,validated_secondary_production,random_forest,isotonic_validation,num__inventory_assets,inventory_assets,inventory_assets,financial_ratio,profitability_and_efficiency,0.005159663762742217,,0.005159663762742217
stress_resilience_next_4obs,validated_secondary_production,random_forest,isotonic_validation,num__working_capital_assets,working_capital_assets,working_capital_assets,financial_quality_cashflow,cash_flow_quality,0.004935050666405131,,0.004935050666405131
stress_resilience_next_4obs,validated_secondary_production,random_forest,isotonic_validation,num__missingindicator_operating_income,Missing value: operating_income,operating_income,missingness_indicator,data_availability_signal,0.004813142977573895,,0.004813142977573895
stress_resilience_next_4obs,validated_secondary_production,random_forest,isotonic_validation,num__net_margin_change_4obs,net_margin_change_4obs,net_margin_change_4obs,firm_trend,firm_momentum_or_deterioration,0.004582353026737311,,0.004582353026737311
stress_resilience_next_4obs,validated_secondary_production,random_forest,isotonic_validation,num__capex_intensity_assets,capex_intensity_assets,capex_intensity_assets,financial_quality_cashflow,cash_flow_quality,0.004490566402544629,,0.004490566402544629
stress_resilience_next_4obs,validated_secondary_production,random_forest,isotonic_validation,num__operating_margin_change_4obs,operating_margin_change_4obs,operating_margin_change_4obs,firm_trend,firm_momentum_or_deterioration,0.0043451005164968064,,0.0043451005164968064
stress_resilience_next_4obs,validated_secondary_production,random_forest,isotonic_validation,num__leverage_assets_change_4obs,leverage_assets_change_4obs,leverage_assets_change_4obs,firm_trend,firm_momentum_or_deterioration,0.004253398762340388,,0.004253398762340388
stress_resilience_next_4obs,validated_secondary_production,random_forest,isotonic_validation,num__missingindicator_current_assets,Missing value: current_assets,current_assets,missingness_indicator,data_availability_signal,0.004094374660266911,,0.004094374660266911
stress_resilience_next_4obs,validated_secondary_production,random_forest,isotonic_validation,num__current_ratio,current_ratio,current_ratio,financial_ratio,balance_sheet_leverage_liquidity,0.004022539916400403,,0.004022539916400403
stress_resilience_next_4obs,validated_secondary_production,random_forest,isotonic_validation,num__cash_assets_lag1,cash_assets_lag1,cash_assets_lag1,firm_trend,firm_momentum_or_deterioration,0.003973135690515048,,0.003973135690515048
stress_resilience_next_4obs,validated_secondary_production,random_forest,isotonic_validation,num__long_term_debt,long_term_debt,long_term_debt,accounting_fundamental,balance_sheet_obligations,0.0038811494101450763,,0.0038811494101450763
stress_resilience_next_4obs,validated_secondary_production,random_forest,isotonic_validation,num__debt_to_cfo,debt_to_cfo,debt_to_cfo,financial_quality_cashflow,cash_flow_quality,0.0037949628127301495,,0.0037949628127301495
stress_resilience_next_4obs,validated_secondary_production,random_forest,isotonic_validation,num__cash_flow_operating,cash_flow_operating,cash_flow_operating,accounting_fundamental,asset_base_liquidity_and_investment,0.0035463912980313304,,0.0035463912980313304
stress_resilience_next_4obs,validated_secondary_production,random_forest,isotonic_validation,num__current_ratio_lag1,current_ratio_lag1,current_ratio_lag1,firm_trend,firm_momentum_or_deterioration,0.003387609755580898,,0.003387609755580898
stress_resilience_next_4obs,validated_secondary_production,random_forest,isotonic_validation,num__capex,capex,capex,accounting_fundamental,asset_base_liquidity_and_investment,0.0033604067078499846,,0.0033604067078499846
stress_resilience_next_4obs,validated_secondary_production,random_forest,isotonic_validation,num__accruals_assets,accruals_assets,accruals_assets,financial_quality_cashflow,cash_flow_quality,0.0033113489595214827,,0.0033113489595214827
stress_resilience_next_4obs,validated_secondary_production,random_forest,isotonic_validation,num__gross_profit,gross_profit,gross_profit,accounting_fundamental,earnings_and_scale,0.0032499465440059615,,0.0032499465440059615
stress_resilience_next_4obs,validated_secondary_production,random_forest,isotonic_validation,num__missingindicator_operating_margin,Missing value: operating_margin,operating_margin,missingness_indicator,data_availability_signal,0.0032015227796496626,,0.0032015227796496626
stress_resilience_next_4obs,validated_secondary_production,random_forest,isotonic_validation,num__cash_to_current_liabilities,cash_to_current_liabilities,cash_to_current_liabilities,financial_quality_cashflow,cash_flow_quality,0.0031683064159011036,,0.0031683064159011036
stress_resilience_next_4obs,validated_secondary_production,random_forest,isotonic_validation,num__capex_intensity_revenue,capex_intensity_revenue,capex_intensity_revenue,financial_quality_cashflow,cash_flow_quality,0.0031421273380672853,,0.0031421273380672853
stress_resilience_next_4obs,validated_secondary_production,random_forest,isotonic_validation,num__cfo_margin,cfo_margin,cfo_margin,financial_quality_cashflow,cash_flow_quality,0.00311521242861797,,0.00311521242861797
stress_resilience_next_4obs,validated_secondary_production,random_forest,isotonic_validation,num__missingindicator_net_margin,Missing value: net_margin,net_margin,missingness_indicator,data_availability_signal,0.0030830825280488182,,0.0030830825280488182
stress_resilience_next_4obs,validated_secondary_production,random_forest,isotonic_validation,num__DCOILWTICO_yoy_pct,DCOILWTICO_yoy_pct,DCOILWTICO_yoy_pct,macro_conditions,macro_price_policy_conditions,0.003039633917931449,,0.003039633917931449
stress_resilience_next_4obs,validated_secondary_production,random_forest,isotonic_validation,num__DTWEXBGS,DTWEXBGS,DTWEXBGS,macro_conditions,macro_price_policy_conditions,0.0029018020766530418,,0.0029018020766530418
stress_resilience_next_4obs,validated_secondary_production,random_forest,isotonic_validation,num__BAMLH0A0HYM2,BAMLH0A0HYM2,BAMLH0A0HYM2,macro_conditions,credit_and_financial_conditions,0.002848746589828242,,0.002848746589828242
stress_resilience_next_4obs,validated_secondary_production,random_forest,isotonic_validation,num__VIXCLS,VIXCLS,VIXCLS,macro_conditions,macro_price_policy_conditions,0.0028246813600850016,,0.0028246813600850016
stress_resilience_next_4obs,validated_secondary_production,random_forest,isotonic_validation,num__USEPUINDXD,USEPUINDXD,USEPUINDXD,macro_conditions,macro_price_policy_conditions,0.0028221155822613433,,0.0028221155822613433
stress_resilience_next_4obs,validated_secondary_production,random_forest,isotonic_validation,num__DTWEXBGS_yoy_pct,DTWEXBGS_yoy_pct,DTWEXBGS_yoy_pct,macro_conditions,macro_price_policy_conditions,0.002812312398172487,,0.002812312398172487
stress_resilience_next_4obs,validated_secondary_production,random_forest,isotonic_validation,cat__Sector_Real Estate,Sector: Real Estate,Sector,industry_sector,sector_positioning,0.0027377919861027483,,0.0027377919861027483
stress_resilience_next_4obs,validated_secondary_production,random_forest,isotonic_validation,num__missingindicator_operating_margin_lag1,Missing value: operating_margin_lag1,operating_margin_lag1,missingness_indicator,data_availability_signal,0.0027281627146475643,,0.0027281627146475643
stress_resilience_next_4obs,validated_secondary_production,random_forest,isotonic_validation,num__cash_assets_change_4obs,cash_assets_change_4obs,cash_assets_change_4obs,firm_trend,firm_momentum_or_deterioration,0.0026910186121457606,,0.0026910186121457606
stress_resilience_next_4obs,validated_secondary_production,random_forest,isotonic_validation,num__current_liabilities_growth_4obs,current_liabilities_growth_4obs,current_liabilities_growth_4obs,firm_trend,firm_momentum_or_deterioration,0.002657515281562457,,0.002657515281562457
stress_resilience_next_4obs,validated_secondary_production,random_forest,isotonic_validation,num__gross_margin_change_4obs,gross_margin_change_4obs,gross_margin_change_4obs,firm_trend,firm_momentum_or_deterioration,0.002598671371056473,,0.002598671371056473
stress_resilience_next_4obs,validated_secondary_production,random_forest,isotonic_validation,num__T10Y2Y,T10Y2Y,T10Y2Y,macro_conditions,credit_and_financial_conditions,0.0025933926557889157,,0.0025933926557889157
stress_resilience_next_4obs,validated_secondary_production,random_forest,isotonic_validation,cat__Sector_Communication Services,Sector: Communication Services,Sector,industry_sector,sector_positioning,0.002498345470767509,,0.002498345470767509
stress_resilience_next_4obs,validated_secondary_production,random_forest,isotonic_validation,num__total_liabilities_growth_4obs,total_liabilities_growth_4obs,total_liabilities_growth_4obs,firm_trend,firm_momentum_or_deterioration,0.0024959689133791894,,0.0024959689133791894
stress_resilience_next_4obs,validated_secondary_production,random_forest,isotonic_validation,num__current_ratio_change_4obs,current_ratio_change_4obs,current_ratio_change_4obs,firm_trend,firm_momentum_or_deterioration,0.002413665457945034,,0.002413665457945034
stress_resilience_next_4obs,validated_secondary_production,random_forest,isotonic_validation,num__short_term_debt,short_term_debt,short_term_debt,accounting_fundamental,balance_sheet_obligations,0.002384664720286915,,0.002384664720286915
stress_resilience_next_4obs,validated_secondary_production,random_forest,isotonic_validation,num__T10Y3M,T10Y3M,T10Y3M,macro_conditions,credit_and_financial_conditions,0.0023769525137402755,,0.0023769525137402755
stress_resilience_next_4obs,validated_secondary_production,random_forest,isotonic_validation,num__GS10,GS10,GS10,macro_conditions,macro_price_policy_conditions,0.002249588648978996,,0.002249588648978996
stress_resilience_next_4obs,validated_secondary_production,random_forest,isotonic_validation,num__missingindicator_capex_intensity_revenue,Missing value: capex_intensity_revenue,capex_intensity_revenue,missingness_indicator,data_availability_signal,0.002206091259922597,,0.002206091259922597
stress_resilience_next_4obs,validated_secondary_production,random_forest,isotonic_validation,num__DCOILWTICO,DCOILWTICO,DCOILWTICO,macro_conditions,macro_price_policy_conditions,0.0021740492967807423,,0.0021740492967807423
stress_resilience_next_4obs,validated_secondary_production,random_forest,isotonic_validation,num__INDPRO_yoy_pct,INDPRO_yoy_pct,INDPRO_yoy_pct,macro_conditions,real_activity_conditions,0.00208723769864149,,0.00208723769864149
stress_resilience_next_4obs,validated_secondary_production,random_forest,isotonic_validation,num__cash_equivalents_growth_4obs,cash_equivalents_growth_4obs,cash_equivalents_growth_4obs,firm_trend,firm_momentum_or_deterioration,0.002079224356291227,,0.002079224356291227
stress_resilience_next_4obs,validated_secondary_production,random_forest,isotonic_validation,num__NFCI,NFCI,NFCI,macro_conditions,credit_and_financial_conditions,0.002055672401206914,,0.002055672401206914
stress_resilience_next_4obs,validated_secondary_production,random_forest,isotonic_validation,num__gross_margin,gross_margin,gross_margin,financial_ratio,profitability_and_efficiency,0.0020157662682813446,,0.0020157662682813446
stress_resilience_next_4obs,validated_secondary_production,random_forest,isotonic_validation,num__current_assets_growth_4obs,current_assets_growth_4obs,current_assets_growth_4obs,firm_trend,firm_momentum_or_deterioration,0.0020057405668075573,,0.0020057405668075573
stress_resilience_next_4obs,validated_secondary_production,random_forest,isotonic_validation,num__BUSLOANS_yoy_pct,BUSLOANS_yoy_pct,BUSLOANS_yoy_pct,macro_conditions,credit_and_financial_conditions,0.001984798132639001,,0.001984798132639001
stress_resilience_next_4obs,validated_secondary_production,random_forest,isotonic_validation,num__PAYEMS_yoy_pct,PAYEMS_yoy_pct,PAYEMS_yoy_pct,macro_conditions,real_activity_conditions,0.0017845442090284244,,0.0017845442090284244
stress_resilience_next_4obs,validated_secondary_production,random_forest,isotonic_validation,num__M2SL_yoy_pct,M2SL_yoy_pct,M2SL_yoy_pct,macro_conditions,macro_price_policy_conditions,0.0017692912408181294,,0.0017692912408181294
stress_resilience_next_4obs,validated_secondary_production,random_forest,isotonic_validation,num__RSAFS,RSAFS,RSAFS,macro_conditions,real_activity_conditions,0.0017414664151546998,,0.0017414664151546998
stress_resilience_next_4obs,validated_secondary_production,random_forest,isotonic_validation,num__HOUST,HOUST,HOUST,macro_conditions,real_activity_conditions,0.0017093899474505297,,0.0017093899474505297
stress_resilience_next_4obs,validated_secondary_production,random_forest,isotonic_validation,num__PPIACO_yoy_pct,PPIACO_yoy_pct,PPIACO_yoy_pct,macro_conditions,macro_price_policy_conditions,0.0016447316837196596,,0.0016447316837196596
stress_resilience_next_4obs,validated_secondary_production,random_forest,isotonic_validation,num__INDPRO,INDPRO,INDPRO,macro_conditions,real_activity_conditions,0.001607950799356975,,0.001607950799356975
stress_resilience_next_4obs,validated_secondary_production,random_forest,isotonic_validation,num__CPIAUCSL,CPIAUCSL,CPIAUCSL,macro_conditions,macro_price_policy_conditions,0.0015760848804674116,,0.0015760848804674116
stress_resilience_next_4obs,validated_secondary_production,random_forest,isotonic_validation,num__CPIAUCSL_yoy_pct,CPIAUCSL_yoy_pct,CPIAUCSL_yoy_pct,macro_conditions,macro_price_policy_conditions,0.001539425054511696,,0.001539425054511696
stress_resilience_next_4obs,validated_secondary_production,random_forest,isotonic_validation,num__missingindicator_net_margin_lag1,Missing value: net_margin_lag1,net_margin_lag1,missingness_indicator,data_availability_signal,0.0015360893128074267,,0.0015360893128074267
stress_resilience_next_4obs,validated_secondary_production,random_forest,isotonic_validation,num__missingindicator_current_ratio_lag1,Missing value: current_ratio_lag1,current_ratio_lag1,missingness_indicator,data_availability_signal,0.0015048399322546513,,0.0015048399322546513
stress_resilience_next_4obs,validated_secondary_production,random_forest,isotonic_validation,num__missingindicator_total_revenue,Missing value: total_revenue,total_revenue,missingness_indicator,data_availability_signal,0.0014932025601547382,,0.0014932025601547382
stress_resilience_next_4obs,validated_secondary_production,random_forest,isotonic_validation,num__FEDFUNDS,FEDFUNDS,FEDFUNDS,macro_conditions,macro_price_policy_conditions,0.001491876438240931,,0.001491876438240931
stress_resilience_next_4obs,validated_secondary_production,random_forest,isotonic_validation,num__M2SL,M2SL,M2SL,macro_conditions,macro_price_policy_conditions,0.0014570342159815682,,0.0014570342159815682
stress_resilience_next_4obs,validated_secondary_production,random_forest,isotonic_validation,num__r_and_d_intensity,r_and_d_intensity,r_and_d_intensity,financial_ratio,profitability_and_efficiency,0.0014362181197951891,,0.0014362181197951891
stress_resilience_next_4obs,validated_secondary_production,random_forest,isotonic_validation,num__missingindicator_cash_to_current_liabilities,Missing value: cash_to_current_liabilities,cash_to_current_liabilities,missingness_indicator,data_availability_signal,0.0013448656088241556,,0.0013448656088241556
stress_resilience_next_4obs,validated_secondary_production,random_forest,isotonic_validation,num__BUSLOANS,BUSLOANS,BUSLOANS,macro_conditions,credit_and_financial_conditions,0.0012985944126752808,,0.0012985944126752808
stress_resilience_next_4obs,validated_secondary_production,random_forest,isotonic_validation,num__HOUST_yoy_pct,HOUST_yoy_pct,HOUST_yoy_pct,macro_conditions,real_activity_conditions,0.0012477200419622988,,0.0012477200419622988
stress_resilience_next_4obs,validated_secondary_production,random_forest,isotonic_validation,num__gross_margin_lag1,gross_margin_lag1,gross_margin_lag1,firm_trend,firm_momentum_or_deterioration,0.0011837987512459999,,0.0011837987512459999
stress_resilience_next_4obs,validated_secondary_production,random_forest,isotonic_validation,num__PAYEMS,PAYEMS,PAYEMS,macro_conditions,real_activity_conditions,0.0011789003361215666,,0.0011789003361215666
stress_resilience_next_4obs,validated_secondary_production,random_forest,isotonic_validation,num__UNRATE,UNRATE,UNRATE,macro_conditions,real_activity_conditions,0.0010802662377708949,,0.0010802662377708949
stress_resilience_next_4obs,validated_secondary_production,random_forest,isotonic_validation,num__missingindicator_gross_profit,Missing value: gross_profit,gross_profit,missingness_indicator,data_availability_signal,0.0010701257733113515,,0.0010701257733113515
stress_resilience_next_4obs,validated_secondary_production,random_forest,isotonic_validation,cat__Sector_Energy,Sector: Energy,Sector,industry_sector,sector_positioning,0.0010003038272103644,,0.0010003038272103644
stress_resilience_next_4obs,validated_secondary_production,random_forest,isotonic_validation,num__missingindicator_receivables_assets,Missing value: receivables_assets,receivables_assets,missingness_indicator,data_availability_signal,0.000990733154643656,,0.000990733154643656
stress_resilience_next_4obs,validated_secondary_production,random_forest,isotonic_validation,num__missingindicator_leverage_assets_lag1,Missing value: leverage_assets_lag1,leverage_assets_lag1,missingness_indicator,data_availability_signal,0.0009546011082659106,,0.0009546011082659106
stress_resilience_next_4obs,validated_secondary_production,random_forest,isotonic_validation,num__RSAFS_yoy_pct,RSAFS_yoy_pct,RSAFS_yoy_pct,macro_conditions,real_activity_conditions,0.0009325575756741108,,0.0009325575756741108
stress_resilience_next_4obs,validated_secondary_production,random_forest,isotonic_validation,num__GDPC1,GDPC1,GDPC1,macro_conditions,real_activity_conditions,0.0009308600304461502,,0.0009308600304461502
stress_resilience_next_4obs,validated_secondary_production,random_forest,isotonic_validation,num__PPIACO,PPIACO,PPIACO,macro_conditions,macro_price_policy_conditions,0.0009205259687030606,,0.0009205259687030606
stress_resilience_next_4obs,validated_secondary_production,random_forest,isotonic_validation,cat__Sector_Industrials,Sector: Industrials,Sector,industry_sector,sector_positioning,0.0009014661811058722,,0.0009014661811058722
stress_resilience_next_4obs,validated_secondary_production,random_forest,isotonic_validation,num__missingindicator_net_margin_change_4obs,Missing value: net_margin_change_4obs,net_margin_change_4obs,missingness_indicator,data_availability_signal,0.000873511993207327,,0.000873511993207327
stress_resilience_next_4obs,validated_secondary_production,random_forest,isotonic_validation,num__DRTSCILM,DRTSCILM,DRTSCILM,macro_conditions,credit_and_financial_conditions,0.0008666040876483695,,0.0008666040876483695
stress_resilience_next_4obs,validated_secondary_production,random_forest,isotonic_validation,num__missingindicator_cfo_margin,Missing value: cfo_margin,cfo_margin,missingness_indicator,data_availability_signal,0.0008352559953645963,,0.0008352559953645963
stress_resilience_next_4obs,validated_secondary_production,random_forest,isotonic_validation,num__missingindicator_short_term_debt,Missing value: short_term_debt,short_term_debt,missingness_indicator,data_availability_signal,0.0007476302086322112,,0.0007476302086322112
stress_resilience_next_4obs,validated_secondary_production,random_forest,isotonic_validation,num__missingindicator_total_revenue_growth_4obs,Missing value: total_revenue_growth_4obs,total_revenue_growth_4obs,missingness_indicator,data_availability_signal,0.0007422882129044424,,0.0007422882129044424
stress_resilience_next_4obs,validated_secondary_production,random_forest,isotonic_validation,cat__Sector_Technology,Sector: Technology,Sector,industry_sector,sector_positioning,0.0007358163164527717,,0.0007358163164527717
stress_resilience_next_4obs,validated_secondary_production,random_forest,isotonic_validation,num__missingindicator_current_liabilities_growth_4obs,Missing value: current_liabilities_growth_4obs,current_liabilities_growth_4obs,missingness_indicator,data_availability_signal,0.0006964507796572703,,0.0006964507796572703
stress_resilience_next_4obs,validated_secondary_production,random_forest,isotonic_validation,num__missingindicator_capex_intensity_assets,Missing value: capex_intensity_assets,capex_intensity_assets,missingness_indicator,data_availability_signal,0.0006912356155114114,,0.0006912356155114114
stress_resilience_next_4obs,validated_secondary_production,random_forest,isotonic_validation,num__missingindicator_inventory_assets,Missing value: inventory_assets,inventory_assets,missingness_indicator,data_availability_signal,0.0006806093190847131,,0.0006806093190847131
stress_resilience_next_4obs,validated_secondary_production,random_forest,isotonic_validation,num__market_health_score_v2,market_health_score_v2,market_health_score_v2,market_health_v2,market_stress_regime,0.0006507929416030889,,0.0006507929416030889
stress_resilience_next_4obs,validated_secondary_production,random_forest,isotonic_validation,num__missingindicator_cash_equivalents_growth_4obs,Missing value: cash_equivalents_growth_4obs,cash_equivalents_growth_4obs,missingness_indicator,data_availability_signal,0.0006101770471356736,,0.0006101770471356736
stress_resilience_next_4obs,validated_secondary_production,random_forest,isotonic_validation,num__real_activity_pressure_score,real_activity_pressure_score,real_activity_pressure_score,market_health_v2,market_stress_regime,0.0006057450874389731,,0.0006057450874389731
stress_resilience_next_4obs,validated_secondary_production,random_forest,isotonic_validation,num__missingindicator_cash_equivalents,Missing value: cash_equivalents,cash_equivalents,missingness_indicator,data_availability_signal,0.0006042726272252784,,0.0006042726272252784
stress_resilience_next_4obs,validated_secondary_production,random_forest,isotonic_validation,num__policy_uncertainty_score,policy_uncertainty_score,policy_uncertainty_score,market_health_v2,market_stress_regime,0.0006020624749127832,,0.0006020624749127832
stress_resilience_next_4obs,validated_secondary_production,random_forest,isotonic_validation,num__missingindicator_cfo_assets,Missing value: cfo_assets,cfo_assets,missingness_indicator,data_availability_signal,0.0005811107610573435,,0.0005811107610573435
stress_resilience_next_4obs,validated_secondary_production,random_forest,isotonic_validation,num__missingindicator_long_term_debt,Missing value: long_term_debt,long_term_debt,missingness_indicator,data_availability_signal,0.000574541023011888,,0.000574541023011888
stress_resilience_next_4obs,validated_secondary_production,random_forest,isotonic_validation,num__missingindicator_r_and_d_intensity,Missing value: r_and_d_intensity,r_and_d_intensity,missingness_indicator,data_availability_signal,0.000545708321380158,,0.000545708321380158
stress_resilience_next_4obs,validated_secondary_production,random_forest,isotonic_validation,num__missingindicator_current_assets_growth_4obs,Missing value: current_assets_growth_4obs,current_assets_growth_4obs,missingness_indicator,data_availability_signal,0.0005177582312716187,,0.0005177582312716187
stress_resilience_next_4obs,validated_secondary_production,random_forest,isotonic_validation,num__strong_dollar_regime,strong_dollar_regime,strong_dollar_regime,accounting_fundamental,accounting_fundamentals,0.0005175798398580396,,0.0005175798398580396
stress_resilience_next_4obs,validated_secondary_production,random_forest,isotonic_validation,num__missingindicator_capex,Missing value: capex,capex,missingness_indicator,data_availability_signal,0.0005061446827677204,,0.0005061446827677204
stress_resilience_next_4obs,validated_secondary_production,random_forest,isotonic_validation,num__global_event_severity_sum,global_event_severity_sum,global_event_severity_sum,global_event_context,global_event_exposure,0.0004979465101833573,,0.0004979465101833573
stress_resilience_next_4obs,validated_secondary_production,random_forest,isotonic_validation,num__prediction_quarter,prediction_quarter,prediction_quarter,accounting_fundamental,accounting_fundamentals,0.00048007561215014194,,0.00048007561215014194
stress_resilience_next_4obs,validated_secondary_production,random_forest,isotonic_validation,num__missingindicator_total_liabilities_growth_4obs,Missing value: total_liabilities_growth_4obs,total_liabilities_growth_4obs,missingness_indicator,data_availability_signal,0.00046981086511819277,,0.00046981086511819277
stress_resilience_next_4obs,validated_secondary_production,random_forest,isotonic_validation,num__market_stress_score_v2,market_stress_score_v2,market_stress_score_v2,market_health_v2,market_stress_regime,0.00046810222798598184,,0.00046810222798598184
stress_resilience_next_4obs,validated_secondary_production,random_forest,isotonic_validation,num__missingindicator_roa_lag1,Missing value: roa_lag1,roa_lag1,missingness_indicator,data_availability_signal,0.00046655462020891113,,0.00046655462020891113
stress_resilience_next_4obs,validated_secondary_production,random_forest,isotonic_validation,num__missingindicator_current_ratio_change_4obs,Missing value: current_ratio_change_4obs,current_ratio_change_4obs,missingness_indicator,data_availability_signal,0.0004618295961719719,,0.0004618295961719719
stress_resilience_next_4obs,validated_secondary_production,random_forest,isotonic_validation,num__global_event_commodity_oil_severity,global_event_commodity_oil_severity,global_event_commodity_oil_severity,global_event_context,global_event_exposure,0.0004510969715564338,,0.0004510969715564338
stress_resilience_next_4obs,validated_secondary_production,random_forest,isotonic_validation,num__missingindicator_gross_margin_change_4obs,Missing value: gross_margin_change_4obs,gross_margin_change_4obs,missingness_indicator,data_availability_signal,0.000437825692415508,,0.000437825692415508
stress_resilience_next_4obs,validated_secondary_production,random_forest,isotonic_validation,num__missingindicator_leverage_assets_change_4obs,Missing value: leverage_assets_change_4obs,leverage_assets_change_4obs,missingness_indicator,data_availability_signal,0.0004293692256608079,,0.0004293692256608079
stress_resilience_next_4obs,validated_secondary_production,random_forest,isotonic_validation,num__missingindicator_debt_to_cfo,Missing value: debt_to_cfo,debt_to_cfo,missingness_indicator,data_availability_signal,0.00040035000261244287,,0.00040035000261244287
stress_resilience_next_4obs,validated_secondary_production,random_forest,isotonic_validation,num__missingindicator_roa_change_4obs,Missing value: roa_change_4obs,roa_change_4obs,missingness_indicator,data_availability_signal,0.0003929060643812486,,0.0003929060643812486
stress_resilience_next_4obs,validated_secondary_production,random_forest,isotonic_validation,num__credit_stress_score,credit_stress_score,credit_stress_score,market_health_v2,market_stress_regime,0.00039189610250960137,,0.00039189610250960137
stress_resilience_next_4obs,validated_secondary_production,random_forest,isotonic_validation,num__market_stress_regime,market_stress_regime,market_stress_regime,accounting_fundamental,accounting_fundamentals,0.000380247181914753,,0.000380247181914753
stress_resilience_next_4obs,validated_secondary_production,random_forest,isotonic_validation,num__missingindicator_cash_assets_change_4obs,Missing value: cash_assets_change_4obs,cash_assets_change_4obs,missingness_indicator,data_availability_signal,0.00035072196866641305,,0.00035072196866641305
stress_resilience_next_4obs,validated_secondary_production,random_forest,isotonic_validation,num__missingindicator_gross_margin,Missing value: gross_margin,gross_margin,missingness_indicator,data_availability_signal,0.0003299819421025048,,0.0003299819421025048
stress_resilience_next_4obs,validated_secondary_production,random_forest,isotonic_validation,num__missingindicator_accruals_assets,Missing value: accruals_assets,accruals_assets,missingness_indicator,data_availability_signal,0.0003297603207261973,,0.0003297603207261973
stress_resilience_next_4obs,validated_secondary_production,random_forest,isotonic_validation,num__missingindicator_leverage_assets,Missing value: leverage_assets,leverage_assets,missingness_indicator,data_availability_signal,0.0003199280436726959,,0.0003199280436726959
stress_resilience_next_4obs,validated_secondary_production,random_forest,isotonic_validation,num__missingindicator_cash_assets,Missing value: cash_assets,cash_assets,missingness_indicator,data_availability_signal,0.00031642574903103046,,0.00031642574903103046
stress_resilience_next_4obs,validated_secondary_production,random_forest,isotonic_validation,num__missingindicator_cash_assets_lag1,Missing value: cash_assets_lag1,cash_assets_lag1,missingness_indicator,data_availability_signal,0.00028757042153338135,,0.00028757042153338135
stress_resilience_next_4obs,validated_secondary_production,random_forest,isotonic_validation,num__global_event_commodity_oil_count,global_event_commodity_oil_count,global_event_commodity_oil_count,global_event_context,global_event_exposure,0.0002707469115815958,,0.0002707469115815958
stress_resilience_next_4obs,validated_secondary_production,random_forest,isotonic_validation,num__missingindicator_cash_flow_operating,Missing value: cash_flow_operating,cash_flow_operating,missingness_indicator,data_availability_signal,0.00026365348862002707,,0.00026365348862002707
stress_resilience_next_4obs,validated_secondary_production,random_forest,isotonic_validation,num__missingindicator_operating_margin_change_4obs,Missing value: operating_margin_change_4obs,operating_margin_change_4obs,missingness_indicator,data_availability_signal,0.00024820077554369303,,0.00024820077554369303
stress_resilience_next_4obs,validated_secondary_production,random_forest,isotonic_validation,num__missingindicator_gross_margin_lag1,Missing value: gross_margin_lag1,gross_margin_lag1,missingness_indicator,data_availability_signal,0.00022327450392183786,,0.00022327450392183786
stress_resilience_next_4obs,validated_secondary_production,random_forest,isotonic_validation,num__global_event_count,global_event_count,global_event_count,global_event_context,global_event_exposure,0.00022322925751748618,,0.00022322925751748618
stress_resilience_next_4obs,validated_secondary_production,random_forest,isotonic_validation,num__missingindicator_total_assets_growth_4obs,Missing value: total_assets_growth_4obs,total_assets_growth_4obs,missingness_indicator,data_availability_signal,0.00020817119214502504,,0.00020817119214502504
stress_resilience_next_4obs,validated_secondary_production,random_forest,isotonic_validation,num__demand_slowdown_regime,demand_slowdown_regime,demand_slowdown_regime,accounting_fundamental,accounting_fundamentals,0.00020517127828086073,,0.00020517127828086073
stress_resilience_next_4obs,validated_secondary_production,random_forest,isotonic_validation,num__global_event_sovereign_debt_severity,global_event_sovereign_debt_severity,global_event_sovereign_debt_severity,global_event_context,global_event_exposure,0.00016975034349986547,,0.00016975034349986547
stress_resilience_next_4obs,validated_secondary_production,random_forest,isotonic_validation,num__global_event_natural_disaster_count,global_event_natural_disaster_count,global_event_natural_disaster_count,global_event_context,global_event_exposure,0.00014816500397583454,,0.00014816500397583454
stress_resilience_next_4obs,validated_secondary_production,random_forest,isotonic_validation,num__missingindicator_total_liabilities,Missing value: total_liabilities,total_liabilities,missingness_indicator,data_availability_signal,0.00014689221182627817,,0.00014689221182627817
stress_resilience_next_4obs,validated_secondary_production,random_forest,isotonic_validation,num__global_event_financial_market_severity,global_event_financial_market_severity,global_event_financial_market_severity,global_event_context,global_event_exposure,0.0001396480087790237,,0.0001396480087790237
stress_resilience_next_4obs,validated_secondary_production,random_forest,isotonic_validation,num__global_event_natural_disaster_severity,global_event_natural_disaster_severity,global_event_natural_disaster_severity,global_event_context,global_event_exposure,0.00011726088960809169,,0.00011726088960809169
stress_resilience_next_4obs,validated_secondary_production,random_forest,isotonic_validation,num__credit_spread_stress_regime,credit_spread_stress_regime,credit_spread_stress_regime,accounting_fundamental,accounting_fundamentals,0.00010662670653082311,,0.00010662670653082311
stress_resilience_next_4obs,validated_secondary_production,random_forest,isotonic_validation,num__global_event_financial_crisis_severity,global_event_financial_crisis_severity,global_event_financial_crisis_severity,global_event_context,global_event_exposure,9.842946125127263e-05,,9.842946125127263e-05
stress_resilience_next_4obs,validated_secondary_production,random_forest,isotonic_validation,cat__Sector_Healthcare,Sector: Healthcare,Sector,industry_sector,sector_positioning,9.648696677023831e-05,,9.648696677023831e-05
stress_resilience_next_4obs,validated_secondary_production,random_forest,isotonic_validation,num__global_event_financial_crisis_count,global_event_financial_crisis_count,global_event_financial_crisis_count,global_event_context,global_event_exposure,9.462470727466827e-05,,9.462470727466827e-05
stress_resilience_next_4obs,validated_secondary_production,random_forest,isotonic_validation,num__missingindicator_total_equity,Missing value: total_equity,total_equity,missingness_indicator,data_availability_signal,8.920268827235386e-05,,8.920268827235386e-05
stress_resilience_next_4obs,validated_secondary_production,random_forest,isotonic_validation,cat__Sector_Consumer Defensive,Sector: Consumer Defensive,Sector,industry_sector,sector_positioning,6.78228576711246e-05,,6.78228576711246e-05
stress_resilience_next_4obs,validated_secondary_production,random_forest,isotonic_validation,num__global_event_financial_market_count,global_event_financial_market_count,global_event_financial_market_count,global_event_context,global_event_exposure,6.417972686062689e-05,,6.417972686062689e-05
stress_resilience_next_4obs,validated_secondary_production,random_forest,isotonic_validation,num__global_event_sovereign_debt_count,global_event_sovereign_debt_count,global_event_sovereign_debt_count,global_event_context,global_event_exposure,4.737066363073549e-05,,4.737066363073549e-05
stress_resilience_next_4obs,validated_secondary_production,random_forest,isotonic_validation,num__tight_financial_conditions,tight_financial_conditions,tight_financial_conditions,accounting_fundamental,accounting_fundamentals,4.119735245378045e-05,,4.119735245378045e-05
stress_resilience_next_4obs,validated_secondary_production,random_forest,isotonic_validation,num__missingindicator_equity_assets,Missing value: equity_assets,equity_assets,missingness_indicator,data_availability_signal,3.9747179894745046e-05,,3.9747179894745046e-05
stress_resilience_next_4obs,validated_secondary_production,random_forest,isotonic_validation,cat__Sector_Consumer Cyclical,Sector: Consumer Cyclical,Sector,industry_sector,sector_positioning,3.729076842168918e-05,,3.729076842168918e-05
stress_resilience_next_4obs,validated_secondary_production,random_forest,isotonic_validation,num__missingindicator_roa,Missing value: roa,roa,missingness_indicator,data_availability_signal,3.701372628982143e-05,,3.701372628982143e-05
stress_resilience_next_4obs,validated_secondary_production,random_forest,isotonic_validation,cat__Sector_Utilities,Sector: Utilities,Sector,industry_sector,sector_positioning,2.9934276389073177e-05,,2.9934276389073177e-05
stress_resilience_next_4obs,validated_secondary_production,random_forest,isotonic_validation,num__credit_tightening_regime,credit_tightening_regime,credit_tightening_regime,accounting_fundamental,accounting_fundamentals,2.9809565598633313e-05,,2.9809565598633313e-05
stress_resilience_next_4obs,validated_secondary_production,random_forest,isotonic_validation,num__missingindicator_DTWEXBGS_yoy_pct,Missing value: DTWEXBGS_yoy_pct,DTWEXBGS_yoy_pct,missingness_indicator,data_availability_signal,2.0382096653592487e-05,,2.0382096653592487e-05
stress_resilience_next_4obs,validated_secondary_production,random_forest,isotonic_validation,num__crisis_regime,crisis_regime,crisis_regime,accounting_fundamental,accounting_fundamentals,1.988054221403894e-05,,1.988054221403894e-05
stress_resilience_next_4obs,validated_secondary_production,random_forest,isotonic_validation,num__oil_shock_regime,oil_shock_regime,oil_shock_regime,accounting_fundamental,accounting_fundamentals,1.2039377981530865e-05,,1.2039377981530865e-05
stress_resilience_next_4obs,validated_secondary_production,random_forest,isotonic_validation,cat__Sector_Basic Materials,Sector: Basic Materials,Sector,industry_sector,sector_positioning,3.881794430154796e-19,,3.881794430154796e-19
stress_resilience_next_4obs,validated_secondary_production,random_forest,isotonic_validation,num__missingindicator_net_income,Missing value: net_income,net_income,missingness_indicator,data_availability_signal,0.0,,0.0
stress_resilience_next_4obs,validated_secondary_production,random_forest,isotonic_validation,num__global_event_monetary_inflation_count,global_event_monetary_inflation_count,global_event_monetary_inflation_count,global_event_context,global_event_exposure,0.0,,0.0
stress_resilience_next_4obs,validated_secondary_production,random_forest,isotonic_validation,num__high_rate_regime,high_rate_regime,high_rate_regime,accounting_fundamental,accounting_fundamentals,0.0,,0.0
stress_resilience_next_4obs,validated_secondary_production,random_forest,isotonic_validation,num__yield_curve_inversion_regime,yield_curve_inversion_regime,yield_curve_inversion_regime,accounting_fundamental,accounting_fundamentals,0.0,,0.0
stress_resilience_next_4obs,validated_secondary_production,random_forest,isotonic_validation,num__inflation_pressure_regime,inflation_pressure_regime,inflation_pressure_regime,accounting_fundamental,accounting_fundamentals,0.0,,0.0
stress_resilience_next_4obs,validated_secondary_production,random_forest,isotonic_validation,cat__Sector_Consumer Discretionary,Sector: Consumer Discretionary,Sector,industry_sector,sector_positioning,0.0,,0.0
stress_resilience_next_4obs,validated_secondary_production,random_forest,isotonic_validation,num__global_event_banking_stress_count,global_event_banking_stress_count,global_event_banking_stress_count,global_event_context,global_event_exposure,0.0,,0.0
stress_resilience_next_4obs,validated_secondary_production,random_forest,isotonic_validation,num__global_event_banking_stress_severity,global_event_banking_stress_severity,global_event_banking_stress_severity,global_event_context,global_event_exposure,0.0,,0.0
stress_resilience_next_4obs,validated_secondary_production,random_forest,isotonic_validation,num__global_event_geopolitical_war_count,global_event_geopolitical_war_count,global_event_geopolitical_war_count,global_event_context,global_event_exposure,0.0,,0.0
stress_resilience_next_4obs,validated_secondary_production,random_forest,isotonic_validation,cat__Sector_Agriculture,Sector: Agriculture,Sector,industry_sector,sector_positioning,0.0,,0.0
stress_resilience_next_4obs,validated_secondary_production,random_forest,isotonic_validation,num__global_event_monetary_inflation_severity,global_event_monetary_inflation_severity,global_event_monetary_inflation_severity,global_event_context,global_event_exposure,0.0,,0.0
stress_resilience_next_4obs,validated_secondary_production,random_forest,isotonic_validation,num__missingindicator_total_assets,Missing value: total_assets,total_assets,missingness_indicator,data_availability_signal,0.0,,0.0
stress_resilience_next_4obs,validated_secondary_production,random_forest,isotonic_validation,num__global_event_pandemic_count,global_event_pandemic_count,global_event_pandemic_count,global_event_context,global_event_exposure,0.0,,0.0
stress_resilience_next_4obs,validated_secondary_production,random_forest,isotonic_validation,num__global_event_pandemic_severity,global_event_pandemic_severity,global_event_pandemic_severity,global_event_context,global_event_exposure,0.0,,0.0
stress_resilience_next_4obs,validated_secondary_production,random_forest,isotonic_validation,num__global_event_political_policy_count,global_event_political_policy_count,global_event_political_policy_count,global_event_context,global_event_exposure,0.0,,0.0
stress_resilience_next_4obs,validated_secondary_production,random_forest,isotonic_validation,num__global_event_political_policy_severity,global_event_political_policy_severity,global_event_political_policy_severity,global_event_context,global_event_exposure,0.0,,0.0
stress_resilience_next_4obs,validated_secondary_production,random_forest,isotonic_validation,num__global_event_supply_chain_count,global_event_supply_chain_count,global_event_supply_chain_count,global_event_context,global_event_exposure,0.0,,0.0
stress_resilience_next_4obs,validated_secondary_production,random_forest,isotonic_validation,num__global_event_supply_chain_severity,global_event_supply_chain_severity,global_event_supply_chain_severity,global_event_context,global_event_exposure,0.0,,0.0
stress_resilience_next_4obs,validated_secondary_production,random_forest,isotonic_validation,num__missingindicator_DTWEXBGS,Missing value: DTWEXBGS,DTWEXBGS,missingness_indicator,data_availability_signal,0.0,,0.0
stress_resilience_next_4obs,validated_secondary_production,random_forest,isotonic_validation,num__missingindicator_DCOILWTICO_yoy_pct,Missing value: DCOILWTICO_yoy_pct,DCOILWTICO_yoy_pct,missingness_indicator,data_availability_signal,0.0,,0.0
stress_resilience_next_4obs,validated_secondary_production,random_forest,isotonic_validation,num__global_event_trade_policy_count,global_event_trade_policy_count,global_event_trade_policy_count,global_event_context,global_event_exposure,0.0,,0.0
stress_resilience_next_4obs,validated_secondary_production,random_forest,isotonic_validation,num__global_event_trade_policy_severity,global_event_trade_policy_severity,global_event_trade_policy_severity,global_event_context,global_event_exposure,0.0,,0.0
stress_resilience_next_4obs,validated_secondary_production,random_forest,isotonic_validation,num__stress_elevated_v2,stress_elevated_v2,stress_elevated_v2,market_health_v2,market_stress_regime,0.0,,0.0
stress_resilience_next_4obs,validated_secondary_production,random_forest,isotonic_validation,num__global_event_geopolitical_war_severity,global_event_geopolitical_war_severity,global_event_geopolitical_war_severity,global_event_context,global_event_exposure,0.0,,0.0
recovery_next_4obs,validated_secondary_production,gradient_boosting,isotonic_validation,num__leverage_assets,leverage_assets,leverage_assets,financial_ratio,balance_sheet_leverage_liquidity,0.508949515160671,,0.508949515160671
recovery_next_4obs,validated_secondary_production,gradient_boosting,isotonic_validation,num__net_income_negative_count_prior_4obs,net_income_negative_count_prior_4obs,net_income_negative_count_prior_4obs,accounting_fundamental,accounting_fundamentals,0.10029681821323945,,0.10029681821323945
recovery_next_4obs,validated_secondary_production,gradient_boosting,isotonic_validation,num__equity_assets,equity_assets,equity_assets,financial_ratio,balance_sheet_leverage_liquidity,0.09313223090475789,,0.09313223090475789
recovery_next_4obs,validated_secondary_production,gradient_boosting,isotonic_validation,num__roa,roa,roa,financial_ratio,profitability_and_efficiency,0.09293843912448328,,0.09293843912448328
recovery_next_4obs,validated_secondary_production,gradient_boosting,isotonic_validation,num__roa_lag1,roa_lag1,roa_lag1,firm_trend,firm_momentum_or_deterioration,0.06041538445925297,,0.06041538445925297
recovery_next_4obs,validated_secondary_production,gradient_boosting,isotonic_validation,num__leverage_assets_lag1,leverage_assets_lag1,leverage_assets_lag1,firm_trend,firm_momentum_or_deterioration,0.03043938902804697,,0.03043938902804697
recovery_next_4obs,validated_secondary_production,gradient_boosting,isotonic_validation,num__operating_income,operating_income,operating_income,accounting_fundamental,earnings_and_scale,0.020997925465965957,,0.020997925465965957
recovery_next_4obs,validated_secondary_production,gradient_boosting,isotonic_validation,num__total_equity,total_equity,total_equity,accounting_fundamental,asset_base_liquidity_and_investment,0.014532590275544644,,0.014532590275544644
recovery_next_4obs,validated_secondary_production,gradient_boosting,isotonic_validation,num__total_revenue_growth_4obs,total_revenue_growth_4obs,total_revenue_growth_4obs,firm_trend,firm_momentum_or_deterioration,0.007047803238164302,,0.007047803238164302
recovery_next_4obs,validated_secondary_production,gradient_boosting,isotonic_validation,num__inventory_assets,inventory_assets,inventory_assets,financial_ratio,profitability_and_efficiency,0.005075566447569901,,0.005075566447569901
recovery_next_4obs,validated_secondary_production,gradient_boosting,isotonic_validation,num__working_capital_assets,working_capital_assets,working_capital_assets,financial_quality_cashflow,cash_flow_quality,0.004380519425026427,,0.004380519425026427
recovery_next_4obs,validated_secondary_production,gradient_boosting,isotonic_validation,num__total_liabilities,total_liabilities,total_liabilities,accounting_fundamental,balance_sheet_obligations,0.0036555614661455964,,0.0036555614661455964
recovery_next_4obs,validated_secondary_production,gradient_boosting,isotonic_validation,num__r_and_d_intensity,r_and_d_intensity,r_and_d_intensity,financial_ratio,profitability_and_efficiency,0.0032312402568084797,,0.0032312402568084797
recovery_next_4obs,validated_secondary_production,gradient_boosting,isotonic_validation,num__DTWEXBGS_yoy_pct,DTWEXBGS_yoy_pct,DTWEXBGS_yoy_pct,macro_conditions,macro_price_policy_conditions,0.0030301130611452352,,0.0030301130611452352
recovery_next_4obs,validated_secondary_production,gradient_boosting,isotonic_validation,num__operating_margin,operating_margin,operating_margin,financial_ratio,profitability_and_efficiency,0.0026509055409743927,,0.0026509055409743927
recovery_next_4obs,validated_secondary_production,gradient_boosting,isotonic_validation,num__HOUST,HOUST,HOUST,macro_conditions,real_activity_conditions,0.002535754348830596,,0.002535754348830596
recovery_next_4obs,validated_secondary_production,gradient_boosting,isotonic_validation,num__current_assets,current_assets,current_assets,accounting_fundamental,asset_base_liquidity_and_investment,0.0022836728201146143,,0.0022836728201146143
recovery_next_4obs,validated_secondary_production,gradient_boosting,isotonic_validation,num__net_income,net_income,net_income,accounting_fundamental,earnings_and_scale,0.0021552036538173575,,0.0021552036538173575
recovery_next_4obs,validated_secondary_production,gradient_boosting,isotonic_validation,cat__Sector_Energy,Sector: Energy,Sector,industry_sector,sector_positioning,0.002054929357609683,,0.002054929357609683
recovery_next_4obs,validated_secondary_production,gradient_boosting,isotonic_validation,num__current_liabilities,current_liabilities,current_liabilities,accounting_fundamental,balance_sheet_obligations,0.0019471541196961037,,0.0019471541196961037
recovery_next_4obs,validated_secondary_production,gradient_boosting,isotonic_validation,num__gross_margin_lag1,gross_margin_lag1,gross_margin_lag1,firm_trend,firm_momentum_or_deterioration,0.0018635508542517052,,0.0018635508542517052
recovery_next_4obs,validated_secondary_production,gradient_boosting,isotonic_validation,num__current_assets_growth_4obs,current_assets_growth_4obs,current_assets_growth_4obs,firm_trend,firm_momentum_or_deterioration,0.0018432991997737623,,0.0018432991997737623
recovery_next_4obs,validated_secondary_production,gradient_boosting,isotonic_validation,num__total_liabilities_growth_4obs,total_liabilities_growth_4obs,total_liabilities_growth_4obs,firm_trend,firm_momentum_or_deterioration,0.0018323189894751887,,0.0018323189894751887
recovery_next_4obs,validated_secondary_production,gradient_boosting,isotonic_validation,num__missingindicator_total_liabilities,Missing value: total_liabilities,total_liabilities,missingness_indicator,data_availability_signal,0.0017948510152429068,,0.0017948510152429068
recovery_next_4obs,validated_secondary_production,gradient_boosting,isotonic_validation,num__gross_margin,gross_margin,gross_margin,financial_ratio,profitability_and_efficiency,0.0017792397502030262,,0.0017792397502030262
recovery_next_4obs,validated_secondary_production,gradient_boosting,isotonic_validation,num__operating_margin_lag1,operating_margin_lag1,operating_margin_lag1,firm_trend,firm_momentum_or_deterioration,0.0016610097180471638,,0.0016610097180471638
recovery_next_4obs,validated_secondary_production,gradient_boosting,isotonic_validation,cat__Sector_Communication Services,Sector: Communication Services,Sector,industry_sector,sector_positioning,0.0015135208818283837,,0.0015135208818283837
recovery_next_4obs,validated_secondary_production,gradient_boosting,isotonic_validation,num__cash_to_current_liabilities,cash_to_current_liabilities,cash_to_current_liabilities,financial_quality_cashflow,cash_flow_quality,0.0014127228286523758,,0.0014127228286523758
recovery_next_4obs,validated_secondary_production,gradient_boosting,isotonic_validation,num__cash_assets_lag1,cash_assets_lag1,cash_assets_lag1,firm_trend,firm_momentum_or_deterioration,0.0013601168920333818,,0.0013601168920333818
recovery_next_4obs,validated_secondary_production,gradient_boosting,isotonic_validation,cat__Sector_Basic Materials,Sector: Basic Materials,Sector,industry_sector,sector_positioning,0.001191182772035354,,0.001191182772035354
recovery_next_4obs,validated_secondary_production,gradient_boosting,isotonic_validation,num__current_liabilities_growth_4obs,current_liabilities_growth_4obs,current_liabilities_growth_4obs,firm_trend,firm_momentum_or_deterioration,0.0011344890444940743,,0.0011344890444940743
recovery_next_4obs,validated_secondary_production,gradient_boosting,isotonic_validation,num__cash_equivalents,cash_equivalents,cash_equivalents,accounting_fundamental,asset_base_liquidity_and_investment,0.0009931716360380546,,0.0009931716360380546
recovery_next_4obs,validated_secondary_production,gradient_boosting,isotonic_validation,num__cfo_margin,cfo_margin,cfo_margin,financial_quality_cashflow,cash_flow_quality,0.00093774641164092,,0.00093774641164092
recovery_next_4obs,validated_secondary_production,gradient_boosting,isotonic_validation,num__receivables_assets,receivables_assets,receivables_assets,financial_ratio,profitability_and_efficiency,0.0009188115787272732,,0.0009188115787272732
recovery_next_4obs,validated_secondary_production,gradient_boosting,isotonic_validation,num__missingindicator_leverage_assets,Missing value: leverage_assets,leverage_assets,missingness_indicator,data_availability_signal,0.0007953700276056204,,0.0007953700276056204
recovery_next_4obs,validated_secondary_production,gradient_boosting,isotonic_validation,num__long_term_debt,long_term_debt,long_term_debt,accounting_fundamental,balance_sheet_obligations,0.0007812207444800581,,0.0007812207444800581
recovery_next_4obs,validated_secondary_production,gradient_boosting,isotonic_validation,num__net_margin,net_margin,net_margin,financial_ratio,profitability_and_efficiency,0.000748326620633562,,0.000748326620633562
recovery_next_4obs,validated_secondary_production,gradient_boosting,isotonic_validation,num__operating_margin_change_4obs,operating_margin_change_4obs,operating_margin_change_4obs,firm_trend,firm_momentum_or_deterioration,0.0007396733514295328,,0.0007396733514295328
recovery_next_4obs,validated_secondary_production,gradient_boosting,isotonic_validation,cat__Sector_Consumer Discretionary,Sector: Consumer Discretionary,Sector,industry_sector,sector_positioning,0.000713979098971979,,0.000713979098971979
recovery_next_4obs,validated_secondary_production,gradient_boosting,isotonic_validation,num__leverage_assets_change_4obs,leverage_assets_change_4obs,leverage_assets_change_4obs,firm_trend,firm_momentum_or_deterioration,0.0007060230789070452,,0.0007060230789070452
recovery_next_4obs,validated_secondary_production,gradient_boosting,isotonic_validation,num__cash_assets_change_4obs,cash_assets_change_4obs,cash_assets_change_4obs,firm_trend,firm_momentum_or_deterioration,0.0006629425051320422,,0.0006629425051320422
recovery_next_4obs,validated_secondary_production,gradient_boosting,isotonic_validation,num__cash_assets,cash_assets,cash_assets,financial_ratio,balance_sheet_leverage_liquidity,0.0006343033109613386,,0.0006343033109613386
recovery_next_4obs,validated_secondary_production,gradient_boosting,isotonic_validation,num__T10Y3M,T10Y3M,T10Y3M,macro_conditions,credit_and_financial_conditions,0.0006306201975029913,,0.0006306201975029913
recovery_next_4obs,validated_secondary_production,gradient_boosting,isotonic_validation,num__cfo_assets,cfo_assets,cfo_assets,financial_quality_cashflow,cash_flow_quality,0.0005881025889461579,,0.0005881025889461579
recovery_next_4obs,validated_secondary_production,gradient_boosting,isotonic_validation,num__capex_intensity_assets,capex_intensity_assets,capex_intensity_assets,financial_quality_cashflow,cash_flow_quality,0.000576744466507452,,0.000576744466507452
recovery_next_4obs,validated_secondary_production,gradient_boosting,isotonic_validation,num__total_assets_growth_4obs,total_assets_growth_4obs,total_assets_growth_4obs,firm_trend,firm_momentum_or_deterioration,0.0005576652986590744,,0.0005576652986590744
recovery_next_4obs,validated_secondary_production,gradient_boosting,isotonic_validation,num__current_ratio,current_ratio,current_ratio,financial_ratio,balance_sheet_leverage_liquidity,0.0005325051783501767,,0.0005325051783501767
recovery_next_4obs,validated_secondary_production,gradient_boosting,isotonic_validation,num__current_ratio_lag1,current_ratio_lag1,current_ratio_lag1,firm_trend,firm_momentum_or_deterioration,0.000518656539953833,,0.000518656539953833
recovery_next_4obs,validated_secondary_production,gradient_boosting,isotonic_validation,num__accruals_assets,accruals_assets,accruals_assets,financial_quality_cashflow,cash_flow_quality,0.0004647644561203643,,0.0004647644561203643
recovery_next_4obs,validated_secondary_production,gradient_boosting,isotonic_validation,num__current_ratio_change_4obs,current_ratio_change_4obs,current_ratio_change_4obs,firm_trend,firm_momentum_or_deterioration,0.0004594815576477042,,0.0004594815576477042
recovery_next_4obs,validated_secondary_production,gradient_boosting,isotonic_validation,num__BUSLOANS_yoy_pct,BUSLOANS_yoy_pct,BUSLOANS_yoy_pct,macro_conditions,credit_and_financial_conditions,0.00040935924033714497,,0.00040935924033714497
recovery_next_4obs,validated_secondary_production,gradient_boosting,isotonic_validation,num__INDPRO,INDPRO,INDPRO,macro_conditions,real_activity_conditions,0.0004079222100366102,,0.0004079222100366102
recovery_next_4obs,validated_secondary_production,gradient_boosting,isotonic_validation,num__gross_profit,gross_profit,gross_profit,accounting_fundamental,earnings_and_scale,0.00040464820615408156,,0.00040464820615408156
recovery_next_4obs,validated_secondary_production,gradient_boosting,isotonic_validation,num__missingindicator_cash_to_current_liabilities,Missing value: cash_to_current_liabilities,cash_to_current_liabilities,missingness_indicator,data_availability_signal,0.00037095896206298034,,0.00037095896206298034
recovery_next_4obs,validated_secondary_production,gradient_boosting,isotonic_validation,num__cash_flow_operating,cash_flow_operating,cash_flow_operating,accounting_fundamental,asset_base_liquidity_and_investment,0.00036609589358289153,,0.00036609589358289153
recovery_next_4obs,validated_secondary_production,gradient_boosting,isotonic_validation,num__PPIACO_yoy_pct,PPIACO_yoy_pct,PPIACO_yoy_pct,macro_conditions,macro_price_policy_conditions,0.0003659017849790319,,0.0003659017849790319
recovery_next_4obs,validated_secondary_production,gradient_boosting,isotonic_validation,num__roa_change_4obs,roa_change_4obs,roa_change_4obs,firm_trend,firm_momentum_or_deterioration,0.0003643294193687312,,0.0003643294193687312
recovery_next_4obs,validated_secondary_production,gradient_boosting,isotonic_validation,cat__Sector_Consumer Cyclical,Sector: Consumer Cyclical,Sector,industry_sector,sector_positioning,0.0003577815423767639,,0.0003577815423767639
recovery_next_4obs,validated_secondary_production,gradient_boosting,isotonic_validation,num__FEDFUNDS,FEDFUNDS,FEDFUNDS,macro_conditions,macro_price_policy_conditions,0.0003405097549685541,,0.0003405097549685541
recovery_next_4obs,validated_secondary_production,gradient_boosting,isotonic_validation,num__net_margin_change_4obs,net_margin_change_4obs,net_margin_change_4obs,firm_trend,firm_momentum_or_deterioration,0.0002911582020121519,,0.0002911582020121519
recovery_next_4obs,validated_secondary_production,gradient_boosting,isotonic_validation,num__DTWEXBGS,DTWEXBGS,DTWEXBGS,macro_conditions,macro_price_policy_conditions,0.0002715164418793719,,0.0002715164418793719
recovery_next_4obs,validated_secondary_production,gradient_boosting,isotonic_validation,cat__Sector_Financial Services,Sector: Financial Services,Sector,industry_sector,sector_positioning,0.00024102859449422274,,0.00024102859449422274
recovery_next_4obs,validated_secondary_production,gradient_boosting,isotonic_validation,num__DRTSCILM,DRTSCILM,DRTSCILM,macro_conditions,credit_and_financial_conditions,0.00023840359100660053,,0.00023840359100660053
recovery_next_4obs,validated_secondary_production,gradient_boosting,isotonic_validation,num__capex_intensity_revenue,capex_intensity_revenue,capex_intensity_revenue,financial_quality_cashflow,cash_flow_quality,0.00023362217586948543,,0.00023362217586948543
recovery_next_4obs,validated_secondary_production,gradient_boosting,isotonic_validation,num__short_term_debt,short_term_debt,short_term_debt,accounting_fundamental,balance_sheet_obligations,0.0002330400579761743,,0.0002330400579761743
recovery_next_4obs,validated_secondary_production,gradient_boosting,isotonic_validation,num__missingindicator_total_assets_growth_4obs,Missing value: total_assets_growth_4obs,total_assets_growth_4obs,missingness_indicator,data_availability_signal,0.00021742186065548354,,0.00021742186065548354
recovery_next_4obs,validated_secondary_production,gradient_boosting,isotonic_validation,num__gross_margin_change_4obs,gross_margin_change_4obs,gross_margin_change_4obs,firm_trend,firm_momentum_or_deterioration,0.00017028877557730482,,0.00017028877557730482
recovery_next_4obs,validated_secondary_production,gradient_boosting,isotonic_validation,num__missingindicator_operating_margin,Missing value: operating_margin,operating_margin,missingness_indicator,data_availability_signal,0.00016380378710937363,,0.00016380378710937363
recovery_next_4obs,validated_secondary_production,gradient_boosting,isotonic_validation,num__CPIAUCSL_yoy_pct,CPIAUCSL_yoy_pct,CPIAUCSL_yoy_pct,macro_conditions,macro_price_policy_conditions,0.00016247203724236234,,0.00016247203724236234
recovery_next_4obs,validated_secondary_production,gradient_boosting,isotonic_validation,num__missingindicator_total_equity,Missing value: total_equity,total_equity,missingness_indicator,data_availability_signal,0.00015239495988441195,,0.00015239495988441195
recovery_next_4obs,validated_secondary_production,gradient_boosting,isotonic_validation,num__GS10,GS10,GS10,macro_conditions,macro_price_policy_conditions,0.00015005562818935854,,0.00015005562818935854
recovery_next_4obs,validated_secondary_production,gradient_boosting,isotonic_validation,num__global_event_severity_sum,global_event_severity_sum,global_event_severity_sum,global_event_context,global_event_exposure,0.00014763839025988884,,0.00014763839025988884
recovery_next_4obs,validated_secondary_production,gradient_boosting,isotonic_validation,num__RSAFS,RSAFS,RSAFS,macro_conditions,real_activity_conditions,0.00014555806513272165,,0.00014555806513272165
recovery_next_4obs,validated_secondary_production,gradient_boosting,isotonic_validation,num__M2SL_yoy_pct,M2SL_yoy_pct,M2SL_yoy_pct,macro_conditions,macro_price_policy_conditions,0.00014529149632364966,,0.00014529149632364966
recovery_next_4obs,validated_secondary_production,gradient_boosting,isotonic_validation,num__missingindicator_equity_assets,Missing value: equity_assets,equity_assets,missingness_indicator,data_availability_signal,0.000143224053678549,,0.000143224053678549
recovery_next_4obs,validated_secondary_production,gradient_boosting,isotonic_validation,num__net_margin_lag1,net_margin_lag1,net_margin_lag1,firm_trend,firm_momentum_or_deterioration,0.00014282872636777876,,0.00014282872636777876
recovery_next_4obs,validated_secondary_production,gradient_boosting,isotonic_validation,num__cash_equivalents_growth_4obs,cash_equivalents_growth_4obs,cash_equivalents_growth_4obs,firm_trend,firm_momentum_or_deterioration,0.00014219880201600264,,0.00014219880201600264
recovery_next_4obs,validated_secondary_production,gradient_boosting,isotonic_validation,num__T10Y2Y,T10Y2Y,T10Y2Y,macro_conditions,credit_and_financial_conditions,0.00013123728864351063,,0.00013123728864351063
recovery_next_4obs,validated_secondary_production,gradient_boosting,isotonic_validation,num__missingindicator_capex_intensity_revenue,Missing value: capex_intensity_revenue,capex_intensity_revenue,missingness_indicator,data_availability_signal,0.00012151596494097335,,0.00012151596494097335
recovery_next_4obs,validated_secondary_production,gradient_boosting,isotonic_validation,num__missingindicator_leverage_assets_change_4obs,Missing value: leverage_assets_change_4obs,leverage_assets_change_4obs,missingness_indicator,data_availability_signal,0.00011718165655865007,,0.00011718165655865007
recovery_next_4obs,validated_secondary_production,gradient_boosting,isotonic_validation,cat__Sector_Healthcare,Sector: Healthcare,Sector,industry_sector,sector_positioning,0.00011705150009075298,,0.00011705150009075298
recovery_next_4obs,validated_secondary_production,gradient_boosting,isotonic_validation,num__DCOILWTICO_yoy_pct,DCOILWTICO_yoy_pct,DCOILWTICO_yoy_pct,macro_conditions,macro_price_policy_conditions,0.00010715536442302993,,0.00010715536442302993
recovery_next_4obs,validated_secondary_production,gradient_boosting,isotonic_validation,num__BAMLH0A0HYM2,BAMLH0A0HYM2,BAMLH0A0HYM2,macro_conditions,credit_and_financial_conditions,0.00010072260827046114,,0.00010072260827046114
recovery_next_4obs,validated_secondary_production,gradient_boosting,isotonic_validation,num__RSAFS_yoy_pct,RSAFS_yoy_pct,RSAFS_yoy_pct,macro_conditions,real_activity_conditions,8.054961713946523e-05,,8.054961713946523e-05
recovery_next_4obs,validated_secondary_production,gradient_boosting,isotonic_validation,num__HOUST_yoy_pct,HOUST_yoy_pct,HOUST_yoy_pct,macro_conditions,real_activity_conditions,7.182774033947035e-05,,7.182774033947035e-05
recovery_next_4obs,validated_secondary_production,gradient_boosting,isotonic_validation,num__PAYEMS_yoy_pct,PAYEMS_yoy_pct,PAYEMS_yoy_pct,macro_conditions,real_activity_conditions,6.560899855950467e-05,,6.560899855950467e-05
recovery_next_4obs,validated_secondary_production,gradient_boosting,isotonic_validation,num__missingindicator_debt_to_cfo,Missing value: debt_to_cfo,debt_to_cfo,missingness_indicator,data_availability_signal,6.36202615144954e-05,,6.36202615144954e-05
recovery_next_4obs,validated_secondary_production,gradient_boosting,isotonic_validation,num__debt_to_cfo,debt_to_cfo,debt_to_cfo,financial_quality_cashflow,cash_flow_quality,6.233232219455268e-05,,6.233232219455268e-05
recovery_next_4obs,validated_secondary_production,gradient_boosting,isotonic_validation,cat__Sector_Utilities,Sector: Utilities,Sector,industry_sector,sector_positioning,3.895264023271935e-05,,3.895264023271935e-05
recovery_next_4obs,validated_secondary_production,gradient_boosting,isotonic_validation,num__total_revenue,total_revenue,total_revenue,accounting_fundamental,earnings_and_scale,1.6083442756710704e-05,,1.6083442756710704e-05
recovery_next_4obs,validated_secondary_production,gradient_boosting,isotonic_validation,num__prediction_quarter,prediction_quarter,prediction_quarter,accounting_fundamental,accounting_fundamentals,1.576440013056165e-05,,1.576440013056165e-05
recovery_next_4obs,validated_secondary_production,gradient_boosting,isotonic_validation,num__global_event_financial_market_severity,global_event_financial_market_severity,global_event_financial_market_severity,global_event_context,global_event_exposure,1.3366184542273043e-05,,1.3366184542273043e-05
recovery_next_4obs,validated_secondary_production,gradient_boosting,isotonic_validation,num__INDPRO_yoy_pct,INDPRO_yoy_pct,INDPRO_yoy_pct,macro_conditions,real_activity_conditions,3.2174445247100545e-07,,3.2174445247100545e-07
recovery_next_4obs,validated_secondary_production,gradient_boosting,isotonic_validation,num__M2SL,M2SL,M2SL,macro_conditions,macro_price_policy_conditions,7.130150539095537e-08,,7.130150539095537e-08
recovery_next_4obs,validated_secondary_production,gradient_boosting,isotonic_validation,num__CPIAUCSL,CPIAUCSL,CPIAUCSL,macro_conditions,macro_price_policy_conditions,5.7295865924057186e-08,,5.7295865924057186e-08
recovery_next_4obs,validated_secondary_production,gradient_boosting,isotonic_validation,num__PAYEMS,PAYEMS,PAYEMS,macro_conditions,real_activity_conditions,4.618011693539449e-11,,4.618011693539449e-11
recovery_next_4obs,validated_secondary_production,gradient_boosting,isotonic_validation,num__missingindicator_leverage_assets_lag1,Missing value: leverage_assets_lag1,leverage_assets_lag1,missingness_indicator,data_availability_signal,0.0,,0.0
recovery_next_4obs,validated_secondary_production,gradient_boosting,isotonic_validation,cat__Sector_Real Estate,Sector: Real Estate,Sector,industry_sector,sector_positioning,0.0,,0.0
recovery_next_4obs,validated_secondary_production,gradient_boosting,isotonic_validation,num__missingindicator_capex_intensity_assets,Missing value: capex_intensity_assets,capex_intensity_assets,missingness_indicator,data_availability_signal,0.0,,0.0
recovery_next_4obs,validated_secondary_production,gradient_boosting,isotonic_validation,cat__Sector_Agriculture,Sector: Agriculture,Sector,industry_sector,sector_positioning,0.0,,0.0
recovery_next_4obs,validated_secondary_production,gradient_boosting,isotonic_validation,cat__Sector_Consumer Defensive,Sector: Consumer Defensive,Sector,industry_sector,sector_positioning,0.0,,0.0
recovery_next_4obs,validated_secondary_production,gradient_boosting,isotonic_validation,num__missingindicator_net_margin_lag1,Missing value: net_margin_lag1,net_margin_lag1,missingness_indicator,data_availability_signal,0.0,,0.0
recovery_next_4obs,validated_secondary_production,gradient_boosting,isotonic_validation,num__missingindicator_cash_assets_lag1,Missing value: cash_assets_lag1,cash_assets_lag1,missingness_indicator,data_availability_signal,0.0,,0.0
recovery_next_4obs,validated_secondary_production,gradient_boosting,isotonic_validation,num__missingindicator_current_ratio_lag1,Missing value: current_ratio_lag1,current_ratio_lag1,missingness_indicator,data_availability_signal,0.0,,0.0
recovery_next_4obs,validated_secondary_production,gradient_boosting,isotonic_validation,num__missingindicator_DTWEXBGS_yoy_pct,Missing value: DTWEXBGS_yoy_pct,DTWEXBGS_yoy_pct,missingness_indicator,data_availability_signal,0.0,,0.0
recovery_next_4obs,validated_secondary_production,gradient_boosting,isotonic_validation,num__missingindicator_roa_lag1,Missing value: roa_lag1,roa_lag1,missingness_indicator,data_availability_signal,0.0,,0.0
recovery_next_4obs,validated_secondary_production,gradient_boosting,isotonic_validation,num__missingindicator_receivables_assets,Missing value: receivables_assets,receivables_assets,missingness_indicator,data_availability_signal,0.0,,0.0
recovery_next_4obs,validated_secondary_production,gradient_boosting,isotonic_validation,num__missingindicator_r_and_d_intensity,Missing value: r_and_d_intensity,r_and_d_intensity,missingness_indicator,data_availability_signal,0.0,,0.0
recovery_next_4obs,validated_secondary_production,gradient_boosting,isotonic_validation,num__missingindicator_roa,Missing value: roa,roa,missingness_indicator,data_availability_signal,0.0,,0.0
recovery_next_4obs,validated_secondary_production,gradient_boosting,isotonic_validation,num__missingindicator_gross_margin,Missing value: gross_margin,gross_margin,missingness_indicator,data_availability_signal,0.0,,0.0
recovery_next_4obs,validated_secondary_production,gradient_boosting,isotonic_validation,cat__Sector_Technology,Sector: Technology,Sector,industry_sector,sector_positioning,0.0,,0.0
recovery_next_4obs,validated_secondary_production,gradient_boosting,isotonic_validation,num__missingindicator_net_margin,Missing value: net_margin,net_margin,missingness_indicator,data_availability_signal,0.0,,0.0
recovery_next_4obs,validated_secondary_production,gradient_boosting,isotonic_validation,num__missingindicator_cash_assets,Missing value: cash_assets,cash_assets,missingness_indicator,data_availability_signal,0.0,,0.0
recovery_next_4obs,validated_secondary_production,gradient_boosting,isotonic_validation,num__missingindicator_current_ratio,Missing value: current_ratio,current_ratio,missingness_indicator,data_availability_signal,0.0,,0.0
recovery_next_4obs,validated_secondary_production,gradient_boosting,isotonic_validation,num__missingindicator_capex,Missing value: capex,capex,missingness_indicator,data_availability_signal,0.0,,0.0
recovery_next_4obs,validated_secondary_production,gradient_boosting,isotonic_validation,num__missingindicator_inventory_assets,Missing value: inventory_assets,inventory_assets,missingness_indicator,data_availability_signal,0.0,,0.0
recovery_next_4obs,validated_secondary_production,gradient_boosting,isotonic_validation,cat__Sector_Industrials,Sector: Industrials,Sector,industry_sector,sector_positioning,0.0,,0.0
recovery_next_4obs,validated_secondary_production,gradient_boosting,isotonic_validation,num__missingindicator_DTWEXBGS,Missing value: DTWEXBGS,DTWEXBGS,missingness_indicator,data_availability_signal,0.0,,0.0
recovery_next_4obs,validated_secondary_production,gradient_boosting,isotonic_validation,num__missingindicator_operating_margin_lag1,Missing value: operating_margin_lag1,operating_margin_lag1,missingness_indicator,data_availability_signal,0.0,,0.0
recovery_next_4obs,validated_secondary_production,gradient_boosting,isotonic_validation,num__missingindicator_DCOILWTICO_yoy_pct,Missing value: DCOILWTICO_yoy_pct,DCOILWTICO_yoy_pct,missingness_indicator,data_availability_signal,0.0,,0.0
recovery_next_4obs,validated_secondary_production,gradient_boosting,isotonic_validation,num__missingindicator_DCOILWTICO,Missing value: DCOILWTICO,DCOILWTICO,missingness_indicator,data_availability_signal,0.0,,0.0
recovery_next_4obs,validated_secondary_production,gradient_boosting,isotonic_validation,num__missingindicator_T10Y3M,Missing value: T10Y3M,T10Y3M,missingness_indicator,data_availability_signal,0.0,,0.0
recovery_next_4obs,validated_secondary_production,gradient_boosting,isotonic_validation,num__missingindicator_T10Y2Y,Missing value: T10Y2Y,T10Y2Y,missingness_indicator,data_availability_signal,0.0,,0.0
recovery_next_4obs,validated_secondary_production,gradient_boosting,isotonic_validation,num__missingindicator_VIXCLS,Missing value: VIXCLS,VIXCLS,missingness_indicator,data_availability_signal,0.0,,0.0
recovery_next_4obs,validated_secondary_production,gradient_boosting,isotonic_validation,num__missingindicator_BAMLH0A0HYM2,Missing value: BAMLH0A0HYM2,BAMLH0A0HYM2,missingness_indicator,data_availability_signal,0.0,,0.0
recovery_next_4obs,validated_secondary_production,gradient_boosting,isotonic_validation,num__missingindicator_gross_margin_change_4obs,Missing value: gross_margin_change_4obs,gross_margin_change_4obs,missingness_indicator,data_availability_signal,0.0,,0.0
recovery_next_4obs,validated_secondary_production,gradient_boosting,isotonic_validation,num__missingindicator_operating_margin_change_4obs,Missing value: operating_margin_change_4obs,operating_margin_change_4obs,missingness_indicator,data_availability_signal,0.0,,0.0
recovery_next_4obs,validated_secondary_production,gradient_boosting,isotonic_validation,num__missingindicator_net_margin_change_4obs,Missing value: net_margin_change_4obs,net_margin_change_4obs,missingness_indicator,data_availability_signal,0.0,,0.0
recovery_next_4obs,validated_secondary_production,gradient_boosting,isotonic_validation,num__missingindicator_cfo_assets,Missing value: cfo_assets,cfo_assets,missingness_indicator,data_availability_signal,0.0,,0.0
recovery_next_4obs,validated_secondary_production,gradient_boosting,isotonic_validation,num__missingindicator_cash_assets_change_4obs,Missing value: cash_assets_change_4obs,cash_assets_change_4obs,missingness_indicator,data_availability_signal,0.0,,0.0
recovery_next_4obs,validated_secondary_production,gradient_boosting,isotonic_validation,num__missingindicator_current_ratio_change_4obs,Missing value: current_ratio_change_4obs,current_ratio_change_4obs,missingness_indicator,data_availability_signal,0.0,,0.0
recovery_next_4obs,validated_secondary_production,gradient_boosting,isotonic_validation,num__missingindicator_cfo_margin,Missing value: cfo_margin,cfo_margin,missingness_indicator,data_availability_signal,0.0,,0.0
recovery_next_4obs,validated_secondary_production,gradient_boosting,isotonic_validation,num__missingindicator_roa_change_4obs,Missing value: roa_change_4obs,roa_change_4obs,missingness_indicator,data_availability_signal,0.0,,0.0
recovery_next_4obs,validated_secondary_production,gradient_boosting,isotonic_validation,num__missingindicator_current_liabilities_growth_4obs,Missing value: current_liabilities_growth_4obs,current_liabilities_growth_4obs,missingness_indicator,data_availability_signal,0.0,,0.0
recovery_next_4obs,validated_secondary_production,gradient_boosting,isotonic_validation,num__missingindicator_accruals_assets,Missing value: accruals_assets,accruals_assets,missingness_indicator,data_availability_signal,0.0,,0.0
recovery_next_4obs,validated_secondary_production,gradient_boosting,isotonic_validation,num__missingindicator_total_liabilities_growth_4obs,Missing value: total_liabilities_growth_4obs,total_liabilities_growth_4obs,missingness_indicator,data_availability_signal,0.0,,0.0
recovery_next_4obs,validated_secondary_production,gradient_boosting,isotonic_validation,num__missingindicator_cash_equivalents_growth_4obs,Missing value: cash_equivalents_growth_4obs,cash_equivalents_growth_4obs,missingness_indicator,data_availability_signal,0.0,,0.0
recovery_next_4obs,validated_secondary_production,gradient_boosting,isotonic_validation,num__missingindicator_working_capital_assets,Missing value: working_capital_assets,working_capital_assets,missingness_indicator,data_availability_signal,0.0,,0.0
recovery_next_4obs,validated_secondary_production,gradient_boosting,isotonic_validation,num__missingindicator_total_revenue_growth_4obs,Missing value: total_revenue_growth_4obs,total_revenue_growth_4obs,missingness_indicator,data_availability_signal,0.0,,0.0
recovery_next_4obs,validated_secondary_production,gradient_boosting,isotonic_validation,num__missingindicator_gross_margin_lag1,Missing value: gross_margin_lag1,gross_margin_lag1,missingness_indicator,data_availability_signal,0.0,,0.0
recovery_next_4obs,validated_secondary_production,gradient_boosting,isotonic_validation,num__missingindicator_current_assets_growth_4obs,Missing value: current_assets_growth_4obs,current_assets_growth_4obs,missingness_indicator,data_availability_signal,0.0,,0.0
recovery_next_4obs,validated_secondary_production,gradient_boosting,isotonic_validation,num__total_assets,total_assets,total_assets,accounting_fundamental,asset_base_liquidity_and_investment,0.0,,0.0
recovery_next_4obs,validated_secondary_production,gradient_boosting,isotonic_validation,num__missingindicator_cash_flow_operating,Missing value: cash_flow_operating,cash_flow_operating,missingness_indicator,data_availability_signal,0.0,,0.0
recovery_next_4obs,validated_secondary_production,gradient_boosting,isotonic_validation,num__global_event_geopolitical_war_count,global_event_geopolitical_war_count,global_event_geopolitical_war_count,global_event_context,global_event_exposure,0.0,,0.0
recovery_next_4obs,validated_secondary_production,gradient_boosting,isotonic_validation,num__global_event_financial_crisis_severity,global_event_financial_crisis_severity,global_event_financial_crisis_severity,global_event_context,global_event_exposure,0.0,,0.0
recovery_next_4obs,validated_secondary_production,gradient_boosting,isotonic_validation,num__global_event_financial_crisis_count,global_event_financial_crisis_count,global_event_financial_crisis_count,global_event_context,global_event_exposure,0.0,,0.0
recovery_next_4obs,validated_secondary_production,gradient_boosting,isotonic_validation,num__global_event_commodity_oil_severity,global_event_commodity_oil_severity,global_event_commodity_oil_severity,global_event_context,global_event_exposure,0.0,,0.0
recovery_next_4obs,validated_secondary_production,gradient_boosting,isotonic_validation,num__global_event_commodity_oil_count,global_event_commodity_oil_count,global_event_commodity_oil_count,global_event_context,global_event_exposure,0.0,,0.0
recovery_next_4obs,validated_secondary_production,gradient_boosting,isotonic_validation,num__global_event_banking_stress_severity,global_event_banking_stress_severity,global_event_banking_stress_severity,global_event_context,global_event_exposure,0.0,,0.0
recovery_next_4obs,validated_secondary_production,gradient_boosting,isotonic_validation,num__global_event_banking_stress_count,global_event_banking_stress_count,global_event_banking_stress_count,global_event_context,global_event_exposure,0.0,,0.0
recovery_next_4obs,validated_secondary_production,gradient_boosting,isotonic_validation,num__global_event_count,global_event_count,global_event_count,global_event_context,global_event_exposure,0.0,,0.0
recovery_next_4obs,validated_secondary_production,gradient_boosting,isotonic_validation,num__crisis_regime,crisis_regime,crisis_regime,accounting_fundamental,accounting_fundamentals,0.0,,0.0
recovery_next_4obs,validated_secondary_production,gradient_boosting,isotonic_validation,num__credit_tightening_regime,credit_tightening_regime,credit_tightening_regime,accounting_fundamental,accounting_fundamentals,0.0,,0.0
recovery_next_4obs,validated_secondary_production,gradient_boosting,isotonic_validation,num__demand_slowdown_regime,demand_slowdown_regime,demand_slowdown_regime,accounting_fundamental,accounting_fundamentals,0.0,,0.0
recovery_next_4obs,validated_secondary_production,gradient_boosting,isotonic_validation,num__strong_dollar_regime,strong_dollar_regime,strong_dollar_regime,accounting_fundamental,accounting_fundamentals,0.0,,0.0
recovery_next_4obs,validated_secondary_production,gradient_boosting,isotonic_validation,num__oil_shock_regime,oil_shock_regime,oil_shock_regime,accounting_fundamental,accounting_fundamentals,0.0,,0.0
recovery_next_4obs,validated_secondary_production,gradient_boosting,isotonic_validation,num__inflation_pressure_regime,inflation_pressure_regime,inflation_pressure_regime,accounting_fundamental,accounting_fundamentals,0.0,,0.0
recovery_next_4obs,validated_secondary_production,gradient_boosting,isotonic_validation,num__yield_curve_inversion_regime,yield_curve_inversion_regime,yield_curve_inversion_regime,accounting_fundamental,accounting_fundamentals,0.0,,0.0
recovery_next_4obs,validated_secondary_production,gradient_boosting,isotonic_validation,num__credit_spread_stress_regime,credit_spread_stress_regime,credit_spread_stress_regime,accounting_fundamental,accounting_fundamentals,0.0,,0.0
recovery_next_4obs,validated_secondary_production,gradient_boosting,isotonic_validation,num__tight_financial_conditions,tight_financial_conditions,tight_financial_conditions,accounting_fundamental,accounting_fundamentals,0.0,,0.0
recovery_next_4obs,validated_secondary_production,gradient_boosting,isotonic_validation,num__market_stress_regime,market_stress_regime,market_stress_regime,accounting_fundamental,accounting_fundamentals,0.0,,0.0
recovery_next_4obs,validated_secondary_production,gradient_boosting,isotonic_validation,num__high_rate_regime,high_rate_regime,high_rate_regime,accounting_fundamental,accounting_fundamentals,0.0,,0.0
recovery_next_4obs,validated_secondary_production,gradient_boosting,isotonic_validation,num__BUSLOANS,BUSLOANS,BUSLOANS,macro_conditions,credit_and_financial_conditions,0.0,,0.0
recovery_next_4obs,validated_secondary_production,gradient_boosting,isotonic_validation,num__PPIACO,PPIACO,PPIACO,macro_conditions,macro_price_policy_conditions,0.0,,0.0
recovery_next_4obs,validated_secondary_production,gradient_boosting,isotonic_validation,num__DCOILWTICO,DCOILWTICO,DCOILWTICO,macro_conditions,macro_price_policy_conditions,0.0,,0.0
recovery_next_4obs,validated_secondary_production,gradient_boosting,isotonic_validation,num__VIXCLS,VIXCLS,VIXCLS,macro_conditions,macro_price_policy_conditions,0.0,,0.0
recovery_next_4obs,validated_secondary_production,gradient_boosting,isotonic_validation,num__USEPUINDXD,USEPUINDXD,USEPUINDXD,macro_conditions,macro_price_policy_conditions,0.0,,0.0
recovery_next_4obs,validated_secondary_production,gradient_boosting,isotonic_validation,num__UNRATE,UNRATE,UNRATE,macro_conditions,real_activity_conditions,0.0,,0.0
recovery_next_4obs,validated_secondary_production,gradient_boosting,isotonic_validation,num__NFCI,NFCI,NFCI,macro_conditions,credit_and_financial_conditions,0.0,,0.0
recovery_next_4obs,validated_secondary_production,gradient_boosting,isotonic_validation,num__GDPC1,GDPC1,GDPC1,macro_conditions,real_activity_conditions,0.0,,0.0
recovery_next_4obs,validated_secondary_production,gradient_boosting,isotonic_validation,num__capex,capex,capex,accounting_fundamental,asset_base_liquidity_and_investment,0.0,,0.0
recovery_next_4obs,validated_secondary_production,gradient_boosting,isotonic_validation,num__global_event_financial_market_count,global_event_financial_market_count,global_event_financial_market_count,global_event_context,global_event_exposure,0.0,,0.0
recovery_next_4obs,validated_secondary_production,gradient_boosting,isotonic_validation,num__global_event_geopolitical_war_severity,global_event_geopolitical_war_severity,global_event_geopolitical_war_severity,global_event_context,global_event_exposure,0.0,,0.0
recovery_next_4obs,validated_secondary_production,gradient_boosting,isotonic_validation,num__missingindicator_net_income,Missing value: net_income,net_income,missingness_indicator,data_availability_signal,0.0,,0.0
recovery_next_4obs,validated_secondary_production,gradient_boosting,isotonic_validation,num__global_event_monetary_inflation_count,global_event_monetary_inflation_count,global_event_monetary_inflation_count,global_event_context,global_event_exposure,0.0,,0.0
recovery_next_4obs,validated_secondary_production,gradient_boosting,isotonic_validation,num__missingindicator_operating_income,Missing value: operating_income,operating_income,missingness_indicator,data_availability_signal,0.0,,0.0
recovery_next_4obs,validated_secondary_production,gradient_boosting,isotonic_validation,num__missingindicator_gross_profit,Missing value: gross_profit,gross_profit,missingness_indicator,data_availability_signal,0.0,,0.0
recovery_next_4obs,validated_secondary_production,gradient_boosting,isotonic_validation,num__missingindicator_total_revenue,Missing value: total_revenue,total_revenue,missingness_indicator,data_availability_signal,0.0,,0.0
recovery_next_4obs,validated_secondary_production,gradient_boosting,isotonic_validation,num__missingindicator_cash_equivalents,Missing value: cash_equivalents,cash_equivalents,missingness_indicator,data_availability_signal,0.0,,0.0
recovery_next_4obs,validated_secondary_production,gradient_boosting,isotonic_validation,num__missingindicator_current_liabilities,Missing value: current_liabilities,current_liabilities,missingness_indicator,data_availability_signal,0.0,,0.0
recovery_next_4obs,validated_secondary_production,gradient_boosting,isotonic_validation,num__missingindicator_current_assets,Missing value: current_assets,current_assets,missingness_indicator,data_availability_signal,0.0,,0.0
recovery_next_4obs,validated_secondary_production,gradient_boosting,isotonic_validation,num__missingindicator_short_term_debt,Missing value: short_term_debt,short_term_debt,missingness_indicator,data_availability_signal,0.0,,0.0
recovery_next_4obs,validated_secondary_production,gradient_boosting,isotonic_validation,num__missingindicator_long_term_debt,Missing value: long_term_debt,long_term_debt,missingness_indicator,data_availability_signal,0.0,,0.0
recovery_next_4obs,validated_secondary_production,gradient_boosting,isotonic_validation,num__missingindicator_total_assets,Missing value: total_assets,total_assets,missingness_indicator,data_availability_signal,0.0,,0.0
recovery_next_4obs,validated_secondary_production,gradient_boosting,isotonic_validation,num__stress_elevated_v2,stress_elevated_v2,stress_elevated_v2,market_health_v2,market_stress_regime,0.0,,0.0
recovery_next_4obs,validated_secondary_production,gradient_boosting,isotonic_validation,num__policy_uncertainty_score,policy_uncertainty_score,policy_uncertainty_score,market_health_v2,market_stress_regime,0.0,,0.0
recovery_next_4obs,validated_secondary_production,gradient_boosting,isotonic_validation,num__real_activity_pressure_score,real_activity_pressure_score,real_activity_pressure_score,market_health_v2,market_stress_regime,0.0,,0.0
recovery_next_4obs,validated_secondary_production,gradient_boosting,isotonic_validation,num__credit_stress_score,credit_stress_score,credit_stress_score,market_health_v2,market_stress_regime,0.0,,0.0
recovery_next_4obs,validated_secondary_production,gradient_boosting,isotonic_validation,num__market_health_score_v2,market_health_score_v2,market_health_score_v2,market_health_v2,market_stress_regime,0.0,,0.0
recovery_next_4obs,validated_secondary_production,gradient_boosting,isotonic_validation,num__market_stress_score_v2,market_stress_score_v2,market_stress_score_v2,market_health_v2,market_stress_regime,0.0,,0.0
recovery_next_4obs,validated_secondary_production,gradient_boosting,isotonic_validation,num__global_event_trade_policy_severity,global_event_trade_policy_severity,global_event_trade_policy_severity,global_event_context,global_event_exposure,0.0,,0.0
recovery_next_4obs,validated_secondary_production,gradient_boosting,isotonic_validation,num__global_event_trade_policy_count,global_event_trade_policy_count,global_event_trade_policy_count,global_event_context,global_event_exposure,0.0,,0.0
recovery_next_4obs,validated_secondary_production,gradient_boosting,isotonic_validation,num__global_event_supply_chain_severity,global_event_supply_chain_severity,global_event_supply_chain_severity,global_event_context,global_event_exposure,0.0,,0.0
recovery_next_4obs,validated_secondary_production,gradient_boosting,isotonic_validation,num__global_event_supply_chain_count,global_event_supply_chain_count,global_event_supply_chain_count,global_event_context,global_event_exposure,0.0,,0.0
recovery_next_4obs,validated_secondary_production,gradient_boosting,isotonic_validation,num__global_event_sovereign_debt_severity,global_event_sovereign_debt_severity,global_event_sovereign_debt_severity,global_event_context,global_event_exposure,0.0,,0.0
recovery_next_4obs,validated_secondary_production,gradient_boosting,isotonic_validation,num__global_event_sovereign_debt_count,global_event_sovereign_debt_count,global_event_sovereign_debt_count,global_event_context,global_event_exposure,0.0,,0.0
recovery_next_4obs,validated_secondary_production,gradient_boosting,isotonic_validation,num__global_event_political_policy_severity,global_event_political_policy_severity,global_event_political_policy_severity,global_event_context,global_event_exposure,0.0,,0.0
recovery_next_4obs,validated_secondary_production,gradient_boosting,isotonic_validation,num__global_event_political_policy_count,global_event_political_policy_count,global_event_political_policy_count,global_event_context,global_event_exposure,0.0,,0.0
recovery_next_4obs,validated_secondary_production,gradient_boosting,isotonic_validation,num__global_event_pandemic_severity,global_event_pandemic_severity,global_event_pandemic_severity,global_event_context,global_event_exposure,0.0,,0.0
recovery_next_4obs,validated_secondary_production,gradient_boosting,isotonic_validation,num__global_event_pandemic_count,global_event_pandemic_count,global_event_pandemic_count,global_event_context,global_event_exposure,0.0,,0.0
recovery_next_4obs,validated_secondary_production,gradient_boosting,isotonic_validation,num__global_event_natural_disaster_severity,global_event_natural_disaster_severity,global_event_natural_disaster_severity,global_event_context,global_event_exposure,0.0,,0.0
recovery_next_4obs,validated_secondary_production,gradient_boosting,isotonic_validation,num__global_event_natural_disaster_count,global_event_natural_disaster_count,global_event_natural_disaster_count,global_event_context,global_event_exposure,0.0,,0.0
recovery_next_4obs,validated_secondary_production,gradient_boosting,isotonic_validation,num__global_event_monetary_inflation_severity,global_event_monetary_inflation_severity,global_event_monetary_inflation_severity,global_event_context,global_event_exposure,0.0,,0.0
quality_success_cashflow_next_4obs,validated_secondary_production,random_forest,isotonic_validation,num__leverage_assets,leverage_assets,leverage_assets,financial_ratio,balance_sheet_leverage_liquidity,0.1205980916309646,,0.1205980916309646
quality_success_cashflow_next_4obs,validated_secondary_production,random_forest,isotonic_validation,num__equity_assets,equity_assets,equity_assets,financial_ratio,balance_sheet_leverage_liquidity,0.09970364223298245,,0.09970364223298245
quality_success_cashflow_next_4obs,validated_secondary_production,random_forest,isotonic_validation,num__leverage_assets_lag1,leverage_assets_lag1,leverage_assets_lag1,firm_trend,firm_momentum_or_deterioration,0.0701247933753759,,0.0701247933753759
quality_success_cashflow_next_4obs,validated_secondary_production,random_forest,isotonic_validation,num__roa,roa,roa,financial_ratio,profitability_and_efficiency,0.04577948070511309,,0.04577948070511309
quality_success_cashflow_next_4obs,validated_secondary_production,random_forest,isotonic_validation,num__roa_lag1,roa_lag1,roa_lag1,firm_trend,firm_momentum_or_deterioration,0.03983451116999989,,0.03983451116999989
quality_success_cashflow_next_4obs,validated_secondary_production,random_forest,isotonic_validation,num__total_equity,total_equity,total_equity,accounting_fundamental,asset_base_liquidity_and_investment,0.031039473471432814,,0.031039473471432814
quality_success_cashflow_next_4obs,validated_secondary_production,random_forest,isotonic_validation,num__cfo_assets,cfo_assets,cfo_assets,financial_quality_cashflow,cash_flow_quality,0.030271405558653517,,0.030271405558653517
quality_success_cashflow_next_4obs,validated_secondary_production,random_forest,isotonic_validation,num__net_income,net_income,net_income,accounting_fundamental,earnings_and_scale,0.02841423892928461,,0.02841423892928461
quality_success_cashflow_next_4obs,validated_secondary_production,random_forest,isotonic_validation,num__operating_income,operating_income,operating_income,accounting_fundamental,earnings_and_scale,0.028182071013652422,,0.028182071013652422
quality_success_cashflow_next_4obs,validated_secondary_production,random_forest,isotonic_validation,num__net_income_negative_count_prior_4obs,net_income_negative_count_prior_4obs,net_income_negative_count_prior_4obs,accounting_fundamental,accounting_fundamentals,0.027245493297624823,,0.027245493297624823
quality_success_cashflow_next_4obs,validated_secondary_production,random_forest,isotonic_validation,num__operating_margin,operating_margin,operating_margin,financial_ratio,profitability_and_efficiency,0.02547810656967088,,0.02547810656967088
quality_success_cashflow_next_4obs,validated_secondary_production,random_forest,isotonic_validation,num__net_margin,net_margin,net_margin,financial_ratio,profitability_and_efficiency,0.0251561790462345,,0.0251561790462345
quality_success_cashflow_next_4obs,validated_secondary_production,random_forest,isotonic_validation,num__net_margin_lag1,net_margin_lag1,net_margin_lag1,firm_trend,firm_momentum_or_deterioration,0.02171306295483852,,0.02171306295483852
quality_success_cashflow_next_4obs,validated_secondary_production,random_forest,isotonic_validation,num__operating_margin_lag1,operating_margin_lag1,operating_margin_lag1,firm_trend,firm_momentum_or_deterioration,0.021256702098491658,,0.021256702098491658
quality_success_cashflow_next_4obs,validated_secondary_production,random_forest,isotonic_validation,num__cash_flow_operating,cash_flow_operating,cash_flow_operating,accounting_fundamental,asset_base_liquidity_and_investment,0.017675994840690705,,0.017675994840690705
quality_success_cashflow_next_4obs,validated_secondary_production,random_forest,isotonic_validation,num__total_assets,total_assets,total_assets,accounting_fundamental,asset_base_liquidity_and_investment,0.015935726100872374,,0.015935726100872374
quality_success_cashflow_next_4obs,validated_secondary_production,random_forest,isotonic_validation,num__total_liabilities,total_liabilities,total_liabilities,accounting_fundamental,balance_sheet_obligations,0.015458350768299366,,0.015458350768299366
quality_success_cashflow_next_4obs,validated_secondary_production,random_forest,isotonic_validation,num__cfo_margin,cfo_margin,cfo_margin,financial_quality_cashflow,cash_flow_quality,0.01086756896643303,,0.01086756896643303
quality_success_cashflow_next_4obs,validated_secondary_production,random_forest,isotonic_validation,num__accruals_assets,accruals_assets,accruals_assets,financial_quality_cashflow,cash_flow_quality,0.010818165268589757,,0.010818165268589757
quality_success_cashflow_next_4obs,validated_secondary_production,random_forest,isotonic_validation,num__cash_assets,cash_assets,cash_assets,financial_ratio,balance_sheet_leverage_liquidity,0.010177267082637161,,0.010177267082637161
quality_success_cashflow_next_4obs,validated_secondary_production,random_forest,isotonic_validation,num__current_liabilities,current_liabilities,current_liabilities,accounting_fundamental,balance_sheet_obligations,0.01001426727482867,,0.01001426727482867
quality_success_cashflow_next_4obs,validated_secondary_production,random_forest,isotonic_validation,num__current_assets,current_assets,current_assets,accounting_fundamental,asset_base_liquidity_and_investment,0.009753354404294255,,0.009753354404294255
quality_success_cashflow_next_4obs,validated_secondary_production,random_forest,isotonic_validation,num__total_revenue,total_revenue,total_revenue,accounting_fundamental,earnings_and_scale,0.008541375608490706,,0.008541375608490706
quality_success_cashflow_next_4obs,validated_secondary_production,random_forest,isotonic_validation,num__cash_assets_lag1,cash_assets_lag1,cash_assets_lag1,firm_trend,firm_momentum_or_deterioration,0.00809809541416934,,0.00809809541416934
quality_success_cashflow_next_4obs,validated_secondary_production,random_forest,isotonic_validation,num__cash_equivalents,cash_equivalents,cash_equivalents,accounting_fundamental,asset_base_liquidity_and_investment,0.0073863641341026616,,0.0073863641341026616
quality_success_cashflow_next_4obs,validated_secondary_production,random_forest,isotonic_validation,num__receivables_assets,receivables_assets,receivables_assets,financial_ratio,profitability_and_efficiency,0.0067361070567419435,,0.0067361070567419435
quality_success_cashflow_next_4obs,validated_secondary_production,random_forest,isotonic_validation,num__total_revenue_growth_4obs,total_revenue_growth_4obs,total_revenue_growth_4obs,firm_trend,firm_momentum_or_deterioration,0.006653999215403899,,0.006653999215403899
quality_success_cashflow_next_4obs,validated_secondary_production,random_forest,isotonic_validation,num__capex,capex,capex,accounting_fundamental,asset_base_liquidity_and_investment,0.006512875253291149,,0.006512875253291149
quality_success_cashflow_next_4obs,validated_secondary_production,random_forest,isotonic_validation,cat__Sector_Financial Services,Sector: Financial Services,Sector,industry_sector,sector_positioning,0.006194777607732478,,0.006194777607732478
quality_success_cashflow_next_4obs,validated_secondary_production,random_forest,isotonic_validation,num__inventory_assets,inventory_assets,inventory_assets,financial_ratio,profitability_and_efficiency,0.005863545908731348,,0.005863545908731348
quality_success_cashflow_next_4obs,validated_secondary_production,random_forest,isotonic_validation,num__capex_intensity_assets,capex_intensity_assets,capex_intensity_assets,financial_quality_cashflow,cash_flow_quality,0.005414129053165378,,0.005414129053165378
quality_success_cashflow_next_4obs,validated_secondary_production,random_forest,isotonic_validation,num__leverage_assets_change_4obs,leverage_assets_change_4obs,leverage_assets_change_4obs,firm_trend,firm_momentum_or_deterioration,0.005306285575496335,,0.005306285575496335
quality_success_cashflow_next_4obs,validated_secondary_production,random_forest,isotonic_validation,num__current_ratio_lag1,current_ratio_lag1,current_ratio_lag1,firm_trend,firm_momentum_or_deterioration,0.005269965690720821,,0.005269965690720821
quality_success_cashflow_next_4obs,validated_secondary_production,random_forest,isotonic_validation,num__working_capital_assets,working_capital_assets,working_capital_assets,financial_quality_cashflow,cash_flow_quality,0.004938403875648002,,0.004938403875648002
quality_success_cashflow_next_4obs,validated_secondary_production,random_forest,isotonic_validation,num__current_ratio,current_ratio,current_ratio,financial_ratio,balance_sheet_leverage_liquidity,0.004772793737915239,,0.004772793737915239
quality_success_cashflow_next_4obs,validated_secondary_production,random_forest,isotonic_validation,num__total_assets_growth_4obs,total_assets_growth_4obs,total_assets_growth_4obs,firm_trend,firm_momentum_or_deterioration,0.004728859712573259,,0.004728859712573259
quality_success_cashflow_next_4obs,validated_secondary_production,random_forest,isotonic_validation,num__long_term_debt,long_term_debt,long_term_debt,accounting_fundamental,balance_sheet_obligations,0.004607070018421671,,0.004607070018421671
quality_success_cashflow_next_4obs,validated_secondary_production,random_forest,isotonic_validation,num__cash_to_current_liabilities,cash_to_current_liabilities,cash_to_current_liabilities,financial_quality_cashflow,cash_flow_quality,0.004365919099174164,,0.004365919099174164
quality_success_cashflow_next_4obs,validated_secondary_production,random_forest,isotonic_validation,num__gross_margin,gross_margin,gross_margin,financial_ratio,profitability_and_efficiency,0.004242057584343988,,0.004242057584343988
quality_success_cashflow_next_4obs,validated_secondary_production,random_forest,isotonic_validation,num__roa_change_4obs,roa_change_4obs,roa_change_4obs,firm_trend,firm_momentum_or_deterioration,0.004114452858837406,,0.004114452858837406
quality_success_cashflow_next_4obs,validated_secondary_production,random_forest,isotonic_validation,num__capex_intensity_revenue,capex_intensity_revenue,capex_intensity_revenue,financial_quality_cashflow,cash_flow_quality,0.004100761729387089,,0.004100761729387089
quality_success_cashflow_next_4obs,validated_secondary_production,random_forest,isotonic_validation,num__cash_assets_change_4obs,cash_assets_change_4obs,cash_assets_change_4obs,firm_trend,firm_momentum_or_deterioration,0.003934086608688414,,0.003934086608688414
quality_success_cashflow_next_4obs,validated_secondary_production,random_forest,isotonic_validation,num__total_liabilities_growth_4obs,total_liabilities_growth_4obs,total_liabilities_growth_4obs,firm_trend,firm_momentum_or_deterioration,0.00381119136817795,,0.00381119136817795
quality_success_cashflow_next_4obs,validated_secondary_production,random_forest,isotonic_validation,num__gross_profit,gross_profit,gross_profit,accounting_fundamental,earnings_and_scale,0.0035194170262444575,,0.0035194170262444575
quality_success_cashflow_next_4obs,validated_secondary_production,random_forest,isotonic_validation,num__debt_to_cfo,debt_to_cfo,debt_to_cfo,financial_quality_cashflow,cash_flow_quality,0.0035081930886679503,,0.0035081930886679503
quality_success_cashflow_next_4obs,validated_secondary_production,random_forest,isotonic_validation,num__net_margin_change_4obs,net_margin_change_4obs,net_margin_change_4obs,firm_trend,firm_momentum_or_deterioration,0.0034835419087926086,,0.0034835419087926086
quality_success_cashflow_next_4obs,validated_secondary_production,random_forest,isotonic_validation,num__current_liabilities_growth_4obs,current_liabilities_growth_4obs,current_liabilities_growth_4obs,firm_trend,firm_momentum_or_deterioration,0.0034537618570029747,,0.0034537618570029747
quality_success_cashflow_next_4obs,validated_secondary_production,random_forest,isotonic_validation,num__gross_margin_lag1,gross_margin_lag1,gross_margin_lag1,firm_trend,firm_momentum_or_deterioration,0.0034317821715158124,,0.0034317821715158124
quality_success_cashflow_next_4obs,validated_secondary_production,random_forest,isotonic_validation,num__short_term_debt,short_term_debt,short_term_debt,accounting_fundamental,balance_sheet_obligations,0.0031133083964319827,,0.0031133083964319827
quality_success_cashflow_next_4obs,validated_secondary_production,random_forest,isotonic_validation,num__DCOILWTICO_yoy_pct,DCOILWTICO_yoy_pct,DCOILWTICO_yoy_pct,macro_conditions,macro_price_policy_conditions,0.003101811583840255,,0.003101811583840255
quality_success_cashflow_next_4obs,validated_secondary_production,random_forest,isotonic_validation,num__current_assets_growth_4obs,current_assets_growth_4obs,current_assets_growth_4obs,firm_trend,firm_momentum_or_deterioration,0.003099529172521459,,0.003099529172521459
quality_success_cashflow_next_4obs,validated_secondary_production,random_forest,isotonic_validation,num__DTWEXBGS,DTWEXBGS,DTWEXBGS,macro_conditions,macro_price_policy_conditions,0.0030710714078814112,,0.0030710714078814112
quality_success_cashflow_next_4obs,validated_secondary_production,random_forest,isotonic_validation,cat__Sector_Real Estate,Sector: Real Estate,Sector,industry_sector,sector_positioning,0.003017394376826279,,0.003017394376826279
quality_success_cashflow_next_4obs,validated_secondary_production,random_forest,isotonic_validation,num__DTWEXBGS_yoy_pct,DTWEXBGS_yoy_pct,DTWEXBGS_yoy_pct,macro_conditions,macro_price_policy_conditions,0.003000999244604209,,0.003000999244604209
quality_success_cashflow_next_4obs,validated_secondary_production,random_forest,isotonic_validation,num__cash_equivalents_growth_4obs,cash_equivalents_growth_4obs,cash_equivalents_growth_4obs,firm_trend,firm_momentum_or_deterioration,0.002991261437114255,,0.002991261437114255
quality_success_cashflow_next_4obs,validated_secondary_production,random_forest,isotonic_validation,num__VIXCLS,VIXCLS,VIXCLS,macro_conditions,macro_price_policy_conditions,0.002953193791974623,,0.002953193791974623
quality_success_cashflow_next_4obs,validated_secondary_production,random_forest,isotonic_validation,num__missingindicator_net_margin,Missing value: net_margin,net_margin,missingness_indicator,data_availability_signal,0.002937931633937811,,0.002937931633937811
quality_success_cashflow_next_4obs,validated_secondary_production,random_forest,isotonic_validation,num__DCOILWTICO,DCOILWTICO,DCOILWTICO,macro_conditions,macro_price_policy_conditions,0.0029289329930388,,0.0029289329930388
quality_success_cashflow_next_4obs,validated_secondary_production,random_forest,isotonic_validation,num__BAMLH0A0HYM2,BAMLH0A0HYM2,BAMLH0A0HYM2,macro_conditions,credit_and_financial_conditions,0.0028743468870217883,,0.0028743468870217883
quality_success_cashflow_next_4obs,validated_secondary_production,random_forest,isotonic_validation,num__HOUST,HOUST,HOUST,macro_conditions,real_activity_conditions,0.002761693847698221,,0.002761693847698221
quality_success_cashflow_next_4obs,validated_secondary_production,random_forest,isotonic_validation,num__current_ratio_change_4obs,current_ratio_change_4obs,current_ratio_change_4obs,firm_trend,firm_momentum_or_deterioration,0.0027499773648133655,,0.0027499773648133655
quality_success_cashflow_next_4obs,validated_secondary_production,random_forest,isotonic_validation,num__USEPUINDXD,USEPUINDXD,USEPUINDXD,macro_conditions,macro_price_policy_conditions,0.0027157467541197335,,0.0027157467541197335
quality_success_cashflow_next_4obs,validated_secondary_production,random_forest,isotonic_validation,num__operating_margin_change_4obs,operating_margin_change_4obs,operating_margin_change_4obs,firm_trend,firm_momentum_or_deterioration,0.0027100961332989916,,0.0027100961332989916
quality_success_cashflow_next_4obs,validated_secondary_production,random_forest,isotonic_validation,num__PAYEMS_yoy_pct,PAYEMS_yoy_pct,PAYEMS_yoy_pct,macro_conditions,real_activity_conditions,0.0026915399144584844,,0.0026915399144584844
quality_success_cashflow_next_4obs,validated_secondary_production,random_forest,isotonic_validation,num__T10Y3M,T10Y3M,T10Y3M,macro_conditions,credit_and_financial_conditions,0.002679469555703561,,0.002679469555703561
quality_success_cashflow_next_4obs,validated_secondary_production,random_forest,isotonic_validation,num__NFCI,NFCI,NFCI,macro_conditions,credit_and_financial_conditions,0.0026401471245919364,,0.0026401471245919364
quality_success_cashflow_next_4obs,validated_secondary_production,random_forest,isotonic_validation,num__r_and_d_intensity,r_and_d_intensity,r_and_d_intensity,financial_ratio,profitability_and_efficiency,0.002601354308893661,,0.002601354308893661
quality_success_cashflow_next_4obs,validated_secondary_production,random_forest,isotonic_validation,num__CPIAUCSL_yoy_pct,CPIAUCSL_yoy_pct,CPIAUCSL_yoy_pct,macro_conditions,macro_price_policy_conditions,0.0025286749165167304,,0.0025286749165167304
quality_success_cashflow_next_4obs,validated_secondary_production,random_forest,isotonic_validation,num__BUSLOANS_yoy_pct,BUSLOANS_yoy_pct,BUSLOANS_yoy_pct,macro_conditions,credit_and_financial_conditions,0.0024491942719410743,,0.0024491942719410743
quality_success_cashflow_next_4obs,validated_secondary_production,random_forest,isotonic_validation,num__PPIACO_yoy_pct,PPIACO_yoy_pct,PPIACO_yoy_pct,macro_conditions,macro_price_policy_conditions,0.0024370683469333914,,0.0024370683469333914
quality_success_cashflow_next_4obs,validated_secondary_production,random_forest,isotonic_validation,num__T10Y2Y,T10Y2Y,T10Y2Y,macro_conditions,credit_and_financial_conditions,0.0024085293154949192,,0.0024085293154949192
quality_success_cashflow_next_4obs,validated_secondary_production,random_forest,isotonic_validation,num__BUSLOANS,BUSLOANS,BUSLOANS,macro_conditions,credit_and_financial_conditions,0.002383080873997285,,0.002383080873997285
quality_success_cashflow_next_4obs,validated_secondary_production,random_forest,isotonic_validation,num__M2SL,M2SL,M2SL,macro_conditions,macro_price_policy_conditions,0.0022930394660114926,,0.0022930394660114926
quality_success_cashflow_next_4obs,validated_secondary_production,random_forest,isotonic_validation,num__RSAFS,RSAFS,RSAFS,macro_conditions,real_activity_conditions,0.0022904774470398005,,0.0022904774470398005
quality_success_cashflow_next_4obs,validated_secondary_production,random_forest,isotonic_validation,num__PAYEMS,PAYEMS,PAYEMS,macro_conditions,real_activity_conditions,0.0022843811559878553,,0.0022843811559878553
quality_success_cashflow_next_4obs,validated_secondary_production,random_forest,isotonic_validation,num__missingindicator_cash_to_current_liabilities,Missing value: cash_to_current_liabilities,cash_to_current_liabilities,missingness_indicator,data_availability_signal,0.002280477423333822,,0.002280477423333822
quality_success_cashflow_next_4obs,validated_secondary_production,random_forest,isotonic_validation,num__RSAFS_yoy_pct,RSAFS_yoy_pct,RSAFS_yoy_pct,macro_conditions,real_activity_conditions,0.002239041754692299,,0.002239041754692299
quality_success_cashflow_next_4obs,validated_secondary_production,random_forest,isotonic_validation,num__GS10,GS10,GS10,macro_conditions,macro_price_policy_conditions,0.0022320751583785625,,0.0022320751583785625
quality_success_cashflow_next_4obs,validated_secondary_production,random_forest,isotonic_validation,num__missingindicator_working_capital_assets,Missing value: working_capital_assets,working_capital_assets,missingness_indicator,data_availability_signal,0.0021906667753918674,,0.0021906667753918674
quality_success_cashflow_next_4obs,validated_secondary_production,random_forest,isotonic_validation,num__INDPRO,INDPRO,INDPRO,macro_conditions,real_activity_conditions,0.002182248484951214,,0.002182248484951214
quality_success_cashflow_next_4obs,validated_secondary_production,random_forest,isotonic_validation,num__M2SL_yoy_pct,M2SL_yoy_pct,M2SL_yoy_pct,macro_conditions,macro_price_policy_conditions,0.002170555375926219,,0.002170555375926219
quality_success_cashflow_next_4obs,validated_secondary_production,random_forest,isotonic_validation,num__HOUST_yoy_pct,HOUST_yoy_pct,HOUST_yoy_pct,macro_conditions,real_activity_conditions,0.002152653664997929,,0.002152653664997929
quality_success_cashflow_next_4obs,validated_secondary_production,random_forest,isotonic_validation,num__INDPRO_yoy_pct,INDPRO_yoy_pct,INDPRO_yoy_pct,macro_conditions,real_activity_conditions,0.0020910451236265224,,0.0020910451236265224
quality_success_cashflow_next_4obs,validated_secondary_production,random_forest,isotonic_validation,num__CPIAUCSL,CPIAUCSL,CPIAUCSL,macro_conditions,macro_price_policy_conditions,0.0020811339803210823,,0.0020811339803210823
quality_success_cashflow_next_4obs,validated_secondary_production,random_forest,isotonic_validation,num__PPIACO,PPIACO,PPIACO,macro_conditions,macro_price_policy_conditions,0.002009997914907989,,0.002009997914907989
quality_success_cashflow_next_4obs,validated_secondary_production,random_forest,isotonic_validation,num__missingindicator_current_ratio,Missing value: current_ratio,current_ratio,missingness_indicator,data_availability_signal,0.0020018116701098947,,0.0020018116701098947
quality_success_cashflow_next_4obs,validated_secondary_production,random_forest,isotonic_validation,num__UNRATE,UNRATE,UNRATE,macro_conditions,real_activity_conditions,0.001987545840861613,,0.001987545840861613
quality_success_cashflow_next_4obs,validated_secondary_production,random_forest,isotonic_validation,num__missingindicator_total_revenue,Missing value: total_revenue,total_revenue,missingness_indicator,data_availability_signal,0.0018975794776755375,,0.0018975794776755375
quality_success_cashflow_next_4obs,validated_secondary_production,random_forest,isotonic_validation,num__missingindicator_current_liabilities,Missing value: current_liabilities,current_liabilities,missingness_indicator,data_availability_signal,0.0017987295525490157,,0.0017987295525490157
quality_success_cashflow_next_4obs,validated_secondary_production,random_forest,isotonic_validation,num__DRTSCILM,DRTSCILM,DRTSCILM,macro_conditions,credit_and_financial_conditions,0.0017826561117008086,,0.0017826561117008086
quality_success_cashflow_next_4obs,validated_secondary_production,random_forest,isotonic_validation,num__FEDFUNDS,FEDFUNDS,FEDFUNDS,macro_conditions,macro_price_policy_conditions,0.0017548881947401567,,0.0017548881947401567
quality_success_cashflow_next_4obs,validated_secondary_production,random_forest,isotonic_validation,num__missingindicator_operating_margin,Missing value: operating_margin,operating_margin,missingness_indicator,data_availability_signal,0.0017539328280947143,,0.0017539328280947143
quality_success_cashflow_next_4obs,validated_secondary_production,random_forest,isotonic_validation,num__missingindicator_receivables_assets,Missing value: receivables_assets,receivables_assets,missingness_indicator,data_availability_signal,0.0017336592441531999,,0.0017336592441531999
quality_success_cashflow_next_4obs,validated_secondary_production,random_forest,isotonic_validation,num__GDPC1,GDPC1,GDPC1,macro_conditions,real_activity_conditions,0.0016248886928674014,,0.0016248886928674014
quality_success_cashflow_next_4obs,validated_secondary_production,random_forest,isotonic_validation,num__missingindicator_cfo_margin,Missing value: cfo_margin,cfo_margin,missingness_indicator,data_availability_signal,0.0016236269566020374,,0.0016236269566020374
quality_success_cashflow_next_4obs,validated_secondary_production,random_forest,isotonic_validation,num__missingindicator_operating_income,Missing value: operating_income,operating_income,missingness_indicator,data_availability_signal,0.001468967747676407,,0.001468967747676407
quality_success_cashflow_next_4obs,validated_secondary_production,random_forest,isotonic_validation,num__missingindicator_operating_margin_lag1,Missing value: operating_margin_lag1,operating_margin_lag1,missingness_indicator,data_availability_signal,0.001417381181059657,,0.001417381181059657
quality_success_cashflow_next_4obs,validated_secondary_production,random_forest,isotonic_validation,num__missingindicator_debt_to_cfo,Missing value: debt_to_cfo,debt_to_cfo,missingness_indicator,data_availability_signal,0.0013579277858228886,,0.0013579277858228886
quality_success_cashflow_next_4obs,validated_secondary_production,random_forest,isotonic_validation,num__missingindicator_inventory_assets,Missing value: inventory_assets,inventory_assets,missingness_indicator,data_availability_signal,0.0013544820108046252,,0.0013544820108046252
quality_success_cashflow_next_4obs,validated_secondary_production,random_forest,isotonic_validation,num__missingindicator_capex_intensity_revenue,Missing value: capex_intensity_revenue,capex_intensity_revenue,missingness_indicator,data_availability_signal,0.001345941049492182,,0.001345941049492182
quality_success_cashflow_next_4obs,validated_secondary_production,random_forest,isotonic_validation,num__missingindicator_net_margin_lag1,Missing value: net_margin_lag1,net_margin_lag1,missingness_indicator,data_availability_signal,0.0013292339973431213,,0.0013292339973431213
quality_success_cashflow_next_4obs,validated_secondary_production,random_forest,isotonic_validation,num__missingindicator_current_assets,Missing value: current_assets,current_assets,missingness_indicator,data_availability_signal,0.0012334484836462386,,0.0012334484836462386
quality_success_cashflow_next_4obs,validated_secondary_production,random_forest,isotonic_validation,num__gross_margin_change_4obs,gross_margin_change_4obs,gross_margin_change_4obs,firm_trend,firm_momentum_or_deterioration,0.001149488110029735,,0.001149488110029735
quality_success_cashflow_next_4obs,validated_secondary_production,random_forest,isotonic_validation,num__missingindicator_operating_margin_change_4obs,Missing value: operating_margin_change_4obs,operating_margin_change_4obs,missingness_indicator,data_availability_signal,0.0011379360434711177,,0.0011379360434711177
quality_success_cashflow_next_4obs,validated_secondary_production,random_forest,isotonic_validation,num__policy_uncertainty_score,policy_uncertainty_score,policy_uncertainty_score,market_health_v2,market_stress_regime,0.001115322611042927,,0.001115322611042927
quality_success_cashflow_next_4obs,validated_secondary_production,random_forest,isotonic_validation,cat__Sector_Industrials,Sector: Industrials,Sector,industry_sector,sector_positioning,0.0011007819376294985,,0.0011007819376294985
quality_success_cashflow_next_4obs,validated_secondary_production,random_forest,isotonic_validation,cat__Sector_Consumer Cyclical,Sector: Consumer Cyclical,Sector,industry_sector,sector_positioning,0.0010245483263485857,,0.0010245483263485857
quality_success_cashflow_next_4obs,validated_secondary_production,random_forest,isotonic_validation,num__missingindicator_short_term_debt,Missing value: short_term_debt,short_term_debt,missingness_indicator,data_availability_signal,0.0009176051416872984,,0.0009176051416872984
quality_success_cashflow_next_4obs,validated_secondary_production,random_forest,isotonic_validation,num__missingindicator_current_ratio_lag1,Missing value: current_ratio_lag1,current_ratio_lag1,missingness_indicator,data_availability_signal,0.0008411681000031642,,0.0008411681000031642
quality_success_cashflow_next_4obs,validated_secondary_production,random_forest,isotonic_validation,num__missingindicator_net_margin_change_4obs,Missing value: net_margin_change_4obs,net_margin_change_4obs,missingness_indicator,data_availability_signal,0.0008203576338110688,,0.0008203576338110688
quality_success_cashflow_next_4obs,validated_secondary_production,random_forest,isotonic_validation,num__global_event_severity_sum,global_event_severity_sum,global_event_severity_sum,global_event_context,global_event_exposure,0.0008094878764270703,,0.0008094878764270703
quality_success_cashflow_next_4obs,validated_secondary_production,random_forest,isotonic_validation,num__market_stress_score_v2,market_stress_score_v2,market_stress_score_v2,market_health_v2,market_stress_regime,0.0007049525883326382,,0.0007049525883326382
quality_success_cashflow_next_4obs,validated_secondary_production,random_forest,isotonic_validation,num__market_health_score_v2,market_health_score_v2,market_health_score_v2,market_health_v2,market_stress_regime,0.000701326952171583,,0.000701326952171583
quality_success_cashflow_next_4obs,validated_secondary_production,random_forest,isotonic_validation,num__prediction_quarter,prediction_quarter,prediction_quarter,accounting_fundamental,accounting_fundamentals,0.0006908438353383024,,0.0006908438353383024
quality_success_cashflow_next_4obs,validated_secondary_production,random_forest,isotonic_validation,num__missingindicator_gross_margin_lag1,Missing value: gross_margin_lag1,gross_margin_lag1,missingness_indicator,data_availability_signal,0.0006797109417214794,,0.0006797109417214794
quality_success_cashflow_next_4obs,validated_secondary_production,random_forest,isotonic_validation,num__missingindicator_long_term_debt,Missing value: long_term_debt,long_term_debt,missingness_indicator,data_availability_signal,0.0006765119018499326,,0.0006765119018499326
quality_success_cashflow_next_4obs,validated_secondary_production,random_forest,isotonic_validation,num__missingindicator_r_and_d_intensity,Missing value: r_and_d_intensity,r_and_d_intensity,missingness_indicator,data_availability_signal,0.0006404025166449352,,0.0006404025166449352
quality_success_cashflow_next_4obs,validated_secondary_production,random_forest,isotonic_validation,num__global_event_count,global_event_count,global_event_count,global_event_context,global_event_exposure,0.0006319600524838541,,0.0006319600524838541
quality_success_cashflow_next_4obs,validated_secondary_production,random_forest,isotonic_validation,num__missingindicator_capex_intensity_assets,Missing value: capex_intensity_assets,capex_intensity_assets,missingness_indicator,data_availability_signal,0.000628296993625554,,0.000628296993625554
quality_success_cashflow_next_4obs,validated_secondary_production,random_forest,isotonic_validation,num__missingindicator_capex,Missing value: capex,capex,missingness_indicator,data_availability_signal,0.0005759148568355192,,0.0005759148568355192
quality_success_cashflow_next_4obs,validated_secondary_production,random_forest,isotonic_validation,num__missingindicator_gross_margin,Missing value: gross_margin,gross_margin,missingness_indicator,data_availability_signal,0.0005385906944226462,,0.0005385906944226462
quality_success_cashflow_next_4obs,validated_secondary_production,random_forest,isotonic_validation,num__missingindicator_current_ratio_change_4obs,Missing value: current_ratio_change_4obs,current_ratio_change_4obs,missingness_indicator,data_availability_signal,0.0005337581429322867,,0.0005337581429322867
quality_success_cashflow_next_4obs,validated_secondary_production,random_forest,isotonic_validation,num__missingindicator_current_liabilities_growth_4obs,Missing value: current_liabilities_growth_4obs,current_liabilities_growth_4obs,missingness_indicator,data_availability_signal,0.0005301944896166939,,0.0005301944896166939
quality_success_cashflow_next_4obs,validated_secondary_production,random_forest,isotonic_validation,cat__Sector_Communication Services,Sector: Communication Services,Sector,industry_sector,sector_positioning,0.0005221816487489499,,0.0005221816487489499
quality_success_cashflow_next_4obs,validated_secondary_production,random_forest,isotonic_validation,cat__Sector_Technology,Sector: Technology,Sector,industry_sector,sector_positioning,0.0005132840758710456,,0.0005132840758710456
quality_success_cashflow_next_4obs,validated_secondary_production,random_forest,isotonic_validation,num__credit_stress_score,credit_stress_score,credit_stress_score,market_health_v2,market_stress_regime,0.0004992918881523749,,0.0004992918881523749
quality_success_cashflow_next_4obs,validated_secondary_production,random_forest,isotonic_validation,num__missingindicator_gross_profit,Missing value: gross_profit,gross_profit,missingness_indicator,data_availability_signal,0.0004905300077725299,,0.0004905300077725299
quality_success_cashflow_next_4obs,validated_secondary_production,random_forest,isotonic_validation,num__missingindicator_gross_margin_change_4obs,Missing value: gross_margin_change_4obs,gross_margin_change_4obs,missingness_indicator,data_availability_signal,0.00044316786157502596,,0.00044316786157502596
quality_success_cashflow_next_4obs,validated_secondary_production,random_forest,isotonic_validation,num__real_activity_pressure_score,real_activity_pressure_score,real_activity_pressure_score,market_health_v2,market_stress_regime,0.00042426215581221427,,0.00042426215581221427
quality_success_cashflow_next_4obs,validated_secondary_production,random_forest,isotonic_validation,num__missingindicator_current_assets_growth_4obs,Missing value: current_assets_growth_4obs,current_assets_growth_4obs,missingness_indicator,data_availability_signal,0.0004158781769812159,,0.0004158781769812159
quality_success_cashflow_next_4obs,validated_secondary_production,random_forest,isotonic_validation,num__missingindicator_total_revenue_growth_4obs,Missing value: total_revenue_growth_4obs,total_revenue_growth_4obs,missingness_indicator,data_availability_signal,0.0004119298626870394,,0.0004119298626870394
quality_success_cashflow_next_4obs,validated_secondary_production,random_forest,isotonic_validation,num__missingindicator_cash_flow_operating,Missing value: cash_flow_operating,cash_flow_operating,missingness_indicator,data_availability_signal,0.0003924351117612681,,0.0003924351117612681
quality_success_cashflow_next_4obs,validated_secondary_production,random_forest,isotonic_validation,num__missingindicator_cash_equivalents,Missing value: cash_equivalents,cash_equivalents,missingness_indicator,data_availability_signal,0.0003834543247376846,,0.0003834543247376846
quality_success_cashflow_next_4obs,validated_secondary_production,random_forest,isotonic_validation,num__missingindicator_cash_assets_change_4obs,Missing value: cash_assets_change_4obs,cash_assets_change_4obs,missingness_indicator,data_availability_signal,0.00036466149374854266,,0.00036466149374854266
quality_success_cashflow_next_4obs,validated_secondary_production,random_forest,isotonic_validation,num__missingindicator_leverage_assets_lag1,Missing value: leverage_assets_lag1,leverage_assets_lag1,missingness_indicator,data_availability_signal,0.0003319777551134117,,0.0003319777551134117
quality_success_cashflow_next_4obs,validated_secondary_production,random_forest,isotonic_validation,num__missingindicator_accruals_assets,Missing value: accruals_assets,accruals_assets,missingness_indicator,data_availability_signal,0.00031582212694500355,,0.00031582212694500355
quality_success_cashflow_next_4obs,validated_secondary_production,random_forest,isotonic_validation,num__missingindicator_cfo_assets,Missing value: cfo_assets,cfo_assets,missingness_indicator,data_availability_signal,0.00030915174186337886,,0.00030915174186337886
quality_success_cashflow_next_4obs,validated_secondary_production,random_forest,isotonic_validation,num__global_event_commodity_oil_severity,global_event_commodity_oil_severity,global_event_commodity_oil_severity,global_event_context,global_event_exposure,0.0003056942416861513,,0.0003056942416861513
quality_success_cashflow_next_4obs,validated_secondary_production,random_forest,isotonic_validation,num__missingindicator_leverage_assets_change_4obs,Missing value: leverage_assets_change_4obs,leverage_assets_change_4obs,missingness_indicator,data_availability_signal,0.00030183494023699575,,0.00030183494023699575
quality_success_cashflow_next_4obs,validated_secondary_production,random_forest,isotonic_validation,num__credit_spread_stress_regime,credit_spread_stress_regime,credit_spread_stress_regime,accounting_fundamental,accounting_fundamentals,0.00030023428486969345,,0.00030023428486969345
quality_success_cashflow_next_4obs,validated_secondary_production,random_forest,isotonic_validation,num__missingindicator_leverage_assets,Missing value: leverage_assets,leverage_assets,missingness_indicator,data_availability_signal,0.00029490288915150404,,0.00029490288915150404
quality_success_cashflow_next_4obs,validated_secondary_production,random_forest,isotonic_validation,num__global_event_commodity_oil_count,global_event_commodity_oil_count,global_event_commodity_oil_count,global_event_context,global_event_exposure,0.0002686367735583313,,0.0002686367735583313
quality_success_cashflow_next_4obs,validated_secondary_production,random_forest,isotonic_validation,cat__Sector_Basic Materials,Sector: Basic Materials,Sector,industry_sector,sector_positioning,0.0002685248762229082,,0.0002685248762229082
quality_success_cashflow_next_4obs,validated_secondary_production,random_forest,isotonic_validation,num__missingindicator_cash_equivalents_growth_4obs,Missing value: cash_equivalents_growth_4obs,cash_equivalents_growth_4obs,missingness_indicator,data_availability_signal,0.00025738877684555175,,0.00025738877684555175
quality_success_cashflow_next_4obs,validated_secondary_production,random_forest,isotonic_validation,cat__Sector_Energy,Sector: Energy,Sector,industry_sector,sector_positioning,0.00024877815649799665,,0.00024877815649799665
quality_success_cashflow_next_4obs,validated_secondary_production,random_forest,isotonic_validation,num__missingindicator_total_liabilities,Missing value: total_liabilities,total_liabilities,missingness_indicator,data_availability_signal,0.0002453764510937097,,0.0002453764510937097
quality_success_cashflow_next_4obs,validated_secondary_production,random_forest,isotonic_validation,cat__Sector_Consumer Defensive,Sector: Consumer Defensive,Sector,industry_sector,sector_positioning,0.00024428083970368396,,0.00024428083970368396
quality_success_cashflow_next_4obs,validated_secondary_production,random_forest,isotonic_validation,cat__Sector_Healthcare,Sector: Healthcare,Sector,industry_sector,sector_positioning,0.00023135955822222094,,0.00023135955822222094
quality_success_cashflow_next_4obs,validated_secondary_production,random_forest,isotonic_validation,num__global_event_sovereign_debt_count,global_event_sovereign_debt_count,global_event_sovereign_debt_count,global_event_context,global_event_exposure,0.00022754204403702377,,0.00022754204403702377
quality_success_cashflow_next_4obs,validated_secondary_production,random_forest,isotonic_validation,num__strong_dollar_regime,strong_dollar_regime,strong_dollar_regime,accounting_fundamental,accounting_fundamentals,0.00022644589949305294,,0.00022644589949305294
quality_success_cashflow_next_4obs,validated_secondary_production,random_forest,isotonic_validation,num__missingindicator_total_equity,Missing value: total_equity,total_equity,missingness_indicator,data_availability_signal,0.00020616330678312704,,0.00020616330678312704
quality_success_cashflow_next_4obs,validated_secondary_production,random_forest,isotonic_validation,num__missingindicator_total_liabilities_growth_4obs,Missing value: total_liabilities_growth_4obs,total_liabilities_growth_4obs,missingness_indicator,data_availability_signal,0.00020269085948985304,,0.00020269085948985304
quality_success_cashflow_next_4obs,validated_secondary_production,random_forest,isotonic_validation,num__global_event_sovereign_debt_severity,global_event_sovereign_debt_severity,global_event_sovereign_debt_severity,global_event_context,global_event_exposure,0.00019649361643531388,,0.00019649361643531388
quality_success_cashflow_next_4obs,validated_secondary_production,random_forest,isotonic_validation,num__missingindicator_total_assets_growth_4obs,Missing value: total_assets_growth_4obs,total_assets_growth_4obs,missingness_indicator,data_availability_signal,0.00019212682016854412,,0.00019212682016854412
quality_success_cashflow_next_4obs,validated_secondary_production,random_forest,isotonic_validation,num__missingindicator_equity_assets,Missing value: equity_assets,equity_assets,missingness_indicator,data_availability_signal,0.00019057947054380611,,0.00019057947054380611
quality_success_cashflow_next_4obs,validated_secondary_production,random_forest,isotonic_validation,num__missingindicator_cash_assets,Missing value: cash_assets,cash_assets,missingness_indicator,data_availability_signal,0.00017310863755479997,,0.00017310863755479997
quality_success_cashflow_next_4obs,validated_secondary_production,random_forest,isotonic_validation,num__oil_shock_regime,oil_shock_regime,oil_shock_regime,accounting_fundamental,accounting_fundamentals,0.00016822697971103138,,0.00016822697971103138
quality_success_cashflow_next_4obs,validated_secondary_production,random_forest,isotonic_validation,num__credit_tightening_regime,credit_tightening_regime,credit_tightening_regime,accounting_fundamental,accounting_fundamentals,0.0001598572226056463,,0.0001598572226056463
quality_success_cashflow_next_4obs,validated_secondary_production,random_forest,isotonic_validation,cat__Sector_Utilities,Sector: Utilities,Sector,industry_sector,sector_positioning,0.0001456529317104461,,0.0001456529317104461
quality_success_cashflow_next_4obs,validated_secondary_production,random_forest,isotonic_validation,num__missingindicator_cash_assets_lag1,Missing value: cash_assets_lag1,cash_assets_lag1,missingness_indicator,data_availability_signal,0.0001403670761952163,,0.0001403670761952163
quality_success_cashflow_next_4obs,validated_secondary_production,random_forest,isotonic_validation,num__global_event_financial_market_severity,global_event_financial_market_severity,global_event_financial_market_severity,global_event_context,global_event_exposure,0.00012412311582837385,,0.00012412311582837385
quality_success_cashflow_next_4obs,validated_secondary_production,random_forest,isotonic_validation,num__global_event_natural_disaster_count,global_event_natural_disaster_count,global_event_natural_disaster_count,global_event_context,global_event_exposure,0.00011217551912228855,,0.00011217551912228855
quality_success_cashflow_next_4obs,validated_secondary_production,random_forest,isotonic_validation,num__missingindicator_roa_lag1,Missing value: roa_lag1,roa_lag1,missingness_indicator,data_availability_signal,0.0001060785516590215,,0.0001060785516590215
quality_success_cashflow_next_4obs,validated_secondary_production,random_forest,isotonic_validation,num__missingindicator_roa_change_4obs,Missing value: roa_change_4obs,roa_change_4obs,missingness_indicator,data_availability_signal,0.00010398609608885323,,0.00010398609608885323
quality_success_cashflow_next_4obs,validated_secondary_production,random_forest,isotonic_validation,num__market_stress_regime,market_stress_regime,market_stress_regime,accounting_fundamental,accounting_fundamentals,0.00010087966204794054,,0.00010087966204794054
quality_success_cashflow_next_4obs,validated_secondary_production,random_forest,isotonic_validation,num__missingindicator_roa,Missing value: roa,roa,missingness_indicator,data_availability_signal,9.363240323074007e-05,,9.363240323074007e-05
quality_success_cashflow_next_4obs,validated_secondary_production,random_forest,isotonic_validation,num__stress_elevated_v2,stress_elevated_v2,stress_elevated_v2,market_health_v2,market_stress_regime,8.541845402821145e-05,,8.541845402821145e-05
quality_success_cashflow_next_4obs,validated_secondary_production,random_forest,isotonic_validation,num__global_event_natural_disaster_severity,global_event_natural_disaster_severity,global_event_natural_disaster_severity,global_event_context,global_event_exposure,6.768703187230184e-05,,6.768703187230184e-05
quality_success_cashflow_next_4obs,validated_secondary_production,random_forest,isotonic_validation,num__global_event_trade_policy_severity,global_event_trade_policy_severity,global_event_trade_policy_severity,global_event_context,global_event_exposure,6.614541533637776e-05,,6.614541533637776e-05
quality_success_cashflow_next_4obs,validated_secondary_production,random_forest,isotonic_validation,num__global_event_financial_market_count,global_event_financial_market_count,global_event_financial_market_count,global_event_context,global_event_exposure,5.1448991311242646e-05,,5.1448991311242646e-05
quality_success_cashflow_next_4obs,validated_secondary_production,random_forest,isotonic_validation,num__tight_financial_conditions,tight_financial_conditions,tight_financial_conditions,accounting_fundamental,accounting_fundamentals,4.269376554823976e-05,,4.269376554823976e-05
quality_success_cashflow_next_4obs,validated_secondary_production,random_forest,isotonic_validation,num__global_event_political_policy_count,global_event_political_policy_count,global_event_political_policy_count,global_event_context,global_event_exposure,3.921390190190525e-05,,3.921390190190525e-05
quality_success_cashflow_next_4obs,validated_secondary_production,random_forest,isotonic_validation,num__missingindicator_net_income,Missing value: net_income,net_income,missingness_indicator,data_availability_signal,3.9139800141040236e-05,,3.9139800141040236e-05
quality_success_cashflow_next_4obs,validated_secondary_production,random_forest,isotonic_validation,num__missingindicator_DTWEXBGS_yoy_pct,Missing value: DTWEXBGS_yoy_pct,DTWEXBGS_yoy_pct,missingness_indicator,data_availability_signal,3.862043156373892e-05,,3.862043156373892e-05
quality_success_cashflow_next_4obs,validated_secondary_production,random_forest,isotonic_validation,num__global_event_trade_policy_count,global_event_trade_policy_count,global_event_trade_policy_count,global_event_context,global_event_exposure,3.805613118840253e-05,,3.805613118840253e-05
quality_success_cashflow_next_4obs,validated_secondary_production,random_forest,isotonic_validation,num__global_event_political_policy_severity,global_event_political_policy_severity,global_event_political_policy_severity,global_event_context,global_event_exposure,3.494550794029038e-05,,3.494550794029038e-05
quality_success_cashflow_next_4obs,validated_secondary_production,random_forest,isotonic_validation,num__demand_slowdown_regime,demand_slowdown_regime,demand_slowdown_regime,accounting_fundamental,accounting_fundamentals,3.375155999240471e-05,,3.375155999240471e-05
quality_success_cashflow_next_4obs,validated_secondary_production,random_forest,isotonic_validation,num__global_event_financial_crisis_severity,global_event_financial_crisis_severity,global_event_financial_crisis_severity,global_event_context,global_event_exposure,1.7300502894927213e-05,,1.7300502894927213e-05
quality_success_cashflow_next_4obs,validated_secondary_production,random_forest,isotonic_validation,num__crisis_regime,crisis_regime,crisis_regime,accounting_fundamental,accounting_fundamentals,1.3440219339140538e-05,,1.3440219339140538e-05
quality_success_cashflow_next_4obs,validated_secondary_production,random_forest,isotonic_validation,num__global_event_financial_crisis_count,global_event_financial_crisis_count,global_event_financial_crisis_count,global_event_context,global_event_exposure,1.1932247288393501e-05,,1.1932247288393501e-05
quality_success_cashflow_next_4obs,validated_secondary_production,random_forest,isotonic_validation,num__missingindicator_total_assets,Missing value: total_assets,total_assets,missingness_indicator,data_availability_signal,7.609819893210487e-06,,7.609819893210487e-06
quality_success_cashflow_next_4obs,validated_secondary_production,random_forest,isotonic_validation,num__missingindicator_DTWEXBGS,Missing value: DTWEXBGS,DTWEXBGS,missingness_indicator,data_availability_signal,5.9390380249835205e-06,,5.9390380249835205e-06
quality_success_cashflow_next_4obs,validated_secondary_production,random_forest,isotonic_validation,num__missingindicator_DCOILWTICO_yoy_pct,Missing value: DCOILWTICO_yoy_pct,DCOILWTICO_yoy_pct,missingness_indicator,data_availability_signal,3.719073923394607e-06,,3.719073923394607e-06
quality_success_cashflow_next_4obs,validated_secondary_production,random_forest,isotonic_validation,num__missingindicator_BAMLH0A0HYM2,Missing value: BAMLH0A0HYM2,BAMLH0A0HYM2,missingness_indicator,data_availability_signal,0.0,,0.0
quality_success_cashflow_next_4obs,validated_secondary_production,random_forest,isotonic_validation,num__high_rate_regime,high_rate_regime,high_rate_regime,accounting_fundamental,accounting_fundamentals,0.0,,0.0
quality_success_cashflow_next_4obs,validated_secondary_production,random_forest,isotonic_validation,num__yield_curve_inversion_regime,yield_curve_inversion_regime,yield_curve_inversion_regime,accounting_fundamental,accounting_fundamentals,0.0,,0.0
quality_success_cashflow_next_4obs,validated_secondary_production,random_forest,isotonic_validation,num__inflation_pressure_regime,inflation_pressure_regime,inflation_pressure_regime,accounting_fundamental,accounting_fundamentals,0.0,,0.0
quality_success_cashflow_next_4obs,validated_secondary_production,random_forest,isotonic_validation,cat__Sector_Consumer Discretionary,Sector: Consumer Discretionary,Sector,industry_sector,sector_positioning,0.0,,0.0
quality_success_cashflow_next_4obs,validated_secondary_production,random_forest,isotonic_validation,num__global_event_banking_stress_count,global_event_banking_stress_count,global_event_banking_stress_count,global_event_context,global_event_exposure,0.0,,0.0
quality_success_cashflow_next_4obs,validated_secondary_production,random_forest,isotonic_validation,num__global_event_banking_stress_severity,global_event_banking_stress_severity,global_event_banking_stress_severity,global_event_context,global_event_exposure,0.0,,0.0
quality_success_cashflow_next_4obs,validated_secondary_production,random_forest,isotonic_validation,num__global_event_supply_chain_severity,global_event_supply_chain_severity,global_event_supply_chain_severity,global_event_context,global_event_exposure,0.0,,0.0
quality_success_cashflow_next_4obs,validated_secondary_production,random_forest,isotonic_validation,cat__Sector_Agriculture,Sector: Agriculture,Sector,industry_sector,sector_positioning,0.0,,0.0
quality_success_cashflow_next_4obs,validated_secondary_production,random_forest,isotonic_validation,num__missingindicator_VIXCLS,Missing value: VIXCLS,VIXCLS,missingness_indicator,data_availability_signal,0.0,,0.0
quality_success_cashflow_next_4obs,validated_secondary_production,random_forest,isotonic_validation,num__global_event_supply_chain_count,global_event_supply_chain_count,global_event_supply_chain_count,global_event_context,global_event_exposure,0.0,,0.0
quality_success_cashflow_next_4obs,validated_secondary_production,random_forest,isotonic_validation,num__global_event_geopolitical_war_count,global_event_geopolitical_war_count,global_event_geopolitical_war_count,global_event_context,global_event_exposure,0.0,,0.0
quality_success_cashflow_next_4obs,validated_secondary_production,random_forest,isotonic_validation,num__global_event_geopolitical_war_severity,global_event_geopolitical_war_severity,global_event_geopolitical_war_severity,global_event_context,global_event_exposure,0.0,,0.0
quality_success_cashflow_next_4obs,validated_secondary_production,random_forest,isotonic_validation,num__global_event_monetary_inflation_count,global_event_monetary_inflation_count,global_event_monetary_inflation_count,global_event_context,global_event_exposure,0.0,,0.0
quality_success_cashflow_next_4obs,validated_secondary_production,random_forest,isotonic_validation,num__global_event_pandemic_severity,global_event_pandemic_severity,global_event_pandemic_severity,global_event_context,global_event_exposure,0.0,,0.0
quality_success_cashflow_next_4obs,validated_secondary_production,random_forest,isotonic_validation,num__global_event_pandemic_count,global_event_pandemic_count,global_event_pandemic_count,global_event_context,global_event_exposure,0.0,,0.0
quality_success_cashflow_next_4obs,validated_secondary_production,random_forest,isotonic_validation,num__missingindicator_DCOILWTICO,Missing value: DCOILWTICO,DCOILWTICO,missingness_indicator,data_availability_signal,0.0,,0.0
quality_success_cashflow_next_4obs,validated_secondary_production,random_forest,isotonic_validation,num__missingindicator_T10Y3M,Missing value: T10Y3M,T10Y3M,missingness_indicator,data_availability_signal,0.0,,0.0
quality_success_cashflow_next_4obs,validated_secondary_production,random_forest,isotonic_validation,num__missingindicator_T10Y2Y,Missing value: T10Y2Y,T10Y2Y,missingness_indicator,data_availability_signal,0.0,,0.0
quality_success_cashflow_next_4obs,validated_secondary_production,random_forest,isotonic_validation,num__global_event_monetary_inflation_severity,global_event_monetary_inflation_severity,global_event_monetary_inflation_severity,global_event_context,global_event_exposure,0.0,,0.0
sector_relative_improvement_next_4obs,robustness_extension,random_forest,isotonic_validation,num__net_margin_lag1,net_margin_lag1,net_margin_lag1,firm_trend,firm_momentum_or_deterioration,0.05726641719674122,,0.05726641719674122
sector_relative_improvement_next_4obs,robustness_extension,random_forest,isotonic_validation,num__roa_lag1,roa_lag1,roa_lag1,firm_trend,firm_momentum_or_deterioration,0.040030760378362916,,0.040030760378362916
sector_relative_improvement_next_4obs,robustness_extension,random_forest,isotonic_validation,num__operating_margin_lag1,operating_margin_lag1,operating_margin_lag1,firm_trend,firm_momentum_or_deterioration,0.03633556902583437,,0.03633556902583437
sector_relative_improvement_next_4obs,robustness_extension,random_forest,isotonic_validation,num__equity_assets,equity_assets,equity_assets,financial_ratio,balance_sheet_leverage_liquidity,0.0238169167031869,,0.0238169167031869
sector_relative_improvement_next_4obs,robustness_extension,random_forest,isotonic_validation,num__operating_margin,operating_margin,operating_margin,financial_ratio,profitability_and_efficiency,0.02353887608429457,,0.02353887608429457
sector_relative_improvement_next_4obs,robustness_extension,random_forest,isotonic_validation,num__total_equity,total_equity,total_equity,accounting_fundamental,asset_base_liquidity_and_investment,0.02108206967881946,,0.02108206967881946
sector_relative_improvement_next_4obs,robustness_extension,random_forest,isotonic_validation,num__net_margin,net_margin,net_margin,financial_ratio,profitability_and_efficiency,0.020577614890602274,,0.020577614890602274
sector_relative_improvement_next_4obs,robustness_extension,random_forest,isotonic_validation,num__total_assets,total_assets,total_assets,accounting_fundamental,asset_base_liquidity_and_investment,0.01831182911296179,,0.01831182911296179
sector_relative_improvement_next_4obs,robustness_extension,random_forest,isotonic_validation,num__receivables_assets,receivables_assets,receivables_assets,financial_ratio,profitability_and_efficiency,0.018202489697155554,,0.018202489697155554
sector_relative_improvement_next_4obs,robustness_extension,random_forest,isotonic_validation,num__roa,roa,roa,financial_ratio,profitability_and_efficiency,0.01591907783554338,,0.01591907783554338
sector_relative_improvement_next_4obs,robustness_extension,random_forest,isotonic_validation,num__net_income_negative_count_prior_4obs,net_income_negative_count_prior_4obs,net_income_negative_count_prior_4obs,accounting_fundamental,accounting_fundamentals,0.014862491639120047,,0.014862491639120047
sector_relative_improvement_next_4obs,robustness_extension,random_forest,isotonic_validation,num__total_revenue,total_revenue,total_revenue,accounting_fundamental,earnings_and_scale,0.014725316340577997,,0.014725316340577997
sector_relative_improvement_next_4obs,robustness_extension,random_forest,isotonic_validation,num__operating_income,operating_income,operating_income,accounting_fundamental,earnings_and_scale,0.014095324443241424,,0.014095324443241424
sector_relative_improvement_next_4obs,robustness_extension,random_forest,isotonic_validation,num__inventory_assets,inventory_assets,inventory_assets,financial_ratio,profitability_and_efficiency,0.014048047490082271,,0.014048047490082271
sector_relative_improvement_next_4obs,robustness_extension,random_forest,isotonic_validation,num__current_liabilities,current_liabilities,current_liabilities,accounting_fundamental,balance_sheet_obligations,0.014025025889662415,,0.014025025889662415
sector_relative_improvement_next_4obs,robustness_extension,random_forest,isotonic_validation,num__leverage_assets,leverage_assets,leverage_assets,financial_ratio,balance_sheet_leverage_liquidity,0.013831341270947895,,0.013831341270947895
sector_relative_improvement_next_4obs,robustness_extension,random_forest,isotonic_validation,num__total_liabilities,total_liabilities,total_liabilities,accounting_fundamental,balance_sheet_obligations,0.01379763357906699,,0.01379763357906699
sector_relative_improvement_next_4obs,robustness_extension,random_forest,isotonic_validation,num__leverage_assets_lag1,leverage_assets_lag1,leverage_assets_lag1,firm_trend,firm_momentum_or_deterioration,0.013445763275663988,,0.013445763275663988
sector_relative_improvement_next_4obs,robustness_extension,random_forest,isotonic_validation,num__cfo_assets,cfo_assets,cfo_assets,financial_quality_cashflow,cash_flow_quality,0.013354930432206003,,0.013354930432206003
sector_relative_improvement_next_4obs,robustness_extension,random_forest,isotonic_validation,num__cash_assets,cash_assets,cash_assets,financial_ratio,balance_sheet_leverage_liquidity,0.013326877568684076,,0.013326877568684076
sector_relative_improvement_next_4obs,robustness_extension,random_forest,isotonic_validation,num__current_assets,current_assets,current_assets,accounting_fundamental,asset_base_liquidity_and_investment,0.013236856234538496,,0.013236856234538496
sector_relative_improvement_next_4obs,robustness_extension,random_forest,isotonic_validation,num__cfo_margin,cfo_margin,cfo_margin,financial_quality_cashflow,cash_flow_quality,0.012806244679298045,,0.012806244679298045
sector_relative_improvement_next_4obs,robustness_extension,random_forest,isotonic_validation,num__long_term_debt,long_term_debt,long_term_debt,accounting_fundamental,balance_sheet_obligations,0.012731663536040988,,0.012731663536040988
sector_relative_improvement_next_4obs,robustness_extension,random_forest,isotonic_validation,num__cash_equivalents,cash_equivalents,cash_equivalents,accounting_fundamental,asset_base_liquidity_and_investment,0.012731628861883983,,0.012731628861883983
sector_relative_improvement_next_4obs,robustness_extension,random_forest,isotonic_validation,num__net_income,net_income,net_income,accounting_fundamental,earnings_and_scale,0.012276798877042683,,0.012276798877042683
sector_relative_improvement_next_4obs,robustness_extension,random_forest,isotonic_validation,num__cash_assets_lag1,cash_assets_lag1,cash_assets_lag1,firm_trend,firm_momentum_or_deterioration,0.011712563141792035,,0.011712563141792035
sector_relative_improvement_next_4obs,robustness_extension,random_forest,isotonic_validation,num__capex,capex,capex,accounting_fundamental,asset_base_liquidity_and_investment,0.011337246706690764,,0.011337246706690764
sector_relative_improvement_next_4obs,robustness_extension,random_forest,isotonic_validation,num__roa_change_4obs,roa_change_4obs,roa_change_4obs,firm_trend,firm_momentum_or_deterioration,0.011137475124527863,,0.011137475124527863
sector_relative_improvement_next_4obs,robustness_extension,random_forest,isotonic_validation,num__net_margin_change_4obs,net_margin_change_4obs,net_margin_change_4obs,firm_trend,firm_momentum_or_deterioration,0.011068719745036789,,0.011068719745036789
sector_relative_improvement_next_4obs,robustness_extension,random_forest,isotonic_validation,num__working_capital_assets,working_capital_assets,working_capital_assets,financial_quality_cashflow,cash_flow_quality,0.011037317342385724,,0.011037317342385724
sector_relative_improvement_next_4obs,robustness_extension,random_forest,isotonic_validation,num__current_ratio,current_ratio,current_ratio,financial_ratio,balance_sheet_leverage_liquidity,0.010974230147312103,,0.010974230147312103
sector_relative_improvement_next_4obs,robustness_extension,random_forest,isotonic_validation,num__total_assets_growth_4obs,total_assets_growth_4obs,total_assets_growth_4obs,firm_trend,firm_momentum_or_deterioration,0.010569657891691562,,0.010569657891691562
sector_relative_improvement_next_4obs,robustness_extension,random_forest,isotonic_validation,num__current_ratio_lag1,current_ratio_lag1,current_ratio_lag1,firm_trend,firm_momentum_or_deterioration,0.010135618699972855,,0.010135618699972855
sector_relative_improvement_next_4obs,robustness_extension,random_forest,isotonic_validation,num__cash_to_current_liabilities,cash_to_current_liabilities,cash_to_current_liabilities,financial_quality_cashflow,cash_flow_quality,0.010033160174710893,,0.010033160174710893
sector_relative_improvement_next_4obs,robustness_extension,random_forest,isotonic_validation,num__gross_margin,gross_margin,gross_margin,financial_ratio,profitability_and_efficiency,0.010028060475908717,,0.010028060475908717
sector_relative_improvement_next_4obs,robustness_extension,random_forest,isotonic_validation,num__capex_intensity_revenue,capex_intensity_revenue,capex_intensity_revenue,financial_quality_cashflow,cash_flow_quality,0.0098185277406007,,0.0098185277406007
sector_relative_improvement_next_4obs,robustness_extension,random_forest,isotonic_validation,num__gross_margin_lag1,gross_margin_lag1,gross_margin_lag1,firm_trend,firm_momentum_or_deterioration,0.009752484774939903,,0.009752484774939903
sector_relative_improvement_next_4obs,robustness_extension,random_forest,isotonic_validation,num__total_revenue_growth_4obs,total_revenue_growth_4obs,total_revenue_growth_4obs,firm_trend,firm_momentum_or_deterioration,0.009055797758833467,,0.009055797758833467
sector_relative_improvement_next_4obs,robustness_extension,random_forest,isotonic_validation,num__cash_flow_operating,cash_flow_operating,cash_flow_operating,accounting_fundamental,asset_base_liquidity_and_investment,0.008924614172023377,,0.008924614172023377
sector_relative_improvement_next_4obs,robustness_extension,random_forest,isotonic_validation,num__capex_intensity_assets,capex_intensity_assets,capex_intensity_assets,financial_quality_cashflow,cash_flow_quality,0.008836510882532816,,0.008836510882532816
sector_relative_improvement_next_4obs,robustness_extension,random_forest,isotonic_validation,num__cash_assets_change_4obs,cash_assets_change_4obs,cash_assets_change_4obs,firm_trend,firm_momentum_or_deterioration,0.00853437313112265,,0.00853437313112265
sector_relative_improvement_next_4obs,robustness_extension,random_forest,isotonic_validation,num__short_term_debt,short_term_debt,short_term_debt,accounting_fundamental,balance_sheet_obligations,0.008441006477040982,,0.008441006477040982
sector_relative_improvement_next_4obs,robustness_extension,random_forest,isotonic_validation,num__USEPUINDXD,USEPUINDXD,USEPUINDXD,macro_conditions,macro_price_policy_conditions,0.007814806823651613,,0.007814806823651613
sector_relative_improvement_next_4obs,robustness_extension,random_forest,isotonic_validation,num__accruals_assets,accruals_assets,accruals_assets,financial_quality_cashflow,cash_flow_quality,0.007731499332013447,,0.007731499332013447
sector_relative_improvement_next_4obs,robustness_extension,random_forest,isotonic_validation,num__current_liabilities_growth_4obs,current_liabilities_growth_4obs,current_liabilities_growth_4obs,firm_trend,firm_momentum_or_deterioration,0.007688288425837262,,0.007688288425837262
sector_relative_improvement_next_4obs,robustness_extension,random_forest,isotonic_validation,num__DCOILWTICO,DCOILWTICO,DCOILWTICO,macro_conditions,macro_price_policy_conditions,0.007640288666746593,,0.007640288666746593
sector_relative_improvement_next_4obs,robustness_extension,random_forest,isotonic_validation,num__VIXCLS,VIXCLS,VIXCLS,macro_conditions,macro_price_policy_conditions,0.007374353952951435,,0.007374353952951435
sector_relative_improvement_next_4obs,robustness_extension,random_forest,isotonic_validation,num__DTWEXBGS,DTWEXBGS,DTWEXBGS,macro_conditions,macro_price_policy_conditions,0.007312418217612311,,0.007312418217612311
sector_relative_improvement_next_4obs,robustness_extension,random_forest,isotonic_validation,num__T10Y2Y,T10Y2Y,T10Y2Y,macro_conditions,credit_and_financial_conditions,0.007167209588895772,,0.007167209588895772
sector_relative_improvement_next_4obs,robustness_extension,random_forest,isotonic_validation,num__cash_equivalents_growth_4obs,cash_equivalents_growth_4obs,cash_equivalents_growth_4obs,firm_trend,firm_momentum_or_deterioration,0.007084513946372357,,0.007084513946372357
sector_relative_improvement_next_4obs,robustness_extension,random_forest,isotonic_validation,num__DTWEXBGS_yoy_pct,DTWEXBGS_yoy_pct,DTWEXBGS_yoy_pct,macro_conditions,macro_price_policy_conditions,0.007079742742221682,,0.007079742742221682
sector_relative_improvement_next_4obs,robustness_extension,random_forest,isotonic_validation,num__T10Y3M,T10Y3M,T10Y3M,macro_conditions,credit_and_financial_conditions,0.007076586313659387,,0.007076586313659387
sector_relative_improvement_next_4obs,robustness_extension,random_forest,isotonic_validation,num__leverage_assets_change_4obs,leverage_assets_change_4obs,leverage_assets_change_4obs,firm_trend,firm_momentum_or_deterioration,0.006910409301214904,,0.006910409301214904
sector_relative_improvement_next_4obs,robustness_extension,random_forest,isotonic_validation,num__current_assets_growth_4obs,current_assets_growth_4obs,current_assets_growth_4obs,firm_trend,firm_momentum_or_deterioration,0.006898392032784156,,0.006898392032784156
sector_relative_improvement_next_4obs,robustness_extension,random_forest,isotonic_validation,num__DCOILWTICO_yoy_pct,DCOILWTICO_yoy_pct,DCOILWTICO_yoy_pct,macro_conditions,macro_price_policy_conditions,0.0068491136100474435,,0.0068491136100474435
sector_relative_improvement_next_4obs,robustness_extension,random_forest,isotonic_validation,num__debt_to_cfo,debt_to_cfo,debt_to_cfo,financial_quality_cashflow,cash_flow_quality,0.006745314337069758,,0.006745314337069758
sector_relative_improvement_next_4obs,robustness_extension,random_forest,isotonic_validation,num__total_liabilities_growth_4obs,total_liabilities_growth_4obs,total_liabilities_growth_4obs,firm_trend,firm_momentum_or_deterioration,0.006638069002114444,,0.006638069002114444
sector_relative_improvement_next_4obs,robustness_extension,random_forest,isotonic_validation,num__BAMLH0A0HYM2,BAMLH0A0HYM2,BAMLH0A0HYM2,macro_conditions,credit_and_financial_conditions,0.006588420165052153,,0.006588420165052153
sector_relative_improvement_next_4obs,robustness_extension,random_forest,isotonic_validation,num__current_ratio_change_4obs,current_ratio_change_4obs,current_ratio_change_4obs,firm_trend,firm_momentum_or_deterioration,0.006422498182666196,,0.006422498182666196
sector_relative_improvement_next_4obs,robustness_extension,random_forest,isotonic_validation,num__NFCI,NFCI,NFCI,macro_conditions,credit_and_financial_conditions,0.006334396006963725,,0.006334396006963725
sector_relative_improvement_next_4obs,robustness_extension,random_forest,isotonic_validation,num__HOUST,HOUST,HOUST,macro_conditions,real_activity_conditions,0.006257875159107568,,0.006257875159107568
sector_relative_improvement_next_4obs,robustness_extension,random_forest,isotonic_validation,num__BUSLOANS_yoy_pct,BUSLOANS_yoy_pct,BUSLOANS_yoy_pct,macro_conditions,credit_and_financial_conditions,0.006163841140258604,,0.006163841140258604
sector_relative_improvement_next_4obs,robustness_extension,random_forest,isotonic_validation,num__operating_margin_change_4obs,operating_margin_change_4obs,operating_margin_change_4obs,firm_trend,firm_momentum_or_deterioration,0.005920941625203821,,0.005920941625203821
sector_relative_improvement_next_4obs,robustness_extension,random_forest,isotonic_validation,num__CPIAUCSL,CPIAUCSL,CPIAUCSL,macro_conditions,macro_price_policy_conditions,0.005813385598577939,,0.005813385598577939
sector_relative_improvement_next_4obs,robustness_extension,random_forest,isotonic_validation,num__PAYEMS_yoy_pct,PAYEMS_yoy_pct,PAYEMS_yoy_pct,macro_conditions,real_activity_conditions,0.005698326932577583,,0.005698326932577583
sector_relative_improvement_next_4obs,robustness_extension,random_forest,isotonic_validation,num__M2SL,M2SL,M2SL,macro_conditions,macro_price_policy_conditions,0.0056953110706879796,,0.0056953110706879796
sector_relative_improvement_next_4obs,robustness_extension,random_forest,isotonic_validation,num__RSAFS,RSAFS,RSAFS,macro_conditions,real_activity_conditions,0.005613036124984576,,0.005613036124984576
sector_relative_improvement_next_4obs,robustness_extension,random_forest,isotonic_validation,num__CPIAUCSL_yoy_pct,CPIAUCSL_yoy_pct,CPIAUCSL_yoy_pct,macro_conditions,macro_price_policy_conditions,0.005564476659514722,,0.005564476659514722
sector_relative_improvement_next_4obs,robustness_extension,random_forest,isotonic_validation,num__BUSLOANS,BUSLOANS,BUSLOANS,macro_conditions,credit_and_financial_conditions,0.005557993884333032,,0.005557993884333032
sector_relative_improvement_next_4obs,robustness_extension,random_forest,isotonic_validation,num__HOUST_yoy_pct,HOUST_yoy_pct,HOUST_yoy_pct,macro_conditions,real_activity_conditions,0.00553965710196046,,0.00553965710196046
sector_relative_improvement_next_4obs,robustness_extension,random_forest,isotonic_validation,num__PPIACO_yoy_pct,PPIACO_yoy_pct,PPIACO_yoy_pct,macro_conditions,macro_price_policy_conditions,0.005463132880807875,,0.005463132880807875
sector_relative_improvement_next_4obs,robustness_extension,random_forest,isotonic_validation,num__RSAFS_yoy_pct,RSAFS_yoy_pct,RSAFS_yoy_pct,macro_conditions,real_activity_conditions,0.005450096460860278,,0.005450096460860278
sector_relative_improvement_next_4obs,robustness_extension,random_forest,isotonic_validation,num__INDPRO_yoy_pct,INDPRO_yoy_pct,INDPRO_yoy_pct,macro_conditions,real_activity_conditions,0.0054208658744035135,,0.0054208658744035135
sector_relative_improvement_next_4obs,robustness_extension,random_forest,isotonic_validation,num__INDPRO,INDPRO,INDPRO,macro_conditions,real_activity_conditions,0.005412384183557403,,0.005412384183557403
sector_relative_improvement_next_4obs,robustness_extension,random_forest,isotonic_validation,num__PAYEMS,PAYEMS,PAYEMS,macro_conditions,real_activity_conditions,0.005284191138130165,,0.005284191138130165
sector_relative_improvement_next_4obs,robustness_extension,random_forest,isotonic_validation,num__gross_profit,gross_profit,gross_profit,accounting_fundamental,earnings_and_scale,0.005279691594855183,,0.005279691594855183
sector_relative_improvement_next_4obs,robustness_extension,random_forest,isotonic_validation,num__PPIACO,PPIACO,PPIACO,macro_conditions,macro_price_policy_conditions,0.005259888011730719,,0.005259888011730719
sector_relative_improvement_next_4obs,robustness_extension,random_forest,isotonic_validation,num__GS10,GS10,GS10,macro_conditions,macro_price_policy_conditions,0.0051439989037180035,,0.0051439989037180035
sector_relative_improvement_next_4obs,robustness_extension,random_forest,isotonic_validation,num__M2SL_yoy_pct,M2SL_yoy_pct,M2SL_yoy_pct,macro_conditions,macro_price_policy_conditions,0.004865172371317078,,0.004865172371317078
sector_relative_improvement_next_4obs,robustness_extension,random_forest,isotonic_validation,num__UNRATE,UNRATE,UNRATE,macro_conditions,real_activity_conditions,0.004763024246799621,,0.004763024246799621
sector_relative_improvement_next_4obs,robustness_extension,random_forest,isotonic_validation,num__FEDFUNDS,FEDFUNDS,FEDFUNDS,macro_conditions,macro_price_policy_conditions,0.004287737445735507,,0.004287737445735507
sector_relative_improvement_next_4obs,robustness_extension,random_forest,isotonic_validation,cat__Sector_Utilities,Sector: Utilities,Sector,industry_sector,sector_positioning,0.004262751663524174,,0.004262751663524174
sector_relative_improvement_next_4obs,robustness_extension,random_forest,isotonic_validation,num__r_and_d_intensity,r_and_d_intensity,r_and_d_intensity,financial_ratio,profitability_and_efficiency,0.004210417395302315,,0.004210417395302315
sector_relative_improvement_next_4obs,robustness_extension,random_forest,isotonic_validation,num__GDPC1,GDPC1,GDPC1,macro_conditions,real_activity_conditions,0.004164761891812399,,0.004164761891812399
sector_relative_improvement_next_4obs,robustness_extension,random_forest,isotonic_validation,num__DRTSCILM,DRTSCILM,DRTSCILM,macro_conditions,credit_and_financial_conditions,0.004100575688385567,,0.004100575688385567
sector_relative_improvement_next_4obs,robustness_extension,random_forest,isotonic_validation,num__policy_uncertainty_score,policy_uncertainty_score,policy_uncertainty_score,market_health_v2,market_stress_regime,0.0029766335611562953,,0.0029766335611562953
sector_relative_improvement_next_4obs,robustness_extension,random_forest,isotonic_validation,num__missingindicator_inventory_assets,Missing value: inventory_assets,inventory_assets,missingness_indicator,data_availability_signal,0.002472845578417753,,0.002472845578417753
sector_relative_improvement_next_4obs,robustness_extension,random_forest,isotonic_validation,cat__Sector_Financial Services,Sector: Financial Services,Sector,industry_sector,sector_positioning,0.0024205823088186682,,0.0024205823088186682
sector_relative_improvement_next_4obs,robustness_extension,random_forest,isotonic_validation,num__prediction_quarter,prediction_quarter,prediction_quarter,accounting_fundamental,accounting_fundamentals,0.002341169756955833,,0.002341169756955833
sector_relative_improvement_next_4obs,robustness_extension,random_forest,isotonic_validation,num__missingindicator_gross_profit,Missing value: gross_profit,gross_profit,missingness_indicator,data_availability_signal,0.0022882898550544988,,0.0022882898550544988
sector_relative_improvement_next_4obs,robustness_extension,random_forest,isotonic_validation,num__gross_margin_change_4obs,gross_margin_change_4obs,gross_margin_change_4obs,firm_trend,firm_momentum_or_deterioration,0.002277394595606331,,0.002277394595606331
sector_relative_improvement_next_4obs,robustness_extension,random_forest,isotonic_validation,num__missingindicator_capex_intensity_revenue,Missing value: capex_intensity_revenue,capex_intensity_revenue,missingness_indicator,data_availability_signal,0.0022581403688950973,,0.0022581403688950973
sector_relative_improvement_next_4obs,robustness_extension,random_forest,isotonic_validation,num__missingindicator_capex_intensity_assets,Missing value: capex_intensity_assets,capex_intensity_assets,missingness_indicator,data_availability_signal,0.002200030450424106,,0.002200030450424106
sector_relative_improvement_next_4obs,robustness_extension,random_forest,isotonic_validation,num__missingindicator_capex,Missing value: capex,capex,missingness_indicator,data_availability_signal,0.002065586642925172,,0.002065586642925172
sector_relative_improvement_next_4obs,robustness_extension,random_forest,isotonic_validation,cat__Sector_Technology,Sector: Technology,Sector,industry_sector,sector_positioning,0.0019777214700883805,,0.0019777214700883805
sector_relative_improvement_next_4obs,robustness_extension,random_forest,isotonic_validation,num__missingindicator_gross_margin,Missing value: gross_margin,gross_margin,missingness_indicator,data_availability_signal,0.0018153251116973938,,0.0018153251116973938
sector_relative_improvement_next_4obs,robustness_extension,random_forest,isotonic_validation,num__missingindicator_short_term_debt,Missing value: short_term_debt,short_term_debt,missingness_indicator,data_availability_signal,0.0017059613090371702,,0.0017059613090371702
sector_relative_improvement_next_4obs,robustness_extension,random_forest,isotonic_validation,cat__Sector_Communication Services,Sector: Communication Services,Sector,industry_sector,sector_positioning,0.0016341575049468686,,0.0016341575049468686
sector_relative_improvement_next_4obs,robustness_extension,random_forest,isotonic_validation,num__missingindicator_net_margin_lag1,Missing value: net_margin_lag1,net_margin_lag1,missingness_indicator,data_availability_signal,0.0016100413233438248,,0.0016100413233438248
sector_relative_improvement_next_4obs,robustness_extension,random_forest,isotonic_validation,num__market_stress_score_v2,market_stress_score_v2,market_stress_score_v2,market_health_v2,market_stress_regime,0.0015731570078554014,,0.0015731570078554014
sector_relative_improvement_next_4obs,robustness_extension,random_forest,isotonic_validation,num__missingindicator_long_term_debt,Missing value: long_term_debt,long_term_debt,missingness_indicator,data_availability_signal,0.0015558536364450308,,0.0015558536364450308
sector_relative_improvement_next_4obs,robustness_extension,random_forest,isotonic_validation,num__missingindicator_gross_margin_lag1,Missing value: gross_margin_lag1,gross_margin_lag1,missingness_indicator,data_availability_signal,0.0015545788645177968,,0.0015545788645177968
sector_relative_improvement_next_4obs,robustness_extension,random_forest,isotonic_validation,num__missingindicator_net_margin_change_4obs,Missing value: net_margin_change_4obs,net_margin_change_4obs,missingness_indicator,data_availability_signal,0.001534948824317524,,0.001534948824317524
sector_relative_improvement_next_4obs,robustness_extension,random_forest,isotonic_validation,num__missingindicator_operating_income,Missing value: operating_income,operating_income,missingness_indicator,data_availability_signal,0.0015241789751017146,,0.0015241789751017146
sector_relative_improvement_next_4obs,robustness_extension,random_forest,isotonic_validation,cat__Sector_Industrials,Sector: Industrials,Sector,industry_sector,sector_positioning,0.0015228487289095866,,0.0015228487289095866
sector_relative_improvement_next_4obs,robustness_extension,random_forest,isotonic_validation,num__market_health_score_v2,market_health_score_v2,market_health_score_v2,market_health_v2,market_stress_regime,0.001506949291345202,,0.001506949291345202
sector_relative_improvement_next_4obs,robustness_extension,random_forest,isotonic_validation,cat__Sector_Consumer Cyclical,Sector: Consumer Cyclical,Sector,industry_sector,sector_positioning,0.00146616078094364,,0.00146616078094364
sector_relative_improvement_next_4obs,robustness_extension,random_forest,isotonic_validation,num__missingindicator_total_liabilities_growth_4obs,Missing value: total_liabilities_growth_4obs,total_liabilities_growth_4obs,missingness_indicator,data_availability_signal,0.0014489598596565648,,0.0014489598596565648
sector_relative_improvement_next_4obs,robustness_extension,random_forest,isotonic_validation,cat__Sector_Energy,Sector: Energy,Sector,industry_sector,sector_positioning,0.0014199913327804883,,0.0014199913327804883
sector_relative_improvement_next_4obs,robustness_extension,random_forest,isotonic_validation,num__missingindicator_debt_to_cfo,Missing value: debt_to_cfo,debt_to_cfo,missingness_indicator,data_availability_signal,0.001417641622354697,,0.001417641622354697
sector_relative_improvement_next_4obs,robustness_extension,random_forest,isotonic_validation,num__missingindicator_cfo_margin,Missing value: cfo_margin,cfo_margin,missingness_indicator,data_availability_signal,0.0014164159414696376,,0.0014164159414696376
sector_relative_improvement_next_4obs,robustness_extension,random_forest,isotonic_validation,num__missingindicator_leverage_assets_lag1,Missing value: leverage_assets_lag1,leverage_assets_lag1,missingness_indicator,data_availability_signal,0.001407800260760539,,0.001407800260760539
sector_relative_improvement_next_4obs,robustness_extension,random_forest,isotonic_validation,num__global_event_severity_sum,global_event_severity_sum,global_event_severity_sum,global_event_context,global_event_exposure,0.00140603012431454,,0.00140603012431454
sector_relative_improvement_next_4obs,robustness_extension,random_forest,isotonic_validation,cat__Sector_Real Estate,Sector: Real Estate,Sector,industry_sector,sector_positioning,0.0012876285715681221,,0.0012876285715681221
sector_relative_improvement_next_4obs,robustness_extension,random_forest,isotonic_validation,num__missingindicator_cash_equivalents,Missing value: cash_equivalents,cash_equivalents,missingness_indicator,data_availability_signal,0.0012679588706176667,,0.0012679588706176667
sector_relative_improvement_next_4obs,robustness_extension,random_forest,isotonic_validation,num__missingindicator_r_and_d_intensity,Missing value: r_and_d_intensity,r_and_d_intensity,missingness_indicator,data_availability_signal,0.001261471802343763,,0.001261471802343763
sector_relative_improvement_next_4obs,robustness_extension,random_forest,isotonic_validation,num__missingindicator_net_margin,Missing value: net_margin,net_margin,missingness_indicator,data_availability_signal,0.00126043217593668,,0.00126043217593668
sector_relative_improvement_next_4obs,robustness_extension,random_forest,isotonic_validation,num__missingindicator_total_revenue,Missing value: total_revenue,total_revenue,missingness_indicator,data_availability_signal,0.0012187294042526782,,0.0012187294042526782
sector_relative_improvement_next_4obs,robustness_extension,random_forest,isotonic_validation,num__missingindicator_receivables_assets,Missing value: receivables_assets,receivables_assets,missingness_indicator,data_availability_signal,0.0012113283020293991,,0.0012113283020293991
sector_relative_improvement_next_4obs,robustness_extension,random_forest,isotonic_validation,num__missingindicator_operating_margin_lag1,Missing value: operating_margin_lag1,operating_margin_lag1,missingness_indicator,data_availability_signal,0.0012004068075797453,,0.0012004068075797453
sector_relative_improvement_next_4obs,robustness_extension,random_forest,isotonic_validation,num__missingindicator_cash_assets,Missing value: cash_assets,cash_assets,missingness_indicator,data_availability_signal,0.0011926272530201124,,0.0011926272530201124
sector_relative_improvement_next_4obs,robustness_extension,random_forest,isotonic_validation,num__missingindicator_total_revenue_growth_4obs,Missing value: total_revenue_growth_4obs,total_revenue_growth_4obs,missingness_indicator,data_availability_signal,0.0011879983880732224,,0.0011879983880732224
sector_relative_improvement_next_4obs,robustness_extension,random_forest,isotonic_validation,num__missingindicator_leverage_assets_change_4obs,Missing value: leverage_assets_change_4obs,leverage_assets_change_4obs,missingness_indicator,data_availability_signal,0.0011601976194942705,,0.0011601976194942705
sector_relative_improvement_next_4obs,robustness_extension,random_forest,isotonic_validation,num__missingindicator_gross_margin_change_4obs,Missing value: gross_margin_change_4obs,gross_margin_change_4obs,missingness_indicator,data_availability_signal,0.001139405858083358,,0.001139405858083358
sector_relative_improvement_next_4obs,robustness_extension,random_forest,isotonic_validation,num__missingindicator_leverage_assets,Missing value: leverage_assets,leverage_assets,missingness_indicator,data_availability_signal,0.0011212149233614935,,0.0011212149233614935
sector_relative_improvement_next_4obs,robustness_extension,random_forest,isotonic_validation,num__missingindicator_cash_flow_operating,Missing value: cash_flow_operating,cash_flow_operating,missingness_indicator,data_availability_signal,0.0010714187884851747,,0.0010714187884851747
sector_relative_improvement_next_4obs,robustness_extension,random_forest,isotonic_validation,num__missingindicator_total_liabilities,Missing value: total_liabilities,total_liabilities,missingness_indicator,data_availability_signal,0.0010173652032283837,,0.0010173652032283837
sector_relative_improvement_next_4obs,robustness_extension,random_forest,isotonic_validation,num__missingindicator_accruals_assets,Missing value: accruals_assets,accruals_assets,missingness_indicator,data_availability_signal,0.000979060219437451,,0.000979060219437451
sector_relative_improvement_next_4obs,robustness_extension,random_forest,isotonic_validation,num__credit_stress_score,credit_stress_score,credit_stress_score,market_health_v2,market_stress_regime,0.0009637768916736183,,0.0009637768916736183
sector_relative_improvement_next_4obs,robustness_extension,random_forest,isotonic_validation,num__missingindicator_cash_assets_lag1,Missing value: cash_assets_lag1,cash_assets_lag1,missingness_indicator,data_availability_signal,0.0009605379993115519,,0.0009605379993115519
sector_relative_improvement_next_4obs,robustness_extension,random_forest,isotonic_validation,num__global_event_count,global_event_count,global_event_count,global_event_context,global_event_exposure,0.0009578841969790752,,0.0009578841969790752
sector_relative_improvement_next_4obs,robustness_extension,random_forest,isotonic_validation,num__real_activity_pressure_score,real_activity_pressure_score,real_activity_pressure_score,market_health_v2,market_stress_regime,0.000916293639462123,,0.000916293639462123
sector_relative_improvement_next_4obs,robustness_extension,random_forest,isotonic_validation,num__missingindicator_operating_margin,Missing value: operating_margin,operating_margin,missingness_indicator,data_availability_signal,0.0008890195375619664,,0.0008890195375619664
sector_relative_improvement_next_4obs,robustness_extension,random_forest,isotonic_validation,num__missingindicator_cash_to_current_liabilities,Missing value: cash_to_current_liabilities,cash_to_current_liabilities,missingness_indicator,data_availability_signal,0.0008800047089434866,,0.0008800047089434866
sector_relative_improvement_next_4obs,robustness_extension,random_forest,isotonic_validation,num__missingindicator_operating_margin_change_4obs,Missing value: operating_margin_change_4obs,operating_margin_change_4obs,missingness_indicator,data_availability_signal,0.0008478380831506091,,0.0008478380831506091
sector_relative_improvement_next_4obs,robustness_extension,random_forest,isotonic_validation,num__missingindicator_cfo_assets,Missing value: cfo_assets,cfo_assets,missingness_indicator,data_availability_signal,0.0008271535292473714,,0.0008271535292473714
sector_relative_improvement_next_4obs,robustness_extension,random_forest,isotonic_validation,num__missingindicator_current_ratio,Missing value: current_ratio,current_ratio,missingness_indicator,data_availability_signal,0.0008119681597358519,,0.0008119681597358519
sector_relative_improvement_next_4obs,robustness_extension,random_forest,isotonic_validation,num__missingindicator_working_capital_assets,Missing value: working_capital_assets,working_capital_assets,missingness_indicator,data_availability_signal,0.0008094332439167084,,0.0008094332439167084
sector_relative_improvement_next_4obs,robustness_extension,random_forest,isotonic_validation,num__missingindicator_cash_assets_change_4obs,Missing value: cash_assets_change_4obs,cash_assets_change_4obs,missingness_indicator,data_availability_signal,0.0007227634776850848,,0.0007227634776850848
sector_relative_improvement_next_4obs,robustness_extension,random_forest,isotonic_validation,cat__Sector_Consumer Defensive,Sector: Consumer Defensive,Sector,industry_sector,sector_positioning,0.0007186929816901636,,0.0007186929816901636
sector_relative_improvement_next_4obs,robustness_extension,random_forest,isotonic_validation,num__missingindicator_current_liabilities,Missing value: current_liabilities,current_liabilities,missingness_indicator,data_availability_signal,0.0007067842248526493,,0.0007067842248526493
sector_relative_improvement_next_4obs,robustness_extension,random_forest,isotonic_validation,num__missingindicator_current_liabilities_growth_4obs,Missing value: current_liabilities_growth_4obs,current_liabilities_growth_4obs,missingness_indicator,data_availability_signal,0.0006941239035948815,,0.0006941239035948815
sector_relative_improvement_next_4obs,robustness_extension,random_forest,isotonic_validation,num__missingindicator_cash_equivalents_growth_4obs,Missing value: cash_equivalents_growth_4obs,cash_equivalents_growth_4obs,missingness_indicator,data_availability_signal,0.0006656828447528696,,0.0006656828447528696
sector_relative_improvement_next_4obs,robustness_extension,random_forest,isotonic_validation,cat__Sector_Healthcare,Sector: Healthcare,Sector,industry_sector,sector_positioning,0.0006629624867372044,,0.0006629624867372044
sector_relative_improvement_next_4obs,robustness_extension,random_forest,isotonic_validation,num__credit_spread_stress_regime,credit_spread_stress_regime,credit_spread_stress_regime,accounting_fundamental,accounting_fundamentals,0.0006418425767852935,,0.0006418425767852935
sector_relative_improvement_next_4obs,robustness_extension,random_forest,isotonic_validation,num__missingindicator_equity_assets,Missing value: equity_assets,equity_assets,missingness_indicator,data_availability_signal,0.0006292542840680626,,0.0006292542840680626
sector_relative_improvement_next_4obs,robustness_extension,random_forest,isotonic_validation,num__missingindicator_current_assets_growth_4obs,Missing value: current_assets_growth_4obs,current_assets_growth_4obs,missingness_indicator,data_availability_signal,0.0006142968223858474,,0.0006142968223858474
sector_relative_improvement_next_4obs,robustness_extension,random_forest,isotonic_validation,num__missingindicator_current_ratio_lag1,Missing value: current_ratio_lag1,current_ratio_lag1,missingness_indicator,data_availability_signal,0.0005689474313655307,,0.0005689474313655307
sector_relative_improvement_next_4obs,robustness_extension,random_forest,isotonic_validation,num__global_event_sovereign_debt_count,global_event_sovereign_debt_count,global_event_sovereign_debt_count,global_event_context,global_event_exposure,0.0005522748706424082,,0.0005522748706424082
sector_relative_improvement_next_4obs,robustness_extension,random_forest,isotonic_validation,num__missingindicator_current_ratio_change_4obs,Missing value: current_ratio_change_4obs,current_ratio_change_4obs,missingness_indicator,data_availability_signal,0.000463691949842673,,0.000463691949842673
sector_relative_improvement_next_4obs,robustness_extension,random_forest,isotonic_validation,num__missingindicator_current_assets,Missing value: current_assets,current_assets,missingness_indicator,data_availability_signal,0.0004571111991939261,,0.0004571111991939261
sector_relative_improvement_next_4obs,robustness_extension,random_forest,isotonic_validation,num__global_event_sovereign_debt_severity,global_event_sovereign_debt_severity,global_event_sovereign_debt_severity,global_event_context,global_event_exposure,0.00043946623066474014,,0.00043946623066474014
sector_relative_improvement_next_4obs,robustness_extension,random_forest,isotonic_validation,cat__Sector_Agriculture,Sector: Agriculture,Sector,industry_sector,sector_positioning,0.00041582415574210435,,0.00041582415574210435
sector_relative_improvement_next_4obs,robustness_extension,random_forest,isotonic_validation,num__missingindicator_total_assets_growth_4obs,Missing value: total_assets_growth_4obs,total_assets_growth_4obs,missingness_indicator,data_availability_signal,0.0004129873658646892,,0.0004129873658646892
sector_relative_improvement_next_4obs,robustness_extension,random_forest,isotonic_validation,num__missingindicator_total_equity,Missing value: total_equity,total_equity,missingness_indicator,data_availability_signal,0.0004065175193172948,,0.0004065175193172948
sector_relative_improvement_next_4obs,robustness_extension,random_forest,isotonic_validation,num__stress_elevated_v2,stress_elevated_v2,stress_elevated_v2,market_health_v2,market_stress_regime,0.000392318545177329,,0.000392318545177329
sector_relative_improvement_next_4obs,robustness_extension,random_forest,isotonic_validation,num__credit_tightening_regime,credit_tightening_regime,credit_tightening_regime,accounting_fundamental,accounting_fundamentals,0.00038935680263056974,,0.00038935680263056974
sector_relative_improvement_next_4obs,robustness_extension,random_forest,isotonic_validation,num__global_event_commodity_oil_count,global_event_commodity_oil_count,global_event_commodity_oil_count,global_event_context,global_event_exposure,0.00038279567053593175,,0.00038279567053593175
sector_relative_improvement_next_4obs,robustness_extension,random_forest,isotonic_validation,num__strong_dollar_regime,strong_dollar_regime,strong_dollar_regime,accounting_fundamental,accounting_fundamentals,0.00037994827398551994,,0.00037994827398551994
sector_relative_improvement_next_4obs,robustness_extension,random_forest,isotonic_validation,num__oil_shock_regime,oil_shock_regime,oil_shock_regime,accounting_fundamental,accounting_fundamentals,0.0003543562050413702,,0.0003543562050413702
sector_relative_improvement_next_4obs,robustness_extension,random_forest,isotonic_validation,num__global_event_commodity_oil_severity,global_event_commodity_oil_severity,global_event_commodity_oil_severity,global_event_context,global_event_exposure,0.00035223939975245023,,0.00035223939975245023
sector_relative_improvement_next_4obs,robustness_extension,random_forest,isotonic_validation,num__market_stress_regime,market_stress_regime,market_stress_regime,accounting_fundamental,accounting_fundamentals,0.0002766685426172429,,0.0002766685426172429
sector_relative_improvement_next_4obs,robustness_extension,random_forest,isotonic_validation,num__missingindicator_roa_change_4obs,Missing value: roa_change_4obs,roa_change_4obs,missingness_indicator,data_availability_signal,0.00026604233785873044,,0.00026604233785873044
sector_relative_improvement_next_4obs,robustness_extension,random_forest,isotonic_validation,cat__Sector_Basic Materials,Sector: Basic Materials,Sector,industry_sector,sector_positioning,0.0002508818862950464,,0.0002508818862950464
sector_relative_improvement_next_4obs,robustness_extension,random_forest,isotonic_validation,num__global_event_natural_disaster_count,global_event_natural_disaster_count,global_event_natural_disaster_count,global_event_context,global_event_exposure,0.00016288292510035433,,0.00016288292510035433
sector_relative_improvement_next_4obs,robustness_extension,random_forest,isotonic_validation,num__global_event_natural_disaster_severity,global_event_natural_disaster_severity,global_event_natural_disaster_severity,global_event_context,global_event_exposure,0.00015927477860887566,,0.00015927477860887566
sector_relative_improvement_next_4obs,robustness_extension,random_forest,isotonic_validation,num__global_event_political_policy_count,global_event_political_policy_count,global_event_political_policy_count,global_event_context,global_event_exposure,0.000156513038501713,,0.000156513038501713
sector_relative_improvement_next_4obs,robustness_extension,random_forest,isotonic_validation,num__global_event_trade_policy_count,global_event_trade_policy_count,global_event_trade_policy_count,global_event_context,global_event_exposure,0.00014686094953965696,,0.00014686094953965696
sector_relative_improvement_next_4obs,robustness_extension,random_forest,isotonic_validation,num__global_event_financial_market_severity,global_event_financial_market_severity,global_event_financial_market_severity,global_event_context,global_event_exposure,0.00013528415370873392,,0.00013528415370873392
sector_relative_improvement_next_4obs,robustness_extension,random_forest,isotonic_validation,num__missingindicator_roa_lag1,Missing value: roa_lag1,roa_lag1,missingness_indicator,data_availability_signal,0.00012909371786370028,,0.00012909371786370028
sector_relative_improvement_next_4obs,robustness_extension,random_forest,isotonic_validation,num__global_event_financial_market_count,global_event_financial_market_count,global_event_financial_market_count,global_event_context,global_event_exposure,0.00012072803025638094,,0.00012072803025638094
sector_relative_improvement_next_4obs,robustness_extension,random_forest,isotonic_validation,num__missingindicator_DTWEXBGS_yoy_pct,Missing value: DTWEXBGS_yoy_pct,DTWEXBGS_yoy_pct,missingness_indicator,data_availability_signal,0.00011819286849090708,,0.00011819286849090708
sector_relative_improvement_next_4obs,robustness_extension,random_forest,isotonic_validation,num__global_event_political_policy_severity,global_event_political_policy_severity,global_event_political_policy_severity,global_event_context,global_event_exposure,0.00011041942630239069,,0.00011041942630239069
sector_relative_improvement_next_4obs,robustness_extension,random_forest,isotonic_validation,num__global_event_financial_crisis_severity,global_event_financial_crisis_severity,global_event_financial_crisis_severity,global_event_context,global_event_exposure,8.611086601879997e-05,,8.611086601879997e-05
sector_relative_improvement_next_4obs,robustness_extension,random_forest,isotonic_validation,num__tight_financial_conditions,tight_financial_conditions,tight_financial_conditions,accounting_fundamental,accounting_fundamentals,6.656265137171213e-05,,6.656265137171213e-05
sector_relative_improvement_next_4obs,robustness_extension,random_forest,isotonic_validation,num__global_event_trade_policy_severity,global_event_trade_policy_severity,global_event_trade_policy_severity,global_event_context,global_event_exposure,6.573050077191673e-05,,6.573050077191673e-05
sector_relative_improvement_next_4obs,robustness_extension,random_forest,isotonic_validation,num__crisis_regime,crisis_regime,crisis_regime,accounting_fundamental,accounting_fundamentals,4.5502004649074934e-05,,4.5502004649074934e-05
sector_relative_improvement_next_4obs,robustness_extension,random_forest,isotonic_validation,num__demand_slowdown_regime,demand_slowdown_regime,demand_slowdown_regime,accounting_fundamental,accounting_fundamentals,3.776765006981905e-05,,3.776765006981905e-05
sector_relative_improvement_next_4obs,robustness_extension,random_forest,isotonic_validation,num__global_event_financial_crisis_count,global_event_financial_crisis_count,global_event_financial_crisis_count,global_event_context,global_event_exposure,3.192642042197469e-05,,3.192642042197469e-05
sector_relative_improvement_next_4obs,robustness_extension,random_forest,isotonic_validation,num__missingindicator_DTWEXBGS,Missing value: DTWEXBGS,DTWEXBGS,missingness_indicator,data_availability_signal,3.045704021356901e-05,,3.045704021356901e-05
sector_relative_improvement_next_4obs,robustness_extension,random_forest,isotonic_validation,num__missingindicator_DCOILWTICO_yoy_pct,Missing value: DCOILWTICO_yoy_pct,DCOILWTICO_yoy_pct,missingness_indicator,data_availability_signal,1.3526918693615031e-05,,1.3526918693615031e-05
sector_relative_improvement_next_4obs,robustness_extension,random_forest,isotonic_validation,cat__Sector_Consumer Discretionary,Sector: Consumer Discretionary,Sector,industry_sector,sector_positioning,0.0,,0.0
sector_relative_improvement_next_4obs,robustness_extension,random_forest,isotonic_validation,num__inflation_pressure_regime,inflation_pressure_regime,inflation_pressure_regime,accounting_fundamental,accounting_fundamentals,0.0,,0.0
sector_relative_improvement_next_4obs,robustness_extension,random_forest,isotonic_validation,num__missingindicator_DCOILWTICO,Missing value: DCOILWTICO,DCOILWTICO,missingness_indicator,data_availability_signal,0.0,,0.0
sector_relative_improvement_next_4obs,robustness_extension,random_forest,isotonic_validation,num__global_event_pandemic_severity,global_event_pandemic_severity,global_event_pandemic_severity,global_event_context,global_event_exposure,0.0,,0.0
sector_relative_improvement_next_4obs,robustness_extension,random_forest,isotonic_validation,num__global_event_banking_stress_count,global_event_banking_stress_count,global_event_banking_stress_count,global_event_context,global_event_exposure,0.0,,0.0
sector_relative_improvement_next_4obs,robustness_extension,random_forest,isotonic_validation,num__global_event_banking_stress_severity,global_event_banking_stress_severity,global_event_banking_stress_severity,global_event_context,global_event_exposure,0.0,,0.0
sector_relative_improvement_next_4obs,robustness_extension,random_forest,isotonic_validation,num__global_event_geopolitical_war_count,global_event_geopolitical_war_count,global_event_geopolitical_war_count,global_event_context,global_event_exposure,0.0,,0.0
sector_relative_improvement_next_4obs,robustness_extension,random_forest,isotonic_validation,num__global_event_geopolitical_war_severity,global_event_geopolitical_war_severity,global_event_geopolitical_war_severity,global_event_context,global_event_exposure,0.0,,0.0
sector_relative_improvement_next_4obs,robustness_extension,random_forest,isotonic_validation,num__global_event_monetary_inflation_count,global_event_monetary_inflation_count,global_event_monetary_inflation_count,global_event_context,global_event_exposure,0.0,,0.0
sector_relative_improvement_next_4obs,robustness_extension,random_forest,isotonic_validation,num__yield_curve_inversion_regime,yield_curve_inversion_regime,yield_curve_inversion_regime,accounting_fundamental,accounting_fundamentals,0.0,,0.0
sector_relative_improvement_next_4obs,robustness_extension,random_forest,isotonic_validation,num__global_event_pandemic_count,global_event_pandemic_count,global_event_pandemic_count,global_event_context,global_event_exposure,0.0,,0.0
sector_relative_improvement_next_4obs,robustness_extension,random_forest,isotonic_validation,num__global_event_supply_chain_count,global_event_supply_chain_count,global_event_supply_chain_count,global_event_context,global_event_exposure,0.0,,0.0
sector_relative_improvement_next_4obs,robustness_extension,random_forest,isotonic_validation,num__missingindicator_T10Y3M,Missing value: T10Y3M,T10Y3M,missingness_indicator,data_availability_signal,0.0,,0.0
sector_relative_improvement_next_4obs,robustness_extension,random_forest,isotonic_validation,num__global_event_supply_chain_severity,global_event_supply_chain_severity,global_event_supply_chain_severity,global_event_context,global_event_exposure,0.0,,0.0
sector_relative_improvement_next_4obs,robustness_extension,random_forest,isotonic_validation,num__high_rate_regime,high_rate_regime,high_rate_regime,accounting_fundamental,accounting_fundamentals,0.0,,0.0
sector_relative_improvement_next_4obs,robustness_extension,random_forest,isotonic_validation,num__missingindicator_total_assets,Missing value: total_assets,total_assets,missingness_indicator,data_availability_signal,0.0,,0.0
sector_relative_improvement_next_4obs,robustness_extension,random_forest,isotonic_validation,num__missingindicator_roa,Missing value: roa,roa,missingness_indicator,data_availability_signal,0.0,,0.0
sector_relative_improvement_next_4obs,robustness_extension,random_forest,isotonic_validation,num__missingindicator_BAMLH0A0HYM2,Missing value: BAMLH0A0HYM2,BAMLH0A0HYM2,missingness_indicator,data_availability_signal,0.0,,0.0
sector_relative_improvement_next_4obs,robustness_extension,random_forest,isotonic_validation,num__missingindicator_VIXCLS,Missing value: VIXCLS,VIXCLS,missingness_indicator,data_availability_signal,0.0,,0.0
sector_relative_improvement_next_4obs,robustness_extension,random_forest,isotonic_validation,num__missingindicator_T10Y2Y,Missing value: T10Y2Y,T10Y2Y,missingness_indicator,data_availability_signal,0.0,,0.0
sector_relative_improvement_next_4obs,robustness_extension,random_forest,isotonic_validation,num__global_event_monetary_inflation_severity,global_event_monetary_inflation_severity,global_event_monetary_inflation_severity,global_event_context,global_event_exposure,0.0,,0.0
persistent_resilience_next_6obs,robustness_extension,random_forest,isotonic_validation,num__leverage_assets,leverage_assets,leverage_assets,financial_ratio,balance_sheet_leverage_liquidity,0.11941126260714742,,0.11941126260714742
persistent_resilience_next_6obs,robustness_extension,random_forest,isotonic_validation,num__equity_assets,equity_assets,equity_assets,financial_ratio,balance_sheet_leverage_liquidity,0.11743756431146996,,0.11743756431146996
persistent_resilience_next_6obs,robustness_extension,random_forest,isotonic_validation,num__leverage_assets_lag1,leverage_assets_lag1,leverage_assets_lag1,firm_trend,firm_momentum_or_deterioration,0.08041908353356558,,0.08041908353356558
persistent_resilience_next_6obs,robustness_extension,random_forest,isotonic_validation,num__roa,roa,roa,financial_ratio,profitability_and_efficiency,0.0580882574365744,,0.0580882574365744
persistent_resilience_next_6obs,robustness_extension,random_forest,isotonic_validation,num__roa_lag1,roa_lag1,roa_lag1,firm_trend,firm_momentum_or_deterioration,0.04458180908355911,,0.04458180908355911
persistent_resilience_next_6obs,robustness_extension,random_forest,isotonic_validation,num__net_income_negative_count_prior_4obs,net_income_negative_count_prior_4obs,net_income_negative_count_prior_4obs,accounting_fundamental,accounting_fundamentals,0.03967258386867675,,0.03967258386867675
persistent_resilience_next_6obs,robustness_extension,random_forest,isotonic_validation,num__net_income,net_income,net_income,accounting_fundamental,earnings_and_scale,0.0376293425628767,,0.0376293425628767
persistent_resilience_next_6obs,robustness_extension,random_forest,isotonic_validation,num__total_equity,total_equity,total_equity,accounting_fundamental,asset_base_liquidity_and_investment,0.03448505034212628,,0.03448505034212628
persistent_resilience_next_6obs,robustness_extension,random_forest,isotonic_validation,num__operating_income,operating_income,operating_income,accounting_fundamental,earnings_and_scale,0.02689903348854424,,0.02689903348854424
persistent_resilience_next_6obs,robustness_extension,random_forest,isotonic_validation,num__net_margin,net_margin,net_margin,financial_ratio,profitability_and_efficiency,0.02251950224715187,,0.02251950224715187
persistent_resilience_next_6obs,robustness_extension,random_forest,isotonic_validation,num__net_margin_lag1,net_margin_lag1,net_margin_lag1,firm_trend,firm_momentum_or_deterioration,0.018606503267626084,,0.018606503267626084
persistent_resilience_next_6obs,robustness_extension,random_forest,isotonic_validation,num__operating_margin_lag1,operating_margin_lag1,operating_margin_lag1,firm_trend,firm_momentum_or_deterioration,0.018522045465818853,,0.018522045465818853
persistent_resilience_next_6obs,robustness_extension,random_forest,isotonic_validation,num__total_assets,total_assets,total_assets,accounting_fundamental,asset_base_liquidity_and_investment,0.017461683740100157,,0.017461683740100157
persistent_resilience_next_6obs,robustness_extension,random_forest,isotonic_validation,num__total_liabilities,total_liabilities,total_liabilities,accounting_fundamental,balance_sheet_obligations,0.01643300332949215,,0.01643300332949215
persistent_resilience_next_6obs,robustness_extension,random_forest,isotonic_validation,num__operating_margin,operating_margin,operating_margin,financial_ratio,profitability_and_efficiency,0.01587381362228557,,0.01587381362228557
persistent_resilience_next_6obs,robustness_extension,random_forest,isotonic_validation,num__current_assets,current_assets,current_assets,accounting_fundamental,asset_base_liquidity_and_investment,0.013243600151805335,,0.013243600151805335
persistent_resilience_next_6obs,robustness_extension,random_forest,isotonic_validation,num__total_revenue,total_revenue,total_revenue,accounting_fundamental,earnings_and_scale,0.011270044839386891,,0.011270044839386891
persistent_resilience_next_6obs,robustness_extension,random_forest,isotonic_validation,num__current_liabilities,current_liabilities,current_liabilities,accounting_fundamental,balance_sheet_obligations,0.01102355296110531,,0.01102355296110531
persistent_resilience_next_6obs,robustness_extension,random_forest,isotonic_validation,num__receivables_assets,receivables_assets,receivables_assets,financial_ratio,profitability_and_efficiency,0.007924520750285189,,0.007924520750285189
persistent_resilience_next_6obs,robustness_extension,random_forest,isotonic_validation,num__capex_intensity_assets,capex_intensity_assets,capex_intensity_assets,financial_quality_cashflow,cash_flow_quality,0.007849368500960276,,0.007849368500960276
persistent_resilience_next_6obs,robustness_extension,random_forest,isotonic_validation,num__cfo_assets,cfo_assets,cfo_assets,financial_quality_cashflow,cash_flow_quality,0.0070064895444882465,,0.0070064895444882465
persistent_resilience_next_6obs,robustness_extension,random_forest,isotonic_validation,cat__Sector_Financial Services,Sector: Financial Services,Sector,industry_sector,sector_positioning,0.006969930268365725,,0.006969930268365725
persistent_resilience_next_6obs,robustness_extension,random_forest,isotonic_validation,num__total_revenue_growth_4obs,total_revenue_growth_4obs,total_revenue_growth_4obs,firm_trend,firm_momentum_or_deterioration,0.006609707652145428,,0.006609707652145428
persistent_resilience_next_6obs,robustness_extension,random_forest,isotonic_validation,num__cash_equivalents,cash_equivalents,cash_equivalents,accounting_fundamental,asset_base_liquidity_and_investment,0.006564855967935124,,0.006564855967935124
persistent_resilience_next_6obs,robustness_extension,random_forest,isotonic_validation,num__cash_assets,cash_assets,cash_assets,financial_ratio,balance_sheet_leverage_liquidity,0.005649330932431299,,0.005649330932431299
persistent_resilience_next_6obs,robustness_extension,random_forest,isotonic_validation,num__long_term_debt,long_term_debt,long_term_debt,accounting_fundamental,balance_sheet_obligations,0.005499597941624767,,0.005499597941624767
persistent_resilience_next_6obs,robustness_extension,random_forest,isotonic_validation,num__capex,capex,capex,accounting_fundamental,asset_base_liquidity_and_investment,0.005477172093044967,,0.005477172093044967
persistent_resilience_next_6obs,robustness_extension,random_forest,isotonic_validation,num__total_assets_growth_4obs,total_assets_growth_4obs,total_assets_growth_4obs,firm_trend,firm_momentum_or_deterioration,0.005344375418533091,,0.005344375418533091
persistent_resilience_next_6obs,robustness_extension,random_forest,isotonic_validation,num__roa_change_4obs,roa_change_4obs,roa_change_4obs,firm_trend,firm_momentum_or_deterioration,0.005327776869901444,,0.005327776869901444
persistent_resilience_next_6obs,robustness_extension,random_forest,isotonic_validation,num__cash_assets_lag1,cash_assets_lag1,cash_assets_lag1,firm_trend,firm_momentum_or_deterioration,0.005244893686732379,,0.005244893686732379
persistent_resilience_next_6obs,robustness_extension,random_forest,isotonic_validation,num__leverage_assets_change_4obs,leverage_assets_change_4obs,leverage_assets_change_4obs,firm_trend,firm_momentum_or_deterioration,0.005005344396537561,,0.005005344396537561
persistent_resilience_next_6obs,robustness_extension,random_forest,isotonic_validation,num__inventory_assets,inventory_assets,inventory_assets,financial_ratio,profitability_and_efficiency,0.0049240036447777665,,0.0049240036447777665
persistent_resilience_next_6obs,robustness_extension,random_forest,isotonic_validation,num__current_ratio,current_ratio,current_ratio,financial_ratio,balance_sheet_leverage_liquidity,0.004921377042989142,,0.004921377042989142
persistent_resilience_next_6obs,robustness_extension,random_forest,isotonic_validation,num__cash_flow_operating,cash_flow_operating,cash_flow_operating,accounting_fundamental,asset_base_liquidity_and_investment,0.004724735621013946,,0.004724735621013946
persistent_resilience_next_6obs,robustness_extension,random_forest,isotonic_validation,num__cash_to_current_liabilities,cash_to_current_liabilities,cash_to_current_liabilities,financial_quality_cashflow,cash_flow_quality,0.004447122199975297,,0.004447122199975297
persistent_resilience_next_6obs,robustness_extension,random_forest,isotonic_validation,num__current_ratio_lag1,current_ratio_lag1,current_ratio_lag1,firm_trend,firm_momentum_or_deterioration,0.004442766668705484,,0.004442766668705484
persistent_resilience_next_6obs,robustness_extension,random_forest,isotonic_validation,num__working_capital_assets,working_capital_assets,working_capital_assets,financial_quality_cashflow,cash_flow_quality,0.0043173243654486635,,0.0043173243654486635
persistent_resilience_next_6obs,robustness_extension,random_forest,isotonic_validation,num__capex_intensity_revenue,capex_intensity_revenue,capex_intensity_revenue,financial_quality_cashflow,cash_flow_quality,0.004315545748762571,,0.004315545748762571
persistent_resilience_next_6obs,robustness_extension,random_forest,isotonic_validation,num__gross_profit,gross_profit,gross_profit,accounting_fundamental,earnings_and_scale,0.0041771080769401605,,0.0041771080769401605
persistent_resilience_next_6obs,robustness_extension,random_forest,isotonic_validation,num__net_margin_change_4obs,net_margin_change_4obs,net_margin_change_4obs,firm_trend,firm_momentum_or_deterioration,0.004164909492318374,,0.004164909492318374
persistent_resilience_next_6obs,robustness_extension,random_forest,isotonic_validation,num__missingindicator_net_margin,Missing value: net_margin,net_margin,missingness_indicator,data_availability_signal,0.004036360902651482,,0.004036360902651482
persistent_resilience_next_6obs,robustness_extension,random_forest,isotonic_validation,num__total_liabilities_growth_4obs,total_liabilities_growth_4obs,total_liabilities_growth_4obs,firm_trend,firm_momentum_or_deterioration,0.0038507185738772,,0.0038507185738772
persistent_resilience_next_6obs,robustness_extension,random_forest,isotonic_validation,cat__Sector_Energy,Sector: Energy,Sector,industry_sector,sector_positioning,0.003817701426663534,,0.003817701426663534
persistent_resilience_next_6obs,robustness_extension,random_forest,isotonic_validation,num__cfo_margin,cfo_margin,cfo_margin,financial_quality_cashflow,cash_flow_quality,0.003810546528111688,,0.003810546528111688
persistent_resilience_next_6obs,robustness_extension,random_forest,isotonic_validation,num__operating_margin_change_4obs,operating_margin_change_4obs,operating_margin_change_4obs,firm_trend,firm_momentum_or_deterioration,0.003509044480903228,,0.003509044480903228
persistent_resilience_next_6obs,robustness_extension,random_forest,isotonic_validation,num__current_assets_growth_4obs,current_assets_growth_4obs,current_assets_growth_4obs,firm_trend,firm_momentum_or_deterioration,0.003471934637167485,,0.003471934637167485
persistent_resilience_next_6obs,robustness_extension,random_forest,isotonic_validation,num__accruals_assets,accruals_assets,accruals_assets,financial_quality_cashflow,cash_flow_quality,0.0033783826629423057,,0.0033783826629423057
persistent_resilience_next_6obs,robustness_extension,random_forest,isotonic_validation,num__cash_assets_change_4obs,cash_assets_change_4obs,cash_assets_change_4obs,firm_trend,firm_momentum_or_deterioration,0.0031470760218338173,,0.0031470760218338173
persistent_resilience_next_6obs,robustness_extension,random_forest,isotonic_validation,num__missingindicator_operating_margin,Missing value: operating_margin,operating_margin,missingness_indicator,data_availability_signal,0.0031404860143341086,,0.0031404860143341086
persistent_resilience_next_6obs,robustness_extension,random_forest,isotonic_validation,num__r_and_d_intensity,r_and_d_intensity,r_and_d_intensity,financial_ratio,profitability_and_efficiency,0.0030734809313909214,,0.0030734809313909214
persistent_resilience_next_6obs,robustness_extension,random_forest,isotonic_validation,num__current_liabilities_growth_4obs,current_liabilities_growth_4obs,current_liabilities_growth_4obs,firm_trend,firm_momentum_or_deterioration,0.0030009987169772674,,0.0030009987169772674
persistent_resilience_next_6obs,robustness_extension,random_forest,isotonic_validation,num__DTWEXBGS,DTWEXBGS,DTWEXBGS,macro_conditions,macro_price_policy_conditions,0.002940958851560658,,0.002940958851560658
persistent_resilience_next_6obs,robustness_extension,random_forest,isotonic_validation,num__missingindicator_operating_income,Missing value: operating_income,operating_income,missingness_indicator,data_availability_signal,0.0028839812794848848,,0.0028839812794848848
persistent_resilience_next_6obs,robustness_extension,random_forest,isotonic_validation,num__short_term_debt,short_term_debt,short_term_debt,accounting_fundamental,balance_sheet_obligations,0.002836079062140532,,0.002836079062140532
persistent_resilience_next_6obs,robustness_extension,random_forest,isotonic_validation,num__missingindicator_total_revenue,Missing value: total_revenue,total_revenue,missingness_indicator,data_availability_signal,0.0027720205418322328,,0.0027720205418322328
persistent_resilience_next_6obs,robustness_extension,random_forest,isotonic_validation,num__RSAFS,RSAFS,RSAFS,macro_conditions,real_activity_conditions,0.002750374055156994,,0.002750374055156994
persistent_resilience_next_6obs,robustness_extension,random_forest,isotonic_validation,num__T10Y3M,T10Y3M,T10Y3M,macro_conditions,credit_and_financial_conditions,0.0027420258169039468,,0.0027420258169039468
persistent_resilience_next_6obs,robustness_extension,random_forest,isotonic_validation,num__BAMLH0A0HYM2,BAMLH0A0HYM2,BAMLH0A0HYM2,macro_conditions,credit_and_financial_conditions,0.0027219122905275156,,0.0027219122905275156
persistent_resilience_next_6obs,robustness_extension,random_forest,isotonic_validation,num__INDPRO,INDPRO,INDPRO,macro_conditions,real_activity_conditions,0.0027205811648797246,,0.0027205811648797246
persistent_resilience_next_6obs,robustness_extension,random_forest,isotonic_validation,num__DTWEXBGS_yoy_pct,DTWEXBGS_yoy_pct,DTWEXBGS_yoy_pct,macro_conditions,macro_price_policy_conditions,0.0026915068133760017,,0.0026915068133760017
persistent_resilience_next_6obs,robustness_extension,random_forest,isotonic_validation,num__PAYEMS,PAYEMS,PAYEMS,macro_conditions,real_activity_conditions,0.002644961808462633,,0.002644961808462633
persistent_resilience_next_6obs,robustness_extension,random_forest,isotonic_validation,num__current_ratio_change_4obs,current_ratio_change_4obs,current_ratio_change_4obs,firm_trend,firm_momentum_or_deterioration,0.0026084238616461168,,0.0026084238616461168
persistent_resilience_next_6obs,robustness_extension,random_forest,isotonic_validation,num__cash_equivalents_growth_4obs,cash_equivalents_growth_4obs,cash_equivalents_growth_4obs,firm_trend,firm_momentum_or_deterioration,0.002549840996747566,,0.002549840996747566
persistent_resilience_next_6obs,robustness_extension,random_forest,isotonic_validation,num__BUSLOANS,BUSLOANS,BUSLOANS,macro_conditions,credit_and_financial_conditions,0.0025190841250439656,,0.0025190841250439656
persistent_resilience_next_6obs,robustness_extension,random_forest,isotonic_validation,num__DCOILWTICO_yoy_pct,DCOILWTICO_yoy_pct,DCOILWTICO_yoy_pct,macro_conditions,macro_price_policy_conditions,0.002464098038781933,,0.002464098038781933
persistent_resilience_next_6obs,robustness_extension,random_forest,isotonic_validation,num__debt_to_cfo,debt_to_cfo,debt_to_cfo,financial_quality_cashflow,cash_flow_quality,0.0024541019440097265,,0.0024541019440097265
persistent_resilience_next_6obs,robustness_extension,random_forest,isotonic_validation,num__VIXCLS,VIXCLS,VIXCLS,macro_conditions,macro_price_policy_conditions,0.0024203361994934794,,0.0024203361994934794
persistent_resilience_next_6obs,robustness_extension,random_forest,isotonic_validation,num__NFCI,NFCI,NFCI,macro_conditions,credit_and_financial_conditions,0.0023764060074381666,,0.0023764060074381666
persistent_resilience_next_6obs,robustness_extension,random_forest,isotonic_validation,num__PAYEMS_yoy_pct,PAYEMS_yoy_pct,PAYEMS_yoy_pct,macro_conditions,real_activity_conditions,0.0023566266141335722,,0.0023566266141335722
persistent_resilience_next_6obs,robustness_extension,random_forest,isotonic_validation,num__T10Y2Y,T10Y2Y,T10Y2Y,macro_conditions,credit_and_financial_conditions,0.0023276980867612783,,0.0023276980867612783
persistent_resilience_next_6obs,robustness_extension,random_forest,isotonic_validation,num__M2SL,M2SL,M2SL,macro_conditions,macro_price_policy_conditions,0.002319112831707006,,0.002319112831707006
persistent_resilience_next_6obs,robustness_extension,random_forest,isotonic_validation,num__gross_margin,gross_margin,gross_margin,financial_ratio,profitability_and_efficiency,0.0022788781487044643,,0.0022788781487044643
persistent_resilience_next_6obs,robustness_extension,random_forest,isotonic_validation,num__CPIAUCSL,CPIAUCSL,CPIAUCSL,macro_conditions,macro_price_policy_conditions,0.0022683026156983376,,0.0022683026156983376
persistent_resilience_next_6obs,robustness_extension,random_forest,isotonic_validation,num__gross_margin_lag1,gross_margin_lag1,gross_margin_lag1,firm_trend,firm_momentum_or_deterioration,0.002258320438170921,,0.002258320438170921
persistent_resilience_next_6obs,robustness_extension,random_forest,isotonic_validation,num__DCOILWTICO,DCOILWTICO,DCOILWTICO,macro_conditions,macro_price_policy_conditions,0.0022506520695432224,,0.0022506520695432224
persistent_resilience_next_6obs,robustness_extension,random_forest,isotonic_validation,num__USEPUINDXD,USEPUINDXD,USEPUINDXD,macro_conditions,macro_price_policy_conditions,0.0021591465048442287,,0.0021591465048442287
persistent_resilience_next_6obs,robustness_extension,random_forest,isotonic_validation,num__UNRATE,UNRATE,UNRATE,macro_conditions,real_activity_conditions,0.0021502056058199472,,0.0021502056058199472
persistent_resilience_next_6obs,robustness_extension,random_forest,isotonic_validation,num__BUSLOANS_yoy_pct,BUSLOANS_yoy_pct,BUSLOANS_yoy_pct,macro_conditions,credit_and_financial_conditions,0.0021295588161786556,,0.0021295588161786556
persistent_resilience_next_6obs,robustness_extension,random_forest,isotonic_validation,num__HOUST_yoy_pct,HOUST_yoy_pct,HOUST_yoy_pct,macro_conditions,real_activity_conditions,0.002035738568283121,,0.002035738568283121
persistent_resilience_next_6obs,robustness_extension,random_forest,isotonic_validation,num__GDPC1,GDPC1,GDPC1,macro_conditions,real_activity_conditions,0.0020338294186315396,,0.0020338294186315396
persistent_resilience_next_6obs,robustness_extension,random_forest,isotonic_validation,num__PPIACO_yoy_pct,PPIACO_yoy_pct,PPIACO_yoy_pct,macro_conditions,macro_price_policy_conditions,0.0019769278139263827,,0.0019769278139263827
persistent_resilience_next_6obs,robustness_extension,random_forest,isotonic_validation,num__HOUST,HOUST,HOUST,macro_conditions,real_activity_conditions,0.001948651618049324,,0.001948651618049324
persistent_resilience_next_6obs,robustness_extension,random_forest,isotonic_validation,num__missingindicator_current_ratio,Missing value: current_ratio,current_ratio,missingness_indicator,data_availability_signal,0.001934563370998779,,0.001934563370998779
persistent_resilience_next_6obs,robustness_extension,random_forest,isotonic_validation,num__missingindicator_operating_margin_lag1,Missing value: operating_margin_lag1,operating_margin_lag1,missingness_indicator,data_availability_signal,0.0018366486968784464,,0.0018366486968784464
persistent_resilience_next_6obs,robustness_extension,random_forest,isotonic_validation,num__INDPRO_yoy_pct,INDPRO_yoy_pct,INDPRO_yoy_pct,macro_conditions,real_activity_conditions,0.0018144695014132412,,0.0018144695014132412
persistent_resilience_next_6obs,robustness_extension,random_forest,isotonic_validation,num__M2SL_yoy_pct,M2SL_yoy_pct,M2SL_yoy_pct,macro_conditions,macro_price_policy_conditions,0.0017873187805785761,,0.0017873187805785761
persistent_resilience_next_6obs,robustness_extension,random_forest,isotonic_validation,num__GS10,GS10,GS10,macro_conditions,macro_price_policy_conditions,0.0017822526700332407,,0.0017822526700332407
persistent_resilience_next_6obs,robustness_extension,random_forest,isotonic_validation,num__missingindicator_current_liabilities,Missing value: current_liabilities,current_liabilities,missingness_indicator,data_availability_signal,0.0017528390076906458,,0.0017528390076906458
persistent_resilience_next_6obs,robustness_extension,random_forest,isotonic_validation,num__CPIAUCSL_yoy_pct,CPIAUCSL_yoy_pct,CPIAUCSL_yoy_pct,macro_conditions,macro_price_policy_conditions,0.001744972456476913,,0.001744972456476913
persistent_resilience_next_6obs,robustness_extension,random_forest,isotonic_validation,num__PPIACO,PPIACO,PPIACO,macro_conditions,macro_price_policy_conditions,0.0017171805852368022,,0.0017171805852368022
persistent_resilience_next_6obs,robustness_extension,random_forest,isotonic_validation,num__missingindicator_capex_intensity_revenue,Missing value: capex_intensity_revenue,capex_intensity_revenue,missingness_indicator,data_availability_signal,0.0016881378125010974,,0.0016881378125010974
persistent_resilience_next_6obs,robustness_extension,random_forest,isotonic_validation,num__missingindicator_net_margin_lag1,Missing value: net_margin_lag1,net_margin_lag1,missingness_indicator,data_availability_signal,0.0016548773277688543,,0.0016548773277688543
persistent_resilience_next_6obs,robustness_extension,random_forest,isotonic_validation,num__RSAFS_yoy_pct,RSAFS_yoy_pct,RSAFS_yoy_pct,macro_conditions,real_activity_conditions,0.0015661723970488897,,0.0015661723970488897
persistent_resilience_next_6obs,robustness_extension,random_forest,isotonic_validation,num__missingindicator_current_assets,Missing value: current_assets,current_assets,missingness_indicator,data_availability_signal,0.001481774139618424,,0.001481774139618424
persistent_resilience_next_6obs,robustness_extension,random_forest,isotonic_validation,num__missingindicator_receivables_assets,Missing value: receivables_assets,receivables_assets,missingness_indicator,data_availability_signal,0.0014349009088245911,,0.0014349009088245911
persistent_resilience_next_6obs,robustness_extension,random_forest,isotonic_validation,num__DRTSCILM,DRTSCILM,DRTSCILM,macro_conditions,credit_and_financial_conditions,0.0014166706096313685,,0.0014166706096313685
persistent_resilience_next_6obs,robustness_extension,random_forest,isotonic_validation,num__FEDFUNDS,FEDFUNDS,FEDFUNDS,macro_conditions,macro_price_policy_conditions,0.00140690535686693,,0.00140690535686693
persistent_resilience_next_6obs,robustness_extension,random_forest,isotonic_validation,cat__Sector_Communication Services,Sector: Communication Services,Sector,industry_sector,sector_positioning,0.0013909562549346561,,0.0013909562549346561
persistent_resilience_next_6obs,robustness_extension,random_forest,isotonic_validation,num__missingindicator_working_capital_assets,Missing value: working_capital_assets,working_capital_assets,missingness_indicator,data_availability_signal,0.0013076560704889575,,0.0013076560704889575
persistent_resilience_next_6obs,robustness_extension,random_forest,isotonic_validation,num__missingindicator_cash_to_current_liabilities,Missing value: cash_to_current_liabilities,cash_to_current_liabilities,missingness_indicator,data_availability_signal,0.0012923211776872624,,0.0012923211776872624
persistent_resilience_next_6obs,robustness_extension,random_forest,isotonic_validation,num__gross_margin_change_4obs,gross_margin_change_4obs,gross_margin_change_4obs,firm_trend,firm_momentum_or_deterioration,0.0012329806232703813,,0.0012329806232703813
persistent_resilience_next_6obs,robustness_extension,random_forest,isotonic_validation,num__missingindicator_current_ratio_lag1,Missing value: current_ratio_lag1,current_ratio_lag1,missingness_indicator,data_availability_signal,0.0011637249819266837,,0.0011637249819266837
persistent_resilience_next_6obs,robustness_extension,random_forest,isotonic_validation,num__missingindicator_current_liabilities_growth_4obs,Missing value: current_liabilities_growth_4obs,current_liabilities_growth_4obs,missingness_indicator,data_availability_signal,0.0010527638039936242,,0.0010527638039936242
persistent_resilience_next_6obs,robustness_extension,random_forest,isotonic_validation,num__missingindicator_inventory_assets,Missing value: inventory_assets,inventory_assets,missingness_indicator,data_availability_signal,0.001018883216083794,,0.001018883216083794
persistent_resilience_next_6obs,robustness_extension,random_forest,isotonic_validation,num__missingindicator_r_and_d_intensity,Missing value: r_and_d_intensity,r_and_d_intensity,missingness_indicator,data_availability_signal,0.0009155026733061565,,0.0009155026733061565
persistent_resilience_next_6obs,robustness_extension,random_forest,isotonic_validation,num__missingindicator_short_term_debt,Missing value: short_term_debt,short_term_debt,missingness_indicator,data_availability_signal,0.0008866558949266901,,0.0008866558949266901
persistent_resilience_next_6obs,robustness_extension,random_forest,isotonic_validation,num__missingindicator_net_margin_change_4obs,Missing value: net_margin_change_4obs,net_margin_change_4obs,missingness_indicator,data_availability_signal,0.0008137727573388166,,0.0008137727573388166
persistent_resilience_next_6obs,robustness_extension,random_forest,isotonic_validation,num__policy_uncertainty_score,policy_uncertainty_score,policy_uncertainty_score,market_health_v2,market_stress_regime,0.0007927065286402617,,0.0007927065286402617
persistent_resilience_next_6obs,robustness_extension,random_forest,isotonic_validation,cat__Sector_Technology,Sector: Technology,Sector,industry_sector,sector_positioning,0.0007818559263022558,,0.0007818559263022558
persistent_resilience_next_6obs,robustness_extension,random_forest,isotonic_validation,num__missingindicator_cfo_margin,Missing value: cfo_margin,cfo_margin,missingness_indicator,data_availability_signal,0.0007680815348679209,,0.0007680815348679209
persistent_resilience_next_6obs,robustness_extension,random_forest,isotonic_validation,num__missingindicator_gross_margin_lag1,Missing value: gross_margin_lag1,gross_margin_lag1,missingness_indicator,data_availability_signal,0.0007653253025813694,,0.0007653253025813694
persistent_resilience_next_6obs,robustness_extension,random_forest,isotonic_validation,num__missingindicator_operating_margin_change_4obs,Missing value: operating_margin_change_4obs,operating_margin_change_4obs,missingness_indicator,data_availability_signal,0.0007638599514825521,,0.0007638599514825521
persistent_resilience_next_6obs,robustness_extension,random_forest,isotonic_validation,cat__Sector_Industrials,Sector: Industrials,Sector,industry_sector,sector_positioning,0.0007550408387110977,,0.0007550408387110977
persistent_resilience_next_6obs,robustness_extension,random_forest,isotonic_validation,num__missingindicator_capex,Missing value: capex,capex,missingness_indicator,data_availability_signal,0.0007041533568488015,,0.0007041533568488015
persistent_resilience_next_6obs,robustness_extension,random_forest,isotonic_validation,num__missingindicator_long_term_debt,Missing value: long_term_debt,long_term_debt,missingness_indicator,data_availability_signal,0.0006900935473309536,,0.0006900935473309536
persistent_resilience_next_6obs,robustness_extension,random_forest,isotonic_validation,num__missingindicator_total_revenue_growth_4obs,Missing value: total_revenue_growth_4obs,total_revenue_growth_4obs,missingness_indicator,data_availability_signal,0.000679530585725019,,0.000679530585725019
persistent_resilience_next_6obs,robustness_extension,random_forest,isotonic_validation,num__missingindicator_capex_intensity_assets,Missing value: capex_intensity_assets,capex_intensity_assets,missingness_indicator,data_availability_signal,0.0006549775190466038,,0.0006549775190466038
persistent_resilience_next_6obs,robustness_extension,random_forest,isotonic_validation,num__missingindicator_current_ratio_change_4obs,Missing value: current_ratio_change_4obs,current_ratio_change_4obs,missingness_indicator,data_availability_signal,0.000631189486822674,,0.000631189486822674
persistent_resilience_next_6obs,robustness_extension,random_forest,isotonic_validation,cat__Sector_Consumer Cyclical,Sector: Consumer Cyclical,Sector,industry_sector,sector_positioning,0.0006302945390295646,,0.0006302945390295646
persistent_resilience_next_6obs,robustness_extension,random_forest,isotonic_validation,num__missingindicator_current_assets_growth_4obs,Missing value: current_assets_growth_4obs,current_assets_growth_4obs,missingness_indicator,data_availability_signal,0.0006238112908449058,,0.0006238112908449058
persistent_resilience_next_6obs,robustness_extension,random_forest,isotonic_validation,num__missingindicator_gross_profit,Missing value: gross_profit,gross_profit,missingness_indicator,data_availability_signal,0.0006174741426805778,,0.0006174741426805778
persistent_resilience_next_6obs,robustness_extension,random_forest,isotonic_validation,num__missingindicator_gross_margin_change_4obs,Missing value: gross_margin_change_4obs,gross_margin_change_4obs,missingness_indicator,data_availability_signal,0.0006033003152226194,,0.0006033003152226194
persistent_resilience_next_6obs,robustness_extension,random_forest,isotonic_validation,num__missingindicator_total_liabilities,Missing value: total_liabilities,total_liabilities,missingness_indicator,data_availability_signal,0.0006026206802065613,,0.0006026206802065613
persistent_resilience_next_6obs,robustness_extension,random_forest,isotonic_validation,num__global_event_severity_sum,global_event_severity_sum,global_event_severity_sum,global_event_context,global_event_exposure,0.0005948593954540711,,0.0005948593954540711
persistent_resilience_next_6obs,robustness_extension,random_forest,isotonic_validation,num__missingindicator_gross_margin,Missing value: gross_margin,gross_margin,missingness_indicator,data_availability_signal,0.0005889508428582596,,0.0005889508428582596
persistent_resilience_next_6obs,robustness_extension,random_forest,isotonic_validation,num__market_health_score_v2,market_health_score_v2,market_health_score_v2,market_health_v2,market_stress_regime,0.000587031096453084,,0.000587031096453084
persistent_resilience_next_6obs,robustness_extension,random_forest,isotonic_validation,num__prediction_quarter,prediction_quarter,prediction_quarter,accounting_fundamental,accounting_fundamentals,0.0005855209296661806,,0.0005855209296661806
persistent_resilience_next_6obs,robustness_extension,random_forest,isotonic_validation,cat__Sector_Real Estate,Sector: Real Estate,Sector,industry_sector,sector_positioning,0.000579292057926238,,0.000579292057926238
persistent_resilience_next_6obs,robustness_extension,random_forest,isotonic_validation,num__missingindicator_cash_flow_operating,Missing value: cash_flow_operating,cash_flow_operating,missingness_indicator,data_availability_signal,0.0005683940862803162,,0.0005683940862803162
persistent_resilience_next_6obs,robustness_extension,random_forest,isotonic_validation,num__missingindicator_cfo_assets,Missing value: cfo_assets,cfo_assets,missingness_indicator,data_availability_signal,0.0005572945579652847,,0.0005572945579652847
persistent_resilience_next_6obs,robustness_extension,random_forest,isotonic_validation,num__market_stress_score_v2,market_stress_score_v2,market_stress_score_v2,market_health_v2,market_stress_regime,0.0005536716231268436,,0.0005536716231268436
persistent_resilience_next_6obs,robustness_extension,random_forest,isotonic_validation,num__missingindicator_leverage_assets,Missing value: leverage_assets,leverage_assets,missingness_indicator,data_availability_signal,0.0005273460968183419,,0.0005273460968183419
persistent_resilience_next_6obs,robustness_extension,random_forest,isotonic_validation,num__missingindicator_debt_to_cfo,Missing value: debt_to_cfo,debt_to_cfo,missingness_indicator,data_availability_signal,0.0005243583481337625,,0.0005243583481337625
persistent_resilience_next_6obs,robustness_extension,random_forest,isotonic_validation,num__missingindicator_leverage_assets_lag1,Missing value: leverage_assets_lag1,leverage_assets_lag1,missingness_indicator,data_availability_signal,0.0005189850549625779,,0.0005189850549625779
persistent_resilience_next_6obs,robustness_extension,random_forest,isotonic_validation,num__global_event_commodity_oil_count,global_event_commodity_oil_count,global_event_commodity_oil_count,global_event_context,global_event_exposure,0.0004971572514494525,,0.0004971572514494525
persistent_resilience_next_6obs,robustness_extension,random_forest,isotonic_validation,num__global_event_count,global_event_count,global_event_count,global_event_context,global_event_exposure,0.0004936966392008038,,0.0004936966392008038
persistent_resilience_next_6obs,robustness_extension,random_forest,isotonic_validation,num__missingindicator_accruals_assets,Missing value: accruals_assets,accruals_assets,missingness_indicator,data_availability_signal,0.0004931901528585812,,0.0004931901528585812
persistent_resilience_next_6obs,robustness_extension,random_forest,isotonic_validation,num__missingindicator_cash_equivalents,Missing value: cash_equivalents,cash_equivalents,missingness_indicator,data_availability_signal,0.0004533815938550267,,0.0004533815938550267
persistent_resilience_next_6obs,robustness_extension,random_forest,isotonic_validation,num__credit_stress_score,credit_stress_score,credit_stress_score,market_health_v2,market_stress_regime,0.00042290543051037014,,0.00042290543051037014
persistent_resilience_next_6obs,robustness_extension,random_forest,isotonic_validation,num__global_event_commodity_oil_severity,global_event_commodity_oil_severity,global_event_commodity_oil_severity,global_event_context,global_event_exposure,0.00036819216873158604,,0.00036819216873158604
persistent_resilience_next_6obs,robustness_extension,random_forest,isotonic_validation,num__real_activity_pressure_score,real_activity_pressure_score,real_activity_pressure_score,market_health_v2,market_stress_regime,0.0003583673596498714,,0.0003583673596498714
persistent_resilience_next_6obs,robustness_extension,random_forest,isotonic_validation,cat__Sector_Healthcare,Sector: Healthcare,Sector,industry_sector,sector_positioning,0.00032809347695171836,,0.00032809347695171836
persistent_resilience_next_6obs,robustness_extension,random_forest,isotonic_validation,cat__Sector_Utilities,Sector: Utilities,Sector,industry_sector,sector_positioning,0.00030652439761779743,,0.00030652439761779743
persistent_resilience_next_6obs,robustness_extension,random_forest,isotonic_validation,num__missingindicator_roa_lag1,Missing value: roa_lag1,roa_lag1,missingness_indicator,data_availability_signal,0.00030208921284972473,,0.00030208921284972473
persistent_resilience_next_6obs,robustness_extension,random_forest,isotonic_validation,num__global_event_sovereign_debt_severity,global_event_sovereign_debt_severity,global_event_sovereign_debt_severity,global_event_context,global_event_exposure,0.00026162582876477445,,0.00026162582876477445
persistent_resilience_next_6obs,robustness_extension,random_forest,isotonic_validation,num__missingindicator_cash_assets_lag1,Missing value: cash_assets_lag1,cash_assets_lag1,missingness_indicator,data_availability_signal,0.0002455773545841226,,0.0002455773545841226
persistent_resilience_next_6obs,robustness_extension,random_forest,isotonic_validation,num__missingindicator_leverage_assets_change_4obs,Missing value: leverage_assets_change_4obs,leverage_assets_change_4obs,missingness_indicator,data_availability_signal,0.0002440189267185907,,0.0002440189267185907
persistent_resilience_next_6obs,robustness_extension,random_forest,isotonic_validation,num__missingindicator_cash_equivalents_growth_4obs,Missing value: cash_equivalents_growth_4obs,cash_equivalents_growth_4obs,missingness_indicator,data_availability_signal,0.00023707124513907497,,0.00023707124513907497
persistent_resilience_next_6obs,robustness_extension,random_forest,isotonic_validation,num__missingindicator_roa,Missing value: roa,roa,missingness_indicator,data_availability_signal,0.00022826214846499818,,0.00022826214846499818
persistent_resilience_next_6obs,robustness_extension,random_forest,isotonic_validation,num__missingindicator_cash_assets_change_4obs,Missing value: cash_assets_change_4obs,cash_assets_change_4obs,missingness_indicator,data_availability_signal,0.00021537399892425276,,0.00021537399892425276
persistent_resilience_next_6obs,robustness_extension,random_forest,isotonic_validation,cat__Sector_Basic Materials,Sector: Basic Materials,Sector,industry_sector,sector_positioning,0.0002116432903638455,,0.0002116432903638455
persistent_resilience_next_6obs,robustness_extension,random_forest,isotonic_validation,num__credit_spread_stress_regime,credit_spread_stress_regime,credit_spread_stress_regime,accounting_fundamental,accounting_fundamentals,0.00020974602645579076,,0.00020974602645579076
persistent_resilience_next_6obs,robustness_extension,random_forest,isotonic_validation,num__missingindicator_total_liabilities_growth_4obs,Missing value: total_liabilities_growth_4obs,total_liabilities_growth_4obs,missingness_indicator,data_availability_signal,0.00020342453243658986,,0.00020342453243658986
persistent_resilience_next_6obs,robustness_extension,random_forest,isotonic_validation,num__missingindicator_equity_assets,Missing value: equity_assets,equity_assets,missingness_indicator,data_availability_signal,0.00018900675118139958,,0.00018900675118139958
persistent_resilience_next_6obs,robustness_extension,random_forest,isotonic_validation,num__strong_dollar_regime,strong_dollar_regime,strong_dollar_regime,accounting_fundamental,accounting_fundamentals,0.00018718790762892122,,0.00018718790762892122
persistent_resilience_next_6obs,robustness_extension,random_forest,isotonic_validation,num__missingindicator_roa_change_4obs,Missing value: roa_change_4obs,roa_change_4obs,missingness_indicator,data_availability_signal,0.00017257990541555884,,0.00017257990541555884
persistent_resilience_next_6obs,robustness_extension,random_forest,isotonic_validation,num__missingindicator_total_assets_growth_4obs,Missing value: total_assets_growth_4obs,total_assets_growth_4obs,missingness_indicator,data_availability_signal,0.00015946306958684943,,0.00015946306958684943
persistent_resilience_next_6obs,robustness_extension,random_forest,isotonic_validation,num__credit_tightening_regime,credit_tightening_regime,credit_tightening_regime,accounting_fundamental,accounting_fundamentals,0.00014571256504477195,,0.00014571256504477195
persistent_resilience_next_6obs,robustness_extension,random_forest,isotonic_validation,num__global_event_sovereign_debt_count,global_event_sovereign_debt_count,global_event_sovereign_debt_count,global_event_context,global_event_exposure,0.00013778195559012834,,0.00013778195559012834
persistent_resilience_next_6obs,robustness_extension,random_forest,isotonic_validation,num__missingindicator_total_equity,Missing value: total_equity,total_equity,missingness_indicator,data_availability_signal,0.00013263547339729807,,0.00013263547339729807
persistent_resilience_next_6obs,robustness_extension,random_forest,isotonic_validation,num__oil_shock_regime,oil_shock_regime,oil_shock_regime,accounting_fundamental,accounting_fundamentals,0.00012713524266179933,,0.00012713524266179933
persistent_resilience_next_6obs,robustness_extension,random_forest,isotonic_validation,num__stress_elevated_v2,stress_elevated_v2,stress_elevated_v2,market_health_v2,market_stress_regime,0.00011340457132276363,,0.00011340457132276363
persistent_resilience_next_6obs,robustness_extension,random_forest,isotonic_validation,num__missingindicator_cash_assets,Missing value: cash_assets,cash_assets,missingness_indicator,data_availability_signal,0.00011108537399388501,,0.00011108537399388501
persistent_resilience_next_6obs,robustness_extension,random_forest,isotonic_validation,num__missingindicator_net_income,Missing value: net_income,net_income,missingness_indicator,data_availability_signal,7.614730604964895e-05,,7.614730604964895e-05
persistent_resilience_next_6obs,robustness_extension,random_forest,isotonic_validation,cat__Sector_Consumer Defensive,Sector: Consumer Defensive,Sector,industry_sector,sector_positioning,7.36286336402319e-05,,7.36286336402319e-05
persistent_resilience_next_6obs,robustness_extension,random_forest,isotonic_validation,num__global_event_political_policy_severity,global_event_political_policy_severity,global_event_political_policy_severity,global_event_context,global_event_exposure,7.216110478745912e-05,,7.216110478745912e-05
persistent_resilience_next_6obs,robustness_extension,random_forest,isotonic_validation,num__global_event_natural_disaster_count,global_event_natural_disaster_count,global_event_natural_disaster_count,global_event_context,global_event_exposure,6.804018323068994e-05,,6.804018323068994e-05
persistent_resilience_next_6obs,robustness_extension,random_forest,isotonic_validation,num__global_event_political_policy_count,global_event_political_policy_count,global_event_political_policy_count,global_event_context,global_event_exposure,6.434658643965908e-05,,6.434658643965908e-05
persistent_resilience_next_6obs,robustness_extension,random_forest,isotonic_validation,num__missingindicator_total_assets,Missing value: total_assets,total_assets,missingness_indicator,data_availability_signal,6.0333799245460105e-05,,6.0333799245460105e-05
persistent_resilience_next_6obs,robustness_extension,random_forest,isotonic_validation,num__global_event_trade_policy_count,global_event_trade_policy_count,global_event_trade_policy_count,global_event_context,global_event_exposure,5.00619462754718e-05,,5.00619462754718e-05
persistent_resilience_next_6obs,robustness_extension,random_forest,isotonic_validation,num__global_event_natural_disaster_severity,global_event_natural_disaster_severity,global_event_natural_disaster_severity,global_event_context,global_event_exposure,4.8471280242908636e-05,,4.8471280242908636e-05
persistent_resilience_next_6obs,robustness_extension,random_forest,isotonic_validation,num__market_stress_regime,market_stress_regime,market_stress_regime,accounting_fundamental,accounting_fundamentals,4.834093960797181e-05,,4.834093960797181e-05
persistent_resilience_next_6obs,robustness_extension,random_forest,isotonic_validation,num__global_event_trade_policy_severity,global_event_trade_policy_severity,global_event_trade_policy_severity,global_event_context,global_event_exposure,4.685135530463176e-05,,4.685135530463176e-05
persistent_resilience_next_6obs,robustness_extension,random_forest,isotonic_validation,num__global_event_financial_market_count,global_event_financial_market_count,global_event_financial_market_count,global_event_context,global_event_exposure,4.348482099326107e-05,,4.348482099326107e-05
persistent_resilience_next_6obs,robustness_extension,random_forest,isotonic_validation,num__global_event_financial_market_severity,global_event_financial_market_severity,global_event_financial_market_severity,global_event_context,global_event_exposure,3.212676298509121e-05,,3.212676298509121e-05
persistent_resilience_next_6obs,robustness_extension,random_forest,isotonic_validation,cat__Sector_Agriculture,Sector: Agriculture,Sector,industry_sector,sector_positioning,2.1390234554422868e-05,,2.1390234554422868e-05
persistent_resilience_next_6obs,robustness_extension,random_forest,isotonic_validation,num__tight_financial_conditions,tight_financial_conditions,tight_financial_conditions,accounting_fundamental,accounting_fundamentals,1.6833591473267018e-05,,1.6833591473267018e-05
persistent_resilience_next_6obs,robustness_extension,random_forest,isotonic_validation,num__crisis_regime,crisis_regime,crisis_regime,accounting_fundamental,accounting_fundamentals,1.3988138014269412e-05,,1.3988138014269412e-05
persistent_resilience_next_6obs,robustness_extension,random_forest,isotonic_validation,num__demand_slowdown_regime,demand_slowdown_regime,demand_slowdown_regime,accounting_fundamental,accounting_fundamentals,1.2867231534619826e-05,,1.2867231534619826e-05
persistent_resilience_next_6obs,robustness_extension,random_forest,isotonic_validation,num__missingindicator_DTWEXBGS_yoy_pct,Missing value: DTWEXBGS_yoy_pct,DTWEXBGS_yoy_pct,missingness_indicator,data_availability_signal,1.283096863399501e-05,,1.283096863399501e-05
persistent_resilience_next_6obs,robustness_extension,random_forest,isotonic_validation,num__global_event_financial_crisis_severity,global_event_financial_crisis_severity,global_event_financial_crisis_severity,global_event_context,global_event_exposure,9.53124771101128e-06,,9.53124771101128e-06
persistent_resilience_next_6obs,robustness_extension,random_forest,isotonic_validation,num__global_event_financial_crisis_count,global_event_financial_crisis_count,global_event_financial_crisis_count,global_event_context,global_event_exposure,6.286956595104821e-06,,6.286956595104821e-06
persistent_resilience_next_6obs,robustness_extension,random_forest,isotonic_validation,cat__Sector_Consumer Discretionary,Sector: Consumer Discretionary,Sector,industry_sector,sector_positioning,2.9426396993782202e-06,,2.9426396993782202e-06
persistent_resilience_next_6obs,robustness_extension,random_forest,isotonic_validation,num__missingindicator_T10Y2Y,Missing value: T10Y2Y,T10Y2Y,missingness_indicator,data_availability_signal,1.937557678987586e-06,,1.937557678987586e-06
persistent_resilience_next_6obs,robustness_extension,random_forest,isotonic_validation,num__missingindicator_T10Y3M,Missing value: T10Y3M,T10Y3M,missingness_indicator,data_availability_signal,1.774342986087097e-06,,1.774342986087097e-06
persistent_resilience_next_6obs,robustness_extension,random_forest,isotonic_validation,num__missingindicator_DTWEXBGS,Missing value: DTWEXBGS,DTWEXBGS,missingness_indicator,data_availability_signal,1.1234997423197893e-06,,1.1234997423197893e-06
persistent_resilience_next_6obs,robustness_extension,random_forest,isotonic_validation,num__missingindicator_DCOILWTICO_yoy_pct,Missing value: DCOILWTICO_yoy_pct,DCOILWTICO_yoy_pct,missingness_indicator,data_availability_signal,1.7766169063133278e-07,,1.7766169063133278e-07
persistent_resilience_next_6obs,robustness_extension,random_forest,isotonic_validation,num__global_event_supply_chain_severity,global_event_supply_chain_severity,global_event_supply_chain_severity,global_event_context,global_event_exposure,0.0,,0.0
persistent_resilience_next_6obs,robustness_extension,random_forest,isotonic_validation,num__global_event_pandemic_severity,global_event_pandemic_severity,global_event_pandemic_severity,global_event_context,global_event_exposure,0.0,,0.0
persistent_resilience_next_6obs,robustness_extension,random_forest,isotonic_validation,num__global_event_supply_chain_count,global_event_supply_chain_count,global_event_supply_chain_count,global_event_context,global_event_exposure,0.0,,0.0
persistent_resilience_next_6obs,robustness_extension,random_forest,isotonic_validation,num__high_rate_regime,high_rate_regime,high_rate_regime,accounting_fundamental,accounting_fundamentals,0.0,,0.0
persistent_resilience_next_6obs,robustness_extension,random_forest,isotonic_validation,num__yield_curve_inversion_regime,yield_curve_inversion_regime,yield_curve_inversion_regime,accounting_fundamental,accounting_fundamentals,0.0,,0.0
persistent_resilience_next_6obs,robustness_extension,random_forest,isotonic_validation,num__inflation_pressure_regime,inflation_pressure_regime,inflation_pressure_regime,accounting_fundamental,accounting_fundamentals,0.0,,0.0
persistent_resilience_next_6obs,robustness_extension,random_forest,isotonic_validation,num__missingindicator_VIXCLS,Missing value: VIXCLS,VIXCLS,missingness_indicator,data_availability_signal,0.0,,0.0
persistent_resilience_next_6obs,robustness_extension,random_forest,isotonic_validation,num__global_event_pandemic_count,global_event_pandemic_count,global_event_pandemic_count,global_event_context,global_event_exposure,0.0,,0.0
persistent_resilience_next_6obs,robustness_extension,random_forest,isotonic_validation,num__global_event_monetary_inflation_count,global_event_monetary_inflation_count,global_event_monetary_inflation_count,global_event_context,global_event_exposure,0.0,,0.0
persistent_resilience_next_6obs,robustness_extension,random_forest,isotonic_validation,num__global_event_geopolitical_war_severity,global_event_geopolitical_war_severity,global_event_geopolitical_war_severity,global_event_context,global_event_exposure,0.0,,0.0
persistent_resilience_next_6obs,robustness_extension,random_forest,isotonic_validation,num__global_event_geopolitical_war_count,global_event_geopolitical_war_count,global_event_geopolitical_war_count,global_event_context,global_event_exposure,0.0,,0.0
persistent_resilience_next_6obs,robustness_extension,random_forest,isotonic_validation,num__global_event_banking_stress_count,global_event_banking_stress_count,global_event_banking_stress_count,global_event_context,global_event_exposure,0.0,,0.0
persistent_resilience_next_6obs,robustness_extension,random_forest,isotonic_validation,num__global_event_banking_stress_severity,global_event_banking_stress_severity,global_event_banking_stress_severity,global_event_context,global_event_exposure,0.0,,0.0
persistent_resilience_next_6obs,robustness_extension,random_forest,isotonic_validation,num__missingindicator_BAMLH0A0HYM2,Missing value: BAMLH0A0HYM2,BAMLH0A0HYM2,missingness_indicator,data_availability_signal,0.0,,0.0
persistent_resilience_next_6obs,robustness_extension,random_forest,isotonic_validation,num__missingindicator_DCOILWTICO,Missing value: DCOILWTICO,DCOILWTICO,missingness_indicator,data_availability_signal,0.0,,0.0
persistent_resilience_next_6obs,robustness_extension,random_forest,isotonic_validation,num__global_event_monetary_inflation_severity,global_event_monetary_inflation_severity,global_event_monetary_inflation_severity,global_event_context,global_event_exposure,0.0,,0.0
