target,target_family,model,calibrator,feature,feature_clean,base_feature,feature_group,reason_code,test_spearman_feature_vs_score,test_top_decile_mean,test_rest_mean,test_top_decile_minus_rest,test_positive_class_mean,test_negative_class_mean,test_positive_minus_negative,direction_label,direction_interpretation
industry_relative_resilience_next_4obs,validated_secondary_production,random_forest,isotonic_validation,num__equity_assets,equity_assets,equity_assets,financial_ratio,balance_sheet_leverage_liquidity,0.6343521871036333,0.6438679914904604,-0.17643361357556642,0.8203016050660268,0.2337698777656069,-0.3215482824963729,0.5553181602619798,higher_values_associated_with_higher_model_score,Association with model score on the temporal test split; not a causal effect.
industry_relative_resilience_next_4obs,validated_secondary_production,random_forest,isotonic_validation,num__leverage_assets,leverage_assets,leverage_assets,financial_ratio,balance_sheet_leverage_liquidity,-0.6304107543111893,-0.6284719708343589,0.182389657105927,-0.8108616279402859,-0.226530319092661,0.3282175872620316,-0.5547479063546926,lower_values_associated_with_higher_model_score,Association with model score on the temporal test split; not a causal effect.
industry_relative_resilience_next_4obs,validated_secondary_production,random_forest,isotonic_validation,num__roa,roa,roa,financial_ratio,profitability_and_efficiency,0.5673990343876573,0.2558242477104453,0.03383909266941879,0.22198515504102653,0.16372936922725642,-0.018524537637271157,0.18225390686452758,higher_values_associated_with_higher_model_score,Association with model score on the temporal test split; not a causal effect.
industry_relative_resilience_next_4obs,validated_secondary_production,random_forest,isotonic_validation,num__roa_lag1,roa_lag1,roa_lag1,firm_trend,firm_momentum_or_deterioration,0.5503145137687964,0.26575888047838836,0.03534245373460535,0.23041642674378301,0.16364965617028265,-0.014491568701498633,0.1781412248717813,higher_values_associated_with_higher_model_score,Association with model score on the temporal test split; not a causal effect.
industry_relative_resilience_next_4obs,validated_secondary_production,random_forest,isotonic_validation,num__leverage_assets_lag1,leverage_assets_lag1,leverage_assets_lag1,firm_trend,firm_momentum_or_deterioration,-0.6172092689741764,-0.629275621656992,0.18378334267635574,-0.8130589643333478,-0.21937960142047866,0.32524622939267067,-0.5446258308131493,lower_values_associated_with_higher_model_score,Association with model score on the temporal test split; not a causal effect.
industry_relative_resilience_next_4obs,validated_secondary_production,random_forest,isotonic_validation,num__net_margin,net_margin,net_margin,financial_ratio,profitability_and_efficiency,0.5407813912317408,0.11503199405927249,0.07132935106599583,0.043702642993276655,0.1321816951619138,0.036557265478097636,0.09562442968381617,higher_values_associated_with_higher_model_score,Association with model score on the temporal test split; not a causal effect.
industry_relative_resilience_next_4obs,validated_secondary_production,random_forest,isotonic_validation,num__net_margin_lag1,net_margin_lag1,net_margin_lag1,firm_trend,firm_momentum_or_deterioration,0.5200570852158096,0.11506149115838703,0.0738961588480315,0.04116533231035553,0.13032351658509156,0.04176138417727502,0.08856213240781655,higher_values_associated_with_higher_model_score,Association with model score on the temporal test split; not a causal effect.
industry_relative_resilience_next_4obs,validated_secondary_production,random_forest,isotonic_validation,num__net_income,net_income,net_income,accounting_fundamental,earnings_and_scale,0.4366813193127129,1.5952382074084401,0.20366157280224995,1.3915766346061902,0.6568790895779344,0.12574380572520263,0.5311352838527318,higher_values_associated_with_higher_model_score,Association with model score on the temporal test split; not a causal effect.
industry_relative_resilience_next_4obs,validated_secondary_production,random_forest,isotonic_validation,num__total_equity,total_equity,total_equity,accounting_fundamental,asset_base_liquidity_and_investment,0.4451790105943209,0.7032107799210705,0.10001131795083208,0.6031994619702384,0.304394369467365,0.060738680936379984,0.243655688530985,higher_values_associated_with_higher_model_score,Association with model score on the temporal test split; not a causal effect.
industry_relative_resilience_next_4obs,validated_secondary_production,random_forest,isotonic_validation,num__operating_margin,operating_margin,operating_margin,financial_ratio,profitability_and_efficiency,0.4974339376650795,0.12008989754546959,0.040105906321480596,0.079983991223989,0.08205872885469712,0.02460036259516744,0.05745836625952967,higher_values_associated_with_higher_model_score,Association with model score on the temporal test split; not a causal effect.
industry_relative_resilience_next_4obs,validated_secondary_production,random_forest,isotonic_validation,num__operating_margin_lag1,operating_margin_lag1,operating_margin_lag1,firm_trend,firm_momentum_or_deterioration,0.48414807197050413,0.11947289656486375,0.0397152279949854,0.07975766856987834,0.08238067289719166,0.02367712272073659,0.058703550176455066,higher_values_associated_with_higher_model_score,Association with model score on the temporal test split; not a causal effect.
industry_relative_resilience_next_4obs,validated_secondary_production,random_forest,isotonic_validation,num__operating_income,operating_income,operating_income,accounting_fundamental,earnings_and_scale,0.44259202173053086,2.125835190207652,0.1785103575131482,1.947324832694504,0.7231137203298137,0.13161203661689883,0.5915016837129149,higher_values_associated_with_higher_model_score,Association with model score on the temporal test split; not a causal effect.
industry_relative_resilience_next_4obs,validated_secondary_production,random_forest,isotonic_validation,cat__Sector_Financial Services,Sector: Financial Services,Sector,industry_sector,sector_positioning,-0.07908907811765795,0.10218978102189781,0.2001627339300244,-0.09797295290812659,0.2234803337306317,0.16735537190082644,0.05612496182980525,lower_values_associated_with_higher_model_score,Association with model score on the temporal test split; not a causal effect.
industry_relative_resilience_next_4obs,validated_secondary_production,random_forest,isotonic_validation,num__total_liabilities,total_liabilities,total_liabilities,accounting_fundamental,balance_sheet_obligations,0.03265166267538261,-0.14626895714703086,0.11773410559219892,-0.2640030627392298,-0.04746252298777138,0.18744265268780502,-0.2349051756755764,lower_values_associated_with_higher_model_score,Association with model score on the temporal test split; not a causal effect.
industry_relative_resilience_next_4obs,validated_secondary_production,random_forest,isotonic_validation,num__total_assets,total_assets,total_assets,accounting_fundamental,asset_base_liquidity_and_investment,0.1734154914625143,-0.04012808560533785,0.11814791826214147,-0.1582760038674793,-0.002504223070798844,0.17492595775269512,-0.17743018082349396,lower_values_associated_with_higher_model_score,Association with model score on the temporal test split; not a causal effect.
industry_relative_resilience_next_4obs,validated_secondary_production,random_forest,isotonic_validation,num__net_income_negative_count_prior_4obs,net_income_negative_count_prior_4obs,net_income_negative_count_prior_4obs,accounting_fundamental,accounting_fundamentals,-0.4472690768622199,-0.49635270666293935,0.14415824433192392,-0.6405109509948632,-0.3280023225673166,0.36276792631458366,-0.6907702488819003,lower_values_associated_with_higher_model_score,Association with model score on the temporal test split; not a causal effect.
industry_relative_resilience_next_4obs,validated_secondary_production,random_forest,isotonic_validation,num__total_revenue,total_revenue,total_revenue,accounting_fundamental,earnings_and_scale,0.2557001206051112,0.8339433272890037,0.272655252921205,0.5612880743677986,0.3917685171205684,0.285389691449566,0.10637882567100243,higher_values_associated_with_higher_model_score,Association with model score on the temporal test split; not a causal effect.
industry_relative_resilience_next_4obs,validated_secondary_production,random_forest,isotonic_validation,num__cfo_assets,cfo_assets,cfo_assets,financial_quality_cashflow,cash_flow_quality,0.3969039699944848,0.5252940075967758,0.019651756037631456,0.5056422515591443,0.26889023492320807,-0.06729171593724015,0.3361819508604482,higher_values_associated_with_higher_model_score,Association with model score on the temporal test split; not a causal effect.
industry_relative_resilience_next_4obs,validated_secondary_production,random_forest,isotonic_validation,num__receivables_assets,receivables_assets,receivables_assets,financial_ratio,profitability_and_efficiency,0.03806567778178773,0.06513352881971655,-0.05143556613589373,0.11656909495561028,-0.1113949155435353,0.009937031522279125,-0.12133194706581442,higher_values_associated_with_higher_model_score,Association with model score on the temporal test split; not a causal effect.
industry_relative_resilience_next_4obs,validated_secondary_production,random_forest,isotonic_validation,num__current_liabilities,current_liabilities,current_liabilities,accounting_fundamental,balance_sheet_obligations,0.22641960602762967,0.8901442121753501,0.44652819591292675,0.44361601626242336,0.5848640773062304,0.4259490941385023,0.15891498316772806,higher_values_associated_with_higher_model_score,Association with model score on the temporal test split; not a causal effect.
industry_relative_resilience_next_4obs,validated_secondary_production,random_forest,isotonic_validation,num__long_term_debt,long_term_debt,long_term_debt,accounting_fundamental,balance_sheet_obligations,0.086456451801642,-0.061676065377034,0.06117933606926818,-0.12285540144630219,0.027416867856561705,0.0637247293198844,-0.036307861463322696,lower_values_associated_with_higher_model_score,Association with model score on the temporal test split; not a causal effect.
industry_relative_resilience_next_4obs,validated_secondary_production,random_forest,isotonic_validation,num__current_assets,current_assets,current_assets,accounting_fundamental,asset_base_liquidity_and_investment,0.3184606640142135,1.1819852091219973,0.26658363313710204,0.9154015759848952,0.5238206889755138,0.243685396787076,0.2801352921884378,higher_values_associated_with_higher_model_score,Association with model score on the temporal test split; not a causal effect.
industry_relative_resilience_next_4obs,validated_secondary_production,random_forest,isotonic_validation,num__cash_equivalents,cash_equivalents,cash_equivalents,accounting_fundamental,asset_base_liquidity_and_investment,0.16806018037744483,0.18532914635968065,0.46417520385468575,-0.27884605749500513,0.2114322290992915,0.5920665187344809,-0.3806342896351894,lower_values_associated_with_higher_model_score,Association with model score on the temporal test split; not a causal effect.
industry_relative_resilience_next_4obs,validated_secondary_production,random_forest,isotonic_validation,num__cash_flow_operating,cash_flow_operating,cash_flow_operating,accounting_fundamental,asset_base_liquidity_and_investment,0.35197215042479657,1.2057940704833943,0.14206775791606144,1.0637263125673329,0.4761920455820816,0.0910474933547358,0.3851445522273458,higher_values_associated_with_higher_model_score,Association with model score on the temporal test split; not a causal effect.
industry_relative_resilience_next_4obs,validated_secondary_production,random_forest,isotonic_validation,num__cash_assets,cash_assets,cash_assets,financial_ratio,balance_sheet_leverage_liquidity,0.009792450511778236,0.2059085539138124,-0.019672030266892782,0.2255805841807052,-0.02454339791274916,0.022017132959560433,-0.04656053087230959,higher_values_associated_with_higher_model_score,Association with model score on the temporal test split; not a causal effect.
industry_relative_resilience_next_4obs,validated_secondary_production,random_forest,isotonic_validation,num__working_capital_assets,working_capital_assets,working_capital_assets,financial_quality_cashflow,cash_flow_quality,0.1476804760593354,0.42028982775109786,-0.15729114054937066,0.5775809683004685,0.004017142934247753,-0.171047141257643,0.17506428419189077,higher_values_associated_with_higher_model_score,Association with model score on the temporal test split; not a causal effect.
industry_relative_resilience_next_4obs,validated_secondary_production,random_forest,isotonic_validation,num__current_ratio,current_ratio,current_ratio,financial_ratio,balance_sheet_leverage_liquidity,0.17996152185465644,0.4186962788327252,-0.10383848651785992,0.5225347653505851,0.0002324250513990339,-0.08725551174683764,0.08748793679823667,higher_values_associated_with_higher_model_score,Association with model score on the temporal test split; not a causal effect.
industry_relative_resilience_next_4obs,validated_secondary_production,random_forest,isotonic_validation,num__cash_assets_lag1,cash_assets_lag1,cash_assets_lag1,firm_trend,firm_momentum_or_deterioration,-0.003693695761559641,0.2291867419542282,0.012008281919576116,0.21717846003465208,-0.0006794879675992605,0.05769027569846964,-0.0583697636660689,higher_values_associated_with_higher_model_score,Association with model score on the temporal test split; not a causal effect.
industry_relative_resilience_next_4obs,validated_secondary_production,random_forest,isotonic_validation,num__capex,capex,capex,accounting_fundamental,asset_base_liquidity_and_investment,0.25587918627947287,1.4126434306067024,0.0321881117065573,1.3804553189001452,0.40047697898316437,0.01127010211061226,0.3892068768725521,higher_values_associated_with_higher_model_score,Association with model score on the temporal test split; not a causal effect.
industry_relative_resilience_next_4obs,validated_secondary_production,random_forest,isotonic_validation,num__cfo_margin,cfo_margin,cfo_margin,financial_quality_cashflow,cash_flow_quality,0.32505264760488484,0.11007589641641902,0.10044177507237063,0.009634121344048382,0.1587302859628168,0.06166140424519511,0.09706888171762168,higher_values_associated_with_higher_model_score,Association with model score on the temporal test split; not a causal effect.
industry_relative_resilience_next_4obs,validated_secondary_production,random_forest,isotonic_validation,num__current_ratio_lag1,current_ratio_lag1,current_ratio_lag1,firm_trend,firm_momentum_or_deterioration,0.16550236292121545,0.4317776743844809,-0.08185075289738172,0.5136284272818626,0.008785643335462813,-0.05746504598245098,0.0662506893179138,higher_values_associated_with_higher_model_score,Association with model score on the temporal test split; not a causal effect.
industry_relative_resilience_next_4obs,validated_secondary_production,random_forest,isotonic_validation,num__inventory_assets,inventory_assets,inventory_assets,financial_ratio,profitability_and_efficiency,0.03895518457304385,0.09039919299522461,0.005527851056720539,0.08487134193850407,0.022981934139341926,0.00783949160386375,0.015142442535478176,higher_values_associated_with_higher_model_score,Association with model score on the temporal test split; not a causal effect.
industry_relative_resilience_next_4obs,validated_secondary_production,random_forest,isotonic_validation,num__total_assets_growth_4obs,total_assets_growth_4obs,total_assets_growth_4obs,firm_trend,firm_momentum_or_deterioration,0.2956349095614085,-0.017210264588936864,-0.004401259281671372,-0.012809005307265493,-0.022700826628904165,0.0061120352750933075,-0.028812861903997473,lower_values_associated_with_higher_model_score,Association with model score on the temporal test split; not a causal effect.
industry_relative_resilience_next_4obs,validated_secondary_production,random_forest,isotonic_validation,num__debt_to_cfo,debt_to_cfo,debt_to_cfo,financial_quality_cashflow,cash_flow_quality,-0.2445327516543727,-0.5493844616195209,0.15357442391668566,-0.7029588855362066,-0.12835351719114,0.22967317731484707,-0.35802669450598706,lower_values_associated_with_higher_model_score,Association with model score on the temporal test split; not a causal effect.
industry_relative_resilience_next_4obs,validated_secondary_production,random_forest,isotonic_validation,num__capex_intensity_assets,capex_intensity_assets,capex_intensity_assets,financial_quality_cashflow,cash_flow_quality,0.09816921889294333,0.13504117952802216,-0.03716165782369519,0.17220283735171735,0.010545157972036498,-0.040994992845877806,0.051540150817914306,higher_values_associated_with_higher_model_score,Association with model score on the temporal test split; not a causal effect.
industry_relative_resilience_next_4obs,validated_secondary_production,random_forest,isotonic_validation,num__capex_intensity_revenue,capex_intensity_revenue,capex_intensity_revenue,financial_quality_cashflow,cash_flow_quality,0.07313419349660052,0.02727349211600593,0.025736992653635958,0.0015364994623699724,-0.005679962156769221,0.04778209655896404,-0.05346205871573326,higher_values_associated_with_higher_model_score,Association with model score on the temporal test split; not a causal effect.
industry_relative_resilience_next_4obs,validated_secondary_production,random_forest,isotonic_validation,num__cash_to_current_liabilities,cash_to_current_liabilities,cash_to_current_liabilities,financial_quality_cashflow,cash_flow_quality,0.14300876552604283,0.2926521417843362,-0.0020153884022597462,0.2946675301865959,0.03985362894103561,0.01899789416164162,0.02085573477939399,higher_values_associated_with_higher_model_score,Association with model score on the temporal test split; not a causal effect.
industry_relative_resilience_next_4obs,validated_secondary_production,random_forest,isotonic_validation,num__gross_margin,gross_margin,gross_margin,financial_ratio,profitability_and_efficiency,0.1797738513076622,0.3121939583946958,0.06651641805766315,0.24567754033703268,0.19555739908737974,0.018765468847190426,0.1767919302401893,higher_values_associated_with_higher_model_score,Association with model score on the temporal test split; not a causal effect.
industry_relative_resilience_next_4obs,validated_secondary_production,random_forest,isotonic_validation,num__accruals_assets,accruals_assets,accruals_assets,financial_quality_cashflow,cash_flow_quality,0.07424203340495396,0.05986153628042657,0.028354272030800383,0.03150726424962619,0.0658760202813445,0.0076881530399670345,0.058187867241377464,higher_values_associated_with_higher_model_score,Association with model score on the temporal test split; not a causal effect.
industry_relative_resilience_next_4obs,validated_secondary_production,random_forest,isotonic_validation,num__gross_margin_lag1,gross_margin_lag1,gross_margin_lag1,firm_trend,firm_momentum_or_deterioration,0.1811716707409797,0.3158453334621033,0.06671536932165838,0.24912996414044491,0.1934858693908862,0.02112508673717846,0.17236078265370774,higher_values_associated_with_higher_model_score,Association with model score on the temporal test split; not a causal effect.
industry_relative_resilience_next_4obs,validated_secondary_production,random_forest,isotonic_validation,num__roa_change_4obs,roa_change_4obs,roa_change_4obs,firm_trend,firm_momentum_or_deterioration,0.08011469184784298,0.0104931380812107,-0.0017798934727808414,0.012273031553991542,0.015590047427108095,-0.01173962275431932,0.027329670181427415,higher_values_associated_with_higher_model_score,Association with model score on the temporal test split; not a causal effect.
industry_relative_resilience_next_4obs,validated_secondary_production,random_forest,isotonic_validation,num__short_term_debt,short_term_debt,short_term_debt,accounting_fundamental,balance_sheet_obligations,0.12328608017607331,-0.0751743763036479,-0.006803260949176298,-0.0683711153544716,-0.07916625573758974,0.03176061377986085,-0.1109268695174506,lower_values_associated_with_higher_model_score,Association with model score on the temporal test split; not a causal effect.
industry_relative_resilience_next_4obs,validated_secondary_production,random_forest,isotonic_validation,num__total_revenue_growth_4obs,total_revenue_growth_4obs,total_revenue_growth_4obs,firm_trend,firm_momentum_or_deterioration,0.1252792931670272,0.008319162380924328,0.08211148855966285,-0.07379232617873853,0.058329590507973206,0.08606908313456936,-0.027739492626596154,lower_values_associated_with_higher_model_score,Association with model score on the temporal test split; not a causal effect.
industry_relative_resilience_next_4obs,validated_secondary_production,random_forest,isotonic_validation,num__leverage_assets_change_4obs,leverage_assets_change_4obs,leverage_assets_change_4obs,firm_trend,firm_momentum_or_deterioration,-0.2572662933088374,-0.10265978238888837,0.009930025601453332,-0.1125898079903417,-0.08895443502103885,0.05937370900662333,-0.14832814402766217,lower_values_associated_with_higher_model_score,Association with model score on the temporal test split; not a causal effect.
industry_relative_resilience_next_4obs,validated_secondary_production,random_forest,isotonic_validation,num__net_margin_change_4obs,net_margin_change_4obs,net_margin_change_4obs,firm_trend,firm_momentum_or_deterioration,0.07240394213345829,-0.007446891542399497,0.005394242194607691,-0.012841133737007187,-0.0054835858259014054,0.010755932051014433,-0.01623951787691584,lower_values_associated_with_higher_model_score,Association with model score on the temporal test split; not a causal effect.
industry_relative_resilience_next_4obs,validated_secondary_production,random_forest,isotonic_validation,num__gross_profit,gross_profit,gross_profit,accounting_fundamental,earnings_and_scale,0.20282608839650892,0.809643798932299,0.15200267379375978,0.6576411251385392,0.3268092341441604,0.14248411766316785,0.18432511648099256,higher_values_associated_with_higher_model_score,Association with model score on the temporal test split; not a causal effect.
industry_relative_resilience_next_4obs,validated_secondary_production,random_forest,isotonic_validation,cat__Sector_Technology,Sector: Technology,Sector,industry_sector,sector_positioning,0.06421773281832405,0.30170316301703165,0.17439652834282615,0.1273066346742055,0.17938021454112038,0.1925619834710744,-0.013181768929954013,higher_values_associated_with_higher_model_score,Association with model score on the temporal test split; not a causal effect.
industry_relative_resilience_next_4obs,validated_secondary_production,random_forest,isotonic_validation,num__total_liabilities_growth_4obs,total_liabilities_growth_4obs,total_liabilities_growth_4obs,firm_trend,firm_momentum_or_deterioration,0.07033989093071766,-0.11960563087127478,-0.0944865339095048,-0.025119096961769977,-0.09495890506560901,-0.09842509178196127,0.0034661867163522514,lower_values_associated_with_higher_model_score,Association with model score on the temporal test split; not a causal effect.
industry_relative_resilience_next_4obs,validated_secondary_production,random_forest,isotonic_validation,num__cash_assets_change_4obs,cash_assets_change_4obs,cash_assets_change_4obs,firm_trend,firm_momentum_or_deterioration,0.08432400716654168,-0.006147340901995416,-0.14015875597202002,0.1340114150700246,-0.08360290726953776,-0.15661413718234446,0.0730112299128067,higher_values_associated_with_higher_model_score,Association with model score on the temporal test split; not a causal effect.
industry_relative_resilience_next_4obs,validated_secondary_production,random_forest,isotonic_validation,num__current_assets_growth_4obs,current_assets_growth_4obs,current_assets_growth_4obs,firm_trend,firm_momentum_or_deterioration,0.1756858361125391,-0.02803323166043561,-0.07075881582347973,0.04272558416304412,-0.03929709431386995,-0.08531772227063432,0.04602062795676437,higher_values_associated_with_higher_model_score,Association with model score on the temporal test split; not a causal effect.
industry_relative_resilience_next_4obs,validated_secondary_production,random_forest,isotonic_validation,num__DCOILWTICO,DCOILWTICO,DCOILWTICO,macro_conditions,macro_price_policy_conditions,-0.020455091058759537,0.423189999199946,0.450198947023098,-0.027008947823151996,0.4338796657761101,0.4569274909805898,-0.023047825204479733,lower_values_associated_with_higher_model_score,Association with model score on the temporal test split; not a causal effect.
industry_relative_resilience_next_4obs,validated_secondary_production,random_forest,isotonic_validation,num__VIXCLS,VIXCLS,VIXCLS,macro_conditions,macro_price_policy_conditions,-0.019357242544968137,0.6251822461484577,0.6787462379452494,-0.05356399179679161,0.6499192854337941,0.6896374882286131,-0.03971820279481908,lower_values_associated_with_higher_model_score,Association with model score on the temporal test split; not a causal effect.
industry_relative_resilience_next_4obs,validated_secondary_production,random_forest,isotonic_validation,num__DTWEXBGS,DTWEXBGS,DTWEXBGS,macro_conditions,macro_price_policy_conditions,0.029687005045553053,2.0093103864010833,2.016786476476628,-0.007476090075544839,2.0169360652667034,2.0154130537448944,0.0015230115218090035,lower_values_associated_with_higher_model_score,Association with model score on the temporal test split; not a causal effect.
industry_relative_resilience_next_4obs,validated_secondary_production,random_forest,isotonic_validation,num__current_liabilities_growth_4obs,current_liabilities_growth_4obs,current_liabilities_growth_4obs,firm_trend,firm_momentum_or_deterioration,0.0766464192364772,-0.0197603706509746,0.03875886860663,-0.0585192392576046,-0.025393924962374928,0.07330307533138816,-0.09869700029376309,lower_values_associated_with_higher_model_score,Association with model score on the temporal test split; not a causal effect.
industry_relative_resilience_next_4obs,validated_secondary_production,random_forest,isotonic_validation,num__current_ratio_change_4obs,current_ratio_change_4obs,current_ratio_change_4obs,firm_trend,firm_momentum_or_deterioration,0.08747551709962985,0.02452884365127266,-0.0421450338542659,0.06667387750553856,0.0030606373853649675,-0.06216658455068088,0.06522722193604585,higher_values_associated_with_higher_model_score,Association with model score on the temporal test split; not a causal effect.
industry_relative_resilience_next_4obs,validated_secondary_production,random_forest,isotonic_validation,num__DCOILWTICO_yoy_pct,DCOILWTICO_yoy_pct,DCOILWTICO_yoy_pct,macro_conditions,macro_price_policy_conditions,-0.012780417690673668,0.14285136680224864,0.15910146976971265,-0.016250102967464014,0.12214480708440585,0.18196696054091807,-0.05982215345651222,lower_values_associated_with_higher_model_score,Association with model score on the temporal test split; not a causal effect.
industry_relative_resilience_next_4obs,validated_secondary_production,random_forest,isotonic_validation,num__missingindicator_receivables_assets,Missing value: receivables_assets,receivables_assets,missingness_indicator,data_availability_signal,-0.10558949695458572,-0.39383217958050737,-0.007962214079099543,-0.38586996550140784,-0.0445796440815281,-0.04810622576381172,0.0035265816822836193,lower_values_associated_with_higher_model_score,Association with model score on the temporal test split; not a causal effect.
industry_relative_resilience_next_4obs,validated_secondary_production,random_forest,isotonic_validation,num__operating_margin_change_4obs,operating_margin_change_4obs,operating_margin_change_4obs,firm_trend,firm_momentum_or_deterioration,0.02505401176989729,-0.00742028247227724,0.007561822815529808,-0.014982105287807048,-0.007302314003847043,0.015323961786449502,-0.022626275790296545,lower_values_associated_with_higher_model_score,Association with model score on the temporal test split; not a causal effect.
industry_relative_resilience_next_4obs,validated_secondary_production,random_forest,isotonic_validation,num__BAMLH0A0HYM2,BAMLH0A0HYM2,BAMLH0A0HYM2,macro_conditions,credit_and_financial_conditions,-0.0798487300768131,-0.8921258290673262,-0.8277268897545033,-0.06439893931282292,-0.8394192663603738,-0.8305567063300898,-0.008862560030283961,lower_values_associated_with_higher_model_score,Association with model score on the temporal test split; not a causal effect.
industry_relative_resilience_next_4obs,validated_secondary_production,random_forest,isotonic_validation,num__T10Y3M,T10Y3M,T10Y3M,macro_conditions,credit_and_financial_conditions,0.0011667347357870149,-3.412084519908163,-3.3827640864159436,-0.029320433492219244,-3.4336416008997115,-3.3524658338793896,-0.08117576702032192,lower_values_associated_with_higher_model_score,Association with model score on the temporal test split; not a causal effect.
stress_resilience_next_4obs,validated_secondary_production,random_forest,isotonic_validation,num__equity_assets,equity_assets,equity_assets,financial_ratio,balance_sheet_leverage_liquidity,0.5943458567915775,0.4004142126291618,-0.2808568049638816,0.6812710175930434,0.2726625520931607,-0.8729491948975224,1.1456117469906832,higher_values_associated_with_higher_model_score,Association with model score on the temporal test split; not a causal effect.
stress_resilience_next_4obs,validated_secondary_production,random_forest,isotonic_validation,num__leverage_assets,leverage_assets,leverage_assets,financial_ratio,balance_sheet_leverage_liquidity,-0.58708463609352,-0.4063881234434707,0.3044910483281446,-0.7108791717716153,-0.28324571237862756,0.9399240041127549,-1.2231697164913824,lower_values_associated_with_higher_model_score,Association with model score on the temporal test split; not a causal effect.
stress_resilience_next_4obs,validated_secondary_production,random_forest,isotonic_validation,num__leverage_assets_lag1,leverage_assets_lag1,leverage_assets_lag1,firm_trend,firm_momentum_or_deterioration,-0.5730318639454784,-0.41021233605731505,0.31856866047860083,-0.7287809965359159,-0.28485458933900165,0.9715383217763038,-1.2563929111153054,lower_values_associated_with_higher_model_score,Association with model score on the temporal test split; not a causal effect.
stress_resilience_next_4obs,validated_secondary_production,random_forest,isotonic_validation,num__roa,roa,roa,financial_ratio,profitability_and_efficiency,0.4968192085357613,0.20838705276799385,0.015939945303796364,0.1924471074641975,0.16802282135786897,-0.14390499952264177,0.31192782088051074,higher_values_associated_with_higher_model_score,Association with model score on the temporal test split; not a causal effect.
stress_resilience_next_4obs,validated_secondary_production,random_forest,isotonic_validation,num__net_income,net_income,net_income,accounting_fundamental,earnings_and_scale,0.29845990328423266,0.2786305140843472,0.36015083239695156,-0.08152031831260437,0.5219117637168116,0.035919227553309,0.4859925361635026,lower_values_associated_with_higher_model_score,Association with model score on the temporal test split; not a causal effect.
stress_resilience_next_4obs,validated_secondary_production,random_forest,isotonic_validation,num__roa_lag1,roa_lag1,roa_lag1,firm_trend,firm_momentum_or_deterioration,0.48383075939044445,0.31573293588548795,0.0034041776979380723,0.3123287581875499,0.24025465399225082,-0.23873719942039515,0.47899185341264594,higher_values_associated_with_higher_model_score,Association with model score on the temporal test split; not a causal effect.
stress_resilience_next_4obs,validated_secondary_production,random_forest,isotonic_validation,num__total_equity,total_equity,total_equity,accounting_fundamental,asset_base_liquidity_and_investment,0.3044617846437185,-0.04250786014986373,0.15439160929895027,-0.19689946944881398,0.15736512002328,0.04314781520900891,0.11421730481427107,lower_values_associated_with_higher_model_score,Association with model score on the temporal test split; not a causal effect.
stress_resilience_next_4obs,validated_secondary_production,random_forest,isotonic_validation,num__net_margin,net_margin,net_margin,financial_ratio,profitability_and_efficiency,0.33552884287225593,0.07589724430829846,0.07094313365456922,0.004954110653729235,0.06467753817351048,0.08446980096856667,-0.019792262795056192,higher_values_associated_with_higher_model_score,Association with model score on the temporal test split; not a causal effect.
stress_resilience_next_4obs,validated_secondary_production,random_forest,isotonic_validation,num__operating_income,operating_income,operating_income,accounting_fundamental,earnings_and_scale,0.4378540566102743,0.5580812839236116,0.3090349464315981,0.24904633749201344,0.6390394291008133,-0.12862565216241015,0.7676650812632235,higher_values_associated_with_higher_model_score,Association with model score on the temporal test split; not a causal effect.
stress_resilience_next_4obs,validated_secondary_production,random_forest,isotonic_validation,num__net_income_negative_count_prior_4obs,net_income_negative_count_prior_4obs,net_income_negative_count_prior_4obs,accounting_fundamental,accounting_fundamentals,-0.3928965745430435,-0.429302278214423,0.43223539323071525,-0.8615376714451383,-0.09643391674556862,0.8841370947665614,-0.98057101151213,lower_values_associated_with_higher_model_score,Association with model score on the temporal test split; not a causal effect.
stress_resilience_next_4obs,validated_secondary_production,random_forest,isotonic_validation,num__current_assets,current_assets,current_assets,accounting_fundamental,asset_base_liquidity_and_investment,0.34615662266945607,0.29489374768536347,0.3492191417283725,-0.05432539404300901,0.5753916566377737,-0.071975342811092,0.6473669994488657,lower_values_associated_with_higher_model_score,Association with model score on the temporal test split; not a causal effect.
stress_resilience_next_4obs,validated_secondary_production,random_forest,isotonic_validation,num__total_liabilities,total_liabilities,total_liabilities,accounting_fundamental,balance_sheet_obligations,-0.07883004408776889,-0.21705349285703995,0.11526762395319162,-0.3323211168102316,-0.1610752938893253,0.415071500778033,-0.5761467946673583,lower_values_associated_with_higher_model_score,Association with model score on the temporal test split; not a causal effect.
stress_resilience_next_4obs,validated_secondary_production,random_forest,isotonic_validation,num__net_margin_lag1,net_margin_lag1,net_margin_lag1,firm_trend,firm_momentum_or_deterioration,0.3155345420013196,0.09883178464369569,0.09862302403798914,0.00020876060570654276,0.08454430241633866,0.12313184677731741,-0.03858754436097875,higher_values_associated_with_higher_model_score,Association with model score on the temporal test split; not a causal effect.
stress_resilience_next_4obs,validated_secondary_production,random_forest,isotonic_validation,num__operating_margin,operating_margin,operating_margin,financial_ratio,profitability_and_efficiency,0.290120908732684,0.07956992508281725,0.05667719386537655,0.022892731217440704,0.07320996058872599,0.04036315815055813,0.03284680243816786,higher_values_associated_with_higher_model_score,Association with model score on the temporal test split; not a causal effect.
stress_resilience_next_4obs,validated_secondary_production,random_forest,isotonic_validation,num__total_assets,total_assets,total_assets,accounting_fundamental,asset_base_liquidity_and_investment,0.032854108976569006,-0.20170540906266357,0.11694317919130441,-0.31864858825396797,-0.12648134670115507,0.36707123201251673,-0.4935525787136718,lower_values_associated_with_higher_model_score,Association with model score on the temporal test split; not a causal effect.
stress_resilience_next_4obs,validated_secondary_production,random_forest,isotonic_validation,num__operating_margin_lag1,operating_margin_lag1,operating_margin_lag1,firm_trend,firm_momentum_or_deterioration,0.27546087964768406,0.0756866346448188,0.050257215347358684,0.025429419297460114,0.06835217699729514,0.032602916568212216,0.03574926042908292,higher_values_associated_with_higher_model_score,Association with model score on the temporal test split; not a causal effect.
stress_resilience_next_4obs,validated_secondary_production,random_forest,isotonic_validation,num__current_liabilities,current_liabilities,current_liabilities,accounting_fundamental,balance_sheet_obligations,0.2706397208064444,0.3417008661762848,0.542972538487304,-0.20127167231101917,0.7656430351913789,0.04867060523685039,0.7169724299545285,lower_values_associated_with_higher_model_score,Association with model score on the temporal test split; not a causal effect.
stress_resilience_next_4obs,validated_secondary_production,random_forest,isotonic_validation,num__cash_equivalents,cash_equivalents,cash_equivalents,accounting_fundamental,asset_base_liquidity_and_investment,0.015315834815468603,-0.0454889593770712,0.6454714819263244,-0.6909604413033956,0.0362854275260958,1.3288052734338258,-1.29251984590773,lower_values_associated_with_higher_model_score,Association with model score on the temporal test split; not a causal effect.
stress_resilience_next_4obs,validated_secondary_production,random_forest,isotonic_validation,cat__Sector_Financial Services,Sector: Financial Services,Sector,industry_sector,sector_positioning,-0.33059244520381736,0.06030150753768844,0.22830111065405184,-0.16799960311636342,0.12291666666666666,0.3203971119133574,-0.19748044524669073,lower_values_associated_with_higher_model_score,Association with model score on the temporal test split; not a causal effect.
stress_resilience_next_4obs,validated_secondary_production,random_forest,isotonic_validation,num__total_revenue,total_revenue,total_revenue,accounting_fundamental,earnings_and_scale,0.23615711603666573,0.06776288784023629,0.31044734324601764,-0.24268445540578135,0.4899424018622812,-0.13135151272914247,0.6212939145914237,lower_values_associated_with_higher_model_score,Association with model score on the temporal test split; not a causal effect.
stress_resilience_next_4obs,validated_secondary_production,random_forest,isotonic_validation,num__roa_change_4obs,roa_change_4obs,roa_change_4obs,firm_trend,firm_momentum_or_deterioration,0.1159669001767546,0.056270975312804165,0.008379305722328825,0.04789166959047534,0.056068106758260766,-0.04845388132051914,0.10452198807877991,higher_values_associated_with_higher_model_score,Association with model score on the temporal test split; not a causal effect.
stress_resilience_next_4obs,validated_secondary_production,random_forest,isotonic_validation,num__total_revenue_growth_4obs,total_revenue_growth_4obs,total_revenue_growth_4obs,firm_trend,firm_momentum_or_deterioration,0.11950543230959665,0.019306157915955396,0.1669133641551019,-0.14760720623914653,0.09715465391873163,0.20826284206941637,-0.11110818815068474,lower_values_associated_with_higher_model_score,Association with model score on the temporal test split; not a causal effect.
stress_resilience_next_4obs,validated_secondary_production,random_forest,isotonic_validation,num__cfo_assets,cfo_assets,cfo_assets,financial_quality_cashflow,cash_flow_quality,0.35458238896883426,0.2748658997749964,-0.10485173204751111,0.3797176318225075,0.22198015161242987,-0.4666078605935848,0.6885880122060146,higher_values_associated_with_higher_model_score,Association with model score on the temporal test split; not a causal effect.
stress_resilience_next_4obs,validated_secondary_production,random_forest,isotonic_validation,num__total_assets_growth_4obs,total_assets_growth_4obs,total_assets_growth_4obs,firm_trend,firm_momentum_or_deterioration,0.22985935473917846,-0.04299355511356598,0.0815422773628049,-0.12453583247637087,-0.003772128988091724,0.16227853025570038,-0.16605065924379211,lower_values_associated_with_higher_model_score,Association with model score on the temporal test split; not a causal effect.
stress_resilience_next_4obs,validated_secondary_production,random_forest,isotonic_validation,num__missingindicator_current_ratio,Missing value: current_ratio,current_ratio,missingness_indicator,data_availability_signal,-0.2599556408287682,-0.3688761721046398,-0.014702949149519988,-0.3541732229551198,-0.22628249180226948,0.1611014802630003,-0.38738397206526975,lower_values_associated_with_higher_model_score,Association with model score on the temporal test split; not a causal effect.
stress_resilience_next_4obs,validated_secondary_production,random_forest,isotonic_validation,num__missingindicator_working_capital_assets,Missing value: working_capital_assets,working_capital_assets,missingness_indicator,data_availability_signal,-0.2599556408287682,-0.3688761721046398,-0.014702949149519988,-0.3541732229551198,-0.22628249180226948,0.1611014802630003,-0.38738397206526975,lower_values_associated_with_higher_model_score,Association with model score on the temporal test split; not a causal effect.
stress_resilience_next_4obs,validated_secondary_production,random_forest,isotonic_validation,num__cash_assets,cash_assets,cash_assets,financial_ratio,balance_sheet_leverage_liquidity,-0.054141988542307756,-0.09898495261937634,0.03387317296937584,-0.13285812558875218,-0.11337807357441804,0.21745267873435695,-0.330830752308775,lower_values_associated_with_higher_model_score,Association with model score on the temporal test split; not a causal effect.
stress_resilience_next_4obs,validated_secondary_production,random_forest,isotonic_validation,num__missingindicator_current_liabilities,Missing value: current_liabilities,current_liabilities,missingness_indicator,data_availability_signal,-0.2599556408287682,-0.3688761721046398,-0.014702949149519988,-0.3541732229551198,-0.22628249180226948,0.1611014802630003,-0.38738397206526975,lower_values_associated_with_higher_model_score,Association with model score on the temporal test split; not a causal effect.
stress_resilience_next_4obs,validated_secondary_production,random_forest,isotonic_validation,num__receivables_assets,receivables_assets,receivables_assets,financial_ratio,profitability_and_efficiency,0.09081722607859437,0.1378531250840595,-0.043163682619689,0.1810168077037485,0.02674697769289162,-0.06677508478667181,0.09352206247956343,higher_values_associated_with_higher_model_score,Association with model score on the temporal test split; not a causal effect.
stress_resilience_next_4obs,validated_secondary_production,random_forest,isotonic_validation,num__inventory_assets,inventory_assets,inventory_assets,financial_ratio,profitability_and_efficiency,0.13703312784804658,0.22739845407180323,-0.03822909805201721,0.26562755212382044,0.015101461551897318,0.012479362397806688,0.00262209915409063,higher_values_associated_with_higher_model_score,Association with model score on the temporal test split; not a causal effect.
stress_resilience_next_4obs,validated_secondary_production,random_forest,isotonic_validation,num__working_capital_assets,working_capital_assets,working_capital_assets,financial_quality_cashflow,cash_flow_quality,0.06294679817392658,0.01414473507760709,-0.14252425952756398,0.15666899460517106,-0.08751070143067628,-0.15344000119429438,0.0659292997636181,higher_values_associated_with_higher_model_score,Association with model score on the temporal test split; not a causal effect.
stress_resilience_next_4obs,validated_secondary_production,random_forest,isotonic_validation,num__missingindicator_operating_income,Missing value: operating_income,operating_income,missingness_indicator,data_availability_signal,-0.2380480430402286,-0.3758484291189065,-0.012255610999698067,-0.3635928181192084,-0.19046847320337007,0.10065394045687494,-0.291122413660245,lower_values_associated_with_higher_model_score,Association with model score on the temporal test split; not a causal effect.
stress_resilience_next_4obs,validated_secondary_production,random_forest,isotonic_validation,num__net_margin_change_4obs,net_margin_change_4obs,net_margin_change_4obs,firm_trend,firm_momentum_or_deterioration,0.09951756826961068,-0.014182216377672276,-0.00644546870507256,-0.007736747672599717,-0.015979473686333727,0.005906924077851098,-0.021886397764184825,lower_values_associated_with_higher_model_score,Association with model score on the temporal test split; not a causal effect.
stress_resilience_next_4obs,validated_secondary_production,random_forest,isotonic_validation,num__capex_intensity_assets,capex_intensity_assets,capex_intensity_assets,financial_quality_cashflow,cash_flow_quality,0.16222917390577088,-0.08750811125658813,-0.06502020699981363,-0.022487904256774494,-0.01725189855728733,-0.15991229278586494,0.14266039422857762,lower_values_associated_with_higher_model_score,Association with model score on the temporal test split; not a causal effect.
stress_resilience_next_4obs,validated_secondary_production,random_forest,isotonic_validation,num__operating_margin_change_4obs,operating_margin_change_4obs,operating_margin_change_4obs,firm_trend,firm_momentum_or_deterioration,0.05363758636816489,0.03776033125929567,0.07786514367600987,-0.0401048124167142,0.03776493579933952,0.1257440481078047,-0.0879791123084652,lower_values_associated_with_higher_model_score,Association with model score on the temporal test split; not a causal effect.
stress_resilience_next_4obs,validated_secondary_production,random_forest,isotonic_validation,num__leverage_assets_change_4obs,leverage_assets_change_4obs,leverage_assets_change_4obs,firm_trend,firm_momentum_or_deterioration,-0.26830277894325094,-0.33493678185953635,0.03862806461437138,-0.37356484647390775,-0.2619116858102883,0.3581389919342483,-0.6200506777445366,lower_values_associated_with_higher_model_score,Association with model score on the temporal test split; not a causal effect.
stress_resilience_next_4obs,validated_secondary_production,random_forest,isotonic_validation,num__missingindicator_current_assets,Missing value: current_assets,current_assets,missingness_indicator,data_availability_signal,-0.25873010302698474,-0.3688761721046398,-0.017435162197622058,-0.35144100990701777,-0.22628249180226948,0.1551068864724442,-0.38138937827471364,lower_values_associated_with_higher_model_score,Association with model score on the temporal test split; not a causal effect.
stress_resilience_next_4obs,validated_secondary_production,random_forest,isotonic_validation,num__current_ratio,current_ratio,current_ratio,financial_ratio,balance_sheet_leverage_liquidity,0.07743297531006961,-0.00045694040000149826,-0.05038078686974909,0.04992384646974759,-0.07478092918782447,0.018800449225146267,-0.09358137841297073,higher_values_associated_with_higher_model_score,Association with model score on the temporal test split; not a causal effect.
stress_resilience_next_4obs,validated_secondary_production,random_forest,isotonic_validation,num__cash_assets_lag1,cash_assets_lag1,cash_assets_lag1,firm_trend,firm_momentum_or_deterioration,-0.061854631616593686,-0.04573009211738145,0.12116209104728132,-0.16689218316466276,-0.051555566283602076,0.33053327220792433,-0.3820888384915264,lower_values_associated_with_higher_model_score,Association with model score on the temporal test split; not a causal effect.
stress_resilience_next_4obs,validated_secondary_production,random_forest,isotonic_validation,num__long_term_debt,long_term_debt,long_term_debt,accounting_fundamental,balance_sheet_obligations,0.03602661838403874,-0.10963457824852622,-0.0036639672602960826,-0.10597061098823014,-0.059371937808902445,0.03577181675897362,-0.09514375456787606,lower_values_associated_with_higher_model_score,Association with model score on the temporal test split; not a causal effect.
stress_resilience_next_4obs,validated_secondary_production,random_forest,isotonic_validation,num__debt_to_cfo,debt_to_cfo,debt_to_cfo,financial_quality_cashflow,cash_flow_quality,-0.09606105693964798,-0.06709425245326998,0.2388148437182171,-0.3059090961714871,0.11302329279856953,0.29196651100282517,-0.17894321820425563,lower_values_associated_with_higher_model_score,Association with model score on the temporal test split; not a causal effect.
stress_resilience_next_4obs,validated_secondary_production,random_forest,isotonic_validation,num__cash_flow_operating,cash_flow_operating,cash_flow_operating,accounting_fundamental,asset_base_liquidity_and_investment,0.226213518802329,0.08581575935143927,0.16725005035222928,-0.08143429100079001,0.2519124807026871,-0.023334911741950144,0.27524739244463725,lower_values_associated_with_higher_model_score,Association with model score on the temporal test split; not a causal effect.
stress_resilience_next_4obs,validated_secondary_production,random_forest,isotonic_validation,num__current_ratio_lag1,current_ratio_lag1,current_ratio_lag1,firm_trend,firm_momentum_or_deterioration,0.06627343530730165,-0.0025850898806155913,-0.021100654719671187,0.018515564839055594,-0.06280788036192556,0.06114814080563982,-0.12395602116756538,higher_values_associated_with_higher_model_score,Association with model score on the temporal test split; not a causal effect.
stress_resilience_next_4obs,validated_secondary_production,random_forest,isotonic_validation,num__capex,capex,capex,accounting_fundamental,asset_base_liquidity_and_investment,0.2308579913709346,0.03611071414215588,0.16003620851709555,-0.12392549437493966,0.28074616722787576,-0.11590841320360565,0.3966545804314814,lower_values_associated_with_higher_model_score,Association with model score on the temporal test split; not a causal effect.
stress_resilience_next_4obs,validated_secondary_production,random_forest,isotonic_validation,num__accruals_assets,accruals_assets,accruals_assets,financial_quality_cashflow,cash_flow_quality,0.04752945455525717,0.10268951449010157,0.029616655996991155,0.0730728584931104,0.07836189988849614,-0.01547934738866106,0.0938412472771572,higher_values_associated_with_higher_model_score,Association with model score on the temporal test split; not a causal effect.
stress_resilience_next_4obs,validated_secondary_production,random_forest,isotonic_validation,num__gross_profit,gross_profit,gross_profit,accounting_fundamental,earnings_and_scale,0.2091057410557699,0.23133355702436922,0.1719976679126147,0.059335889111754525,0.30924426049313625,-0.03385967139684736,0.3431039318899836,higher_values_associated_with_higher_model_score,Association with model score on the temporal test split; not a causal effect.
stress_resilience_next_4obs,validated_secondary_production,random_forest,isotonic_validation,num__missingindicator_operating_margin,Missing value: operating_margin,operating_margin,missingness_indicator,data_availability_signal,-0.26943324941052244,-0.4664697748811837,-0.04009539970570181,-0.4263743751754819,-0.25170672744329875,0.09686150216832654,-0.34856822961162526,lower_values_associated_with_higher_model_score,Association with model score on the temporal test split; not a causal effect.
stress_resilience_next_4obs,validated_secondary_production,random_forest,isotonic_validation,num__cash_to_current_liabilities,cash_to_current_liabilities,cash_to_current_liabilities,financial_quality_cashflow,cash_flow_quality,0.0040531127202448345,0.004154755721545778,0.11164024008764356,-0.10748548436609778,0.011251580673566212,0.2276848176223621,-0.21643323694879588,lower_values_associated_with_higher_model_score,Association with model score on the temporal test split; not a causal effect.
stress_resilience_next_4obs,validated_secondary_production,random_forest,isotonic_validation,num__capex_intensity_revenue,capex_intensity_revenue,capex_intensity_revenue,financial_quality_cashflow,cash_flow_quality,0.041230468008341244,-0.08169926515780028,0.22257075915633273,-0.304270024314133,0.014194285224127851,0.4197130203786216,-0.40551873515449377,lower_values_associated_with_higher_model_score,Association with model score on the temporal test split; not a causal effect.
stress_resilience_next_4obs,validated_secondary_production,random_forest,isotonic_validation,num__cfo_margin,cfo_margin,cfo_margin,financial_quality_cashflow,cash_flow_quality,0.14787100567479514,0.05267811172220222,0.09755338132792347,-0.04487526960572125,0.05113587027392722,0.1538088734480112,-0.10267300317408398,lower_values_associated_with_higher_model_score,Association with model score on the temporal test split; not a causal effect.
stress_resilience_next_4obs,validated_secondary_production,random_forest,isotonic_validation,num__missingindicator_net_margin,Missing value: net_margin,net_margin,missingness_indicator,data_availability_signal,-0.37388669249681145,-0.4268242674186152,-0.11024364227194466,-0.3165806251466705,-0.36985648272870913,0.16905060002446842,-0.5389070827531776,lower_values_associated_with_higher_model_score,Association with model score on the temporal test split; not a causal effect.
stress_resilience_next_4obs,validated_secondary_production,random_forest,isotonic_validation,num__DCOILWTICO_yoy_pct,DCOILWTICO_yoy_pct,DCOILWTICO_yoy_pct,macro_conditions,macro_price_policy_conditions,-0.03299596040746146,0.5677557016732638,0.6253277655165207,-0.05757206384325686,0.5859173932680932,0.6625997805007774,-0.07668238723268417,lower_values_associated_with_higher_model_score,Association with model score on the temporal test split; not a causal effect.
stress_resilience_next_4obs,validated_secondary_production,random_forest,isotonic_validation,num__DTWEXBGS,DTWEXBGS,DTWEXBGS,macro_conditions,macro_price_policy_conditions,0.04277035227106702,1.9607900334187736,1.9426320769869923,0.018157956431781308,1.9560244484520333,1.9292087437531422,0.026815704698891052,higher_values_associated_with_higher_model_score,Association with model score on the temporal test split; not a causal effect.
stress_resilience_next_4obs,validated_secondary_production,random_forest,isotonic_validation,num__BAMLH0A0HYM2,BAMLH0A0HYM2,BAMLH0A0HYM2,macro_conditions,credit_and_financial_conditions,-0.0652631590415809,-2.4221769797834196,-2.324367296648578,-0.0978096831348414,-2.36615743616837,-2.3046518751264657,-0.06150556104190441,lower_values_associated_with_higher_model_score,Association with model score on the temporal test split; not a causal effect.
stress_resilience_next_4obs,validated_secondary_production,random_forest,isotonic_validation,num__VIXCLS,VIXCLS,VIXCLS,macro_conditions,macro_price_policy_conditions,-0.05958173426734262,-0.6041982179242131,-0.46525276349076883,-0.1389454544334443,-0.52226965699034,-0.4413159410878715,-0.08095371590246853,lower_values_associated_with_higher_model_score,Association with model score on the temporal test split; not a causal effect.
stress_resilience_next_4obs,validated_secondary_production,random_forest,isotonic_validation,num__USEPUINDXD,USEPUINDXD,USEPUINDXD,macro_conditions,macro_price_policy_conditions,-0.05221749325085091,0.07777636498742799,0.17713785094337053,-0.09936148595594255,0.13088745320543269,0.2037461149696728,-0.0728586617642401,lower_values_associated_with_higher_model_score,Association with model score on the temporal test split; not a causal effect.
stress_resilience_next_4obs,validated_secondary_production,random_forest,isotonic_validation,num__DTWEXBGS_yoy_pct,DTWEXBGS_yoy_pct,DTWEXBGS_yoy_pct,macro_conditions,macro_price_policy_conditions,-0.048505591994005975,0.11778274183390874,0.21162293157493747,-0.09384018974102873,0.18105950439925286,0.2140229197535659,-0.03296341535431305,lower_values_associated_with_higher_model_score,Association with model score on the temporal test split; not a causal effect.
stress_resilience_next_4obs,validated_secondary_production,random_forest,isotonic_validation,cat__Sector_Real Estate,Sector: Real Estate,Sector,industry_sector,sector_positioning,0.10583590066865044,0.12395309882747069,0.08802961744138214,0.03592348138608854,0.11614583333333334,0.058664259927797835,0.0574815734055355,higher_values_associated_with_higher_model_score,Association with model score on the temporal test split; not a causal effect.
stress_resilience_next_4obs,validated_secondary_production,random_forest,isotonic_validation,num__missingindicator_operating_margin_lag1,Missing value: operating_margin_lag1,operating_margin_lag1,missingness_indicator,data_availability_signal,-0.2691378360934424,-0.6023793798966292,-0.19517833815479474,-0.4072010417418344,-0.4029054614959457,-0.054621429404673266,-0.34828403209127246,lower_values_associated_with_higher_model_score,Association with model score on the temporal test split; not a causal effect.
stress_resilience_next_4obs,validated_secondary_production,random_forest,isotonic_validation,num__cash_assets_change_4obs,cash_assets_change_4obs,cash_assets_change_4obs,firm_trend,firm_momentum_or_deterioration,0.0662108675802457,0.048169541949634416,-0.177472843511422,0.22564238546105642,-0.05804566535715206,-0.26284439399512916,0.2047987286379771,higher_values_associated_with_higher_model_score,Association with model score on the temporal test split; not a causal effect.
recovery_next_4obs,validated_secondary_production,gradient_boosting,isotonic_validation,num__leverage_assets,leverage_assets,leverage_assets,financial_ratio,balance_sheet_leverage_liquidity,-0.731124340569247,-0.32894031520490224,0.16452006812096903,-0.4934603833258713,-0.23664093929649355,0.4398599822158309,-0.6765009215123244,lower_values_associated_with_higher_model_score,Association with model score on the temporal test split; not a causal effect.
recovery_next_4obs,validated_secondary_production,gradient_boosting,isotonic_validation,num__net_income_negative_count_prior_4obs,net_income_negative_count_prior_4obs,net_income_negative_count_prior_4obs,accounting_fundamental,accounting_fundamentals,-0.1684967085927258,-0.5577029194517399,0.12935199927405316,-0.687054918725793,-0.22602746876473856,0.31304530753071563,-0.5390727762954541,lower_values_associated_with_higher_model_score,Association with model score on the temporal test split; not a causal effect.
recovery_next_4obs,validated_secondary_production,gradient_boosting,isotonic_validation,num__equity_assets,equity_assets,equity_assets,financial_ratio,balance_sheet_leverage_liquidity,0.7288646735515565,0.34239110634734893,-0.149310744898295,0.4917018512456439,0.2482793450583859,-0.42156498554734506,0.6698443306057309,higher_values_associated_with_higher_model_score,Association with model score on the temporal test split; not a causal effect.
recovery_next_4obs,validated_secondary_production,gradient_boosting,isotonic_validation,num__roa,roa,roa,financial_ratio,profitability_and_efficiency,0.2539398891668285,0.15490329322297208,0.05417257175827908,0.100730721464693,0.12410158670494208,0.009721705520222342,0.11437988118471973,higher_values_associated_with_higher_model_score,Association with model score on the temporal test split; not a causal effect.
recovery_next_4obs,validated_secondary_production,gradient_boosting,isotonic_validation,num__roa_lag1,roa_lag1,roa_lag1,firm_trend,firm_momentum_or_deterioration,0.2906933680112249,0.13994830393885072,0.052794012671053984,0.08715429126779672,0.12019718188232,0.007553817382877165,0.11264336449944283,higher_values_associated_with_higher_model_score,Association with model score on the temporal test split; not a causal effect.
recovery_next_4obs,validated_secondary_production,gradient_boosting,isotonic_validation,num__leverage_assets_lag1,leverage_assets_lag1,leverage_assets_lag1,firm_trend,firm_momentum_or_deterioration,-0.7200270181751897,-0.3196719597060142,0.1610368555673119,-0.4807088152733261,-0.23313123565581292,0.4325771421953192,-0.6657083778511321,lower_values_associated_with_higher_model_score,Association with model score on the temporal test split; not a causal effect.
recovery_next_4obs,validated_secondary_production,gradient_boosting,isotonic_validation,num__operating_income,operating_income,operating_income,accounting_fundamental,earnings_and_scale,0.2867677494817862,0.6855952780584987,0.3909995854120924,0.29459569264640634,0.8436116328915529,0.01717113353518281,0.8264404993563701,higher_values_associated_with_higher_model_score,Association with model score on the temporal test split; not a causal effect.
recovery_next_4obs,validated_secondary_production,gradient_boosting,isotonic_validation,num__total_equity,total_equity,total_equity,accounting_fundamental,asset_base_liquidity_and_investment,0.3549414384893712,0.13791130628768294,0.07145917860086502,0.06645212768681792,0.08997083770241797,0.0692800362050966,0.020690801497321373,higher_values_associated_with_higher_model_score,Association with model score on the temporal test split; not a causal effect.
recovery_next_4obs,validated_secondary_production,gradient_boosting,isotonic_validation,num__total_revenue_growth_4obs,total_revenue_growth_4obs,total_revenue_growth_4obs,firm_trend,firm_momentum_or_deterioration,0.17761306553216913,0.04846130085796966,0.04826951249055544,0.00019178836741422234,0.017826704364724413,0.07823452291915475,-0.06040781855443034,higher_values_associated_with_higher_model_score,Association with model score on the temporal test split; not a causal effect.
recovery_next_4obs,validated_secondary_production,gradient_boosting,isotonic_validation,num__inventory_assets,inventory_assets,inventory_assets,financial_ratio,profitability_and_efficiency,-0.06937381258379152,-0.13944143932423153,0.04715385546574818,-0.18659529478997972,-0.05322530534246821,0.10083877115492638,-0.1540640764973946,lower_values_associated_with_higher_model_score,Association with model score on the temporal test split; not a causal effect.
recovery_next_4obs,validated_secondary_production,gradient_boosting,isotonic_validation,num__working_capital_assets,working_capital_assets,working_capital_assets,financial_quality_cashflow,cash_flow_quality,-0.17272019787236084,-0.1979852864927662,-0.029041224384218634,-0.16894406210854757,-0.12842150720294812,0.02791566482868597,-0.15633717203163408,lower_values_associated_with_higher_model_score,Association with model score on the temporal test split; not a causal effect.
recovery_next_4obs,validated_secondary_production,gradient_boosting,isotonic_validation,num__total_liabilities,total_liabilities,total_liabilities,accounting_fundamental,balance_sheet_obligations,-0.10161182044101723,-0.21760478183646156,0.12472203083211916,-0.3423268126685807,-0.1967237064443144,0.35813953580743146,-0.5548632422517459,lower_values_associated_with_higher_model_score,Association with model score on the temporal test split; not a causal effect.
recovery_next_4obs,validated_secondary_production,gradient_boosting,isotonic_validation,num__r_and_d_intensity,r_and_d_intensity,r_and_d_intensity,financial_ratio,profitability_and_efficiency,0.016212872188887492,-0.05860325552926823,-0.011354030973894898,-0.04724922455537334,-0.055678359256120705,0.02082104901881738,-0.07649940827493809,lower_values_associated_with_higher_model_score,Association with model score on the temporal test split; not a causal effect.
recovery_next_4obs,validated_secondary_production,gradient_boosting,isotonic_validation,num__DTWEXBGS_yoy_pct,DTWEXBGS_yoy_pct,DTWEXBGS_yoy_pct,macro_conditions,macro_price_policy_conditions,-0.06309621654270467,0.014093012266379013,0.2269471193361625,-0.21285410706978347,0.19744089581620522,0.20465109845248416,-0.007210202636278945,lower_values_associated_with_higher_model_score,Association with model score on the temporal test split; not a causal effect.
recovery_next_4obs,validated_secondary_production,gradient_boosting,isotonic_validation,num__operating_margin,operating_margin,operating_margin,financial_ratio,profitability_and_efficiency,0.17033694607186153,0.10900696453241206,0.05834175933889866,0.0506652051935134,0.07744590037441486,0.051775943949807696,0.025669956424607163,higher_values_associated_with_higher_model_score,Association with model score on the temporal test split; not a causal effect.
recovery_next_4obs,validated_secondary_production,gradient_boosting,isotonic_validation,num__HOUST,HOUST,HOUST,macro_conditions,real_activity_conditions,-0.041582184370846424,1.8638845513656803,1.936548022272403,-0.07266347090672265,1.9161868728006373,1.939047987657707,-0.022861114857069653,lower_values_associated_with_higher_model_score,Association with model score on the temporal test split; not a causal effect.
recovery_next_4obs,validated_secondary_production,gradient_boosting,isotonic_validation,num__current_assets,current_assets,current_assets,accounting_fundamental,asset_base_liquidity_and_investment,0.250394831757056,0.23360168148167407,0.36571331587669703,-0.13211163439502296,0.6309889516119457,0.07316716197612334,0.5578217896358223,lower_values_associated_with_higher_model_score,Association with model score on the temporal test split; not a causal effect.
recovery_next_4obs,validated_secondary_production,gradient_boosting,isotonic_validation,num__net_income,net_income,net_income,accounting_fundamental,earnings_and_scale,0.08666860065820611,0.33731122707389194,0.1897477748045089,0.14756345226938303,0.2342922742395482,0.18153039787384223,0.05276187636570598,higher_values_associated_with_higher_model_score,Association with model score on the temporal test split; not a causal effect.
recovery_next_4obs,validated_secondary_production,gradient_boosting,isotonic_validation,cat__Sector_Energy,Sector: Energy,Sector,industry_sector,sector_positioning,0.1249496758416813,0.023809523809523808,0.04894117647058824,-0.02513165266106443,0.07839866555462886,0.013934426229508197,0.06446423932512066,lower_values_associated_with_higher_model_score,Association with model score on the temporal test split; not a causal effect.
recovery_next_4obs,validated_secondary_production,gradient_boosting,isotonic_validation,num__current_liabilities,current_liabilities,current_liabilities,accounting_fundamental,balance_sheet_obligations,0.2670967123043866,0.3155589682062809,0.4837450658423298,-0.16818609763604891,0.8343045985637946,0.09868966220459656,0.7356149363591981,lower_values_associated_with_higher_model_score,Association with model score on the temporal test split; not a causal effect.
recovery_next_4obs,validated_secondary_production,gradient_boosting,isotonic_validation,num__gross_margin_lag1,gross_margin_lag1,gross_margin_lag1,firm_trend,firm_momentum_or_deterioration,0.028486940644203398,0.12133975016006883,0.11522851844817522,0.006111231711893608,0.0966060734104476,0.1350031198609065,-0.038397046450458897,higher_values_associated_with_higher_model_score,Association with model score on the temporal test split; not a causal effect.
recovery_next_4obs,validated_secondary_production,gradient_boosting,isotonic_validation,num__current_assets_growth_4obs,current_assets_growth_4obs,current_assets_growth_4obs,firm_trend,firm_momentum_or_deterioration,0.12393496168103989,-0.0793524269648263,-0.07392866355126523,-0.005423763413561072,-0.02612154533754984,-0.1222199104216191,0.09609836508406926,lower_values_associated_with_higher_model_score,Association with model score on the temporal test split; not a causal effect.
recovery_next_4obs,validated_secondary_production,gradient_boosting,isotonic_validation,num__total_liabilities_growth_4obs,total_liabilities_growth_4obs,total_liabilities_growth_4obs,firm_trend,firm_momentum_or_deterioration,0.10745735337737335,-0.06062607027946425,-0.08595072932522237,0.02532465904575812,-0.08628861910117437,-0.07951582801307537,-0.0067727910880990005,higher_values_associated_with_higher_model_score,Association with model score on the temporal test split; not a causal effect.
recovery_next_4obs,validated_secondary_production,gradient_boosting,isotonic_validation,num__missingindicator_total_liabilities,Missing value: total_liabilities,total_liabilities,missingness_indicator,data_availability_signal,-0.010227595076916583,-0.0950586375786717,0.004846126621657698,-0.0999047642003294,-0.05079307796113625,0.0354521968018816,-0.08624527476301785,lower_values_associated_with_higher_model_score,Association with model score on the temporal test split; not a causal effect.
recovery_next_4obs,validated_secondary_production,gradient_boosting,isotonic_validation,num__gross_margin,gross_margin,gross_margin,financial_ratio,profitability_and_efficiency,0.027355814144747855,0.12582922533778212,0.11622302771315757,0.009606197624624557,0.10019923253984545,0.1342859396102402,-0.03408670707039477,higher_values_associated_with_higher_model_score,Association with model score on the temporal test split; not a causal effect.
recovery_next_4obs,validated_secondary_production,gradient_boosting,isotonic_validation,num__operating_margin_lag1,operating_margin_lag1,operating_margin_lag1,firm_trend,firm_momentum_or_deterioration,0.16678624590530614,0.10406259211948206,0.05728018494351225,0.046782407175969806,0.07778580205957579,0.04840132657267205,0.02938447548690374,higher_values_associated_with_higher_model_score,Association with model score on the temporal test split; not a causal effect.
recovery_next_4obs,validated_secondary_production,gradient_boosting,isotonic_validation,cat__Sector_Communication Services,Sector: Communication Services,Sector,industry_sector,sector_positioning,-0.10510847051847362,0.003401360544217687,0.046588235294117646,-0.04318687474989996,0.008340283569641367,0.07377049180327869,-0.06543020823363732,lower_values_associated_with_higher_model_score,Association with model score on the temporal test split; not a causal effect.
recovery_next_4obs,validated_secondary_production,gradient_boosting,isotonic_validation,num__cash_to_current_liabilities,cash_to_current_liabilities,cash_to_current_liabilities,financial_quality_cashflow,cash_flow_quality,-0.2954468887048844,-0.24059344745578887,0.05083109740061648,-0.29142454485640534,-0.1543413279177864,0.18224332835879833,-0.33658465627658474,lower_values_associated_with_higher_model_score,Association with model score on the temporal test split; not a causal effect.
recovery_next_4obs,validated_secondary_production,gradient_boosting,isotonic_validation,num__cash_assets_lag1,cash_assets_lag1,cash_assets_lag1,firm_trend,firm_momentum_or_deterioration,-0.442746526230054,-0.4795037023566135,0.20724002613309125,-0.6867437284897048,-0.24044441468742264,0.48172444282802823,-0.7221688575154509,lower_values_associated_with_higher_model_score,Association with model score on the temporal test split; not a causal effect.
recovery_next_4obs,validated_secondary_production,gradient_boosting,isotonic_validation,cat__Sector_Basic Materials,Sector: Basic Materials,Sector,industry_sector,sector_positioning,0.12339858944494327,0.04421768707482993,0.0051764705882352945,0.039041216486594636,0.020016680567139282,0.0,0.020016680567139282,higher_values_associated_with_higher_model_score,Association with model score on the temporal test split; not a causal effect.
recovery_next_4obs,validated_secondary_production,gradient_boosting,isotonic_validation,num__current_liabilities_growth_4obs,current_liabilities_growth_4obs,current_liabilities_growth_4obs,firm_trend,firm_momentum_or_deterioration,0.06853037215457358,-0.057607228688998195,0.0314815456722801,-0.0890887743612783,-0.023628617356581276,0.0641741569914514,-0.08780277434803269,lower_values_associated_with_higher_model_score,Association with model score on the temporal test split; not a causal effect.
recovery_next_4obs,validated_secondary_production,gradient_boosting,isotonic_validation,num__cash_equivalents,cash_equivalents,cash_equivalents,accounting_fundamental,asset_base_liquidity_and_investment,-0.2871460511997981,-0.13809895429419786,0.596942842590929,-0.7350417968851268,-0.06310832233568262,1.0684994478882899,-1.1316077702239724,lower_values_associated_with_higher_model_score,Association with model score on the temporal test split; not a causal effect.
recovery_next_4obs,validated_secondary_production,gradient_boosting,isotonic_validation,num__cfo_margin,cfo_margin,cfo_margin,financial_quality_cashflow,cash_flow_quality,0.17423620820067404,0.10063909334529832,0.122815837389225,-0.02217674404392668,0.0702841689252084,0.16909904045434096,-0.09881487152913256,lower_values_associated_with_higher_model_score,Association with model score on the temporal test split; not a causal effect.
recovery_next_4obs,validated_secondary_production,gradient_boosting,isotonic_validation,num__receivables_assets,receivables_assets,receivables_assets,financial_ratio,profitability_and_efficiency,-0.04218773497380037,-0.13314531171577768,-0.013460227660731237,-0.11968508405504644,-0.07302976053449091,0.016241784801116484,-0.0892715453356074,lower_values_associated_with_higher_model_score,Association with model score on the temporal test split; not a causal effect.
recovery_next_4obs,validated_secondary_production,gradient_boosting,isotonic_validation,num__missingindicator_leverage_assets,Missing value: leverage_assets,leverage_assets,missingness_indicator,data_availability_signal,-0.010227595076916583,-0.09594280025359948,0.0030578560936441374,-0.09900065634724362,-0.05207783054177865,0.033386950609859134,-0.08546478115163778,lower_values_associated_with_higher_model_score,Association with model score on the temporal test split; not a causal effect.
recovery_next_4obs,validated_secondary_production,gradient_boosting,isotonic_validation,num__long_term_debt,long_term_debt,long_term_debt,accounting_fundamental,balance_sheet_obligations,0.078170433720996,-0.0007267279506985138,0.038715861257256845,-0.03944258920795536,-0.005207289637692711,0.0723779405161959,-0.0775852301538886,lower_values_associated_with_higher_model_score,Association with model score on the temporal test split; not a causal effect.
recovery_next_4obs,validated_secondary_production,gradient_boosting,isotonic_validation,num__net_margin,net_margin,net_margin,financial_ratio,profitability_and_efficiency,0.16400521243703345,0.10864083779266938,0.09036947688773528,0.0182713609049341,0.07147226451789979,0.11334450782009871,-0.04187224330219892,higher_values_associated_with_higher_model_score,Association with model score on the temporal test split; not a causal effect.
recovery_next_4obs,validated_secondary_production,gradient_boosting,isotonic_validation,num__operating_margin_change_4obs,operating_margin_change_4obs,operating_margin_change_4obs,firm_trend,firm_momentum_or_deterioration,-0.007387775278391721,-0.013972130834909498,0.010456056337423976,-0.024428187172333474,-0.01877627150816028,0.033298412122825194,-0.05207468363098547,lower_values_associated_with_higher_model_score,Association with model score on the temporal test split; not a causal effect.
recovery_next_4obs,validated_secondary_production,gradient_boosting,isotonic_validation,cat__Sector_Consumer Discretionary,Sector: Consumer Discretionary,Sector,industry_sector,sector_positioning,0.002057813470263686,0.0,0.0032941176470588237,-0.0032941176470588237,0.0025020850708924102,0.003278688524590164,-0.0007766034536977537,lower_values_associated_with_higher_model_score,Association with model score on the temporal test split; not a causal effect.
recovery_next_4obs,validated_secondary_production,gradient_boosting,isotonic_validation,num__leverage_assets_change_4obs,leverage_assets_change_4obs,leverage_assets_change_4obs,firm_trend,firm_momentum_or_deterioration,-0.15238750531385956,-0.0785184055322842,0.04363833517924218,-0.12215674071152638,-0.06266776379707535,0.11867680313286183,-0.18134456692993717,lower_values_associated_with_higher_model_score,Association with model score on the temporal test split; not a causal effect.
recovery_next_4obs,validated_secondary_production,gradient_boosting,isotonic_validation,num__cash_assets_change_4obs,cash_assets_change_4obs,cash_assets_change_4obs,firm_trend,firm_momentum_or_deterioration,0.010684398434068121,-0.10993616120072669,-0.14921485334000514,0.039278692139278454,-0.06018998755644359,-0.22724180300028582,0.16705181544384223,higher_values_associated_with_higher_model_score,Association with model score on the temporal test split; not a causal effect.
recovery_next_4obs,validated_secondary_production,gradient_boosting,isotonic_validation,num__cash_assets,cash_assets,cash_assets,financial_ratio,balance_sheet_leverage_liquidity,-0.4652035462642312,-0.4865252054701889,0.17581152176549236,-0.6623367272356813,-0.25673603287957864,0.4413012924311889,-0.6980373253107675,lower_values_associated_with_higher_model_score,Association with model score on the temporal test split; not a causal effect.
recovery_next_4obs,validated_secondary_production,gradient_boosting,isotonic_validation,num__T10Y3M,T10Y3M,T10Y3M,macro_conditions,credit_and_financial_conditions,-0.03969563562935182,-3.6696317656710007,-3.355259291900124,-0.31437247377087685,-3.423279528509077,-3.3641685079611916,-0.05911102054788531,lower_values_associated_with_higher_model_score,Association with model score on the temporal test split; not a causal effect.
recovery_next_4obs,validated_secondary_production,gradient_boosting,isotonic_validation,num__cfo_assets,cfo_assets,cfo_assets,financial_quality_cashflow,cash_flow_quality,0.2358923837083886,0.21349609850277124,0.041429917550783,0.17206618095198822,0.18358906834156322,-0.05681710261172599,0.2404061709532892,higher_values_associated_with_higher_model_score,Association with model score on the temporal test split; not a causal effect.
recovery_next_4obs,validated_secondary_production,gradient_boosting,isotonic_validation,num__capex_intensity_assets,capex_intensity_assets,capex_intensity_assets,financial_quality_cashflow,cash_flow_quality,0.11711286282007964,-0.026996800293688384,-0.03816067247143887,0.011163872177750483,-0.024458533593136298,-0.048936644680312745,0.024478111087176447,higher_values_associated_with_higher_model_score,Association with model score on the temporal test split; not a causal effect.
recovery_next_4obs,validated_secondary_production,gradient_boosting,isotonic_validation,num__total_assets_growth_4obs,total_assets_growth_4obs,total_assets_growth_4obs,firm_trend,firm_momentum_or_deterioration,0.2074240284046286,-0.008508429964504039,0.0021448878047411815,-0.01065331776924522,-0.05747565624682429,0.05817190165201081,-0.1156475578988351,lower_values_associated_with_higher_model_score,Association with model score on the temporal test split; not a causal effect.
recovery_next_4obs,validated_secondary_production,gradient_boosting,isotonic_validation,num__current_ratio,current_ratio,current_ratio,financial_ratio,balance_sheet_leverage_liquidity,-0.15858087740216778,-0.22647855258555502,-0.035126771441125484,-0.19135178114442952,-0.1702419881350296,0.051550049181439066,-0.22179203731646868,lower_values_associated_with_higher_model_score,Association with model score on the temporal test split; not a causal effect.
recovery_next_4obs,validated_secondary_production,gradient_boosting,isotonic_validation,num__current_ratio_lag1,current_ratio_lag1,current_ratio_lag1,firm_trend,firm_momentum_or_deterioration,-0.15029876099386544,-0.22145860017760438,-0.012172922820604115,-0.20928567735700027,-0.16082476398764817,0.0834857398157301,-0.24431050380337826,lower_values_associated_with_higher_model_score,Association with model score on the temporal test split; not a causal effect.
recovery_next_4obs,validated_secondary_production,gradient_boosting,isotonic_validation,num__accruals_assets,accruals_assets,accruals_assets,financial_quality_cashflow,cash_flow_quality,-0.06376185920856178,0.08012037861380394,0.03417722029641694,0.045943158317387,0.05577597566076635,0.024021794774660255,0.0317541808861061,higher_values_associated_with_higher_model_score,Association with model score on the temporal test split; not a causal effect.
recovery_next_4obs,validated_secondary_production,gradient_boosting,isotonic_validation,num__current_ratio_change_4obs,current_ratio_change_4obs,current_ratio_change_4obs,firm_trend,firm_momentum_or_deterioration,0.04517875768420032,0.01634001556231492,-0.04551357122270028,0.061853586785015194,0.009635185719103953,-0.08480734586075668,0.09444253157986063,higher_values_associated_with_higher_model_score,Association with model score on the temporal test split; not a causal effect.
recovery_next_4obs,validated_secondary_production,gradient_boosting,isotonic_validation,num__BUSLOANS_yoy_pct,BUSLOANS_yoy_pct,BUSLOANS_yoy_pct,macro_conditions,credit_and_financial_conditions,-0.06285025952878104,-0.5539091221882483,-0.2801040964738092,-0.2738050257144391,-0.3281238198721841,-0.29889346467495137,-0.029230355197232716,lower_values_associated_with_higher_model_score,Association with model score on the temporal test split; not a causal effect.
recovery_next_4obs,validated_secondary_production,gradient_boosting,isotonic_validation,num__INDPRO,INDPRO,INDPRO,macro_conditions,real_activity_conditions,-0.09101481163432172,0.3954878051714035,0.4559987339164809,-0.06051092874507741,0.44033909671338156,0.4568066781422705,-0.016467581428888933,lower_values_associated_with_higher_model_score,Association with model score on the temporal test split; not a causal effect.
recovery_next_4obs,validated_secondary_production,gradient_boosting,isotonic_validation,num__gross_profit,gross_profit,gross_profit,accounting_fundamental,earnings_and_scale,0.06402715824236141,0.12353306781129046,0.41624396230401917,-0.2927108944927287,0.5400051693252635,0.22407454410784347,0.3159306252174201,lower_values_associated_with_higher_model_score,Association with model score on the temporal test split; not a causal effect.
recovery_next_4obs,validated_secondary_production,gradient_boosting,isotonic_validation,num__missingindicator_cash_to_current_liabilities,Missing value: cash_to_current_liabilities,cash_to_current_liabilities,missingness_indicator,data_availability_signal,-0.22364724895512353,-0.13831249052961922,-0.1375323455888975,-0.0007801449407217331,-0.29829837453809566,0.02027839711398481,-0.3185767716520805,lower_values_associated_with_higher_model_score,Association with model score on the temporal test split; not a causal effect.
recovery_next_4obs,validated_secondary_production,gradient_boosting,isotonic_validation,num__cash_flow_operating,cash_flow_operating,cash_flow_operating,accounting_fundamental,asset_base_liquidity_and_investment,0.18208401862903564,0.18805925930960102,0.08147317653711268,0.10658608277248834,0.19609027858716416,-0.005485509547231638,0.2015757881343958,higher_values_associated_with_higher_model_score,Association with model score on the temporal test split; not a causal effect.
recovery_next_4obs,validated_secondary_production,gradient_boosting,isotonic_validation,num__PPIACO_yoy_pct,PPIACO_yoy_pct,PPIACO_yoy_pct,macro_conditions,macro_price_policy_conditions,-0.04618080603742448,0.29344935532767763,0.7828080594676954,-0.48935870414001775,0.6888279264898854,0.757243076208047,-0.06841514971816154,lower_values_associated_with_higher_model_score,Association with model score on the temporal test split; not a causal effect.
recovery_next_4obs,validated_secondary_production,gradient_boosting,isotonic_validation,num__roa_change_4obs,roa_change_4obs,roa_change_4obs,firm_trend,firm_momentum_or_deterioration,0.017555714804603044,0.027669013561297362,-0.004463511283025318,0.03213252484432268,0.011463951939956668,-0.012373401529029033,0.023837353468985703,higher_values_associated_with_higher_model_score,Association with model score on the temporal test split; not a causal effect.
recovery_next_4obs,validated_secondary_production,gradient_boosting,isotonic_validation,cat__Sector_Consumer Cyclical,Sector: Consumer Cyclical,Sector,industry_sector,sector_positioning,-0.18116137722746273,0.027210884353741496,0.09788235294117648,-0.07067146858743498,0.040033361134278564,0.1377049180327869,-0.09767155689850833,lower_values_associated_with_higher_model_score,Association with model score on the temporal test split; not a causal effect.
recovery_next_4obs,validated_secondary_production,gradient_boosting,isotonic_validation,num__FEDFUNDS,FEDFUNDS,FEDFUNDS,macro_conditions,macro_price_policy_conditions,0.05559750618901042,6.206364055815286,5.510239970116302,0.6961240856989841,5.663997229075349,5.52688384528319,0.1371133837921592,higher_values_associated_with_higher_model_score,Association with model score on the temporal test split; not a causal effect.
recovery_next_4obs,validated_secondary_production,gradient_boosting,isotonic_validation,num__net_margin_change_4obs,net_margin_change_4obs,net_margin_change_4obs,firm_trend,firm_momentum_or_deterioration,-0.006238062395074238,-0.002382489799508971,0.005886007603558177,-0.008268497403067149,-0.016056481341359726,0.025458225643275247,-0.04151470698463497,lower_values_associated_with_higher_model_score,Association with model score on the temporal test split; not a causal effect.
quality_success_cashflow_next_4obs,validated_secondary_production,random_forest,isotonic_validation,num__leverage_assets,leverage_assets,leverage_assets,financial_ratio,balance_sheet_leverage_liquidity,-0.5676868176660173,-0.2693852634789298,0.17398247328091698,-0.4433677367598468,-0.19473714951789245,0.540525530292366,-0.7352626798102585,lower_values_associated_with_higher_model_score,Association with model score on the temporal test split; not a causal effect.
quality_success_cashflow_next_4obs,validated_secondary_production,random_forest,isotonic_validation,num__equity_assets,equity_assets,equity_assets,financial_ratio,balance_sheet_leverage_liquidity,0.5737452129616395,0.2786330367121491,-0.17120623457122236,0.4498392712833715,0.19811892659929947,-0.5354758241800947,0.7335947507793941,higher_values_associated_with_higher_model_score,Association with model score on the temporal test split; not a causal effect.
quality_success_cashflow_next_4obs,validated_secondary_production,random_forest,isotonic_validation,num__leverage_assets_lag1,leverage_assets_lag1,leverage_assets_lag1,firm_trend,firm_momentum_or_deterioration,-0.5569363638965545,-0.26696932802231016,0.1705939181951831,-0.43756324621749326,-0.18921363768870608,0.5258184049022689,-0.7150320425909751,lower_values_associated_with_higher_model_score,Association with model score on the temporal test split; not a causal effect.
quality_success_cashflow_next_4obs,validated_secondary_production,random_forest,isotonic_validation,num__roa,roa,roa,financial_ratio,profitability_and_efficiency,0.47970261123624114,0.13825232757989958,0.04231841960612422,0.09593390797377535,0.13137093417840112,-0.051789397128210735,0.18316033130661186,higher_values_associated_with_higher_model_score,Association with model score on the temporal test split; not a causal effect.
quality_success_cashflow_next_4obs,validated_secondary_production,random_forest,isotonic_validation,num__roa_lag1,roa_lag1,roa_lag1,firm_trend,firm_momentum_or_deterioration,0.46965275509508914,0.14133521055594123,0.043822121298245316,0.09751308925769592,0.1301950600045671,-0.04521819787218029,0.17541325787674739,higher_values_associated_with_higher_model_score,Association with model score on the temporal test split; not a causal effect.
quality_success_cashflow_next_4obs,validated_secondary_production,random_forest,isotonic_validation,num__total_equity,total_equity,total_equity,accounting_fundamental,asset_base_liquidity_and_investment,0.34896277824139693,0.3744913263990426,0.197400086260193,0.17709124013884958,0.2863651651427521,0.14406319161975328,0.14230197352299884,higher_values_associated_with_higher_model_score,Association with model score on the temporal test split; not a causal effect.
quality_success_cashflow_next_4obs,validated_secondary_production,random_forest,isotonic_validation,num__cfo_assets,cfo_assets,cfo_assets,financial_quality_cashflow,cash_flow_quality,0.397362629821571,0.2441659187041007,0.025347224562596565,0.21881869414150415,0.21544757697574463,-0.1685212514428698,0.38396882841861446,higher_values_associated_with_higher_model_score,Association with model score on the temporal test split; not a causal effect.
quality_success_cashflow_next_4obs,validated_secondary_production,random_forest,isotonic_validation,num__net_income,net_income,net_income,accounting_fundamental,earnings_and_scale,0.3120228601932304,0.708787732168305,0.3130513640432525,0.39573636812505253,0.5740596756494647,0.09458013670321759,0.4794795389462471,higher_values_associated_with_higher_model_score,Association with model score on the temporal test split; not a causal effect.
quality_success_cashflow_next_4obs,validated_secondary_production,random_forest,isotonic_validation,num__operating_income,operating_income,operating_income,accounting_fundamental,earnings_and_scale,0.4431052251292074,0.919985842752696,0.28469368916055865,0.6352921535921374,0.7037715131219909,-0.06613945426649495,0.7699109673884859,higher_values_associated_with_higher_model_score,Association with model score on the temporal test split; not a causal effect.
quality_success_cashflow_next_4obs,validated_secondary_production,random_forest,isotonic_validation,num__net_income_negative_count_prior_4obs,net_income_negative_count_prior_4obs,net_income_negative_count_prior_4obs,accounting_fundamental,accounting_fundamentals,-0.39984624467223734,-0.4873931224346069,0.22165039725592564,-0.7090435196905326,-0.22355041645169876,0.5772549728480946,-0.8008053892997933,lower_values_associated_with_higher_model_score,Association with model score on the temporal test split; not a causal effect.
quality_success_cashflow_next_4obs,validated_secondary_production,random_forest,isotonic_validation,num__operating_margin,operating_margin,operating_margin,financial_ratio,profitability_and_efficiency,0.3947429862709503,0.08776272194464368,0.03581176613947677,0.05195095580516691,0.06863269097472771,0.009435372425669563,0.059197318549058145,higher_values_associated_with_higher_model_score,Association with model score on the temporal test split; not a causal effect.
quality_success_cashflow_next_4obs,validated_secondary_production,random_forest,isotonic_validation,num__net_margin,net_margin,net_margin,financial_ratio,profitability_and_efficiency,0.41066535788807307,0.08789405646538859,0.0649278512035586,0.02296620526182999,0.06607078668846501,0.07460162317431897,-0.008530836485853954,higher_values_associated_with_higher_model_score,Association with model score on the temporal test split; not a causal effect.
quality_success_cashflow_next_4obs,validated_secondary_production,random_forest,isotonic_validation,num__net_margin_lag1,net_margin_lag1,net_margin_lag1,firm_trend,firm_momentum_or_deterioration,0.3978391135144945,0.08942487744223217,0.06812121722143492,0.021303660220797244,0.06206928154454207,0.08844639899029033,-0.026377117445748263,higher_values_associated_with_higher_model_score,Association with model score on the temporal test split; not a causal effect.
quality_success_cashflow_next_4obs,validated_secondary_production,random_forest,isotonic_validation,num__operating_margin_lag1,operating_margin_lag1,operating_margin_lag1,firm_trend,firm_momentum_or_deterioration,0.3832812084984911,0.08594620233867917,0.03508549756971932,0.05086070476895985,0.06398963254952417,0.014414873931087951,0.049574758618436215,higher_values_associated_with_higher_model_score,Association with model score on the temporal test split; not a causal effect.
quality_success_cashflow_next_4obs,validated_secondary_production,random_forest,isotonic_validation,num__cash_flow_operating,cash_flow_operating,cash_flow_operating,accounting_fundamental,asset_base_liquidity_and_investment,0.3149327118881859,0.423649750947582,0.1281148819031868,0.2955348690443952,0.3305442115740679,-0.04702401958888921,0.37756823116295707,higher_values_associated_with_higher_model_score,Association with model score on the temporal test split; not a causal effect.
quality_success_cashflow_next_4obs,validated_secondary_production,random_forest,isotonic_validation,num__total_assets,total_assets,total_assets,accounting_fundamental,asset_base_liquidity_and_investment,0.08226095518264911,-0.07084571700933376,0.2199963323357709,-0.29084204934510466,-0.057552228233905184,0.517382788072906,-0.5749350163068112,lower_values_associated_with_higher_model_score,Association with model score on the temporal test split; not a causal effect.
quality_success_cashflow_next_4obs,validated_secondary_production,random_forest,isotonic_validation,num__total_liabilities,total_liabilities,total_liabilities,accounting_fundamental,balance_sheet_obligations,-0.02928694130373631,-0.13198387169758352,0.2175920471301883,-0.34957591882777184,-0.10595970440352637,0.5589993015806158,-0.6649590059841421,lower_values_associated_with_higher_model_score,Association with model score on the temporal test split; not a causal effect.
quality_success_cashflow_next_4obs,validated_secondary_production,random_forest,isotonic_validation,num__cfo_margin,cfo_margin,cfo_margin,financial_quality_cashflow,cash_flow_quality,0.31255051118486005,0.10118570330961052,0.09642760237246606,0.0047581009371444605,0.06896400866777048,0.14264449143005056,-0.07368048276228008,higher_values_associated_with_higher_model_score,Association with model score on the temporal test split; not a causal effect.
quality_success_cashflow_next_4obs,validated_secondary_production,random_forest,isotonic_validation,num__accruals_assets,accruals_assets,accruals_assets,financial_quality_cashflow,cash_flow_quality,-0.010962685038320766,0.05044558728446084,0.03777767776164936,0.01266790952281148,0.055131296386222196,0.016421680140147787,0.03870961624607441,higher_values_associated_with_higher_model_score,Association with model score on the temporal test split; not a causal effect.
quality_success_cashflow_next_4obs,validated_secondary_production,random_forest,isotonic_validation,num__cash_assets,cash_assets,cash_assets,financial_ratio,balance_sheet_leverage_liquidity,-0.18867552456332853,-0.3759033783060956,0.06325149625883889,-0.4391548745649345,-0.1266332675592547,0.1464647048142347,-0.27309797237348943,lower_values_associated_with_higher_model_score,Association with model score on the temporal test split; not a causal effect.
quality_success_cashflow_next_4obs,validated_secondary_production,random_forest,isotonic_validation,num__current_liabilities,current_liabilities,current_liabilities,accounting_fundamental,balance_sheet_obligations,0.2823683376716969,0.6255447838110174,0.5280576496693962,0.09748713414162125,0.7836684339825144,0.1688831513457241,0.6147852826367903,higher_values_associated_with_higher_model_score,Association with model score on the temporal test split; not a causal effect.
quality_success_cashflow_next_4obs,validated_secondary_production,random_forest,isotonic_validation,num__current_assets,current_assets,current_assets,accounting_fundamental,asset_base_liquidity_and_investment,0.3182064441861525,0.6027612170535931,0.3567015327432748,0.24605968431031827,0.6382144069686128,0.030567358559751928,0.6076470484088609,higher_values_associated_with_higher_model_score,Association with model score on the temporal test split; not a causal effect.
quality_success_cashflow_next_4obs,validated_secondary_production,random_forest,isotonic_validation,num__total_revenue,total_revenue,total_revenue,accounting_fundamental,earnings_and_scale,0.22764535651759674,0.41639947390270754,0.3705935704928257,0.04580590340988183,0.5953535423336772,0.034785999547504845,0.5605675427861724,higher_values_associated_with_higher_model_score,Association with model score on the temporal test split; not a causal effect.
quality_success_cashflow_next_4obs,validated_secondary_production,random_forest,isotonic_validation,num__cash_assets_lag1,cash_assets_lag1,cash_assets_lag1,firm_trend,firm_momentum_or_deterioration,-0.19921349018584217,-0.3817322851932186,0.10626627697387586,-0.4879985621670945,-0.10381354609611364,0.1972593378019307,-0.3010728838980443,lower_values_associated_with_higher_model_score,Association with model score on the temporal test split; not a causal effect.
quality_success_cashflow_next_4obs,validated_secondary_production,random_forest,isotonic_validation,num__cash_equivalents,cash_equivalents,cash_equivalents,accounting_fundamental,asset_base_liquidity_and_investment,-0.04532565106330299,0.03557537738421731,0.669118943143487,-0.6335435657592696,0.08632202300247586,1.2821402032124534,-1.1958181802099774,lower_values_associated_with_higher_model_score,Association with model score on the temporal test split; not a causal effect.
quality_success_cashflow_next_4obs,validated_secondary_production,random_forest,isotonic_validation,num__receivables_assets,receivables_assets,receivables_assets,financial_ratio,profitability_and_efficiency,0.022537347801658145,-0.0602937743365688,0.03228057994881624,-0.09257435428538505,0.02288433939531677,0.0009306657452252128,0.021953673650091557,lower_values_associated_with_higher_model_score,Association with model score on the temporal test split; not a causal effect.
quality_success_cashflow_next_4obs,validated_secondary_production,random_forest,isotonic_validation,num__total_revenue_growth_4obs,total_revenue_growth_4obs,total_revenue_growth_4obs,firm_trend,firm_momentum_or_deterioration,0.1092309427147383,0.005934809754169614,0.07772467984157272,-0.0717898700874031,0.03960286378667516,0.1026295071308912,-0.06302664334421604,lower_values_associated_with_higher_model_score,Association with model score on the temporal test split; not a causal effect.
quality_success_cashflow_next_4obs,validated_secondary_production,random_forest,isotonic_validation,num__capex,capex,capex,accounting_fundamental,asset_base_liquidity_and_investment,0.2764904456479365,0.5767110434576773,0.13503965383228347,0.4416713896253939,0.3995945971138065,-0.06609502745655095,0.46568962457035745,higher_values_associated_with_higher_model_score,Association with model score on the temporal test split; not a causal effect.
quality_success_cashflow_next_4obs,validated_secondary_production,random_forest,isotonic_validation,cat__Sector_Financial Services,Sector: Financial Services,Sector,industry_sector,sector_positioning,-0.3050080451793277,0.08041504539559015,0.22249767585993183,-0.14208263046434166,0.12205044751830757,0.3116883116883117,-0.1896378641700041,lower_values_associated_with_higher_model_score,Association with model score on the temporal test split; not a causal effect.
quality_success_cashflow_next_4obs,validated_secondary_production,random_forest,isotonic_validation,num__inventory_assets,inventory_assets,inventory_assets,financial_ratio,profitability_and_efficiency,0.0696570234198785,-0.019998015147643468,0.08131451910610309,-0.10131253425374656,0.06179749420063111,0.0617436641113054,5.383008932571126e-05,lower_values_associated_with_higher_model_score,Association with model score on the temporal test split; not a causal effect.
quality_success_cashflow_next_4obs,validated_secondary_production,random_forest,isotonic_validation,num__capex_intensity_assets,capex_intensity_assets,capex_intensity_assets,financial_quality_cashflow,cash_flow_quality,0.20525334769460582,0.005406402854225889,-0.05809531366826003,0.06350171652248593,-0.011249653814760107,-0.10107376073388744,0.08982410691912733,higher_values_associated_with_higher_model_score,Association with model score on the temporal test split; not a causal effect.
quality_success_cashflow_next_4obs,validated_secondary_production,random_forest,isotonic_validation,num__leverage_assets_change_4obs,leverage_assets_change_4obs,leverage_assets_change_4obs,firm_trend,firm_momentum_or_deterioration,-0.21764629255756796,-0.073399951632378,0.02056986724975888,-0.09396981888213687,-0.07405053392588523,0.12454792941313919,-0.19859846333902442,lower_values_associated_with_higher_model_score,Association with model score on the temporal test split; not a causal effect.
quality_success_cashflow_next_4obs,validated_secondary_production,random_forest,isotonic_validation,num__current_ratio_lag1,current_ratio_lag1,current_ratio_lag1,firm_trend,firm_momentum_or_deterioration,0.010670693323386998,-0.10945922944107382,0.0011586076586488532,-0.11061783709972267,-0.03718824995308197,0.006983428181861959,-0.04417167813494392,lower_values_associated_with_higher_model_score,Association with model score on the temporal test split; not a causal effect.
quality_success_cashflow_next_4obs,validated_secondary_production,random_forest,isotonic_validation,num__working_capital_assets,working_capital_assets,working_capital_assets,financial_quality_cashflow,cash_flow_quality,-0.0014190065407388695,-0.12414694862344809,-0.06317248217497205,-0.06097446644847604,-0.03990841545451133,-0.13083117674034056,0.09092276128582924,lower_values_associated_with_higher_model_score,Association with model score on the temporal test split; not a causal effect.
quality_success_cashflow_next_4obs,validated_secondary_production,random_forest,isotonic_validation,num__current_ratio,current_ratio,current_ratio,financial_ratio,balance_sheet_leverage_liquidity,0.018238138557335064,-0.12353766911802172,-0.023404181581987354,-0.10013348753603436,-0.04732942356566035,-0.03534877514978887,-0.01198064841587148,lower_values_associated_with_higher_model_score,Association with model score on the temporal test split; not a causal effect.
quality_success_cashflow_next_4obs,validated_secondary_production,random_forest,isotonic_validation,num__total_assets_growth_4obs,total_assets_growth_4obs,total_assets_growth_4obs,firm_trend,firm_momentum_or_deterioration,0.22758364691896393,-0.05387237081332094,0.026687813770541205,-0.08056018458386215,-0.025520304257288406,0.0696849902629096,-0.095205294520198,lower_values_associated_with_higher_model_score,Association with model score on the temporal test split; not a causal effect.
quality_success_cashflow_next_4obs,validated_secondary_production,random_forest,isotonic_validation,num__long_term_debt,long_term_debt,long_term_debt,accounting_fundamental,balance_sheet_obligations,0.09374031610950968,0.0449015244163421,0.1043173966525459,-0.0594158722362038,0.03456798696689805,0.18589818334943498,-0.15133019638253692,lower_values_associated_with_higher_model_score,Association with model score on the temporal test split; not a causal effect.
quality_success_cashflow_next_4obs,validated_secondary_production,random_forest,isotonic_validation,num__cash_to_current_liabilities,cash_to_current_liabilities,cash_to_current_liabilities,financial_quality_cashflow,cash_flow_quality,-0.05443592061270566,-0.164143097561639,0.05454792004894312,-0.21869101761058213,-0.019837102016198233,0.0637866276193059,-0.08362372963550413,lower_values_associated_with_higher_model_score,Association with model score on the temporal test split; not a causal effect.
quality_success_cashflow_next_4obs,validated_secondary_production,random_forest,isotonic_validation,num__gross_margin,gross_margin,gross_margin,financial_ratio,profitability_and_efficiency,0.11797674941858913,0.1712175308002872,0.09042907954291472,0.08078845125737248,0.14934472947159094,0.03684026681223166,0.11250446265935929,higher_values_associated_with_higher_model_score,Association with model score on the temporal test split; not a causal effect.
quality_success_cashflow_next_4obs,validated_secondary_production,random_forest,isotonic_validation,num__roa_change_4obs,roa_change_4obs,roa_change_4obs,firm_trend,firm_momentum_or_deterioration,0.09004463628622994,0.01956858476859308,0.0005142128926220598,0.019054371875971022,0.01795984721090194,-0.017791273106052153,0.03575112031695409,higher_values_associated_with_higher_model_score,Association with model score on the temporal test split; not a causal effect.
quality_success_cashflow_next_4obs,validated_secondary_production,random_forest,isotonic_validation,num__capex_intensity_revenue,capex_intensity_revenue,capex_intensity_revenue,financial_quality_cashflow,cash_flow_quality,0.11478478152557617,-0.003728044030915664,0.04643524653465798,-0.05016329056557364,-0.007465292307861415,0.10735188773521342,-0.11481718004307484,lower_values_associated_with_higher_model_score,Association with model score on the temporal test split; not a causal effect.
quality_success_cashflow_next_4obs,validated_secondary_production,random_forest,isotonic_validation,num__cash_assets_change_4obs,cash_assets_change_4obs,cash_assets_change_4obs,firm_trend,firm_momentum_or_deterioration,0.07076869409617204,0.029380809240831234,-0.16413059232735147,0.1935114015681827,-0.07876848909786119,-0.20349602033320752,0.12472753123534633,higher_values_associated_with_higher_model_score,Association with model score on the temporal test split; not a causal effect.
quality_success_cashflow_next_4obs,validated_secondary_production,random_forest,isotonic_validation,num__total_liabilities_growth_4obs,total_liabilities_growth_4obs,total_liabilities_growth_4obs,firm_trend,firm_momentum_or_deterioration,0.05262951469526911,-0.13945269672880586,-0.07915076251109321,-0.060301934217712655,-0.10354339167662631,-0.07040771627276597,-0.03313567540386034,lower_values_associated_with_higher_model_score,Association with model score on the temporal test split; not a causal effect.
quality_success_cashflow_next_4obs,validated_secondary_production,random_forest,isotonic_validation,num__gross_profit,gross_profit,gross_profit,accounting_fundamental,earnings_and_scale,0.17702790585567513,0.26037338078933403,0.26483470922227226,-0.0044613284329382275,0.4171693851728359,0.019459178242869184,0.3977102069299667,lower_values_associated_with_higher_model_score,Association with model score on the temporal test split; not a causal effect.
quality_success_cashflow_next_4obs,validated_secondary_production,random_forest,isotonic_validation,num__debt_to_cfo,debt_to_cfo,debt_to_cfo,financial_quality_cashflow,cash_flow_quality,-0.10085666909141583,-0.10541441195583233,0.05707019789660381,-0.16248460985243612,-0.03997216759306882,0.1306120811286733,-0.17058424872174213,lower_values_associated_with_higher_model_score,Association with model score on the temporal test split; not a causal effect.
quality_success_cashflow_next_4obs,validated_secondary_production,random_forest,isotonic_validation,num__net_margin_change_4obs,net_margin_change_4obs,net_margin_change_4obs,firm_trend,firm_momentum_or_deterioration,0.062184051031835934,-0.0022161457178946327,0.016453740970767274,-0.018669886688661905,-0.003234037211661437,0.0385304137859955,-0.04176445099765694,lower_values_associated_with_higher_model_score,Association with model score on the temporal test split; not a causal effect.
quality_success_cashflow_next_4obs,validated_secondary_production,random_forest,isotonic_validation,num__current_liabilities_growth_4obs,current_liabilities_growth_4obs,current_liabilities_growth_4obs,firm_trend,firm_momentum_or_deterioration,0.05846927654829989,-0.03771614414839583,0.11936301517062123,-0.15707915931901706,-0.017557982668312662,0.25926157416616497,-0.2768195568344776,lower_values_associated_with_higher_model_score,Association with model score on the temporal test split; not a causal effect.
quality_success_cashflow_next_4obs,validated_secondary_production,random_forest,isotonic_validation,num__gross_margin_lag1,gross_margin_lag1,gross_margin_lag1,firm_trend,firm_momentum_or_deterioration,0.11822404873557162,0.1718798902555622,0.09192231255624123,0.07995757769932096,0.15128533175915668,0.03720347567663754,0.11408185608251914,higher_values_associated_with_higher_model_score,Association with model score on the temporal test split; not a causal effect.
quality_success_cashflow_next_4obs,validated_secondary_production,random_forest,isotonic_validation,num__short_term_debt,short_term_debt,short_term_debt,accounting_fundamental,balance_sheet_obligations,0.1399010251764472,-0.05002287971292215,0.027325925993288067,-0.07734880570621022,-0.04909016593112612,0.11056931868856205,-0.15965948461968818,lower_values_associated_with_higher_model_score,Association with model score on the temporal test split; not a causal effect.
quality_success_cashflow_next_4obs,validated_secondary_production,random_forest,isotonic_validation,num__DCOILWTICO_yoy_pct,DCOILWTICO_yoy_pct,DCOILWTICO_yoy_pct,macro_conditions,macro_price_policy_conditions,-0.020075393131173968,0.02526096088588434,0.06496017219251442,-0.03969921130663008,0.020064780574351945,0.11674249730941802,-0.09667771673506607,lower_values_associated_with_higher_model_score,Association with model score on the temporal test split; not a causal effect.
quality_success_cashflow_next_4obs,validated_secondary_production,random_forest,isotonic_validation,num__current_assets_growth_4obs,current_assets_growth_4obs,current_assets_growth_4obs,firm_trend,firm_momentum_or_deterioration,0.1415534111887597,-0.04715190590759869,-0.08270860608528266,0.03555670017768397,-0.028700437186224975,-0.15110981603131474,0.12240937884508976,higher_values_associated_with_higher_model_score,Association with model score on the temporal test split; not a causal effect.
quality_success_cashflow_next_4obs,validated_secondary_production,random_forest,isotonic_validation,num__DTWEXBGS,DTWEXBGS,DTWEXBGS,macro_conditions,macro_price_policy_conditions,0.036680061837369465,2.0662561077692674,2.0667912988168355,-0.000535191047568162,2.075687924013389,2.0523234176280023,0.023364506385386896,lower_values_associated_with_higher_model_score,Association with model score on the temporal test split; not a causal effect.
quality_success_cashflow_next_4obs,validated_secondary_production,random_forest,isotonic_validation,cat__Sector_Real Estate,Sector: Real Estate,Sector,industry_sector,sector_positioning,0.17184069601143392,0.20752269779507135,0.06600557793616361,0.14151711985890775,0.11594792514239219,0.05714285714285714,0.05880506799953505,higher_values_associated_with_higher_model_score,Association with model score on the temporal test split; not a causal effect.
quality_success_cashflow_next_4obs,validated_secondary_production,random_forest,isotonic_validation,num__DTWEXBGS_yoy_pct,DTWEXBGS_yoy_pct,DTWEXBGS_yoy_pct,macro_conditions,macro_price_policy_conditions,-0.03634757923748629,0.24394799183078142,0.34975068547757837,-0.10580269364679695,0.31443326953249917,0.3531509007966201,-0.03871763126412092,lower_values_associated_with_higher_model_score,Association with model score on the temporal test split; not a causal effect.
quality_success_cashflow_next_4obs,validated_secondary_production,random_forest,isotonic_validation,num__cash_equivalents_growth_4obs,cash_equivalents_growth_4obs,cash_equivalents_growth_4obs,firm_trend,firm_momentum_or_deterioration,0.07656970894923017,-0.032120233158513,-0.05133959004724568,0.019219356888732678,-0.04020083437998289,-0.05949604281927102,0.019295208439288128,higher_values_associated_with_higher_model_score,Association with model score on the temporal test split; not a causal effect.
quality_success_cashflow_next_4obs,validated_secondary_production,random_forest,isotonic_validation,num__VIXCLS,VIXCLS,VIXCLS,macro_conditions,macro_price_policy_conditions,-0.03476355119345502,0.48363220397038237,0.5748768784964254,-0.09124467452604307,0.5272170193382638,0.6052653783348554,-0.07804835899659157,lower_values_associated_with_higher_model_score,Association with model score on the temporal test split; not a causal effect.
quality_success_cashflow_next_4obs,validated_secondary_production,random_forest,isotonic_validation,num__missingindicator_net_margin,Missing value: net_margin,net_margin,missingness_indicator,data_availability_signal,-0.36370854363147614,-0.35253835058368765,-0.11539637506044159,-0.23714197552324606,-0.3573628882634716,0.15208234333217202,-0.5094452315956437,lower_values_associated_with_higher_model_score,Association with model score on the temporal test split; not a causal effect.
quality_success_cashflow_next_4obs,validated_secondary_production,random_forest,isotonic_validation,num__DCOILWTICO,DCOILWTICO,DCOILWTICO,macro_conditions,macro_price_policy_conditions,-0.027867304940787384,0.3549904429739249,0.4011735481808275,-0.04618310520690261,0.3726728587931991,0.4235420679212616,-0.050869209128062476,lower_values_associated_with_higher_model_score,Association with model score on the temporal test split; not a causal effect.
quality_success_cashflow_next_4obs,validated_secondary_production,random_forest,isotonic_validation,num__BAMLH0A0HYM2,BAMLH0A0HYM2,BAMLH0A0HYM2,macro_conditions,credit_and_financial_conditions,-0.08748621267143065,-0.939336558966673,-0.821021778731936,-0.11831478023473696,-0.8707904310423814,-0.800820056772136,-0.06997037427024544,lower_values_associated_with_higher_model_score,Association with model score on the temporal test split; not a causal effect.
quality_success_cashflow_next_4obs,validated_secondary_production,random_forest,isotonic_validation,num__HOUST,HOUST,HOUST,macro_conditions,real_activity_conditions,-0.045850842287906646,1.9267765027732817,1.9491585914456169,-0.022382088672335154,1.9309068304939052,1.9670847200514197,-0.03617788955751444,lower_values_associated_with_higher_model_score,Association with model score on the temporal test split; not a causal effect.
sector_relative_improvement_next_4obs,robustness_extension,random_forest,isotonic_validation,num__net_margin_lag1,net_margin_lag1,net_margin_lag1,firm_trend,firm_momentum_or_deterioration,0.6938188790781668,0.10016919417901807,0.03777919354297251,0.06239000063604556,0.06643239209170976,0.03678595701081524,0.02964643508089452,higher_values_associated_with_higher_model_score,Association with model score on the temporal test split; not a causal effect.
sector_relative_improvement_next_4obs,robustness_extension,random_forest,isotonic_validation,num__roa_lag1,roa_lag1,roa_lag1,firm_trend,firm_momentum_or_deterioration,0.6595566122170367,0.18982881816791897,0.009111492036979365,0.1807173261309396,0.13954430179337715,-0.014668286880363179,0.15421258867374033,higher_values_associated_with_higher_model_score,Association with model score on the temporal test split; not a causal effect.
sector_relative_improvement_next_4obs,robustness_extension,random_forest,isotonic_validation,num__operating_margin_lag1,operating_margin_lag1,operating_margin_lag1,firm_trend,firm_momentum_or_deterioration,0.6581037806300193,0.11373281958978829,0.04109986119258902,0.07263295839719927,0.0737506790621066,0.04025490012961316,0.03349577893249344,higher_values_associated_with_higher_model_score,Association with model score on the temporal test split; not a causal effect.
sector_relative_improvement_next_4obs,robustness_extension,random_forest,isotonic_validation,num__equity_assets,equity_assets,equity_assets,financial_ratio,balance_sheet_leverage_liquidity,0.24388839532710035,0.06480027128802238,-0.07010758252946543,0.13490785381748782,0.03733158349837118,-0.09229652756892462,0.1296281110672958,higher_values_associated_with_higher_model_score,Association with model score on the temporal test split; not a causal effect.
sector_relative_improvement_next_4obs,robustness_extension,random_forest,isotonic_validation,num__operating_margin,operating_margin,operating_margin,financial_ratio,profitability_and_efficiency,0.5312135777048347,0.09115043362635603,0.04376542873557073,0.047385004890785294,0.06002387563649412,0.0454361948104501,0.014587680826044017,higher_values_associated_with_higher_model_score,Association with model score on the temporal test split; not a causal effect.
sector_relative_improvement_next_4obs,robustness_extension,random_forest,isotonic_validation,num__total_equity,total_equity,total_equity,accounting_fundamental,asset_base_liquidity_and_investment,0.28861412635150535,0.1748030937177291,0.2845012714437033,-0.1096981777259742,0.36475425321292887,0.2286847286269393,0.13606952458598956,lower_values_associated_with_higher_model_score,Association with model score on the temporal test split; not a causal effect.
sector_relative_improvement_next_4obs,robustness_extension,random_forest,isotonic_validation,num__net_margin,net_margin,net_margin,financial_ratio,profitability_and_efficiency,0.45601710469177686,0.08944905410189588,0.051737320186256326,0.037711733915639555,0.061094295278676033,0.054645601624520014,0.006448693654156019,higher_values_associated_with_higher_model_score,Association with model score on the temporal test split; not a causal effect.
sector_relative_improvement_next_4obs,robustness_extension,random_forest,isotonic_validation,num__total_assets,total_assets,total_assets,accounting_fundamental,asset_base_liquidity_and_investment,0.19771817215053014,-0.08480195908257156,0.22420451241334502,-0.3090064714959166,0.02985531247583144,0.2522291496457391,-0.22237383716990766,lower_values_associated_with_higher_model_score,Association with model score on the temporal test split; not a causal effect.
sector_relative_improvement_next_4obs,robustness_extension,random_forest,isotonic_validation,num__receivables_assets,receivables_assets,receivables_assets,financial_ratio,profitability_and_efficiency,-0.14070721783703793,-0.24485460378028012,-0.02517382969877257,-0.21968077408150755,-0.19270233669437475,0.007687251243073086,-0.20038958793744785,lower_values_associated_with_higher_model_score,Association with model score on the temporal test split; not a causal effect.
sector_relative_improvement_next_4obs,robustness_extension,random_forest,isotonic_validation,num__roa,roa,roa,financial_ratio,profitability_and_efficiency,0.43921960751144595,0.13529308160900227,0.025689405187272966,0.1096036764217293,0.11053425294015878,0.00873856980487568,0.1017956831352831,higher_values_associated_with_higher_model_score,Association with model score on the temporal test split; not a causal effect.
sector_relative_improvement_next_4obs,robustness_extension,random_forest,isotonic_validation,num__net_income_negative_count_prior_4obs,net_income_negative_count_prior_4obs,net_income_negative_count_prior_4obs,accounting_fundamental,accounting_fundamentals,-0.43630471175975627,-0.553098003288612,0.2817108694151255,-0.8348088727037375,-0.2491827581475431,0.3599960901303591,-0.6091788482779021,lower_values_associated_with_higher_model_score,Association with model score on the temporal test split; not a causal effect.
sector_relative_improvement_next_4obs,robustness_extension,random_forest,isotonic_validation,num__total_revenue,total_revenue,total_revenue,accounting_fundamental,earnings_and_scale,0.22945611011275338,0.062464021980640376,0.3241573990209359,-0.2616933770402955,0.40374054467566556,0.24029632793250078,0.16344421674316478,lower_values_associated_with_higher_model_score,Association with model score on the temporal test split; not a causal effect.
sector_relative_improvement_next_4obs,robustness_extension,random_forest,isotonic_validation,num__operating_income,operating_income,operating_income,accounting_fundamental,earnings_and_scale,0.43572798270452245,0.38936684947694583,0.019016471390201954,0.37035037808674387,0.20364493763759037,0.0067128858442882,0.19693205179330217,higher_values_associated_with_higher_model_score,Association with model score on the temporal test split; not a causal effect.
sector_relative_improvement_next_4obs,robustness_extension,random_forest,isotonic_validation,num__inventory_assets,inventory_assets,inventory_assets,financial_ratio,profitability_and_efficiency,-0.16821037669694439,-0.2552092855682018,0.018010938887706277,-0.2732202244559081,-0.16517216414506755,0.04778766524784564,-0.2129598293929132,lower_values_associated_with_higher_model_score,Association with model score on the temporal test split; not a causal effect.
sector_relative_improvement_next_4obs,robustness_extension,random_forest,isotonic_validation,num__current_liabilities,current_liabilities,current_liabilities,accounting_fundamental,balance_sheet_obligations,0.3307899027808821,0.5042946009371174,0.5260942930803344,-0.021799692143216975,0.6406975720716072,0.47153019584740863,0.16916737622419853,lower_values_associated_with_higher_model_score,Association with model score on the temporal test split; not a causal effect.
sector_relative_improvement_next_4obs,robustness_extension,random_forest,isotonic_validation,num__leverage_assets,leverage_assets,leverage_assets,financial_ratio,balance_sheet_leverage_liquidity,-0.21113477224814978,-0.04337499680535848,0.05267530377895902,-0.0960503005843175,-0.053266187397469064,0.08144934173346012,-0.13471552913092918,lower_values_associated_with_higher_model_score,Association with model score on the temporal test split; not a causal effect.
sector_relative_improvement_next_4obs,robustness_extension,random_forest,isotonic_validation,num__total_liabilities,total_liabilities,total_liabilities,accounting_fundamental,balance_sheet_obligations,0.14191739932153027,-0.15340968141682723,0.2026202361764448,-0.35602991759327207,-0.047959778247484305,0.24665519885424725,-0.29461497710173157,lower_values_associated_with_higher_model_score,Association with model score on the temporal test split; not a causal effect.
sector_relative_improvement_next_4obs,robustness_extension,random_forest,isotonic_validation,num__leverage_assets_lag1,leverage_assets_lag1,leverage_assets_lag1,firm_trend,firm_momentum_or_deterioration,-0.20506624705022664,-0.051536216799159304,0.05862711129275853,-0.11016332809191784,-0.05776294633169893,0.08937388098086603,-0.14713682731256494,lower_values_associated_with_higher_model_score,Association with model score on the temporal test split; not a causal effect.
sector_relative_improvement_next_4obs,robustness_extension,random_forest,isotonic_validation,num__cfo_assets,cfo_assets,cfo_assets,financial_quality_cashflow,cash_flow_quality,0.4221060088817614,0.2605938308029376,-0.06031939907588577,0.32091322987882337,0.15937393645094255,-0.09729180797885303,0.2566657444297956,higher_values_associated_with_higher_model_score,Association with model score on the temporal test split; not a causal effect.
sector_relative_improvement_next_4obs,robustness_extension,random_forest,isotonic_validation,num__cash_assets,cash_assets,cash_assets,financial_ratio,balance_sheet_leverage_liquidity,-0.2434309656992941,-0.32440709482701713,0.07992350316503617,-0.4043305979920533,-0.1748815835984001,0.11681450821019486,-0.29169609180859496,lower_values_associated_with_higher_model_score,Association with model score on the temporal test split; not a causal effect.
sector_relative_improvement_next_4obs,robustness_extension,random_forest,isotonic_validation,num__current_assets,current_assets,current_assets,accounting_fundamental,asset_base_liquidity_and_investment,0.292200638119626,0.3896579007833888,0.4371216741694571,-0.047463773386068275,0.5490154723220712,0.3789664007660862,0.17004907155598498,lower_values_associated_with_higher_model_score,Association with model score on the temporal test split; not a causal effect.
sector_relative_improvement_next_4obs,robustness_extension,random_forest,isotonic_validation,num__cfo_margin,cfo_margin,cfo_margin,financial_quality_cashflow,cash_flow_quality,0.38915382797421344,0.08864256884929825,0.03407841565540237,0.054564153193895876,0.06300578910165956,0.03150522621150705,0.03150056289015251,higher_values_associated_with_higher_model_score,Association with model score on the temporal test split; not a causal effect.
sector_relative_improvement_next_4obs,robustness_extension,random_forest,isotonic_validation,num__long_term_debt,long_term_debt,long_term_debt,accounting_fundamental,balance_sheet_obligations,0.27536747569675535,0.21038870859799477,0.042798986012048235,0.16758972258594654,0.15688562137412515,0.023774431819426373,0.13311118955469878,higher_values_associated_with_higher_model_score,Association with model score on the temporal test split; not a causal effect.
sector_relative_improvement_next_4obs,robustness_extension,random_forest,isotonic_validation,num__cash_equivalents,cash_equivalents,cash_equivalents,accounting_fundamental,asset_base_liquidity_and_investment,0.05348705188601233,-0.03241471216425,0.6413691849311993,-0.6737838970954493,0.19346079456723558,0.7131105644460628,-0.5196497698788272,lower_values_associated_with_higher_model_score,Association with model score on the temporal test split; not a causal effect.
sector_relative_improvement_next_4obs,robustness_extension,random_forest,isotonic_validation,num__net_income,net_income,net_income,accounting_fundamental,earnings_and_scale,0.18853626044114818,0.039204365090432285,0.09180842993306527,-0.05260406484263299,-0.020996590035514,0.13170746020337776,-0.15270405023889175,lower_values_associated_with_higher_model_score,Association with model score on the temporal test split; not a causal effect.
sector_relative_improvement_next_4obs,robustness_extension,random_forest,isotonic_validation,num__cash_assets_lag1,cash_assets_lag1,cash_assets_lag1,firm_trend,firm_momentum_or_deterioration,-0.23641009970540777,-0.28586622227527353,0.11889394679584418,-0.4047601690711177,-0.15150899974172338,0.16257799799149378,-0.31408699773321713,lower_values_associated_with_higher_model_score,Association with model score on the temporal test split; not a causal effect.
sector_relative_improvement_next_4obs,robustness_extension,random_forest,isotonic_validation,num__capex,capex,capex,accounting_fundamental,asset_base_liquidity_and_investment,0.3118469665671965,0.3330036804300182,0.24043946767193286,0.09256421275808535,0.48746076080772266,0.1488491426216846,0.338611618186038,higher_values_associated_with_higher_model_score,Association with model score on the temporal test split; not a causal effect.
sector_relative_improvement_next_4obs,robustness_extension,random_forest,isotonic_validation,num__roa_change_4obs,roa_change_4obs,roa_change_4obs,firm_trend,firm_momentum_or_deterioration,-0.07817234993252145,-0.010536435783036365,0.005899953167673052,-0.016436388950709417,0.006325971490998808,0.002647645102756467,0.003678326388242341,lower_values_associated_with_higher_model_score,Association with model score on the temporal test split; not a causal effect.
sector_relative_improvement_next_4obs,robustness_extension,random_forest,isotonic_validation,num__net_margin_change_4obs,net_margin_change_4obs,net_margin_change_4obs,firm_trend,firm_momentum_or_deterioration,-0.1371057993130037,-0.041084345730417283,0.0860651034463968,-0.1271494491768141,-0.020922501334488385,0.10950163361209188,-0.13042413494658026,lower_values_associated_with_higher_model_score,Association with model score on the temporal test split; not a causal effect.
sector_relative_improvement_next_4obs,robustness_extension,random_forest,isotonic_validation,num__working_capital_assets,working_capital_assets,working_capital_assets,financial_quality_cashflow,cash_flow_quality,-0.30234842860894723,-0.32404048538517566,-0.05147049800793578,-0.27256998737723986,-0.20159434278718907,-0.03613997610904291,-0.16545436667814617,lower_values_associated_with_higher_model_score,Association with model score on the temporal test split; not a causal effect.
sector_relative_improvement_next_4obs,robustness_extension,random_forest,isotonic_validation,num__current_ratio,current_ratio,current_ratio,financial_ratio,balance_sheet_leverage_liquidity,-0.2725796601054829,-0.26797724470766116,-0.0020936450639802437,-0.2658835996436809,-0.17657297533719155,0.025215718062559567,-0.2017886933997511,lower_values_associated_with_higher_model_score,Association with model score on the temporal test split; not a causal effect.
sector_relative_improvement_next_4obs,robustness_extension,random_forest,isotonic_validation,num__total_assets_growth_4obs,total_assets_growth_4obs,total_assets_growth_4obs,firm_trend,firm_momentum_or_deterioration,0.16258033307743125,-0.05915827959665293,0.021227217939407846,-0.08038549753606078,-0.07089073639035735,0.04683068615506059,-0.11772142254541795,lower_values_associated_with_higher_model_score,Association with model score on the temporal test split; not a causal effect.
sector_relative_improvement_next_4obs,robustness_extension,random_forest,isotonic_validation,num__current_ratio_lag1,current_ratio_lag1,current_ratio_lag1,firm_trend,firm_momentum_or_deterioration,-0.257908235271577,-0.24754882465367098,0.018573718580977158,-0.2661225432346481,-0.17026455802936624,0.052165747882617325,-0.22243030591198357,lower_values_associated_with_higher_model_score,Association with model score on the temporal test split; not a causal effect.
sector_relative_improvement_next_4obs,robustness_extension,random_forest,isotonic_validation,num__cash_to_current_liabilities,cash_to_current_liabilities,cash_to_current_liabilities,financial_quality_cashflow,cash_flow_quality,-0.19643426779898493,-0.2195038768232061,0.06739417307612365,-0.28689804989932977,-0.13548213062412293,0.1032983895793405,-0.2387805202034634,lower_values_associated_with_higher_model_score,Association with model score on the temporal test split; not a causal effect.
sector_relative_improvement_next_4obs,robustness_extension,random_forest,isotonic_validation,num__gross_margin,gross_margin,gross_margin,financial_ratio,profitability_and_efficiency,0.17809418875411237,0.1510463413321251,0.011766312330925396,0.1392800290011997,0.08540038593608755,0.005288655720794838,0.0801117302152927,higher_values_associated_with_higher_model_score,Association with model score on the temporal test split; not a causal effect.
sector_relative_improvement_next_4obs,robustness_extension,random_forest,isotonic_validation,num__capex_intensity_revenue,capex_intensity_revenue,capex_intensity_revenue,financial_quality_cashflow,cash_flow_quality,0.2252095915305293,0.036853118479591655,0.03531525932176074,0.0015378591578309175,0.0003918562988669139,0.050990865593097595,-0.05059900929423068,higher_values_associated_with_higher_model_score,Association with model score on the temporal test split; not a causal effect.
sector_relative_improvement_next_4obs,robustness_extension,random_forest,isotonic_validation,num__gross_margin_lag1,gross_margin_lag1,gross_margin_lag1,firm_trend,firm_momentum_or_deterioration,0.19885559950410683,0.17185082222698403,0.008160888138017826,0.1636899340889662,0.08305286143858975,0.005680198987355522,0.07737266245123423,higher_values_associated_with_higher_model_score,Association with model score on the temporal test split; not a causal effect.
sector_relative_improvement_next_4obs,robustness_extension,random_forest,isotonic_validation,num__total_revenue_growth_4obs,total_revenue_growth_4obs,total_revenue_growth_4obs,firm_trend,firm_momentum_or_deterioration,0.04531922119339347,-0.03854255965494445,0.2358805428643001,-0.27442310251924457,0.11813167643511732,0.23659963269805848,-0.11846795626294115,lower_values_associated_with_higher_model_score,Association with model score on the temporal test split; not a causal effect.
sector_relative_improvement_next_4obs,robustness_extension,random_forest,isotonic_validation,num__cash_flow_operating,cash_flow_operating,cash_flow_operating,accounting_fundamental,asset_base_liquidity_and_investment,0.31857773672575956,0.32488247079521493,0.08701379267823589,0.23786867811697904,0.28065906581713296,0.046035610440582464,0.2346234553765505,higher_values_associated_with_higher_model_score,Association with model score on the temporal test split; not a causal effect.
sector_relative_improvement_next_4obs,robustness_extension,random_forest,isotonic_validation,num__capex_intensity_assets,capex_intensity_assets,capex_intensity_assets,financial_quality_cashflow,cash_flow_quality,0.18034984021075234,-0.008492481652787405,-0.11782993032285012,0.10933744867006272,-0.06066699929021318,-0.12263246823529311,0.061965468945079934,higher_values_associated_with_higher_model_score,Association with model score on the temporal test split; not a causal effect.
sector_relative_improvement_next_4obs,robustness_extension,random_forest,isotonic_validation,num__cash_assets_change_4obs,cash_assets_change_4obs,cash_assets_change_4obs,firm_trend,firm_momentum_or_deterioration,0.042315361138291534,-0.16145612179228905,-0.19460339346988703,0.033147271677597984,-0.12238027720370155,-0.2202478980873178,0.09786762088361624,higher_values_associated_with_higher_model_score,Association with model score on the temporal test split; not a causal effect.
sector_relative_improvement_next_4obs,robustness_extension,random_forest,isotonic_validation,num__short_term_debt,short_term_debt,short_term_debt,accounting_fundamental,balance_sheet_obligations,0.1953315374740574,-0.002365316014982183,0.04546426388276542,-0.0478295798977476,-0.017741934113096942,0.06439796208645847,-0.08213989619955542,lower_values_associated_with_higher_model_score,Association with model score on the temporal test split; not a causal effect.
sector_relative_improvement_next_4obs,robustness_extension,random_forest,isotonic_validation,num__USEPUINDXD,USEPUINDXD,USEPUINDXD,macro_conditions,macro_price_policy_conditions,-0.061226560324456454,0.2090797678319117,0.377686206459604,-0.16860643862769228,0.30240808383885703,0.3794203626745212,-0.0770122788356642,lower_values_associated_with_higher_model_score,Association with model score on the temporal test split; not a causal effect.
sector_relative_improvement_next_4obs,robustness_extension,random_forest,isotonic_validation,num__accruals_assets,accruals_assets,accruals_assets,financial_quality_cashflow,cash_flow_quality,-0.09771185721554106,0.025551685052056253,0.0363193843900857,-0.01076769933802945,0.041012885685496964,0.03224355951758388,0.008769326167913087,lower_values_associated_with_higher_model_score,Association with model score on the temporal test split; not a causal effect.
sector_relative_improvement_next_4obs,robustness_extension,random_forest,isotonic_validation,num__current_liabilities_growth_4obs,current_liabilities_growth_4obs,current_liabilities_growth_4obs,firm_trend,firm_momentum_or_deterioration,0.07706098575871691,-0.004989061242184501,0.05914528683602896,-0.06413434807821346,-0.01402231082522646,0.0794283957971017,-0.09345070662232816,lower_values_associated_with_higher_model_score,Association with model score on the temporal test split; not a causal effect.
sector_relative_improvement_next_4obs,robustness_extension,random_forest,isotonic_validation,num__DCOILWTICO,DCOILWTICO,DCOILWTICO,macro_conditions,macro_price_policy_conditions,0.007904295456147044,0.39523731709098797,0.44401853693386084,-0.04878121984287287,0.42190116926959753,0.44466915702155557,-0.02276798775195804,lower_values_associated_with_higher_model_score,Association with model score on the temporal test split; not a causal effect.
sector_relative_improvement_next_4obs,robustness_extension,random_forest,isotonic_validation,num__VIXCLS,VIXCLS,VIXCLS,macro_conditions,macro_price_policy_conditions,-0.005891543148444772,0.557441548219293,0.663335267748698,-0.10589371952940496,0.6338459361993705,0.6565856221363,-0.022739685936929543,lower_values_associated_with_higher_model_score,Association with model score on the temporal test split; not a causal effect.
sector_relative_improvement_next_4obs,robustness_extension,random_forest,isotonic_validation,num__DTWEXBGS,DTWEXBGS,DTWEXBGS,macro_conditions,macro_price_policy_conditions,0.02076662088685286,2.0328072911403616,2.0523331533896108,-0.019525862249249126,2.050456711842253,2.0495193798546834,0.0009373319875698449,lower_values_associated_with_higher_model_score,Association with model score on the temporal test split; not a causal effect.
sector_relative_improvement_next_4obs,robustness_extension,random_forest,isotonic_validation,num__T10Y2Y,T10Y2Y,T10Y2Y,macro_conditions,credit_and_financial_conditions,0.052450982403250586,-2.620481212158512,-2.6251858926398994,0.004704680481387502,-2.6403147040074404,-2.6176422435385915,-0.022672460468848854,higher_values_associated_with_higher_model_score,Association with model score on the temporal test split; not a causal effect.
sector_relative_improvement_next_4obs,robustness_extension,random_forest,isotonic_validation,num__cash_equivalents_growth_4obs,cash_equivalents_growth_4obs,cash_equivalents_growth_4obs,firm_trend,firm_momentum_or_deterioration,0.036205710237383365,-0.060137831983613076,-0.05789982092484253,-0.002238011058770549,-0.0444755956199802,-0.06423243687187706,0.01975684125189686,lower_values_associated_with_higher_model_score,Association with model score on the temporal test split; not a causal effect.
sector_relative_improvement_next_4obs,robustness_extension,random_forest,isotonic_validation,num__DTWEXBGS_yoy_pct,DTWEXBGS_yoy_pct,DTWEXBGS_yoy_pct,macro_conditions,macro_price_policy_conditions,-0.008496289931101514,0.1613096220354836,0.25531559261005415,-0.09400597057457055,0.2392434225174826,0.24487020878361668,-0.005626786266134082,lower_values_associated_with_higher_model_score,Association with model score on the temporal test split; not a causal effect.
sector_relative_improvement_next_4obs,robustness_extension,random_forest,isotonic_validation,num__T10Y3M,T10Y3M,T10Y3M,macro_conditions,credit_and_financial_conditions,0.013718024277763067,-3.4668068344899545,-3.361044530655659,-0.10576230383429541,-3.403223272735144,-3.3621781310384637,-0.041045141696680165,lower_values_associated_with_higher_model_score,Association with model score on the temporal test split; not a causal effect.
sector_relative_improvement_next_4obs,robustness_extension,random_forest,isotonic_validation,num__leverage_assets_change_4obs,leverage_assets_change_4obs,leverage_assets_change_4obs,firm_trend,firm_momentum_or_deterioration,-0.09228899946413847,-0.03485352908318535,0.035305070844319345,-0.0701585999275047,-0.04645745623124407,0.05825227514408507,-0.10470973137532913,lower_values_associated_with_higher_model_score,Association with model score on the temporal test split; not a causal effect.
sector_relative_improvement_next_4obs,robustness_extension,random_forest,isotonic_validation,num__current_assets_growth_4obs,current_assets_growth_4obs,current_assets_growth_4obs,firm_trend,firm_momentum_or_deterioration,0.11821884935216027,-0.05896778228171121,-0.08129203290554135,0.022324250623830137,-0.02035209599772828,-0.10398261095432346,0.08363051495659518,higher_values_associated_with_higher_model_score,Association with model score on the temporal test split; not a causal effect.
sector_relative_improvement_next_4obs,robustness_extension,random_forest,isotonic_validation,num__DCOILWTICO_yoy_pct,DCOILWTICO_yoy_pct,DCOILWTICO_yoy_pct,macro_conditions,macro_price_policy_conditions,-0.0020072926524916553,0.1084436409625382,0.18840907354129072,-0.07996543257875252,0.1281236460038679,0.2000639761829358,-0.0719403301790679,lower_values_associated_with_higher_model_score,Association with model score on the temporal test split; not a causal effect.
sector_relative_improvement_next_4obs,robustness_extension,random_forest,isotonic_validation,num__debt_to_cfo,debt_to_cfo,debt_to_cfo,financial_quality_cashflow,cash_flow_quality,0.11838650351211528,0.3249851659080569,0.05407966413298927,0.27090550177506767,0.15243644545599302,0.061249765173704396,0.09118668028228863,higher_values_associated_with_higher_model_score,Association with model score on the temporal test split; not a causal effect.
sector_relative_improvement_next_4obs,robustness_extension,random_forest,isotonic_validation,num__total_liabilities_growth_4obs,total_liabilities_growth_4obs,total_liabilities_growth_4obs,firm_trend,firm_momentum_or_deterioration,0.031605467450237276,-0.0898136507632393,-0.05019261305991764,-0.03962103770332166,-0.07175707320288476,-0.048077702599776416,-0.02367937060310834,lower_values_associated_with_higher_model_score,Association with model score on the temporal test split; not a causal effect.
sector_relative_improvement_next_4obs,robustness_extension,random_forest,isotonic_validation,num__BAMLH0A0HYM2,BAMLH0A0HYM2,BAMLH0A0HYM2,macro_conditions,credit_and_financial_conditions,-0.08513554607854795,-0.9202133927345028,-0.8150185658718986,-0.10519482686260417,-0.8478588168891541,-0.8201613316192864,-0.027697485269867705,lower_values_associated_with_higher_model_score,Association with model score on the temporal test split; not a causal effect.
sector_relative_improvement_next_4obs,robustness_extension,random_forest,isotonic_validation,num__current_ratio_change_4obs,current_ratio_change_4obs,current_ratio_change_4obs,firm_trend,firm_momentum_or_deterioration,0.03220756190541223,-0.02591295811742461,-0.05457402913899351,0.028661071021568896,0.01016099087176656,-0.07775538891597189,0.08791637978773845,higher_values_associated_with_higher_model_score,Association with model score on the temporal test split; not a causal effect.
sector_relative_improvement_next_4obs,robustness_extension,random_forest,isotonic_validation,num__NFCI,NFCI,NFCI,macro_conditions,credit_and_financial_conditions,-0.08319704369800351,0.7328591441761851,0.8479427702951331,-0.11508362611894796,0.8065524773940637,0.8447237708117109,-0.038171293417647245,lower_values_associated_with_higher_model_score,Association with model score on the temporal test split; not a causal effect.
persistent_resilience_next_6obs,robustness_extension,random_forest,isotonic_validation,num__leverage_assets,leverage_assets,leverage_assets,financial_ratio,balance_sheet_leverage_liquidity,-0.5803173590230573,-0.3404955757175948,0.1465389161345501,-0.4870344918521449,-0.20721716597050832,0.5133823050326629,-0.7205994710031712,lower_values_associated_with_higher_model_score,Association with model score on the temporal test split; not a causal effect.
persistent_resilience_next_6obs,robustness_extension,random_forest,isotonic_validation,num__equity_assets,equity_assets,equity_assets,financial_ratio,balance_sheet_leverage_liquidity,0.5921632726746892,0.3549846948453364,-0.14190944395695168,0.49689413880228805,0.2128806964750976,-0.5065498649093668,0.7194305613844645,higher_values_associated_with_higher_model_score,Association with model score on the temporal test split; not a causal effect.
persistent_resilience_next_6obs,robustness_extension,random_forest,isotonic_validation,num__leverage_assets_lag1,leverage_assets_lag1,leverage_assets_lag1,firm_trend,firm_momentum_or_deterioration,-0.5698856821495599,-0.3377533015965847,0.1469781443750348,-0.4847314459716195,-0.20115657169461265,0.5058816035683029,-0.7070381752629156,lower_values_associated_with_higher_model_score,Association with model score on the temporal test split; not a causal effect.
persistent_resilience_next_6obs,robustness_extension,random_forest,isotonic_validation,num__roa,roa,roa,financial_ratio,profitability_and_efficiency,0.47292415968568213,0.15133462163318637,0.04240583947429453,0.10892878215889185,0.13467858311439085,-0.06031096930327304,0.1949895524176639,higher_values_associated_with_higher_model_score,Association with model score on the temporal test split; not a causal effect.
persistent_resilience_next_6obs,robustness_extension,random_forest,isotonic_validation,num__roa_lag1,roa_lag1,roa_lag1,firm_trend,firm_momentum_or_deterioration,0.45710190603765777,0.1578228759641751,0.04495494269377337,0.11286793327040173,0.13574007170482036,-0.053894673569178285,0.18963474527399865,higher_values_associated_with_higher_model_score,Association with model score on the temporal test split; not a causal effect.
persistent_resilience_next_6obs,robustness_extension,random_forest,isotonic_validation,num__net_income_negative_count_prior_4obs,net_income_negative_count_prior_4obs,net_income_negative_count_prior_4obs,accounting_fundamental,accounting_fundamentals,-0.4149662429630787,-0.4972620591986209,0.1707748946164563,-0.6680369538150772,-0.24450093049540556,0.5640235138250932,-0.8085244443204987,lower_values_associated_with_higher_model_score,Association with model score on the temporal test split; not a causal effect.
persistent_resilience_next_6obs,robustness_extension,random_forest,isotonic_validation,num__net_income,net_income,net_income,accounting_fundamental,earnings_and_scale,0.2683478620824891,0.2823067933878725,0.3635534238553092,-0.08124663046743669,0.5310506631698698,0.0687841663346608,0.46226649683520904,lower_values_associated_with_higher_model_score,Association with model score on the temporal test split; not a causal effect.
persistent_resilience_next_6obs,robustness_extension,random_forest,isotonic_validation,num__total_equity,total_equity,total_equity,accounting_fundamental,asset_base_liquidity_and_investment,0.3056406442183802,0.03924500194765734,0.1933372447430814,-0.15409224279542405,0.22540557821807705,0.08311486140873786,0.1422907168093392,lower_values_associated_with_higher_model_score,Association with model score on the temporal test split; not a causal effect.
persistent_resilience_next_6obs,robustness_extension,random_forest,isotonic_validation,num__operating_income,operating_income,operating_income,accounting_fundamental,earnings_and_scale,0.4108866147505417,0.5096154885190574,0.3572712810600356,0.15234420745902177,0.6723667255516631,-0.07875976029297199,0.7511264858446352,higher_values_associated_with_higher_model_score,Association with model score on the temporal test split; not a causal effect.
persistent_resilience_next_6obs,robustness_extension,random_forest,isotonic_validation,num__net_margin,net_margin,net_margin,financial_ratio,profitability_and_efficiency,0.34795251828211815,0.08866659934026248,0.07303536005955284,0.01563123928070964,0.0689792804253999,0.08547840313894099,-0.016499122713541092,higher_values_associated_with_higher_model_score,Association with model score on the temporal test split; not a causal effect.
persistent_resilience_next_6obs,robustness_extension,random_forest,isotonic_validation,num__net_margin_lag1,net_margin_lag1,net_margin_lag1,firm_trend,firm_momentum_or_deterioration,0.3288875190089312,0.09112433946374306,0.07571058421705924,0.015413755246683813,0.06822783696439609,0.09345426504642564,-0.025226428082029545,higher_values_associated_with_higher_model_score,Association with model score on the temporal test split; not a causal effect.
persistent_resilience_next_6obs,robustness_extension,random_forest,isotonic_validation,num__operating_margin_lag1,operating_margin_lag1,operating_margin_lag1,firm_trend,firm_momentum_or_deterioration,0.30184714080951053,0.08192394981950553,0.040574567619782856,0.04134938219972267,0.06708522037866745,0.014966462854659234,0.052118757524008213,higher_values_associated_with_higher_model_score,Association with model score on the temporal test split; not a causal effect.
persistent_resilience_next_6obs,robustness_extension,random_forest,isotonic_validation,num__total_assets,total_assets,total_assets,accounting_fundamental,asset_base_liquidity_and_investment,0.03074615988222215,-0.17277917662590517,0.16072353810058052,-0.3335027147264857,-0.08351062223563037,0.41505982036987277,-0.49857044260550315,lower_values_associated_with_higher_model_score,Association with model score on the temporal test split; not a causal effect.
persistent_resilience_next_6obs,robustness_extension,random_forest,isotonic_validation,num__total_liabilities,total_liabilities,total_liabilities,accounting_fundamental,balance_sheet_obligations,-0.08409083956893748,-0.19758347705028034,0.15163352690351684,-0.3492170039537972,-0.12730518243642722,0.45440761712171196,-0.5817127995581391,lower_values_associated_with_higher_model_score,Association with model score on the temporal test split; not a causal effect.
persistent_resilience_next_6obs,robustness_extension,random_forest,isotonic_validation,num__operating_margin,operating_margin,operating_margin,financial_ratio,profitability_and_efficiency,0.31549625580948787,0.08244265638526822,0.04084139247758908,0.04160126390767915,0.06794162448195848,0.014404545410613201,0.05353707907134528,higher_values_associated_with_higher_model_score,Association with model score on the temporal test split; not a causal effect.
persistent_resilience_next_6obs,robustness_extension,random_forest,isotonic_validation,num__current_assets,current_assets,current_assets,accounting_fundamental,asset_base_liquidity_and_investment,0.29619533886434024,0.23907328302038564,0.39281980356448726,-0.15374652054410162,0.5842372460050432,0.03231136784480526,0.551925878160238,lower_values_associated_with_higher_model_score,Association with model score on the temporal test split; not a causal effect.
persistent_resilience_next_6obs,robustness_extension,random_forest,isotonic_validation,num__total_revenue,total_revenue,total_revenue,accounting_fundamental,earnings_and_scale,0.2239725238215865,0.08105366398763332,0.3883436699296855,-0.3072900059420522,0.5680235741721887,-0.013332299389323473,0.5813558735615122,lower_values_associated_with_higher_model_score,Association with model score on the temporal test split; not a causal effect.
persistent_resilience_next_6obs,robustness_extension,random_forest,isotonic_validation,num__current_liabilities,current_liabilities,current_liabilities,accounting_fundamental,balance_sheet_obligations,0.24417574220722024,0.22251042496586007,0.5545659937041023,-0.33205556873824227,0.727715005724471,0.15353821313259614,0.5741767925918748,lower_values_associated_with_higher_model_score,Association with model score on the temporal test split; not a causal effect.
persistent_resilience_next_6obs,robustness_extension,random_forest,isotonic_validation,num__receivables_assets,receivables_assets,receivables_assets,financial_ratio,profitability_and_efficiency,0.07826516334705272,0.020523009055757168,-0.04589982137985275,0.06642283043560991,-0.009693248932641394,-0.0770104815891352,0.06731723265649381,higher_values_associated_with_higher_model_score,Association with model score on the temporal test split; not a causal effect.
persistent_resilience_next_6obs,robustness_extension,random_forest,isotonic_validation,num__capex_intensity_assets,capex_intensity_assets,capex_intensity_assets,financial_quality_cashflow,cash_flow_quality,0.1367328884069972,-0.042048919106729775,-0.01517714679126251,-0.026871772315467266,0.0012308136085235686,-0.051395555547123065,0.052626369155646634,lower_values_associated_with_higher_model_score,Association with model score on the temporal test split; not a causal effect.
persistent_resilience_next_6obs,robustness_extension,random_forest,isotonic_validation,num__cfo_assets,cfo_assets,cfo_assets,financial_quality_cashflow,cash_flow_quality,0.31412959907863564,0.201833721286773,0.05283094458124937,0.14900277670552362,0.22135887672772875,-0.15416366127796358,0.37552253800569235,higher_values_associated_with_higher_model_score,Association with model score on the temporal test split; not a causal effect.
persistent_resilience_next_6obs,robustness_extension,random_forest,isotonic_validation,cat__Sector_Financial Services,Sector: Financial Services,Sector,industry_sector,sector_positioning,-0.28444657881808555,0.07730263157894737,0.2105878911962562,-0.13328525961730883,0.12393336042259244,0.2950191570881226,-0.17108579666553014,lower_values_associated_with_higher_model_score,Association with model score on the temporal test split; not a causal effect.
persistent_resilience_next_6obs,robustness_extension,random_forest,isotonic_validation,num__total_revenue_growth_4obs,total_revenue_growth_4obs,total_revenue_growth_4obs,firm_trend,firm_momentum_or_deterioration,0.14873957313869857,0.004605410752870742,0.09034004948119766,-0.08573463872832691,0.026617592657037958,0.15719465094826932,-0.13057705829123137,lower_values_associated_with_higher_model_score,Association with model score on the temporal test split; not a causal effect.
persistent_resilience_next_6obs,robustness_extension,random_forest,isotonic_validation,num__cash_equivalents,cash_equivalents,cash_equivalents,accounting_fundamental,asset_base_liquidity_and_investment,-0.051535554767312086,-0.0793418315097751,0.54517551621274,-0.6245173477225151,0.04749257221980847,1.0848250550066831,-1.0373324827868746,lower_values_associated_with_higher_model_score,Association with model score on the temporal test split; not a causal effect.
persistent_resilience_next_6obs,robustness_extension,random_forest,isotonic_validation,num__cash_assets,cash_assets,cash_assets,financial_ratio,balance_sheet_leverage_liquidity,-0.14176895652395524,-0.30286757737760744,0.051198868362960274,-0.3540664457405677,-0.1136255714302324,0.1727573276993472,-0.2863828991295796,lower_values_associated_with_higher_model_score,Association with model score on the temporal test split; not a causal effect.
persistent_resilience_next_6obs,robustness_extension,random_forest,isotonic_validation,num__long_term_debt,long_term_debt,long_term_debt,accounting_fundamental,balance_sheet_obligations,0.02993435035117282,-0.09351446678192321,0.08202947150034363,-0.17554393828226683,0.007834975440220172,0.13047260070107514,-0.12263762526085496,lower_values_associated_with_higher_model_score,Association with model score on the temporal test split; not a causal effect.
persistent_resilience_next_6obs,robustness_extension,random_forest,isotonic_validation,num__capex,capex,capex,accounting_fundamental,asset_base_liquidity_and_investment,0.21888986636467664,0.14881755870672694,0.18221025525706133,-0.03339269655033439,0.34531043976618114,-0.08706963847189599,0.4323800782380771,lower_values_associated_with_higher_model_score,Association with model score on the temporal test split; not a causal effect.
persistent_resilience_next_6obs,robustness_extension,random_forest,isotonic_validation,num__total_assets_growth_4obs,total_assets_growth_4obs,total_assets_growth_4obs,firm_trend,firm_momentum_or_deterioration,0.2472786361814964,-0.05336415844252294,0.006789799075763031,-0.06015395751828597,-0.03933072113626138,0.05591431636227271,-0.0952450374985341,lower_values_associated_with_higher_model_score,Association with model score on the temporal test split; not a causal effect.
persistent_resilience_next_6obs,robustness_extension,random_forest,isotonic_validation,num__roa_change_4obs,roa_change_4obs,roa_change_4obs,firm_trend,firm_momentum_or_deterioration,0.09472348346847892,0.013096334114370483,-0.005371632403545844,0.018467966517916327,0.012661749801618827,-0.02654125562450186,0.039203005426120686,higher_values_associated_with_higher_model_score,Association with model score on the temporal test split; not a causal effect.
persistent_resilience_next_6obs,robustness_extension,random_forest,isotonic_validation,num__cash_assets_lag1,cash_assets_lag1,cash_assets_lag1,firm_trend,firm_momentum_or_deterioration,-0.14227546731261248,-0.28606400816338,0.08052774530565666,-0.36659175346903666,-0.09202612389555032,0.20937020124115852,-0.30139632513670883,lower_values_associated_with_higher_model_score,Association with model score on the temporal test split; not a causal effect.
persistent_resilience_next_6obs,robustness_extension,random_forest,isotonic_validation,num__leverage_assets_change_4obs,leverage_assets_change_4obs,leverage_assets_change_4obs,firm_trend,firm_momentum_or_deterioration,-0.21789247038827078,-0.08266384652732595,-0.007703765299141917,-0.07496008122818403,-0.0847535664602097,0.08427824700651065,-0.16903181346672036,lower_values_associated_with_higher_model_score,Association with model score on the temporal test split; not a causal effect.
persistent_resilience_next_6obs,robustness_extension,random_forest,isotonic_validation,num__inventory_assets,inventory_assets,inventory_assets,financial_ratio,profitability_and_efficiency,0.11488630837031408,0.10789538287494178,0.00081952201206716,0.10707586086287463,0.027229027891482214,0.0008886978967333644,0.02634032999474885,higher_values_associated_with_higher_model_score,Association with model score on the temporal test split; not a causal effect.
persistent_resilience_next_6obs,robustness_extension,random_forest,isotonic_validation,num__current_ratio,current_ratio,current_ratio,financial_ratio,balance_sheet_leverage_liquidity,0.059538694313075596,-0.06795853749474347,-0.05179805073544528,-0.01616048675929819,-0.06346404894347575,-0.03973901775951316,-0.02372503118396259,lower_values_associated_with_higher_model_score,Association with model score on the temporal test split; not a causal effect.
persistent_resilience_next_6obs,robustness_extension,random_forest,isotonic_validation,num__cash_flow_operating,cash_flow_operating,cash_flow_operating,accounting_fundamental,asset_base_liquidity_and_investment,0.20832954995658143,0.19788538774197711,0.2717784047262597,-0.07389301698428258,0.42196314362630544,0.0070711271020859065,0.41489201652421953,lower_values_associated_with_higher_model_score,Association with model score on the temporal test split; not a causal effect.
persistent_resilience_next_6obs,robustness_extension,random_forest,isotonic_validation,num__cash_to_current_liabilities,cash_to_current_liabilities,cash_to_current_liabilities,financial_quality_cashflow,cash_flow_quality,-0.04821231852820988,-0.1520360974473836,0.053026256198976884,-0.2050623536463605,-0.02578150032238529,0.0972586813471794,-0.12304018166956468,lower_values_associated_with_higher_model_score,Association with model score on the temporal test split; not a causal effect.
persistent_resilience_next_6obs,robustness_extension,random_forest,isotonic_validation,num__current_ratio_lag1,current_ratio_lag1,current_ratio_lag1,firm_trend,firm_momentum_or_deterioration,0.05370944797602051,-0.05914692618009804,-0.027334938439149106,-0.03181198774094894,-0.05495326570632558,0.0037167951866646683,-0.05867006089299025,lower_values_associated_with_higher_model_score,Association with model score on the temporal test split; not a causal effect.
persistent_resilience_next_6obs,robustness_extension,random_forest,isotonic_validation,num__working_capital_assets,working_capital_assets,working_capital_assets,financial_quality_cashflow,cash_flow_quality,0.05130791223995188,-0.04774770448407771,-0.10541009506002114,0.057662390575943426,-0.05689148921534709,-0.1592706030508061,0.102379113835459,higher_values_associated_with_higher_model_score,Association with model score on the temporal test split; not a causal effect.
persistent_resilience_next_6obs,robustness_extension,random_forest,isotonic_validation,num__capex_intensity_revenue,capex_intensity_revenue,capex_intensity_revenue,financial_quality_cashflow,cash_flow_quality,0.02693439786424796,-0.04430586249303258,0.03901609796705307,-0.08332196046008565,-0.011093709230316107,0.08541487418224687,-0.09650858341256298,lower_values_associated_with_higher_model_score,Association with model score on the temporal test split; not a causal effect.
persistent_resilience_next_6obs,robustness_extension,random_forest,isotonic_validation,num__gross_profit,gross_profit,gross_profit,accounting_fundamental,earnings_and_scale,0.17188213700604965,0.0881189057615868,0.2462527532316343,-0.1581338474700475,0.36015968703695306,0.005850235123921421,0.35430945191303165,lower_values_associated_with_higher_model_score,Association with model score on the temporal test split; not a causal effect.
persistent_resilience_next_6obs,robustness_extension,random_forest,isotonic_validation,num__net_margin_change_4obs,net_margin_change_4obs,net_margin_change_4obs,firm_trend,firm_momentum_or_deterioration,0.059831223280718625,-0.012178214794024957,0.00506964046554345,-0.017247855259568408,-0.008694208512498778,0.0200033162874747,-0.02869752479997348,lower_values_associated_with_higher_model_score,Association with model score on the temporal test split; not a causal effect.
persistent_resilience_next_6obs,robustness_extension,random_forest,isotonic_validation,num__missingindicator_net_margin,Missing value: net_margin,net_margin,missingness_indicator,data_availability_signal,-0.349694349542195,-0.3763388485875558,-0.1673988929659939,-0.2089399556215619,-0.3803345666303618,0.08611272891785023,-0.466447295548212,lower_values_associated_with_higher_model_score,Association with model score on the temporal test split; not a causal effect.
persistent_resilience_next_6obs,robustness_extension,random_forest,isotonic_validation,num__total_liabilities_growth_4obs,total_liabilities_growth_4obs,total_liabilities_growth_4obs,firm_trend,firm_momentum_or_deterioration,0.06484701191939528,-0.14456266143610588,-0.08195735144138165,-0.06260530999472423,-0.11782905850647551,-0.04989078527892717,-0.06793827322754833,lower_values_associated_with_higher_model_score,Association with model score on the temporal test split; not a causal effect.
persistent_resilience_next_6obs,robustness_extension,random_forest,isotonic_validation,cat__Sector_Energy,Sector: Energy,Sector,industry_sector,sector_positioning,0.005095692444980762,0.008223684210526315,0.06346885054109389,-0.05524516633056757,0.07882974400650142,0.017879948914431672,0.06094979509206974,lower_values_associated_with_higher_model_score,Association with model score on the temporal test split; not a causal effect.
persistent_resilience_next_6obs,robustness_extension,random_forest,isotonic_validation,num__cfo_margin,cfo_margin,cfo_margin,financial_quality_cashflow,cash_flow_quality,0.17694463371010424,0.08100104229015327,0.10604951953098886,-0.025048477240835587,0.06419613695609755,0.1620978594763142,-0.09790172252021664,lower_values_associated_with_higher_model_score,Association with model score on the temporal test split; not a causal effect.
persistent_resilience_next_6obs,robustness_extension,random_forest,isotonic_validation,num__operating_margin_change_4obs,operating_margin_change_4obs,operating_margin_change_4obs,firm_trend,firm_momentum_or_deterioration,0.024620652412312975,-0.01063787984064919,0.007075187132073891,-0.017713066972723082,-0.00939808113593527,0.02608615040675774,-0.035484231542693014,lower_values_associated_with_higher_model_score,Association with model score on the temporal test split; not a causal effect.
persistent_resilience_next_6obs,robustness_extension,random_forest,isotonic_validation,num__current_assets_growth_4obs,current_assets_growth_4obs,current_assets_growth_4obs,firm_trend,firm_momentum_or_deterioration,0.1475538639866803,-0.05582380361343235,-0.06495121098178375,0.009127407368351395,-0.04203689658284875,-0.09741779083863007,0.05538089425578132,higher_values_associated_with_higher_model_score,Association with model score on the temporal test split; not a causal effect.
persistent_resilience_next_6obs,robustness_extension,random_forest,isotonic_validation,num__accruals_assets,accruals_assets,accruals_assets,financial_quality_cashflow,cash_flow_quality,0.07026979468951451,0.08131621664071625,0.02173972864669219,0.05957648799402407,0.05291627335581196,-0.004124238038350662,0.05704051139416262,higher_values_associated_with_higher_model_score,Association with model score on the temporal test split; not a causal effect.
persistent_resilience_next_6obs,robustness_extension,random_forest,isotonic_validation,num__cash_assets_change_4obs,cash_assets_change_4obs,cash_assets_change_4obs,firm_trend,firm_momentum_or_deterioration,0.02932191605256925,-0.07465942224735923,-0.13148150442762732,0.05682208218026809,-0.07881094472846258,-0.19219314009432048,0.1133821953658579,higher_values_associated_with_higher_model_score,Association with model score on the temporal test split; not a causal effect.
persistent_resilience_next_6obs,robustness_extension,random_forest,isotonic_validation,num__missingindicator_operating_margin,Missing value: operating_margin,operating_margin,missingness_indicator,data_availability_signal,-0.2129873407588113,-0.20930746538169595,-0.12814582974788813,-0.08116163563380782,-0.24616089301063343,0.02580614740681238,-0.2719670404174458,lower_values_associated_with_higher_model_score,Association with model score on the temporal test split; not a causal effect.
persistent_resilience_next_6obs,robustness_extension,random_forest,isotonic_validation,num__r_and_d_intensity,r_and_d_intensity,r_and_d_intensity,financial_ratio,profitability_and_efficiency,-0.01352193172755874,-0.04242883602124643,-0.0020160600256669816,-0.04041277599557945,-0.03920591799465472,0.04073826478682761,-0.07994418278148233,lower_values_associated_with_higher_model_score,Association with model score on the temporal test split; not a causal effect.
persistent_resilience_next_6obs,robustness_extension,random_forest,isotonic_validation,num__current_liabilities_growth_4obs,current_liabilities_growth_4obs,current_liabilities_growth_4obs,firm_trend,firm_momentum_or_deterioration,0.07856529060786227,-0.026365805440843625,0.04991994115380659,-0.0762857465946502,-0.02735079206321081,0.14173446255708402,-0.16908525462029483,lower_values_associated_with_higher_model_score,Association with model score on the temporal test split; not a causal effect.
persistent_resilience_next_6obs,robustness_extension,random_forest,isotonic_validation,num__DTWEXBGS,DTWEXBGS,DTWEXBGS,macro_conditions,macro_price_policy_conditions,0.004711905754752895,1.9780934702525053,2.0189515976559753,-0.04085812740347006,2.017306562163405,2.005673622487333,0.011632939676072152,lower_values_associated_with_higher_model_score,Association with model score on the temporal test split; not a causal effect.
persistent_resilience_next_6obs,robustness_extension,random_forest,isotonic_validation,num__missingindicator_operating_income,Missing value: operating_income,operating_income,missingness_indicator,data_availability_signal,-0.1868314594549582,-0.12941206964179067,-0.06916710679123098,-0.06024496285055969,-0.167416073670613,0.06184296350060746,-0.22925903717122048,lower_values_associated_with_higher_model_score,Association with model score on the temporal test split; not a causal effect.
persistent_resilience_next_6obs,robustness_extension,random_forest,isotonic_validation,num__short_term_debt,short_term_debt,short_term_debt,accounting_fundamental,balance_sheet_obligations,0.08703130437302482,-0.10486131056517237,0.007042144319191807,-0.11190345488436418,-0.06586765236974537,0.07817478102530993,-0.1440424333950553,lower_values_associated_with_higher_model_score,Association with model score on the temporal test split; not a causal effect.
persistent_resilience_next_6obs,robustness_extension,random_forest,isotonic_validation,num__missingindicator_total_revenue,Missing value: total_revenue,total_revenue,missingness_indicator,data_availability_signal,-0.3469083675437349,-0.36700623757325057,-0.1600362237577565,-0.20697001381549407,-0.3710579571706181,0.09123243366831758,-0.4622903908389357,lower_values_associated_with_higher_model_score,Association with model score on the temporal test split; not a causal effect.
persistent_resilience_next_6obs,robustness_extension,random_forest,isotonic_validation,num__RSAFS,RSAFS,RSAFS,macro_conditions,real_activity_conditions,0.038746737793913015,5.842229635348069,5.869976594058083,-0.02774695871001409,5.886468409743391,5.833286613663939,0.053181796079451615,lower_values_associated_with_higher_model_score,Association with model score on the temporal test split; not a causal effect.
persistent_resilience_next_6obs,robustness_extension,random_forest,isotonic_validation,num__T10Y3M,T10Y3M,T10Y3M,macro_conditions,credit_and_financial_conditions,0.007174701363258885,-3.1872495147000692,-3.405641981800874,0.21839246710080484,-3.461573374552324,-3.2329537458119786,-0.22861962874034525,higher_values_associated_with_higher_model_score,Association with model score on the temporal test split; not a causal effect.
persistent_resilience_next_6obs,robustness_extension,random_forest,isotonic_validation,num__BAMLH0A0HYM2,BAMLH0A0HYM2,BAMLH0A0HYM2,macro_conditions,credit_and_financial_conditions,-0.07333155365034448,-0.8820305600365773,-0.8263130803833867,-0.05571747965319063,-0.8539068915713948,-0.8045811891288859,-0.04932570244250889,lower_values_associated_with_higher_model_score,Association with model score on the temporal test split; not a causal effect.
persistent_resilience_next_6obs,robustness_extension,random_forest,isotonic_validation,num__INDPRO,INDPRO,INDPRO,macro_conditions,real_activity_conditions,-0.06642766415367599,0.47771143537236105,0.49096953448666114,-0.013258099114300093,0.48396270600867636,0.49683344293035614,-0.012870736921679782,lower_values_associated_with_higher_model_score,Association with model score on the temporal test split; not a causal effect.
persistent_resilience_next_6obs,robustness_extension,random_forest,isotonic_validation,num__DTWEXBGS_yoy_pct,DTWEXBGS_yoy_pct,DTWEXBGS_yoy_pct,macro_conditions,macro_price_policy_conditions,-0.026921554780655985,0.18220885914773613,0.23298260938680868,-0.050773750239072546,0.19765623233855706,0.2687857854853981,-0.07112955314684105,lower_values_associated_with_higher_model_score,Association with model score on the temporal test split; not a causal effect.
