path,category,size_mb,status,sample_rows_read,columns,error
config/distress_candidate_seed.csv,config,0.003,PASS,5,6,
config/distress_event_dates.csv,config,0.009,PASS,5,6,
config/distress_event_source_provenance.csv,config,0.023,PASS,5,14,
config/distressed_candidates_seed.csv,config,0.003,PASS,5,6,
config/fred_series_catalog.csv,config,0.003,PASS,5,7,
config/global_event_calendar_seed.csv,config,0.004,PASS,5,11,
config/master_tickers.csv,config,0.022,PASS,5,6,
config/model_feature_blacklist.csv,config,0.002,PASS,5,2,
config/rebuild_universe_candidates.csv,config,0.061,PASS,5,12,
config/sec_fsd_concept_map.csv,config,0.003,PASS,5,4,
config/ticker_cik_overrides.csv,config,0.0,PASS,2,5,
config/universe_expansion_150_candidates.csv,config,0.029,PASS,5,19,
config/universe_v2_draft.csv,config,0.124,PASS,5,14,
config/universe_v2_draft_expanded_150.csv,config,0.124,PASS,5,14,
config/universe_v2_pre_expansion_20260505.csv,config,0.08,PASS,5,14,
data/github/firm_panel_v2.csv.gz,github_dataset_package,14.611,PASS,5,190,
data/github/firm_panel_v2_schema.csv,github_dataset_package,0.011,PASS,5,4,
data/interim/distress_candidate_matches.csv,data,0.014,PASS,5,17,
data/interim/sec_submissions_index.csv,data,40.343,PASS,5,13,
data/processed/legacy_2025/firm_panel_with_zscore.csv,processed_data,7.552,PASS,5,58,
data/processed/legacy_xbrl/q4quarter_all/AAPL/AAPL_q4quarter.csv,processed_data,0.006,PASS,5,29,
data/processed/legacy_xbrl/q4quarter_all/AAPL/AAPL_q4quarter_summary.csv,processed_data,0.001,PASS,5,4,
data/processed/legacy_xbrl/q4quarter_all/ABBV/ABBV_q4quarter.csv,processed_data,0.004,PASS,5,29,
data/processed/legacy_xbrl/q4quarter_all/ABBV/ABBV_q4quarter_summary.csv,processed_data,0.001,PASS,5,4,
data/processed/legacy_xbrl/q4quarter_all/ABNB/ABNB_q4quarter.csv,processed_data,0.001,PASS,4,23,
data/processed/legacy_xbrl/q4quarter_all/ABNB/ABNB_q4quarter_summary.csv,processed_data,0.0,PASS,5,4,
data/processed/legacy_xbrl/q4quarter_all/ABT/ABT_q4quarter.csv,processed_data,0.006,PASS,5,30,
data/processed/legacy_xbrl/q4quarter_all/ABT/ABT_q4quarter_summary.csv,processed_data,0.001,PASS,5,4,
data/processed/legacy_xbrl/q4quarter_all/ACN/ACN_q4quarter.csv,processed_data,0.005,PASS,5,26,
data/processed/legacy_xbrl/q4quarter_all/ACN/ACN_q4quarter_summary.csv,processed_data,0.001,PASS,5,4,
data/processed/legacy_xbrl/q4quarter_all/ADBE/ADBE_q4quarter.csv,processed_data,0.006,PASS,5,29,
data/processed/legacy_xbrl/q4quarter_all/ADBE/ADBE_q4quarter_summary.csv,processed_data,0.001,PASS,5,4,
data/processed/legacy_xbrl/q4quarter_all/ADI/ADI_q4quarter.csv,processed_data,0.005,PASS,5,28,
data/processed/legacy_xbrl/q4quarter_all/ADI/ADI_q4quarter_summary.csv,processed_data,0.001,PASS,5,4,
data/processed/legacy_xbrl/q4quarter_all/ADP/ADP_q4quarter.csv,processed_data,0.005,PASS,5,27,
data/processed/legacy_xbrl/q4quarter_all/ADP/ADP_q4quarter_summary.csv,processed_data,0.001,PASS,5,4,
data/processed/legacy_xbrl/q4quarter_all/ADSK/ADSK_q4quarter.csv,processed_data,0.005,PASS,5,28,
data/processed/legacy_xbrl/q4quarter_all/ADSK/ADSK_q4quarter_summary.csv,processed_data,0.001,PASS,5,4,
data/processed/legacy_xbrl/q4quarter_all/AEP/AEP_q4quarter.csv,processed_data,0.005,PASS,5,27,
data/processed/legacy_xbrl/q4quarter_all/AEP/AEP_q4quarter_summary.csv,processed_data,0.001,PASS,5,4,
data/processed/legacy_xbrl/q4quarter_all/AFL/AFL_q4quarter.csv,processed_data,0.004,PASS,5,20,
data/processed/legacy_xbrl/q4quarter_all/AFL/AFL_q4quarter_summary.csv,processed_data,0.001,PASS,5,4,
data/processed/legacy_xbrl/q4quarter_all/AIG/AIG_q4quarter.csv,processed_data,0.004,PASS,5,20,
data/processed/legacy_xbrl/q4quarter_all/AIG/AIG_q4quarter_summary.csv,processed_data,0.001,PASS,5,4,
data/processed/legacy_xbrl/q4quarter_all/AJG/AJG_q4quarter.csv,processed_data,0.004,PASS,5,24,
data/processed/legacy_xbrl/q4quarter_all/AJG/AJG_q4quarter_summary.csv,processed_data,0.001,PASS,5,4,
data/processed/legacy_xbrl/q4quarter_all/ALL/ALL_q4quarter.csv,processed_data,0.004,PASS,5,21,
data/processed/legacy_xbrl/q4quarter_all/ALL/ALL_q4quarter_summary.csv,processed_data,0.001,PASS,5,4,
data/processed/legacy_xbrl/q4quarter_all/AMAT/AMAT_q4quarter.csv,processed_data,0.006,PASS,5,30,
data/processed/legacy_xbrl/q4quarter_all/AMAT/AMAT_q4quarter_summary.csv,processed_data,0.001,PASS,5,4,
data/processed/legacy_xbrl/q4quarter_all/AMD/AMD_q4quarter.csv,processed_data,0.005,PASS,5,28,
data/processed/legacy_xbrl/q4quarter_all/AMD/AMD_q4quarter_summary.csv,processed_data,0.001,PASS,5,4,
data/processed/legacy_xbrl/q4quarter_all/AME/AME_q4quarter.csv,processed_data,0.005,PASS,5,26,
data/processed/legacy_xbrl/q4quarter_all/AME/AME_q4quarter_summary.csv,processed_data,0.001,PASS,5,4,
data/processed/legacy_xbrl/q4quarter_all/AMGN/AMGN_q4quarter.csv,processed_data,0.006,PASS,5,30,
data/processed/legacy_xbrl/q4quarter_all/AMGN/AMGN_q4quarter_summary.csv,processed_data,0.001,PASS,5,4,
data/processed/legacy_xbrl/q4quarter_all/AMP/AMP_q4quarter.csv,processed_data,0.004,PASS,5,22,
data/processed/legacy_xbrl/q4quarter_all/AMP/AMP_q4quarter_summary.csv,processed_data,0.001,PASS,5,4,
data/processed/legacy_xbrl/q4quarter_all/AMT/AMT_q4quarter.csv,processed_data,0.005,PASS,5,27,
data/processed/legacy_xbrl/q4quarter_all/AMT/AMT_q4quarter_summary.csv,processed_data,0.001,PASS,5,4,
data/processed/legacy_xbrl/q4quarter_all/AMZN/AMZN_q4quarter.csv,processed_data,0.006,PASS,5,29,
data/processed/legacy_xbrl/q4quarter_all/AMZN/AMZN_q4quarter_summary.csv,processed_data,0.001,PASS,5,4,
data/processed/legacy_xbrl/q4quarter_all/ANET/ANET_q4quarter.csv,processed_data,0.004,PASS,5,29,
data/processed/legacy_xbrl/q4quarter_all/ANET/ANET_q4quarter_summary.csv,processed_data,0.001,PASS,5,4,
data/processed/legacy_xbrl/q4quarter_all/ANSS/ANSS_q4quarter.csv,processed_data,0.004,PASS,5,25,
data/processed/legacy_xbrl/q4quarter_all/ANSS/ANSS_q4quarter_summary.csv,processed_data,0.001,PASS,5,4,
data/processed/legacy_xbrl/q4quarter_all/AON/AON_q4quarter.csv,processed_data,0.005,PASS,5,26,
data/processed/legacy_xbrl/q4quarter_all/AON/AON_q4quarter_summary.csv,processed_data,0.001,PASS,5,4,
data/processed/legacy_xbrl/q4quarter_all/APD/APD_q4quarter.csv,processed_data,0.005,PASS,5,29,
data/processed/legacy_xbrl/q4quarter_all/APD/APD_q4quarter_summary.csv,processed_data,0.001,PASS,5,4,
data/processed/legacy_xbrl/q4quarter_all/APH/APH_q4quarter.csv,processed_data,0.005,PASS,5,29,
data/processed/legacy_xbrl/q4quarter_all/APH/APH_q4quarter_summary.csv,processed_data,0.001,PASS,5,4,
data/processed/legacy_xbrl/q4quarter_all/APP/APP_q4quarter.csv,processed_data,0.002,PASS,4,27,
data/processed/legacy_xbrl/q4quarter_all/APP/APP_q4quarter_summary.csv,processed_data,0.0,PASS,4,4,
data/processed/legacy_xbrl/q4quarter_all/AVGO/AVGO_q4quarter.csv,processed_data,0.003,PASS,5,28,
data/processed/legacy_xbrl/q4quarter_all/AVGO/AVGO_q4quarter_summary.csv,processed_data,0.0,PASS,5,4,
data/processed/legacy_xbrl/q4quarter_all/AXON/AXON_q4quarter.csv,processed_data,0.004,PASS,5,29,
data/processed/legacy_xbrl/q4quarter_all/AXON/AXON_q4quarter_summary.csv,processed_data,0.001,PASS,5,4,
data/processed/legacy_xbrl/q4quarter_all/AXP/AXP_q4quarter.csv,processed_data,0.004,PASS,5,21,
data/processed/legacy_xbrl/q4quarter_all/AXP/AXP_q4quarter_summary.csv,processed_data,0.001,PASS,5,4,
data/processed/legacy_xbrl/q4quarter_all/AZO/AZO_q4quarter.csv,processed_data,0.005,PASS,5,27,
data/processed/legacy_xbrl/q4quarter_all/AZO/AZO_q4quarter_summary.csv,processed_data,0.001,PASS,5,4,
data/processed/legacy_xbrl/q4quarter_all/BA/BA_q4quarter.csv,processed_data,0.006,PASS,5,30,
data/processed/legacy_xbrl/q4quarter_all/BA/BA_q4quarter_summary.csv,processed_data,0.001,PASS,5,4,
data/processed/legacy_xbrl/q4quarter_all/BAC/BAC_q4quarter.csv,processed_data,0.004,PASS,5,20,
data/processed/legacy_xbrl/q4quarter_all/BAC/BAC_q4quarter_summary.csv,processed_data,0.001,PASS,5,4,
data/processed/legacy_xbrl/q4quarter_all/BDX/BDX_q4quarter.csv,processed_data,0.005,PASS,5,28,
data/processed/legacy_xbrl/q4quarter_all/BDX/BDX_q4quarter_summary.csv,processed_data,0.001,PASS,5,4,
data/processed/legacy_xbrl/q4quarter_all/BIIB/BIIB_q4quarter.csv,processed_data,0.006,PASS,5,30,
data/processed/legacy_xbrl/q4quarter_all/BIIB/BIIB_q4quarter_summary.csv,processed_data,0.001,PASS,5,4,
data/processed/legacy_xbrl/q4quarter_all/BK/BK_q4quarter.csv,processed_data,0.004,PASS,5,20,
data/processed/legacy_xbrl/q4quarter_all/BK/BK_q4quarter_summary.csv,processed_data,0.001,PASS,5,4,
data/processed/legacy_xbrl/q4quarter_all/BKNG/BKNG_q4quarter.csv,processed_data,0.004,PASS,5,27,
data/processed/legacy_xbrl/q4quarter_all/BKNG/BKNG_q4quarter_summary.csv,processed_data,0.001,PASS,5,4,
data/processed/legacy_xbrl/q4quarter_all/BKR/BKR_q4quarter.csv,processed_data,0.003,PASS,5,28,
data/processed/legacy_xbrl/q4quarter_all/BKR/BKR_q4quarter_summary.csv,processed_data,0.0,PASS,5,4,
data/processed/legacy_xbrl/q4quarter_all/BLK/BLK_q4quarter.csv,processed_data,0.001,PASS,1,20,
data/processed/legacy_xbrl/q4quarter_all/BLK/BLK_q4quarter_summary.csv,processed_data,0.0,PASS,1,4,
data/processed/legacy_xbrl/q4quarter_all/BMY/BMY_q4quarter.csv,processed_data,0.005,PASS,5,30,
data/processed/legacy_xbrl/q4quarter_all/BMY/BMY_q4quarter_summary.csv,processed_data,0.001,PASS,5,4,
data/processed/legacy_xbrl/q4quarter_all/BRK-B/BRK-B_q4quarter.csv,processed_data,0.005,PASS,5,24,
data/processed/legacy_xbrl/q4quarter_all/BRK-B/BRK-B_q4quarter_summary.csv,processed_data,0.001,PASS,5,4,
data/processed/legacy_xbrl/q4quarter_all/BSX/BSX_q4quarter.csv,processed_data,0.005,PASS,5,27,
data/processed/legacy_xbrl/q4quarter_all/BSX/BSX_q4quarter_summary.csv,processed_data,0.001,PASS,5,4,
data/processed/legacy_xbrl/q4quarter_all/BX/BX_q4quarter.csv,processed_data,0.004,PASS,5,21,
data/processed/legacy_xbrl/q4quarter_all/BX/BX_q4quarter_summary.csv,processed_data,0.001,PASS,5,4,
data/processed/legacy_xbrl/q4quarter_all/C/C_q4quarter.csv,processed_data,0.003,PASS,5,21,
data/processed/legacy_xbrl/q4quarter_all/C/C_q4quarter_summary.csv,processed_data,0.001,PASS,5,4,
data/processed/legacy_xbrl/q4quarter_all/CARR/CARR_q4quarter.csv,processed_data,0.002,PASS,5,26,
data/processed/legacy_xbrl/q4quarter_all/CARR/CARR_q4quarter_summary.csv,processed_data,0.0,PASS,5,4,
data/processed/legacy_xbrl/q4quarter_all/CAT/CAT_q4quarter.csv,processed_data,0.005,PASS,5,29,
data/processed/legacy_xbrl/q4quarter_all/CAT/CAT_q4quarter_summary.csv,processed_data,0.001,PASS,5,4,
data/processed/legacy_xbrl/q4quarter_all/CB/CB_q4quarter.csv,processed_data,0.004,PASS,5,19,
data/processed/legacy_xbrl/q4quarter_all/CB/CB_q4quarter_summary.csv,processed_data,0.001,PASS,5,4,
data/processed/legacy_xbrl/q4quarter_all/CDNS/CDNS_q4quarter.csv,processed_data,0.005,PASS,5,28,
data/processed/legacy_xbrl/q4quarter_all/CDNS/CDNS_q4quarter_summary.csv,processed_data,0.001,PASS,5,4,
data/processed/legacy_xbrl/q4quarter_all/CDW/CDW_q4quarter.csv,processed_data,0.004,PASS,5,28,
data/processed/legacy_xbrl/q4quarter_all/CDW/CDW_q4quarter_summary.csv,processed_data,0.001,PASS,5,4,
data/processed/legacy_xbrl/q4quarter_all/CEG/CEG_q4quarter.csv,processed_data,0.001,PASS,4,25,
data/processed/legacy_xbrl/q4quarter_all/CEG/CEG_q4quarter_summary.csv,processed_data,0.0,PASS,4,4,
data/processed/legacy_xbrl/q4quarter_all/CHTR/CHTR_q4quarter.csv,processed_data,0.004,PASS,5,25,
data/processed/legacy_xbrl/q4quarter_all/CHTR/CHTR_q4quarter_summary.csv,processed_data,0.001,PASS,5,4,
data/processed/legacy_xbrl/q4quarter_all/CI/CI_q4quarter.csv,processed_data,0.002,PASS,5,24,
data/processed/legacy_xbrl/q4quarter_all/CI/CI_q4quarter_summary.csv,processed_data,0.0,PASS,5,4,
data/processed/legacy_xbrl/q4quarter_all/CL/CL_q4quarter.csv,processed_data,0.006,PASS,5,30,
data/processed/legacy_xbrl/q4quarter_all/CL/CL_q4quarter_summary.csv,processed_data,0.001,PASS,5,4,
data/processed/legacy_xbrl/q4quarter_all/CMCSA/CMCSA_q4quarter.csv,processed_data,0.005,PASS,5,26,
data/processed/legacy_xbrl/q4quarter_all/CMCSA/CMCSA_q4quarter_summary.csv,processed_data,0.001,PASS,5,4,
data/processed/legacy_xbrl/q4quarter_all/CME/CME_q4quarter.csv,processed_data,0.005,PASS,5,25,
data/processed/legacy_xbrl/q4quarter_all/CME/CME_q4quarter_summary.csv,processed_data,0.001,PASS,5,4,
data/processed/legacy_xbrl/q4quarter_all/CMG/CMG_q4quarter.csv,processed_data,0.005,PASS,5,27,
data/processed/legacy_xbrl/q4quarter_all/CMG/CMG_q4quarter_summary.csv,processed_data,0.001,PASS,5,4,
data/processed/legacy_xbrl/q4quarter_all/CMI/CMI_q4quarter.csv,processed_data,0.005,PASS,5,28,
data/processed/legacy_xbrl/q4quarter_all/CMI/CMI_q4quarter_summary.csv,processed_data,0.001,PASS,5,4,
data/processed/legacy_xbrl/q4quarter_all/COF/COF_q4quarter.csv,processed_data,0.004,PASS,5,21,
data/processed/legacy_xbrl/q4quarter_all/COF/COF_q4quarter_summary.csv,processed_data,0.001,PASS,5,4,
data/processed/legacy_xbrl/q4quarter_all/COP/COP_q4quarter.csv,processed_data,0.005,PASS,5,26,
data/processed/legacy_xbrl/q4quarter_all/COP/COP_q4quarter_summary.csv,processed_data,0.001,PASS,5,4,
data/processed/legacy_xbrl/q4quarter_all/COR/COR_q4quarter.csv,processed_data,0.005,PASS,5,27,
data/processed/legacy_xbrl/q4quarter_all/COR/COR_q4quarter_summary.csv,processed_data,0.001,PASS,5,4,
data/processed/legacy_xbrl/q4quarter_all/COST/COST_q4quarter.csv,processed_data,0.005,PASS,5,27,
data/processed/legacy_xbrl/q4quarter_all/COST/COST_q4quarter_summary.csv,processed_data,0.001,PASS,5,4,
data/processed/legacy_xbrl/q4quarter_all/CPRT/CPRT_q4quarter.csv,processed_data,0.004,PASS,5,29,
data/processed/legacy_xbrl/q4quarter_all/CPRT/CPRT_q4quarter_summary.csv,processed_data,0.001,PASS,5,4,
data/processed/legacy_xbrl/q4quarter_all/CRM/CRM_q4quarter.csv,processed_data,0.005,PASS,5,28,
data/processed/legacy_xbrl/q4quarter_all/CRM/CRM_q4quarter_summary.csv,processed_data,0.001,PASS,5,4,
data/processed/legacy_xbrl/q4quarter_all/CRWD/CRWD_q4quarter.csv,processed_data,0.002,PASS,5,25,
data/processed/legacy_xbrl/q4quarter_all/CRWD/CRWD_q4quarter_summary.csv,processed_data,0.0,PASS,5,4,
data/processed/legacy_xbrl/q4quarter_all/CSCO/CSCO_q4quarter.csv,processed_data,0.005,PASS,5,30,
data/processed/legacy_xbrl/q4quarter_all/CSCO/CSCO_q4quarter_summary.csv,processed_data,0.001,PASS,5,4,
data/processed/legacy_xbrl/q4quarter_all/CSGP/CSGP_q4quarter.csv,processed_data,0.005,PASS,5,28,
data/processed/legacy_xbrl/q4quarter_all/CSGP/CSGP_q4quarter_summary.csv,processed_data,0.001,PASS,5,4,
data/processed/legacy_xbrl/q4quarter_all/CSX/CSX_q4quarter.csv,processed_data,0.005,PASS,5,27,
data/processed/legacy_xbrl/q4quarter_all/CSX/CSX_q4quarter_summary.csv,processed_data,0.001,PASS,5,4,
data/processed/legacy_xbrl/q4quarter_all/CTAS/CTAS_q4quarter.csv,processed_data,0.005,PASS,5,28,
data/processed/legacy_xbrl/q4quarter_all/CTAS/CTAS_q4quarter_summary.csv,processed_data,0.001,PASS,5,4,
data/processed/legacy_xbrl/q4quarter_all/CTSH/CTSH_q4quarter.csv,processed_data,0.005,PASS,5,26,
data/processed/legacy_xbrl/q4quarter_all/CTSH/CTSH_q4quarter_summary.csv,processed_data,0.001,PASS,5,4,
data/processed/legacy_xbrl/q4quarter_all/CVS/CVS_q4quarter.csv,processed_data,0.006,PASS,5,28,
data/processed/legacy_xbrl/q4quarter_all/CVS/CVS_q4quarter_summary.csv,processed_data,0.001,PASS,5,4,
data/processed/legacy_xbrl/q4quarter_all/CVX/CVX_q4quarter.csv,processed_data,0.005,PASS,5,26,
data/processed/legacy_xbrl/q4quarter_all/CVX/CVX_q4quarter_summary.csv,processed_data,0.001,PASS,5,4,
data/processed/legacy_xbrl/q4quarter_all/D/D_q4quarter.csv,processed_data,0.005,PASS,5,27,
data/processed/legacy_xbrl/q4quarter_all/D/D_q4quarter_summary.csv,processed_data,0.001,PASS,5,4,
data/processed/legacy_xbrl/q4quarter_all/DASH/DASH_q4quarter.csv,processed_data,0.002,PASS,5,25,
data/processed/legacy_xbrl/q4quarter_all/DASH/DASH_q4quarter_summary.csv,processed_data,0.0,PASS,5,4,
data/processed/legacy_xbrl/q4quarter_all/DDOG/DDOG_q4quarter.csv,processed_data,0.002,PASS,5,26,
data/processed/legacy_xbrl/q4quarter_all/DDOG/DDOG_q4quarter_summary.csv,processed_data,0.0,PASS,5,4,
data/processed/legacy_xbrl/q4quarter_all/DE/DE_q4quarter.csv,processed_data,0.005,PASS,5,27,
data/processed/legacy_xbrl/q4quarter_all/DE/DE_q4quarter_summary.csv,processed_data,0.001,PASS,5,4,
data/processed/legacy_xbrl/q4quarter_all/DELL/DELL_q4quarter.csv,processed_data,0.001,PASS,2,29,
data/processed/legacy_xbrl/q4quarter_all/DELL/DELL_q4quarter_summary.csv,processed_data,0.0,PASS,2,4,
data/processed/legacy_xbrl/q4quarter_all/GS/GS_q4quarter.csv,processed_data,0.003,PASS,5,19,
data/processed/legacy_xbrl/q4quarter_all/GS/GS_q4quarter_summary.csv,processed_data,0.001,PASS,5,4,
data/processed/legacy_xbrl/q4quarter_all/GWW/GWW_q4quarter.csv,processed_data,0.005,PASS,5,27,
data/processed/legacy_xbrl/q4quarter_all/GWW/GWW_q4quarter_summary.csv,processed_data,0.001,PASS,5,4,
data/processed/legacy_xbrl/q4quarter_all/HCA/HCA_q4quarter.csv,processed_data,0.005,PASS,5,26,
data/processed/legacy_xbrl/q4quarter_all/HCA/HCA_q4quarter_summary.csv,processed_data,0.001,PASS,5,4,
data/processed/legacy_xbrl/q4quarter_all/HD/HD_q4quarter.csv,processed_data,0.006,PASS,5,28,
data/processed/legacy_xbrl/q4quarter_all/HD/HD_q4quarter_summary.csv,processed_data,0.001,PASS,5,4,
data/processed/legacy_xbrl/q4quarter_all/HLT/HLT_q4quarter.csv,processed_data,0.004,PASS,5,27,
data/processed/legacy_xbrl/q4quarter_all/HLT/HLT_q4quarter_summary.csv,processed_data,0.001,PASS,5,4,
data/processed/legacy_xbrl/q4quarter_all/HON/HON_q4quarter.csv,processed_data,0.005,PASS,5,29,
data/processed/legacy_xbrl/q4quarter_all/HON/HON_q4quarter_summary.csv,processed_data,0.001,PASS,5,4,
data/processed/legacy_xbrl/q4quarter_all/HWM/HWM_q4quarter.csv,processed_data,0.005,PASS,5,29,
data/processed/legacy_xbrl/q4quarter_all/HWM/HWM_q4quarter_summary.csv,processed_data,0.001,PASS,5,4,
data/processed/legacy_xbrl/q4quarter_all/IBM/IBM_q4quarter.csv,processed_data,0.006,PASS,5,29,
data/processed/legacy_xbrl/q4quarter_all/IBM/IBM_q4quarter_summary.csv,processed_data,0.001,PASS,5,4,
data/processed/legacy_xbrl/q4quarter_all/ICE/ICE_q4quarter.csv,processed_data,0.004,PASS,5,24,
data/processed/legacy_xbrl/q4quarter_all/ICE/ICE_q4quarter_summary.csv,processed_data,0.001,PASS,5,4,
data/processed/legacy_xbrl/q4quarter_all/IDXX/IDXX_q4quarter.csv,processed_data,0.005,PASS,5,29,
data/processed/legacy_xbrl/q4quarter_all/IDXX/IDXX_q4quarter_summary.csv,processed_data,0.001,PASS,5,4,
data/processed/legacy_xbrl/q4quarter_all/INTC/INTC_q4quarter.csv,processed_data,0.005,PASS,5,28,
data/processed/legacy_xbrl/q4quarter_all/INTC/INTC_q4quarter_summary.csv,processed_data,0.001,PASS,5,4,
data/processed/legacy_xbrl/q4quarter_all/INTU/INTU_q4quarter.csv,processed_data,0.005,PASS,5,27,
data/processed/legacy_xbrl/q4quarter_all/INTU/INTU_q4quarter_summary.csv,processed_data,0.001,PASS,5,4,
data/processed/legacy_xbrl/q4quarter_all/ISRG/ISRG_q4quarter.csv,processed_data,0.005,PASS,5,27,
data/processed/legacy_xbrl/q4quarter_all/ISRG/ISRG_q4quarter_summary.csv,processed_data,0.001,PASS,5,4,
data/processed/legacy_xbrl/q4quarter_all/ITW/ITW_q4quarter.csv,processed_data,0.005,PASS,5,27,
data/processed/legacy_xbrl/q4quarter_all/ITW/ITW_q4quarter_summary.csv,processed_data,0.001,PASS,5,4,
data/processed/legacy_xbrl/q4quarter_all/JCI/JCI_q4quarter.csv,processed_data,0.005,PASS,5,28,
data/processed/legacy_xbrl/q4quarter_all/JCI/JCI_q4quarter_summary.csv,processed_data,0.001,PASS,5,4,
data/processed/legacy_xbrl/q4quarter_all/JNJ/JNJ_q4quarter.csv,processed_data,0.005,PASS,5,27,
data/processed/legacy_xbrl/q4quarter_all/JNJ/JNJ_q4quarter_summary.csv,processed_data,0.001,PASS,5,4,
data/processed/legacy_xbrl/q4quarter_all/JPM/JPM_q4quarter.csv,processed_data,0.004,PASS,5,19,
data/processed/legacy_xbrl/q4quarter_all/JPM/JPM_q4quarter_summary.csv,processed_data,0.001,PASS,5,4,
data/processed/legacy_xbrl/q4quarter_all/KDP/KDP_q4quarter.csv,processed_data,0.005,PASS,5,28,
data/processed/legacy_xbrl/q4quarter_all/KDP/KDP_q4quarter_summary.csv,processed_data,0.001,PASS,5,4,
data/processed/legacy_xbrl/q4quarter_all/KHC/KHC_q4quarter.csv,processed_data,0.004,PASS,5,28,
data/processed/legacy_xbrl/q4quarter_all/KHC/KHC_q4quarter_summary.csv,processed_data,0.0,PASS,5,4,
data/processed/legacy_xbrl/q4quarter_all/KKR/KKR_q4quarter.csv,processed_data,0.003,PASS,5,21,
data/processed/legacy_xbrl/q4quarter_all/KKR/KKR_q4quarter_summary.csv,processed_data,0.001,PASS,5,4,
data/processed/legacy_xbrl/q4quarter_all/KLAC/KLAC_q4quarter.csv,processed_data,0.005,PASS,5,30,
data/processed/legacy_xbrl/q4quarter_all/KLAC/KLAC_q4quarter_summary.csv,processed_data,0.001,PASS,5,4,
data/processed/legacy_xbrl/q4quarter_all/KMB/KMB_q4quarter.csv,processed_data,0.005,PASS,5,28,
data/processed/legacy_xbrl/q4quarter_all/KMB/KMB_q4quarter_summary.csv,processed_data,0.001,PASS,5,4,
data/processed/legacy_xbrl/q4quarter_all/KMI/KMI_q4quarter.csv,processed_data,0.005,PASS,5,27,
data/processed/legacy_xbrl/q4quarter_all/KMI/KMI_q4quarter_summary.csv,processed_data,0.001,PASS,5,4,
data/processed/legacy_xbrl/q4quarter_all/KO/KO_q4quarter.csv,processed_data,0.006,PASS,5,28,
data/processed/legacy_xbrl/q4quarter_all/KO/KO_q4quarter_summary.csv,processed_data,0.001,PASS,5,4,
data/processed/legacy_xbrl/q4quarter_all/KR/KR_q4quarter.csv,processed_data,0.004,PASS,5,23,
data/processed/legacy_xbrl/q4quarter_all/KR/KR_q4quarter_summary.csv,processed_data,0.001,PASS,5,4,
data/processed/legacy_xbrl/q4quarter_all/KVUE/KVUE_q4quarter.csv,processed_data,0.001,PASS,2,27,
data/processed/legacy_xbrl/q4quarter_all/KVUE/KVUE_q4quarter_summary.csv,processed_data,0.0,PASS,2,4,
data/processed/legacy_xbrl/q4quarter_all/LIN/LIN_q4quarter.csv,processed_data,0.003,PASS,5,26,
data/processed/legacy_xbrl/q4quarter_all/LIN/LIN_q4quarter_summary.csv,processed_data,0.0,PASS,5,4,
data/processed/legacy_xbrl/q4quarter_all/LLY/LLY_q4quarter.csv,processed_data,0.005,PASS,5,25,
data/processed/legacy_xbrl/q4quarter_all/LLY/LLY_q4quarter_summary.csv,processed_data,0.001,PASS,5,4,
data/processed/legacy_xbrl/q4quarter_all/LMT/LMT_q4quarter.csv,processed_data,0.005,PASS,5,28,
data/processed/legacy_xbrl/q4quarter_all/LMT/LMT_q4quarter_summary.csv,processed_data,0.001,PASS,5,4,
data/processed/legacy_xbrl/q4quarter_all/LOW/LOW_q4quarter.csv,processed_data,0.005,PASS,5,26,
data/processed/legacy_xbrl/q4quarter_all/LOW/LOW_q4quarter_summary.csv,processed_data,0.001,PASS,5,4,
data/processed/legacy_xbrl/q4quarter_all/LRCX/LRCX_q4quarter.csv,processed_data,0.005,PASS,5,29,
data/processed/legacy_xbrl/q4quarter_all/LRCX/LRCX_q4quarter_summary.csv,processed_data,0.001,PASS,5,4,
data/processed/legacy_xbrl/q4quarter_all/LULU/LULU_q4quarter.csv,processed_data,0.005,PASS,5,26,
data/processed/legacy_xbrl/q4quarter_all/LULU/LULU_q4quarter_summary.csv,processed_data,0.001,PASS,5,4,
data/processed/legacy_xbrl/q4quarter_all/MA/MA_q4quarter.csv,processed_data,0.005,PASS,5,26,
data/processed/legacy_xbrl/q4quarter_all/MA/MA_q4quarter_summary.csv,processed_data,0.001,PASS,5,4,
data/processed/legacy_xbrl/q4quarter_all/MAR/MAR_q4quarter.csv,processed_data,0.005,PASS,5,26,
data/processed/legacy_xbrl/q4quarter_all/MAR/MAR_q4quarter_summary.csv,processed_data,0.001,PASS,5,4,
data/processed/legacy_xbrl/q4quarter_all/MCD/MCD_q4quarter.csv,processed_data,0.005,PASS,5,27,
data/processed/legacy_xbrl/q4quarter_all/MCD/MCD_q4quarter_summary.csv,processed_data,0.001,PASS,5,4,
data/processed/legacy_xbrl/q4quarter_all/MCHP/MCHP_q4quarter.csv,processed_data,0.005,PASS,5,30,
data/processed/legacy_xbrl/q4quarter_all/MCHP/MCHP_q4quarter_summary.csv,processed_data,0.001,PASS,5,4,
data/processed/legacy_xbrl/q4quarter_all/MCK/MCK_q4quarter.csv,processed_data,0.005,PASS,5,30,
data/processed/legacy_xbrl/q4quarter_all/MCK/MCK_q4quarter_summary.csv,processed_data,0.001,PASS,5,4,
data/processed/legacy_xbrl/q4quarter_all/MCO/MCO_q4quarter.csv,processed_data,0.005,PASS,5,27,
data/processed/legacy_xbrl/q4quarter_all/MCO/MCO_q4quarter_summary.csv,processed_data,0.001,PASS,5,4,
data/processed/legacy_xbrl/q4quarter_all/MDB/MDB_q4quarter.csv,processed_data,0.003,PASS,5,27,
data/processed/legacy_xbrl/q4quarter_all/MDB/MDB_q4quarter_summary.csv,processed_data,0.0,PASS,5,4,
data/processed/legacy_xbrl/q4quarter_all/MDLZ/MDLZ_q4quarter.csv,processed_data,0.005,PASS,5,27,
data/processed/legacy_xbrl/q4quarter_all/MDLZ/MDLZ_q4quarter_summary.csv,processed_data,0.001,PASS,5,4,
data/processed/legacy_xbrl/q4quarter_all/MDT/MDT_q4quarter.csv,processed_data,0.003,PASS,5,27,
data/processed/legacy_xbrl/q4quarter_all/MDT/MDT_q4quarter_summary.csv,processed_data,0.0,PASS,5,4,
data/processed/legacy_xbrl/q4quarter_all/MELI/MELI_q4quarter.csv,processed_data,0.005,PASS,5,29,
data/processed/legacy_xbrl/q4quarter_all/MELI/MELI_q4quarter_summary.csv,processed_data,0.001,PASS,5,4,
data/processed/legacy_xbrl/q4quarter_all/MET/MET_q4quarter.csv,processed_data,0.004,PASS,5,20,
data/processed/legacy_xbrl/q4quarter_all/MET/MET_q4quarter_summary.csv,processed_data,0.001,PASS,5,4,
data/processed/legacy_xbrl/q4quarter_all/META/META_q4quarter.csv,processed_data,0.005,PASS,5,27,
data/processed/legacy_xbrl/q4quarter_all/META/META_q4quarter_summary.csv,processed_data,0.001,PASS,5,4,
data/processed/legacy_xbrl/q4quarter_all/MMC/MMC_q4quarter.csv,processed_data,0.004,PASS,5,23,
data/processed/legacy_xbrl/q4quarter_all/MMC/MMC_q4quarter_summary.csv,processed_data,0.001,PASS,5,4,
data/processed/legacy_xbrl/q4quarter_all/MMM/MMM_q4quarter.csv,processed_data,0.006,PASS,5,29,
data/processed/legacy_xbrl/q4quarter_all/MMM/MMM_q4quarter_summary.csv,processed_data,0.001,PASS,5,4,
data/processed/legacy_xbrl/q4quarter_all/MNST/MNST_q4quarter.csv,processed_data,0.004,PASS,5,27,
data/processed/legacy_xbrl/q4quarter_all/MNST/MNST_q4quarter_summary.csv,processed_data,0.001,PASS,5,4,
data/processed/legacy_xbrl/q4quarter_all/MO/MO_q4quarter.csv,processed_data,0.005,PASS,5,27,
data/processed/legacy_xbrl/q4quarter_all/MO/MO_q4quarter_summary.csv,processed_data,0.001,PASS,5,4,
data/processed/legacy_xbrl/q4quarter_all/MPC/MPC_q4quarter.csv,processed_data,0.005,PASS,5,28,
data/processed/legacy_xbrl/q4quarter_all/MPC/MPC_q4quarter_summary.csv,processed_data,0.001,PASS,5,4,
data/processed/legacy_xbrl/q4quarter_all/MRK/MRK_q4quarter.csv,processed_data,0.005,PASS,5,26,
data/processed/legacy_xbrl/q4quarter_all/MRK/MRK_q4quarter_summary.csv,processed_data,0.001,PASS,5,4,
data/processed/legacy_xbrl/q4quarter_all/MRVL/MRVL_q4quarter.csv,processed_data,0.002,PASS,4,27,
data/processed/legacy_xbrl/q4quarter_all/MRVL/MRVL_q4quarter_summary.csv,processed_data,0.0,PASS,4,4,
data/processed/legacy_xbrl/q4quarter_all/MS/MS_q4quarter.csv,processed_data,0.004,PASS,5,19,
data/processed/legacy_xbrl/q4quarter_all/MS/MS_q4quarter_summary.csv,processed_data,0.001,PASS,5,4,
data/processed/legacy_xbrl/q4quarter_all/MSCI/MSCI_q4quarter.csv,processed_data,0.005,PASS,5,27,
data/processed/legacy_xbrl/q4quarter_all/MSCI/MSCI_q4quarter_summary.csv,processed_data,0.001,PASS,5,4,
data/processed/legacy_xbrl/q4quarter_all/MSFT/MSFT_q4quarter.csv,processed_data,0.006,PASS,5,29,
data/processed/legacy_xbrl/q4quarter_all/MSFT/MSFT_q4quarter_summary.csv,processed_data,0.001,PASS,5,4,
data/processed/legacy_xbrl/q4quarter_all/MSI/MSI_q4quarter.csv,processed_data,0.005,PASS,5,29,
data/processed/legacy_xbrl/q4quarter_all/MSI/MSI_q4quarter_summary.csv,processed_data,0.001,PASS,5,4,
data/processed/legacy_xbrl/q4quarter_all/MSTR/MSTR_q4quarter.csv,processed_data,0.004,PASS,5,28,
data/processed/legacy_xbrl/q4quarter_all/MSTR/MSTR_q4quarter_summary.csv,processed_data,0.001,PASS,5,4,
data/processed/legacy_xbrl/q4quarter_all/MU/MU_q4quarter.csv,processed_data,0.005,PASS,5,30,
data/processed/legacy_xbrl/q4quarter_all/MU/MU_q4quarter_summary.csv,processed_data,0.001,PASS,5,4,
data/processed/legacy_xbrl/q4quarter_all/NDAQ/NDAQ_q4quarter.csv,processed_data,0.005,PASS,5,26,
data/processed/legacy_xbrl/q4quarter_all/NDAQ/NDAQ_q4quarter_summary.csv,processed_data,0.001,PASS,5,4,
data/processed/legacy_xbrl/q4quarter_all/NEE/NEE_q4quarter.csv,processed_data,0.005,PASS,5,24,
data/processed/legacy_xbrl/q4quarter_all/NEE/NEE_q4quarter_summary.csv,processed_data,0.001,PASS,5,4,
data/processed/legacy_xbrl/q4quarter_all/NEM/NEM_q4quarter.csv,processed_data,0.005,PASS,5,28,
data/processed/legacy_xbrl/q4quarter_all/NEM/NEM_q4quarter_summary.csv,processed_data,0.001,PASS,5,4,
data/processed/legacy_xbrl/q4quarter_all/NFLX/NFLX_q4quarter.csv,processed_data,0.005,PASS,5,27,
data/processed/legacy_xbrl/q4quarter_all/NFLX/NFLX_q4quarter_summary.csv,processed_data,0.001,PASS,5,4,
data/processed/legacy_xbrl/q4quarter_all/NKE/NKE_q4quarter.csv,processed_data,0.005,PASS,5,27,
data/processed/legacy_xbrl/q4quarter_all/NKE/NKE_q4quarter_summary.csv,processed_data,0.001,PASS,5,4,
data/processed/legacy_xbrl/q4quarter_all/NOC/NOC_q4quarter.csv,processed_data,0.005,PASS,5,28,
data/processed/legacy_xbrl/q4quarter_all/NOC/NOC_q4quarter_summary.csv,processed_data,0.001,PASS,5,4,
data/processed/legacy_xbrl/q4quarter_all/NOW/NOW_q4quarter.csv,processed_data,0.004,PASS,5,29,
data/processed/legacy_xbrl/q4quarter_all/NOW/NOW_q4quarter_summary.csv,processed_data,0.001,PASS,5,4,
data/processed/legacy_xbrl/q4quarter_all/NSC/NSC_q4quarter.csv,processed_data,0.005,PASS,5,26,
data/processed/legacy_xbrl/q4quarter_all/NSC/NSC_q4quarter_summary.csv,processed_data,0.001,PASS,5,4,
data/processed/legacy_xbrl/q4quarter_all/NVDA/NVDA_q4quarter.csv,processed_data,0.005,PASS,5,29,
data/processed/legacy_xbrl/q4quarter_all/NVDA/NVDA_q4quarter_summary.csv,processed_data,0.001,PASS,5,4,
data/processed/legacy_xbrl/q4quarter_all/NXPI/NXPI_q4quarter.csv,processed_data,0.002,PASS,5,28,
data/processed/legacy_xbrl/q4quarter_all/NXPI/NXPI_q4quarter_summary.csv,processed_data,0.0,PASS,5,4,
data/processed/legacy_xbrl/q4quarter_all/O/O_q4quarter.csv,processed_data,0.003,PASS,5,19,
data/processed/legacy_xbrl/q4quarter_all/O/O_q4quarter_summary.csv,processed_data,0.001,PASS,5,4,
data/processed/legacy_xbrl/q4quarter_all/ODFL/ODFL_q4quarter.csv,processed_data,0.004,PASS,5,23,
data/processed/legacy_xbrl/q4quarter_all/ODFL/ODFL_q4quarter_summary.csv,processed_data,0.001,PASS,5,4,
data/processed/legacy_xbrl/q4quarter_all/OKE/OKE_q4quarter.csv,processed_data,0.006,PASS,5,28,
data/processed/legacy_xbrl/q4quarter_all/OKE/OKE_q4quarter_summary.csv,processed_data,0.001,PASS,5,4,
data/processed/legacy_xbrl/q4quarter_all/ON/ON_q4quarter.csv,processed_data,0.005,PASS,5,27,
data/processed/legacy_xbrl/q4quarter_all/ON/ON_q4quarter_summary.csv,processed_data,0.001,PASS,5,4,
data/processed/legacy_xbrl/q4quarter_all/ORCL/ORCL_q4quarter.csv,processed_data,0.005,PASS,5,29,
data/processed/legacy_xbrl/q4quarter_all/ORCL/ORCL_q4quarter_summary.csv,processed_data,0.001,PASS,5,4,
data/processed/legacy_xbrl/q4quarter_all/ORLY/ORLY_q4quarter.csv,processed_data,0.005,PASS,5,27,
data/processed/legacy_xbrl/q4quarter_all/ORLY/ORLY_q4quarter_summary.csv,processed_data,0.001,PASS,5,4,
data/processed/legacy_xbrl/q4quarter_all/OXY/OXY_q4quarter.csv,processed_data,0.005,PASS,5,26,
data/processed/legacy_xbrl/q4quarter_all/OXY/OXY_q4quarter_summary.csv,processed_data,0.001,PASS,5,4,
data/processed/legacy_xbrl/q4quarter_all/PANW/PANW_q4quarter.csv,processed_data,0.004,PASS,5,27,
data/processed/legacy_xbrl/q4quarter_all/PANW/PANW_q4quarter_summary.csv,processed_data,0.001,PASS,5,4,
data/processed/legacy_xbrl/q4quarter_all/PAYX/PAYX_q4quarter.csv,processed_data,0.005,PASS,5,26,
data/processed/legacy_xbrl/q4quarter_all/PAYX/PAYX_q4quarter_summary.csv,processed_data,0.001,PASS,5,4,
data/processed/legacy_xbrl/q4quarter_all/PCAR/PCAR_q4quarter.csv,processed_data,0.005,PASS,5,26,
data/processed/legacy_xbrl/q4quarter_all/PCAR/PCAR_q4quarter_summary.csv,processed_data,0.001,PASS,5,4,
data/processed/legacy_xbrl/q4quarter_all/PCG/PCG_q4quarter.csv,processed_data,0.005,PASS,5,26,
data/processed/legacy_xbrl/q4quarter_all/PCG/PCG_q4quarter_summary.csv,processed_data,0.001,PASS,5,4,
data/processed/legacy_xbrl/q4quarter_all/PEG/PEG_q4quarter.csv,processed_data,0.005,PASS,5,26,
data/processed/legacy_xbrl/q4quarter_all/PEG/PEG_q4quarter_summary.csv,processed_data,0.001,PASS,5,4,
data/processed/legacy_xbrl/q4quarter_all/PEP/PEP_q4quarter.csv,processed_data,0.005,PASS,5,26,
data/processed/legacy_xbrl/q4quarter_all/PEP/PEP_q4quarter_summary.csv,processed_data,0.001,PASS,5,4,
data/processed/legacy_xbrl/q4quarter_all/PFE/PFE_q4quarter.csv,processed_data,0.005,PASS,5,27,
data/processed/legacy_xbrl/q4quarter_all/PFE/PFE_q4quarter_summary.csv,processed_data,0.001,PASS,5,4,
data/processed/legacy_xbrl/q4quarter_all/PG/PG_q4quarter.csv,processed_data,0.005,PASS,5,28,
data/processed/legacy_xbrl/q4quarter_all/PG/PG_q4quarter_summary.csv,processed_data,0.001,PASS,5,4,
data/processed/legacy_xbrl/q4quarter_all/PGR/PGR_q4quarter.csv,processed_data,0.004,PASS,5,18,
data/processed/legacy_xbrl/q4quarter_all/PGR/PGR_q4quarter_summary.csv,processed_data,0.001,PASS,5,4,
data/processed/legacy_xbrl/q4quarter_all/PH/PH_q4quarter.csv,processed_data,0.005,PASS,5,27,
data/processed/legacy_xbrl/q4quarter_all/PH/PH_q4quarter_summary.csv,processed_data,0.001,PASS,5,4,
data/processed/legacy_xbrl/q4quarter_all/PLD/PLD_q4quarter.csv,processed_data,0.003,PASS,5,22,
data/processed/legacy_xbrl/q4quarter_all/PLD/PLD_q4quarter_summary.csv,processed_data,0.001,PASS,5,4,
data/processed/legacy_xbrl/q4quarter_all/PLTR/PLTR_q4quarter.csv,processed_data,0.002,PASS,5,27,
data/processed/legacy_xbrl/q4quarter_all/PLTR/PLTR_q4quarter_summary.csv,processed_data,0.0,PASS,5,4,
data/processed/legacy_xbrl/q4quarter_all/PM/PM_q4quarter.csv,processed_data,0.006,PASS,5,28,
data/processed/legacy_xbrl/q4quarter_all/PM/PM_q4quarter_summary.csv,processed_data,0.001,PASS,5,4,
data/processed/legacy_xbrl/q4quarter_all/PNC/PNC_q4quarter.csv,processed_data,0.004,PASS,5,19,
data/processed/legacy_xbrl/q4quarter_all/PNC/PNC_q4quarter_summary.csv,processed_data,0.001,PASS,5,4,
data/processed/legacy_xbrl/q4quarter_all/PRU/PRU_q4quarter.csv,processed_data,0.004,PASS,5,23,
data/processed/legacy_xbrl/q4quarter_all/PRU/PRU_q4quarter_summary.csv,processed_data,0.001,PASS,5,4,
data/processed/legacy_xbrl/q4quarter_all/PSA/PSA_q4quarter.csv,processed_data,0.004,PASS,5,22,
data/processed/legacy_xbrl/q4quarter_all/PSA/PSA_q4quarter_summary.csv,processed_data,0.001,PASS,5,4,
data/processed/legacy_xbrl/q4quarter_all/PSX/PSX_q4quarter.csv,processed_data,0.004,PASS,5,25,
data/processed/legacy_xbrl/q4quarter_all/PSX/PSX_q4quarter_summary.csv,processed_data,0.001,PASS,5,4,
data/processed/legacy_xbrl/q4quarter_all/PWR/PWR_q4quarter.csv,processed_data,0.005,PASS,5,26,
data/processed/legacy_xbrl/q4quarter_all/PWR/PWR_q4quarter_summary.csv,processed_data,0.001,PASS,5,4,
data/processed/legacy_xbrl/q4quarter_all/PYPL/PYPL_q4quarter.csv,processed_data,0.003,PASS,5,27,
data/processed/legacy_xbrl/q4quarter_all/PYPL/PYPL_q4quarter_summary.csv,processed_data,0.0,PASS,5,4,
data/processed/legacy_xbrl/q4quarter_all/QCOM/QCOM_q4quarter.csv,processed_data,0.005,PASS,5,27,
data/processed/legacy_xbrl/q4quarter_all/QCOM/QCOM_q4quarter_summary.csv,processed_data,0.001,PASS,5,4,
data/processed/legacy_xbrl/q4quarter_all/RCL/RCL_q4quarter.csv,processed_data,0.004,PASS,5,24,
data/processed/legacy_xbrl/q4quarter_all/RCL/RCL_q4quarter_summary.csv,processed_data,0.001,PASS,5,4,
data/processed/legacy_xbrl/q4quarter_all/REGN/REGN_q4quarter.csv,processed_data,0.005,PASS,5,28,
data/processed/legacy_xbrl/q4quarter_all/REGN/REGN_q4quarter_summary.csv,processed_data,0.001,PASS,5,4,
data/processed/legacy_xbrl/q4quarter_all/ROP/ROP_q4quarter.csv,processed_data,0.005,PASS,5,29,
data/processed/legacy_xbrl/q4quarter_all/ROP/ROP_q4quarter_summary.csv,processed_data,0.001,PASS,5,4,
data/processed/legacy_xbrl/q4quarter_all/ROST/ROST_q4quarter.csv,processed_data,0.005,PASS,5,26,
data/processed/legacy_xbrl/q4quarter_all/ROST/ROST_q4quarter_summary.csv,processed_data,0.001,PASS,5,4,
data/processed/legacy_xbrl/q4quarter_all/RSG/RSG_q4quarter.csv,processed_data,0.005,PASS,5,27,
data/processed/legacy_xbrl/q4quarter_all/RSG/RSG_q4quarter_summary.csv,processed_data,0.001,PASS,5,4,
data/processed/legacy_xbrl/q4quarter_all/RTX/RTX_q4quarter.csv,processed_data,0.005,PASS,5,29,
data/processed/legacy_xbrl/q4quarter_all/RTX/RTX_q4quarter_summary.csv,processed_data,0.001,PASS,5,4,
data/processed/legacy_xbrl/q4quarter_all/SBUX/SBUX_q4quarter.csv,processed_data,0.005,PASS,5,28,
data/processed/legacy_xbrl/q4quarter_all/SBUX/SBUX_q4quarter_summary.csv,processed_data,0.001,PASS,5,4,
data/processed/legacy_xbrl/q4quarter_all/SCHW/SCHW_q4quarter.csv,processed_data,0.004,PASS,5,20,
data/processed/legacy_xbrl/q4quarter_all/SCHW/SCHW_q4quarter_summary.csv,processed_data,0.001,PASS,5,4,
data/processed/legacy_xbrl/q4quarter_all/SHW/SHW_q4quarter.csv,processed_data,0.005,PASS,5,29,
data/processed/legacy_xbrl/q4quarter_all/SHW/SHW_q4quarter_summary.csv,processed_data,0.001,PASS,5,4,
data/processed/legacy_xbrl/q4quarter_all/SLB/SLB_q4quarter.csv,processed_data,0.005,PASS,5,27,
data/processed/legacy_xbrl/q4quarter_all/SLB/SLB_q4quarter_summary.csv,processed_data,0.001,PASS,5,4,
data/processed/legacy_xbrl/q4quarter_all/SNPS/SNPS_q4quarter.csv,processed_data,0.005,PASS,5,29,
data/processed/legacy_xbrl/q4quarter_all/SNPS/SNPS_q4quarter_summary.csv,processed_data,0.001,PASS,5,4,
data/processed/legacy_xbrl/q4quarter_all/SO/SO_q4quarter.csv,processed_data,0.005,PASS,5,25,
data/processed/legacy_xbrl/q4quarter_all/SO/SO_q4quarter_summary.csv,processed_data,0.001,PASS,5,4,
data/processed/legacy_xbrl/q4quarter_all/SPG/SPG_q4quarter.csv,processed_data,0.004,PASS,5,21,
data/processed/legacy_xbrl/q4quarter_all/SPG/SPG_q4quarter_summary.csv,processed_data,0.001,PASS,5,4,
data/processed/legacy_xbrl/q4quarter_all/SPGI/SPGI_q4quarter.csv,processed_data,0.005,PASS,5,28,
data/processed/legacy_xbrl/q4quarter_all/SPGI/SPGI_q4quarter_summary.csv,processed_data,0.001,PASS,5,4,
data/processed/legacy_xbrl/q4quarter_all/SRE/SRE_q4quarter.csv,processed_data,0.005,PASS,5,26,
data/processed/legacy_xbrl/q4quarter_all/SRE/SRE_q4quarter_summary.csv,processed_data,0.001,PASS,5,4,
data/processed/legacy_xbrl/q4quarter_all/SYK/SYK_q4quarter.csv,processed_data,0.006,PASS,5,30,
data/processed/legacy_xbrl/q4quarter_all/SYK/SYK_q4quarter_summary.csv,processed_data,0.001,PASS,5,4,
data/processed/legacy_xbrl/q4quarter_all/T/T_q4quarter.csv,processed_data,0.005,PASS,5,27,
data/processed/legacy_xbrl/q4quarter_all/T/T_q4quarter_summary.csv,processed_data,0.001,PASS,5,4,
data/processed/legacy_xbrl/q4quarter_all/TDG/TDG_q4quarter.csv,processed_data,0.005,PASS,5,29,
data/processed/legacy_xbrl/q4quarter_all/TDG/TDG_q4quarter_summary.csv,processed_data,0.001,PASS,5,4,
data/processed/legacy_xbrl/q4quarter_all/TEAM/TEAM_q4quarter.csv,processed_data,0.001,PASS,2,27,
data/processed/legacy_xbrl/q4quarter_all/TEAM/TEAM_q4quarter_summary.csv,processed_data,0.0,PASS,2,4,
data/processed/legacy_xbrl/q4quarter_all/TEL/TEL_q4quarter.csv,processed_data,0.005,PASS,5,27,
data/processed/legacy_xbrl/q4quarter_all/TEL/TEL_q4quarter_summary.csv,processed_data,0.001,PASS,5,4,
data/processed/legacy_xbrl/q4quarter_all/TFC/TFC_q4quarter.csv,processed_data,0.004,PASS,5,20,
data/processed/legacy_xbrl/q4quarter_all/TFC/TFC_q4quarter_summary.csv,processed_data,0.001,PASS,5,4,
data/processed/legacy_xbrl/q4quarter_all/TGT/TGT_q4quarter.csv,processed_data,0.005,PASS,5,26,
data/processed/legacy_xbrl/q4quarter_all/TGT/TGT_q4quarter_summary.csv,processed_data,0.001,PASS,5,4,
data/processed/legacy_xbrl/q4quarter_all/TJX/TJX_q4quarter.csv,processed_data,0.005,PASS,5,28,
data/processed/legacy_xbrl/q4quarter_all/TJX/TJX_q4quarter_summary.csv,processed_data,0.001,PASS,5,4,
data/processed/legacy_xbrl/q4quarter_all/TMO/TMO_q4quarter.csv,processed_data,0.005,PASS,5,30,
data/processed/legacy_xbrl/q4quarter_all/TMO/TMO_q4quarter_summary.csv,processed_data,0.001,PASS,5,4,
data/processed/legacy_xbrl/q4quarter_all/TMUS/TMUS_q4quarter.csv,processed_data,0.005,PASS,5,28,
data/processed/legacy_xbrl/q4quarter_all/TMUS/TMUS_q4quarter_summary.csv,processed_data,0.001,PASS,5,4,
data/processed/legacy_xbrl/q4quarter_all/TRV/TRV_q4quarter.csv,processed_data,0.003,PASS,5,19,
data/processed/legacy_xbrl/q4quarter_all/TRV/TRV_q4quarter_summary.csv,processed_data,0.001,PASS,5,4,
data/processed/legacy_xbrl/q4quarter_all/TSLA/TSLA_q4quarter.csv,processed_data,0.005,PASS,5,30,
data/processed/legacy_xbrl/q4quarter_all/TSLA/TSLA_q4quarter_summary.csv,processed_data,0.001,PASS,5,4,
data/processed/legacy_xbrl/q4quarter_all/TT/TT_q4quarter.csv,processed_data,0.005,PASS,5,27,
data/processed/legacy_xbrl/q4quarter_all/TT/TT_q4quarter_summary.csv,processed_data,0.001,PASS,5,4,
data/processed/legacy_xbrl/q4quarter_all/TTD/TTD_q4quarter.csv,processed_data,0.003,PASS,5,26,
data/processed/legacy_xbrl/q4quarter_all/TTD/TTD_q4quarter_summary.csv,processed_data,0.0,PASS,5,4,
data/processed/legacy_xbrl/q4quarter_all/TTWO/TTWO_q4quarter.csv,processed_data,0.005,PASS,5,29,
data/processed/legacy_xbrl/q4quarter_all/TTWO/TTWO_q4quarter_summary.csv,processed_data,0.001,PASS,5,4,
data/processed/legacy_xbrl/q4quarter_all/TXN/TXN_q4quarter.csv,processed_data,0.005,PASS,5,27,
data/processed/legacy_xbrl/q4quarter_all/TXN/TXN_q4quarter_summary.csv,processed_data,0.001,PASS,5,4,
data/processed/legacy_xbrl/q4quarter_all/UBER/UBER_q4quarter.csv,processed_data,0.002,PASS,5,27,
data/processed/legacy_xbrl/q4quarter_all/UBER/UBER_q4quarter_summary.csv,processed_data,0.0,PASS,5,4,
data/processed/legacy_xbrl/q4quarter_all/UNH/UNH_q4quarter.csv,processed_data,0.005,PASS,5,27,
data/processed/legacy_xbrl/q4quarter_all/UNH/UNH_q4quarter_summary.csv,processed_data,0.001,PASS,5,4,
data/processed/legacy_xbrl/q4quarter_all/UNP/UNP_q4quarter.csv,processed_data,0.005,PASS,5,25,
data/processed/legacy_xbrl/q4quarter_all/UNP/UNP_q4quarter_summary.csv,processed_data,0.001,PASS,5,4,
data/processed/legacy_xbrl/q4quarter_all/UPS/UPS_q4quarter.csv,processed_data,0.005,PASS,5,25,
data/processed/legacy_xbrl/q4quarter_all/UPS/UPS_q4quarter_summary.csv,processed_data,0.001,PASS,5,4,
data/processed/legacy_xbrl/q4quarter_all/URI/URI_q4quarter.csv,processed_data,0.004,PASS,5,29,
data/processed/legacy_xbrl/q4quarter_all/URI/URI_q4quarter_summary.csv,processed_data,0.001,PASS,5,4,
data/processed/legacy_xbrl/q4quarter_all/USB/USB_q4quarter.csv,processed_data,0.004,PASS,5,19,
data/processed/legacy_xbrl/q4quarter_all/USB/USB_q4quarter_summary.csv,processed_data,0.001,PASS,5,4,
data/processed/legacy_xbrl/q4quarter_all/V/V_q4quarter.csv,processed_data,0.005,PASS,5,24,
data/processed/legacy_xbrl/q4quarter_all/V/V_q4quarter_summary.csv,processed_data,0.001,PASS,5,4,
data/processed/legacy_xbrl/q4quarter_all/VRSK/VRSK_q4quarter.csv,processed_data,0.004,PASS,5,26,
data/processed/legacy_xbrl/q4quarter_all/VRSK/VRSK_q4quarter_summary.csv,processed_data,0.001,PASS,5,4,
data/processed/legacy_xbrl/q4quarter_all/VRTX/VRTX_q4quarter.csv,processed_data,0.005,PASS,5,29,
data/processed/legacy_xbrl/q4quarter_all/VRTX/VRTX_q4quarter_summary.csv,processed_data,0.001,PASS,5,4,
data/processed/legacy_xbrl/q4quarter_all/VST/VST_q4quarter.csv,processed_data,0.003,PASS,5,26,
data/processed/legacy_xbrl/q4quarter_all/VST/VST_q4quarter_summary.csv,processed_data,0.0,PASS,5,4,
data/processed/legacy_xbrl/q4quarter_all/VZ/VZ_q4quarter.csv,processed_data,0.005,PASS,5,26,
data/processed/legacy_xbrl/q4quarter_all/VZ/VZ_q4quarter_summary.csv,processed_data,0.001,PASS,5,4,
data/processed/legacy_xbrl/q4quarter_all/WBD/WBD_q4quarter.csv,processed_data,0.005,PASS,5,26,
data/processed/legacy_xbrl/q4quarter_all/WBD/WBD_q4quarter_summary.csv,processed_data,0.001,PASS,5,4,
data/processed/legacy_xbrl/q4quarter_all/WDAY/WDAY_q4quarter.csv,processed_data,0.004,PASS,5,27,
data/processed/legacy_xbrl/q4quarter_all/WDAY/WDAY_q4quarter_summary.csv,processed_data,0.001,PASS,5,4,
data/processed/legacy_xbrl/q4quarter_all/WELL/WELL_q4quarter.csv,processed_data,0.003,PASS,5,20,
data/processed/legacy_xbrl/q4quarter_all/WELL/WELL_q4quarter_summary.csv,processed_data,0.001,PASS,5,4,
data/processed/legacy_xbrl/q4quarter_all/WFC/WFC_q4quarter.csv,processed_data,0.003,PASS,5,17,
data/processed/legacy_xbrl/q4quarter_all/WFC/WFC_q4quarter_summary.csv,processed_data,0.001,PASS,5,4,
data/processed/legacy_xbrl/q4quarter_all/WM/WM_q4quarter.csv,processed_data,0.005,PASS,5,27,
data/processed/legacy_xbrl/q4quarter_all/WM/WM_q4quarter_summary.csv,processed_data,0.001,PASS,5,4,
data/processed/legacy_xbrl/q4quarter_all/WMB/WMB_q4quarter.csv,processed_data,0.005,PASS,5,27,
data/processed/legacy_xbrl/q4quarter_all/WMB/WMB_q4quarter_summary.csv,processed_data,0.001,PASS,5,4,
data/processed/legacy_xbrl/q4quarter_all/WMT/WMT_q4quarter.csv,processed_data,0.005,PASS,5,28,
data/processed/legacy_xbrl/q4quarter_all/WMT/WMT_q4quarter_summary.csv,processed_data,0.001,PASS,5,4,
data/processed/legacy_xbrl/q4quarter_all/XEL/XEL_q4quarter.csv,processed_data,0.005,PASS,5,26,
data/processed/legacy_xbrl/q4quarter_all/XEL/XEL_q4quarter_summary.csv,processed_data,0.001,PASS,5,4,
data/processed/legacy_xbrl/q4quarter_all/XOM/XOM_q4quarter.csv,processed_data,0.005,PASS,5,27,
data/processed/legacy_xbrl/q4quarter_all/XOM/XOM_q4quarter_summary.csv,processed_data,0.001,PASS,5,4,
data/processed/legacy_xbrl/q4quarter_all/ZS/ZS_q4quarter.csv,processed_data,0.002,PASS,5,26,
data/processed/legacy_xbrl/q4quarter_all/ZS/ZS_q4quarter_summary.csv,processed_data,0.0,PASS,5,4,
data/processed/legacy_xbrl/q4quarter_all/ZTS/ZTS_q4quarter.csv,processed_data,0.004,PASS,5,28,
data/processed/legacy_xbrl/q4quarter_all/ZTS/ZTS_q4quarter_summary.csv,processed_data,0.001,PASS,5,4,
data/processed/legacy_xbrl/regex_all/AAPL/AAPL_pre2019_regex.csv,processed_data,0.016,PASS,5,29,
data/processed/legacy_xbrl/regex_all/AAPL/AAPL_pre2019_summary.csv,processed_data,0.002,PASS,5,4,
data/processed/legacy_xbrl/regex_all/ABBV/ABBV_pre2019_regex.csv,processed_data,0.01,PASS,5,26,
data/processed/legacy_xbrl/regex_all/ABBV/ABBV_pre2019_summary.csv,processed_data,0.002,PASS,5,4,
data/processed/legacy_xbrl/regex_all/ABNB/ABNB_pre2019_regex.csv,processed_data,0.004,PASS,5,22,
data/processed/legacy_xbrl/regex_all/ABNB/ABNB_pre2019_summary.csv,processed_data,0.001,PASS,5,4,
data/processed/legacy_xbrl/regex_all/ABT/ABT_pre2019_regex.csv,processed_data,0.014,PASS,5,27,
data/processed/legacy_xbrl/regex_all/ABT/ABT_pre2019_summary.csv,processed_data,0.002,PASS,5,4,
data/processed/legacy_xbrl/regex_all/ACN/ACN_pre2019_regex.csv,processed_data,0.014,PASS,5,25,
data/processed/legacy_xbrl/regex_all/ACN/ACN_pre2019_summary.csv,processed_data,0.002,PASS,5,4,
data/processed/legacy_xbrl/regex_all/ADBE/ADBE_pre2019_regex.csv,processed_data,0.016,PASS,5,28,
data/processed/legacy_xbrl/regex_all/ADBE/ADBE_pre2019_summary.csv,processed_data,0.002,PASS,5,4,
data/processed/legacy_xbrl/regex_all/ADI/ADI_pre2019_regex.csv,processed_data,0.014,PASS,5,28,
data/processed/legacy_xbrl/regex_all/ADI/ADI_pre2019_summary.csv,processed_data,0.002,PASS,5,4,
data/processed/legacy_xbrl/regex_all/ADP/ADP_pre2019_regex.csv,processed_data,0.013,PASS,5,25,
data/processed/legacy_xbrl/regex_all/ADP/ADP_pre2019_summary.csv,processed_data,0.002,PASS,5,4,
data/processed/legacy_xbrl/regex_all/ADSK/ADSK_pre2019_regex.csv,processed_data,0.014,PASS,5,26,
data/processed/legacy_xbrl/regex_all/ADSK/ADSK_pre2019_summary.csv,processed_data,0.002,PASS,5,4,
data/processed/legacy_xbrl/regex_all/AEP/AEP_pre2019_regex.csv,processed_data,0.013,PASS,5,25,
data/processed/legacy_xbrl/regex_all/AEP/AEP_pre2019_summary.csv,processed_data,0.002,PASS,5,4,
data/processed/legacy_xbrl/regex_all/AFL/AFL_pre2019_regex.csv,processed_data,0.011,PASS,5,20,
data/processed/legacy_xbrl/regex_all/AFL/AFL_pre2019_summary.csv,processed_data,0.002,PASS,5,4,
data/processed/legacy_xbrl/regex_all/AIG/AIG_pre2019_regex.csv,processed_data,0.009,PASS,5,19,
data/processed/legacy_xbrl/regex_all/AIG/AIG_pre2019_summary.csv,processed_data,0.002,PASS,5,4,
data/processed/legacy_xbrl/regex_all/AJG/AJG_pre2019_regex.csv,processed_data,0.011,PASS,5,24,
data/processed/legacy_xbrl/regex_all/AJG/AJG_pre2019_summary.csv,processed_data,0.002,PASS,5,4,
data/processed/legacy_xbrl/regex_all/ALL/ALL_pre2019_regex.csv,processed_data,0.01,PASS,5,19,
data/processed/legacy_xbrl/regex_all/ALL/ALL_pre2019_summary.csv,processed_data,0.002,PASS,5,4,
data/processed/legacy_xbrl/regex_all/AMAT/AMAT_pre2019_regex.csv,processed_data,0.015,PASS,5,29,
data/processed/legacy_xbrl/regex_all/AMAT/AMAT_pre2019_summary.csv,processed_data,0.002,PASS,5,4,
data/processed/legacy_xbrl/regex_all/AMD/AMD_pre2019_regex.csv,processed_data,0.014,PASS,5,28,
data/processed/legacy_xbrl/regex_all/AMD/AMD_pre2019_summary.csv,processed_data,0.002,PASS,5,4,
data/processed/legacy_xbrl/regex_all/AME/AME_pre2019_regex.csv,processed_data,0.012,PASS,5,23,
data/processed/legacy_xbrl/regex_all/AME/AME_pre2019_summary.csv,processed_data,0.002,PASS,5,4,
data/processed/legacy_xbrl/regex_all/AMGN/AMGN_pre2019_regex.csv,processed_data,0.014,PASS,5,26,
data/processed/legacy_xbrl/regex_all/AMGN/AMGN_pre2019_summary.csv,processed_data,0.002,PASS,5,4,
data/processed/legacy_xbrl/regex_all/AMP/AMP_pre2019_regex.csv,processed_data,0.01,PASS,5,18,
data/processed/legacy_xbrl/regex_all/AMP/AMP_pre2019_summary.csv,processed_data,0.002,PASS,5,4,
data/processed/legacy_xbrl/regex_all/AMT/AMT_pre2019_regex.csv,processed_data,0.013,PASS,5,27,
data/processed/legacy_xbrl/regex_all/AMT/AMT_pre2019_summary.csv,processed_data,0.002,PASS,5,4,
data/processed/legacy_xbrl/regex_all/AMZN/AMZN_pre2019_regex.csv,processed_data,0.014,PASS,5,27,
data/processed/legacy_xbrl/regex_all/AMZN/AMZN_pre2019_summary.csv,processed_data,0.002,PASS,5,4,
data/processed/legacy_xbrl/regex_all/ANET/ANET_pre2019_regex.csv,processed_data,0.01,PASS,5,29,
data/processed/legacy_xbrl/regex_all/ANET/ANET_pre2019_summary.csv,processed_data,0.002,PASS,5,4,
data/processed/legacy_xbrl/regex_all/ANSS/ANSS_pre2019_regex.csv,processed_data,0.012,PASS,5,24,
data/processed/legacy_xbrl/regex_all/ANSS/ANSS_pre2019_summary.csv,processed_data,0.002,PASS,5,4,
data/processed/legacy_xbrl/regex_all/AON/AON_pre2019_regex.csv,processed_data,0.013,PASS,5,24,
data/processed/legacy_xbrl/regex_all/AON/AON_pre2019_summary.csv,processed_data,0.002,PASS,5,4,
data/processed/legacy_xbrl/regex_all/APD/APD_pre2019_regex.csv,processed_data,0.014,PASS,5,27,
data/processed/legacy_xbrl/regex_all/APD/APD_pre2019_summary.csv,processed_data,0.002,PASS,5,4,
data/processed/legacy_xbrl/regex_all/APH/APH_pre2019_regex.csv,processed_data,0.013,PASS,5,28,
data/processed/legacy_xbrl/regex_all/APH/APH_pre2019_summary.csv,processed_data,0.002,PASS,5,4,
data/processed/legacy_xbrl/regex_all/APP/APP_pre2019_regex.csv,processed_data,0.004,PASS,5,27,
data/processed/legacy_xbrl/regex_all/APP/APP_pre2019_summary.csv,processed_data,0.001,PASS,5,4,
data/processed/legacy_xbrl/regex_all/AVGO/AVGO_pre2019_regex.csv,processed_data,0.007,PASS,5,30,
data/processed/legacy_xbrl/regex_all/AVGO/AVGO_pre2019_summary.csv,processed_data,0.001,PASS,5,4,
data/processed/legacy_xbrl/regex_all/AXON/AXON_pre2019_regex.csv,processed_data,0.012,PASS,5,29,
data/processed/legacy_xbrl/regex_all/AXON/AXON_pre2019_summary.csv,processed_data,0.002,PASS,5,4,
data/processed/legacy_xbrl/regex_all/AXP/AXP_pre2019_regex.csv,processed_data,0.01,PASS,5,20,
data/processed/legacy_xbrl/regex_all/AXP/AXP_pre2019_summary.csv,processed_data,0.002,PASS,5,4,
data/processed/legacy_xbrl/regex_all/AZO/AZO_pre2019_regex.csv,processed_data,0.013,PASS,5,27,
data/processed/legacy_xbrl/regex_all/AZO/AZO_pre2019_summary.csv,processed_data,0.002,PASS,5,4,
data/processed/legacy_xbrl/regex_all/BA/BA_pre2019_regex.csv,processed_data,0.016,PASS,5,27,
data/processed/legacy_xbrl/regex_all/BA/BA_pre2019_summary.csv,processed_data,0.002,PASS,5,4,
data/processed/legacy_xbrl/regex_all/BAC/BAC_pre2019_regex.csv,processed_data,0.011,PASS,5,20,
data/processed/legacy_xbrl/regex_all/BAC/BAC_pre2019_summary.csv,processed_data,0.002,PASS,5,4,
data/processed/legacy_xbrl/regex_all/BDX/BDX_pre2019_regex.csv,processed_data,0.013,PASS,5,26,
data/processed/legacy_xbrl/regex_all/BDX/BDX_pre2019_summary.csv,processed_data,0.002,PASS,5,4,
data/processed/legacy_xbrl/regex_all/BIIB/BIIB_pre2019_regex.csv,processed_data,0.014,PASS,5,28,
data/processed/legacy_xbrl/regex_all/BIIB/BIIB_pre2019_summary.csv,processed_data,0.002,PASS,5,4,
data/processed/legacy_xbrl/regex_all/BK/BK_pre2019_regex.csv,processed_data,0.011,PASS,5,19,
data/processed/legacy_xbrl/regex_all/BK/BK_pre2019_summary.csv,processed_data,0.002,PASS,5,4,
data/processed/legacy_xbrl/regex_all/BKNG/BKNG_pre2019_regex.csv,processed_data,0.012,PASS,5,27,
data/processed/legacy_xbrl/regex_all/BKNG/BKNG_pre2019_summary.csv,processed_data,0.002,PASS,5,4,
data/processed/legacy_xbrl/regex_all/BKR/BKR_pre2019_regex.csv,processed_data,0.006,PASS,5,26,
data/processed/legacy_xbrl/regex_all/BKR/BKR_pre2019_summary.csv,processed_data,0.001,PASS,5,4,
data/processed/legacy_xbrl/regex_all/BLK/BLK_pre2019_regex.csv,processed_data,0.001,PASS,2,19,
data/processed/legacy_xbrl/regex_all/BLK/BLK_pre2019_summary.csv,processed_data,0.0,PASS,2,4,
data/processed/legacy_xbrl/regex_all/BMY/BMY_pre2019_regex.csv,processed_data,0.015,PASS,5,28,
data/processed/legacy_xbrl/regex_all/BMY/BMY_pre2019_summary.csv,processed_data,0.002,PASS,5,4,
data/processed/legacy_xbrl/regex_all/BRK-B/BRK-B_pre2019_regex.csv,processed_data,0.013,PASS,5,23,
data/processed/legacy_xbrl/regex_all/BRK-B/BRK-B_pre2019_summary.csv,processed_data,0.002,PASS,5,4,
data/processed/legacy_xbrl/regex_all/BSX/BSX_pre2019_regex.csv,processed_data,0.013,PASS,5,26,
data/processed/legacy_xbrl/regex_all/BSX/BSX_pre2019_summary.csv,processed_data,0.002,PASS,5,4,
data/processed/legacy_xbrl/regex_all/BX/BX_pre2019_regex.csv,processed_data,0.009,PASS,5,20,
data/processed/legacy_xbrl/regex_all/BX/BX_pre2019_summary.csv,processed_data,0.002,PASS,5,4,
data/processed/legacy_xbrl/regex_all/C/C_pre2019_regex.csv,processed_data,0.009,PASS,5,21,
data/processed/legacy_xbrl/regex_all/C/C_pre2019_summary.csv,processed_data,0.002,PASS,5,4,
data/processed/legacy_xbrl/regex_all/CARR/CARR_pre2019_regex.csv,processed_data,0.004,PASS,5,23,
data/processed/legacy_xbrl/regex_all/CARR/CARR_pre2019_summary.csv,processed_data,0.001,PASS,5,4,
data/processed/legacy_xbrl/regex_all/CAT/CAT_pre2019_regex.csv,processed_data,0.013,PASS,5,28,
data/processed/legacy_xbrl/regex_all/CAT/CAT_pre2019_summary.csv,processed_data,0.002,PASS,5,4,
data/processed/legacy_xbrl/regex_all/CB/CB_pre2019_regex.csv,processed_data,0.01,PASS,5,18,
data/processed/legacy_xbrl/regex_all/CB/CB_pre2019_summary.csv,processed_data,0.002,PASS,5,4,
data/processed/legacy_xbrl/regex_all/CDNS/CDNS_pre2019_regex.csv,processed_data,0.012,PASS,5,26,
data/processed/legacy_xbrl/regex_all/CDNS/CDNS_pre2019_summary.csv,processed_data,0.002,PASS,5,4,
data/processed/legacy_xbrl/regex_all/CDW/CDW_pre2019_regex.csv,processed_data,0.012,PASS,5,28,
data/processed/legacy_xbrl/regex_all/CDW/CDW_pre2019_summary.csv,processed_data,0.002,PASS,5,4,
data/processed/legacy_xbrl/regex_all/CEG/CEG_pre2019_regex.csv,processed_data,0.003,PASS,5,24,
data/processed/legacy_xbrl/regex_all/CEG/CEG_pre2019_summary.csv,processed_data,0.0,PASS,5,4,
data/processed/legacy_xbrl/regex_all/CHTR/CHTR_pre2019_regex.csv,processed_data,0.011,PASS,5,23,
data/processed/legacy_xbrl/regex_all/CHTR/CHTR_pre2019_summary.csv,processed_data,0.002,PASS,5,4,
data/processed/legacy_xbrl/regex_all/CI/CI_pre2019_regex.csv,processed_data,0.005,PASS,5,22,
data/processed/legacy_xbrl/regex_all/CI/CI_pre2019_summary.csv,processed_data,0.001,PASS,5,4,
data/processed/legacy_xbrl/regex_all/CL/CL_pre2019_regex.csv,processed_data,0.015,PASS,5,27,
data/processed/legacy_xbrl/regex_all/CL/CL_pre2019_summary.csv,processed_data,0.002,PASS,5,4,
data/processed/legacy_xbrl/regex_all/CMCSA/CMCSA_pre2019_regex.csv,processed_data,0.014,PASS,5,25,
data/processed/legacy_xbrl/regex_all/CMCSA/CMCSA_pre2019_summary.csv,processed_data,0.002,PASS,5,4,
data/processed/legacy_xbrl/regex_all/CME/CME_pre2019_regex.csv,processed_data,0.013,PASS,5,24,
data/processed/legacy_xbrl/regex_all/CME/CME_pre2019_summary.csv,processed_data,0.002,PASS,5,4,
data/processed/legacy_xbrl/regex_all/CMG/CMG_pre2019_regex.csv,processed_data,0.012,PASS,5,26,
data/processed/legacy_xbrl/regex_all/CMG/CMG_pre2019_summary.csv,processed_data,0.002,PASS,5,4,
data/processed/legacy_xbrl/regex_all/CMI/CMI_pre2019_regex.csv,processed_data,0.014,PASS,5,28,
data/processed/legacy_xbrl/regex_all/CMI/CMI_pre2019_summary.csv,processed_data,0.002,PASS,5,4,
data/processed/legacy_xbrl/regex_all/COF/COF_pre2019_regex.csv,processed_data,0.011,PASS,5,20,
data/processed/legacy_xbrl/regex_all/COF/COF_pre2019_summary.csv,processed_data,0.002,PASS,5,4,
data/processed/legacy_xbrl/regex_all/COP/COP_pre2019_regex.csv,processed_data,0.013,PASS,5,24,
data/processed/legacy_xbrl/regex_all/COP/COP_pre2019_summary.csv,processed_data,0.002,PASS,5,4,
data/processed/legacy_xbrl/regex_all/COR/COR_pre2019_regex.csv,processed_data,0.014,PASS,5,26,
data/processed/legacy_xbrl/regex_all/COR/COR_pre2019_summary.csv,processed_data,0.002,PASS,5,4,
data/processed/legacy_xbrl/regex_all/COST/COST_pre2019_regex.csv,processed_data,0.014,PASS,5,27,
data/processed/legacy_xbrl/regex_all/COST/COST_pre2019_summary.csv,processed_data,0.002,PASS,5,4,
data/processed/legacy_xbrl/regex_all/CPRT/CPRT_pre2019_regex.csv,processed_data,0.012,PASS,5,27,
data/processed/legacy_xbrl/regex_all/CPRT/CPRT_pre2019_summary.csv,processed_data,0.002,PASS,5,4,
data/processed/legacy_xbrl/regex_all/CRM/CRM_pre2019_regex.csv,processed_data,0.014,PASS,5,27,
data/processed/legacy_xbrl/regex_all/CRM/CRM_pre2019_summary.csv,processed_data,0.002,PASS,5,4,
data/processed/legacy_xbrl/regex_all/CRWD/CRWD_pre2019_regex.csv,processed_data,0.005,PASS,5,25,
data/processed/legacy_xbrl/regex_all/CRWD/CRWD_pre2019_summary.csv,processed_data,0.001,PASS,5,4,
data/processed/legacy_xbrl/regex_all/CSCO/CSCO_pre2019_regex.csv,processed_data,0.015,PASS,5,29,
data/processed/legacy_xbrl/regex_all/CSCO/CSCO_pre2019_summary.csv,processed_data,0.002,PASS,5,4,
data/processed/legacy_xbrl/regex_all/CSGP/CSGP_pre2019_regex.csv,processed_data,0.011,PASS,5,29,
data/processed/legacy_xbrl/regex_all/CSGP/CSGP_pre2019_summary.csv,processed_data,0.002,PASS,5,4,
data/processed/legacy_xbrl/regex_all/CSX/CSX_pre2019_regex.csv,processed_data,0.013,PASS,5,26,
data/processed/legacy_xbrl/regex_all/CSX/CSX_pre2019_summary.csv,processed_data,0.002,PASS,5,4,
data/processed/legacy_xbrl/regex_all/CTAS/CTAS_pre2019_regex.csv,processed_data,0.012,PASS,5,25,
data/processed/legacy_xbrl/regex_all/CTAS/CTAS_pre2019_summary.csv,processed_data,0.002,PASS,5,4,
data/processed/legacy_xbrl/regex_all/CTSH/CTSH_pre2019_regex.csv,processed_data,0.014,PASS,5,26,
data/processed/legacy_xbrl/regex_all/CTSH/CTSH_pre2019_summary.csv,processed_data,0.002,PASS,5,4,
data/processed/legacy_xbrl/regex_all/CVS/CVS_pre2019_regex.csv,processed_data,0.015,PASS,5,28,
data/processed/legacy_xbrl/regex_all/CVS/CVS_pre2019_summary.csv,processed_data,0.002,PASS,5,4,
data/processed/legacy_xbrl/regex_all/CVX/CVX_pre2019_regex.csv,processed_data,0.014,PASS,5,25,
data/processed/legacy_xbrl/regex_all/CVX/CVX_pre2019_summary.csv,processed_data,0.002,PASS,5,4,
data/processed/legacy_xbrl/regex_all/D/D_pre2019_regex.csv,processed_data,0.015,PASS,5,28,
data/processed/legacy_xbrl/regex_all/D/D_pre2019_summary.csv,processed_data,0.002,PASS,5,4,
data/processed/legacy_xbrl/regex_all/DASH/DASH_pre2019_regex.csv,processed_data,0.004,PASS,5,24,
data/processed/legacy_xbrl/regex_all/DASH/DASH_pre2019_summary.csv,processed_data,0.001,PASS,5,4,
data/processed/legacy_xbrl/regex_all/DDOG/DDOG_pre2019_regex.csv,processed_data,0.005,PASS,5,26,
data/processed/legacy_xbrl/regex_all/DDOG/DDOG_pre2019_summary.csv,processed_data,0.001,PASS,5,4,
data/processed/legacy_xbrl/regex_all/DE/DE_pre2019_regex.csv,processed_data,0.012,PASS,5,25,
data/processed/legacy_xbrl/regex_all/DE/DE_pre2019_summary.csv,processed_data,0.002,PASS,5,4,
data/processed/legacy_xbrl/regex_all/DELL/DELL_pre2019_regex.csv,processed_data,0.01,PASS,5,30,
data/processed/legacy_xbrl/regex_all/DELL/DELL_pre2019_summary.csv,processed_data,0.001,PASS,5,4,
data/processed/legacy_xbrl/regex_all/DFS/DFS_pre2019_regex.csv,processed_data,0.01,PASS,5,19,
data/processed/legacy_xbrl/regex_all/DFS/DFS_pre2019_summary.csv,processed_data,0.002,PASS,5,4,
data/processed/legacy_xbrl/regex_all/DHI/DHI_pre2019_regex.csv,processed_data,0.011,PASS,5,23,
data/processed/legacy_xbrl/regex_all/DHI/DHI_pre2019_summary.csv,processed_data,0.002,PASS,5,4,
data/processed/legacy_xbrl/regex_all/DHR/DHR_pre2019_regex.csv,processed_data,0.014,PASS,5,27,
data/processed/legacy_xbrl/regex_all/DHR/DHR_pre2019_summary.csv,processed_data,0.002,PASS,5,4,
data/processed/legacy_xbrl/regex_all/DIS/DIS_pre2019_regex.csv,processed_data,0.006,PASS,5,25,
data/processed/legacy_xbrl/regex_all/DIS/DIS_pre2019_summary.csv,processed_data,0.001,PASS,5,4,
data/processed/legacy_xbrl/regex_all/DLR/DLR_pre2019_regex.csv,processed_data,0.009,PASS,5,19,
data/processed/legacy_xbrl/regex_all/DLR/DLR_pre2019_summary.csv,processed_data,0.002,PASS,5,4,
data/processed/legacy_xbrl/regex_all/DUK/DUK_pre2019_regex.csv,processed_data,0.013,PASS,5,27,
data/processed/legacy_xbrl/regex_all/DUK/DUK_pre2019_summary.csv,processed_data,0.002,PASS,5,4,
data/processed/legacy_xbrl/regex_all/DXCM/DXCM_pre2019_regex.csv,processed_data,0.012,PASS,5,29,
data/processed/legacy_xbrl/regex_all/DXCM/DXCM_pre2019_summary.csv,processed_data,0.002,PASS,5,4,
data/processed/legacy_xbrl/regex_all/EA/EA_pre2019_regex.csv,processed_data,0.014,PASS,5,30,
data/processed/legacy_xbrl/regex_all/EA/EA_pre2019_summary.csv,processed_data,0.002,PASS,5,4,
data/processed/legacy_xbrl/regex_all/ECL/ECL_pre2019_regex.csv,processed_data,0.013,PASS,5,26,
data/processed/legacy_xbrl/regex_all/ECL/ECL_pre2019_summary.csv,processed_data,0.002,PASS,5,4,
data/processed/legacy_xbrl/regex_all/ELV/ELV_pre2019_regex.csv,processed_data,0.013,PASS,5,24,
data/processed/legacy_xbrl/regex_all/ELV/ELV_pre2019_summary.csv,processed_data,0.002,PASS,5,4,
data/processed/legacy_xbrl/regex_all/EMR/EMR_pre2019_regex.csv,processed_data,0.014,PASS,5,26,
data/processed/legacy_xbrl/regex_all/EMR/EMR_pre2019_summary.csv,processed_data,0.002,PASS,5,4,
data/processed/legacy_xbrl/regex_all/EOG/EOG_pre2019_regex.csv,processed_data,0.012,PASS,5,23,
data/processed/legacy_xbrl/regex_all/EOG/EOG_pre2019_summary.csv,processed_data,0.002,PASS,5,4,
data/processed/legacy_xbrl/regex_all/EQIX/EQIX_pre2019_regex.csv,processed_data,0.013,PASS,5,26,
data/processed/legacy_xbrl/regex_all/EQIX/EQIX_pre2019_summary.csv,processed_data,0.002,PASS,5,4,
data/processed/legacy_xbrl/regex_all/ETN/ETN_pre2019_regex.csv,processed_data,0.011,PASS,5,26,
data/processed/legacy_xbrl/regex_all/ETN/ETN_pre2019_summary.csv,processed_data,0.002,PASS,5,4,
data/processed/legacy_xbrl/regex_all/EW/EW_pre2019_regex.csv,processed_data,0.012,PASS,5,28,
data/processed/legacy_xbrl/regex_all/EW/EW_pre2019_summary.csv,processed_data,0.002,PASS,5,4,
data/processed/legacy_xbrl/regex_all/EXC/EXC_pre2019_regex.csv,processed_data,0.014,PASS,5,26,
data/processed/legacy_xbrl/regex_all/EXC/EXC_pre2019_summary.csv,processed_data,0.002,PASS,5,4,
data/processed/legacy_xbrl/regex_all/FANG/FANG_pre2019_regex.csv,processed_data,0.01,PASS,5,26,
data/processed/legacy_xbrl/regex_all/FANG/FANG_pre2019_summary.csv,processed_data,0.002,PASS,5,4,
data/processed/legacy_xbrl/regex_all/FAST/FAST_pre2019_regex.csv,processed_data,0.013,PASS,5,25,
data/processed/legacy_xbrl/regex_all/FAST/FAST_pre2019_summary.csv,processed_data,0.002,PASS,5,4,
data/processed/legacy_xbrl/regex_all/FCX/FCX_pre2019_regex.csv,processed_data,0.013,PASS,5,27,
data/processed/legacy_xbrl/regex_all/FCX/FCX_pre2019_summary.csv,processed_data,0.002,PASS,5,4,
data/processed/legacy_xbrl/regex_all/FDX/FDX_pre2019_regex.csv,processed_data,0.012,PASS,5,21,
data/processed/legacy_xbrl/regex_all/FDX/FDX_pre2019_summary.csv,processed_data,0.002,PASS,5,4,
data/processed/legacy_xbrl/regex_all/FI/FI_pre2019_regex.csv,processed_data,0.012,PASS,5,25,
data/processed/legacy_xbrl/regex_all/FI/FI_pre2019_summary.csv,processed_data,0.002,PASS,5,4,
data/processed/legacy_xbrl/regex_all/FICO/FICO_pre2019_regex.csv,processed_data,0.012,PASS,5,27,
data/processed/legacy_xbrl/regex_all/FICO/FICO_pre2019_summary.csv,processed_data,0.002,PASS,5,4,
data/processed/legacy_xbrl/regex_all/FIS/FIS_pre2019_regex.csv,processed_data,0.013,PASS,5,26,
data/processed/legacy_xbrl/regex_all/FIS/FIS_pre2019_summary.csv,processed_data,0.002,PASS,5,4,
data/processed/legacy_xbrl/regex_all/FTNT/FTNT_pre2019_regex.csv,processed_data,0.013,PASS,5,28,
data/processed/legacy_xbrl/regex_all/FTNT/FTNT_pre2019_summary.csv,processed_data,0.002,PASS,5,4,
data/processed/legacy_xbrl/regex_all/GD/GD_pre2019_regex.csv,processed_data,0.013,PASS,5,24,
data/processed/legacy_xbrl/regex_all/GD/GD_pre2019_summary.csv,processed_data,0.002,PASS,5,4,
data/processed/legacy_xbrl/regex_all/GE/GE_pre2019_regex.csv,processed_data,0.014,PASS,5,29,
data/processed/legacy_xbrl/regex_all/GE/GE_pre2019_summary.csv,processed_data,0.002,PASS,5,4,
data/processed/legacy_xbrl/regex_all/GEHC/GEHC_pre2019_regex.csv,processed_data,0.002,PASS,5,26,
data/processed/legacy_xbrl/regex_all/GEHC/GEHC_pre2019_summary.csv,processed_data,0.0,PASS,5,4,
data/processed/legacy_xbrl/regex_all/GEV/GEV_pre2019_regex.csv,processed_data,0.001,PASS,4,23,
data/processed/legacy_xbrl/regex_all/GEV/GEV_pre2019_summary.csv,processed_data,0.0,PASS,4,4,
data/processed/legacy_xbrl/regex_all/GILD/GILD_pre2019_regex.csv,processed_data,0.014,PASS,5,26,
data/processed/legacy_xbrl/regex_all/GILD/GILD_pre2019_summary.csv,processed_data,0.002,PASS,5,4,
data/processed/legacy_xbrl/regex_all/GM/GM_pre2019_regex.csv,processed_data,0.013,PASS,5,27,
data/processed/legacy_xbrl/regex_all/GM/GM_pre2019_summary.csv,processed_data,0.002,PASS,5,4,
data/processed/legacy_xbrl/regex_all/GOOG/GOOG_pre2019_regex.csv,processed_data,0.01,PASS,5,27,
data/processed/legacy_xbrl/regex_all/GOOG/GOOG_pre2019_summary.csv,processed_data,0.001,PASS,5,4,
data/processed/legacy_xbrl/regex_all/GOOGL/GOOGL_pre2019_regex.csv,processed_data,0.01,PASS,5,27,
data/processed/legacy_xbrl/regex_all/GOOGL/GOOGL_pre2019_summary.csv,processed_data,0.001,PASS,5,4,
data/processed/legacy_xbrl/regex_all/GS/GS_pre2019_regex.csv,processed_data,0.009,PASS,5,19,
data/processed/legacy_xbrl/regex_all/GS/GS_pre2019_summary.csv,processed_data,0.002,PASS,5,4,
data/processed/legacy_xbrl/regex_all/GWW/GWW_pre2019_regex.csv,processed_data,0.013,PASS,5,26,
data/processed/legacy_xbrl/regex_all/GWW/GWW_pre2019_summary.csv,processed_data,0.002,PASS,5,4,
data/processed/legacy_xbrl/regex_all/HCA/HCA_pre2019_regex.csv,processed_data,0.012,PASS,5,25,
data/processed/legacy_xbrl/regex_all/HCA/HCA_pre2019_summary.csv,processed_data,0.002,PASS,5,4,
data/processed/legacy_xbrl/regex_all/HD/HD_pre2019_regex.csv,processed_data,0.015,PASS,5,28,
data/processed/legacy_xbrl/regex_all/HD/HD_pre2019_summary.csv,processed_data,0.002,PASS,5,4,
data/processed/legacy_xbrl/regex_all/HLT/HLT_pre2019_regex.csv,processed_data,0.01,PASS,5,26,
data/processed/legacy_xbrl/regex_all/HLT/HLT_pre2019_summary.csv,processed_data,0.002,PASS,5,4,
data/processed/legacy_xbrl/regex_all/HON/HON_pre2019_regex.csv,processed_data,0.012,PASS,5,27,
data/processed/legacy_xbrl/regex_all/HON/HON_pre2019_summary.csv,processed_data,0.002,PASS,5,4,
data/processed/legacy_xbrl/regex_all/HWM/HWM_pre2019_regex.csv,processed_data,0.014,PASS,5,27,
data/processed/legacy_xbrl/regex_all/HWM/HWM_pre2019_summary.csv,processed_data,0.002,PASS,5,4,
data/processed/legacy_xbrl/regex_all/IBM/IBM_pre2019_regex.csv,processed_data,0.015,PASS,5,26,
data/processed/legacy_xbrl/regex_all/IBM/IBM_pre2019_summary.csv,processed_data,0.002,PASS,5,4,
data/processed/legacy_xbrl/regex_all/ICE/ICE_pre2019_regex.csv,processed_data,0.01,PASS,5,26,
data/processed/legacy_xbrl/regex_all/ICE/ICE_pre2019_summary.csv,processed_data,0.002,PASS,5,4,
data/processed/legacy_xbrl/regex_all/IDXX/IDXX_pre2019_regex.csv,processed_data,0.014,PASS,5,30,
data/processed/legacy_xbrl/regex_all/IDXX/IDXX_pre2019_summary.csv,processed_data,0.002,PASS,5,4,
data/processed/legacy_xbrl/regex_all/INTC/INTC_pre2019_regex.csv,processed_data,0.014,PASS,5,26,
data/processed/legacy_xbrl/regex_all/INTC/INTC_pre2019_summary.csv,processed_data,0.002,PASS,5,4,
data/processed/legacy_xbrl/regex_all/INTU/INTU_pre2019_regex.csv,processed_data,0.013,PASS,5,26,
data/processed/legacy_xbrl/regex_all/INTU/INTU_pre2019_summary.csv,processed_data,0.002,PASS,5,4,
data/processed/legacy_xbrl/regex_all/ISRG/ISRG_pre2019_regex.csv,processed_data,0.015,PASS,5,29,
data/processed/legacy_xbrl/regex_all/ISRG/ISRG_pre2019_summary.csv,processed_data,0.002,PASS,5,4,
data/processed/legacy_xbrl/regex_all/ITW/ITW_pre2019_regex.csv,processed_data,0.012,PASS,5,24,
data/processed/legacy_xbrl/regex_all/ITW/ITW_pre2019_summary.csv,processed_data,0.002,PASS,5,4,
data/processed/legacy_xbrl/regex_all/JCI/JCI_pre2019_regex.csv,processed_data,0.012,PASS,5,27,
data/processed/legacy_xbrl/regex_all/JCI/JCI_pre2019_summary.csv,processed_data,0.002,PASS,5,4,
data/processed/legacy_xbrl/regex_all/JNJ/JNJ_pre2019_regex.csv,processed_data,0.015,PASS,5,28,
data/processed/legacy_xbrl/regex_all/JNJ/JNJ_pre2019_summary.csv,processed_data,0.002,PASS,5,4,
data/processed/legacy_xbrl/regex_all/JPM/JPM_pre2019_regex.csv,processed_data,0.01,PASS,5,18,
data/processed/legacy_xbrl/regex_all/JPM/JPM_pre2019_summary.csv,processed_data,0.002,PASS,5,4,
data/processed/legacy_xbrl/regex_all/KDP/KDP_pre2019_regex.csv,processed_data,0.013,PASS,5,26,
data/processed/legacy_xbrl/regex_all/KDP/KDP_pre2019_summary.csv,processed_data,0.002,PASS,5,4,
data/processed/legacy_xbrl/regex_all/KHC/KHC_pre2019_regex.csv,processed_data,0.009,PASS,5,27,
data/processed/legacy_xbrl/regex_all/KHC/KHC_pre2019_summary.csv,processed_data,0.001,PASS,5,4,
data/processed/legacy_xbrl/regex_all/KKR/KKR_pre2019_regex.csv,processed_data,0.008,PASS,5,21,
data/processed/legacy_xbrl/regex_all/KKR/KKR_pre2019_summary.csv,processed_data,0.002,PASS,5,4,
data/processed/legacy_xbrl/regex_all/KLAC/KLAC_pre2019_regex.csv,processed_data,0.014,PASS,5,30,
data/processed/legacy_xbrl/regex_all/KLAC/KLAC_pre2019_summary.csv,processed_data,0.002,PASS,5,4,
data/processed/legacy_xbrl/regex_all/KMB/KMB_pre2019_regex.csv,processed_data,0.013,PASS,5,26,
data/processed/legacy_xbrl/regex_all/KMB/KMB_pre2019_summary.csv,processed_data,0.002,PASS,5,4,
data/processed/legacy_xbrl/regex_all/KMI/KMI_pre2019_regex.csv,processed_data,0.013,PASS,5,26,
data/processed/legacy_xbrl/regex_all/KMI/KMI_pre2019_summary.csv,processed_data,0.002,PASS,5,4,
data/processed/legacy_xbrl/regex_all/KO/KO_pre2019_regex.csv,processed_data,0.014,PASS,5,26,
data/processed/legacy_xbrl/regex_all/KO/KO_pre2019_summary.csv,processed_data,0.002,PASS,5,4,
data/processed/legacy_xbrl/regex_all/KR/KR_pre2019_regex.csv,processed_data,0.011,PASS,5,24,
data/processed/legacy_xbrl/regex_all/KR/KR_pre2019_summary.csv,processed_data,0.002,PASS,5,4,
data/processed/legacy_xbrl/regex_all/KVUE/KVUE_pre2019_regex.csv,processed_data,0.003,PASS,5,27,
data/processed/legacy_xbrl/regex_all/KVUE/KVUE_pre2019_summary.csv,processed_data,0.0,PASS,5,4,
data/processed/legacy_xbrl/regex_all/LIN/LIN_pre2019_regex.csv,processed_data,0.006,PASS,5,27,
data/processed/legacy_xbrl/regex_all/LIN/LIN_pre2019_summary.csv,processed_data,0.001,PASS,5,4,
data/processed/legacy_xbrl/regex_all/LLY/LLY_pre2019_regex.csv,processed_data,0.013,PASS,5,23,
data/processed/legacy_xbrl/regex_all/LLY/LLY_pre2019_summary.csv,processed_data,0.002,PASS,5,4,
data/processed/legacy_xbrl/regex_all/LMT/LMT_pre2019_regex.csv,processed_data,0.014,PASS,5,27,
data/processed/legacy_xbrl/regex_all/LMT/LMT_pre2019_summary.csv,processed_data,0.002,PASS,5,4,
data/processed/legacy_xbrl/regex_all/LOW/LOW_pre2019_regex.csv,processed_data,0.013,PASS,5,26,
data/processed/legacy_xbrl/regex_all/LOW/LOW_pre2019_summary.csv,processed_data,0.002,PASS,5,4,
data/processed/legacy_xbrl/regex_all/LRCX/LRCX_pre2019_regex.csv,processed_data,0.013,PASS,5,29,
data/processed/legacy_xbrl/regex_all/LRCX/LRCX_pre2019_summary.csv,processed_data,0.002,PASS,5,4,
data/processed/legacy_xbrl/regex_all/LULU/LULU_pre2019_regex.csv,processed_data,0.012,PASS,5,26,
data/processed/legacy_xbrl/regex_all/LULU/LULU_pre2019_summary.csv,processed_data,0.002,PASS,5,4,
data/processed/legacy_xbrl/regex_all/MA/MA_pre2019_regex.csv,processed_data,0.013,PASS,5,25,
data/processed/legacy_xbrl/regex_all/MA/MA_pre2019_summary.csv,processed_data,0.002,PASS,5,4,
data/processed/legacy_xbrl/regex_all/MAR/MAR_pre2019_regex.csv,processed_data,0.013,PASS,5,26,
data/processed/legacy_xbrl/regex_all/MAR/MAR_pre2019_summary.csv,processed_data,0.002,PASS,5,4,
data/processed/legacy_xbrl/regex_all/MCD/MCD_pre2019_regex.csv,processed_data,0.013,PASS,5,23,
data/processed/legacy_xbrl/regex_all/MCD/MCD_pre2019_summary.csv,processed_data,0.002,PASS,5,4,
data/processed/legacy_xbrl/regex_all/MCHP/MCHP_pre2019_regex.csv,processed_data,0.014,PASS,5,29,
data/processed/legacy_xbrl/regex_all/MCHP/MCHP_pre2019_summary.csv,processed_data,0.002,PASS,5,4,
data/processed/legacy_xbrl/regex_all/MCK/MCK_pre2019_regex.csv,processed_data,0.014,PASS,5,27,
data/processed/legacy_xbrl/regex_all/MCK/MCK_pre2019_summary.csv,processed_data,0.002,PASS,5,4,
data/processed/legacy_xbrl/regex_all/MCO/MCO_pre2019_regex.csv,processed_data,0.013,PASS,5,25,
data/processed/legacy_xbrl/regex_all/MCO/MCO_pre2019_summary.csv,processed_data,0.002,PASS,5,4,
data/processed/legacy_xbrl/regex_all/MDB/MDB_pre2019_regex.csv,processed_data,0.006,PASS,5,27,
data/processed/legacy_xbrl/regex_all/MDB/MDB_pre2019_summary.csv,processed_data,0.001,PASS,5,4,
data/processed/legacy_xbrl/regex_all/MDLZ/MDLZ_pre2019_regex.csv,processed_data,0.014,PASS,5,26,
data/processed/legacy_xbrl/regex_all/MDLZ/MDLZ_pre2019_summary.csv,processed_data,0.002,PASS,5,4,
data/processed/legacy_xbrl/regex_all/MDT/MDT_pre2019_regex.csv,processed_data,0.009,PASS,5,26,
data/processed/legacy_xbrl/regex_all/MDT/MDT_pre2019_summary.csv,processed_data,0.001,PASS,5,4,
data/processed/legacy_xbrl/regex_all/MELI/MELI_pre2019_regex.csv,processed_data,0.013,PASS,5,29,
data/processed/legacy_xbrl/regex_all/MELI/MELI_pre2019_summary.csv,processed_data,0.002,PASS,5,4,
data/processed/legacy_xbrl/regex_all/MET/MET_pre2019_regex.csv,processed_data,0.011,PASS,5,19,
data/processed/legacy_xbrl/regex_all/MET/MET_pre2019_summary.csv,processed_data,0.002,PASS,5,4,
data/processed/legacy_xbrl/regex_all/META/META_pre2019_regex.csv,processed_data,0.013,PASS,5,27,
data/processed/legacy_xbrl/regex_all/META/META_pre2019_summary.csv,processed_data,0.002,PASS,5,4,
data/processed/legacy_xbrl/regex_all/MMC/MMC_pre2019_regex.csv,processed_data,0.011,PASS,5,23,
data/processed/legacy_xbrl/regex_all/MMC/MMC_pre2019_summary.csv,processed_data,0.002,PASS,5,4,
data/processed/legacy_xbrl/regex_all/MMM/MMM_pre2019_regex.csv,processed_data,0.014,PASS,5,28,
data/processed/legacy_xbrl/regex_all/MMM/MMM_pre2019_summary.csv,processed_data,0.002,PASS,5,4,
data/processed/legacy_xbrl/regex_all/MNST/MNST_pre2019_regex.csv,processed_data,0.011,PASS,5,24,
data/processed/legacy_xbrl/regex_all/MNST/MNST_pre2019_summary.csv,processed_data,0.002,PASS,5,4,
data/processed/legacy_xbrl/regex_all/MO/MO_pre2019_regex.csv,processed_data,0.013,PASS,5,27,
data/processed/legacy_xbrl/regex_all/MO/MO_pre2019_summary.csv,processed_data,0.002,PASS,5,4,
data/processed/legacy_xbrl/regex_all/MPC/MPC_pre2019_regex.csv,processed_data,0.012,PASS,5,26,
data/processed/legacy_xbrl/regex_all/MPC/MPC_pre2019_summary.csv,processed_data,0.002,PASS,5,4,
data/processed/legacy_xbrl/regex_all/MRK/MRK_pre2019_regex.csv,processed_data,0.013,PASS,5,26,
data/processed/legacy_xbrl/regex_all/MRK/MRK_pre2019_summary.csv,processed_data,0.002,PASS,5,4,
data/processed/legacy_xbrl/regex_all/MRVL/MRVL_pre2019_regex.csv,processed_data,0.004,PASS,5,25,
data/processed/legacy_xbrl/regex_all/MRVL/MRVL_pre2019_summary.csv,processed_data,0.001,PASS,5,4,
data/processed/legacy_xbrl/regex_all/MS/MS_pre2019_regex.csv,processed_data,0.01,PASS,5,19,
data/processed/legacy_xbrl/regex_all/MS/MS_pre2019_summary.csv,processed_data,0.002,PASS,5,4,
data/processed/legacy_xbrl/regex_all/MSCI/MSCI_pre2019_regex.csv,processed_data,0.013,PASS,5,27,
data/processed/legacy_xbrl/regex_all/MSCI/MSCI_pre2019_summary.csv,processed_data,0.002,PASS,5,4,
data/processed/legacy_xbrl/regex_all/MSFT/MSFT_pre2019_regex.csv,processed_data,0.016,PASS,5,29,
data/processed/legacy_xbrl/regex_all/MSFT/MSFT_pre2019_summary.csv,processed_data,0.002,PASS,5,4,
data/processed/legacy_xbrl/regex_all/MSI/MSI_pre2019_regex.csv,processed_data,0.014,PASS,5,27,
data/processed/legacy_xbrl/regex_all/MSI/MSI_pre2019_summary.csv,processed_data,0.002,PASS,5,4,
data/processed/legacy_xbrl/regex_all/MSTR/MSTR_pre2019_regex.csv,processed_data,0.012,PASS,5,28,
data/processed/legacy_xbrl/regex_all/MSTR/MSTR_pre2019_summary.csv,processed_data,0.002,PASS,5,4,
data/processed/legacy_xbrl/regex_all/MU/MU_pre2019_regex.csv,processed_data,0.014,PASS,5,28,
data/processed/legacy_xbrl/regex_all/MU/MU_pre2019_summary.csv,processed_data,0.002,PASS,5,4,
data/processed/legacy_xbrl/regex_all/NDAQ/NDAQ_pre2019_regex.csv,processed_data,0.012,PASS,5,25,
data/processed/legacy_xbrl/regex_all/NDAQ/NDAQ_pre2019_summary.csv,processed_data,0.002,PASS,5,4,
data/processed/legacy_xbrl/regex_all/NEE/NEE_pre2019_regex.csv,processed_data,0.013,PASS,5,24,
data/processed/legacy_xbrl/regex_all/NEE/NEE_pre2019_summary.csv,processed_data,0.002,PASS,5,4,
data/processed/legacy_xbrl/regex_all/NEM/NEM_pre2019_regex.csv,processed_data,0.013,PASS,5,26,
data/processed/legacy_xbrl/regex_all/NEM/NEM_pre2019_summary.csv,processed_data,0.002,PASS,5,4,
data/processed/legacy_xbrl/regex_all/NFLX/NFLX_pre2019_regex.csv,processed_data,0.014,PASS,5,27,
data/processed/legacy_xbrl/regex_all/NFLX/NFLX_pre2019_summary.csv,processed_data,0.002,PASS,5,4,
data/processed/legacy_xbrl/regex_all/NKE/NKE_pre2019_regex.csv,processed_data,0.013,PASS,5,27,
data/processed/legacy_xbrl/regex_all/NKE/NKE_pre2019_summary.csv,processed_data,0.002,PASS,5,4,
data/processed/legacy_xbrl/regex_all/NOC/NOC_pre2019_regex.csv,processed_data,0.014,PASS,5,27,
data/processed/legacy_xbrl/regex_all/NOC/NOC_pre2019_summary.csv,processed_data,0.002,PASS,5,4,
data/processed/legacy_xbrl/regex_all/NOW/NOW_pre2019_regex.csv,processed_data,0.012,PASS,5,29,
data/processed/legacy_xbrl/regex_all/NOW/NOW_pre2019_summary.csv,processed_data,0.002,PASS,5,4,
data/processed/legacy_xbrl/regex_all/NSC/NSC_pre2019_regex.csv,processed_data,0.013,PASS,5,25,
data/processed/legacy_xbrl/regex_all/NSC/NSC_pre2019_summary.csv,processed_data,0.002,PASS,5,4,
data/processed/legacy_xbrl/regex_all/NVDA/NVDA_pre2019_regex.csv,processed_data,0.015,PASS,5,29,
data/processed/legacy_xbrl/regex_all/NVDA/NVDA_pre2019_summary.csv,processed_data,0.002,PASS,5,4,
data/processed/legacy_xbrl/regex_all/NXPI/NXPI_pre2019_regex.csv,processed_data,0.006,PASS,5,28,
data/processed/legacy_xbrl/regex_all/NXPI/NXPI_pre2019_summary.csv,processed_data,0.001,PASS,5,4,
data/processed/legacy_xbrl/regex_all/O/O_pre2019_regex.csv,processed_data,0.008,PASS,5,18,
data/processed/legacy_xbrl/regex_all/O/O_pre2019_summary.csv,processed_data,0.002,PASS,5,4,
data/processed/legacy_xbrl/regex_all/ODFL/ODFL_pre2019_regex.csv,processed_data,0.011,PASS,5,22,
data/processed/legacy_xbrl/regex_all/ODFL/ODFL_pre2019_summary.csv,processed_data,0.002,PASS,5,4,
data/processed/legacy_xbrl/regex_all/OKE/OKE_pre2019_regex.csv,processed_data,0.014,PASS,5,28,
data/processed/legacy_xbrl/regex_all/OKE/OKE_pre2019_summary.csv,processed_data,0.002,PASS,5,4,
data/processed/legacy_xbrl/regex_all/ON/ON_pre2019_regex.csv,processed_data,0.014,PASS,5,27,
data/processed/legacy_xbrl/regex_all/ON/ON_pre2019_summary.csv,processed_data,0.002,PASS,5,4,
data/processed/legacy_xbrl/regex_all/ORCL/ORCL_pre2019_regex.csv,processed_data,0.014,PASS,5,28,
data/processed/legacy_xbrl/regex_all/ORCL/ORCL_pre2019_summary.csv,processed_data,0.002,PASS,5,4,
data/processed/legacy_xbrl/regex_all/ORLY/ORLY_pre2019_regex.csv,processed_data,0.014,PASS,5,26,
data/processed/legacy_xbrl/regex_all/ORLY/ORLY_pre2019_summary.csv,processed_data,0.002,PASS,5,4,
data/processed/legacy_xbrl/regex_all/OXY/OXY_pre2019_regex.csv,processed_data,0.014,PASS,5,26,
data/processed/legacy_xbrl/regex_all/OXY/OXY_pre2019_summary.csv,processed_data,0.002,PASS,5,4,
data/processed/legacy_xbrl/regex_all/PANW/PANW_pre2019_regex.csv,processed_data,0.01,PASS,5,27,
data/processed/legacy_xbrl/regex_all/PANW/PANW_pre2019_summary.csv,processed_data,0.002,PASS,5,4,
data/processed/legacy_xbrl/regex_all/PAYX/PAYX_pre2019_regex.csv,processed_data,0.013,PASS,5,26,
data/processed/legacy_xbrl/regex_all/PAYX/PAYX_pre2019_summary.csv,processed_data,0.002,PASS,5,4,
data/processed/legacy_xbrl/regex_all/PCAR/PCAR_pre2019_regex.csv,processed_data,0.013,PASS,5,25,
data/processed/legacy_xbrl/regex_all/PCAR/PCAR_pre2019_summary.csv,processed_data,0.002,PASS,5,4,
data/processed/legacy_xbrl/regex_all/PCG/PCG_pre2019_regex.csv,processed_data,0.013,PASS,5,24,
data/processed/legacy_xbrl/regex_all/PCG/PCG_pre2019_summary.csv,processed_data,0.002,PASS,5,4,
data/processed/legacy_xbrl/regex_all/PEG/PEG_pre2019_regex.csv,processed_data,0.012,PASS,5,26,
data/processed/legacy_xbrl/regex_all/PEG/PEG_pre2019_summary.csv,processed_data,0.002,PASS,5,4,
data/processed/legacy_xbrl/regex_all/PEP/PEP_pre2019_regex.csv,processed_data,0.013,PASS,5,25,
data/processed/legacy_xbrl/regex_all/PEP/PEP_pre2019_summary.csv,processed_data,0.002,PASS,5,4,
data/processed/legacy_xbrl/regex_all/PFE/PFE_pre2019_regex.csv,processed_data,0.014,PASS,5,27,
data/processed/legacy_xbrl/regex_all/PFE/PFE_pre2019_summary.csv,processed_data,0.002,PASS,5,4,
data/processed/legacy_xbrl/regex_all/PG/PG_pre2019_regex.csv,processed_data,0.014,PASS,5,26,
data/processed/legacy_xbrl/regex_all/PG/PG_pre2019_summary.csv,processed_data,0.002,PASS,5,4,
data/processed/legacy_xbrl/regex_all/PGR/PGR_pre2019_regex.csv,processed_data,0.01,PASS,5,18,
data/processed/legacy_xbrl/regex_all/PGR/PGR_pre2019_summary.csv,processed_data,0.002,PASS,5,4,
data/processed/legacy_xbrl/regex_all/PH/PH_pre2019_regex.csv,processed_data,0.013,PASS,5,25,
data/processed/legacy_xbrl/regex_all/PH/PH_pre2019_summary.csv,processed_data,0.002,PASS,5,4,
data/processed/legacy_xbrl/regex_all/PLD/PLD_pre2019_regex.csv,processed_data,0.009,PASS,5,20,
data/processed/legacy_xbrl/regex_all/PLD/PLD_pre2019_summary.csv,processed_data,0.002,PASS,5,4,
data/processed/legacy_xbrl/regex_all/PLTR/PLTR_pre2019_regex.csv,processed_data,0.005,PASS,5,27,
data/processed/legacy_xbrl/regex_all/PLTR/PLTR_pre2019_summary.csv,processed_data,0.001,PASS,5,4,
data/processed/legacy_xbrl/regex_all/PM/PM_pre2019_regex.csv,processed_data,0.014,PASS,5,26,
data/processed/legacy_xbrl/regex_all/PM/PM_pre2019_summary.csv,processed_data,0.002,PASS,5,4,
data/processed/legacy_xbrl/regex_all/PNC/PNC_pre2019_regex.csv,processed_data,0.009,PASS,5,19,
data/processed/legacy_xbrl/regex_all/PNC/PNC_pre2019_summary.csv,processed_data,0.002,PASS,5,4,
data/processed/legacy_xbrl/regex_all/PRU/PRU_pre2019_regex.csv,processed_data,0.01,PASS,5,21,
data/processed/legacy_xbrl/regex_all/PRU/PRU_pre2019_summary.csv,processed_data,0.002,PASS,5,4,
data/processed/legacy_xbrl/regex_all/PSA/PSA_pre2019_regex.csv,processed_data,0.011,PASS,5,23,
data/processed/legacy_xbrl/regex_all/PSA/PSA_pre2019_summary.csv,processed_data,0.002,PASS,5,4,
data/processed/legacy_xbrl/regex_all/PSX/PSX_pre2019_regex.csv,processed_data,0.01,PASS,5,23,
data/processed/legacy_xbrl/regex_all/PSX/PSX_pre2019_summary.csv,processed_data,0.002,PASS,5,4,
data/processed/legacy_xbrl/regex_all/PWR/PWR_pre2019_regex.csv,processed_data,0.013,PASS,5,26,
data/processed/legacy_xbrl/regex_all/PWR/PWR_pre2019_summary.csv,processed_data,0.002,PASS,5,4,
data/processed/legacy_xbrl/regex_all/PYPL/PYPL_pre2019_regex.csv,processed_data,0.009,PASS,5,27,
data/processed/legacy_xbrl/regex_all/PYPL/PYPL_pre2019_summary.csv,processed_data,0.001,PASS,5,4,
data/processed/legacy_xbrl/regex_all/QCOM/QCOM_pre2019_regex.csv,processed_data,0.015,PASS,5,27,
data/processed/legacy_xbrl/regex_all/QCOM/QCOM_pre2019_summary.csv,processed_data,0.002,PASS,5,4,
data/processed/legacy_xbrl/regex_all/RCL/RCL_pre2019_regex.csv,processed_data,0.012,PASS,5,24,
data/processed/legacy_xbrl/regex_all/RCL/RCL_pre2019_summary.csv,processed_data,0.002,PASS,5,4,
data/processed/legacy_xbrl/regex_all/REGN/REGN_pre2019_regex.csv,processed_data,0.013,PASS,5,26,
data/processed/legacy_xbrl/regex_all/REGN/REGN_pre2019_summary.csv,processed_data,0.002,PASS,5,4,
data/processed/legacy_xbrl/regex_all/ROP/ROP_pre2019_regex.csv,processed_data,0.013,PASS,5,26,
data/processed/legacy_xbrl/regex_all/ROP/ROP_pre2019_summary.csv,processed_data,0.002,PASS,5,4,
data/processed/legacy_xbrl/regex_all/ROST/ROST_pre2019_regex.csv,processed_data,0.012,PASS,5,23,
data/processed/legacy_xbrl/regex_all/ROST/ROST_pre2019_summary.csv,processed_data,0.002,PASS,5,4,
data/processed/legacy_xbrl/regex_all/RSG/RSG_pre2019_regex.csv,processed_data,0.014,PASS,5,26,
data/processed/legacy_xbrl/regex_all/RSG/RSG_pre2019_summary.csv,processed_data,0.002,PASS,5,4,
data/processed/legacy_xbrl/regex_all/RTX/RTX_pre2019_regex.csv,processed_data,0.013,PASS,5,26,
data/processed/legacy_xbrl/regex_all/RTX/RTX_pre2019_summary.csv,processed_data,0.002,PASS,5,4,
data/processed/legacy_xbrl/regex_all/SBUX/SBUX_pre2019_regex.csv,processed_data,0.015,PASS,5,27,
data/processed/legacy_xbrl/regex_all/SBUX/SBUX_pre2019_summary.csv,processed_data,0.002,PASS,5,4,
data/processed/legacy_xbrl/regex_all/SCHW/SCHW_pre2019_regex.csv,processed_data,0.01,PASS,5,20,
data/processed/legacy_xbrl/regex_all/SCHW/SCHW_pre2019_summary.csv,processed_data,0.002,PASS,5,4,
data/processed/legacy_xbrl/regex_all/SHW/SHW_pre2019_regex.csv,processed_data,0.014,PASS,5,28,
data/processed/legacy_xbrl/regex_all/SHW/SHW_pre2019_summary.csv,processed_data,0.002,PASS,5,4,
data/processed/legacy_xbrl/regex_all/SLB/SLB_pre2019_regex.csv,processed_data,0.014,PASS,5,26,
data/processed/legacy_xbrl/regex_all/SLB/SLB_pre2019_summary.csv,processed_data,0.002,PASS,5,4,
data/processed/legacy_xbrl/regex_all/SNPS/SNPS_pre2019_regex.csv,processed_data,0.014,PASS,5,29,
data/processed/legacy_xbrl/regex_all/SNPS/SNPS_pre2019_summary.csv,processed_data,0.002,PASS,5,4,
data/processed/legacy_xbrl/regex_all/SO/SO_pre2019_regex.csv,processed_data,0.012,PASS,5,24,
data/processed/legacy_xbrl/regex_all/SO/SO_pre2019_summary.csv,processed_data,0.002,PASS,5,4,
data/processed/legacy_xbrl/regex_all/SPG/SPG_pre2019_regex.csv,processed_data,0.009,PASS,5,20,
data/processed/legacy_xbrl/regex_all/SPG/SPG_pre2019_summary.csv,processed_data,0.002,PASS,5,4,
data/processed/legacy_xbrl/regex_all/SPGI/SPGI_pre2019_regex.csv,processed_data,0.013,PASS,5,26,
data/processed/legacy_xbrl/regex_all/SPGI/SPGI_pre2019_summary.csv,processed_data,0.002,PASS,5,4,
data/processed/legacy_xbrl/regex_all/SRE/SRE_pre2019_regex.csv,processed_data,0.014,PASS,5,26,
data/processed/legacy_xbrl/regex_all/SRE/SRE_pre2019_summary.csv,processed_data,0.002,PASS,5,4,
data/processed/legacy_xbrl/regex_all/SYK/SYK_pre2019_regex.csv,processed_data,0.015,PASS,5,30,
data/processed/legacy_xbrl/regex_all/SYK/SYK_pre2019_summary.csv,processed_data,0.002,PASS,5,4,
data/processed/legacy_xbrl/regex_all/T/T_pre2019_regex.csv,processed_data,0.013,PASS,5,25,
data/processed/legacy_xbrl/regex_all/T/T_pre2019_summary.csv,processed_data,0.002,PASS,5,4,
data/processed/legacy_xbrl/regex_all/TDG/TDG_pre2019_regex.csv,processed_data,0.012,PASS,5,27,
data/processed/legacy_xbrl/regex_all/TDG/TDG_pre2019_summary.csv,processed_data,0.002,PASS,5,4,
data/processed/legacy_xbrl/regex_all/TEAM/TEAM_pre2019_regex.csv,processed_data,0.003,PASS,5,27,
data/processed/legacy_xbrl/regex_all/TEAM/TEAM_pre2019_summary.csv,processed_data,0.0,PASS,5,4,
data/processed/legacy_xbrl/regex_all/TEL/TEL_pre2019_regex.csv,processed_data,0.014,PASS,5,27,
data/processed/legacy_xbrl/regex_all/TEL/TEL_pre2019_summary.csv,processed_data,0.002,PASS,5,4,
data/processed/legacy_xbrl/regex_all/TFC/TFC_pre2019_regex.csv,processed_data,0.009,PASS,5,18,
data/processed/legacy_xbrl/regex_all/TFC/TFC_pre2019_summary.csv,processed_data,0.002,PASS,5,4,
data/processed/legacy_xbrl/regex_all/TGT/TGT_pre2019_regex.csv,processed_data,0.013,PASS,5,27,
data/processed/legacy_xbrl/regex_all/TGT/TGT_pre2019_summary.csv,processed_data,0.002,PASS,5,4,
data/processed/legacy_xbrl/regex_all/TJX/TJX_pre2019_regex.csv,processed_data,0.013,PASS,5,26,
data/processed/legacy_xbrl/regex_all/TJX/TJX_pre2019_summary.csv,processed_data,0.002,PASS,5,4,
data/processed/legacy_xbrl/regex_all/TMO/TMO_pre2019_regex.csv,processed_data,0.013,PASS,5,27,
data/processed/legacy_xbrl/regex_all/TMO/TMO_pre2019_summary.csv,processed_data,0.002,PASS,5,4,
data/processed/legacy_xbrl/regex_all/TMUS/TMUS_pre2019_regex.csv,processed_data,0.013,PASS,5,27,
data/processed/legacy_xbrl/regex_all/TMUS/TMUS_pre2019_summary.csv,processed_data,0.002,PASS,5,4,
data/processed/legacy_xbrl/regex_all/TRV/TRV_pre2019_regex.csv,processed_data,0.009,PASS,5,19,
data/processed/legacy_xbrl/regex_all/TRV/TRV_pre2019_summary.csv,processed_data,0.002,PASS,5,4,
data/processed/legacy_xbrl/regex_all/TSLA/TSLA_pre2019_regex.csv,processed_data,0.014,PASS,5,29,
data/processed/legacy_xbrl/regex_all/TSLA/TSLA_pre2019_summary.csv,processed_data,0.002,PASS,5,4,
data/processed/legacy_xbrl/regex_all/TT/TT_pre2019_regex.csv,processed_data,0.012,PASS,5,26,
data/processed/legacy_xbrl/regex_all/TT/TT_pre2019_summary.csv,processed_data,0.002,PASS,5,4,
data/processed/legacy_xbrl/regex_all/TTD/TTD_pre2019_regex.csv,processed_data,0.007,PASS,5,25,
data/processed/legacy_xbrl/regex_all/TTD/TTD_pre2019_summary.csv,processed_data,0.001,PASS,5,4,
data/processed/legacy_xbrl/regex_all/TTWO/TTWO_pre2019_regex.csv,processed_data,0.014,PASS,5,30,
data/processed/legacy_xbrl/regex_all/TTWO/TTWO_pre2019_summary.csv,processed_data,0.002,PASS,5,4,
data/processed/legacy_xbrl/regex_all/TXN/TXN_pre2019_regex.csv,processed_data,0.014,PASS,5,27,
data/processed/legacy_xbrl/regex_all/TXN/TXN_pre2019_summary.csv,processed_data,0.002,PASS,5,4,
data/processed/legacy_xbrl/regex_all/UBER/UBER_pre2019_regex.csv,processed_data,0.006,PASS,5,26,
data/processed/legacy_xbrl/regex_all/UBER/UBER_pre2019_summary.csv,processed_data,0.001,PASS,5,4,
data/processed/legacy_xbrl/regex_all/UNH/UNH_pre2019_regex.csv,processed_data,0.014,PASS,5,24,
data/processed/legacy_xbrl/regex_all/UNH/UNH_pre2019_summary.csv,processed_data,0.002,PASS,5,4,
data/processed/legacy_xbrl/regex_all/UNP/UNP_pre2019_regex.csv,processed_data,0.013,PASS,5,24,
data/processed/legacy_xbrl/regex_all/UNP/UNP_pre2019_summary.csv,processed_data,0.002,PASS,5,4,
data/processed/legacy_xbrl/regex_all/UPS/UPS_pre2019_regex.csv,processed_data,0.012,PASS,5,22,
data/processed/legacy_xbrl/regex_all/UPS/UPS_pre2019_summary.csv,processed_data,0.002,PASS,5,4,
data/processed/legacy_xbrl/regex_all/URI/URI_pre2019_regex.csv,processed_data,0.013,PASS,5,29,
data/processed/legacy_xbrl/regex_all/URI/URI_pre2019_summary.csv,processed_data,0.002,PASS,5,4,
data/processed/legacy_xbrl/regex_all/USB/USB_pre2019_regex.csv,processed_data,0.01,PASS,5,19,
data/processed/legacy_xbrl/regex_all/USB/USB_pre2019_summary.csv,processed_data,0.002,PASS,5,4,
data/processed/legacy_xbrl/regex_all/V/V_pre2019_regex.csv,processed_data,0.013,PASS,5,23,
data/processed/legacy_xbrl/regex_all/V/V_pre2019_summary.csv,processed_data,0.002,PASS,5,4,
data/processed/legacy_xbrl/regex_all/VRSK/VRSK_pre2019_regex.csv,processed_data,0.012,PASS,5,26,
data/processed/legacy_xbrl/regex_all/VRSK/VRSK_pre2019_summary.csv,processed_data,0.002,PASS,5,4,
data/processed/legacy_xbrl/regex_all/VRTX/VRTX_pre2019_regex.csv,processed_data,0.014,PASS,5,27,
data/processed/legacy_xbrl/regex_all/VRTX/VRTX_pre2019_summary.csv,processed_data,0.002,PASS,5,4,
data/processed/legacy_xbrl/regex_all/VST/VST_pre2019_regex.csv,processed_data,0.008,PASS,5,26,
data/processed/legacy_xbrl/regex_all/VST/VST_pre2019_summary.csv,processed_data,0.001,PASS,5,4,
data/processed/legacy_xbrl/regex_all/VZ/VZ_pre2019_regex.csv,processed_data,0.013,PASS,5,23,
data/processed/legacy_xbrl/regex_all/VZ/VZ_pre2019_summary.csv,processed_data,0.002,PASS,5,4,
data/processed/legacy_xbrl/regex_all/WBD/WBD_pre2019_regex.csv,processed_data,0.013,PASS,5,27,
data/processed/legacy_xbrl/regex_all/WBD/WBD_pre2019_summary.csv,processed_data,0.002,PASS,5,4,
data/processed/legacy_xbrl/regex_all/WDAY/WDAY_pre2019_regex.csv,processed_data,0.01,PASS,5,27,
data/processed/legacy_xbrl/regex_all/WDAY/WDAY_pre2019_summary.csv,processed_data,0.002,PASS,5,4,
data/processed/legacy_xbrl/regex_all/WELL/WELL_pre2019_regex.csv,processed_data,0.009,PASS,5,19,
data/processed/legacy_xbrl/regex_all/WELL/WELL_pre2019_summary.csv,processed_data,0.002,PASS,5,4,
data/processed/legacy_xbrl/regex_all/WFC/WFC_pre2019_regex.csv,processed_data,0.009,PASS,5,18,
data/processed/legacy_xbrl/regex_all/WFC/WFC_pre2019_summary.csv,processed_data,0.002,PASS,5,4,
data/processed/legacy_xbrl/regex_all/WM/WM_pre2019_regex.csv,processed_data,0.013,PASS,5,24,
data/processed/legacy_xbrl/regex_all/WM/WM_pre2019_summary.csv,processed_data,0.002,PASS,5,4,
data/processed/legacy_xbrl/regex_all/WMB/WMB_pre2019_regex.csv,processed_data,0.013,PASS,5,25,
data/processed/legacy_xbrl/regex_all/WMB/WMB_pre2019_summary.csv,processed_data,0.002,PASS,5,4,
data/processed/legacy_xbrl/regex_all/WMT/WMT_pre2019_regex.csv,processed_data,0.014,PASS,5,26,
data/processed/legacy_xbrl/regex_all/WMT/WMT_pre2019_summary.csv,processed_data,0.002,PASS,5,4,
data/processed/legacy_xbrl/regex_all/XEL/XEL_pre2019_regex.csv,processed_data,0.013,PASS,5,24,
data/processed/legacy_xbrl/regex_all/XEL/XEL_pre2019_summary.csv,processed_data,0.002,PASS,5,4,
data/processed/legacy_xbrl/regex_all/XOM/XOM_pre2019_regex.csv,processed_data,0.013,PASS,5,24,
data/processed/legacy_xbrl/regex_all/XOM/XOM_pre2019_summary.csv,processed_data,0.002,PASS,5,4,
data/processed/legacy_xbrl/regex_all/ZS/ZS_pre2019_regex.csv,processed_data,0.006,PASS,5,28,
data/processed/legacy_xbrl/regex_all/ZS/ZS_pre2019_summary.csv,processed_data,0.001,PASS,5,4,
data/processed/legacy_xbrl/regex_all/ZTS/ZTS_pre2019_regex.csv,processed_data,0.011,PASS,5,27,
data/processed/legacy_xbrl/regex_all/ZTS/ZTS_pre2019_summary.csv,processed_data,0.002,PASS,5,4,
data/processed/panel_v2/firm_panel_v2.csv,processed_data,48.774,PASS,5,190,
data/processed/panel_v2/firm_panel_v2.csv.gz,processed_data,14.611,PASS,5,190,
data/processed/panel_v2_pre_expansion_20260505/firm_panel_v2.csv.gz,processed_data,10.113,PASS,5,180,
data/processed/sp500_legacy/sp500_cleaned.csv,processed_data,22.608,PASS,5,4,
data/raw/fred/BAMLH0A0HYM2.csv,raw_data,0.118,PASS,5,2,
data/raw/fred/BUSLOANS.csv,raw_data,0.018,PASS,5,2,
data/raw/fred/CPIAUCSL.csv,raw_data,0.017,PASS,5,2,
data/raw/fred/DCOILWTICO.csv,raw_data,0.169,PASS,5,2,
data/raw/fred/DRTSCILM.csv,raw_data,0.002,PASS,5,2,
data/raw/fred/DTWEXBGS.csv,raw_data,0.098,PASS,5,2,
data/raw/fred/FEDFUNDS.csv,raw_data,0.013,PASS,5,2,
data/raw/fred/GDPC1.csv,raw_data,0.006,PASS,5,2,
data/raw/fred/GS10.csv,raw_data,0.013,PASS,5,2,
data/raw/fred/HOUST.csv,raw_data,0.012,PASS,5,2,
data/raw/fred/INDPRO.csv,raw_data,0.023,PASS,5,2,
data/raw/fred/M2SL.csv,raw_data,0.014,PASS,5,2,
data/raw/fred/NFCI.csv,raw_data,0.049,PASS,5,2,
data/raw/fred/PAYEMS.csv,raw_data,0.017,PASS,5,2,
data/raw/fred/PPIACO.csv,raw_data,0.024,PASS,5,2,
data/raw/fred/RSAFS.csv,raw_data,0.007,PASS,5,2,
data/raw/fred/T10Y2Y.csv,raw_data,0.199,PASS,5,2,
data/raw/fred/T10Y3M.csv,raw_data,0.176,PASS,5,2,
data/raw/fred/UNRATE.csv,raw_data,0.013,PASS,5,2,
data/raw/fred/USEPUINDXD.csv,raw_data,0.251,PASS,5,2,
data/raw/fred/VIXCLS.csv,raw_data,0.152,PASS,5,2,
data/raw/fred/fred_download_log.csv,raw_data,0.002,PASS,5,4,
data/samples/firm_panel_v2_sample.csv,sample_data,0.655,PASS,5,190,
data/samples/firm_panel_v2_schema.csv,sample_data,0.011,PASS,5,4,
data/samples/legacy_panel_sample.csv,sample_data,0.101,PASS,5,58,
data/samples/legacy_panel_schema.csv,sample_data,0.002,PASS,5,3,
reports/dashboard/dashboard_polish_checklist.csv,report_output,0.001,PASS,5,3,
reports/data_quality/accounting_identity_sanity_summary.csv,report_output,0.002,PASS,5,11,
reports/data_quality/accounting_quality_controls_applied.csv,report_output,0.001,PASS,2,9,
reports/data_quality/accounting_sign_outlier_detail_20260507.csv,report_output,0.003,PASS,5,12,
reports/data_quality/accounting_sign_outlier_detail_20260508.csv,report_output,0.001,PASS,5,12,
reports/data_quality/amendment_duplicate_audit.csv,report_output,0.039,PASS,5,9,
reports/data_quality/amendment_duplicate_summary.csv,report_output,0.0,PASS,4,3,
reports/data_quality/data_integrity_caveat_audit_20260507.csv,report_output,0.003,PASS,5,4,
reports/data_quality/data_integrity_caveat_audit_20260508.csv,report_output,0.003,PASS,5,4,
reports/data_quality/derived_feature_extreme_cleanup_final.csv,report_output,0.002,PASS,5,5,
reports/data_quality/derived_feature_extreme_cleanup_post_ratio_pre_trend.csv,report_output,0.001,PASS,5,5,
reports/data_quality/derived_feature_extreme_cleanup_post_trend_pre_target.csv,report_output,0.002,PASS,5,5,
reports/data_quality/distress_candidate_coverage.csv,report_output,0.014,PASS,5,17,
reports/data_quality/distress_event_date_audit.csv,report_output,0.006,PASS,5,14,
reports/data_quality/distress_event_final_policy.csv,report_output,0.011,PASS,5,13,
reports/data_quality/distress_event_source_type_counts_20260507.csv,report_output,0.0,PASS,5,2,
reports/data_quality/distress_event_source_verification_summary_20260507.csv,report_output,0.0,PASS,4,2,
reports/data_quality/dropped_duplicate_filing_rows.csv,report_output,0.012,PASS,5,66,
reports/data_quality/duplicate_amended_filing_rows_20260507.csv,report_output,0.004,PASS,5,14,
reports/data_quality/duplicate_amended_filing_rows_20260508.csv,report_output,0.0,PASS,0,14,
reports/data_quality/duplicate_amendment_deterministic_policy.csv,report_output,0.089,PASS,5,12,
reports/data_quality/duplicate_cik_alias_resolution.csv,report_output,0.0,PASS,1,7,
reports/data_quality/duplicate_ticker_period_prediction_detail.csv,report_output,0.0,PASS,0,14,
reports/data_quality/event_date_scientific_validity_summary.csv,report_output,0.0,PASS,2,3,
reports/data_quality/event_review_firm_classification_scaffold.csv,report_output,0.029,PASS,5,19,
reports/data_quality/event_review_scaffold_summary.csv,report_output,0.0,PASS,5,3,
reports/data_quality/extreme_accounting_outlier_review.csv,report_output,0.131,PASS,5,10,
reports/data_quality/failure_pressure_missingness_reasons_20260508.csv,report_output,0.0,PASS,3,2,
reports/data_quality/final_distress_event_date_audit.csv,report_output,0.036,PASS,5,23,
reports/data_quality/financial_quality_feature_audit.csv,report_output,0.002,PASS,5,12,
reports/data_quality/financial_quality_feature_extreme_cleanup.csv,report_output,0.0,PASS,5,4,
reports/data_quality/global_event_timing_audit.csv,report_output,0.0,PASS,5,6,
reports/data_quality/invalid_prediction_timestamp_rows.csv,report_output,0.001,PASS,1,64,
reports/data_quality/leakage_audit.csv,report_output,0.095,PASS,5,5,
reports/data_quality/legacy_panel_missingness.csv,report_output,0.002,PASS,5,2,
reports/data_quality/legacy_panel_numeric_quality.csv,report_output,0.005,PASS,5,10,
reports/data_quality/legacy_panel_summary.csv,report_output,0.0,PASS,1,6,
reports/data_quality/legacy_panel_ticker_counts.csv,report_output,0.002,PASS,5,2,
reports/data_quality/macro_lag_audit.csv,report_output,0.001,PASS,5,7,
reports/data_quality/market_health_index_audit.csv,report_output,0.005,PASS,5,14,
reports/data_quality/market_health_v2_component_coverage.csv,report_output,0.001,PASS,5,6,
reports/data_quality/market_health_v2_timing_audit.csv,report_output,0.001,PASS,5,6,
reports/data_quality/model_feature_lists/distress_next_4q_ablation_features.csv,report_output,0.033,PASS,5,5,
reports/data_quality/model_feature_lists/distress_next_4q_features.csv,report_output,0.01,PASS,5,4,
reports/data_quality/model_feature_lists/failure_pressure_conservative_v2_next_4obs_features.csv,report_output,0.013,PASS,5,4,
reports/data_quality/model_feature_lists/industry_relative_resilience_next_4obs_features.csv,report_output,0.012,PASS,5,4,
reports/data_quality/model_feature_lists/quality_success_cashflow_next_4obs_features.csv,report_output,0.012,PASS,5,4,
reports/data_quality/model_feature_lists/recovery_next_4obs_features.csv,report_output,0.01,PASS,5,4,
reports/data_quality/model_feature_lists/stress_resilience_next_4obs_features.csv,report_output,0.011,PASS,5,4,
reports/data_quality/model_feature_lists/success_resilience_next_4q_features.csv,report_output,0.011,PASS,5,4,
reports/data_quality/p0_audit_status.csv,report_output,0.0,PASS,5,3,
reports/data_quality/panel_v2_firm_coverage.csv,report_output,0.037,PASS,5,7,
reports/data_quality/panel_v2_key_missingness_by_form_fp.csv,report_output,0.008,PASS,5,6,
reports/data_quality/panel_v2_longitudinal_missingness_by_firm.csv,report_output,0.49,PASS,5,13,
reports/data_quality/panel_v2_longitudinal_missingness_summary.csv,report_output,0.002,PASS,5,15,
reports/data_quality/panel_v2_missingness.csv,report_output,0.005,PASS,5,2,
reports/data_quality/panel_v2_missingness_by_feature_family.csv,report_output,0.001,PASS,5,5,
reports/data_quality/panel_v2_null_treatment_audit.csv,report_output,0.0,PASS,4,3,
reports/data_quality/panel_v2_summary.csv,report_output,0.0,PASS,1,18,
reports/data_quality/post_event_row_audit.csv,report_output,0.0,PASS,5,2,
reports/data_quality/prediction_timestamp_audit.csv,report_output,0.0,PASS,5,2,
reports/data_quality/readiness_table_20260505.csv,report_output,0.004,PASS,5,4,
reports/data_quality/rebuilt_panel_quick_integrity_20260508.csv,report_output,0.0,PASS,5,2,
reports/data_quality/same_information_date_duplicate_resolution.csv,report_output,0.021,PASS,5,65,
reports/data_quality/sec_concept_coverage_by_year_form_sector.csv,report_output,0.793,PASS,5,8,
reports/data_quality/sec_concept_mapping_summary.csv,report_output,0.008,PASS,5,21,
reports/data_quality/sec_fsd_variable_source_audit.csv,report_output,0.005,PASS,5,15,
reports/data_quality/sec_fsd_zip_inventory.csv,report_output,0.004,PASS,5,11,
reports/data_quality/sec_harmonization_candidate_summary.csv,report_output,0.001,PASS,5,5,
reports/data_quality/sec_harmonization_candidate_tag_audit.csv,report_output,2.306,PASS,5,18,
reports/data_quality/sec_selected_fact_method_summary.csv,report_output,0.009,PASS,5,4,
reports/data_quality/sec_selected_fact_panel_validation.csv,report_output,0.0,PASS,4,3,
reports/data_quality/sec_selected_fact_panel_validation_review_rows.csv,report_output,0.087,PASS,5,13,
reports/data_quality/sec_selected_fact_provenance.csv.gz,report_output,9.758,PASS,5,35,
reports/data_quality/sec_selected_fact_provenance_summary.csv,report_output,0.005,PASS,5,9,
reports/data_quality/sec_submission_coverage_by_cik.csv,report_output,1.9,PASS,5,10,
reports/data_quality/sec_submission_coverage_by_zip.csv,report_output,0.001,PASS,5,3,
reports/data_quality/success_resilience_missingness_component_detail_20260508.csv,report_output,0.0,PASS,5,2,
reports/data_quality/success_resilience_missingness_reasons_20260508.csv,report_output,0.0,PASS,3,2,
reports/data_quality/success_resilience_target_missingness_audit.csv,report_output,0.001,PASS,5,8,
reports/data_quality/target_missingness_summary_20260508.csv,report_output,0.0,PASS,3,6,
reports/data_quality/total_liabilities_derivation_feasibility.csv,report_output,3.107,PASS,5,12,
reports/data_quality/total_liabilities_missingness_by_firm.csv,report_output,0.027,PASS,5,9,
reports/data_quality/total_liabilities_missingness_diagnostic.csv,report_output,0.009,PASS,5,7,
reports/data_quality/total_liabilities_related_fields_audit.csv,report_output,0.001,PASS,5,9,
reports/data_quality/universe_expansion_150_candidate_parse_results.csv,report_output,0.037,PASS,5,22,
reports/data_quality/universe_expansion_150_cohort_summary.csv,report_output,0.0,PASS,5,9,
reports/data_quality/universe_expansion_150_validation_summary.csv,report_output,0.001,PASS,5,4,
reports/documentation/master_column_dictionary.csv,report_output,0.043,PASS,5,9,
reports/literature/full_text_retrieval_checklist.csv,report_output,0.022,PASS,5,11,
reports/literature/legal_full_text_access_audit.csv,report_output,0.025,PASS,5,21,
reports/literature/literature_matrix.csv,report_output,0.051,PASS,5,17,
reports/literature/reference_critical_evaluation.csv,report_output,0.049,PASS,5,14,
reports/literature/reference_quality_audit.csv,report_output,0.002,PASS,5,5,
reports/literature/research_gap_synthesis.csv,report_output,0.001,PASS,5,4,
reports/literature/source_to_claim_map.csv,report_output,0.003,PASS,5,3,
reports/model_tuning/all_candidate_metrics.csv,report_output,0.095,PASS,5,20,
reports/model_tuning/baseline_vs_tuned_comparison.csv,report_output,0.001,PASS,3,16,
reports/model_tuning/candidate_grid.csv,report_output,0.005,PASS,5,5,
reports/model_tuning/distress_next_4q/best_by_validation_metrics.csv,report_output,0.001,PASS,3,20,
reports/model_tuning/distress_next_4q/candidate_failures.csv,report_output,0.0,PASS,0,7,
reports/model_tuning/distress_next_4q/candidate_metrics.csv,report_output,0.03,PASS,5,20,
reports/model_tuning/distress_next_4q/test_leaderboard_observed_not_selected_on.csv,report_output,0.01,PASS,5,20,
reports/model_tuning/distress_next_4q/validation_leaderboard.csv,report_output,0.01,PASS,5,20,
reports/model_tuning/failure_pressure_conservative_v2_next_4obs/best_by_validation_metrics.csv,report_output,0.001,PASS,3,20,
reports/model_tuning/failure_pressure_conservative_v2_next_4obs/candidate_failures.csv,report_output,0.0,PASS,0,7,
reports/model_tuning/failure_pressure_conservative_v2_next_4obs/candidate_metrics.csv,report_output,0.033,PASS,5,20,
reports/model_tuning/failure_pressure_conservative_v2_next_4obs/test_leaderboard_observed_not_selected_on.csv,report_output,0.011,PASS,5,20,
reports/model_tuning/failure_pressure_conservative_v2_next_4obs/validation_leaderboard.csv,report_output,0.011,PASS,5,20,
reports/model_tuning/model_tuning_summary.csv,report_output,0.001,PASS,3,11,
reports/model_tuning/success_resilience_next_4q/best_by_validation_metrics.csv,report_output,0.001,PASS,3,20,
reports/model_tuning/success_resilience_next_4q/candidate_failures.csv,report_output,0.0,PASS,0,7,
reports/model_tuning/success_resilience_next_4q/candidate_metrics.csv,report_output,0.032,PASS,5,20,
reports/model_tuning/success_resilience_next_4q/test_leaderboard_observed_not_selected_on.csv,report_output,0.011,PASS,5,20,
reports/model_tuning/success_resilience_next_4q/validation_leaderboard.csv,report_output,0.011,PASS,5,20,
reports/model_tuning_advanced/advanced_boosting_summary.csv,report_output,0.001,PASS,3,11,
reports/model_tuning_advanced/advanced_vs_existing_comparison.csv,report_output,0.001,PASS,3,15,
reports/model_tuning_advanced/all_candidate_metrics.csv,report_output,0.086,PASS,5,20,
reports/model_tuning_advanced/candidate_grid.csv,report_output,0.005,PASS,5,4,
reports/model_tuning_advanced/distress_next_4q/best_by_validation_metrics.csv,report_output,0.001,PASS,3,20,
reports/model_tuning_advanced/distress_next_4q/candidate_failures.csv,report_output,0.0,PASS,0,7,
reports/model_tuning_advanced/distress_next_4q/candidate_metrics.csv,report_output,0.027,PASS,5,20,
reports/model_tuning_advanced/distress_next_4q/test_leaderboard_observed_not_selected_on.csv,report_output,0.009,PASS,5,20,
reports/model_tuning_advanced/distress_next_4q/validation_leaderboard.csv,report_output,0.01,PASS,5,20,
reports/model_tuning_advanced/failure_pressure_conservative_v2_next_4obs/best_by_validation_metrics.csv,report_output,0.001,PASS,3,20,
reports/model_tuning_advanced/failure_pressure_conservative_v2_next_4obs/candidate_failures.csv,report_output,0.0,PASS,0,7,
reports/model_tuning_advanced/failure_pressure_conservative_v2_next_4obs/candidate_metrics.csv,report_output,0.03,PASS,5,20,
reports/model_tuning_advanced/failure_pressure_conservative_v2_next_4obs/test_leaderboard_observed_not_selected_on.csv,report_output,0.01,PASS,5,20,
reports/model_tuning_advanced/failure_pressure_conservative_v2_next_4obs/validation_leaderboard.csv,report_output,0.01,PASS,5,20,
reports/model_tuning_advanced/success_resilience_next_4q/best_by_validation_metrics.csv,report_output,0.001,PASS,3,20,
reports/model_tuning_advanced/success_resilience_next_4q/candidate_failures.csv,report_output,0.0,PASS,0,7,
reports/model_tuning_advanced/success_resilience_next_4q/candidate_metrics.csv,report_output,0.029,PASS,5,20,
reports/model_tuning_advanced/success_resilience_next_4q/test_leaderboard_observed_not_selected_on.csv,report_output,0.01,PASS,5,20,
reports/model_tuning_advanced/success_resilience_next_4q/validation_leaderboard.csv,report_output,0.01,PASS,5,20,
reports/modeling/calibration_metrics.csv,report_output,0.018,PASS,5,18,
reports/modeling/calibration_model_selection.csv,report_output,0.012,PASS,5,10,
reports/modeling/distress_missing_indicator_ablation.csv,report_output,0.003,PASS,5,13,
reports/modeling/final_feature_group_contribution_table.csv,report_output,0.004,PASS,5,4,
reports/modeling/final_model_feature_interpretation_table.csv,report_output,0.057,PASS,5,8,
reports/modeling/market_health_by_year_regime_sector.csv,report_output,0.047,PASS,5,11,
reports/modeling/market_health_index_by_prediction_date.csv,report_output,0.581,PASS,5,11,
reports/modeling/model_interpretation_stability_summary.csv,report_output,0.003,PASS,5,9,
reports/modeling/model_interpretation_top_groups_by_target_model.csv,report_output,0.004,PASS,5,5,
reports/modeling/panel_v2_ablation_metrics.csv,report_output,0.001,PASS,5,10,
reports/modeling/panel_v2_cohort_summary.csv,report_output,0.0,PASS,5,7,
reports/modeling/panel_v2_distress_next_4q_feature_importance.csv,report_output,0.005,PASS,5,3,
reports/modeling/panel_v2_distress_next_4q_model_metrics.csv,report_output,0.001,PASS,5,14,
reports/modeling/panel_v2_distress_next_4q_temporal_split_summary.csv,report_output,0.0,PASS,3,3,
reports/modeling/panel_v2_failure_pressure_conservative_v2_next_4obs_feature_importance.csv,report_output,0.005,PASS,5,3,
reports/modeling/panel_v2_failure_pressure_conservative_v2_next_4obs_model_metrics.csv,report_output,0.001,PASS,5,14,
reports/modeling/panel_v2_failure_pressure_conservative_v2_next_4obs_temporal_split_summary.csv,report_output,0.0,PASS,3,3,
reports/modeling/panel_v2_feature_contribution_economic_groups.csv,report_output,0.004,PASS,5,5,
reports/modeling/panel_v2_feature_contribution_groups.csv,report_output,0.004,PASS,5,4,
reports/modeling/panel_v2_feature_contribution_long.csv,report_output,0.057,PASS,5,8,
reports/modeling/panel_v2_feature_importance.csv,report_output,0.005,PASS,5,3,
reports/modeling/panel_v2_global_event_sector_summary.csv,report_output,0.019,PASS,5,10,
reports/modeling/panel_v2_industry_relative_resilience_next_4obs_feature_importance.csv,report_output,0.005,PASS,5,3,
reports/modeling/panel_v2_industry_relative_resilience_next_4obs_model_metrics.csv,report_output,0.001,PASS,5,14,
reports/modeling/panel_v2_industry_relative_resilience_next_4obs_temporal_split_summary.csv,report_output,0.0,PASS,3,3,
reports/modeling/panel_v2_industry_summary.csv,report_output,0.001,PASS,5,8,
reports/modeling/panel_v2_model_metrics.csv,report_output,0.001,PASS,5,14,
reports/modeling/panel_v2_quality_success_cashflow_next_4obs_feature_importance.csv,report_output,0.005,PASS,5,3,
reports/modeling/panel_v2_quality_success_cashflow_next_4obs_model_metrics.csv,report_output,0.001,PASS,5,14,
reports/modeling/panel_v2_quality_success_cashflow_next_4obs_temporal_split_summary.csv,report_output,0.0,PASS,3,3,
reports/modeling/panel_v2_recovery_next_4obs_feature_importance.csv,report_output,0.005,PASS,5,3,
reports/modeling/panel_v2_recovery_next_4obs_model_metrics.csv,report_output,0.001,PASS,5,14,
reports/modeling/panel_v2_recovery_next_4obs_temporal_split_summary.csv,report_output,0.0,PASS,3,3,
reports/modeling/panel_v2_regime_summary.csv,report_output,0.001,PASS,5,11,
reports/modeling/panel_v2_stress_resilience_next_4obs_feature_importance.csv,report_output,0.005,PASS,5,3,
reports/modeling/panel_v2_stress_resilience_next_4obs_model_metrics.csv,report_output,0.001,PASS,5,14,
reports/modeling/panel_v2_stress_resilience_next_4obs_temporal_split_summary.csv,report_output,0.0,PASS,3,3,
reports/modeling/panel_v2_success_resilience_next_4q_feature_importance.csv,report_output,0.005,PASS,5,3,
reports/modeling/panel_v2_success_resilience_next_4q_model_metrics.csv,report_output,0.001,PASS,5,14,
reports/modeling/panel_v2_success_resilience_next_4q_temporal_split_summary.csv,report_output,0.0,PASS,3,3,
reports/modeling/panel_v2_target_by_cohort.csv,report_output,0.006,PASS,5,9,
reports/modeling/panel_v2_target_by_sector.csv,report_output,0.015,PASS,5,9,
reports/modeling/panel_v2_target_by_split.csv,report_output,0.004,PASS,5,9,
reports/modeling/panel_v2_target_overall.csv,report_output,0.001,PASS,5,8,
reports/modeling/panel_v2_temporal_split_summary.csv,report_output,0.0,PASS,3,3,
reports/modeling/panel_v2_yearly_summary.csv,report_output,0.001,PASS,5,8,
reports/modeling/post_rebuild_best_model_by_metric_20260508.csv,report_output,0.002,PASS,5,14,
reports/modeling/post_rebuild_model_summary_20260508.csv,report_output,0.004,PASS,5,13,
reports/modeling/success_missing_indicator_ablation.csv,report_output,0.004,PASS,5,13,
reports/modeling/success_permutation_importance.csv,report_output,0.009,PASS,5,3,
reports/modeling/threshold_ranking_metrics.csv,report_output,0.04,PASS,5,17,
reports/pre_expansion_20260505/universe_v2_pre_expansion_20260505.csv,report_output,0.08,PASS,5,14,
reports/project_audit/audit_summary_metrics.csv,report_output,0.001,PASS,5,2,
reports/project_audit/clean_venv_smoke_test_results.csv,report_output,0.0,PASS,5,3,
reports/project_audit/core_panel_audit.csv,report_output,0.001,PASS,1,34,
reports/project_audit/core_vs_github_panel_final_equality.csv,report_output,0.0,PASS,5,2,
reports/project_audit/csv_quick_audit.csv,report_output,0.12,PASS,5,7,
reports/project_audit/dashboard_screenshot_capture.csv,report_output,0.001,PASS,5,3,
reports/project_audit/dependency_import_audit.csv,report_output,0.0,PASS,5,3,
reports/project_audit/doc_reference_audit.csv,report_output,0.0,PASS,0,3,
reports/project_audit/doc_reference_audit_clean.csv,report_output,0.0,PASS,0,3,
reports/project_audit/feature_blacklist_audit.csv,report_output,0.001,PASS,5,5,
reports/project_audit/file_inventory.csv,report_output,0.298,PASS,5,6,
reports/project_audit/final_package_manifest.csv,report_output,0.402,PASS,5,4,
reports/project_audit/final_polish_caveat_package_summary.csv,report_output,0.0,PASS,5,3,
reports/project_audit/json_notebook_audit.csv,report_output,0.003,PASS,5,4,
reports/project_audit/manual_dashboard_rendered_audit_20260508.csv,report_output,0.002,PASS,5,3,
reports/project_audit/manual_dashboard_static_audit_20260508.csv,report_output,0.001,PASS,5,3,
reports/project_audit/manual_formula_ratio_mismatch_detail_20260508.csv,report_output,0.014,PASS,5,20,
reports/project_audit/manual_formula_recompute_audit_20260508.csv,report_output,0.002,PASS,5,5,
reports/project_audit/manual_model_logic_audit_20260508.csv,report_output,0.002,PASS,5,3,
reports/project_audit/manual_panel_row_audit_sample_20260508.csv,report_output,0.177,PASS,5,48,
reports/project_audit/manual_panel_row_audit_sample_summary_20260508.csv,report_output,0.001,PASS,5,5,
reports/project_audit/manual_target_mismatch_detail_20260508.csv,report_output,0.0,PASS,1,18,
reports/project_audit/manual_target_recompute_audit_20260508.csv,report_output,0.0,PASS,3,5,
reports/project_audit/model_output_consistency_audit.csv,report_output,0.001,PASS,5,6,
reports/project_audit/package_smoke_test_results.csv,report_output,0.001,PASS,5,3,
reports/project_audit/parquet_audit.csv,report_output,0.094,PASS,5,7,
reports/project_audit/pre_qa_model_snapshot.csv,report_output,0.001,PASS,5,7,
reports/project_audit/pre_qa_snapshot_manifest.csv,report_output,0.002,PASS,5,2,
reports/project_audit/python_compile_audit.csv,report_output,0.003,PASS,5,4,
reports/project_audit/required_config_audit.csv,report_output,0.0,PASS,5,3,
reports/project_audit/scientific_validity_summary.csv,report_output,0.001,PASS,5,3,
reports/project_audit/zip_quick_audit.csv,report_output,0.004,PASS,5,6,
reports/reproducibility/freeze_manifest_20260507.csv,report_output,0.008,PASS,5,5,
reports/reproducibility/github_release_file_list_20260507.csv,report_output,0.008,PASS,5,4,
reports/target_experiments/all_broader_target_model_metrics.csv,report_output,0.04,PASS,5,18,
reports/target_experiments/experiment_comparison.csv,report_output,0.005,PASS,5,13,
reports/target_experiments/experiment_feature_list.csv,report_output,0.003,PASS,5,2,
reports/target_experiments/test_broader_targets1/failure_pressure_loose_next_4obs_best_test_predictions.csv,report_output,0.245,PASS,5,6,
reports/target_experiments/test_broader_targets1/feature_importance.csv,report_output,0.048,PASS,5,6,
reports/target_experiments/test_broader_targets1/inconsistency_audit.csv,report_output,0.001,PASS,5,3,
reports/target_experiments/test_broader_targets1/model_metrics.csv,report_output,0.01,PASS,5,18,
reports/target_experiments/test_broader_targets1/success_composite_loose_next_4obs_best_test_predictions.csv,report_output,0.242,PASS,5,6,
reports/target_experiments/test_broader_targets1/target_overlap.csv,report_output,0.0,PASS,5,2,
reports/target_experiments/test_broader_targets1/target_profile.csv,report_output,0.001,PASS,5,8,
reports/target_experiments/test_broader_targets1/test_metric_summary.csv,report_output,0.001,PASS,5,8,
reports/target_experiments/test_broader_targets2/failure_pressure_balanced_next_4obs_best_test_predictions.csv,report_output,0.245,PASS,5,6,
reports/target_experiments/test_broader_targets2/feature_importance.csv,report_output,0.049,PASS,5,6,
reports/target_experiments/test_broader_targets2/inconsistency_audit.csv,report_output,0.001,PASS,5,3,
reports/target_experiments/test_broader_targets2/model_metrics.csv,report_output,0.01,PASS,5,18,
reports/target_experiments/test_broader_targets2/success_composite_balanced_next_4obs_best_test_predictions.csv,report_output,0.242,PASS,5,6,
reports/target_experiments/test_broader_targets2/target_overlap.csv,report_output,0.0,PASS,5,2,
reports/target_experiments/test_broader_targets2/target_profile.csv,report_output,0.001,PASS,5,8,
reports/target_experiments/test_broader_targets2/test_metric_summary.csv,report_output,0.001,PASS,5,8,
reports/target_experiments/test_broader_targets3/failure_pressure_sector_relative_next_4obs_best_test_predictions.csv,report_output,0.245,PASS,5,6,
reports/target_experiments/test_broader_targets3/feature_importance.csv,report_output,0.052,PASS,5,6,
reports/target_experiments/test_broader_targets3/inconsistency_audit.csv,report_output,0.001,PASS,5,3,
reports/target_experiments/test_broader_targets3/model_metrics.csv,report_output,0.01,PASS,5,18,
reports/target_experiments/test_broader_targets3/success_composite_sector_relative_next_4obs_best_test_predictions.csv,report_output,0.243,PASS,5,6,
reports/target_experiments/test_broader_targets3/target_overlap.csv,report_output,0.0,PASS,5,2,
reports/target_experiments/test_broader_targets3/target_profile.csv,report_output,0.001,PASS,5,8,
reports/target_experiments/test_broader_targets3/test_metric_summary.csv,report_output,0.001,PASS,5,8,
reports/target_experiments/test_broader_targets4/failure_pressure_conservative_next_4obs_best_test_predictions.csv,report_output,0.247,PASS,5,6,
reports/target_experiments/test_broader_targets4/feature_importance.csv,report_output,0.05,PASS,5,6,
reports/target_experiments/test_broader_targets4/inconsistency_audit.csv,report_output,0.001,PASS,5,3,
reports/target_experiments/test_broader_targets4/model_metrics.csv,report_output,0.01,PASS,5,18,
reports/target_experiments/test_broader_targets4/success_composite_strict_next_4obs_best_test_predictions.csv,report_output,0.243,PASS,5,6,
reports/target_experiments/test_broader_targets4/target_overlap.csv,report_output,0.0,PASS,5,2,
reports/target_experiments/test_broader_targets4/target_profile.csv,report_output,0.001,PASS,5,8,
reports/target_experiments/test_broader_targets4/test_metric_summary.csv,report_output,0.001,PASS,5,8,
reports/target_lab/exploratory_feature_direction_effects.csv,report_output,0.161,PASS,5,18,
reports/target_lab/exploratory_feature_group_importance.csv,report_output,0.019,PASS,5,5,
reports/target_lab/exploratory_feature_level_importance.csv,report_output,0.289,PASS,5,12,
reports/target_lab/exploratory_model_metrics.csv,report_output,0.013,PASS,5,17,
reports/target_lab/exploratory_permutation_importance.csv,report_output,0.248,PASS,5,14,
reports/target_lab/exploratory_reason_code_summary.csv,report_output,0.027,PASS,5,10,
reports/target_lab/exploratory_target_by_year_sector.csv,report_output,0.102,PASS,5,7,
reports/target_lab/exploratory_target_profiles.csv,report_output,0.002,PASS,5,8,
reports/target_lab/proposed_fred_extension_inventory.csv,report_output,0.0,PASS,5,4,
reports/target_lab/robustness_extension_target_audit.csv,report_output,0.004,PASS,5,7,
reports/target_lab/validated_secondary_target_profiles.csv,report_output,0.002,PASS,5,9,
reports/target_lab/validated_secondary_target_promotion_audit.csv,report_output,0.001,PASS,5,3,
reports/target_tweak_experiments/all_target_tweak_feature_importance.csv,report_output,0.356,PASS,5,10,
reports/target_tweak_experiments/all_target_tweak_metrics.csv,report_output,0.037,PASS,5,19,
reports/target_tweak_experiments/dashboard_best_target_rows.csv,report_output,0.002,PASS,5,11,
reports/target_tweak_experiments/dashboard_factor_group_best_models.csv,report_output,0.016,PASS,5,6,
reports/target_tweak_experiments/dashboard_feature_set_performance.csv,report_output,0.016,PASS,5,11,
reports/target_tweak_experiments/feature_ablation_comparison.csv,report_output,0.016,PASS,5,11,
reports/target_tweak_experiments/feature_ablation_factor_group_summary.csv,report_output,0.034,PASS,5,6,
reports/target_tweak_experiments/feature_set_ablation/feature_set_factor_group_summary.csv,report_output,0.034,PASS,5,6,
reports/target_tweak_experiments/feature_set_ablation/feature_set_feature_importance.csv,report_output,0.57,PASS,5,9,
reports/target_tweak_experiments/feature_set_ablation/feature_set_metric_summary.csv,report_output,0.016,PASS,5,11,
reports/target_tweak_experiments/feature_set_ablation/feature_set_model_metrics.csv,report_output,0.062,PASS,5,18,
reports/target_tweak_experiments/feature_set_inventory.csv,report_output,0.0,PASS,5,2,
reports/target_tweak_experiments/target_tweak_comparison.csv,report_output,0.005,PASS,5,11,
reports/target_tweak_experiments/target_tweak_factor_group_summary.csv,report_output,0.016,PASS,5,6,
reports/target_tweak_experiments/test_target_tweaks1/logic_audit.csv,report_output,0.0,PASS,5,2,
reports/target_tweak_experiments/test_target_tweaks1/target_profile.csv,report_output,0.001,PASS,5,8,
reports/target_tweak_experiments/test_target_tweaks1/target_scan_factor_group_summary.csv,report_output,0.003,PASS,5,6,
reports/target_tweak_experiments/test_target_tweaks1/target_scan_feature_importance.csv,report_output,0.073,PASS,5,10,
reports/target_tweak_experiments/test_target_tweaks1/target_scan_metric_summary.csv,report_output,0.001,PASS,5,11,
reports/target_tweak_experiments/test_target_tweaks1/target_scan_model_metrics.csv,report_output,0.008,PASS,5,19,
reports/target_tweak_experiments/test_target_tweaks2/logic_audit.csv,report_output,0.0,PASS,5,2,
reports/target_tweak_experiments/test_target_tweaks2/target_profile.csv,report_output,0.001,PASS,5,8,
reports/target_tweak_experiments/test_target_tweaks2/target_scan_factor_group_summary.csv,report_output,0.003,PASS,5,6,
reports/target_tweak_experiments/test_target_tweaks2/target_scan_feature_importance.csv,report_output,0.07,PASS,5,10,
reports/target_tweak_experiments/test_target_tweaks2/target_scan_metric_summary.csv,report_output,0.001,PASS,5,11,
reports/target_tweak_experiments/test_target_tweaks2/target_scan_model_metrics.csv,report_output,0.007,PASS,5,19,
reports/target_tweak_experiments/test_target_tweaks3/logic_audit.csv,report_output,0.0,PASS,5,2,
reports/target_tweak_experiments/test_target_tweaks3/target_profile.csv,report_output,0.001,PASS,5,8,
reports/target_tweak_experiments/test_target_tweaks3/target_scan_factor_group_summary.csv,report_output,0.003,PASS,5,6,
reports/target_tweak_experiments/test_target_tweaks3/target_scan_feature_importance.csv,report_output,0.073,PASS,5,10,
reports/target_tweak_experiments/test_target_tweaks3/target_scan_metric_summary.csv,report_output,0.001,PASS,5,11,
reports/target_tweak_experiments/test_target_tweaks3/target_scan_model_metrics.csv,report_output,0.008,PASS,5,19,
reports/target_tweak_experiments/test_target_tweaks4/logic_audit.csv,report_output,0.0,PASS,5,2,
reports/target_tweak_experiments/test_target_tweaks4/target_profile.csv,report_output,0.001,PASS,5,8,
reports/target_tweak_experiments/test_target_tweaks4/target_scan_factor_group_summary.csv,report_output,0.003,PASS,5,6,
reports/target_tweak_experiments/test_target_tweaks4/target_scan_feature_importance.csv,report_output,0.072,PASS,5,10,
reports/target_tweak_experiments/test_target_tweaks4/target_scan_metric_summary.csv,report_output,0.001,PASS,5,11,
reports/target_tweak_experiments/test_target_tweaks4/target_scan_model_metrics.csv,report_output,0.007,PASS,5,19,
reports/target_tweak_experiments/test_target_tweaks5/logic_audit.csv,report_output,0.0,PASS,5,2,
reports/target_tweak_experiments/test_target_tweaks5/target_profile.csv,report_output,0.001,PASS,5,8,
reports/target_tweak_experiments/test_target_tweaks5/target_scan_factor_group_summary.csv,report_output,0.003,PASS,5,6,
reports/target_tweak_experiments/test_target_tweaks5/target_scan_feature_importance.csv,report_output,0.068,PASS,5,10,
reports/target_tweak_experiments/test_target_tweaks5/target_scan_metric_summary.csv,report_output,0.001,PASS,5,11,
reports/target_tweak_experiments/test_target_tweaks5/target_scan_model_metrics.csv,report_output,0.007,PASS,5,19,
