path,top_dir,category,extension,size_bytes,size_mb
.DS_Store,.DS_Store,system_junk,[none],10244,0.01
.gitignore,.gitignore,project_root,[none],817,0.001
.mplconfig/fontlist-v330.json,.mplconfig,project_root,.json,146850,0.14
.vscode/tasks.json,.vscode,project_root,.json,3298,0.003
README.md,README.md,project_root,.md,7124,0.007
_archive/.DS_Store,_archive,system_junk,[none],6148,0.006
_archive/failed_downloads/company_tickers_exchange_rate_limited.html,_archive,archive,.html,1924,0.002
_archive/system_files/.DS_Store,_archive,system_junk,[none],6148,0.006
_archive/system_files/data.DS_Store,_archive,archive,.ds_store,6148,0.006
_archive/system_files/data_processed.DS_Store,_archive,archive,.ds_store,6148,0.006
_archive/system_files/root.DS_Store,_archive,archive,.ds_store,8196,0.008
app/.DS_Store,app,system_junk,[none],6148,0.006
app/README.md,app,dashboard_code,.md,1064,0.001
app/__pycache__/dashboard.cpython-312.pyc,app,system_junk,.pyc,69563,0.066
app/dashboard.py,app,dashboard_code,.py,60589,0.058
config/company_tickers_exchange.json,config,config,.json,518069,0.494
config/distress_candidate_seed.csv,config,config,.csv,2760,0.003
config/distress_event_dates.csv,config,config,.csv,9127,0.009
config/distress_event_source_provenance.csv,config,config,.csv,24502,0.023
config/distressed_candidates_seed.csv,config,config,.csv,3288,0.003
config/fred_series_catalog.csv,config,config,.csv,3417,0.003
config/global_event_calendar_seed.csv,config,config,.csv,4519,0.004
config/master_tickers.csv,config,config,.csv,23152,0.022
config/model_feature_blacklist.csv,config,config,.csv,2089,0.002
config/rebuild_universe_candidates.csv,config,config,.csv,64154,0.061
config/sec_fsd_concept_map.csv,config,config,.csv,3325,0.003
config/tag_map.txt,config,config,.txt,7751,0.007
config/ticker100.txt,config,config,.txt,1093,0.001
config/ticker100more.txt,config,config,.txt,408,0.0
config/ticker_cik_overrides.csv,config,config,.csv,219,0.0
config/universe_expansion_150_candidates.csv,config,config,.csv,30752,0.029
config/universe_v2_draft.csv,config,config,.csv,130518,0.124
config/universe_v2_draft_expanded_150.csv,config,config,.csv,130518,0.124
config/universe_v2_pre_expansion_20260505.csv,config,config,.csv,83366,0.08
data/.DS_Store,data,system_junk,[none],8196,0.008
data/github/README.md,data,github_dataset_package,.md,3497,0.003
data/github/firm_panel_v2.csv.gz,data,github_dataset_package,.gz,15320618,14.611
data/github/firm_panel_v2.parquet,data,github_dataset_package,.parquet,13213499,12.601
data/github/firm_panel_v2_schema.csv,data,github_dataset_package,.csv,11206,0.011
data/interim/.gitkeep,data,data,[none],1,0.0
data/interim/distress_candidate_matches.csv,data,data,.csv,15090,0.014
data/interim/sec_submissions_index.csv,data,data,.csv,42302222,40.343
data/processed/.DS_Store,data,system_junk,[none],8196,0.008
data/processed/.gitkeep,data,processed_data,[none],1,0.0
data/processed/legacy_2025/firm_panel_with_zscore.csv,data,processed_data,.csv,7919048,7.552
data/processed/legacy_2025/firm_panel_with_zscore.parquet,data,processed_data,.parquet,2885119,2.751
data/processed/legacy_xbrl/.DS_Store,data,system_junk,[none],6148,0.006
data/processed/legacy_xbrl/q4quarter_all/AAPL/AAPL_q4quarter.csv,data,processed_data,.csv,5939,0.006
data/processed/legacy_xbrl/q4quarter_all/AAPL/AAPL_q4quarter.parquet,data,processed_data,.parquet,20943,0.02
data/processed/legacy_xbrl/q4quarter_all/AAPL/AAPL_q4quarter_summary.csv,data,processed_data,.csv,810,0.001
data/processed/legacy_xbrl/q4quarter_all/AAPL/AAPL_q4quarter_summary.parquet,data,processed_data,.parquet,2991,0.003
data/processed/legacy_xbrl/q4quarter_all/ABBV/ABBV_q4quarter.csv,data,processed_data,.csv,4213,0.004
data/processed/legacy_xbrl/q4quarter_all/ABBV/ABBV_q4quarter.parquet,data,processed_data,.parquet,20059,0.019
data/processed/legacy_xbrl/q4quarter_all/ABBV/ABBV_q4quarter_summary.csv,data,processed_data,.csv,662,0.001
data/processed/legacy_xbrl/q4quarter_all/ABBV/ABBV_q4quarter_summary.parquet,data,processed_data,.parquet,2947,0.003
data/processed/legacy_xbrl/q4quarter_all/ABNB/ABNB_q4quarter.csv,data,processed_data,.csv,1422,0.001
data/processed/legacy_xbrl/q4quarter_all/ABNB/ABNB_q4quarter.parquet,data,processed_data,.parquet,15109,0.014
data/processed/legacy_xbrl/q4quarter_all/ABNB/ABNB_q4quarter_summary.csv,data,processed_data,.csv,270,0.0
data/processed/legacy_xbrl/q4quarter_all/ABNB/ABNB_q4quarter_summary.parquet,data,processed_data,.parquet,2835,0.003
data/processed/legacy_xbrl/q4quarter_all/ABT/ABT_q4quarter.csv,data,processed_data,.csv,5857,0.006
data/processed/legacy_xbrl/q4quarter_all/ABT/ABT_q4quarter.parquet,data,processed_data,.parquet,21542,0.021
data/processed/legacy_xbrl/q4quarter_all/ABT/ABT_q4quarter_summary.csv,data,processed_data,.csv,794,0.001
data/processed/legacy_xbrl/q4quarter_all/ABT/ABT_q4quarter_summary.parquet,data,processed_data,.parquet,2986,0.003
data/processed/legacy_xbrl/q4quarter_all/ACN/ACN_q4quarter.csv,data,processed_data,.csv,5151,0.005
data/processed/legacy_xbrl/q4quarter_all/ACN/ACN_q4quarter.parquet,data,processed_data,.parquet,19012,0.018
data/processed/legacy_xbrl/q4quarter_all/ACN/ACN_q4quarter_summary.csv,data,processed_data,.csv,793,0.001
data/processed/legacy_xbrl/q4quarter_all/ACN/ACN_q4quarter_summary.parquet,data,processed_data,.parquet,2962,0.003
data/processed/legacy_xbrl/q4quarter_all/ADBE/ADBE_q4quarter.csv,data,processed_data,.csv,6150,0.006
data/processed/legacy_xbrl/q4quarter_all/ADBE/ADBE_q4quarter.parquet,data,processed_data,.parquet,21241,0.02
data/processed/legacy_xbrl/q4quarter_all/ADBE/ADBE_q4quarter_summary.csv,data,processed_data,.csv,810,0.001
data/processed/legacy_xbrl/q4quarter_all/ADBE/ADBE_q4quarter_summary.parquet,data,processed_data,.parquet,2936,0.003
data/processed/legacy_xbrl/q4quarter_all/ADI/ADI_q4quarter.csv,data,processed_data,.csv,5354,0.005
data/processed/legacy_xbrl/q4quarter_all/ADI/ADI_q4quarter.parquet,data,processed_data,.parquet,20185,0.019
data/processed/legacy_xbrl/q4quarter_all/ADI/ADI_q4quarter_summary.csv,data,processed_data,.csv,794,0.001
data/processed/legacy_xbrl/q4quarter_all/ADI/ADI_q4quarter_summary.parquet,data,processed_data,.parquet,2957,0.003
data/processed/legacy_xbrl/q4quarter_all/ADP/ADP_q4quarter.csv,data,processed_data,.csv,5290,0.005
data/processed/legacy_xbrl/q4quarter_all/ADP/ADP_q4quarter.parquet,data,processed_data,.parquet,19481,0.019
data/processed/legacy_xbrl/q4quarter_all/ADP/ADP_q4quarter_summary.csv,data,processed_data,.csv,793,0.001
data/processed/legacy_xbrl/q4quarter_all/ADP/ADP_q4quarter_summary.parquet,data,processed_data,.parquet,2952,0.003
data/processed/legacy_xbrl/q4quarter_all/ADSK/ADSK_q4quarter.csv,data,processed_data,.csv,5285,0.005
data/processed/legacy_xbrl/q4quarter_all/ADSK/ADSK_q4quarter.parquet,data,processed_data,.parquet,20280,0.019
data/processed/legacy_xbrl/q4quarter_all/ADSK/ADSK_q4quarter_summary.csv,data,processed_data,.csv,810,0.001
data/processed/legacy_xbrl/q4quarter_all/ADSK/ADSK_q4quarter_summary.parquet,data,processed_data,.parquet,2948,0.003
data/processed/legacy_xbrl/q4quarter_all/AEP/AEP_q4quarter.csv,data,processed_data,.csv,5158,0.005
data/processed/legacy_xbrl/q4quarter_all/AEP/AEP_q4quarter.parquet,data,processed_data,.parquet,19471,0.019
data/processed/legacy_xbrl/q4quarter_all/AEP/AEP_q4quarter_summary.csv,data,processed_data,.csv,794,0.001
data/processed/legacy_xbrl/q4quarter_all/AEP/AEP_q4quarter_summary.parquet,data,processed_data,.parquet,2940,0.003
data/processed/legacy_xbrl/q4quarter_all/AFL/AFL_q4quarter.csv,data,processed_data,.csv,4267,0.004
data/processed/legacy_xbrl/q4quarter_all/AFL/AFL_q4quarter.parquet,data,processed_data,.parquet,14668,0.014
data/processed/legacy_xbrl/q4quarter_all/AFL/AFL_q4quarter_summary.csv,data,processed_data,.csv,794,0.001
data/processed/legacy_xbrl/q4quarter_all/AFL/AFL_q4quarter_summary.parquet,data,processed_data,.parquet,2948,0.003
data/processed/legacy_xbrl/q4quarter_all/AIG/AIG_q4quarter.csv,data,processed_data,.csv,3956,0.004
data/processed/legacy_xbrl/q4quarter_all/AIG/AIG_q4quarter.parquet,data,processed_data,.parquet,14552,0.014
data/processed/legacy_xbrl/q4quarter_all/AIG/AIG_q4quarter_summary.csv,data,processed_data,.csv,794,0.001
data/processed/legacy_xbrl/q4quarter_all/AIG/AIG_q4quarter_summary.parquet,data,processed_data,.parquet,2974,0.003
data/processed/legacy_xbrl/q4quarter_all/AJG/AJG_q4quarter.csv,data,processed_data,.csv,4360,0.004
data/processed/legacy_xbrl/q4quarter_all/AJG/AJG_q4quarter.parquet,data,processed_data,.parquet,17118,0.016
data/processed/legacy_xbrl/q4quarter_all/AJG/AJG_q4quarter_summary.csv,data,processed_data,.csv,793,0.001
data/processed/legacy_xbrl/q4quarter_all/AJG/AJG_q4quarter_summary.parquet,data,processed_data,.parquet,2999,0.003
data/processed/legacy_xbrl/q4quarter_all/ALL/ALL_q4quarter.csv,data,processed_data,.csv,3984,0.004
data/processed/legacy_xbrl/q4quarter_all/ALL/ALL_q4quarter.parquet,data,processed_data,.parquet,14987,0.014
data/processed/legacy_xbrl/q4quarter_all/ALL/ALL_q4quarter_summary.csv,data,processed_data,.csv,794,0.001
data/processed/legacy_xbrl/q4quarter_all/ALL/ALL_q4quarter_summary.parquet,data,processed_data,.parquet,2951,0.003
data/processed/legacy_xbrl/q4quarter_all/AMAT/AMAT_q4quarter.csv,data,processed_data,.csv,5874,0.006
data/processed/legacy_xbrl/q4quarter_all/AMAT/AMAT_q4quarter.parquet,data,processed_data,.parquet,21630,0.021
data/processed/legacy_xbrl/q4quarter_all/AMAT/AMAT_q4quarter_summary.csv,data,processed_data,.csv,810,0.001
data/processed/legacy_xbrl/q4quarter_all/AMAT/AMAT_q4quarter_summary.parquet,data,processed_data,.parquet,2957,0.003
data/processed/legacy_xbrl/q4quarter_all/AMD/AMD_q4quarter.csv,data,processed_data,.csv,5311,0.005
data/processed/legacy_xbrl/q4quarter_all/AMD/AMD_q4quarter.parquet,data,processed_data,.parquet,20107,0.019
data/processed/legacy_xbrl/q4quarter_all/AMD/AMD_q4quarter_summary.csv,data,processed_data,.csv,793,0.001
data/processed/legacy_xbrl/q4quarter_all/AMD/AMD_q4quarter_summary.parquet,data,processed_data,.parquet,2978,0.003
data/processed/legacy_xbrl/q4quarter_all/AME/AME_q4quarter.csv,data,processed_data,.csv,5225,0.005
data/processed/legacy_xbrl/q4quarter_all/AME/AME_q4quarter.parquet,data,processed_data,.parquet,18859,0.018
data/processed/legacy_xbrl/q4quarter_all/AME/AME_q4quarter_summary.csv,data,processed_data,.csv,794,0.001
data/processed/legacy_xbrl/q4quarter_all/AME/AME_q4quarter_summary.parquet,data,processed_data,.parquet,2973,0.003
data/processed/legacy_xbrl/q4quarter_all/AMGN/AMGN_q4quarter.csv,data,processed_data,.csv,6170,0.006
data/processed/legacy_xbrl/q4quarter_all/AMGN/AMGN_q4quarter.parquet,data,processed_data,.parquet,21759,0.021
data/processed/legacy_xbrl/q4quarter_all/AMGN/AMGN_q4quarter_summary.csv,data,processed_data,.csv,810,0.001
data/processed/legacy_xbrl/q4quarter_all/AMGN/AMGN_q4quarter_summary.parquet,data,processed_data,.parquet,2968,0.003
data/processed/legacy_xbrl/q4quarter_all/AMP/AMP_q4quarter.csv,data,processed_data,.csv,4379,0.004
data/processed/legacy_xbrl/q4quarter_all/AMP/AMP_q4quarter.parquet,data,processed_data,.parquet,16082,0.015
data/processed/legacy_xbrl/q4quarter_all/AMP/AMP_q4quarter_summary.csv,data,processed_data,.csv,794,0.001
data/processed/legacy_xbrl/q4quarter_all/AMP/AMP_q4quarter_summary.parquet,data,processed_data,.parquet,2948,0.003
data/processed/legacy_xbrl/q4quarter_all/AMT/AMT_q4quarter.csv,data,processed_data,.csv,5053,0.005
data/processed/legacy_xbrl/q4quarter_all/AMT/AMT_q4quarter.parquet,data,processed_data,.parquet,19431,0.019
data/processed/legacy_xbrl/q4quarter_all/AMT/AMT_q4quarter_summary.csv,data,processed_data,.csv,794,0.001
data/processed/legacy_xbrl/q4quarter_all/AMT/AMT_q4quarter_summary.parquet,data,processed_data,.parquet,2974,0.003
data/processed/legacy_xbrl/q4quarter_all/AMZN/AMZN_q4quarter.csv,data,processed_data,.csv,5800,0.006
data/processed/legacy_xbrl/q4quarter_all/AMZN/AMZN_q4quarter.parquet,data,processed_data,.parquet,20944,0.02
data/processed/legacy_xbrl/q4quarter_all/AMZN/AMZN_q4quarter_summary.csv,data,processed_data,.csv,810,0.001
data/processed/legacy_xbrl/q4quarter_all/AMZN/AMZN_q4quarter_summary.parquet,data,processed_data,.parquet,2948,0.003
data/processed/legacy_xbrl/q4quarter_all/ANET/ANET_q4quarter.csv,data,processed_data,.csv,4052,0.004
data/processed/legacy_xbrl/q4quarter_all/ANET/ANET_q4quarter.parquet,data,processed_data,.parquet,20237,0.019
data/processed/legacy_xbrl/q4quarter_all/ANET/ANET_q4quarter_summary.csv,data,processed_data,.csv,565,0.001
data/processed/legacy_xbrl/q4quarter_all/ANET/ANET_q4quarter_summary.parquet,data,processed_data,.parquet,2908,0.003
data/processed/legacy_xbrl/q4quarter_all/ANSS/ANSS_q4quarter.csv,data,processed_data,.csv,4638,0.004
data/processed/legacy_xbrl/q4quarter_all/ANSS/ANSS_q4quarter.parquet,data,processed_data,.parquet,18005,0.017
data/processed/legacy_xbrl/q4quarter_all/ANSS/ANSS_q4quarter_summary.csv,data,processed_data,.csv,809,0.001
data/processed/legacy_xbrl/q4quarter_all/ANSS/ANSS_q4quarter_summary.parquet,data,processed_data,.parquet,2947,0.003
data/processed/legacy_xbrl/q4quarter_all/AON/AON_q4quarter.csv,data,processed_data,.csv,5400,0.005
data/processed/legacy_xbrl/q4quarter_all/AON/AON_q4quarter.parquet,data,processed_data,.parquet,18969,0.018
data/processed/legacy_xbrl/q4quarter_all/AON/AON_q4quarter_summary.csv,data,processed_data,.csv,794,0.001
data/processed/legacy_xbrl/q4quarter_all/AON/AON_q4quarter_summary.parquet,data,processed_data,.parquet,2981,0.003
data/processed/legacy_xbrl/q4quarter_all/APD/APD_q4quarter.csv,data,processed_data,.csv,5473,0.005
data/processed/legacy_xbrl/q4quarter_all/APD/APD_q4quarter.parquet,data,processed_data,.parquet,20887,0.02
data/processed/legacy_xbrl/q4quarter_all/APD/APD_q4quarter_summary.csv,data,processed_data,.csv,794,0.001
data/processed/legacy_xbrl/q4quarter_all/APD/APD_q4quarter_summary.parquet,data,processed_data,.parquet,2972,0.003
data/processed/legacy_xbrl/q4quarter_all/APH/APH_q4quarter.csv,data,processed_data,.csv,5735,0.005
data/processed/legacy_xbrl/q4quarter_all/APH/APH_q4quarter.parquet,data,processed_data,.parquet,20989,0.02
data/processed/legacy_xbrl/q4quarter_all/APH/APH_q4quarter_summary.csv,data,processed_data,.csv,794,0.001
data/processed/legacy_xbrl/q4quarter_all/APH/APH_q4quarter_summary.parquet,data,processed_data,.parquet,2988,0.003
data/processed/legacy_xbrl/q4quarter_all/APP/APP_q4quarter.csv,data,processed_data,.csv,1681,0.002
data/processed/legacy_xbrl/q4quarter_all/APP/APP_q4quarter.parquet,data,processed_data,.parquet,17638,0.017
data/processed/legacy_xbrl/q4quarter_all/APP/APP_q4quarter_summary.csv,data,processed_data,.csv,218,0.0
data/processed/legacy_xbrl/q4quarter_all/APP/APP_q4quarter_summary.parquet,data,processed_data,.parquet,2812,0.003
data/processed/legacy_xbrl/q4quarter_all/AVGO/AVGO_q4quarter.csv,data,processed_data,.csv,2872,0.003
data/processed/legacy_xbrl/q4quarter_all/AVGO/AVGO_q4quarter.parquet,data,processed_data,.parquet,18688,0.018
data/processed/legacy_xbrl/q4quarter_all/AVGO/AVGO_q4quarter_summary.csv,data,processed_data,.csv,369,0.0
data/processed/legacy_xbrl/q4quarter_all/AVGO/AVGO_q4quarter_summary.parquet,data,processed_data,.parquet,2868,0.003
data/processed/legacy_xbrl/q4quarter_all/AXON/AXON_q4quarter.csv,data,processed_data,.csv,4554,0.004
data/processed/legacy_xbrl/q4quarter_all/AXON/AXON_q4quarter.parquet,data,processed_data,.parquet,20622,0.02
data/processed/legacy_xbrl/q4quarter_all/AXON/AXON_q4quarter_summary.csv,data,processed_data,.csv,808,0.001
data/processed/legacy_xbrl/q4quarter_all/AXON/AXON_q4quarter_summary.parquet,data,processed_data,.parquet,2995,0.003
data/processed/legacy_xbrl/q4quarter_all/AXP/AXP_q4quarter.csv,data,processed_data,.csv,3853,0.004
data/processed/legacy_xbrl/q4quarter_all/AXP/AXP_q4quarter.parquet,data,processed_data,.parquet,14907,0.014
data/processed/legacy_xbrl/q4quarter_all/AXP/AXP_q4quarter_summary.csv,data,processed_data,.csv,794,0.001
data/processed/legacy_xbrl/q4quarter_all/AXP/AXP_q4quarter_summary.parquet,data,processed_data,.parquet,2973,0.003
data/processed/legacy_xbrl/q4quarter_all/AZO/AZO_q4quarter.csv,data,processed_data,.csv,4854,0.005
data/processed/legacy_xbrl/q4quarter_all/AZO/AZO_q4quarter.parquet,data,processed_data,.parquet,19376,0.018
data/processed/legacy_xbrl/q4quarter_all/AZO/AZO_q4quarter_summary.csv,data,processed_data,.csv,793,0.001
data/processed/legacy_xbrl/q4quarter_all/AZO/AZO_q4quarter_summary.parquet,data,processed_data,.parquet,2999,0.003
data/processed/legacy_xbrl/q4quarter_all/BA/BA_q4quarter.csv,data,processed_data,.csv,6289,0.006
data/processed/legacy_xbrl/q4quarter_all/BA/BA_q4quarter.parquet,data,processed_data,.parquet,21804,0.021
data/processed/legacy_xbrl/q4quarter_all/BA/BA_q4quarter_summary.csv,data,processed_data,.csv,778,0.001
data/processed/legacy_xbrl/q4quarter_all/BA/BA_q4quarter_summary.parquet,data,processed_data,.parquet,2939,0.003
data/processed/legacy_xbrl/q4quarter_all/BAC/BAC_q4quarter.csv,data,processed_data,.csv,4545,0.004
data/processed/legacy_xbrl/q4quarter_all/BAC/BAC_q4quarter.parquet,data,processed_data,.parquet,14776,0.014
data/processed/legacy_xbrl/q4quarter_all/BAC/BAC_q4quarter_summary.csv,data,processed_data,.csv,794,0.001
data/processed/legacy_xbrl/q4quarter_all/BAC/BAC_q4quarter_summary.parquet,data,processed_data,.parquet,2953,0.003
data/processed/legacy_xbrl/q4quarter_all/BDX/BDX_q4quarter.csv,data,processed_data,.csv,5157,0.005
data/processed/legacy_xbrl/q4quarter_all/BDX/BDX_q4quarter.parquet,data,processed_data,.parquet,20039,0.019
data/processed/legacy_xbrl/q4quarter_all/BDX/BDX_q4quarter_summary.csv,data,processed_data,.csv,794,0.001
data/processed/legacy_xbrl/q4quarter_all/BDX/BDX_q4quarter_summary.parquet,data,processed_data,.parquet,3004,0.003
data/processed/legacy_xbrl/q4quarter_all/BIIB/BIIB_q4quarter.csv,data,processed_data,.csv,6062,0.006
data/processed/legacy_xbrl/q4quarter_all/BIIB/BIIB_q4quarter.parquet,data,processed_data,.parquet,21798,0.021
data/processed/legacy_xbrl/q4quarter_all/BIIB/BIIB_q4quarter_summary.csv,data,processed_data,.csv,810,0.001
data/processed/legacy_xbrl/q4quarter_all/BIIB/BIIB_q4quarter_summary.parquet,data,processed_data,.parquet,2970,0.003
data/processed/legacy_xbrl/q4quarter_all/BK/BK_q4quarter.csv,data,processed_data,.csv,4429,0.004
data/processed/legacy_xbrl/q4quarter_all/BK/BK_q4quarter.parquet,data,processed_data,.parquet,14598,0.014
data/processed/legacy_xbrl/q4quarter_all/BK/BK_q4quarter_summary.csv,data,processed_data,.csv,778,0.001
data/processed/legacy_xbrl/q4quarter_all/BK/BK_q4quarter_summary.parquet,data,processed_data,.parquet,2971,0.003
data/processed/legacy_xbrl/q4quarter_all/BKNG/BKNG_q4quarter.csv,data,processed_data,.csv,4593,0.004
data/processed/legacy_xbrl/q4quarter_all/BKNG/BKNG_q4quarter.parquet,data,processed_data,.parquet,19218,0.018
data/processed/legacy_xbrl/q4quarter_all/BKNG/BKNG_q4quarter_summary.csv,data,processed_data,.csv,809,0.001
data/processed/legacy_xbrl/q4quarter_all/BKNG/BKNG_q4quarter_summary.parquet,data,processed_data,.parquet,2957,0.003
data/processed/legacy_xbrl/q4quarter_all/BKR/BKR_q4quarter.csv,data,processed_data,.csv,2859,0.003
data/processed/legacy_xbrl/q4quarter_all/BKR/BKR_q4quarter.parquet,data,processed_data,.parquet,18809,0.018
data/processed/legacy_xbrl/q4quarter_all/BKR/BKR_q4quarter_summary.csv,data,processed_data,.csv,410,0.0
data/processed/legacy_xbrl/q4quarter_all/BKR/BKR_q4quarter_summary.parquet,data,processed_data,.parquet,2868,0.003
data/processed/legacy_xbrl/q4quarter_all/BLK/BLK_q4quarter.csv,data,processed_data,.csv,542,0.001
data/processed/legacy_xbrl/q4quarter_all/BLK/BLK_q4quarter.parquet,data,processed_data,.parquet,12571,0.012
data/processed/legacy_xbrl/q4quarter_all/BLK/BLK_q4quarter_summary.csv,data,processed_data,.csv,74,0.0
data/processed/legacy_xbrl/q4quarter_all/BLK/BLK_q4quarter_summary.parquet,data,processed_data,.parquet,2770,0.003
data/processed/legacy_xbrl/q4quarter_all/BMY/BMY_q4quarter.csv,data,processed_data,.csv,5727,0.005
data/processed/legacy_xbrl/q4quarter_all/BMY/BMY_q4quarter.parquet,data,processed_data,.parquet,21589,0.021
data/processed/legacy_xbrl/q4quarter_all/BMY/BMY_q4quarter_summary.csv,data,processed_data,.csv,794,0.001
data/processed/legacy_xbrl/q4quarter_all/BMY/BMY_q4quarter_summary.parquet,data,processed_data,.parquet,2966,0.003
data/processed/legacy_xbrl/q4quarter_all/BRK-B/BRK-B_q4quarter.csv,data,processed_data,.csv,4899,0.005
data/processed/legacy_xbrl/q4quarter_all/BRK-B/BRK-B_q4quarter.parquet,data,processed_data,.parquet,17465,0.017
data/processed/legacy_xbrl/q4quarter_all/BRK-B/BRK-B_q4quarter_summary.csv,data,processed_data,.csv,826,0.001
data/processed/legacy_xbrl/q4quarter_all/BRK-B/BRK-B_q4quarter_summary.parquet,data,processed_data,.parquet,3011,0.003
data/processed/legacy_xbrl/q4quarter_all/BSX/BSX_q4quarter.csv,data,processed_data,.csv,5100,0.005
data/processed/legacy_xbrl/q4quarter_all/BSX/BSX_q4quarter.parquet,data,processed_data,.parquet,19332,0.018
data/processed/legacy_xbrl/q4quarter_all/BSX/BSX_q4quarter_summary.csv,data,processed_data,.csv,794,0.001
data/processed/legacy_xbrl/q4quarter_all/BSX/BSX_q4quarter_summary.parquet,data,processed_data,.parquet,2945,0.003
data/processed/legacy_xbrl/q4quarter_all/BX/BX_q4quarter.csv,data,processed_data,.csv,3753,0.004
data/processed/legacy_xbrl/q4quarter_all/BX/BX_q4quarter.parquet,data,processed_data,.parquet,14968,0.014
data/processed/legacy_xbrl/q4quarter_all/BX/BX_q4quarter_summary.csv,data,processed_data,.csv,777,0.001
data/processed/legacy_xbrl/q4quarter_all/BX/BX_q4quarter_summary.parquet,data,processed_data,.parquet,2981,0.003
data/processed/legacy_xbrl/q4quarter_all/C/C_q4quarter.csv,data,processed_data,.csv,3603,0.003
data/processed/legacy_xbrl/q4quarter_all/C/C_q4quarter.parquet,data,processed_data,.parquet,14766,0.014
data/processed/legacy_xbrl/q4quarter_all/C/C_q4quarter_summary.csv,data,processed_data,.csv,762,0.001
data/processed/legacy_xbrl/q4quarter_all/C/C_q4quarter_summary.parquet,data,processed_data,.parquet,2962,0.003
data/processed/legacy_xbrl/q4quarter_all/CARR/CARR_q4quarter.csv,data,processed_data,.csv,2074,0.002
data/processed/legacy_xbrl/q4quarter_all/CARR/CARR_q4quarter.parquet,data,processed_data,.parquet,17191,0.016
data/processed/legacy_xbrl/q4quarter_all/CARR/CARR_q4quarter_summary.csv,data,processed_data,.csv,271,0.0
data/processed/legacy_xbrl/q4quarter_all/CARR/CARR_q4quarter_summary.parquet,data,processed_data,.parquet,2829,0.003
data/processed/legacy_xbrl/q4quarter_all/CAT/CAT_q4quarter.csv,data,processed_data,.csv,5444,0.005
data/processed/legacy_xbrl/q4quarter_all/CAT/CAT_q4quarter.parquet,data,processed_data,.parquet,20878,0.02
data/processed/legacy_xbrl/q4quarter_all/CAT/CAT_q4quarter_summary.csv,data,processed_data,.csv,794,0.001
data/processed/legacy_xbrl/q4quarter_all/CAT/CAT_q4quarter_summary.parquet,data,processed_data,.parquet,2954,0.003
data/processed/legacy_xbrl/q4quarter_all/CB/CB_q4quarter.csv,data,processed_data,.csv,3927,0.004
data/processed/legacy_xbrl/q4quarter_all/CB/CB_q4quarter.parquet,data,processed_data,.parquet,13854,0.013
data/processed/legacy_xbrl/q4quarter_all/CB/CB_q4quarter_summary.csv,data,processed_data,.csv,778,0.001
data/processed/legacy_xbrl/q4quarter_all/CB/CB_q4quarter_summary.parquet,data,processed_data,.parquet,2929,0.003
data/processed/legacy_xbrl/q4quarter_all/CDNS/CDNS_q4quarter.csv,data,processed_data,.csv,5089,0.005
data/processed/legacy_xbrl/q4quarter_all/CDNS/CDNS_q4quarter.parquet,data,processed_data,.parquet,20028,0.019
data/processed/legacy_xbrl/q4quarter_all/CDNS/CDNS_q4quarter_summary.csv,data,processed_data,.csv,809,0.001
data/processed/legacy_xbrl/q4quarter_all/CDNS/CDNS_q4quarter_summary.parquet,data,processed_data,.parquet,2951,0.003
data/processed/legacy_xbrl/q4quarter_all/CDW/CDW_q4quarter.csv,data,processed_data,.csv,4653,0.004
data/processed/legacy_xbrl/q4quarter_all/CDW/CDW_q4quarter.parquet,data,processed_data,.parquet,19768,0.019
data/processed/legacy_xbrl/q4quarter_all/CDW/CDW_q4quarter_summary.csv,data,processed_data,.csv,745,0.001
data/processed/legacy_xbrl/q4quarter_all/CDW/CDW_q4quarter_summary.parquet,data,processed_data,.parquet,2947,0.003
data/processed/legacy_xbrl/q4quarter_all/CEG/CEG_q4quarter.csv,data,processed_data,.csv,1444,0.001
data/processed/legacy_xbrl/q4quarter_all/CEG/CEG_q4quarter.parquet,data,processed_data,.parquet,16203,0.015
data/processed/legacy_xbrl/q4quarter_all/CEG/CEG_q4quarter_summary.csv,data,processed_data,.csv,218,0.0
data/processed/legacy_xbrl/q4quarter_all/CEG/CEG_q4quarter_summary.parquet,data,processed_data,.parquet,2809,0.003
data/processed/legacy_xbrl/q4quarter_all/CHTR/CHTR_q4quarter.csv,data,processed_data,.csv,4475,0.004
data/processed/legacy_xbrl/q4quarter_all/CHTR/CHTR_q4quarter.parquet,data,processed_data,.parquet,17841,0.017
data/processed/legacy_xbrl/q4quarter_all/CHTR/CHTR_q4quarter_summary.csv,data,processed_data,.csv,808,0.001
data/processed/legacy_xbrl/q4quarter_all/CHTR/CHTR_q4quarter_summary.parquet,data,processed_data,.parquet,2940,0.003
data/processed/legacy_xbrl/q4quarter_all/CI/CI_q4quarter.csv,data,processed_data,.csv,2373,0.002
data/processed/legacy_xbrl/q4quarter_all/CI/CI_q4quarter.parquet,data,processed_data,.parquet,16084,0.015
data/processed/legacy_xbrl/q4quarter_all/CI/CI_q4quarter_summary.csv,data,processed_data,.csv,355,0.0
data/processed/legacy_xbrl/q4quarter_all/CI/CI_q4quarter_summary.parquet,data,processed_data,.parquet,2847,0.003
data/processed/legacy_xbrl/q4quarter_all/CL/CL_q4quarter.csv,data,processed_data,.csv,6168,0.006
data/processed/legacy_xbrl/q4quarter_all/CL/CL_q4quarter.parquet,data,processed_data,.parquet,21764,0.021
data/processed/legacy_xbrl/q4quarter_all/CL/CL_q4quarter_summary.csv,data,processed_data,.csv,778,0.001
data/processed/legacy_xbrl/q4quarter_all/CL/CL_q4quarter_summary.parquet,data,processed_data,.parquet,2961,0.003
data/processed/legacy_xbrl/q4quarter_all/CMCSA/CMCSA_q4quarter.csv,data,processed_data,.csv,5404,0.005
data/processed/legacy_xbrl/q4quarter_all/CMCSA/CMCSA_q4quarter.parquet,data,processed_data,.parquet,18964,0.018
data/processed/legacy_xbrl/q4quarter_all/CMCSA/CMCSA_q4quarter_summary.csv,data,processed_data,.csv,826,0.001
data/processed/legacy_xbrl/q4quarter_all/CMCSA/CMCSA_q4quarter_summary.parquet,data,processed_data,.parquet,2979,0.003
data/processed/legacy_xbrl/q4quarter_all/CME/CME_q4quarter.csv,data,processed_data,.csv,5266,0.005
data/processed/legacy_xbrl/q4quarter_all/CME/CME_q4quarter.parquet,data,processed_data,.parquet,18257,0.017
data/processed/legacy_xbrl/q4quarter_all/CME/CME_q4quarter_summary.csv,data,processed_data,.csv,794,0.001
data/processed/legacy_xbrl/q4quarter_all/CME/CME_q4quarter_summary.parquet,data,processed_data,.parquet,2938,0.003
data/processed/legacy_xbrl/q4quarter_all/CMG/CMG_q4quarter.csv,data,processed_data,.csv,4891,0.005
data/processed/legacy_xbrl/q4quarter_all/CMG/CMG_q4quarter.parquet,data,processed_data,.parquet,19375,0.018
data/processed/legacy_xbrl/q4quarter_all/CMG/CMG_q4quarter_summary.csv,data,processed_data,.csv,793,0.001
data/processed/legacy_xbrl/q4quarter_all/CMG/CMG_q4quarter_summary.parquet,data,processed_data,.parquet,2978,0.003
data/processed/legacy_xbrl/q4quarter_all/CMI/CMI_q4quarter.csv,data,processed_data,.csv,5609,0.005
data/processed/legacy_xbrl/q4quarter_all/CMI/CMI_q4quarter.parquet,data,processed_data,.parquet,20190,0.019
data/processed/legacy_xbrl/q4quarter_all/CMI/CMI_q4quarter_summary.csv,data,processed_data,.csv,794,0.001
data/processed/legacy_xbrl/q4quarter_all/CMI/CMI_q4quarter_summary.parquet,data,processed_data,.parquet,2934,0.003
data/processed/legacy_xbrl/q4quarter_all/COF/COF_q4quarter.csv,data,processed_data,.csv,3981,0.004
data/processed/legacy_xbrl/q4quarter_all/COF/COF_q4quarter.parquet,data,processed_data,.parquet,15093,0.014
data/processed/legacy_xbrl/q4quarter_all/COF/COF_q4quarter_summary.csv,data,processed_data,.csv,793,0.001
data/processed/legacy_xbrl/q4quarter_all/COF/COF_q4quarter_summary.parquet,data,processed_data,.parquet,2979,0.003
data/processed/legacy_xbrl/q4quarter_all/COP/COP_q4quarter.csv,data,processed_data,.csv,5151,0.005
data/processed/legacy_xbrl/q4quarter_all/COP/COP_q4quarter.parquet,data,processed_data,.parquet,18817,0.018
data/processed/legacy_xbrl/q4quarter_all/COP/COP_q4quarter_summary.csv,data,processed_data,.csv,794,0.001
data/processed/legacy_xbrl/q4quarter_all/COP/COP_q4quarter_summary.parquet,data,processed_data,.parquet,3005,0.003
data/processed/legacy_xbrl/q4quarter_all/COR/COR_q4quarter.csv,data,processed_data,.csv,5613,0.005
data/processed/legacy_xbrl/q4quarter_all/COR/COR_q4quarter.parquet,data,processed_data,.parquet,19879,0.019
data/processed/legacy_xbrl/q4quarter_all/COR/COR_q4quarter_summary.csv,data,processed_data,.csv,794,0.001
data/processed/legacy_xbrl/q4quarter_all/COR/COR_q4quarter_summary.parquet,data,processed_data,.parquet,2985,0.003
data/processed/legacy_xbrl/q4quarter_all/COST/COST_q4quarter.csv,data,processed_data,.csv,5093,0.005
data/processed/legacy_xbrl/q4quarter_all/COST/COST_q4quarter.parquet,data,processed_data,.parquet,19379,0.018
data/processed/legacy_xbrl/q4quarter_all/COST/COST_q4quarter_summary.csv,data,processed_data,.csv,809,0.001
data/processed/legacy_xbrl/q4quarter_all/COST/COST_q4quarter_summary.parquet,data,processed_data,.parquet,2985,0.003
data/processed/legacy_xbrl/q4quarter_all/CPRT/CPRT_q4quarter.csv,data,processed_data,.csv,4211,0.004
data/processed/legacy_xbrl/q4quarter_all/CPRT/CPRT_q4quarter.parquet,data,processed_data,.parquet,20269,0.019
data/processed/legacy_xbrl/q4quarter_all/CPRT/CPRT_q4quarter_summary.csv,data,processed_data,.csv,807,0.001
data/processed/legacy_xbrl/q4quarter_all/CPRT/CPRT_q4quarter_summary.parquet,data,processed_data,.parquet,2990,0.003
data/processed/legacy_xbrl/q4quarter_all/CRM/CRM_q4quarter.csv,data,processed_data,.csv,5460,0.005
data/processed/legacy_xbrl/q4quarter_all/CRM/CRM_q4quarter.parquet,data,processed_data,.parquet,20327,0.019
data/processed/legacy_xbrl/q4quarter_all/CRM/CRM_q4quarter_summary.csv,data,processed_data,.csv,794,0.001
data/processed/legacy_xbrl/q4quarter_all/CRM/CRM_q4quarter_summary.parquet,data,processed_data,.parquet,2968,0.003
data/processed/legacy_xbrl/q4quarter_all/CRWD/CRWD_q4quarter.csv,data,processed_data,.csv,2133,0.002
data/processed/legacy_xbrl/q4quarter_all/CRWD/CRWD_q4quarter.parquet,data,processed_data,.parquet,16569,0.016
data/processed/legacy_xbrl/q4quarter_all/CRWD/CRWD_q4quarter_summary.csv,data,processed_data,.csv,320,0.0
data/processed/legacy_xbrl/q4quarter_all/CRWD/CRWD_q4quarter_summary.parquet,data,processed_data,.parquet,2845,0.003
data/processed/legacy_xbrl/q4quarter_all/CSCO/CSCO_q4quarter.csv,data,processed_data,.csv,5653,0.005
data/processed/legacy_xbrl/q4quarter_all/CSCO/CSCO_q4quarter.parquet,data,processed_data,.parquet,21429,0.02
data/processed/legacy_xbrl/q4quarter_all/CSCO/CSCO_q4quarter_summary.csv,data,processed_data,.csv,809,0.001
data/processed/legacy_xbrl/q4quarter_all/CSCO/CSCO_q4quarter_summary.parquet,data,processed_data,.parquet,2962,0.003
data/processed/legacy_xbrl/q4quarter_all/CSGP/CSGP_q4quarter.csv,data,processed_data,.csv,4821,0.005
data/processed/legacy_xbrl/q4quarter_all/CSGP/CSGP_q4quarter.parquet,data,processed_data,.parquet,20037,0.019
data/processed/legacy_xbrl/q4quarter_all/CSGP/CSGP_q4quarter_summary.csv,data,processed_data,.csv,808,0.001
data/processed/legacy_xbrl/q4quarter_all/CSGP/CSGP_q4quarter_summary.parquet,data,processed_data,.parquet,2946,0.003
data/processed/legacy_xbrl/q4quarter_all/CSX/CSX_q4quarter.csv,data,processed_data,.csv,5134,0.005
data/processed/legacy_xbrl/q4quarter_all/CSX/CSX_q4quarter.parquet,data,processed_data,.parquet,19457,0.019
data/processed/legacy_xbrl/q4quarter_all/CSX/CSX_q4quarter_summary.csv,data,processed_data,.csv,794,0.001
data/processed/legacy_xbrl/q4quarter_all/CSX/CSX_q4quarter_summary.parquet,data,processed_data,.parquet,2930,0.003
data/processed/legacy_xbrl/q4quarter_all/CTAS/CTAS_q4quarter.csv,data,processed_data,.csv,4851,0.005
data/processed/legacy_xbrl/q4quarter_all/CTAS/CTAS_q4quarter.parquet,data,processed_data,.parquet,19961,0.019
data/processed/legacy_xbrl/q4quarter_all/CTAS/CTAS_q4quarter_summary.csv,data,processed_data,.csv,808,0.001
data/processed/legacy_xbrl/q4quarter_all/CTAS/CTAS_q4quarter_summary.parquet,data,processed_data,.parquet,2964,0.003
data/processed/legacy_xbrl/q4quarter_all/CTSH/CTSH_q4quarter.csv,data,processed_data,.csv,5230,0.005
data/processed/legacy_xbrl/q4quarter_all/CTSH/CTSH_q4quarter.parquet,data,processed_data,.parquet,18927,0.018
data/processed/legacy_xbrl/q4quarter_all/CTSH/CTSH_q4quarter_summary.csv,data,processed_data,.csv,810,0.001
data/processed/legacy_xbrl/q4quarter_all/CTSH/CTSH_q4quarter_summary.parquet,data,processed_data,.parquet,2957,0.003
data/processed/legacy_xbrl/q4quarter_all/CVS/CVS_q4quarter.csv,data,processed_data,.csv,6063,0.006
data/processed/legacy_xbrl/q4quarter_all/CVS/CVS_q4quarter.parquet,data,processed_data,.parquet,20473,0.02
data/processed/legacy_xbrl/q4quarter_all/CVS/CVS_q4quarter_summary.csv,data,processed_data,.csv,794,0.001
data/processed/legacy_xbrl/q4quarter_all/CVS/CVS_q4quarter_summary.parquet,data,processed_data,.parquet,2973,0.003
data/processed/legacy_xbrl/q4quarter_all/CVX/CVX_q4quarter.csv,data,processed_data,.csv,5464,0.005
data/processed/legacy_xbrl/q4quarter_all/CVX/CVX_q4quarter.parquet,data,processed_data,.parquet,18999,0.018
data/processed/legacy_xbrl/q4quarter_all/CVX/CVX_q4quarter_summary.csv,data,processed_data,.csv,794,0.001
data/processed/legacy_xbrl/q4quarter_all/CVX/CVX_q4quarter_summary.parquet,data,processed_data,.parquet,2951,0.003
data/processed/legacy_xbrl/q4quarter_all/D/D_q4quarter.csv,data,processed_data,.csv,5481,0.005
data/processed/legacy_xbrl/q4quarter_all/D/D_q4quarter.parquet,data,processed_data,.parquet,19706,0.019
data/processed/legacy_xbrl/q4quarter_all/D/D_q4quarter_summary.csv,data,processed_data,.csv,762,0.001
data/processed/legacy_xbrl/q4quarter_all/D/D_q4quarter_summary.parquet,data,processed_data,.parquet,2984,0.003
data/processed/legacy_xbrl/q4quarter_all/DASH/DASH_q4quarter.csv,data,processed_data,.csv,1789,0.002
data/processed/legacy_xbrl/q4quarter_all/DASH/DASH_q4quarter.parquet,data,processed_data,.parquet,16539,0.016
data/processed/legacy_xbrl/q4quarter_all/DASH/DASH_q4quarter_summary.csv,data,processed_data,.csv,271,0.0
data/processed/legacy_xbrl/q4quarter_all/DASH/DASH_q4quarter_summary.parquet,data,processed_data,.parquet,2841,0.003
data/processed/legacy_xbrl/q4quarter_all/DDOG/DDOG_q4quarter.csv,data,processed_data,.csv,2208,0.002
data/processed/legacy_xbrl/q4quarter_all/DDOG/DDOG_q4quarter.parquet,data,processed_data,.parquet,17287,0.016
data/processed/legacy_xbrl/q4quarter_all/DDOG/DDOG_q4quarter_summary.csv,data,processed_data,.csv,320,0.0
data/processed/legacy_xbrl/q4quarter_all/DDOG/DDOG_q4quarter_summary.parquet,data,processed_data,.parquet,2845,0.003
data/processed/legacy_xbrl/q4quarter_all/DE/DE_q4quarter.csv,data,processed_data,.csv,5265,0.005
data/processed/legacy_xbrl/q4quarter_all/DE/DE_q4quarter.parquet,data,processed_data,.parquet,19335,0.018
data/processed/legacy_xbrl/q4quarter_all/DE/DE_q4quarter_summary.csv,data,processed_data,.csv,778,0.001
data/processed/legacy_xbrl/q4quarter_all/DE/DE_q4quarter_summary.parquet,data,processed_data,.parquet,2993,0.003
data/processed/legacy_xbrl/q4quarter_all/DELL/DELL_q4quarter.csv,data,processed_data,.csv,1150,0.001
data/processed/legacy_xbrl/q4quarter_all/DELL/DELL_q4quarter.parquet,data,processed_data,.parquet,18421,0.018
data/processed/legacy_xbrl/q4quarter_all/DELL/DELL_q4quarter_summary.csv,data,processed_data,.csv,124,0.0
data/processed/legacy_xbrl/q4quarter_all/DELL/DELL_q4quarter_summary.parquet,data,processed_data,.parquet,2796,0.003
data/processed/legacy_xbrl/q4quarter_all/GS/GS_q4quarter.csv,data,processed_data,.csv,3611,0.003
data/processed/legacy_xbrl/q4quarter_all/GS/GS_q4quarter.parquet,data,processed_data,.parquet,13472,0.013
data/processed/legacy_xbrl/q4quarter_all/GS/GS_q4quarter_summary.csv,data,processed_data,.csv,778,0.001
data/processed/legacy_xbrl/q4quarter_all/GS/GS_q4quarter_summary.parquet,data,processed_data,.parquet,2988,0.003
data/processed/legacy_xbrl/q4quarter_all/GWW/GWW_q4quarter.csv,data,processed_data,.csv,5387,0.005
data/processed/legacy_xbrl/q4quarter_all/GWW/GWW_q4quarter.parquet,data,processed_data,.parquet,19664,0.019
data/processed/legacy_xbrl/q4quarter_all/GWW/GWW_q4quarter_summary.csv,data,processed_data,.csv,794,0.001
data/processed/legacy_xbrl/q4quarter_all/GWW/GWW_q4quarter_summary.parquet,data,processed_data,.parquet,2925,0.003
data/processed/legacy_xbrl/q4quarter_all/HCA/HCA_q4quarter.csv,data,processed_data,.csv,4784,0.005
data/processed/legacy_xbrl/q4quarter_all/HCA/HCA_q4quarter.parquet,data,processed_data,.parquet,18602,0.018
data/processed/legacy_xbrl/q4quarter_all/HCA/HCA_q4quarter_summary.csv,data,processed_data,.csv,792,0.001
data/processed/legacy_xbrl/q4quarter_all/HCA/HCA_q4quarter_summary.parquet,data,processed_data,.parquet,2994,0.003
data/processed/legacy_xbrl/q4quarter_all/HD/HD_q4quarter.csv,data,processed_data,.csv,5777,0.006
data/processed/legacy_xbrl/q4quarter_all/HD/HD_q4quarter.parquet,data,processed_data,.parquet,20376,0.019
data/processed/legacy_xbrl/q4quarter_all/HD/HD_q4quarter_summary.csv,data,processed_data,.csv,778,0.001
data/processed/legacy_xbrl/q4quarter_all/HD/HD_q4quarter_summary.parquet,data,processed_data,.parquet,2930,0.003
data/processed/legacy_xbrl/q4quarter_all/HLT/HLT_q4quarter.csv,data,processed_data,.csv,3864,0.004
data/processed/legacy_xbrl/q4quarter_all/HLT/HLT_q4quarter.parquet,data,processed_data,.parquet,18792,0.018
data/processed/legacy_xbrl/q4quarter_all/HLT/HLT_q4quarter_summary.csv,data,processed_data,.csv,601,0.001
data/processed/legacy_xbrl/q4quarter_all/HLT/HLT_q4quarter_summary.parquet,data,processed_data,.parquet,2901,0.003
data/processed/legacy_xbrl/q4quarter_all/HON/HON_q4quarter.csv,data,processed_data,.csv,5487,0.005
data/processed/legacy_xbrl/q4quarter_all/HON/HON_q4quarter.parquet,data,processed_data,.parquet,20813,0.02
data/processed/legacy_xbrl/q4quarter_all/HON/HON_q4quarter_summary.csv,data,processed_data,.csv,794,0.001
data/processed/legacy_xbrl/q4quarter_all/HON/HON_q4quarter_summary.parquet,data,processed_data,.parquet,2963,0.003
data/processed/legacy_xbrl/q4quarter_all/HWM/HWM_q4quarter.csv,data,processed_data,.csv,5346,0.005
data/processed/legacy_xbrl/q4quarter_all/HWM/HWM_q4quarter.parquet,data,processed_data,.parquet,20734,0.02
data/processed/legacy_xbrl/q4quarter_all/HWM/HWM_q4quarter_summary.csv,data,processed_data,.csv,794,0.001
data/processed/legacy_xbrl/q4quarter_all/HWM/HWM_q4quarter_summary.parquet,data,processed_data,.parquet,2971,0.003
data/processed/legacy_xbrl/q4quarter_all/IBM/IBM_q4quarter.csv,data,processed_data,.csv,5938,0.006
data/processed/legacy_xbrl/q4quarter_all/IBM/IBM_q4quarter.parquet,data,processed_data,.parquet,21089,0.02
data/processed/legacy_xbrl/q4quarter_all/IBM/IBM_q4quarter_summary.csv,data,processed_data,.csv,794,0.001
data/processed/legacy_xbrl/q4quarter_all/IBM/IBM_q4quarter_summary.parquet,data,processed_data,.parquet,2983,0.003
data/processed/legacy_xbrl/q4quarter_all/ICE/ICE_q4quarter.csv,data,processed_data,.csv,3934,0.004
data/processed/legacy_xbrl/q4quarter_all/ICE/ICE_q4quarter.parquet,data,processed_data,.parquet,16911,0.016
data/processed/legacy_xbrl/q4quarter_all/ICE/ICE_q4quarter_summary.csv,data,processed_data,.csv,602,0.001
data/processed/legacy_xbrl/q4quarter_all/ICE/ICE_q4quarter_summary.parquet,data,processed_data,.parquet,2882,0.003
data/processed/legacy_xbrl/q4quarter_all/IDXX/IDXX_q4quarter.csv,data,processed_data,.csv,5317,0.005
data/processed/legacy_xbrl/q4quarter_all/IDXX/IDXX_q4quarter.parquet,data,processed_data,.parquet,20891,0.02
data/processed/legacy_xbrl/q4quarter_all/IDXX/IDXX_q4quarter_summary.csv,data,processed_data,.csv,809,0.001
data/processed/legacy_xbrl/q4quarter_all/IDXX/IDXX_q4quarter_summary.parquet,data,processed_data,.parquet,2954,0.003
data/processed/legacy_xbrl/q4quarter_all/INTC/INTC_q4quarter.csv,data,processed_data,.csv,5665,0.005
data/processed/legacy_xbrl/q4quarter_all/INTC/INTC_q4quarter.parquet,data,processed_data,.parquet,20147,0.019
data/processed/legacy_xbrl/q4quarter_all/INTC/INTC_q4quarter_summary.csv,data,processed_data,.csv,810,0.001
data/processed/legacy_xbrl/q4quarter_all/INTC/INTC_q4quarter_summary.parquet,data,processed_data,.parquet,2974,0.003
data/processed/legacy_xbrl/q4quarter_all/INTU/INTU_q4quarter.csv,data,processed_data,.csv,5051,0.005
data/processed/legacy_xbrl/q4quarter_all/INTU/INTU_q4quarter.parquet,data,processed_data,.parquet,19377,0.018
data/processed/legacy_xbrl/q4quarter_all/INTU/INTU_q4quarter_summary.csv,data,processed_data,.csv,809,0.001
data/processed/legacy_xbrl/q4quarter_all/INTU/INTU_q4quarter_summary.parquet,data,processed_data,.parquet,2962,0.003
data/processed/legacy_xbrl/q4quarter_all/ISRG/ISRG_q4quarter.csv,data,processed_data,.csv,5386,0.005
data/processed/legacy_xbrl/q4quarter_all/ISRG/ISRG_q4quarter.parquet,data,processed_data,.parquet,19620,0.019
data/processed/legacy_xbrl/q4quarter_all/ISRG/ISRG_q4quarter_summary.csv,data,processed_data,.csv,810,0.001
data/processed/legacy_xbrl/q4quarter_all/ISRG/ISRG_q4quarter_summary.parquet,data,processed_data,.parquet,2967,0.003
data/processed/legacy_xbrl/q4quarter_all/ITW/ITW_q4quarter.csv,data,processed_data,.csv,5085,0.005
data/processed/legacy_xbrl/q4quarter_all/ITW/ITW_q4quarter.parquet,data,processed_data,.parquet,19282,0.018
data/processed/legacy_xbrl/q4quarter_all/ITW/ITW_q4quarter_summary.csv,data,processed_data,.csv,794,0.001
data/processed/legacy_xbrl/q4quarter_all/ITW/ITW_q4quarter_summary.parquet,data,processed_data,.parquet,2952,0.003
data/processed/legacy_xbrl/q4quarter_all/JCI/JCI_q4quarter.csv,data,processed_data,.csv,5184,0.005
data/processed/legacy_xbrl/q4quarter_all/JCI/JCI_q4quarter.parquet,data,processed_data,.parquet,20136,0.019
data/processed/legacy_xbrl/q4quarter_all/JCI/JCI_q4quarter_summary.csv,data,processed_data,.csv,794,0.001
data/processed/legacy_xbrl/q4quarter_all/JCI/JCI_q4quarter_summary.parquet,data,processed_data,.parquet,2981,0.003
data/processed/legacy_xbrl/q4quarter_all/JNJ/JNJ_q4quarter.csv,data,processed_data,.csv,5532,0.005
data/processed/legacy_xbrl/q4quarter_all/JNJ/JNJ_q4quarter.parquet,data,processed_data,.parquet,19533,0.019
data/processed/legacy_xbrl/q4quarter_all/JNJ/JNJ_q4quarter_summary.csv,data,processed_data,.csv,794,0.001
data/processed/legacy_xbrl/q4quarter_all/JNJ/JNJ_q4quarter_summary.parquet,data,processed_data,.parquet,2973,0.003
data/processed/legacy_xbrl/q4quarter_all/JPM/JPM_q4quarter.csv,data,processed_data,.csv,4251,0.004
data/processed/legacy_xbrl/q4quarter_all/JPM/JPM_q4quarter.parquet,data,processed_data,.parquet,13914,0.013
data/processed/legacy_xbrl/q4quarter_all/JPM/JPM_q4quarter_summary.csv,data,processed_data,.csv,794,0.001
data/processed/legacy_xbrl/q4quarter_all/JPM/JPM_q4quarter_summary.parquet,data,processed_data,.parquet,2947,0.003
data/processed/legacy_xbrl/q4quarter_all/KDP/KDP_q4quarter.csv,data,processed_data,.csv,5268,0.005
data/processed/legacy_xbrl/q4quarter_all/KDP/KDP_q4quarter.parquet,data,processed_data,.parquet,19986,0.019
data/processed/legacy_xbrl/q4quarter_all/KDP/KDP_q4quarter_summary.csv,data,processed_data,.csv,793,0.001
data/processed/legacy_xbrl/q4quarter_all/KDP/KDP_q4quarter_summary.parquet,data,processed_data,.parquet,2941,0.003
data/processed/legacy_xbrl/q4quarter_all/KHC/KHC_q4quarter.csv,data,processed_data,.csv,3919,0.004
data/processed/legacy_xbrl/q4quarter_all/KHC/KHC_q4quarter.parquet,data,processed_data,.parquet,19404,0.019
data/processed/legacy_xbrl/q4quarter_all/KHC/KHC_q4quarter_summary.csv,data,processed_data,.csv,506,0.0
data/processed/legacy_xbrl/q4quarter_all/KHC/KHC_q4quarter_summary.parquet,data,processed_data,.parquet,2884,0.003
data/processed/legacy_xbrl/q4quarter_all/KKR/KKR_q4quarter.csv,data,processed_data,.csv,3159,0.003
data/processed/legacy_xbrl/q4quarter_all/KKR/KKR_q4quarter.parquet,data,processed_data,.parquet,14672,0.014
data/processed/legacy_xbrl/q4quarter_all/KKR/KKR_q4quarter_summary.csv,data,processed_data,.csv,744,0.001
data/processed/legacy_xbrl/q4quarter_all/KKR/KKR_q4quarter_summary.parquet,data,processed_data,.parquet,2951,0.003
data/processed/legacy_xbrl/q4quarter_all/KLAC/KLAC_q4quarter.csv,data,processed_data,.csv,5111,0.005
data/processed/legacy_xbrl/q4quarter_all/KLAC/KLAC_q4quarter.parquet,data,processed_data,.parquet,21422,0.02
data/processed/legacy_xbrl/q4quarter_all/KLAC/KLAC_q4quarter_summary.csv,data,processed_data,.csv,808,0.001
data/processed/legacy_xbrl/q4quarter_all/KLAC/KLAC_q4quarter_summary.parquet,data,processed_data,.parquet,2969,0.003
data/processed/legacy_xbrl/q4quarter_all/KMB/KMB_q4quarter.csv,data,processed_data,.csv,5486,0.005
data/processed/legacy_xbrl/q4quarter_all/KMB/KMB_q4quarter.parquet,data,processed_data,.parquet,20257,0.019
data/processed/legacy_xbrl/q4quarter_all/KMB/KMB_q4quarter_summary.csv,data,processed_data,.csv,794,0.001
data/processed/legacy_xbrl/q4quarter_all/KMB/KMB_q4quarter_summary.parquet,data,processed_data,.parquet,2945,0.003
data/processed/legacy_xbrl/q4quarter_all/KMI/KMI_q4quarter.csv,data,processed_data,.csv,4998,0.005
data/processed/legacy_xbrl/q4quarter_all/KMI/KMI_q4quarter.parquet,data,processed_data,.parquet,19347,0.018
data/processed/legacy_xbrl/q4quarter_all/KMI/KMI_q4quarter_summary.csv,data,processed_data,.csv,745,0.001
data/processed/legacy_xbrl/q4quarter_all/KMI/KMI_q4quarter_summary.parquet,data,processed_data,.parquet,2938,0.003
data/processed/legacy_xbrl/q4quarter_all/KO/KO_q4quarter.csv,data,processed_data,.csv,5981,0.006
data/processed/legacy_xbrl/q4quarter_all/KO/KO_q4quarter.parquet,data,processed_data,.parquet,20400,0.019
data/processed/legacy_xbrl/q4quarter_all/KO/KO_q4quarter_summary.csv,data,processed_data,.csv,778,0.001
data/processed/legacy_xbrl/q4quarter_all/KO/KO_q4quarter_summary.parquet,data,processed_data,.parquet,2926,0.003
data/processed/legacy_xbrl/q4quarter_all/KR/KR_q4quarter.csv,data,processed_data,.csv,4378,0.004
data/processed/legacy_xbrl/q4quarter_all/KR/KR_q4quarter.parquet,data,processed_data,.parquet,16656,0.016
data/processed/legacy_xbrl/q4quarter_all/KR/KR_q4quarter_summary.csv,data,processed_data,.csv,778,0.001
data/processed/legacy_xbrl/q4quarter_all/KR/KR_q4quarter_summary.parquet,data,processed_data,.parquet,2973,0.003
data/processed/legacy_xbrl/q4quarter_all/KVUE/KVUE_q4quarter.csv,data,processed_data,.csv,1089,0.001
data/processed/legacy_xbrl/q4quarter_all/KVUE/KVUE_q4quarter.parquet,data,processed_data,.parquet,17197,0.016
data/processed/legacy_xbrl/q4quarter_all/KVUE/KVUE_q4quarter_summary.csv,data,processed_data,.csv,124,0.0
data/processed/legacy_xbrl/q4quarter_all/KVUE/KVUE_q4quarter_summary.parquet,data,processed_data,.parquet,2796,0.003
data/processed/legacy_xbrl/q4quarter_all/LIN/LIN_q4quarter.csv,data,processed_data,.csv,2671,0.003
data/processed/legacy_xbrl/q4quarter_all/LIN/LIN_q4quarter.parquet,data,processed_data,.parquet,17358,0.017
data/processed/legacy_xbrl/q4quarter_all/LIN/LIN_q4quarter_summary.csv,data,processed_data,.csv,410,0.0
data/processed/legacy_xbrl/q4quarter_all/LIN/LIN_q4quarter_summary.parquet,data,processed_data,.parquet,2876,0.003
data/processed/legacy_xbrl/q4quarter_all/LLY/LLY_q4quarter.csv,data,processed_data,.csv,5248,0.005
data/processed/legacy_xbrl/q4quarter_all/LLY/LLY_q4quarter.parquet,data,processed_data,.parquet,18246,0.017
data/processed/legacy_xbrl/q4quarter_all/LLY/LLY_q4quarter_summary.csv,data,processed_data,.csv,794,0.001
data/processed/legacy_xbrl/q4quarter_all/LLY/LLY_q4quarter_summary.parquet,data,processed_data,.parquet,2965,0.003
data/processed/legacy_xbrl/q4quarter_all/LMT/LMT_q4quarter.csv,data,processed_data,.csv,5493,0.005
data/processed/legacy_xbrl/q4quarter_all/LMT/LMT_q4quarter.parquet,data,processed_data,.parquet,20081,0.019
data/processed/legacy_xbrl/q4quarter_all/LMT/LMT_q4quarter_summary.csv,data,processed_data,.csv,794,0.001
data/processed/legacy_xbrl/q4quarter_all/LMT/LMT_q4quarter_summary.parquet,data,processed_data,.parquet,2971,0.003
data/processed/legacy_xbrl/q4quarter_all/LOW/LOW_q4quarter.csv,data,processed_data,.csv,4868,0.005
data/processed/legacy_xbrl/q4quarter_all/LOW/LOW_q4quarter.parquet,data,processed_data,.parquet,18621,0.018
data/processed/legacy_xbrl/q4quarter_all/LOW/LOW_q4quarter_summary.csv,data,processed_data,.csv,793,0.001
data/processed/legacy_xbrl/q4quarter_all/LOW/LOW_q4quarter_summary.parquet,data,processed_data,.parquet,2954,0.003
data/processed/legacy_xbrl/q4quarter_all/LRCX/LRCX_q4quarter.csv,data,processed_data,.csv,4811,0.005
data/processed/legacy_xbrl/q4quarter_all/LRCX/LRCX_q4quarter.parquet,data,processed_data,.parquet,20369,0.019
data/processed/legacy_xbrl/q4quarter_all/LRCX/LRCX_q4quarter_summary.csv,data,processed_data,.csv,808,0.001
data/processed/legacy_xbrl/q4quarter_all/LRCX/LRCX_q4quarter_summary.parquet,data,processed_data,.parquet,2987,0.003
data/processed/legacy_xbrl/q4quarter_all/LULU/LULU_q4quarter.csv,data,processed_data,.csv,4835,0.005
data/processed/legacy_xbrl/q4quarter_all/LULU/LULU_q4quarter.parquet,data,processed_data,.parquet,18805,0.018
data/processed/legacy_xbrl/q4quarter_all/LULU/LULU_q4quarter_summary.csv,data,processed_data,.csv,809,0.001
data/processed/legacy_xbrl/q4quarter_all/LULU/LULU_q4quarter_summary.parquet,data,processed_data,.parquet,2973,0.003
data/processed/legacy_xbrl/q4quarter_all/MA/MA_q4quarter.csv,data,processed_data,.csv,5290,0.005
data/processed/legacy_xbrl/q4quarter_all/MA/MA_q4quarter.parquet,data,processed_data,.parquet,18786,0.018
data/processed/legacy_xbrl/q4quarter_all/MA/MA_q4quarter_summary.csv,data,processed_data,.csv,778,0.001
data/processed/legacy_xbrl/q4quarter_all/MA/MA_q4quarter_summary.parquet,data,processed_data,.parquet,2940,0.003
data/processed/legacy_xbrl/q4quarter_all/MAR/MAR_q4quarter.csv,data,processed_data,.csv,4980,0.005
data/processed/legacy_xbrl/q4quarter_all/MAR/MAR_q4quarter.parquet,data,processed_data,.parquet,18752,0.018
data/processed/legacy_xbrl/q4quarter_all/MAR/MAR_q4quarter_summary.csv,data,processed_data,.csv,794,0.001
data/processed/legacy_xbrl/q4quarter_all/MAR/MAR_q4quarter_summary.parquet,data,processed_data,.parquet,2986,0.003
data/processed/legacy_xbrl/q4quarter_all/MCD/MCD_q4quarter.csv,data,processed_data,.csv,5584,0.005
data/processed/legacy_xbrl/q4quarter_all/MCD/MCD_q4quarter.parquet,data,processed_data,.parquet,19565,0.019
data/processed/legacy_xbrl/q4quarter_all/MCD/MCD_q4quarter_summary.csv,data,processed_data,.csv,794,0.001
data/processed/legacy_xbrl/q4quarter_all/MCD/MCD_q4quarter_summary.parquet,data,processed_data,.parquet,2941,0.003
data/processed/legacy_xbrl/q4quarter_all/MCHP/MCHP_q4quarter.csv,data,processed_data,.csv,5335,0.005
data/processed/legacy_xbrl/q4quarter_all/MCHP/MCHP_q4quarter.parquet,data,processed_data,.parquet,21476,0.02
data/processed/legacy_xbrl/q4quarter_all/MCHP/MCHP_q4quarter_summary.csv,data,processed_data,.csv,809,0.001
data/processed/legacy_xbrl/q4quarter_all/MCHP/MCHP_q4quarter_summary.parquet,data,processed_data,.parquet,2975,0.003
data/processed/legacy_xbrl/q4quarter_all/MCK/MCK_q4quarter.csv,data,processed_data,.csv,5449,0.005
data/processed/legacy_xbrl/q4quarter_all/MCK/MCK_q4quarter.parquet,data,processed_data,.parquet,21421,0.02
data/processed/legacy_xbrl/q4quarter_all/MCK/MCK_q4quarter_summary.csv,data,processed_data,.csv,794,0.001
data/processed/legacy_xbrl/q4quarter_all/MCK/MCK_q4quarter_summary.parquet,data,processed_data,.parquet,2987,0.003
data/processed/legacy_xbrl/q4quarter_all/MCO/MCO_q4quarter.csv,data,processed_data,.csv,5298,0.005
data/processed/legacy_xbrl/q4quarter_all/MCO/MCO_q4quarter.parquet,data,processed_data,.parquet,19524,0.019
data/processed/legacy_xbrl/q4quarter_all/MCO/MCO_q4quarter_summary.csv,data,processed_data,.csv,794,0.001
data/processed/legacy_xbrl/q4quarter_all/MCO/MCO_q4quarter_summary.parquet,data,processed_data,.parquet,2972,0.003
data/processed/legacy_xbrl/q4quarter_all/MDB/MDB_q4quarter.csv,data,processed_data,.csv,2727,0.003
data/processed/legacy_xbrl/q4quarter_all/MDB/MDB_q4quarter.parquet,data,processed_data,.parquet,18191,0.017
data/processed/legacy_xbrl/q4quarter_all/MDB/MDB_q4quarter_summary.csv,data,processed_data,.csv,410,0.0
data/processed/legacy_xbrl/q4quarter_all/MDB/MDB_q4quarter_summary.parquet,data,processed_data,.parquet,2851,0.003
data/processed/legacy_xbrl/q4quarter_all/MDLZ/MDLZ_q4quarter.csv,data,processed_data,.csv,5598,0.005
data/processed/legacy_xbrl/q4quarter_all/MDLZ/MDLZ_q4quarter.parquet,data,processed_data,.parquet,19602,0.019
data/processed/legacy_xbrl/q4quarter_all/MDLZ/MDLZ_q4quarter_summary.csv,data,processed_data,.csv,810,0.001
data/processed/legacy_xbrl/q4quarter_all/MDLZ/MDLZ_q4quarter_summary.parquet,data,processed_data,.parquet,2980,0.003
data/processed/legacy_xbrl/q4quarter_all/MDT/MDT_q4quarter.csv,data,processed_data,.csv,3570,0.003
data/processed/legacy_xbrl/q4quarter_all/MDT/MDT_q4quarter.parquet,data,processed_data,.parquet,18669,0.018
data/processed/legacy_xbrl/q4quarter_all/MDT/MDT_q4quarter_summary.csv,data,processed_data,.csv,506,0.0
data/processed/legacy_xbrl/q4quarter_all/MDT/MDT_q4quarter_summary.parquet,data,processed_data,.parquet,2899,0.003
data/processed/legacy_xbrl/q4quarter_all/MELI/MELI_q4quarter.csv,data,processed_data,.csv,4834,0.005
data/processed/legacy_xbrl/q4quarter_all/MELI/MELI_q4quarter.parquet,data,processed_data,.parquet,20611,0.02
data/processed/legacy_xbrl/q4quarter_all/MELI/MELI_q4quarter_summary.csv,data,processed_data,.csv,809,0.001
data/processed/legacy_xbrl/q4quarter_all/MELI/MELI_q4quarter_summary.parquet,data,processed_data,.parquet,3010,0.003
data/processed/legacy_xbrl/q4quarter_all/MET/MET_q4quarter.csv,data,processed_data,.csv,4056,0.004
data/processed/legacy_xbrl/q4quarter_all/MET/MET_q4quarter.parquet,data,processed_data,.parquet,14503,0.014
data/processed/legacy_xbrl/q4quarter_all/MET/MET_q4quarter_summary.csv,data,processed_data,.csv,794,0.001
data/processed/legacy_xbrl/q4quarter_all/MET/MET_q4quarter_summary.parquet,data,processed_data,.parquet,2964,0.003
data/processed/legacy_xbrl/q4quarter_all/META/META_q4quarter.csv,data,processed_data,.csv,4749,0.005
data/processed/legacy_xbrl/q4quarter_all/META/META_q4quarter.parquet,data,processed_data,.parquet,19169,0.018
data/processed/legacy_xbrl/q4quarter_all/META/META_q4quarter_summary.csv,data,processed_data,.csv,663,0.001
data/processed/legacy_xbrl/q4quarter_all/META/META_q4quarter_summary.parquet,data,processed_data,.parquet,2906,0.003
data/processed/legacy_xbrl/q4quarter_all/MMC/MMC_q4quarter.csv,data,processed_data,.csv,4507,0.004
data/processed/legacy_xbrl/q4quarter_all/MMC/MMC_q4quarter.parquet,data,processed_data,.parquet,16670,0.016
data/processed/legacy_xbrl/q4quarter_all/MMC/MMC_q4quarter_summary.csv,data,processed_data,.csv,794,0.001
data/processed/legacy_xbrl/q4quarter_all/MMC/MMC_q4quarter_summary.parquet,data,processed_data,.parquet,2943,0.003
data/processed/legacy_xbrl/q4quarter_all/MMM/MMM_q4quarter.csv,data,processed_data,.csv,5787,0.006
data/processed/legacy_xbrl/q4quarter_all/MMM/MMM_q4quarter.parquet,data,processed_data,.parquet,20998,0.02
data/processed/legacy_xbrl/q4quarter_all/MMM/MMM_q4quarter_summary.csv,data,processed_data,.csv,794,0.001
data/processed/legacy_xbrl/q4quarter_all/MMM/MMM_q4quarter_summary.parquet,data,processed_data,.parquet,2979,0.003
data/processed/legacy_xbrl/q4quarter_all/MNST/MNST_q4quarter.csv,data,processed_data,.csv,4466,0.004
data/processed/legacy_xbrl/q4quarter_all/MNST/MNST_q4quarter.parquet,data,processed_data,.parquet,19136,0.018
data/processed/legacy_xbrl/q4quarter_all/MNST/MNST_q4quarter_summary.csv,data,processed_data,.csv,809,0.001
data/processed/legacy_xbrl/q4quarter_all/MNST/MNST_q4quarter_summary.parquet,data,processed_data,.parquet,2993,0.003
data/processed/legacy_xbrl/q4quarter_all/MO/MO_q4quarter.csv,data,processed_data,.csv,5515,0.005
data/processed/legacy_xbrl/q4quarter_all/MO/MO_q4quarter.parquet,data,processed_data,.parquet,19515,0.019
data/processed/legacy_xbrl/q4quarter_all/MO/MO_q4quarter_summary.csv,data,processed_data,.csv,778,0.001
data/processed/legacy_xbrl/q4quarter_all/MO/MO_q4quarter_summary.parquet,data,processed_data,.parquet,2950,0.003
data/processed/legacy_xbrl/q4quarter_all/MPC/MPC_q4quarter.csv,data,processed_data,.csv,5094,0.005
data/processed/legacy_xbrl/q4quarter_all/MPC/MPC_q4quarter.parquet,data,processed_data,.parquet,20037,0.019
data/processed/legacy_xbrl/q4quarter_all/MPC/MPC_q4quarter_summary.csv,data,processed_data,.csv,698,0.001
data/processed/legacy_xbrl/q4quarter_all/MPC/MPC_q4quarter_summary.parquet,data,processed_data,.parquet,2949,0.003
data/processed/legacy_xbrl/q4quarter_all/MRK/MRK_q4quarter.csv,data,processed_data,.csv,5014,0.005
data/processed/legacy_xbrl/q4quarter_all/MRK/MRK_q4quarter.parquet,data,processed_data,.parquet,18656,0.018
data/processed/legacy_xbrl/q4quarter_all/MRK/MRK_q4quarter_summary.csv,data,processed_data,.csv,794,0.001
data/processed/legacy_xbrl/q4quarter_all/MRK/MRK_q4quarter_summary.parquet,data,processed_data,.parquet,2974,0.003
data/processed/legacy_xbrl/q4quarter_all/MRVL/MRVL_q4quarter.csv,data,processed_data,.csv,1713,0.002
data/processed/legacy_xbrl/q4quarter_all/MRVL/MRVL_q4quarter.parquet,data,processed_data,.parquet,17511,0.017
data/processed/legacy_xbrl/q4quarter_all/MRVL/MRVL_q4quarter_summary.csv,data,processed_data,.csv,222,0.0
data/processed/legacy_xbrl/q4quarter_all/MRVL/MRVL_q4quarter_summary.parquet,data,processed_data,.parquet,2810,0.003
data/processed/legacy_xbrl/q4quarter_all/MS/MS_q4quarter.csv,data,processed_data,.csv,3808,0.004
data/processed/legacy_xbrl/q4quarter_all/MS/MS_q4quarter.parquet,data,processed_data,.parquet,13821,0.013
data/processed/legacy_xbrl/q4quarter_all/MS/MS_q4quarter_summary.csv,data,processed_data,.csv,778,0.001
data/processed/legacy_xbrl/q4quarter_all/MS/MS_q4quarter_summary.parquet,data,processed_data,.parquet,2971,0.003
data/processed/legacy_xbrl/q4quarter_all/MSCI/MSCI_q4quarter.csv,data,processed_data,.csv,5160,0.005
data/processed/legacy_xbrl/q4quarter_all/MSCI/MSCI_q4quarter.parquet,data,processed_data,.parquet,19540,0.019
data/processed/legacy_xbrl/q4quarter_all/MSCI/MSCI_q4quarter_summary.csv,data,processed_data,.csv,809,0.001
data/processed/legacy_xbrl/q4quarter_all/MSCI/MSCI_q4quarter_summary.parquet,data,processed_data,.parquet,2999,0.003
data/processed/legacy_xbrl/q4quarter_all/MSFT/MSFT_q4quarter.csv,data,processed_data,.csv,5800,0.006
data/processed/legacy_xbrl/q4quarter_all/MSFT/MSFT_q4quarter.parquet,data,processed_data,.parquet,20765,0.02
data/processed/legacy_xbrl/q4quarter_all/MSFT/MSFT_q4quarter_summary.csv,data,processed_data,.csv,809,0.001
data/processed/legacy_xbrl/q4quarter_all/MSFT/MSFT_q4quarter_summary.parquet,data,processed_data,.parquet,3000,0.003
data/processed/legacy_xbrl/q4quarter_all/MSI/MSI_q4quarter.csv,data,processed_data,.csv,5738,0.005
data/processed/legacy_xbrl/q4quarter_all/MSI/MSI_q4quarter.parquet,data,processed_data,.parquet,21048,0.02
data/processed/legacy_xbrl/q4quarter_all/MSI/MSI_q4quarter_summary.csv,data,processed_data,.csv,794,0.001
data/processed/legacy_xbrl/q4quarter_all/MSI/MSI_q4quarter_summary.parquet,data,processed_data,.parquet,2961,0.003
data/processed/legacy_xbrl/q4quarter_all/MSTR/MSTR_q4quarter.csv,data,processed_data,.csv,4712,0.004
data/processed/legacy_xbrl/q4quarter_all/MSTR/MSTR_q4quarter.parquet,data,processed_data,.parquet,20029,0.019
data/processed/legacy_xbrl/q4quarter_all/MSTR/MSTR_q4quarter_summary.csv,data,processed_data,.csv,808,0.001
data/processed/legacy_xbrl/q4quarter_all/MSTR/MSTR_q4quarter_summary.parquet,data,processed_data,.parquet,2997,0.003
data/processed/legacy_xbrl/q4quarter_all/MU/MU_q4quarter.csv,data,processed_data,.csv,5051,0.005
data/processed/legacy_xbrl/q4quarter_all/MU/MU_q4quarter.parquet,data,processed_data,.parquet,21244,0.02
data/processed/legacy_xbrl/q4quarter_all/MU/MU_q4quarter_summary.csv,data,processed_data,.csv,776,0.001
data/processed/legacy_xbrl/q4quarter_all/MU/MU_q4quarter_summary.parquet,data,processed_data,.parquet,2953,0.003
data/processed/legacy_xbrl/q4quarter_all/NDAQ/NDAQ_q4quarter.csv,data,processed_data,.csv,5007,0.005
data/processed/legacy_xbrl/q4quarter_all/NDAQ/NDAQ_q4quarter.parquet,data,processed_data,.parquet,18691,0.018
data/processed/legacy_xbrl/q4quarter_all/NDAQ/NDAQ_q4quarter_summary.csv,data,processed_data,.csv,809,0.001
data/processed/legacy_xbrl/q4quarter_all/NDAQ/NDAQ_q4quarter_summary.parquet,data,processed_data,.parquet,2958,0.003
data/processed/legacy_xbrl/q4quarter_all/NEE/NEE_q4quarter.csv,data,processed_data,.csv,5132,0.005
data/processed/legacy_xbrl/q4quarter_all/NEE/NEE_q4quarter.parquet,data,processed_data,.parquet,17548,0.017
data/processed/legacy_xbrl/q4quarter_all/NEE/NEE_q4quarter_summary.csv,data,processed_data,.csv,794,0.001
data/processed/legacy_xbrl/q4quarter_all/NEE/NEE_q4quarter_summary.parquet,data,processed_data,.parquet,2935,0.003
data/processed/legacy_xbrl/q4quarter_all/NEM/NEM_q4quarter.csv,data,processed_data,.csv,5193,0.005
data/processed/legacy_xbrl/q4quarter_all/NEM/NEM_q4quarter.parquet,data,processed_data,.parquet,20043,0.019
data/processed/legacy_xbrl/q4quarter_all/NEM/NEM_q4quarter_summary.csv,data,processed_data,.csv,794,0.001
data/processed/legacy_xbrl/q4quarter_all/NEM/NEM_q4quarter_summary.parquet,data,processed_data,.parquet,3000,0.003
data/processed/legacy_xbrl/q4quarter_all/NFLX/NFLX_q4quarter.csv,data,processed_data,.csv,5651,0.005
data/processed/legacy_xbrl/q4quarter_all/NFLX/NFLX_q4quarter.parquet,data,processed_data,.parquet,19733,0.019
data/processed/legacy_xbrl/q4quarter_all/NFLX/NFLX_q4quarter_summary.csv,data,processed_data,.csv,810,0.001
data/processed/legacy_xbrl/q4quarter_all/NFLX/NFLX_q4quarter_summary.parquet,data,processed_data,.parquet,2963,0.003
data/processed/legacy_xbrl/q4quarter_all/NKE/NKE_q4quarter.csv,data,processed_data,.csv,4973,0.005
data/processed/legacy_xbrl/q4quarter_all/NKE/NKE_q4quarter.parquet,data,processed_data,.parquet,19139,0.018
data/processed/legacy_xbrl/q4quarter_all/NKE/NKE_q4quarter_summary.csv,data,processed_data,.csv,793,0.001
data/processed/legacy_xbrl/q4quarter_all/NKE/NKE_q4quarter_summary.parquet,data,processed_data,.parquet,2967,0.003
data/processed/legacy_xbrl/q4quarter_all/NOC/NOC_q4quarter.csv,data,processed_data,.csv,5647,0.005
data/processed/legacy_xbrl/q4quarter_all/NOC/NOC_q4quarter.parquet,data,processed_data,.parquet,20343,0.019
data/processed/legacy_xbrl/q4quarter_all/NOC/NOC_q4quarter_summary.csv,data,processed_data,.csv,794,0.001
data/processed/legacy_xbrl/q4quarter_all/NOC/NOC_q4quarter_summary.parquet,data,processed_data,.parquet,2938,0.003
data/processed/legacy_xbrl/q4quarter_all/NOW/NOW_q4quarter.csv,data,processed_data,.csv,4640,0.004
data/processed/legacy_xbrl/q4quarter_all/NOW/NOW_q4quarter.parquet,data,processed_data,.parquet,20511,0.02
data/processed/legacy_xbrl/q4quarter_all/NOW/NOW_q4quarter_summary.csv,data,processed_data,.csv,650,0.001
data/processed/legacy_xbrl/q4quarter_all/NOW/NOW_q4quarter_summary.parquet,data,processed_data,.parquet,2924,0.003
data/processed/legacy_xbrl/q4quarter_all/NSC/NSC_q4quarter.csv,data,processed_data,.csv,5073,0.005
data/processed/legacy_xbrl/q4quarter_all/NSC/NSC_q4quarter.parquet,data,processed_data,.parquet,18811,0.018
data/processed/legacy_xbrl/q4quarter_all/NSC/NSC_q4quarter_summary.csv,data,processed_data,.csv,794,0.001
data/processed/legacy_xbrl/q4quarter_all/NSC/NSC_q4quarter_summary.parquet,data,processed_data,.parquet,2939,0.003
data/processed/legacy_xbrl/q4quarter_all/NVDA/NVDA_q4quarter.csv,data,processed_data,.csv,5696,0.005
data/processed/legacy_xbrl/q4quarter_all/NVDA/NVDA_q4quarter.parquet,data,processed_data,.parquet,21003,0.02
data/processed/legacy_xbrl/q4quarter_all/NVDA/NVDA_q4quarter_summary.csv,data,processed_data,.csv,810,0.001
data/processed/legacy_xbrl/q4quarter_all/NVDA/NVDA_q4quarter_summary.parquet,data,processed_data,.parquet,2953,0.003
data/processed/legacy_xbrl/q4quarter_all/NXPI/NXPI_q4quarter.csv,data,processed_data,.csv,2478,0.002
data/processed/legacy_xbrl/q4quarter_all/NXPI/NXPI_q4quarter.parquet,data,processed_data,.parquet,18573,0.018
data/processed/legacy_xbrl/q4quarter_all/NXPI/NXPI_q4quarter_summary.csv,data,processed_data,.csv,320,0.0
data/processed/legacy_xbrl/q4quarter_all/NXPI/NXPI_q4quarter_summary.parquet,data,processed_data,.parquet,2841,0.003
data/processed/legacy_xbrl/q4quarter_all/O/O_q4quarter.csv,data,processed_data,.csv,3379,0.003
data/processed/legacy_xbrl/q4quarter_all/O/O_q4quarter.parquet,data,processed_data,.parquet,13711,0.013
data/processed/legacy_xbrl/q4quarter_all/O/O_q4quarter_summary.csv,data,processed_data,.csv,761,0.001
data/processed/legacy_xbrl/q4quarter_all/O/O_q4quarter_summary.parquet,data,processed_data,.parquet,2971,0.003
data/processed/legacy_xbrl/q4quarter_all/ODFL/ODFL_q4quarter.csv,data,processed_data,.csv,4401,0.004
data/processed/legacy_xbrl/q4quarter_all/ODFL/ODFL_q4quarter.parquet,data,processed_data,.parquet,16741,0.016
data/processed/legacy_xbrl/q4quarter_all/ODFL/ODFL_q4quarter_summary.csv,data,processed_data,.csv,809,0.001
data/processed/legacy_xbrl/q4quarter_all/ODFL/ODFL_q4quarter_summary.parquet,data,processed_data,.parquet,2989,0.003
data/processed/legacy_xbrl/q4quarter_all/OKE/OKE_q4quarter.csv,data,processed_data,.csv,5793,0.006
data/processed/legacy_xbrl/q4quarter_all/OKE/OKE_q4quarter.parquet,data,processed_data,.parquet,20381,0.019
data/processed/legacy_xbrl/q4quarter_all/OKE/OKE_q4quarter_summary.csv,data,processed_data,.csv,794,0.001
data/processed/legacy_xbrl/q4quarter_all/OKE/OKE_q4quarter_summary.parquet,data,processed_data,.parquet,2948,0.003
data/processed/legacy_xbrl/q4quarter_all/ON/ON_q4quarter.csv,data,processed_data,.csv,5249,0.005
data/processed/legacy_xbrl/q4quarter_all/ON/ON_q4quarter.parquet,data,processed_data,.parquet,19547,0.019
data/processed/legacy_xbrl/q4quarter_all/ON/ON_q4quarter_summary.csv,data,processed_data,.csv,777,0.001
data/processed/legacy_xbrl/q4quarter_all/ON/ON_q4quarter_summary.parquet,data,processed_data,.parquet,2978,0.003
data/processed/legacy_xbrl/q4quarter_all/ORCL/ORCL_q4quarter.csv,data,processed_data,.csv,5539,0.005
data/processed/legacy_xbrl/q4quarter_all/ORCL/ORCL_q4quarter.parquet,data,processed_data,.parquet,20533,0.02
data/processed/legacy_xbrl/q4quarter_all/ORCL/ORCL_q4quarter_summary.csv,data,processed_data,.csv,809,0.001
data/processed/legacy_xbrl/q4quarter_all/ORCL/ORCL_q4quarter_summary.parquet,data,processed_data,.parquet,3012,0.003
data/processed/legacy_xbrl/q4quarter_all/ORLY/ORLY_q4quarter.csv,data,processed_data,.csv,5101,0.005
data/processed/legacy_xbrl/q4quarter_all/ORLY/ORLY_q4quarter.parquet,data,processed_data,.parquet,19465,0.019
data/processed/legacy_xbrl/q4quarter_all/ORLY/ORLY_q4quarter_summary.csv,data,processed_data,.csv,809,0.001
data/processed/legacy_xbrl/q4quarter_all/ORLY/ORLY_q4quarter_summary.parquet,data,processed_data,.parquet,2962,0.003
data/processed/legacy_xbrl/q4quarter_all/OXY/OXY_q4quarter.csv,data,processed_data,.csv,5281,0.005
data/processed/legacy_xbrl/q4quarter_all/OXY/OXY_q4quarter.parquet,data,processed_data,.parquet,18932,0.018
data/processed/legacy_xbrl/q4quarter_all/OXY/OXY_q4quarter_summary.csv,data,processed_data,.csv,794,0.001
data/processed/legacy_xbrl/q4quarter_all/OXY/OXY_q4quarter_summary.parquet,data,processed_data,.parquet,2932,0.003
data/processed/legacy_xbrl/q4quarter_all/PANW/PANW_q4quarter.csv,data,processed_data,.csv,3874,0.004
data/processed/legacy_xbrl/q4quarter_all/PANW/PANW_q4quarter.parquet,data,processed_data,.parquet,19001,0.018
data/processed/legacy_xbrl/q4quarter_all/PANW/PANW_q4quarter_summary.csv,data,processed_data,.csv,662,0.001
data/processed/legacy_xbrl/q4quarter_all/PANW/PANW_q4quarter_summary.parquet,data,processed_data,.parquet,2931,0.003
data/processed/legacy_xbrl/q4quarter_all/PAYX/PAYX_q4quarter.csv,data,processed_data,.csv,4720,0.005
data/processed/legacy_xbrl/q4quarter_all/PAYX/PAYX_q4quarter.parquet,data,processed_data,.parquet,18618,0.018
data/processed/legacy_xbrl/q4quarter_all/PAYX/PAYX_q4quarter_summary.csv,data,processed_data,.csv,809,0.001
data/processed/legacy_xbrl/q4quarter_all/PAYX/PAYX_q4quarter_summary.parquet,data,processed_data,.parquet,3001,0.003
data/processed/legacy_xbrl/q4quarter_all/PCAR/PCAR_q4quarter.csv,data,processed_data,.csv,5321,0.005
data/processed/legacy_xbrl/q4quarter_all/PCAR/PCAR_q4quarter.parquet,data,processed_data,.parquet,18818,0.018
data/processed/legacy_xbrl/q4quarter_all/PCAR/PCAR_q4quarter_summary.csv,data,processed_data,.csv,810,0.001
data/processed/legacy_xbrl/q4quarter_all/PCAR/PCAR_q4quarter_summary.parquet,data,processed_data,.parquet,3001,0.003
data/processed/legacy_xbrl/q4quarter_all/PCG/PCG_q4quarter.csv,data,processed_data,.csv,5192,0.005
data/processed/legacy_xbrl/q4quarter_all/PCG/PCG_q4quarter.parquet,data,processed_data,.parquet,18852,0.018
data/processed/legacy_xbrl/q4quarter_all/PCG/PCG_q4quarter_summary.csv,data,processed_data,.csv,794,0.001
data/processed/legacy_xbrl/q4quarter_all/PCG/PCG_q4quarter_summary.parquet,data,processed_data,.parquet,2940,0.003
data/processed/legacy_xbrl/q4quarter_all/PEG/PEG_q4quarter.csv,data,processed_data,.csv,4933,0.005
data/processed/legacy_xbrl/q4quarter_all/PEG/PEG_q4quarter.parquet,data,processed_data,.parquet,18728,0.018
data/processed/legacy_xbrl/q4quarter_all/PEG/PEG_q4quarter_summary.csv,data,processed_data,.csv,794,0.001
data/processed/legacy_xbrl/q4quarter_all/PEG/PEG_q4quarter_summary.parquet,data,processed_data,.parquet,2970,0.003
data/processed/legacy_xbrl/q4quarter_all/PEP/PEP_q4quarter.csv,data,processed_data,.csv,5622,0.005
data/processed/legacy_xbrl/q4quarter_all/PEP/PEP_q4quarter.parquet,data,processed_data,.parquet,18985,0.018
data/processed/legacy_xbrl/q4quarter_all/PEP/PEP_q4quarter_summary.csv,data,processed_data,.csv,794,0.001
data/processed/legacy_xbrl/q4quarter_all/PEP/PEP_q4quarter_summary.parquet,data,processed_data,.parquet,2956,0.003
data/processed/legacy_xbrl/q4quarter_all/PFE/PFE_q4quarter.csv,data,processed_data,.csv,5479,0.005
data/processed/legacy_xbrl/q4quarter_all/PFE/PFE_q4quarter.parquet,data,processed_data,.parquet,19572,0.019
data/processed/legacy_xbrl/q4quarter_all/PFE/PFE_q4quarter_summary.csv,data,processed_data,.csv,794,0.001
data/processed/legacy_xbrl/q4quarter_all/PFE/PFE_q4quarter_summary.parquet,data,processed_data,.parquet,2957,0.003
data/processed/legacy_xbrl/q4quarter_all/PG/PG_q4quarter.csv,data,processed_data,.csv,5417,0.005
data/processed/legacy_xbrl/q4quarter_all/PG/PG_q4quarter.parquet,data,processed_data,.parquet,20152,0.019
data/processed/legacy_xbrl/q4quarter_all/PG/PG_q4quarter_summary.csv,data,processed_data,.csv,777,0.001
data/processed/legacy_xbrl/q4quarter_all/PG/PG_q4quarter_summary.parquet,data,processed_data,.parquet,2945,0.003
data/processed/legacy_xbrl/q4quarter_all/PGR/PGR_q4quarter.csv,data,processed_data,.csv,3823,0.004
data/processed/legacy_xbrl/q4quarter_all/PGR/PGR_q4quarter.parquet,data,processed_data,.parquet,12997,0.012
data/processed/legacy_xbrl/q4quarter_all/PGR/PGR_q4quarter_summary.csv,data,processed_data,.csv,794,0.001
data/processed/legacy_xbrl/q4quarter_all/PGR/PGR_q4quarter_summary.parquet,data,processed_data,.parquet,2943,0.003
data/processed/legacy_xbrl/q4quarter_all/PH/PH_q4quarter.csv,data,processed_data,.csv,4855,0.005
data/processed/legacy_xbrl/q4quarter_all/PH/PH_q4quarter.parquet,data,processed_data,.parquet,19265,0.018
data/processed/legacy_xbrl/q4quarter_all/PH/PH_q4quarter_summary.csv,data,processed_data,.csv,777,0.001
data/processed/legacy_xbrl/q4quarter_all/PH/PH_q4quarter_summary.parquet,data,processed_data,.parquet,2968,0.003
data/processed/legacy_xbrl/q4quarter_all/PLD/PLD_q4quarter.csv,data,processed_data,.csv,3416,0.003
data/processed/legacy_xbrl/q4quarter_all/PLD/PLD_q4quarter.parquet,data,processed_data,.parquet,15363,0.015
data/processed/legacy_xbrl/q4quarter_all/PLD/PLD_q4quarter_summary.csv,data,processed_data,.csv,793,0.001
data/processed/legacy_xbrl/q4quarter_all/PLD/PLD_q4quarter_summary.parquet,data,processed_data,.parquet,3005,0.003
data/processed/legacy_xbrl/q4quarter_all/PLTR/PLTR_q4quarter.csv,data,processed_data,.csv,2134,0.002
data/processed/legacy_xbrl/q4quarter_all/PLTR/PLTR_q4quarter.parquet,data,processed_data,.parquet,17835,0.017
data/processed/legacy_xbrl/q4quarter_all/PLTR/PLTR_q4quarter_summary.csv,data,processed_data,.csv,271,0.0
data/processed/legacy_xbrl/q4quarter_all/PLTR/PLTR_q4quarter_summary.parquet,data,processed_data,.parquet,2841,0.003
data/processed/legacy_xbrl/q4quarter_all/PM/PM_q4quarter.csv,data,processed_data,.csv,5781,0.006
data/processed/legacy_xbrl/q4quarter_all/PM/PM_q4quarter.parquet,data,processed_data,.parquet,20403,0.019
data/processed/legacy_xbrl/q4quarter_all/PM/PM_q4quarter_summary.csv,data,processed_data,.csv,778,0.001
data/processed/legacy_xbrl/q4quarter_all/PM/PM_q4quarter_summary.parquet,data,processed_data,.parquet,2941,0.003
data/processed/legacy_xbrl/q4quarter_all/PNC/PNC_q4quarter.csv,data,processed_data,.csv,3989,0.004
data/processed/legacy_xbrl/q4quarter_all/PNC/PNC_q4quarter.parquet,data,processed_data,.parquet,13924,0.013
data/processed/legacy_xbrl/q4quarter_all/PNC/PNC_q4quarter_summary.csv,data,processed_data,.csv,794,0.001
data/processed/legacy_xbrl/q4quarter_all/PNC/PNC_q4quarter_summary.parquet,data,processed_data,.parquet,2985,0.003
data/processed/legacy_xbrl/q4quarter_all/PRU/PRU_q4quarter.csv,data,processed_data,.csv,4163,0.004
data/processed/legacy_xbrl/q4quarter_all/PRU/PRU_q4quarter.parquet,data,processed_data,.parquet,16587,0.016
data/processed/legacy_xbrl/q4quarter_all/PRU/PRU_q4quarter_summary.csv,data,processed_data,.csv,794,0.001
data/processed/legacy_xbrl/q4quarter_all/PRU/PRU_q4quarter_summary.parquet,data,processed_data,.parquet,2972,0.003
data/processed/legacy_xbrl/q4quarter_all/PSA/PSA_q4quarter.csv,data,processed_data,.csv,4197,0.004
data/processed/legacy_xbrl/q4quarter_all/PSA/PSA_q4quarter.parquet,data,processed_data,.parquet,16015,0.015
data/processed/legacy_xbrl/q4quarter_all/PSA/PSA_q4quarter_summary.csv,data,processed_data,.csv,794,0.001
data/processed/legacy_xbrl/q4quarter_all/PSA/PSA_q4quarter_summary.parquet,data,processed_data,.parquet,2951,0.003
data/processed/legacy_xbrl/q4quarter_all/PSX/PSX_q4quarter.csv,data,processed_data,.csv,4177,0.004
data/processed/legacy_xbrl/q4quarter_all/PSX/PSX_q4quarter.parquet,data,processed_data,.parquet,17729,0.017
data/processed/legacy_xbrl/q4quarter_all/PSX/PSX_q4quarter_summary.csv,data,processed_data,.csv,650,0.001
data/processed/legacy_xbrl/q4quarter_all/PSX/PSX_q4quarter_summary.parquet,data,processed_data,.parquet,2916,0.003
data/processed/legacy_xbrl/q4quarter_all/PWR/PWR_q4quarter.csv,data,processed_data,.csv,4954,0.005
data/processed/legacy_xbrl/q4quarter_all/PWR/PWR_q4quarter.parquet,data,processed_data,.parquet,18753,0.018
data/processed/legacy_xbrl/q4quarter_all/PWR/PWR_q4quarter_summary.csv,data,processed_data,.csv,794,0.001
data/processed/legacy_xbrl/q4quarter_all/PWR/PWR_q4quarter_summary.parquet,data,processed_data,.parquet,2992,0.003
data/processed/legacy_xbrl/q4quarter_all/PYPL/PYPL_q4quarter.csv,data,processed_data,.csv,3609,0.003
data/processed/legacy_xbrl/q4quarter_all/PYPL/PYPL_q4quarter.parquet,data,processed_data,.parquet,18708,0.018
data/processed/legacy_xbrl/q4quarter_all/PYPL/PYPL_q4quarter_summary.csv,data,processed_data,.csv,516,0.0
data/processed/legacy_xbrl/q4quarter_all/PYPL/PYPL_q4quarter_summary.parquet,data,processed_data,.parquet,2885,0.003
data/processed/legacy_xbrl/q4quarter_all/QCOM/QCOM_q4quarter.csv,data,processed_data,.csv,5698,0.005
data/processed/legacy_xbrl/q4quarter_all/QCOM/QCOM_q4quarter.parquet,data,processed_data,.parquet,19839,0.019
data/processed/legacy_xbrl/q4quarter_all/QCOM/QCOM_q4quarter_summary.csv,data,processed_data,.csv,810,0.001
data/processed/legacy_xbrl/q4quarter_all/QCOM/QCOM_q4quarter_summary.parquet,data,processed_data,.parquet,3001,0.003
data/processed/legacy_xbrl/q4quarter_all/RCL/RCL_q4quarter.csv,data,processed_data,.csv,4596,0.004
data/processed/legacy_xbrl/q4quarter_all/RCL/RCL_q4quarter.parquet,data,processed_data,.parquet,17287,0.016
data/processed/legacy_xbrl/q4quarter_all/RCL/RCL_q4quarter_summary.csv,data,processed_data,.csv,793,0.001
data/processed/legacy_xbrl/q4quarter_all/RCL/RCL_q4quarter_summary.parquet,data,processed_data,.parquet,2964,0.003
data/processed/legacy_xbrl/q4quarter_all/REGN/REGN_q4quarter.csv,data,processed_data,.csv,5280,0.005
data/processed/legacy_xbrl/q4quarter_all/REGN/REGN_q4quarter.parquet,data,processed_data,.parquet,20315,0.019
data/processed/legacy_xbrl/q4quarter_all/REGN/REGN_q4quarter_summary.csv,data,processed_data,.csv,809,0.001
data/processed/legacy_xbrl/q4quarter_all/REGN/REGN_q4quarter_summary.parquet,data,processed_data,.parquet,2962,0.003
data/processed/legacy_xbrl/q4quarter_all/ROP/ROP_q4quarter.csv,data,processed_data,.csv,5751,0.005
data/processed/legacy_xbrl/q4quarter_all/ROP/ROP_q4quarter.parquet,data,processed_data,.parquet,21065,0.02
data/processed/legacy_xbrl/q4quarter_all/ROP/ROP_q4quarter_summary.csv,data,processed_data,.csv,794,0.001
data/processed/legacy_xbrl/q4quarter_all/ROP/ROP_q4quarter_summary.parquet,data,processed_data,.parquet,2938,0.003
data/processed/legacy_xbrl/q4quarter_all/ROST/ROST_q4quarter.csv,data,processed_data,.csv,4769,0.005
data/processed/legacy_xbrl/q4quarter_all/ROST/ROST_q4quarter.parquet,data,processed_data,.parquet,18700,0.018
data/processed/legacy_xbrl/q4quarter_all/ROST/ROST_q4quarter_summary.csv,data,processed_data,.csv,809,0.001
data/processed/legacy_xbrl/q4quarter_all/ROST/ROST_q4quarter_summary.parquet,data,processed_data,.parquet,2941,0.003
data/processed/legacy_xbrl/q4quarter_all/RSG/RSG_q4quarter.csv,data,processed_data,.csv,5364,0.005
data/processed/legacy_xbrl/q4quarter_all/RSG/RSG_q4quarter.parquet,data,processed_data,.parquet,19642,0.019
data/processed/legacy_xbrl/q4quarter_all/RSG/RSG_q4quarter_summary.csv,data,processed_data,.csv,794,0.001
data/processed/legacy_xbrl/q4quarter_all/RSG/RSG_q4quarter_summary.parquet,data,processed_data,.parquet,2961,0.003
data/processed/legacy_xbrl/q4quarter_all/RTX/RTX_q4quarter.csv,data,processed_data,.csv,5456,0.005
data/processed/legacy_xbrl/q4quarter_all/RTX/RTX_q4quarter.parquet,data,processed_data,.parquet,20765,0.02
data/processed/legacy_xbrl/q4quarter_all/RTX/RTX_q4quarter_summary.csv,data,processed_data,.csv,794,0.001
data/processed/legacy_xbrl/q4quarter_all/RTX/RTX_q4quarter_summary.parquet,data,processed_data,.parquet,2958,0.003
data/processed/legacy_xbrl/q4quarter_all/SBUX/SBUX_q4quarter.csv,data,processed_data,.csv,5716,0.005
data/processed/legacy_xbrl/q4quarter_all/SBUX/SBUX_q4quarter.parquet,data,processed_data,.parquet,20437,0.019
data/processed/legacy_xbrl/q4quarter_all/SBUX/SBUX_q4quarter_summary.csv,data,processed_data,.csv,810,0.001
data/processed/legacy_xbrl/q4quarter_all/SBUX/SBUX_q4quarter_summary.parquet,data,processed_data,.parquet,2962,0.003
data/processed/legacy_xbrl/q4quarter_all/SCHW/SCHW_q4quarter.csv,data,processed_data,.csv,4033,0.004
data/processed/legacy_xbrl/q4quarter_all/SCHW/SCHW_q4quarter.parquet,data,processed_data,.parquet,14350,0.014
data/processed/legacy_xbrl/q4quarter_all/SCHW/SCHW_q4quarter_summary.csv,data,processed_data,.csv,810,0.001
data/processed/legacy_xbrl/q4quarter_all/SCHW/SCHW_q4quarter_summary.parquet,data,processed_data,.parquet,2956,0.003
data/processed/legacy_xbrl/q4quarter_all/SHW/SHW_q4quarter.csv,data,processed_data,.csv,5531,0.005
data/processed/legacy_xbrl/q4quarter_all/SHW/SHW_q4quarter.parquet,data,processed_data,.parquet,20858,0.02
data/processed/legacy_xbrl/q4quarter_all/SHW/SHW_q4quarter_summary.csv,data,processed_data,.csv,794,0.001
data/processed/legacy_xbrl/q4quarter_all/SHW/SHW_q4quarter_summary.parquet,data,processed_data,.parquet,2952,0.003
data/processed/legacy_xbrl/q4quarter_all/SLB/SLB_q4quarter.csv,data,processed_data,.csv,5215,0.005
data/processed/legacy_xbrl/q4quarter_all/SLB/SLB_q4quarter.parquet,data,processed_data,.parquet,19480,0.019
data/processed/legacy_xbrl/q4quarter_all/SLB/SLB_q4quarter_summary.csv,data,processed_data,.csv,794,0.001
data/processed/legacy_xbrl/q4quarter_all/SLB/SLB_q4quarter_summary.parquet,data,processed_data,.parquet,2993,0.003
data/processed/legacy_xbrl/q4quarter_all/SNPS/SNPS_q4quarter.csv,data,processed_data,.csv,5336,0.005
data/processed/legacy_xbrl/q4quarter_all/SNPS/SNPS_q4quarter.parquet,data,processed_data,.parquet,20839,0.02
data/processed/legacy_xbrl/q4quarter_all/SNPS/SNPS_q4quarter_summary.csv,data,processed_data,.csv,809,0.001
data/processed/legacy_xbrl/q4quarter_all/SNPS/SNPS_q4quarter_summary.parquet,data,processed_data,.parquet,2978,0.003
data/processed/legacy_xbrl/q4quarter_all/SO/SO_q4quarter.csv,data,processed_data,.csv,5053,0.005
data/processed/legacy_xbrl/q4quarter_all/SO/SO_q4quarter.parquet,data,processed_data,.parquet,18052,0.017
data/processed/legacy_xbrl/q4quarter_all/SO/SO_q4quarter_summary.csv,data,processed_data,.csv,778,0.001
data/processed/legacy_xbrl/q4quarter_all/SO/SO_q4quarter_summary.parquet,data,processed_data,.parquet,2943,0.003
data/processed/legacy_xbrl/q4quarter_all/SPG/SPG_q4quarter.csv,data,processed_data,.csv,3709,0.004
data/processed/legacy_xbrl/q4quarter_all/SPG/SPG_q4quarter.parquet,data,processed_data,.parquet,14977,0.014
data/processed/legacy_xbrl/q4quarter_all/SPG/SPG_q4quarter_summary.csv,data,processed_data,.csv,794,0.001
data/processed/legacy_xbrl/q4quarter_all/SPG/SPG_q4quarter_summary.parquet,data,processed_data,.parquet,2973,0.003
data/processed/legacy_xbrl/q4quarter_all/SPGI/SPGI_q4quarter.csv,data,processed_data,.csv,5401,0.005
data/processed/legacy_xbrl/q4quarter_all/SPGI/SPGI_q4quarter.parquet,data,processed_data,.parquet,20238,0.019
data/processed/legacy_xbrl/q4quarter_all/SPGI/SPGI_q4quarter_summary.csv,data,processed_data,.csv,810,0.001
data/processed/legacy_xbrl/q4quarter_all/SPGI/SPGI_q4quarter_summary.parquet,data,processed_data,.parquet,2960,0.003
data/processed/legacy_xbrl/q4quarter_all/SRE/SRE_q4quarter.csv,data,processed_data,.csv,5175,0.005
data/processed/legacy_xbrl/q4quarter_all/SRE/SRE_q4quarter.parquet,data,processed_data,.parquet,18905,0.018
data/processed/legacy_xbrl/q4quarter_all/SRE/SRE_q4quarter_summary.csv,data,processed_data,.csv,794,0.001
data/processed/legacy_xbrl/q4quarter_all/SRE/SRE_q4quarter_summary.parquet,data,processed_data,.parquet,2923,0.003
data/processed/legacy_xbrl/q4quarter_all/SYK/SYK_q4quarter.csv,data,processed_data,.csv,5976,0.006
data/processed/legacy_xbrl/q4quarter_all/SYK/SYK_q4quarter.parquet,data,processed_data,.parquet,21678,0.021
data/processed/legacy_xbrl/q4quarter_all/SYK/SYK_q4quarter_summary.csv,data,processed_data,.csv,794,0.001
data/processed/legacy_xbrl/q4quarter_all/SYK/SYK_q4quarter_summary.parquet,data,processed_data,.parquet,2942,0.003
data/processed/legacy_xbrl/q4quarter_all/T/T_q4quarter.csv,data,processed_data,.csv,5370,0.005
data/processed/legacy_xbrl/q4quarter_all/T/T_q4quarter.parquet,data,processed_data,.parquet,19519,0.019
data/processed/legacy_xbrl/q4quarter_all/T/T_q4quarter_summary.csv,data,processed_data,.csv,762,0.001
data/processed/legacy_xbrl/q4quarter_all/T/T_q4quarter_summary.parquet,data,processed_data,.parquet,2949,0.003
data/processed/legacy_xbrl/q4quarter_all/TDG/TDG_q4quarter.csv,data,processed_data,.csv,4781,0.005
data/processed/legacy_xbrl/q4quarter_all/TDG/TDG_q4quarter.parquet,data,processed_data,.parquet,20546,0.02
data/processed/legacy_xbrl/q4quarter_all/TDG/TDG_q4quarter_summary.csv,data,processed_data,.csv,793,0.001
data/processed/legacy_xbrl/q4quarter_all/TDG/TDG_q4quarter_summary.parquet,data,processed_data,.parquet,2999,0.003
data/processed/legacy_xbrl/q4quarter_all/TEAM/TEAM_q4quarter.csv,data,processed_data,.csv,1037,0.001
data/processed/legacy_xbrl/q4quarter_all/TEAM/TEAM_q4quarter.parquet,data,processed_data,.parquet,17233,0.016
data/processed/legacy_xbrl/q4quarter_all/TEAM/TEAM_q4quarter_summary.csv,data,processed_data,.csv,124,0.0
data/processed/legacy_xbrl/q4quarter_all/TEAM/TEAM_q4quarter_summary.parquet,data,processed_data,.parquet,2796,0.003
data/processed/legacy_xbrl/q4quarter_all/TEL/TEL_q4quarter.csv,data,processed_data,.csv,5386,0.005
data/processed/legacy_xbrl/q4quarter_all/TEL/TEL_q4quarter.parquet,data,processed_data,.parquet,19515,0.019
data/processed/legacy_xbrl/q4quarter_all/TEL/TEL_q4quarter_summary.csv,data,processed_data,.csv,794,0.001
data/processed/legacy_xbrl/q4quarter_all/TEL/TEL_q4quarter_summary.parquet,data,processed_data,.parquet,2983,0.003
data/processed/legacy_xbrl/q4quarter_all/TFC/TFC_q4quarter.csv,data,processed_data,.csv,4165,0.004
data/processed/legacy_xbrl/q4quarter_all/TFC/TFC_q4quarter.parquet,data,processed_data,.parquet,14567,0.014
data/processed/legacy_xbrl/q4quarter_all/TFC/TFC_q4quarter_summary.csv,data,processed_data,.csv,794,0.001
data/processed/legacy_xbrl/q4quarter_all/TFC/TFC_q4quarter_summary.parquet,data,processed_data,.parquet,2950,0.003
data/processed/legacy_xbrl/q4quarter_all/TGT/TGT_q4quarter.csv,data,processed_data,.csv,4979,0.005
data/processed/legacy_xbrl/q4quarter_all/TGT/TGT_q4quarter.parquet,data,processed_data,.parquet,18607,0.018
data/processed/legacy_xbrl/q4quarter_all/TGT/TGT_q4quarter_summary.csv,data,processed_data,.csv,794,0.001
data/processed/legacy_xbrl/q4quarter_all/TGT/TGT_q4quarter_summary.parquet,data,processed_data,.parquet,2956,0.003
data/processed/legacy_xbrl/q4quarter_all/TJX/TJX_q4quarter.csv,data,processed_data,.csv,5245,0.005
data/processed/legacy_xbrl/q4quarter_all/TJX/TJX_q4quarter.parquet,data,processed_data,.parquet,20084,0.019
data/processed/legacy_xbrl/q4quarter_all/TJX/TJX_q4quarter_summary.csv,data,processed_data,.csv,794,0.001
data/processed/legacy_xbrl/q4quarter_all/TJX/TJX_q4quarter_summary.parquet,data,processed_data,.parquet,2980,0.003
data/processed/legacy_xbrl/q4quarter_all/TMO/TMO_q4quarter.csv,data,processed_data,.csv,5678,0.005
data/processed/legacy_xbrl/q4quarter_all/TMO/TMO_q4quarter.parquet,data,processed_data,.parquet,21508,0.021
data/processed/legacy_xbrl/q4quarter_all/TMO/TMO_q4quarter_summary.csv,data,processed_data,.csv,794,0.001
data/processed/legacy_xbrl/q4quarter_all/TMO/TMO_q4quarter_summary.parquet,data,processed_data,.parquet,2926,0.003
data/processed/legacy_xbrl/q4quarter_all/TMUS/TMUS_q4quarter.csv,data,processed_data,.csv,5210,0.005
data/processed/legacy_xbrl/q4quarter_all/TMUS/TMUS_q4quarter.parquet,data,processed_data,.parquet,20054,0.019
data/processed/legacy_xbrl/q4quarter_all/TMUS/TMUS_q4quarter_summary.csv,data,processed_data,.csv,809,0.001
data/processed/legacy_xbrl/q4quarter_all/TMUS/TMUS_q4quarter_summary.parquet,data,processed_data,.parquet,2958,0.003
data/processed/legacy_xbrl/q4quarter_all/TRV/TRV_q4quarter.csv,data,processed_data,.csv,3630,0.003
data/processed/legacy_xbrl/q4quarter_all/TRV/TRV_q4quarter.parquet,data,processed_data,.parquet,13799,0.013
data/processed/legacy_xbrl/q4quarter_all/TRV/TRV_q4quarter_summary.csv,data,processed_data,.csv,794,0.001
data/processed/legacy_xbrl/q4quarter_all/TRV/TRV_q4quarter_summary.parquet,data,processed_data,.parquet,2950,0.003
data/processed/legacy_xbrl/q4quarter_all/TSLA/TSLA_q4quarter.csv,data,processed_data,.csv,5170,0.005
data/processed/legacy_xbrl/q4quarter_all/TSLA/TSLA_q4quarter.parquet,data,processed_data,.parquet,21329,0.02
data/processed/legacy_xbrl/q4quarter_all/TSLA/TSLA_q4quarter_summary.csv,data,processed_data,.csv,760,0.001
data/processed/legacy_xbrl/q4quarter_all/TSLA/TSLA_q4quarter_summary.parquet,data,processed_data,.parquet,2996,0.003
data/processed/legacy_xbrl/q4quarter_all/TT/TT_q4quarter.csv,data,processed_data,.csv,5437,0.005
data/processed/legacy_xbrl/q4quarter_all/TT/TT_q4quarter.parquet,data,processed_data,.parquet,19573,0.019
data/processed/legacy_xbrl/q4quarter_all/TT/TT_q4quarter_summary.csv,data,processed_data,.csv,778,0.001
data/processed/legacy_xbrl/q4quarter_all/TT/TT_q4quarter_summary.parquet,data,processed_data,.parquet,2978,0.003
data/processed/legacy_xbrl/q4quarter_all/TTD/TTD_q4quarter.csv,data,processed_data,.csv,3120,0.003
data/processed/legacy_xbrl/q4quarter_all/TTD/TTD_q4quarter.parquet,data,processed_data,.parquet,17935,0.017
data/processed/legacy_xbrl/q4quarter_all/TTD/TTD_q4quarter_summary.csv,data,processed_data,.csv,458,0.0
data/processed/legacy_xbrl/q4quarter_all/TTD/TTD_q4quarter_summary.parquet,data,processed_data,.parquet,2904,0.003
data/processed/legacy_xbrl/q4quarter_all/TTWO/TTWO_q4quarter.csv,data,processed_data,.csv,4939,0.005
data/processed/legacy_xbrl/q4quarter_all/TTWO/TTWO_q4quarter.parquet,data,processed_data,.parquet,20791,0.02
data/processed/legacy_xbrl/q4quarter_all/TTWO/TTWO_q4quarter_summary.csv,data,processed_data,.csv,808,0.001
data/processed/legacy_xbrl/q4quarter_all/TTWO/TTWO_q4quarter_summary.parquet,data,processed_data,.parquet,2998,0.003
data/processed/legacy_xbrl/q4quarter_all/TXN/TXN_q4quarter.csv,data,processed_data,.csv,5488,0.005
data/processed/legacy_xbrl/q4quarter_all/TXN/TXN_q4quarter.parquet,data,processed_data,.parquet,19418,0.019
data/processed/legacy_xbrl/q4quarter_all/TXN/TXN_q4quarter_summary.csv,data,processed_data,.csv,794,0.001
data/processed/legacy_xbrl/q4quarter_all/TXN/TXN_q4quarter_summary.parquet,data,processed_data,.parquet,2953,0.003
data/processed/legacy_xbrl/q4quarter_all/UBER/UBER_q4quarter.csv,data,processed_data,.csv,2446,0.002
data/processed/legacy_xbrl/q4quarter_all/UBER/UBER_q4quarter.parquet,data,processed_data,.parquet,18032,0.017
data/processed/legacy_xbrl/q4quarter_all/UBER/UBER_q4quarter_summary.csv,data,processed_data,.csv,320,0.0
data/processed/legacy_xbrl/q4quarter_all/UBER/UBER_q4quarter_summary.parquet,data,processed_data,.parquet,2837,0.003
data/processed/legacy_xbrl/q4quarter_all/UNH/UNH_q4quarter.csv,data,processed_data,.csv,5693,0.005
data/processed/legacy_xbrl/q4quarter_all/UNH/UNH_q4quarter.parquet,data,processed_data,.parquet,19582,0.019
data/processed/legacy_xbrl/q4quarter_all/UNH/UNH_q4quarter_summary.csv,data,processed_data,.csv,794,0.001
data/processed/legacy_xbrl/q4quarter_all/UNH/UNH_q4quarter_summary.parquet,data,processed_data,.parquet,2937,0.003
data/processed/legacy_xbrl/q4quarter_all/UNP/UNP_q4quarter.csv,data,processed_data,.csv,5049,0.005
data/processed/legacy_xbrl/q4quarter_all/UNP/UNP_q4quarter.parquet,data,processed_data,.parquet,18065,0.017
data/processed/legacy_xbrl/q4quarter_all/UNP/UNP_q4quarter_summary.csv,data,processed_data,.csv,794,0.001
data/processed/legacy_xbrl/q4quarter_all/UNP/UNP_q4quarter_summary.parquet,data,processed_data,.parquet,2981,0.003
data/processed/legacy_xbrl/q4quarter_all/UPS/UPS_q4quarter.csv,data,processed_data,.csv,5285,0.005
data/processed/legacy_xbrl/q4quarter_all/UPS/UPS_q4quarter.parquet,data,processed_data,.parquet,18163,0.017
data/processed/legacy_xbrl/q4quarter_all/UPS/UPS_q4quarter_summary.csv,data,processed_data,.csv,794,0.001
data/processed/legacy_xbrl/q4quarter_all/UPS/UPS_q4quarter_summary.parquet,data,processed_data,.parquet,2946,0.003
data/processed/legacy_xbrl/q4quarter_all/URI/URI_q4quarter.csv,data,processed_data,.csv,4648,0.004
data/processed/legacy_xbrl/q4quarter_all/URI/URI_q4quarter.parquet,data,processed_data,.parquet,20384,0.019
data/processed/legacy_xbrl/q4quarter_all/URI/URI_q4quarter_summary.csv,data,processed_data,.csv,791,0.001
data/processed/legacy_xbrl/q4quarter_all/URI/URI_q4quarter_summary.parquet,data,processed_data,.parquet,2945,0.003
data/processed/legacy_xbrl/q4quarter_all/USB/USB_q4quarter.csv,data,processed_data,.csv,3843,0.004
data/processed/legacy_xbrl/q4quarter_all/USB/USB_q4quarter.parquet,data,processed_data,.parquet,13695,0.013
data/processed/legacy_xbrl/q4quarter_all/USB/USB_q4quarter_summary.csv,data,processed_data,.csv,794,0.001
data/processed/legacy_xbrl/q4quarter_all/USB/USB_q4quarter_summary.parquet,data,processed_data,.parquet,2996,0.003
data/processed/legacy_xbrl/q4quarter_all/V/V_q4quarter.csv,data,processed_data,.csv,5166,0.005
data/processed/legacy_xbrl/q4quarter_all/V/V_q4quarter.parquet,data,processed_data,.parquet,17567,0.017
data/processed/legacy_xbrl/q4quarter_all/V/V_q4quarter_summary.csv,data,processed_data,.csv,762,0.001
data/processed/legacy_xbrl/q4quarter_all/V/V_q4quarter_summary.parquet,data,processed_data,.parquet,2955,0.003
data/processed/legacy_xbrl/q4quarter_all/VRSK/VRSK_q4quarter.csv,data,processed_data,.csv,4713,0.004
data/processed/legacy_xbrl/q4quarter_all/VRSK/VRSK_q4quarter.parquet,data,processed_data,.parquet,18763,0.018
data/processed/legacy_xbrl/q4quarter_all/VRSK/VRSK_q4quarter_summary.csv,data,processed_data,.csv,808,0.001
data/processed/legacy_xbrl/q4quarter_all/VRSK/VRSK_q4quarter_summary.parquet,data,processed_data,.parquet,2999,0.003
data/processed/legacy_xbrl/q4quarter_all/VRTX/VRTX_q4quarter.csv,data,processed_data,.csv,5318,0.005
data/processed/legacy_xbrl/q4quarter_all/VRTX/VRTX_q4quarter.parquet,data,processed_data,.parquet,20867,0.02
data/processed/legacy_xbrl/q4quarter_all/VRTX/VRTX_q4quarter_summary.csv,data,processed_data,.csv,809,0.001
data/processed/legacy_xbrl/q4quarter_all/VRTX/VRTX_q4quarter_summary.parquet,data,processed_data,.parquet,2957,0.003
data/processed/legacy_xbrl/q4quarter_all/VST/VST_q4quarter.csv,data,processed_data,.csv,2823,0.003
data/processed/legacy_xbrl/q4quarter_all/VST/VST_q4quarter.parquet,data,processed_data,.parquet,17611,0.017
data/processed/legacy_xbrl/q4quarter_all/VST/VST_q4quarter_summary.csv,data,processed_data,.csv,410,0.0
data/processed/legacy_xbrl/q4quarter_all/VST/VST_q4quarter_summary.parquet,data,processed_data,.parquet,2843,0.003
data/processed/legacy_xbrl/q4quarter_all/VZ/VZ_q4quarter.csv,data,processed_data,.csv,5424,0.005
data/processed/legacy_xbrl/q4quarter_all/VZ/VZ_q4quarter.parquet,data,processed_data,.parquet,18952,0.018
data/processed/legacy_xbrl/q4quarter_all/VZ/VZ_q4quarter_summary.csv,data,processed_data,.csv,778,0.001
data/processed/legacy_xbrl/q4quarter_all/VZ/VZ_q4quarter_summary.parquet,data,processed_data,.parquet,2953,0.003
data/processed/legacy_xbrl/q4quarter_all/WBD/WBD_q4quarter.csv,data,processed_data,.csv,4948,0.005
data/processed/legacy_xbrl/q4quarter_all/WBD/WBD_q4quarter.parquet,data,processed_data,.parquet,18759,0.018
data/processed/legacy_xbrl/q4quarter_all/WBD/WBD_q4quarter_summary.csv,data,processed_data,.csv,794,0.001
data/processed/legacy_xbrl/q4quarter_all/WBD/WBD_q4quarter_summary.parquet,data,processed_data,.parquet,2966,0.003
data/processed/legacy_xbrl/q4quarter_all/WDAY/WDAY_q4quarter.csv,data,processed_data,.csv,3934,0.004
data/processed/legacy_xbrl/q4quarter_all/WDAY/WDAY_q4quarter.parquet,data,processed_data,.parquet,18844,0.018
data/processed/legacy_xbrl/q4quarter_all/WDAY/WDAY_q4quarter_summary.csv,data,processed_data,.csv,663,0.001
data/processed/legacy_xbrl/q4quarter_all/WDAY/WDAY_q4quarter_summary.parquet,data,processed_data,.parquet,2936,0.003
data/processed/legacy_xbrl/q4quarter_all/WELL/WELL_q4quarter.csv,data,processed_data,.csv,3546,0.003
data/processed/legacy_xbrl/q4quarter_all/WELL/WELL_q4quarter.parquet,data,processed_data,.parquet,14509,0.014
data/processed/legacy_xbrl/q4quarter_all/WELL/WELL_q4quarter_summary.csv,data,processed_data,.csv,808,0.001
data/processed/legacy_xbrl/q4quarter_all/WELL/WELL_q4quarter_summary.parquet,data,processed_data,.parquet,2951,0.003
data/processed/legacy_xbrl/q4quarter_all/WFC/WFC_q4quarter.csv,data,processed_data,.csv,3516,0.003
data/processed/legacy_xbrl/q4quarter_all/WFC/WFC_q4quarter.parquet,data,processed_data,.parquet,12343,0.012
data/processed/legacy_xbrl/q4quarter_all/WFC/WFC_q4quarter_summary.csv,data,processed_data,.csv,794,0.001
data/processed/legacy_xbrl/q4quarter_all/WFC/WFC_q4quarter_summary.parquet,data,processed_data,.parquet,2971,0.003
data/processed/legacy_xbrl/q4quarter_all/WM/WM_q4quarter.csv,data,processed_data,.csv,5228,0.005
data/processed/legacy_xbrl/q4quarter_all/WM/WM_q4quarter.parquet,data,processed_data,.parquet,19480,0.019
data/processed/legacy_xbrl/q4quarter_all/WM/WM_q4quarter_summary.csv,data,processed_data,.csv,778,0.001
data/processed/legacy_xbrl/q4quarter_all/WM/WM_q4quarter_summary.parquet,data,processed_data,.parquet,2999,0.003
data/processed/legacy_xbrl/q4quarter_all/WMB/WMB_q4quarter.csv,data,processed_data,.csv,5100,0.005
data/processed/legacy_xbrl/q4quarter_all/WMB/WMB_q4quarter.parquet,data,processed_data,.parquet,19371,0.018
data/processed/legacy_xbrl/q4quarter_all/WMB/WMB_q4quarter_summary.csv,data,processed_data,.csv,794,0.001
data/processed/legacy_xbrl/q4quarter_all/WMB/WMB_q4quarter_summary.parquet,data,processed_data,.parquet,2951,0.003
data/processed/legacy_xbrl/q4quarter_all/WMT/WMT_q4quarter.csv,data,processed_data,.csv,5708,0.005
data/processed/legacy_xbrl/q4quarter_all/WMT/WMT_q4quarter.parquet,data,processed_data,.parquet,20345,0.019
data/processed/legacy_xbrl/q4quarter_all/WMT/WMT_q4quarter_summary.csv,data,processed_data,.csv,794,0.001
data/processed/legacy_xbrl/q4quarter_all/WMT/WMT_q4quarter_summary.parquet,data,processed_data,.parquet,2948,0.003
data/processed/legacy_xbrl/q4quarter_all/XEL/XEL_q4quarter.csv,data,processed_data,.csv,5314,0.005
data/processed/legacy_xbrl/q4quarter_all/XEL/XEL_q4quarter.parquet,data,processed_data,.parquet,18784,0.018
data/processed/legacy_xbrl/q4quarter_all/XEL/XEL_q4quarter_summary.csv,data,processed_data,.csv,794,0.001
data/processed/legacy_xbrl/q4quarter_all/XEL/XEL_q4quarter_summary.parquet,data,processed_data,.parquet,2963,0.003
data/processed/legacy_xbrl/q4quarter_all/XOM/XOM_q4quarter.csv,data,processed_data,.csv,5585,0.005
data/processed/legacy_xbrl/q4quarter_all/XOM/XOM_q4quarter.parquet,data,processed_data,.parquet,19645,0.019
data/processed/legacy_xbrl/q4quarter_all/XOM/XOM_q4quarter_summary.csv,data,processed_data,.csv,794,0.001
data/processed/legacy_xbrl/q4quarter_all/XOM/XOM_q4quarter_summary.parquet,data,processed_data,.parquet,2946,0.003
data/processed/legacy_xbrl/q4quarter_all/ZS/ZS_q4quarter.csv,data,processed_data,.csv,2410,0.002
data/processed/legacy_xbrl/q4quarter_all/ZS/ZS_q4quarter.parquet,data,processed_data,.parquet,17337,0.017
data/processed/legacy_xbrl/q4quarter_all/ZS/ZS_q4quarter_summary.csv,data,processed_data,.csv,355,0.0
data/processed/legacy_xbrl/q4quarter_all/ZS/ZS_q4quarter_summary.parquet,data,processed_data,.parquet,2864,0.003
data/processed/legacy_xbrl/q4quarter_all/ZTS/ZTS_q4quarter.csv,data,processed_data,.csv,4308,0.004
data/processed/legacy_xbrl/q4quarter_all/ZTS/ZTS_q4quarter.parquet,data,processed_data,.parquet,19601,0.019
data/processed/legacy_xbrl/q4quarter_all/ZTS/ZTS_q4quarter_summary.csv,data,processed_data,.csv,649,0.001
data/processed/legacy_xbrl/q4quarter_all/ZTS/ZTS_q4quarter_summary.parquet,data,processed_data,.parquet,2924,0.003
data/processed/legacy_xbrl/regex_all/AAPL/AAPL_pre2019_regex.csv,data,processed_data,.csv,16844,0.016
data/processed/legacy_xbrl/regex_all/AAPL/AAPL_pre2019_regex.parquet,data,processed_data,.parquet,26304,0.025
data/processed/legacy_xbrl/regex_all/AAPL/AAPL_pre2019_summary.csv,data,processed_data,.csv,2474,0.002
data/processed/legacy_xbrl/regex_all/AAPL/AAPL_pre2019_summary.parquet,data,processed_data,.parquet,3320,0.003
data/processed/legacy_xbrl/regex_all/ABBV/ABBV_pre2019_regex.csv,data,processed_data,.csv,10634,0.01
data/processed/legacy_xbrl/regex_all/ABBV/ABBV_pre2019_regex.parquet,data,processed_data,.parquet,20899,0.02
data/processed/legacy_xbrl/regex_all/ABBV/ABBV_pre2019_summary.csv,data,processed_data,.csv,1839,0.002
data/processed/legacy_xbrl/regex_all/ABBV/ABBV_pre2019_summary.parquet,data,processed_data,.parquet,3139,0.003
data/processed/legacy_xbrl/regex_all/ABNB/ABNB_pre2019_regex.csv,data,processed_data,.csv,3908,0.004
data/processed/legacy_xbrl/regex_all/ABNB/ABNB_pre2019_regex.parquet,data,processed_data,.parquet,15186,0.014
data/processed/legacy_xbrl/regex_all/ABNB/ABNB_pre2019_summary.csv,data,processed_data,.csv,663,0.001
data/processed/legacy_xbrl/regex_all/ABNB/ABNB_pre2019_summary.parquet,data,processed_data,.parquet,2890,0.003
data/processed/legacy_xbrl/regex_all/ABT/ABT_pre2019_regex.csv,data,processed_data,.csv,14194,0.014
data/processed/legacy_xbrl/regex_all/ABT/ABT_pre2019_regex.parquet,data,processed_data,.parquet,23539,0.022
data/processed/legacy_xbrl/regex_all/ABT/ABT_pre2019_summary.csv,data,processed_data,.csv,2424,0.002
data/processed/legacy_xbrl/regex_all/ABT/ABT_pre2019_summary.parquet,data,processed_data,.parquet,3364,0.003
data/processed/legacy_xbrl/regex_all/ACN/ACN_pre2019_regex.csv,data,processed_data,.csv,14244,0.014
data/processed/legacy_xbrl/regex_all/ACN/ACN_pre2019_regex.parquet,data,processed_data,.parquet,22631,0.022
data/processed/legacy_xbrl/regex_all/ACN/ACN_pre2019_summary.csv,data,processed_data,.csv,2282,0.002
data/processed/legacy_xbrl/regex_all/ACN/ACN_pre2019_summary.parquet,data,processed_data,.parquet,3241,0.003
data/processed/legacy_xbrl/regex_all/ADBE/ADBE_pre2019_regex.csv,data,processed_data,.csv,17146,0.016
data/processed/legacy_xbrl/regex_all/ADBE/ADBE_pre2019_regex.parquet,data,processed_data,.parquet,25776,0.025
data/processed/legacy_xbrl/regex_all/ADBE/ADBE_pre2019_summary.csv,data,processed_data,.csv,2476,0.002
data/processed/legacy_xbrl/regex_all/ADBE/ADBE_pre2019_summary.parquet,data,processed_data,.parquet,3210,0.003
data/processed/legacy_xbrl/regex_all/ADI/ADI_pre2019_regex.csv,data,processed_data,.csv,14777,0.014
data/processed/legacy_xbrl/regex_all/ADI/ADI_pre2019_regex.parquet,data,processed_data,.parquet,24289,0.023
data/processed/legacy_xbrl/regex_all/ADI/ADI_pre2019_summary.csv,data,processed_data,.csv,2423,0.002
data/processed/legacy_xbrl/regex_all/ADI/ADI_pre2019_summary.parquet,data,processed_data,.parquet,3248,0.003
data/processed/legacy_xbrl/regex_all/ADP/ADP_pre2019_regex.csv,data,processed_data,.csv,14148,0.013
data/processed/legacy_xbrl/regex_all/ADP/ADP_pre2019_regex.parquet,data,processed_data,.parquet,22009,0.021
data/processed/legacy_xbrl/regex_all/ADP/ADP_pre2019_summary.csv,data,processed_data,.csv,2424,0.002
data/processed/legacy_xbrl/regex_all/ADP/ADP_pre2019_summary.parquet,data,processed_data,.parquet,3170,0.003
data/processed/legacy_xbrl/regex_all/ADSK/ADSK_pre2019_regex.csv,data,processed_data,.csv,14400,0.014
data/processed/legacy_xbrl/regex_all/ADSK/ADSK_pre2019_regex.parquet,data,processed_data,.parquet,23385,0.022
data/processed/legacy_xbrl/regex_all/ADSK/ADSK_pre2019_summary.csv,data,processed_data,.csv,2474,0.002
data/processed/legacy_xbrl/regex_all/ADSK/ADSK_pre2019_summary.parquet,data,processed_data,.parquet,3239,0.003
data/processed/legacy_xbrl/regex_all/AEP/AEP_pre2019_regex.csv,data,processed_data,.csv,13812,0.013
data/processed/legacy_xbrl/regex_all/AEP/AEP_pre2019_regex.parquet,data,processed_data,.parquet,22003,0.021
data/processed/legacy_xbrl/regex_all/AEP/AEP_pre2019_summary.csv,data,processed_data,.csv,2424,0.002
data/processed/legacy_xbrl/regex_all/AEP/AEP_pre2019_summary.parquet,data,processed_data,.parquet,3223,0.003
data/processed/legacy_xbrl/regex_all/AFL/AFL_pre2019_regex.csv,data,processed_data,.csv,11559,0.011
data/processed/legacy_xbrl/regex_all/AFL/AFL_pre2019_regex.parquet,data,processed_data,.parquet,17997,0.017
data/processed/legacy_xbrl/regex_all/AFL/AFL_pre2019_summary.csv,data,processed_data,.csv,2423,0.002
data/processed/legacy_xbrl/regex_all/AFL/AFL_pre2019_summary.parquet,data,processed_data,.parquet,3258,0.003
data/processed/legacy_xbrl/regex_all/AIG/AIG_pre2019_regex.csv,data,processed_data,.csv,9719,0.009
data/processed/legacy_xbrl/regex_all/AIG/AIG_pre2019_regex.parquet,data,processed_data,.parquet,16619,0.016
data/processed/legacy_xbrl/regex_all/AIG/AIG_pre2019_summary.csv,data,processed_data,.csv,2422,0.002
data/processed/legacy_xbrl/regex_all/AIG/AIG_pre2019_summary.parquet,data,processed_data,.parquet,3279,0.003
data/processed/legacy_xbrl/regex_all/AJG/AJG_pre2019_regex.csv,data,processed_data,.csv,11390,0.011
data/processed/legacy_xbrl/regex_all/AJG/AJG_pre2019_regex.parquet,data,processed_data,.parquet,20761,0.02
data/processed/legacy_xbrl/regex_all/AJG/AJG_pre2019_summary.csv,data,processed_data,.csv,2421,0.002
data/processed/legacy_xbrl/regex_all/AJG/AJG_pre2019_summary.parquet,data,processed_data,.parquet,3388,0.003
data/processed/legacy_xbrl/regex_all/ALL/ALL_pre2019_regex.csv,data,processed_data,.csv,10801,0.01
data/processed/legacy_xbrl/regex_all/ALL/ALL_pre2019_regex.parquet,data,processed_data,.parquet,16745,0.016
data/processed/legacy_xbrl/regex_all/ALL/ALL_pre2019_summary.csv,data,processed_data,.csv,2422,0.002
data/processed/legacy_xbrl/regex_all/ALL/ALL_pre2019_summary.parquet,data,processed_data,.parquet,3252,0.003
data/processed/legacy_xbrl/regex_all/AMAT/AMAT_pre2019_regex.csv,data,processed_data,.csv,15318,0.015
data/processed/legacy_xbrl/regex_all/AMAT/AMAT_pre2019_regex.parquet,data,processed_data,.parquet,24886,0.024
data/processed/legacy_xbrl/regex_all/AMAT/AMAT_pre2019_summary.csv,data,processed_data,.csv,2473,0.002
data/processed/legacy_xbrl/regex_all/AMAT/AMAT_pre2019_summary.parquet,data,processed_data,.parquet,3245,0.003
data/processed/legacy_xbrl/regex_all/AMD/AMD_pre2019_regex.csv,data,processed_data,.csv,14169,0.014
data/processed/legacy_xbrl/regex_all/AMD/AMD_pre2019_regex.parquet,data,processed_data,.parquet,23910,0.023
data/processed/legacy_xbrl/regex_all/AMD/AMD_pre2019_summary.csv,data,processed_data,.csv,2421,0.002
data/processed/legacy_xbrl/regex_all/AMD/AMD_pre2019_summary.parquet,data,processed_data,.parquet,3307,0.003
data/processed/legacy_xbrl/regex_all/AME/AME_pre2019_regex.csv,data,processed_data,.csv,12539,0.012
data/processed/legacy_xbrl/regex_all/AME/AME_pre2019_regex.parquet,data,processed_data,.parquet,20650,0.02
data/processed/legacy_xbrl/regex_all/AME/AME_pre2019_summary.csv,data,processed_data,.csv,2424,0.002
data/processed/legacy_xbrl/regex_all/AME/AME_pre2019_summary.parquet,data,processed_data,.parquet,3355,0.003
data/processed/legacy_xbrl/regex_all/AMGN/AMGN_pre2019_regex.csv,data,processed_data,.csv,15118,0.014
data/processed/legacy_xbrl/regex_all/AMGN/AMGN_pre2019_regex.parquet,data,processed_data,.parquet,23014,0.022
data/processed/legacy_xbrl/regex_all/AMGN/AMGN_pre2019_summary.csv,data,processed_data,.csv,2474,0.002
data/processed/legacy_xbrl/regex_all/AMGN/AMGN_pre2019_summary.parquet,data,processed_data,.parquet,3263,0.003
data/processed/legacy_xbrl/regex_all/AMP/AMP_pre2019_regex.csv,data,processed_data,.csv,10546,0.01
data/processed/legacy_xbrl/regex_all/AMP/AMP_pre2019_regex.parquet,data,processed_data,.parquet,16256,0.016
data/processed/legacy_xbrl/regex_all/AMP/AMP_pre2019_summary.csv,data,processed_data,.csv,2424,0.002
data/processed/legacy_xbrl/regex_all/AMP/AMP_pre2019_summary.parquet,data,processed_data,.parquet,3253,0.003
data/processed/legacy_xbrl/regex_all/AMT/AMT_pre2019_regex.csv,data,processed_data,.csv,13584,0.013
data/processed/legacy_xbrl/regex_all/AMT/AMT_pre2019_regex.parquet,data,processed_data,.parquet,23388,0.022
data/processed/legacy_xbrl/regex_all/AMT/AMT_pre2019_summary.csv,data,processed_data,.csv,2424,0.002
data/processed/legacy_xbrl/regex_all/AMT/AMT_pre2019_summary.parquet,data,processed_data,.parquet,3315,0.003
data/processed/legacy_xbrl/regex_all/AMZN/AMZN_pre2019_regex.csv,data,processed_data,.csv,14794,0.014
data/processed/legacy_xbrl/regex_all/AMZN/AMZN_pre2019_regex.parquet,data,processed_data,.parquet,22835,0.022
data/processed/legacy_xbrl/regex_all/AMZN/AMZN_pre2019_summary.csv,data,processed_data,.csv,2474,0.002
data/processed/legacy_xbrl/regex_all/AMZN/AMZN_pre2019_summary.parquet,data,processed_data,.parquet,3271,0.003
data/processed/legacy_xbrl/regex_all/ANET/ANET_pre2019_regex.csv,data,processed_data,.csv,10849,0.01
data/processed/legacy_xbrl/regex_all/ANET/ANET_pre2019_regex.parquet,data,processed_data,.parquet,23645,0.023
data/processed/legacy_xbrl/regex_all/ANET/ANET_pre2019_summary.csv,data,processed_data,.csv,1643,0.002
data/processed/legacy_xbrl/regex_all/ANET/ANET_pre2019_summary.parquet,data,processed_data,.parquet,3097,0.003
data/processed/legacy_xbrl/regex_all/ANSS/ANSS_pre2019_regex.csv,data,processed_data,.csv,12181,0.012
data/processed/legacy_xbrl/regex_all/ANSS/ANSS_pre2019_regex.parquet,data,processed_data,.parquet,20947,0.02
data/processed/legacy_xbrl/regex_all/ANSS/ANSS_pre2019_summary.csv,data,processed_data,.csv,2471,0.002
data/processed/legacy_xbrl/regex_all/ANSS/ANSS_pre2019_summary.parquet,data,processed_data,.parquet,3239,0.003
data/processed/legacy_xbrl/regex_all/AON/AON_pre2019_regex.csv,data,processed_data,.csv,13201,0.013
data/processed/legacy_xbrl/regex_all/AON/AON_pre2019_regex.parquet,data,processed_data,.parquet,20868,0.02
data/processed/legacy_xbrl/regex_all/AON/AON_pre2019_summary.csv,data,processed_data,.csv,2424,0.002
data/processed/legacy_xbrl/regex_all/AON/AON_pre2019_summary.parquet,data,processed_data,.parquet,3363,0.003
data/processed/legacy_xbrl/regex_all/APD/APD_pre2019_regex.csv,data,processed_data,.csv,14566,0.014
data/processed/legacy_xbrl/regex_all/APD/APD_pre2019_regex.parquet,data,processed_data,.parquet,23909,0.023
data/processed/legacy_xbrl/regex_all/APD/APD_pre2019_summary.csv,data,processed_data,.csv,2424,0.002
data/processed/legacy_xbrl/regex_all/APD/APD_pre2019_summary.parquet,data,processed_data,.parquet,3259,0.003
data/processed/legacy_xbrl/regex_all/APH/APH_pre2019_regex.csv,data,processed_data,.csv,13868,0.013
data/processed/legacy_xbrl/regex_all/APH/APH_pre2019_regex.parquet,data,processed_data,.parquet,23885,0.023
data/processed/legacy_xbrl/regex_all/APH/APH_pre2019_summary.csv,data,processed_data,.csv,2424,0.002
data/processed/legacy_xbrl/regex_all/APH/APH_pre2019_summary.parquet,data,processed_data,.parquet,3378,0.003
data/processed/legacy_xbrl/regex_all/APP/APP_pre2019_regex.csv,data,processed_data,.csv,4235,0.004
data/processed/legacy_xbrl/regex_all/APP/APP_pre2019_regex.parquet,data,processed_data,.parquet,19162,0.018
data/processed/legacy_xbrl/regex_all/APP/APP_pre2019_summary.csv,data,processed_data,.csv,650,0.001
data/processed/legacy_xbrl/regex_all/APP/APP_pre2019_summary.parquet,data,processed_data,.parquet,2901,0.003
data/processed/legacy_xbrl/regex_all/AVGO/AVGO_pre2019_regex.csv,data,processed_data,.csv,7088,0.007
data/processed/legacy_xbrl/regex_all/AVGO/AVGO_pre2019_regex.parquet,data,processed_data,.parquet,22192,0.021
data/processed/legacy_xbrl/regex_all/AVGO/AVGO_pre2019_summary.csv,data,processed_data,.csv,1055,0.001
data/processed/legacy_xbrl/regex_all/AVGO/AVGO_pre2019_summary.parquet,data,processed_data,.parquet,2965,0.003
data/processed/legacy_xbrl/regex_all/AXON/AXON_pre2019_regex.csv,data,processed_data,.csv,12610,0.012
data/processed/legacy_xbrl/regex_all/AXON/AXON_pre2019_regex.parquet,data,processed_data,.parquet,24669,0.024
data/processed/legacy_xbrl/regex_all/AXON/AXON_pre2019_summary.csv,data,processed_data,.csv,2468,0.002
data/processed/legacy_xbrl/regex_all/AXON/AXON_pre2019_summary.parquet,data,processed_data,.parquet,3338,0.003
data/processed/legacy_xbrl/regex_all/AXP/AXP_pre2019_regex.csv,data,processed_data,.csv,10045,0.01
data/processed/legacy_xbrl/regex_all/AXP/AXP_pre2019_regex.parquet,data,processed_data,.parquet,17329,0.017
data/processed/legacy_xbrl/regex_all/AXP/AXP_pre2019_summary.csv,data,processed_data,.csv,2423,0.002
data/processed/legacy_xbrl/regex_all/AXP/AXP_pre2019_summary.parquet,data,processed_data,.parquet,3313,0.003
data/processed/legacy_xbrl/regex_all/AZO/AZO_pre2019_regex.csv,data,processed_data,.csv,13992,0.013
data/processed/legacy_xbrl/regex_all/AZO/AZO_pre2019_regex.parquet,data,processed_data,.parquet,23652,0.023
data/processed/legacy_xbrl/regex_all/AZO/AZO_pre2019_summary.csv,data,processed_data,.csv,2423,0.002
data/processed/legacy_xbrl/regex_all/AZO/AZO_pre2019_summary.parquet,data,processed_data,.parquet,3375,0.003
data/processed/legacy_xbrl/regex_all/BA/BA_pre2019_regex.csv,data,processed_data,.csv,16269,0.016
data/processed/legacy_xbrl/regex_all/BA/BA_pre2019_regex.parquet,data,processed_data,.parquet,24636,0.023
data/processed/legacy_xbrl/regex_all/BA/BA_pre2019_summary.csv,data,processed_data,.csv,2374,0.002
data/processed/legacy_xbrl/regex_all/BA/BA_pre2019_summary.parquet,data,processed_data,.parquet,3226,0.003
data/processed/legacy_xbrl/regex_all/BAC/BAC_pre2019_regex.csv,data,processed_data,.csv,11813,0.011
data/processed/legacy_xbrl/regex_all/BAC/BAC_pre2019_regex.parquet,data,processed_data,.parquet,17870,0.017
data/processed/legacy_xbrl/regex_all/BAC/BAC_pre2019_summary.csv,data,processed_data,.csv,2424,0.002
data/processed/legacy_xbrl/regex_all/BAC/BAC_pre2019_summary.parquet,data,processed_data,.parquet,3248,0.003
data/processed/legacy_xbrl/regex_all/BDX/BDX_pre2019_regex.csv,data,processed_data,.csv,13537,0.013
data/processed/legacy_xbrl/regex_all/BDX/BDX_pre2019_regex.parquet,data,processed_data,.parquet,22530,0.021
data/processed/legacy_xbrl/regex_all/BDX/BDX_pre2019_summary.csv,data,processed_data,.csv,2424,0.002
data/processed/legacy_xbrl/regex_all/BDX/BDX_pre2019_summary.parquet,data,processed_data,.parquet,3291,0.003
data/processed/legacy_xbrl/regex_all/BIIB/BIIB_pre2019_regex.csv,data,processed_data,.csv,15092,0.014
data/processed/legacy_xbrl/regex_all/BIIB/BIIB_pre2019_regex.parquet,data,processed_data,.parquet,24339,0.023
data/processed/legacy_xbrl/regex_all/BIIB/BIIB_pre2019_summary.csv,data,processed_data,.csv,2474,0.002
data/processed/legacy_xbrl/regex_all/BIIB/BIIB_pre2019_summary.parquet,data,processed_data,.parquet,3245,0.003
data/processed/legacy_xbrl/regex_all/BK/BK_pre2019_regex.csv,data,processed_data,.csv,11383,0.011
data/processed/legacy_xbrl/regex_all/BK/BK_pre2019_regex.parquet,data,processed_data,.parquet,17107,0.016
data/processed/legacy_xbrl/regex_all/BK/BK_pre2019_summary.csv,data,processed_data,.csv,2374,0.002
data/processed/legacy_xbrl/regex_all/BK/BK_pre2019_summary.parquet,data,processed_data,.parquet,3262,0.003
data/processed/legacy_xbrl/regex_all/BKNG/BKNG_pre2019_regex.csv,data,processed_data,.csv,12567,0.012
data/processed/legacy_xbrl/regex_all/BKNG/BKNG_pre2019_regex.parquet,data,processed_data,.parquet,22702,0.022
data/processed/legacy_xbrl/regex_all/BKNG/BKNG_pre2019_summary.csv,data,processed_data,.csv,2471,0.002
data/processed/legacy_xbrl/regex_all/BKNG/BKNG_pre2019_summary.parquet,data,processed_data,.parquet,3234,0.003
data/processed/legacy_xbrl/regex_all/BKR/BKR_pre2019_regex.csv,data,processed_data,.csv,6504,0.006
data/processed/legacy_xbrl/regex_all/BKR/BKR_pre2019_regex.parquet,data,processed_data,.parquet,19390,0.018
data/processed/legacy_xbrl/regex_all/BKR/BKR_pre2019_summary.csv,data,processed_data,.csv,1178,0.001
data/processed/legacy_xbrl/regex_all/BKR/BKR_pre2019_summary.parquet,data,processed_data,.parquet,3000,0.003
data/processed/legacy_xbrl/regex_all/BLK/BLK_pre2019_regex.csv,data,processed_data,.csv,726,0.001
data/processed/legacy_xbrl/regex_all/BLK/BLK_pre2019_regex.parquet,data,processed_data,.parquet,12107,0.012
data/processed/legacy_xbrl/regex_all/BLK/BLK_pre2019_summary.csv,data,processed_data,.csv,122,0.0
data/processed/legacy_xbrl/regex_all/BLK/BLK_pre2019_summary.parquet,data,processed_data,.parquet,2782,0.003
data/processed/legacy_xbrl/regex_all/BMY/BMY_pre2019_regex.csv,data,processed_data,.csv,15384,0.015
data/processed/legacy_xbrl/regex_all/BMY/BMY_pre2019_regex.parquet,data,processed_data,.parquet,24378,0.023
data/processed/legacy_xbrl/regex_all/BMY/BMY_pre2019_summary.csv,data,processed_data,.csv,2424,0.002
data/processed/legacy_xbrl/regex_all/BMY/BMY_pre2019_summary.parquet,data,processed_data,.parquet,3283,0.003
data/processed/legacy_xbrl/regex_all/BRK-B/BRK-B_pre2019_regex.csv,data,processed_data,.csv,13672,0.013
data/processed/legacy_xbrl/regex_all/BRK-B/BRK-B_pre2019_regex.parquet,data,processed_data,.parquet,20879,0.02
data/processed/legacy_xbrl/regex_all/BRK-B/BRK-B_pre2019_summary.csv,data,processed_data,.csv,2524,0.002
data/processed/legacy_xbrl/regex_all/BRK-B/BRK-B_pre2019_summary.parquet,data,processed_data,.parquet,3406,0.003
data/processed/legacy_xbrl/regex_all/BSX/BSX_pre2019_regex.csv,data,processed_data,.csv,13223,0.013
data/processed/legacy_xbrl/regex_all/BSX/BSX_pre2019_regex.parquet,data,processed_data,.parquet,21913,0.021
data/processed/legacy_xbrl/regex_all/BSX/BSX_pre2019_summary.csv,data,processed_data,.csv,2424,0.002
data/processed/legacy_xbrl/regex_all/BSX/BSX_pre2019_summary.parquet,data,processed_data,.parquet,3224,0.003
data/processed/legacy_xbrl/regex_all/BX/BX_pre2019_regex.csv,data,processed_data,.csv,9201,0.009
data/processed/legacy_xbrl/regex_all/BX/BX_pre2019_regex.parquet,data,processed_data,.parquet,17241,0.016
data/processed/legacy_xbrl/regex_all/BX/BX_pre2019_summary.csv,data,processed_data,.csv,2370,0.002
data/processed/legacy_xbrl/regex_all/BX/BX_pre2019_summary.parquet,data,processed_data,.parquet,3396,0.003
data/processed/legacy_xbrl/regex_all/C/C_pre2019_regex.csv,data,processed_data,.csv,9643,0.009
data/processed/legacy_xbrl/regex_all/C/C_pre2019_regex.parquet,data,processed_data,.parquet,17150,0.016
data/processed/legacy_xbrl/regex_all/C/C_pre2019_summary.csv,data,processed_data,.csv,2324,0.002
data/processed/legacy_xbrl/regex_all/C/C_pre2019_summary.parquet,data,processed_data,.parquet,3258,0.003
data/processed/legacy_xbrl/regex_all/CARR/CARR_pre2019_regex.csv,data,processed_data,.csv,4317,0.004
data/processed/legacy_xbrl/regex_all/CARR/CARR_pre2019_regex.parquet,data,processed_data,.parquet,16552,0.016
data/processed/legacy_xbrl/regex_all/CARR/CARR_pre2019_summary.csv,data,processed_data,.csv,810,0.001
data/processed/legacy_xbrl/regex_all/CARR/CARR_pre2019_summary.parquet,data,processed_data,.parquet,2910,0.003
data/processed/legacy_xbrl/regex_all/CAT/CAT_pre2019_regex.csv,data,processed_data,.csv,13732,0.013
data/processed/legacy_xbrl/regex_all/CAT/CAT_pre2019_regex.parquet,data,processed_data,.parquet,23612,0.023
data/processed/legacy_xbrl/regex_all/CAT/CAT_pre2019_summary.csv,data,processed_data,.csv,2422,0.002
data/processed/legacy_xbrl/regex_all/CAT/CAT_pre2019_summary.parquet,data,processed_data,.parquet,3265,0.003
data/processed/legacy_xbrl/regex_all/CB/CB_pre2019_regex.csv,data,processed_data,.csv,9968,0.01
data/processed/legacy_xbrl/regex_all/CB/CB_pre2019_regex.parquet,data,processed_data,.parquet,15893,0.015
data/processed/legacy_xbrl/regex_all/CB/CB_pre2019_summary.csv,data,processed_data,.csv,2374,0.002
data/processed/legacy_xbrl/regex_all/CB/CB_pre2019_summary.parquet,data,processed_data,.parquet,3203,0.003
data/processed/legacy_xbrl/regex_all/CDNS/CDNS_pre2019_regex.csv,data,processed_data,.csv,12985,0.012
data/processed/legacy_xbrl/regex_all/CDNS/CDNS_pre2019_regex.parquet,data,processed_data,.parquet,22539,0.021
data/processed/legacy_xbrl/regex_all/CDNS/CDNS_pre2019_summary.csv,data,processed_data,.csv,2471,0.002
data/processed/legacy_xbrl/regex_all/CDNS/CDNS_pre2019_summary.parquet,data,processed_data,.parquet,3244,0.003
data/processed/legacy_xbrl/regex_all/CDW/CDW_pre2019_regex.csv,data,processed_data,.csv,12497,0.012
data/processed/legacy_xbrl/regex_all/CDW/CDW_pre2019_regex.parquet,data,processed_data,.parquet,23413,0.022
data/processed/legacy_xbrl/regex_all/CDW/CDW_pre2019_summary.csv,data,processed_data,.csv,2135,0.002
data/processed/legacy_xbrl/regex_all/CDW/CDW_pre2019_summary.parquet,data,processed_data,.parquet,3184,0.003
data/processed/legacy_xbrl/regex_all/CEG/CEG_pre2019_regex.csv,data,processed_data,.csv,3272,0.003
data/processed/legacy_xbrl/regex_all/CEG/CEG_pre2019_regex.parquet,data,processed_data,.parquet,16648,0.016
data/processed/legacy_xbrl/regex_all/CEG/CEG_pre2019_summary.csv,data,processed_data,.csv,506,0.0
data/processed/legacy_xbrl/regex_all/CEG/CEG_pre2019_summary.parquet,data,processed_data,.parquet,2851,0.003
data/processed/legacy_xbrl/regex_all/CHTR/CHTR_pre2019_regex.csv,data,processed_data,.csv,12028,0.011
data/processed/legacy_xbrl/regex_all/CHTR/CHTR_pre2019_regex.parquet,data,processed_data,.parquet,19845,0.019
data/processed/legacy_xbrl/regex_all/CHTR/CHTR_pre2019_summary.csv,data,processed_data,.csv,2469,0.002
data/processed/legacy_xbrl/regex_all/CHTR/CHTR_pre2019_summary.parquet,data,processed_data,.parquet,3214,0.003
data/processed/legacy_xbrl/regex_all/CI/CI_pre2019_regex.csv,data,processed_data,.csv,5183,0.005
data/processed/legacy_xbrl/regex_all/CI/CI_pre2019_regex.parquet,data,processed_data,.parquet,16448,0.016
data/processed/legacy_xbrl/regex_all/CI/CI_pre2019_summary.csv,data,processed_data,.csv,919,0.001
data/processed/legacy_xbrl/regex_all/CI/CI_pre2019_summary.parquet,data,processed_data,.parquet,2925,0.003
data/processed/legacy_xbrl/regex_all/CL/CL_pre2019_regex.csv,data,processed_data,.csv,15335,0.015
data/processed/legacy_xbrl/regex_all/CL/CL_pre2019_regex.parquet,data,processed_data,.parquet,23688,0.023
data/processed/legacy_xbrl/regex_all/CL/CL_pre2019_summary.csv,data,processed_data,.csv,2374,0.002
data/processed/legacy_xbrl/regex_all/CL/CL_pre2019_summary.parquet,data,processed_data,.parquet,3260,0.003
data/processed/legacy_xbrl/regex_all/CMCSA/CMCSA_pre2019_regex.csv,data,processed_data,.csv,14696,0.014
data/processed/legacy_xbrl/regex_all/CMCSA/CMCSA_pre2019_regex.parquet,data,processed_data,.parquet,22539,0.021
data/processed/legacy_xbrl/regex_all/CMCSA/CMCSA_pre2019_summary.csv,data,processed_data,.csv,2524,0.002
data/processed/legacy_xbrl/regex_all/CMCSA/CMCSA_pre2019_summary.parquet,data,processed_data,.parquet,3292,0.003
data/processed/legacy_xbrl/regex_all/CME/CME_pre2019_regex.csv,data,processed_data,.csv,13895,0.013
data/processed/legacy_xbrl/regex_all/CME/CME_pre2019_regex.parquet,data,processed_data,.parquet,21397,0.02
data/processed/legacy_xbrl/regex_all/CME/CME_pre2019_summary.csv,data,processed_data,.csv,2423,0.002
data/processed/legacy_xbrl/regex_all/CME/CME_pre2019_summary.parquet,data,processed_data,.parquet,3251,0.003
data/processed/legacy_xbrl/regex_all/CMG/CMG_pre2019_regex.csv,data,processed_data,.csv,12710,0.012
data/processed/legacy_xbrl/regex_all/CMG/CMG_pre2019_regex.parquet,data,processed_data,.parquet,22242,0.021
data/processed/legacy_xbrl/regex_all/CMG/CMG_pre2019_summary.csv,data,processed_data,.csv,2421,0.002
data/processed/legacy_xbrl/regex_all/CMG/CMG_pre2019_summary.parquet,data,processed_data,.parquet,3288,0.003
data/processed/legacy_xbrl/regex_all/CMI/CMI_pre2019_regex.csv,data,processed_data,.csv,14824,0.014
data/processed/legacy_xbrl/regex_all/CMI/CMI_pre2019_regex.parquet,data,processed_data,.parquet,24585,0.023
data/processed/legacy_xbrl/regex_all/CMI/CMI_pre2019_summary.csv,data,processed_data,.csv,2424,0.002
data/processed/legacy_xbrl/regex_all/CMI/CMI_pre2019_summary.parquet,data,processed_data,.parquet,3238,0.003
data/processed/legacy_xbrl/regex_all/COF/COF_pre2019_regex.csv,data,processed_data,.csv,11262,0.011
data/processed/legacy_xbrl/regex_all/COF/COF_pre2019_regex.parquet,data,processed_data,.parquet,17813,0.017
data/processed/legacy_xbrl/regex_all/COF/COF_pre2019_summary.csv,data,processed_data,.csv,2424,0.002
data/processed/legacy_xbrl/regex_all/COF/COF_pre2019_summary.parquet,data,processed_data,.parquet,3298,0.003
data/processed/legacy_xbrl/regex_all/COP/COP_pre2019_regex.csv,data,processed_data,.csv,13774,0.013
data/processed/legacy_xbrl/regex_all/COP/COP_pre2019_regex.parquet,data,processed_data,.parquet,21844,0.021
data/processed/legacy_xbrl/regex_all/COP/COP_pre2019_summary.csv,data,processed_data,.csv,2424,0.002
data/processed/legacy_xbrl/regex_all/COP/COP_pre2019_summary.parquet,data,processed_data,.parquet,3362,0.003
data/processed/legacy_xbrl/regex_all/COR/COR_pre2019_regex.csv,data,processed_data,.csv,15011,0.014
data/processed/legacy_xbrl/regex_all/COR/COR_pre2019_regex.parquet,data,processed_data,.parquet,23773,0.023
data/processed/legacy_xbrl/regex_all/COR/COR_pre2019_summary.csv,data,processed_data,.csv,2424,0.002
data/processed/legacy_xbrl/regex_all/COR/COR_pre2019_summary.parquet,data,processed_data,.parquet,3316,0.003
data/processed/legacy_xbrl/regex_all/COST/COST_pre2019_regex.csv,data,processed_data,.csv,15036,0.014
data/processed/legacy_xbrl/regex_all/COST/COST_pre2019_regex.parquet,data,processed_data,.parquet,23707,0.023
data/processed/legacy_xbrl/regex_all/COST/COST_pre2019_summary.csv,data,processed_data,.csv,2473,0.002
data/processed/legacy_xbrl/regex_all/COST/COST_pre2019_summary.parquet,data,processed_data,.parquet,3247,0.003
data/processed/legacy_xbrl/regex_all/CPRT/CPRT_pre2019_regex.csv,data,processed_data,.csv,12360,0.012
data/processed/legacy_xbrl/regex_all/CPRT/CPRT_pre2019_regex.parquet,data,processed_data,.parquet,22574,0.022
data/processed/legacy_xbrl/regex_all/CPRT/CPRT_pre2019_summary.csv,data,processed_data,.csv,2470,0.002
data/processed/legacy_xbrl/regex_all/CPRT/CPRT_pre2019_summary.parquet,data,processed_data,.parquet,3274,0.003
data/processed/legacy_xbrl/regex_all/CRM/CRM_pre2019_regex.csv,data,processed_data,.csv,14249,0.014
data/processed/legacy_xbrl/regex_all/CRM/CRM_pre2019_regex.parquet,data,processed_data,.parquet,23739,0.023
data/processed/legacy_xbrl/regex_all/CRM/CRM_pre2019_summary.csv,data,processed_data,.csv,2423,0.002
data/processed/legacy_xbrl/regex_all/CRM/CRM_pre2019_summary.parquet,data,processed_data,.parquet,3284,0.003
data/processed/legacy_xbrl/regex_all/CRWD/CRWD_pre2019_regex.csv,data,processed_data,.csv,5457,0.005
data/processed/legacy_xbrl/regex_all/CRWD/CRWD_pre2019_regex.parquet,data,processed_data,.parquet,18706,0.018
data/processed/legacy_xbrl/regex_all/CRWD/CRWD_pre2019_summary.csv,data,processed_data,.csv,908,0.001
data/processed/legacy_xbrl/regex_all/CRWD/CRWD_pre2019_summary.parquet,data,processed_data,.parquet,2938,0.003
data/processed/legacy_xbrl/regex_all/CSCO/CSCO_pre2019_regex.csv,data,processed_data,.csv,16068,0.015
data/processed/legacy_xbrl/regex_all/CSCO/CSCO_pre2019_regex.parquet,data,processed_data,.parquet,24826,0.024
data/processed/legacy_xbrl/regex_all/CSCO/CSCO_pre2019_summary.csv,data,processed_data,.csv,2473,0.002
data/processed/legacy_xbrl/regex_all/CSCO/CSCO_pre2019_summary.parquet,data,processed_data,.parquet,3254,0.003
data/processed/legacy_xbrl/regex_all/CSGP/CSGP_pre2019_regex.csv,data,processed_data,.csv,12027,0.011
data/processed/legacy_xbrl/regex_all/CSGP/CSGP_pre2019_regex.parquet,data,processed_data,.parquet,23995,0.023
data/processed/legacy_xbrl/regex_all/CSGP/CSGP_pre2019_summary.csv,data,processed_data,.csv,2468,0.002
data/processed/legacy_xbrl/regex_all/CSGP/CSGP_pre2019_summary.parquet,data,processed_data,.parquet,3228,0.003
data/processed/legacy_xbrl/regex_all/CSX/CSX_pre2019_regex.csv,data,processed_data,.csv,13961,0.013
data/processed/legacy_xbrl/regex_all/CSX/CSX_pre2019_regex.parquet,data,processed_data,.parquet,22499,0.021
data/processed/legacy_xbrl/regex_all/CSX/CSX_pre2019_summary.csv,data,processed_data,.csv,2425,0.002
data/processed/legacy_xbrl/regex_all/CSX/CSX_pre2019_summary.parquet,data,processed_data,.parquet,3181,0.003
data/processed/legacy_xbrl/regex_all/CTAS/CTAS_pre2019_regex.csv,data,processed_data,.csv,12529,0.012
data/processed/legacy_xbrl/regex_all/CTAS/CTAS_pre2019_regex.parquet,data,processed_data,.parquet,21483,0.02
data/processed/legacy_xbrl/regex_all/CTAS/CTAS_pre2019_summary.csv,data,processed_data,.csv,2471,0.002
data/processed/legacy_xbrl/regex_all/CTAS/CTAS_pre2019_summary.parquet,data,processed_data,.parquet,3221,0.003
data/processed/legacy_xbrl/regex_all/CTSH/CTSH_pre2019_regex.csv,data,processed_data,.csv,14764,0.014
data/processed/legacy_xbrl/regex_all/CTSH/CTSH_pre2019_regex.parquet,data,processed_data,.parquet,23141,0.022
data/processed/legacy_xbrl/regex_all/CTSH/CTSH_pre2019_summary.csv,data,processed_data,.csv,2474,0.002
data/processed/legacy_xbrl/regex_all/CTSH/CTSH_pre2019_summary.parquet,data,processed_data,.parquet,3273,0.003
data/processed/legacy_xbrl/regex_all/CVS/CVS_pre2019_regex.csv,data,processed_data,.csv,16094,0.015
data/processed/legacy_xbrl/regex_all/CVS/CVS_pre2019_regex.parquet,data,processed_data,.parquet,24809,0.024
data/processed/legacy_xbrl/regex_all/CVS/CVS_pre2019_summary.csv,data,processed_data,.csv,2424,0.002
data/processed/legacy_xbrl/regex_all/CVS/CVS_pre2019_summary.parquet,data,processed_data,.parquet,3270,0.003
data/processed/legacy_xbrl/regex_all/CVX/CVX_pre2019_regex.csv,data,processed_data,.csv,15024,0.014
data/processed/legacy_xbrl/regex_all/CVX/CVX_pre2019_regex.parquet,data,processed_data,.parquet,22221,0.021
data/processed/legacy_xbrl/regex_all/CVX/CVX_pre2019_summary.csv,data,processed_data,.csv,2426,0.002
data/processed/legacy_xbrl/regex_all/CVX/CVX_pre2019_summary.parquet,data,processed_data,.parquet,3252,0.003
data/processed/legacy_xbrl/regex_all/D/D_pre2019_regex.csv,data,processed_data,.csv,15333,0.015
data/processed/legacy_xbrl/regex_all/D/D_pre2019_regex.parquet,data,processed_data,.parquet,24833,0.024
data/processed/legacy_xbrl/regex_all/D/D_pre2019_summary.csv,data,processed_data,.csv,2324,0.002
data/processed/legacy_xbrl/regex_all/D/D_pre2019_summary.parquet,data,processed_data,.parquet,3373,0.003
data/processed/legacy_xbrl/regex_all/DASH/DASH_pre2019_regex.csv,data,processed_data,.csv,4051,0.004
data/processed/legacy_xbrl/regex_all/DASH/DASH_pre2019_regex.parquet,data,processed_data,.parquet,16663,0.016
data/processed/legacy_xbrl/regex_all/DASH/DASH_pre2019_summary.csv,data,processed_data,.csv,663,0.001
data/processed/legacy_xbrl/regex_all/DASH/DASH_pre2019_summary.parquet,data,processed_data,.parquet,2918,0.003
data/processed/legacy_xbrl/regex_all/DDOG/DDOG_pre2019_regex.csv,data,processed_data,.csv,5436,0.005
data/processed/legacy_xbrl/regex_all/DDOG/DDOG_pre2019_regex.parquet,data,processed_data,.parquet,19370,0.018
data/processed/legacy_xbrl/regex_all/DDOG/DDOG_pre2019_summary.csv,data,processed_data,.csv,859,0.001
data/processed/legacy_xbrl/regex_all/DDOG/DDOG_pre2019_summary.parquet,data,processed_data,.parquet,2937,0.003
data/processed/legacy_xbrl/regex_all/DE/DE_pre2019_regex.csv,data,processed_data,.csv,12911,0.012
data/processed/legacy_xbrl/regex_all/DE/DE_pre2019_regex.parquet,data,processed_data,.parquet,22103,0.021
data/processed/legacy_xbrl/regex_all/DE/DE_pre2019_summary.csv,data,processed_data,.csv,2373,0.002
data/processed/legacy_xbrl/regex_all/DE/DE_pre2019_summary.parquet,data,processed_data,.parquet,3341,0.003
data/processed/legacy_xbrl/regex_all/DELL/DELL_pre2019_regex.csv,data,processed_data,.csv,10357,0.01
data/processed/legacy_xbrl/regex_all/DELL/DELL_pre2019_regex.parquet,data,processed_data,.parquet,23704,0.023
data/processed/legacy_xbrl/regex_all/DELL/DELL_pre2019_summary.csv,data,processed_data,.csv,1349,0.001
data/processed/legacy_xbrl/regex_all/DELL/DELL_pre2019_summary.parquet,data,processed_data,.parquet,3013,0.003
data/processed/legacy_xbrl/regex_all/DFS/DFS_pre2019_regex.csv,data,processed_data,.csv,10241,0.01
data/processed/legacy_xbrl/regex_all/DFS/DFS_pre2019_regex.parquet,data,processed_data,.parquet,16654,0.016
data/processed/legacy_xbrl/regex_all/DFS/DFS_pre2019_summary.csv,data,processed_data,.csv,2423,0.002
data/processed/legacy_xbrl/regex_all/DFS/DFS_pre2019_summary.parquet,data,processed_data,.parquet,3240,0.003
data/processed/legacy_xbrl/regex_all/DHI/DHI_pre2019_regex.csv,data,processed_data,.csv,11471,0.011
data/processed/legacy_xbrl/regex_all/DHI/DHI_pre2019_regex.parquet,data,processed_data,.parquet,19801,0.019
data/processed/legacy_xbrl/regex_all/DHI/DHI_pre2019_summary.csv,data,processed_data,.csv,2421,0.002
data/processed/legacy_xbrl/regex_all/DHI/DHI_pre2019_summary.parquet,data,processed_data,.parquet,3262,0.003
data/processed/legacy_xbrl/regex_all/DHR/DHR_pre2019_regex.csv,data,processed_data,.csv,14563,0.014
data/processed/legacy_xbrl/regex_all/DHR/DHR_pre2019_regex.parquet,data,processed_data,.parquet,23626,0.023
data/processed/legacy_xbrl/regex_all/DHR/DHR_pre2019_summary.csv,data,processed_data,.csv,2423,0.002
data/processed/legacy_xbrl/regex_all/DHR/DHR_pre2019_summary.parquet,data,processed_data,.parquet,3277,0.003
data/processed/legacy_xbrl/regex_all/DIS/DIS_pre2019_regex.csv,data,processed_data,.csv,6314,0.006
data/processed/legacy_xbrl/regex_all/DIS/DIS_pre2019_regex.parquet,data,processed_data,.parquet,18834,0.018
data/processed/legacy_xbrl/regex_all/DIS/DIS_pre2019_summary.csv,data,processed_data,.csv,938,0.001
data/processed/legacy_xbrl/regex_all/DIS/DIS_pre2019_summary.parquet,data,processed_data,.parquet,2936,0.003
data/processed/legacy_xbrl/regex_all/DLR/DLR_pre2019_regex.csv,data,processed_data,.csv,9412,0.009
data/processed/legacy_xbrl/regex_all/DLR/DLR_pre2019_regex.parquet,data,processed_data,.parquet,16561,0.016
data/processed/legacy_xbrl/regex_all/DLR/DLR_pre2019_summary.csv,data,processed_data,.csv,2420,0.002
data/processed/legacy_xbrl/regex_all/DLR/DLR_pre2019_summary.parquet,data,processed_data,.parquet,3338,0.003
data/processed/legacy_xbrl/regex_all/DUK/DUK_pre2019_regex.csv,data,processed_data,.csv,14028,0.013
data/processed/legacy_xbrl/regex_all/DUK/DUK_pre2019_regex.parquet,data,processed_data,.parquet,23166,0.022
data/processed/legacy_xbrl/regex_all/DUK/DUK_pre2019_summary.csv,data,processed_data,.csv,2424,0.002
data/processed/legacy_xbrl/regex_all/DUK/DUK_pre2019_summary.parquet,data,processed_data,.parquet,3277,0.003
data/processed/legacy_xbrl/regex_all/DXCM/DXCM_pre2019_regex.csv,data,processed_data,.csv,12642,0.012
data/processed/legacy_xbrl/regex_all/DXCM/DXCM_pre2019_regex.parquet,data,processed_data,.parquet,24222,0.023
data/processed/legacy_xbrl/regex_all/DXCM/DXCM_pre2019_summary.csv,data,processed_data,.csv,2468,0.002
data/processed/legacy_xbrl/regex_all/DXCM/DXCM_pre2019_summary.parquet,data,processed_data,.parquet,3296,0.003
data/processed/legacy_xbrl/regex_all/EA/EA_pre2019_regex.csv,data,processed_data,.csv,14349,0.014
data/processed/legacy_xbrl/regex_all/EA/EA_pre2019_regex.parquet,data,processed_data,.parquet,24717,0.024
data/processed/legacy_xbrl/regex_all/EA/EA_pre2019_summary.csv,data,processed_data,.csv,2374,0.002
data/processed/legacy_xbrl/regex_all/EA/EA_pre2019_summary.parquet,data,processed_data,.parquet,3239,0.003
data/processed/legacy_xbrl/regex_all/ECL/ECL_pre2019_regex.csv,data,processed_data,.csv,13647,0.013
data/processed/legacy_xbrl/regex_all/ECL/ECL_pre2019_regex.parquet,data,processed_data,.parquet,22342,0.021
data/processed/legacy_xbrl/regex_all/ECL/ECL_pre2019_summary.csv,data,processed_data,.csv,2424,0.002
data/processed/legacy_xbrl/regex_all/ECL/ECL_pre2019_summary.parquet,data,processed_data,.parquet,3356,0.003
data/processed/legacy_xbrl/regex_all/ELV/ELV_pre2019_regex.csv,data,processed_data,.csv,13693,0.013
data/processed/legacy_xbrl/regex_all/ELV/ELV_pre2019_regex.parquet,data,processed_data,.parquet,21461,0.02
data/processed/legacy_xbrl/regex_all/ELV/ELV_pre2019_summary.csv,data,processed_data,.csv,2423,0.002
data/processed/legacy_xbrl/regex_all/ELV/ELV_pre2019_summary.parquet,data,processed_data,.parquet,3234,0.003
data/processed/legacy_xbrl/regex_all/EMR/EMR_pre2019_regex.csv,data,processed_data,.csv,14214,0.014
data/processed/legacy_xbrl/regex_all/EMR/EMR_pre2019_regex.parquet,data,processed_data,.parquet,21491,0.02
data/processed/legacy_xbrl/regex_all/EMR/EMR_pre2019_summary.csv,data,processed_data,.csv,2424,0.002
data/processed/legacy_xbrl/regex_all/EMR/EMR_pre2019_summary.parquet,data,processed_data,.parquet,3231,0.003
data/processed/legacy_xbrl/regex_all/EOG/EOG_pre2019_regex.csv,data,processed_data,.csv,12635,0.012
data/processed/legacy_xbrl/regex_all/EOG/EOG_pre2019_regex.parquet,data,processed_data,.parquet,20647,0.02
data/processed/legacy_xbrl/regex_all/EOG/EOG_pre2019_summary.csv,data,processed_data,.csv,2423,0.002
data/processed/legacy_xbrl/regex_all/EOG/EOG_pre2019_summary.parquet,data,processed_data,.parquet,3180,0.003
data/processed/legacy_xbrl/regex_all/EQIX/EQIX_pre2019_regex.csv,data,processed_data,.csv,13364,0.013
data/processed/legacy_xbrl/regex_all/EQIX/EQIX_pre2019_regex.parquet,data,processed_data,.parquet,23091,0.022
data/processed/legacy_xbrl/regex_all/EQIX/EQIX_pre2019_summary.csv,data,processed_data,.csv,2471,0.002
data/processed/legacy_xbrl/regex_all/EQIX/EQIX_pre2019_summary.parquet,data,processed_data,.parquet,3388,0.003
data/processed/legacy_xbrl/regex_all/ETN/ETN_pre2019_regex.csv,data,processed_data,.csv,11315,0.011
data/processed/legacy_xbrl/regex_all/ETN/ETN_pre2019_regex.parquet,data,processed_data,.parquet,21415,0.02
data/processed/legacy_xbrl/regex_all/ETN/ETN_pre2019_summary.csv,data,processed_data,.csv,1849,0.002
data/processed/legacy_xbrl/regex_all/ETN/ETN_pre2019_summary.parquet,data,processed_data,.parquet,3097,0.003
data/processed/legacy_xbrl/regex_all/EW/EW_pre2019_regex.csv,data,processed_data,.csv,12576,0.012
data/processed/legacy_xbrl/regex_all/EW/EW_pre2019_regex.parquet,data,processed_data,.parquet,23520,0.022
data/processed/legacy_xbrl/regex_all/EW/EW_pre2019_summary.csv,data,processed_data,.csv,2371,0.002
data/processed/legacy_xbrl/regex_all/EW/EW_pre2019_summary.parquet,data,processed_data,.parquet,3269,0.003
data/processed/legacy_xbrl/regex_all/EXC/EXC_pre2019_regex.csv,data,processed_data,.csv,15013,0.014
data/processed/legacy_xbrl/regex_all/EXC/EXC_pre2019_regex.parquet,data,processed_data,.parquet,22664,0.022
data/processed/legacy_xbrl/regex_all/EXC/EXC_pre2019_summary.csv,data,processed_data,.csv,2424,0.002
data/processed/legacy_xbrl/regex_all/EXC/EXC_pre2019_summary.parquet,data,processed_data,.parquet,3361,0.003
data/processed/legacy_xbrl/regex_all/FANG/FANG_pre2019_regex.csv,data,processed_data,.csv,10474,0.01
data/processed/legacy_xbrl/regex_all/FANG/FANG_pre2019_regex.parquet,data,processed_data,.parquet,21195,0.02
data/processed/legacy_xbrl/regex_all/FANG/FANG_pre2019_summary.csv,data,processed_data,.csv,1887,0.002
data/processed/legacy_xbrl/regex_all/FANG/FANG_pre2019_summary.parquet,data,processed_data,.parquet,3119,0.003
data/processed/legacy_xbrl/regex_all/FAST/FAST_pre2019_regex.csv,data,processed_data,.csv,14111,0.013
data/processed/legacy_xbrl/regex_all/FAST/FAST_pre2019_regex.parquet,data,processed_data,.parquet,21990,0.021
data/processed/legacy_xbrl/regex_all/FAST/FAST_pre2019_summary.csv,data,processed_data,.csv,2474,0.002
data/processed/legacy_xbrl/regex_all/FAST/FAST_pre2019_summary.parquet,data,processed_data,.parquet,3253,0.003
data/processed/legacy_xbrl/regex_all/FCX/FCX_pre2019_regex.csv,data,processed_data,.csv,13902,0.013
data/processed/legacy_xbrl/regex_all/FCX/FCX_pre2019_regex.parquet,data,processed_data,.parquet,23343,0.022
data/processed/legacy_xbrl/regex_all/FCX/FCX_pre2019_summary.csv,data,processed_data,.csv,2425,0.002
data/processed/legacy_xbrl/regex_all/FCX/FCX_pre2019_summary.parquet,data,processed_data,.parquet,3204,0.003
data/processed/legacy_xbrl/regex_all/FDX/FDX_pre2019_regex.csv,data,processed_data,.csv,12123,0.012
data/processed/legacy_xbrl/regex_all/FDX/FDX_pre2019_regex.parquet,data,processed_data,.parquet,19342,0.018
data/processed/legacy_xbrl/regex_all/FDX/FDX_pre2019_summary.csv,data,processed_data,.csv,2424,0.002
data/processed/legacy_xbrl/regex_all/FDX/FDX_pre2019_summary.parquet,data,processed_data,.parquet,3395,0.003
data/processed/legacy_xbrl/regex_all/FI/FI_pre2019_regex.csv,data,processed_data,.csv,12154,0.012
data/processed/legacy_xbrl/regex_all/FI/FI_pre2019_regex.parquet,data,processed_data,.parquet,21395,0.02
data/processed/legacy_xbrl/regex_all/FI/FI_pre2019_summary.csv,data,processed_data,.csv,2374,0.002
data/processed/legacy_xbrl/regex_all/FI/FI_pre2019_summary.parquet,data,processed_data,.parquet,3291,0.003
data/processed/legacy_xbrl/regex_all/FICO/FICO_pre2019_regex.csv,data,processed_data,.csv,12967,0.012
data/processed/legacy_xbrl/regex_all/FICO/FICO_pre2019_regex.parquet,data,processed_data,.parquet,23497,0.022
data/processed/legacy_xbrl/regex_all/FICO/FICO_pre2019_summary.csv,data,processed_data,.csv,2471,0.002
data/processed/legacy_xbrl/regex_all/FICO/FICO_pre2019_summary.parquet,data,processed_data,.parquet,3264,0.003
data/processed/legacy_xbrl/regex_all/FIS/FIS_pre2019_regex.csv,data,processed_data,.csv,14131,0.013
data/processed/legacy_xbrl/regex_all/FIS/FIS_pre2019_regex.parquet,data,processed_data,.parquet,22718,0.022
data/processed/legacy_xbrl/regex_all/FIS/FIS_pre2019_summary.csv,data,processed_data,.csv,2424,0.002
data/processed/legacy_xbrl/regex_all/FIS/FIS_pre2019_summary.parquet,data,processed_data,.parquet,3259,0.003
data/processed/legacy_xbrl/regex_all/FTNT/FTNT_pre2019_regex.csv,data,processed_data,.csv,13463,0.013
data/processed/legacy_xbrl/regex_all/FTNT/FTNT_pre2019_regex.parquet,data,processed_data,.parquet,24148,0.023
data/processed/legacy_xbrl/regex_all/FTNT/FTNT_pre2019_summary.csv,data,processed_data,.csv,2276,0.002
data/processed/legacy_xbrl/regex_all/FTNT/FTNT_pre2019_summary.parquet,data,processed_data,.parquet,3166,0.003
data/processed/legacy_xbrl/regex_all/GD/GD_pre2019_regex.csv,data,processed_data,.csv,13471,0.013
data/processed/legacy_xbrl/regex_all/GD/GD_pre2019_regex.parquet,data,processed_data,.parquet,20751,0.02
data/processed/legacy_xbrl/regex_all/GD/GD_pre2019_summary.csv,data,processed_data,.csv,2374,0.002
data/processed/legacy_xbrl/regex_all/GD/GD_pre2019_summary.parquet,data,processed_data,.parquet,3251,0.003
data/processed/legacy_xbrl/regex_all/GE/GE_pre2019_regex.csv,data,processed_data,.csv,14652,0.014
data/processed/legacy_xbrl/regex_all/GE/GE_pre2019_regex.parquet,data,processed_data,.parquet,24714,0.024
data/processed/legacy_xbrl/regex_all/GE/GE_pre2019_summary.csv,data,processed_data,.csv,2374,0.002
data/processed/legacy_xbrl/regex_all/GE/GE_pre2019_summary.parquet,data,processed_data,.parquet,3236,0.003
data/processed/legacy_xbrl/regex_all/GEHC/GEHC_pre2019_regex.csv,data,processed_data,.csv,2429,0.002
data/processed/legacy_xbrl/regex_all/GEHC/GEHC_pre2019_regex.parquet,data,processed_data,.parquet,17354,0.017
data/processed/legacy_xbrl/regex_all/GEHC/GEHC_pre2019_summary.csv,data,processed_data,.csv,369,0.0
data/processed/legacy_xbrl/regex_all/GEHC/GEHC_pre2019_summary.parquet,data,processed_data,.parquet,2843,0.003
data/processed/legacy_xbrl/regex_all/GEV/GEV_pre2019_regex.csv,data,processed_data,.csv,1435,0.001
data/processed/legacy_xbrl/regex_all/GEV/GEV_pre2019_regex.parquet,data,processed_data,.parquet,15095,0.014
data/processed/legacy_xbrl/regex_all/GEV/GEV_pre2019_summary.csv,data,processed_data,.csv,218,0.0
data/processed/legacy_xbrl/regex_all/GEV/GEV_pre2019_summary.parquet,data,processed_data,.parquet,2805,0.003
data/processed/legacy_xbrl/regex_all/GILD/GILD_pre2019_regex.csv,data,processed_data,.csv,14354,0.014
data/processed/legacy_xbrl/regex_all/GILD/GILD_pre2019_regex.parquet,data,processed_data,.parquet,22597,0.022
data/processed/legacy_xbrl/regex_all/GILD/GILD_pre2019_summary.csv,data,processed_data,.csv,2474,0.002
data/processed/legacy_xbrl/regex_all/GILD/GILD_pre2019_summary.parquet,data,processed_data,.parquet,3238,0.003
data/processed/legacy_xbrl/regex_all/GM/GM_pre2019_regex.csv,data,processed_data,.csv,13671,0.013
data/processed/legacy_xbrl/regex_all/GM/GM_pre2019_regex.parquet,data,processed_data,.parquet,23046,0.022
data/processed/legacy_xbrl/regex_all/GM/GM_pre2019_summary.csv,data,processed_data,.csv,2230,0.002
data/processed/legacy_xbrl/regex_all/GM/GM_pre2019_summary.parquet,data,processed_data,.parquet,3204,0.003
data/processed/legacy_xbrl/regex_all/GOOG/GOOG_pre2019_regex.csv,data,processed_data,.csv,10142,0.01
data/processed/legacy_xbrl/regex_all/GOOG/GOOG_pre2019_regex.parquet,data,processed_data,.parquet,20607,0.02
data/processed/legacy_xbrl/regex_all/GOOG/GOOG_pre2019_summary.csv,data,processed_data,.csv,1447,0.001
data/processed/legacy_xbrl/regex_all/GOOG/GOOG_pre2019_summary.parquet,data,processed_data,.parquet,3023,0.003
data/processed/legacy_xbrl/regex_all/GOOGL/GOOGL_pre2019_regex.csv,data,processed_data,.csv,10171,0.01
data/processed/legacy_xbrl/regex_all/GOOGL/GOOGL_pre2019_regex.parquet,data,processed_data,.parquet,20612,0.02
data/processed/legacy_xbrl/regex_all/GOOGL/GOOGL_pre2019_summary.csv,data,processed_data,.csv,1476,0.001
data/processed/legacy_xbrl/regex_all/GOOGL/GOOGL_pre2019_summary.parquet,data,processed_data,.parquet,3028,0.003
data/processed/legacy_xbrl/regex_all/GS/GS_pre2019_regex.csv,data,processed_data,.csv,9923,0.009
data/processed/legacy_xbrl/regex_all/GS/GS_pre2019_regex.parquet,data,processed_data,.parquet,16630,0.016
data/processed/legacy_xbrl/regex_all/GS/GS_pre2019_summary.csv,data,processed_data,.csv,2374,0.002
data/processed/legacy_xbrl/regex_all/GS/GS_pre2019_summary.parquet,data,processed_data,.parquet,3384,0.003
data/processed/legacy_xbrl/regex_all/GWW/GWW_pre2019_regex.csv,data,processed_data,.csv,13863,0.013
data/processed/legacy_xbrl/regex_all/GWW/GWW_pre2019_regex.parquet,data,processed_data,.parquet,22805,0.022
data/processed/legacy_xbrl/regex_all/GWW/GWW_pre2019_summary.csv,data,processed_data,.csv,2424,0.002
data/processed/legacy_xbrl/regex_all/GWW/GWW_pre2019_summary.parquet,data,processed_data,.parquet,3174,0.003
data/processed/legacy_xbrl/regex_all/HCA/HCA_pre2019_regex.csv,data,processed_data,.csv,12638,0.012
data/processed/legacy_xbrl/regex_all/HCA/HCA_pre2019_regex.parquet,data,processed_data,.parquet,21955,0.021
data/processed/legacy_xbrl/regex_all/HCA/HCA_pre2019_summary.csv,data,processed_data,.csv,2419,0.002
data/processed/legacy_xbrl/regex_all/HCA/HCA_pre2019_summary.parquet,data,processed_data,.parquet,3391,0.003
data/processed/legacy_xbrl/regex_all/HD/HD_pre2019_regex.csv,data,processed_data,.csv,15990,0.015
data/processed/legacy_xbrl/regex_all/HD/HD_pre2019_regex.parquet,data,processed_data,.parquet,24632,0.023
data/processed/legacy_xbrl/regex_all/HD/HD_pre2019_summary.csv,data,processed_data,.csv,2373,0.002
data/processed/legacy_xbrl/regex_all/HD/HD_pre2019_summary.parquet,data,processed_data,.parquet,3257,0.003
data/processed/legacy_xbrl/regex_all/HLT/HLT_pre2019_regex.csv,data,processed_data,.csv,10092,0.01
data/processed/legacy_xbrl/regex_all/HLT/HLT_pre2019_regex.parquet,data,processed_data,.parquet,20812,0.02
data/processed/legacy_xbrl/regex_all/HLT/HLT_pre2019_summary.csv,data,processed_data,.csv,1658,0.002
data/processed/legacy_xbrl/regex_all/HLT/HLT_pre2019_summary.parquet,data,processed_data,.parquet,3093,0.003
data/processed/legacy_xbrl/regex_all/HON/HON_pre2019_regex.csv,data,processed_data,.csv,12404,0.012
data/processed/legacy_xbrl/regex_all/HON/HON_pre2019_regex.parquet,data,processed_data,.parquet,22694,0.022
data/processed/legacy_xbrl/regex_all/HON/HON_pre2019_summary.csv,data,processed_data,.csv,2422,0.002
data/processed/legacy_xbrl/regex_all/HON/HON_pre2019_summary.parquet,data,processed_data,.parquet,3302,0.003
data/processed/legacy_xbrl/regex_all/HWM/HWM_pre2019_regex.csv,data,processed_data,.csv,14345,0.014
data/processed/legacy_xbrl/regex_all/HWM/HWM_pre2019_regex.parquet,data,processed_data,.parquet,23792,0.023
data/processed/legacy_xbrl/regex_all/HWM/HWM_pre2019_summary.csv,data,processed_data,.csv,2423,0.002
data/processed/legacy_xbrl/regex_all/HWM/HWM_pre2019_summary.parquet,data,processed_data,.parquet,3318,0.003
data/processed/legacy_xbrl/regex_all/IBM/IBM_pre2019_regex.csv,data,processed_data,.csv,15226,0.015
data/processed/legacy_xbrl/regex_all/IBM/IBM_pre2019_regex.parquet,data,processed_data,.parquet,22972,0.022
data/processed/legacy_xbrl/regex_all/IBM/IBM_pre2019_summary.csv,data,processed_data,.csv,2424,0.002
data/processed/legacy_xbrl/regex_all/IBM/IBM_pre2019_summary.parquet,data,processed_data,.parquet,3333,0.003
data/processed/legacy_xbrl/regex_all/ICE/ICE_pre2019_regex.csv,data,processed_data,.csv,10252,0.01
data/processed/legacy_xbrl/regex_all/ICE/ICE_pre2019_regex.parquet,data,processed_data,.parquet,20908,0.02
data/processed/legacy_xbrl/regex_all/ICE/ICE_pre2019_summary.csv,data,processed_data,.csv,1753,0.002
data/processed/legacy_xbrl/regex_all/ICE/ICE_pre2019_summary.parquet,data,processed_data,.parquet,3073,0.003
data/processed/legacy_xbrl/regex_all/IDXX/IDXX_pre2019_regex.csv,data,processed_data,.csv,14764,0.014
data/processed/legacy_xbrl/regex_all/IDXX/IDXX_pre2019_regex.parquet,data,processed_data,.parquet,25920,0.025
data/processed/legacy_xbrl/regex_all/IDXX/IDXX_pre2019_summary.csv,data,processed_data,.csv,2471,0.002
data/processed/legacy_xbrl/regex_all/IDXX/IDXX_pre2019_summary.parquet,data,processed_data,.parquet,3264,0.003
data/processed/legacy_xbrl/regex_all/INTC/INTC_pre2019_regex.csv,data,processed_data,.csv,15033,0.014
data/processed/legacy_xbrl/regex_all/INTC/INTC_pre2019_regex.parquet,data,processed_data,.parquet,22842,0.022
data/processed/legacy_xbrl/regex_all/INTC/INTC_pre2019_summary.csv,data,processed_data,.csv,2474,0.002
data/processed/legacy_xbrl/regex_all/INTC/INTC_pre2019_summary.parquet,data,processed_data,.parquet,3265,0.003
data/processed/legacy_xbrl/regex_all/INTU/INTU_pre2019_regex.csv,data,processed_data,.csv,14094,0.013
data/processed/legacy_xbrl/regex_all/INTU/INTU_pre2019_regex.parquet,data,processed_data,.parquet,22919,0.022
data/processed/legacy_xbrl/regex_all/INTU/INTU_pre2019_summary.csv,data,processed_data,.csv,2473,0.002
data/processed/legacy_xbrl/regex_all/INTU/INTU_pre2019_summary.parquet,data,processed_data,.parquet,3271,0.003
data/processed/legacy_xbrl/regex_all/ISRG/ISRG_pre2019_regex.csv,data,processed_data,.csv,15309,0.015
data/processed/legacy_xbrl/regex_all/ISRG/ISRG_pre2019_regex.parquet,data,processed_data,.parquet,25300,0.024
data/processed/legacy_xbrl/regex_all/ISRG/ISRG_pre2019_summary.csv,data,processed_data,.csv,2474,0.002
data/processed/legacy_xbrl/regex_all/ISRG/ISRG_pre2019_summary.parquet,data,processed_data,.parquet,3285,0.003
data/processed/legacy_xbrl/regex_all/ITW/ITW_pre2019_regex.csv,data,processed_data,.csv,12105,0.012
data/processed/legacy_xbrl/regex_all/ITW/ITW_pre2019_regex.parquet,data,processed_data,.parquet,20159,0.019
data/processed/legacy_xbrl/regex_all/ITW/ITW_pre2019_summary.csv,data,processed_data,.csv,2424,0.002
data/processed/legacy_xbrl/regex_all/ITW/ITW_pre2019_summary.parquet,data,processed_data,.parquet,3203,0.003
data/processed/legacy_xbrl/regex_all/JCI/JCI_pre2019_regex.csv,data,processed_data,.csv,12934,0.012
data/processed/legacy_xbrl/regex_all/JCI/JCI_pre2019_regex.parquet,data,processed_data,.parquet,22616,0.022
data/processed/legacy_xbrl/regex_all/JCI/JCI_pre2019_summary.csv,data,processed_data,.csv,2424,0.002
data/processed/legacy_xbrl/regex_all/JCI/JCI_pre2019_summary.parquet,data,processed_data,.parquet,3235,0.003
data/processed/legacy_xbrl/regex_all/JNJ/JNJ_pre2019_regex.csv,data,processed_data,.csv,15362,0.015
data/processed/legacy_xbrl/regex_all/JNJ/JNJ_pre2019_regex.parquet,data,processed_data,.parquet,24019,0.023
data/processed/legacy_xbrl/regex_all/JNJ/JNJ_pre2019_summary.csv,data,processed_data,.csv,2424,0.002
data/processed/legacy_xbrl/regex_all/JNJ/JNJ_pre2019_summary.parquet,data,processed_data,.parquet,3250,0.003
data/processed/legacy_xbrl/regex_all/JPM/JPM_pre2019_regex.csv,data,processed_data,.csv,10402,0.01
data/processed/legacy_xbrl/regex_all/JPM/JPM_pre2019_regex.parquet,data,processed_data,.parquet,15965,0.015
data/processed/legacy_xbrl/regex_all/JPM/JPM_pre2019_summary.csv,data,processed_data,.csv,2424,0.002
data/processed/legacy_xbrl/regex_all/JPM/JPM_pre2019_summary.parquet,data,processed_data,.parquet,3272,0.003
data/processed/legacy_xbrl/regex_all/KDP/KDP_pre2019_regex.csv,data,processed_data,.csv,14119,0.013
data/processed/legacy_xbrl/regex_all/KDP/KDP_pre2019_regex.parquet,data,processed_data,.parquet,22528,0.021
data/processed/legacy_xbrl/regex_all/KDP/KDP_pre2019_summary.csv,data,processed_data,.csv,2421,0.002
data/processed/legacy_xbrl/regex_all/KDP/KDP_pre2019_summary.parquet,data,processed_data,.parquet,3210,0.003
data/processed/legacy_xbrl/regex_all/KHC/KHC_pre2019_regex.csv,data,processed_data,.csv,9440,0.009
data/processed/legacy_xbrl/regex_all/KHC/KHC_pre2019_regex.parquet,data,processed_data,.parquet,21182,0.02
data/processed/legacy_xbrl/regex_all/KHC/KHC_pre2019_summary.csv,data,processed_data,.csv,1466,0.001
data/processed/legacy_xbrl/regex_all/KHC/KHC_pre2019_summary.parquet,data,processed_data,.parquet,3035,0.003
data/processed/legacy_xbrl/regex_all/KKR/KKR_pre2019_regex.csv,data,processed_data,.csv,8549,0.008
data/processed/legacy_xbrl/regex_all/KKR/KKR_pre2019_regex.parquet,data,processed_data,.parquet,17206,0.016
data/processed/legacy_xbrl/regex_all/KKR/KKR_pre2019_summary.csv,data,processed_data,.csv,2170,0.002
data/processed/legacy_xbrl/regex_all/KKR/KKR_pre2019_summary.parquet,data,processed_data,.parquet,3227,0.003
data/processed/legacy_xbrl/regex_all/KLAC/KLAC_pre2019_regex.csv,data,processed_data,.csv,14343,0.014
data/processed/legacy_xbrl/regex_all/KLAC/KLAC_pre2019_regex.parquet,data,processed_data,.parquet,25589,0.024
data/processed/legacy_xbrl/regex_all/KLAC/KLAC_pre2019_summary.csv,data,processed_data,.csv,2470,0.002
data/processed/legacy_xbrl/regex_all/KLAC/KLAC_pre2019_summary.parquet,data,processed_data,.parquet,3243,0.003
data/processed/legacy_xbrl/regex_all/KMB/KMB_pre2019_regex.csv,data,processed_data,.csv,13485,0.013
data/processed/legacy_xbrl/regex_all/KMB/KMB_pre2019_regex.parquet,data,processed_data,.parquet,22525,0.021
data/processed/legacy_xbrl/regex_all/KMB/KMB_pre2019_summary.csv,data,processed_data,.csv,2423,0.002
data/processed/legacy_xbrl/regex_all/KMB/KMB_pre2019_summary.parquet,data,processed_data,.parquet,3232,0.003
data/processed/legacy_xbrl/regex_all/KMI/KMI_pre2019_regex.csv,data,processed_data,.csv,13116,0.013
data/processed/legacy_xbrl/regex_all/KMI/KMI_pre2019_regex.parquet,data,processed_data,.parquet,22205,0.021
data/processed/legacy_xbrl/regex_all/KMI/KMI_pre2019_summary.csv,data,processed_data,.csv,2088,0.002
data/processed/legacy_xbrl/regex_all/KMI/KMI_pre2019_summary.parquet,data,processed_data,.parquet,3145,0.003
data/processed/legacy_xbrl/regex_all/KO/KO_pre2019_regex.csv,data,processed_data,.csv,14792,0.014
data/processed/legacy_xbrl/regex_all/KO/KO_pre2019_regex.parquet,data,processed_data,.parquet,22711,0.022
data/processed/legacy_xbrl/regex_all/KO/KO_pre2019_summary.csv,data,processed_data,.csv,2373,0.002
data/processed/legacy_xbrl/regex_all/KO/KO_pre2019_summary.parquet,data,processed_data,.parquet,3211,0.003
data/processed/legacy_xbrl/regex_all/KR/KR_pre2019_regex.csv,data,processed_data,.csv,11811,0.011
data/processed/legacy_xbrl/regex_all/KR/KR_pre2019_regex.parquet,data,processed_data,.parquet,20286,0.019
data/processed/legacy_xbrl/regex_all/KR/KR_pre2019_summary.csv,data,processed_data,.csv,2373,0.002
data/processed/legacy_xbrl/regex_all/KR/KR_pre2019_summary.parquet,data,processed_data,.parquet,3349,0.003
data/processed/legacy_xbrl/regex_all/KVUE/KVUE_pre2019_regex.csv,data,processed_data,.csv,2678,0.003
data/processed/legacy_xbrl/regex_all/KVUE/KVUE_pre2019_regex.parquet,data,processed_data,.parquet,18054,0.017
data/processed/legacy_xbrl/regex_all/KVUE/KVUE_pre2019_summary.csv,data,processed_data,.csv,369,0.0
data/processed/legacy_xbrl/regex_all/KVUE/KVUE_pre2019_summary.parquet,data,processed_data,.parquet,2837,0.003
data/processed/legacy_xbrl/regex_all/LIN/LIN_pre2019_regex.csv,data,processed_data,.csv,6341,0.006
data/processed/legacy_xbrl/regex_all/LIN/LIN_pre2019_regex.parquet,data,processed_data,.parquet,19969,0.019
data/processed/legacy_xbrl/regex_all/LIN/LIN_pre2019_summary.csv,data,processed_data,.csv,1033,0.001
data/processed/legacy_xbrl/regex_all/LIN/LIN_pre2019_summary.parquet,data,processed_data,.parquet,3032,0.003
data/processed/legacy_xbrl/regex_all/LLY/LLY_pre2019_regex.csv,data,processed_data,.csv,13438,0.013
data/processed/legacy_xbrl/regex_all/LLY/LLY_pre2019_regex.parquet,data,processed_data,.parquet,20299,0.019
data/processed/legacy_xbrl/regex_all/LLY/LLY_pre2019_summary.csv,data,processed_data,.csv,2424,0.002
data/processed/legacy_xbrl/regex_all/LLY/LLY_pre2019_summary.parquet,data,processed_data,.parquet,3271,0.003
data/processed/legacy_xbrl/regex_all/LMT/LMT_pre2019_regex.csv,data,processed_data,.csv,14200,0.014
data/processed/legacy_xbrl/regex_all/LMT/LMT_pre2019_regex.parquet,data,processed_data,.parquet,23547,0.022
data/processed/legacy_xbrl/regex_all/LMT/LMT_pre2019_summary.csv,data,processed_data,.csv,2424,0.002
data/processed/legacy_xbrl/regex_all/LMT/LMT_pre2019_summary.parquet,data,processed_data,.parquet,3333,0.003
data/processed/legacy_xbrl/regex_all/LOW/LOW_pre2019_regex.csv,data,processed_data,.csv,14106,0.013
data/processed/legacy_xbrl/regex_all/LOW/LOW_pre2019_regex.parquet,data,processed_data,.parquet,22910,0.022
data/processed/legacy_xbrl/regex_all/LOW/LOW_pre2019_summary.csv,data,processed_data,.csv,2423,0.002
data/processed/legacy_xbrl/regex_all/LOW/LOW_pre2019_summary.parquet,data,processed_data,.parquet,3231,0.003
data/processed/legacy_xbrl/regex_all/LRCX/LRCX_pre2019_regex.csv,data,processed_data,.csv,13912,0.013
data/processed/legacy_xbrl/regex_all/LRCX/LRCX_pre2019_regex.parquet,data,processed_data,.parquet,24545,0.023
data/processed/legacy_xbrl/regex_all/LRCX/LRCX_pre2019_summary.csv,data,processed_data,.csv,2471,0.002
data/processed/legacy_xbrl/regex_all/LRCX/LRCX_pre2019_summary.parquet,data,processed_data,.parquet,3325,0.003
data/processed/legacy_xbrl/regex_all/LULU/LULU_pre2019_regex.csv,data,processed_data,.csv,12778,0.012
data/processed/legacy_xbrl/regex_all/LULU/LULU_pre2019_regex.parquet,data,processed_data,.parquet,22430,0.021
data/processed/legacy_xbrl/regex_all/LULU/LULU_pre2019_summary.csv,data,processed_data,.csv,2470,0.002
data/processed/legacy_xbrl/regex_all/LULU/LULU_pre2019_summary.parquet,data,processed_data,.parquet,3286,0.003
data/processed/legacy_xbrl/regex_all/MA/MA_pre2019_regex.csv,data,processed_data,.csv,13987,0.013
data/processed/legacy_xbrl/regex_all/MA/MA_pre2019_regex.parquet,data,processed_data,.parquet,21993,0.021
data/processed/legacy_xbrl/regex_all/MA/MA_pre2019_summary.csv,data,processed_data,.csv,2374,0.002
data/processed/legacy_xbrl/regex_all/MA/MA_pre2019_summary.parquet,data,processed_data,.parquet,3233,0.003
data/processed/legacy_xbrl/regex_all/MAR/MAR_pre2019_regex.csv,data,processed_data,.csv,13430,0.013
data/processed/legacy_xbrl/regex_all/MAR/MAR_pre2019_regex.parquet,data,processed_data,.parquet,22491,0.021
data/processed/legacy_xbrl/regex_all/MAR/MAR_pre2019_summary.csv,data,processed_data,.csv,2424,0.002
data/processed/legacy_xbrl/regex_all/MAR/MAR_pre2019_summary.parquet,data,processed_data,.parquet,3368,0.003
data/processed/legacy_xbrl/regex_all/MCD/MCD_pre2019_regex.csv,data,processed_data,.csv,13118,0.013
data/processed/legacy_xbrl/regex_all/MCD/MCD_pre2019_regex.parquet,data,processed_data,.parquet,20654,0.02
data/processed/legacy_xbrl/regex_all/MCD/MCD_pre2019_summary.csv,data,processed_data,.csv,2423,0.002
data/processed/legacy_xbrl/regex_all/MCD/MCD_pre2019_summary.parquet,data,processed_data,.parquet,3245,0.003
data/processed/legacy_xbrl/regex_all/MCHP/MCHP_pre2019_regex.csv,data,processed_data,.csv,15087,0.014
data/processed/legacy_xbrl/regex_all/MCHP/MCHP_pre2019_regex.parquet,data,processed_data,.parquet,25282,0.024
data/processed/legacy_xbrl/regex_all/MCHP/MCHP_pre2019_summary.csv,data,processed_data,.csv,2473,0.002
data/processed/legacy_xbrl/regex_all/MCHP/MCHP_pre2019_summary.parquet,data,processed_data,.parquet,3233,0.003
data/processed/legacy_xbrl/regex_all/MCK/MCK_pre2019_regex.csv,data,processed_data,.csv,14340,0.014
data/processed/legacy_xbrl/regex_all/MCK/MCK_pre2019_regex.parquet,data,processed_data,.parquet,23283,0.022
data/processed/legacy_xbrl/regex_all/MCK/MCK_pre2019_summary.csv,data,processed_data,.csv,2424,0.002
data/processed/legacy_xbrl/regex_all/MCK/MCK_pre2019_summary.parquet,data,processed_data,.parquet,3283,0.003
data/processed/legacy_xbrl/regex_all/MCO/MCO_pre2019_regex.csv,data,processed_data,.csv,13275,0.013
data/processed/legacy_xbrl/regex_all/MCO/MCO_pre2019_regex.parquet,data,processed_data,.parquet,22091,0.021
data/processed/legacy_xbrl/regex_all/MCO/MCO_pre2019_summary.csv,data,processed_data,.csv,2423,0.002
data/processed/legacy_xbrl/regex_all/MCO/MCO_pre2019_summary.parquet,data,processed_data,.parquet,3331,0.003
data/processed/legacy_xbrl/regex_all/MDB/MDB_pre2019_regex.csv,data,processed_data,.csv,6600,0.006
data/processed/legacy_xbrl/regex_all/MDB/MDB_pre2019_regex.parquet,data,processed_data,.parquet,20415,0.019
data/processed/legacy_xbrl/regex_all/MDB/MDB_pre2019_summary.csv,data,processed_data,.csv,1082,0.001
data/processed/legacy_xbrl/regex_all/MDB/MDB_pre2019_summary.parquet,data,processed_data,.parquet,2972,0.003
data/processed/legacy_xbrl/regex_all/MDLZ/MDLZ_pre2019_regex.csv,data,processed_data,.csv,14280,0.014
data/processed/legacy_xbrl/regex_all/MDLZ/MDLZ_pre2019_regex.parquet,data,processed_data,.parquet,23032,0.022
data/processed/legacy_xbrl/regex_all/MDLZ/MDLZ_pre2019_summary.csv,data,processed_data,.csv,2473,0.002
data/processed/legacy_xbrl/regex_all/MDLZ/MDLZ_pre2019_summary.parquet,data,processed_data,.parquet,3301,0.003
data/processed/legacy_xbrl/regex_all/MDT/MDT_pre2019_regex.csv,data,processed_data,.csv,9867,0.009
data/processed/legacy_xbrl/regex_all/MDT/MDT_pre2019_regex.parquet,data,processed_data,.parquet,20761,0.02
data/processed/legacy_xbrl/regex_all/MDT/MDT_pre2019_summary.csv,data,processed_data,.csv,1514,0.001
data/processed/legacy_xbrl/regex_all/MDT/MDT_pre2019_summary.parquet,data,processed_data,.parquet,3042,0.003
data/processed/legacy_xbrl/regex_all/MELI/MELI_pre2019_regex.csv,data,processed_data,.csv,13156,0.013
data/processed/legacy_xbrl/regex_all/MELI/MELI_pre2019_regex.parquet,data,processed_data,.parquet,24250,0.023
data/processed/legacy_xbrl/regex_all/MELI/MELI_pre2019_summary.csv,data,processed_data,.csv,2471,0.002
data/processed/legacy_xbrl/regex_all/MELI/MELI_pre2019_summary.parquet,data,processed_data,.parquet,3343,0.003
data/processed/legacy_xbrl/regex_all/MET/MET_pre2019_regex.csv,data,processed_data,.csv,11482,0.011
data/processed/legacy_xbrl/regex_all/MET/MET_pre2019_regex.parquet,data,processed_data,.parquet,17042,0.016
data/processed/legacy_xbrl/regex_all/MET/MET_pre2019_summary.csv,data,processed_data,.csv,2424,0.002
data/processed/legacy_xbrl/regex_all/MET/MET_pre2019_summary.parquet,data,processed_data,.parquet,3291,0.003
data/processed/legacy_xbrl/regex_all/META/META_pre2019_regex.csv,data,processed_data,.csv,13308,0.013
data/processed/legacy_xbrl/regex_all/META/META_pre2019_regex.parquet,data,processed_data,.parquet,23118,0.022
data/processed/legacy_xbrl/regex_all/META/META_pre2019_summary.csv,data,processed_data,.csv,1937,0.002
data/processed/legacy_xbrl/regex_all/META/META_pre2019_summary.parquet,data,processed_data,.parquet,3112,0.003
data/processed/legacy_xbrl/regex_all/MMC/MMC_pre2019_regex.csv,data,processed_data,.csv,11480,0.011
data/processed/legacy_xbrl/regex_all/MMC/MMC_pre2019_regex.parquet,data,processed_data,.parquet,19410,0.019
data/processed/legacy_xbrl/regex_all/MMC/MMC_pre2019_summary.csv,data,processed_data,.csv,2422,0.002
data/processed/legacy_xbrl/regex_all/MMC/MMC_pre2019_summary.parquet,data,processed_data,.parquet,3222,0.003
data/processed/legacy_xbrl/regex_all/MMM/MMM_pre2019_regex.csv,data,processed_data,.csv,15199,0.014
data/processed/legacy_xbrl/regex_all/MMM/MMM_pre2019_regex.parquet,data,processed_data,.parquet,24807,0.024
data/processed/legacy_xbrl/regex_all/MMM/MMM_pre2019_summary.csv,data,processed_data,.csv,2424,0.002
data/processed/legacy_xbrl/regex_all/MMM/MMM_pre2019_summary.parquet,data,processed_data,.parquet,3343,0.003
data/processed/legacy_xbrl/regex_all/MNST/MNST_pre2019_regex.csv,data,processed_data,.csv,11945,0.011
data/processed/legacy_xbrl/regex_all/MNST/MNST_pre2019_regex.parquet,data,processed_data,.parquet,20578,0.02
data/processed/legacy_xbrl/regex_all/MNST/MNST_pre2019_summary.csv,data,processed_data,.csv,2471,0.002
data/processed/legacy_xbrl/regex_all/MNST/MNST_pre2019_summary.parquet,data,processed_data,.parquet,3370,0.003
data/processed/legacy_xbrl/regex_all/MO/MO_pre2019_regex.csv,data,processed_data,.csv,13482,0.013
data/processed/legacy_xbrl/regex_all/MO/MO_pre2019_regex.parquet,data,processed_data,.parquet,22666,0.022
data/processed/legacy_xbrl/regex_all/MO/MO_pre2019_summary.csv,data,processed_data,.csv,2372,0.002
data/processed/legacy_xbrl/regex_all/MO/MO_pre2019_summary.parquet,data,processed_data,.parquet,3278,0.003
data/processed/legacy_xbrl/regex_all/MPC/MPC_pre2019_regex.csv,data,processed_data,.csv,12909,0.012
data/processed/legacy_xbrl/regex_all/MPC/MPC_pre2019_regex.parquet,data,processed_data,.parquet,22311,0.021
data/processed/legacy_xbrl/regex_all/MPC/MPC_pre2019_summary.csv,data,processed_data,.csv,2042,0.002
data/processed/legacy_xbrl/regex_all/MPC/MPC_pre2019_summary.parquet,data,processed_data,.parquet,3174,0.003
data/processed/legacy_xbrl/regex_all/MRK/MRK_pre2019_regex.csv,data,processed_data,.csv,14039,0.013
data/processed/legacy_xbrl/regex_all/MRK/MRK_pre2019_regex.parquet,data,processed_data,.parquet,22221,0.021
data/processed/legacy_xbrl/regex_all/MRK/MRK_pre2019_summary.csv,data,processed_data,.csv,2424,0.002
data/processed/legacy_xbrl/regex_all/MRK/MRK_pre2019_summary.parquet,data,processed_data,.parquet,3298,0.003
data/processed/legacy_xbrl/regex_all/MRVL/MRVL_pre2019_regex.csv,data,processed_data,.csv,3965,0.004
data/processed/legacy_xbrl/regex_all/MRVL/MRVL_pre2019_regex.parquet,data,processed_data,.parquet,17609,0.017
data/processed/legacy_xbrl/regex_all/MRVL/MRVL_pre2019_summary.csv,data,processed_data,.csv,614,0.001
data/processed/legacy_xbrl/regex_all/MRVL/MRVL_pre2019_summary.parquet,data,processed_data,.parquet,2873,0.003
data/processed/legacy_xbrl/regex_all/MS/MS_pre2019_regex.csv,data,processed_data,.csv,10555,0.01
data/processed/legacy_xbrl/regex_all/MS/MS_pre2019_regex.parquet,data,processed_data,.parquet,17163,0.016
data/processed/legacy_xbrl/regex_all/MS/MS_pre2019_summary.csv,data,processed_data,.csv,2374,0.002
data/processed/legacy_xbrl/regex_all/MS/MS_pre2019_summary.parquet,data,processed_data,.parquet,3349,0.003
data/processed/legacy_xbrl/regex_all/MSCI/MSCI_pre2019_regex.csv,data,processed_data,.csv,13249,0.013
data/processed/legacy_xbrl/regex_all/MSCI/MSCI_pre2019_regex.parquet,data,processed_data,.parquet,24082,0.023
data/processed/legacy_xbrl/regex_all/MSCI/MSCI_pre2019_summary.csv,data,processed_data,.csv,2470,0.002
data/processed/legacy_xbrl/regex_all/MSCI/MSCI_pre2019_summary.parquet,data,processed_data,.parquet,3356,0.003
data/processed/legacy_xbrl/regex_all/MSFT/MSFT_pre2019_regex.csv,data,processed_data,.csv,16358,0.016
data/processed/legacy_xbrl/regex_all/MSFT/MSFT_pre2019_regex.parquet,data,processed_data,.parquet,26450,0.025
data/processed/legacy_xbrl/regex_all/MSFT/MSFT_pre2019_summary.csv,data,processed_data,.csv,2473,0.002
data/processed/legacy_xbrl/regex_all/MSFT/MSFT_pre2019_summary.parquet,data,processed_data,.parquet,3379,0.003
data/processed/legacy_xbrl/regex_all/MSI/MSI_pre2019_regex.csv,data,processed_data,.csv,14886,0.014
data/processed/legacy_xbrl/regex_all/MSI/MSI_pre2019_regex.parquet,data,processed_data,.parquet,23798,0.023
data/processed/legacy_xbrl/regex_all/MSI/MSI_pre2019_summary.csv,data,processed_data,.csv,2423,0.002
data/processed/legacy_xbrl/regex_all/MSI/MSI_pre2019_summary.parquet,data,processed_data,.parquet,3249,0.003
data/processed/legacy_xbrl/regex_all/MSTR/MSTR_pre2019_regex.csv,data,processed_data,.csv,12914,0.012
data/processed/legacy_xbrl/regex_all/MSTR/MSTR_pre2019_regex.parquet,data,processed_data,.parquet,24627,0.023
data/processed/legacy_xbrl/regex_all/MSTR/MSTR_pre2019_summary.csv,data,processed_data,.csv,2468,0.002
data/processed/legacy_xbrl/regex_all/MSTR/MSTR_pre2019_summary.parquet,data,processed_data,.parquet,3372,0.003
data/processed/legacy_xbrl/regex_all/MU/MU_pre2019_regex.csv,data,processed_data,.csv,14977,0.014
data/processed/legacy_xbrl/regex_all/MU/MU_pre2019_regex.parquet,data,processed_data,.parquet,24179,0.023
data/processed/legacy_xbrl/regex_all/MU/MU_pre2019_summary.csv,data,processed_data,.csv,2371,0.002
data/processed/legacy_xbrl/regex_all/MU/MU_pre2019_summary.parquet,data,processed_data,.parquet,3200,0.003
data/processed/legacy_xbrl/regex_all/NDAQ/NDAQ_pre2019_regex.csv,data,processed_data,.csv,13006,0.012
data/processed/legacy_xbrl/regex_all/NDAQ/NDAQ_pre2019_regex.parquet,data,processed_data,.parquet,21597,0.021
data/processed/legacy_xbrl/regex_all/NDAQ/NDAQ_pre2019_summary.csv,data,processed_data,.csv,2471,0.002
data/processed/legacy_xbrl/regex_all/NDAQ/NDAQ_pre2019_summary.parquet,data,processed_data,.parquet,3228,0.003
data/processed/legacy_xbrl/regex_all/NEE/NEE_pre2019_regex.csv,data,processed_data,.csv,13592,0.013
data/processed/legacy_xbrl/regex_all/NEE/NEE_pre2019_regex.parquet,data,processed_data,.parquet,21259,0.02
data/processed/legacy_xbrl/regex_all/NEE/NEE_pre2019_summary.csv,data,processed_data,.csv,2424,0.002
data/processed/legacy_xbrl/regex_all/NEE/NEE_pre2019_summary.parquet,data,processed_data,.parquet,3213,0.003
data/processed/legacy_xbrl/regex_all/NEM/NEM_pre2019_regex.csv,data,processed_data,.csv,13548,0.013
data/processed/legacy_xbrl/regex_all/NEM/NEM_pre2019_regex.parquet,data,processed_data,.parquet,22416,0.021
data/processed/legacy_xbrl/regex_all/NEM/NEM_pre2019_summary.csv,data,processed_data,.csv,2425,0.002
data/processed/legacy_xbrl/regex_all/NEM/NEM_pre2019_summary.parquet,data,processed_data,.parquet,3350,0.003
data/processed/legacy_xbrl/regex_all/NFLX/NFLX_pre2019_regex.csv,data,processed_data,.csv,15103,0.014
data/processed/legacy_xbrl/regex_all/NFLX/NFLX_pre2019_regex.parquet,data,processed_data,.parquet,24515,0.023
data/processed/legacy_xbrl/regex_all/NFLX/NFLX_pre2019_summary.csv,data,processed_data,.csv,2474,0.002
data/processed/legacy_xbrl/regex_all/NFLX/NFLX_pre2019_summary.parquet,data,processed_data,.parquet,3272,0.003
data/processed/legacy_xbrl/regex_all/NKE/NKE_pre2019_regex.csv,data,processed_data,.csv,13958,0.013
data/processed/legacy_xbrl/regex_all/NKE/NKE_pre2019_regex.parquet,data,processed_data,.parquet,23141,0.022
data/processed/legacy_xbrl/regex_all/NKE/NKE_pre2019_summary.csv,data,processed_data,.csv,2424,0.002
data/processed/legacy_xbrl/regex_all/NKE/NKE_pre2019_summary.parquet,data,processed_data,.parquet,3249,0.003
data/processed/legacy_xbrl/regex_all/NOC/NOC_pre2019_regex.csv,data,processed_data,.csv,14822,0.014
data/processed/legacy_xbrl/regex_all/NOC/NOC_pre2019_regex.parquet,data,processed_data,.parquet,23406,0.022
data/processed/legacy_xbrl/regex_all/NOC/NOC_pre2019_summary.csv,data,processed_data,.csv,2424,0.002
data/processed/legacy_xbrl/regex_all/NOC/NOC_pre2019_summary.parquet,data,processed_data,.parquet,3251,0.003
data/processed/legacy_xbrl/regex_all/NOW/NOW_pre2019_regex.csv,data,processed_data,.csv,12493,0.012
data/processed/legacy_xbrl/regex_all/NOW/NOW_pre2019_regex.parquet,data,processed_data,.parquet,24732,0.024
data/processed/legacy_xbrl/regex_all/NOW/NOW_pre2019_summary.csv,data,processed_data,.csv,1898,0.002
data/processed/legacy_xbrl/regex_all/NOW/NOW_pre2019_summary.parquet,data,processed_data,.parquet,3157,0.003
data/processed/legacy_xbrl/regex_all/NSC/NSC_pre2019_regex.csv,data,processed_data,.csv,13416,0.013
data/processed/legacy_xbrl/regex_all/NSC/NSC_pre2019_regex.parquet,data,processed_data,.parquet,21503,0.021
data/processed/legacy_xbrl/regex_all/NSC/NSC_pre2019_summary.csv,data,processed_data,.csv,2424,0.002
data/processed/legacy_xbrl/regex_all/NSC/NSC_pre2019_summary.parquet,data,processed_data,.parquet,3216,0.003
data/processed/legacy_xbrl/regex_all/NVDA/NVDA_pre2019_regex.csv,data,processed_data,.csv,15681,0.015
data/processed/legacy_xbrl/regex_all/NVDA/NVDA_pre2019_regex.parquet,data,processed_data,.parquet,25576,0.024
data/processed/legacy_xbrl/regex_all/NVDA/NVDA_pre2019_summary.csv,data,processed_data,.csv,2473,0.002
data/processed/legacy_xbrl/regex_all/NVDA/NVDA_pre2019_summary.parquet,data,processed_data,.parquet,3234,0.003
data/processed/legacy_xbrl/regex_all/NXPI/NXPI_pre2019_regex.csv,data,processed_data,.csv,6082,0.006
data/processed/legacy_xbrl/regex_all/NXPI/NXPI_pre2019_regex.parquet,data,processed_data,.parquet,20689,0.02
data/processed/legacy_xbrl/regex_all/NXPI/NXPI_pre2019_summary.csv,data,processed_data,.csv,859,0.001
data/processed/legacy_xbrl/regex_all/NXPI/NXPI_pre2019_summary.parquet,data,processed_data,.parquet,2932,0.003
data/processed/legacy_xbrl/regex_all/O/O_pre2019_regex.csv,data,processed_data,.csv,8870,0.008
data/processed/legacy_xbrl/regex_all/O/O_pre2019_regex.parquet,data,processed_data,.parquet,15979,0.015
data/processed/legacy_xbrl/regex_all/O/O_pre2019_summary.csv,data,processed_data,.csv,2321,0.002
data/processed/legacy_xbrl/regex_all/O/O_pre2019_summary.parquet,data,processed_data,.parquet,3277,0.003
data/processed/legacy_xbrl/regex_all/ODFL/ODFL_pre2019_regex.csv,data,processed_data,.csv,11673,0.011
data/processed/legacy_xbrl/regex_all/ODFL/ODFL_pre2019_regex.parquet,data,processed_data,.parquet,19468,0.019
data/processed/legacy_xbrl/regex_all/ODFL/ODFL_pre2019_summary.csv,data,processed_data,.csv,2471,0.002
data/processed/legacy_xbrl/regex_all/ODFL/ODFL_pre2019_summary.parquet,data,processed_data,.parquet,3310,0.003
data/processed/legacy_xbrl/regex_all/OKE/OKE_pre2019_regex.csv,data,processed_data,.csv,14495,0.014
data/processed/legacy_xbrl/regex_all/OKE/OKE_pre2019_regex.parquet,data,processed_data,.parquet,24603,0.023
data/processed/legacy_xbrl/regex_all/OKE/OKE_pre2019_summary.csv,data,processed_data,.csv,2423,0.002
data/processed/legacy_xbrl/regex_all/OKE/OKE_pre2019_summary.parquet,data,processed_data,.parquet,3216,0.003
data/processed/legacy_xbrl/regex_all/ON/ON_pre2019_regex.csv,data,processed_data,.csv,14418,0.014
data/processed/legacy_xbrl/regex_all/ON/ON_pre2019_regex.parquet,data,processed_data,.parquet,23599,0.023
data/processed/legacy_xbrl/regex_all/ON/ON_pre2019_summary.csv,data,processed_data,.csv,2371,0.002
data/processed/legacy_xbrl/regex_all/ON/ON_pre2019_summary.parquet,data,processed_data,.parquet,3347,0.003
data/processed/legacy_xbrl/regex_all/ORCL/ORCL_pre2019_regex.csv,data,processed_data,.csv,14267,0.014
data/processed/legacy_xbrl/regex_all/ORCL/ORCL_pre2019_regex.parquet,data,processed_data,.parquet,24082,0.023
data/processed/legacy_xbrl/regex_all/ORCL/ORCL_pre2019_summary.csv,data,processed_data,.csv,2473,0.002
data/processed/legacy_xbrl/regex_all/ORCL/ORCL_pre2019_summary.parquet,data,processed_data,.parquet,3390,0.003
data/processed/legacy_xbrl/regex_all/ORLY/ORLY_pre2019_regex.csv,data,processed_data,.csv,14249,0.014
data/processed/legacy_xbrl/regex_all/ORLY/ORLY_pre2019_regex.parquet,data,processed_data,.parquet,22797,0.022
data/processed/legacy_xbrl/regex_all/ORLY/ORLY_pre2019_summary.csv,data,processed_data,.csv,2472,0.002
data/processed/legacy_xbrl/regex_all/ORLY/ORLY_pre2019_summary.parquet,data,processed_data,.parquet,3265,0.003
data/processed/legacy_xbrl/regex_all/OXY/OXY_pre2019_regex.csv,data,processed_data,.csv,14330,0.014
data/processed/legacy_xbrl/regex_all/OXY/OXY_pre2019_regex.parquet,data,processed_data,.parquet,22534,0.021
data/processed/legacy_xbrl/regex_all/OXY/OXY_pre2019_summary.csv,data,processed_data,.csv,2424,0.002
data/processed/legacy_xbrl/regex_all/OXY/OXY_pre2019_summary.parquet,data,processed_data,.parquet,3216,0.003
data/processed/legacy_xbrl/regex_all/PANW/PANW_pre2019_regex.csv,data,processed_data,.csv,10688,0.01
data/processed/legacy_xbrl/regex_all/PANW/PANW_pre2019_regex.parquet,data,processed_data,.parquet,21798,0.021
data/processed/legacy_xbrl/regex_all/PANW/PANW_pre2019_summary.csv,data,processed_data,.csv,1888,0.002
data/processed/legacy_xbrl/regex_all/PANW/PANW_pre2019_summary.parquet,data,processed_data,.parquet,3080,0.003
data/processed/legacy_xbrl/regex_all/PAYX/PAYX_pre2019_regex.csv,data,processed_data,.csv,13740,0.013
data/processed/legacy_xbrl/regex_all/PAYX/PAYX_pre2019_regex.parquet,data,processed_data,.parquet,22310,0.021
data/processed/legacy_xbrl/regex_all/PAYX/PAYX_pre2019_summary.csv,data,processed_data,.csv,2474,0.002
data/processed/legacy_xbrl/regex_all/PAYX/PAYX_pre2019_summary.parquet,data,processed_data,.parquet,3312,0.003
data/processed/legacy_xbrl/regex_all/PCAR/PCAR_pre2019_regex.csv,data,processed_data,.csv,13545,0.013
data/processed/legacy_xbrl/regex_all/PCAR/PCAR_pre2019_regex.parquet,data,processed_data,.parquet,22721,0.022
data/processed/legacy_xbrl/regex_all/PCAR/PCAR_pre2019_summary.csv,data,processed_data,.csv,2473,0.002
data/processed/legacy_xbrl/regex_all/PCAR/PCAR_pre2019_summary.parquet,data,processed_data,.parquet,3400,0.003
data/processed/legacy_xbrl/regex_all/PCG/PCG_pre2019_regex.csv,data,processed_data,.csv,13753,0.013
data/processed/legacy_xbrl/regex_all/PCG/PCG_pre2019_regex.parquet,data,processed_data,.parquet,21302,0.02
data/processed/legacy_xbrl/regex_all/PCG/PCG_pre2019_summary.csv,data,processed_data,.csv,2424,0.002
data/processed/legacy_xbrl/regex_all/PCG/PCG_pre2019_summary.parquet,data,processed_data,.parquet,3259,0.003
data/processed/legacy_xbrl/regex_all/PEG/PEG_pre2019_regex.csv,data,processed_data,.csv,13082,0.012
data/processed/legacy_xbrl/regex_all/PEG/PEG_pre2019_regex.parquet,data,processed_data,.parquet,21899,0.021
data/processed/legacy_xbrl/regex_all/PEG/PEG_pre2019_summary.csv,data,processed_data,.csv,2423,0.002
data/processed/legacy_xbrl/regex_all/PEG/PEG_pre2019_summary.parquet,data,processed_data,.parquet,3267,0.003
data/processed/legacy_xbrl/regex_all/PEP/PEP_pre2019_regex.csv,data,processed_data,.csv,14047,0.013
data/processed/legacy_xbrl/regex_all/PEP/PEP_pre2019_regex.parquet,data,processed_data,.parquet,22079,0.021
data/processed/legacy_xbrl/regex_all/PEP/PEP_pre2019_summary.csv,data,processed_data,.csv,2375,0.002
data/processed/legacy_xbrl/regex_all/PEP/PEP_pre2019_summary.parquet,data,processed_data,.parquet,3238,0.003
data/processed/legacy_xbrl/regex_all/PFE/PFE_pre2019_regex.csv,data,processed_data,.csv,14983,0.014
data/processed/legacy_xbrl/regex_all/PFE/PFE_pre2019_regex.parquet,data,processed_data,.parquet,23470,0.022
data/processed/legacy_xbrl/regex_all/PFE/PFE_pre2019_summary.csv,data,processed_data,.csv,2424,0.002
data/processed/legacy_xbrl/regex_all/PFE/PFE_pre2019_summary.parquet,data,processed_data,.parquet,3250,0.003
data/processed/legacy_xbrl/regex_all/PG/PG_pre2019_regex.csv,data,processed_data,.csv,14272,0.014
data/processed/legacy_xbrl/regex_all/PG/PG_pre2019_regex.parquet,data,processed_data,.parquet,22861,0.022
data/processed/legacy_xbrl/regex_all/PG/PG_pre2019_summary.csv,data,processed_data,.csv,2374,0.002
data/processed/legacy_xbrl/regex_all/PG/PG_pre2019_summary.parquet,data,processed_data,.parquet,3236,0.003
data/processed/legacy_xbrl/regex_all/PGR/PGR_pre2019_regex.csv,data,processed_data,.csv,10533,0.01
data/processed/legacy_xbrl/regex_all/PGR/PGR_pre2019_regex.parquet,data,processed_data,.parquet,16566,0.016
data/processed/legacy_xbrl/regex_all/PGR/PGR_pre2019_summary.csv,data,processed_data,.csv,2424,0.002
data/processed/legacy_xbrl/regex_all/PGR/PGR_pre2019_summary.parquet,data,processed_data,.parquet,3237,0.003
data/processed/legacy_xbrl/regex_all/PH/PH_pre2019_regex.csv,data,processed_data,.csv,13429,0.013
data/processed/legacy_xbrl/regex_all/PH/PH_pre2019_regex.parquet,data,processed_data,.parquet,22075,0.021
data/processed/legacy_xbrl/regex_all/PH/PH_pre2019_summary.csv,data,processed_data,.csv,2374,0.002
data/processed/legacy_xbrl/regex_all/PH/PH_pre2019_summary.parquet,data,processed_data,.parquet,3251,0.003
data/processed/legacy_xbrl/regex_all/PLD/PLD_pre2019_regex.csv,data,processed_data,.csv,9746,0.009
data/processed/legacy_xbrl/regex_all/PLD/PLD_pre2019_regex.parquet,data,processed_data,.parquet,17713,0.017
data/processed/legacy_xbrl/regex_all/PLD/PLD_pre2019_summary.csv,data,processed_data,.csv,2420,0.002
data/processed/legacy_xbrl/regex_all/PLD/PLD_pre2019_summary.parquet,data,processed_data,.parquet,3393,0.003
data/processed/legacy_xbrl/regex_all/PLTR/PLTR_pre2019_regex.csv,data,processed_data,.csv,4808,0.005
data/processed/legacy_xbrl/regex_all/PLTR/PLTR_pre2019_regex.parquet,data,processed_data,.parquet,19449,0.019
data/processed/legacy_xbrl/regex_all/PLTR/PLTR_pre2019_summary.csv,data,processed_data,.csv,712,0.001
data/processed/legacy_xbrl/regex_all/PLTR/PLTR_pre2019_summary.parquet,data,processed_data,.parquet,2922,0.003
data/processed/legacy_xbrl/regex_all/PM/PM_pre2019_regex.csv,data,processed_data,.csv,14265,0.014
data/processed/legacy_xbrl/regex_all/PM/PM_pre2019_regex.parquet,data,processed_data,.parquet,22475,0.021
data/processed/legacy_xbrl/regex_all/PM/PM_pre2019_summary.csv,data,processed_data,.csv,2372,0.002
data/processed/legacy_xbrl/regex_all/PM/PM_pre2019_summary.parquet,data,processed_data,.parquet,3236,0.003
data/processed/legacy_xbrl/regex_all/PNC/PNC_pre2019_regex.csv,data,processed_data,.csv,9783,0.009
data/processed/legacy_xbrl/regex_all/PNC/PNC_pre2019_regex.parquet,data,processed_data,.parquet,16667,0.016
data/processed/legacy_xbrl/regex_all/PNC/PNC_pre2019_summary.csv,data,processed_data,.csv,2424,0.002
data/processed/legacy_xbrl/regex_all/PNC/PNC_pre2019_summary.parquet,data,processed_data,.parquet,3334,0.003
data/processed/legacy_xbrl/regex_all/PRU/PRU_pre2019_regex.csv,data,processed_data,.csv,10980,0.01
data/processed/legacy_xbrl/regex_all/PRU/PRU_pre2019_regex.parquet,data,processed_data,.parquet,18487,0.018
data/processed/legacy_xbrl/regex_all/PRU/PRU_pre2019_summary.csv,data,processed_data,.csv,2423,0.002
data/processed/legacy_xbrl/regex_all/PRU/PRU_pre2019_summary.parquet,data,processed_data,.parquet,3308,0.003
data/processed/legacy_xbrl/regex_all/PSA/PSA_pre2019_regex.csv,data,processed_data,.csv,11058,0.011
data/processed/legacy_xbrl/regex_all/PSA/PSA_pre2019_regex.parquet,data,processed_data,.parquet,19597,0.019
data/processed/legacy_xbrl/regex_all/PSA/PSA_pre2019_summary.csv,data,processed_data,.csv,2423,0.002
data/processed/legacy_xbrl/regex_all/PSA/PSA_pre2019_summary.parquet,data,processed_data,.parquet,3222,0.003
data/processed/legacy_xbrl/regex_all/PSX/PSX_pre2019_regex.csv,data,processed_data,.csv,10652,0.01
data/processed/legacy_xbrl/regex_all/PSX/PSX_pre2019_regex.parquet,data,processed_data,.parquet,19242,0.018
data/processed/legacy_xbrl/regex_all/PSX/PSX_pre2019_summary.csv,data,processed_data,.csv,1946,0.002
data/processed/legacy_xbrl/regex_all/PSX/PSX_pre2019_summary.parquet,data,processed_data,.parquet,3153,0.003
data/processed/legacy_xbrl/regex_all/PWR/PWR_pre2019_regex.csv,data,processed_data,.csv,13511,0.013
data/processed/legacy_xbrl/regex_all/PWR/PWR_pre2019_regex.parquet,data,processed_data,.parquet,22875,0.022
data/processed/legacy_xbrl/regex_all/PWR/PWR_pre2019_summary.csv,data,processed_data,.csv,2424,0.002
data/processed/legacy_xbrl/regex_all/PWR/PWR_pre2019_summary.parquet,data,processed_data,.parquet,3324,0.003
data/processed/legacy_xbrl/regex_all/PYPL/PYPL_pre2019_regex.csv,data,processed_data,.csv,9684,0.009
data/processed/legacy_xbrl/regex_all/PYPL/PYPL_pre2019_regex.parquet,data,processed_data,.parquet,21470,0.02
data/processed/legacy_xbrl/regex_all/PYPL/PYPL_pre2019_summary.csv,data,processed_data,.csv,1496,0.001
data/processed/legacy_xbrl/regex_all/PYPL/PYPL_pre2019_summary.parquet,data,processed_data,.parquet,3049,0.003
data/processed/legacy_xbrl/regex_all/QCOM/QCOM_pre2019_regex.csv,data,processed_data,.csv,15458,0.015
data/processed/legacy_xbrl/regex_all/QCOM/QCOM_pre2019_regex.parquet,data,processed_data,.parquet,24006,0.023
data/processed/legacy_xbrl/regex_all/QCOM/QCOM_pre2019_summary.csv,data,processed_data,.csv,2474,0.002
data/processed/legacy_xbrl/regex_all/QCOM/QCOM_pre2019_summary.parquet,data,processed_data,.parquet,3271,0.003
data/processed/legacy_xbrl/regex_all/RCL/RCL_pre2019_regex.csv,data,processed_data,.csv,12762,0.012
data/processed/legacy_xbrl/regex_all/RCL/RCL_pre2019_regex.parquet,data,processed_data,.parquet,21165,0.02
data/processed/legacy_xbrl/regex_all/RCL/RCL_pre2019_summary.csv,data,processed_data,.csv,2422,0.002
data/processed/legacy_xbrl/regex_all/RCL/RCL_pre2019_summary.parquet,data,processed_data,.parquet,3273,0.003
data/processed/legacy_xbrl/regex_all/REGN/REGN_pre2019_regex.csv,data,processed_data,.csv,13715,0.013
data/processed/legacy_xbrl/regex_all/REGN/REGN_pre2019_regex.parquet,data,processed_data,.parquet,23092,0.022
data/processed/legacy_xbrl/regex_all/REGN/REGN_pre2019_summary.csv,data,processed_data,.csv,2471,0.002
data/processed/legacy_xbrl/regex_all/REGN/REGN_pre2019_summary.parquet,data,processed_data,.parquet,3248,0.003
data/processed/legacy_xbrl/regex_all/ROP/ROP_pre2019_regex.csv,data,processed_data,.csv,13386,0.013
data/processed/legacy_xbrl/regex_all/ROP/ROP_pre2019_regex.parquet,data,processed_data,.parquet,23237,0.022
data/processed/legacy_xbrl/regex_all/ROP/ROP_pre2019_summary.csv,data,processed_data,.csv,2422,0.002
data/processed/legacy_xbrl/regex_all/ROP/ROP_pre2019_summary.parquet,data,processed_data,.parquet,3166,0.003
data/processed/legacy_xbrl/regex_all/ROST/ROST_pre2019_regex.csv,data,processed_data,.csv,12118,0.012
data/processed/legacy_xbrl/regex_all/ROST/ROST_pre2019_regex.parquet,data,processed_data,.parquet,20726,0.02
data/processed/legacy_xbrl/regex_all/ROST/ROST_pre2019_summary.csv,data,processed_data,.csv,2471,0.002
data/processed/legacy_xbrl/regex_all/ROST/ROST_pre2019_summary.parquet,data,processed_data,.parquet,3221,0.003
data/processed/legacy_xbrl/regex_all/RSG/RSG_pre2019_regex.csv,data,processed_data,.csv,14272,0.014
data/processed/legacy_xbrl/regex_all/RSG/RSG_pre2019_regex.parquet,data,processed_data,.parquet,22839,0.022
data/processed/legacy_xbrl/regex_all/RSG/RSG_pre2019_summary.csv,data,processed_data,.csv,2424,0.002
data/processed/legacy_xbrl/regex_all/RSG/RSG_pre2019_summary.parquet,data,processed_data,.parquet,3243,0.003
data/processed/legacy_xbrl/regex_all/RTX/RTX_pre2019_regex.csv,data,processed_data,.csv,13307,0.013
data/processed/legacy_xbrl/regex_all/RTX/RTX_pre2019_regex.parquet,data,processed_data,.parquet,22216,0.021
data/processed/legacy_xbrl/regex_all/RTX/RTX_pre2019_summary.csv,data,processed_data,.csv,2425,0.002
data/processed/legacy_xbrl/regex_all/RTX/RTX_pre2019_summary.parquet,data,processed_data,.parquet,3256,0.003
data/processed/legacy_xbrl/regex_all/SBUX/SBUX_pre2019_regex.csv,data,processed_data,.csv,15660,0.015
data/processed/legacy_xbrl/regex_all/SBUX/SBUX_pre2019_regex.parquet,data,processed_data,.parquet,24002,0.023
data/processed/legacy_xbrl/regex_all/SBUX/SBUX_pre2019_summary.csv,data,processed_data,.csv,2474,0.002
data/processed/legacy_xbrl/regex_all/SBUX/SBUX_pre2019_summary.parquet,data,processed_data,.parquet,3254,0.003
data/processed/legacy_xbrl/regex_all/SCHW/SCHW_pre2019_regex.csv,data,processed_data,.csv,10785,0.01
data/processed/legacy_xbrl/regex_all/SCHW/SCHW_pre2019_regex.parquet,data,processed_data,.parquet,17423,0.017
data/processed/legacy_xbrl/regex_all/SCHW/SCHW_pre2019_summary.csv,data,processed_data,.csv,2473,0.002
data/processed/legacy_xbrl/regex_all/SCHW/SCHW_pre2019_summary.parquet,data,processed_data,.parquet,3261,0.003
data/processed/legacy_xbrl/regex_all/SHW/SHW_pre2019_regex.csv,data,processed_data,.csv,14609,0.014
data/processed/legacy_xbrl/regex_all/SHW/SHW_pre2019_regex.parquet,data,processed_data,.parquet,24956,0.024
data/processed/legacy_xbrl/regex_all/SHW/SHW_pre2019_summary.csv,data,processed_data,.csv,2424,0.002
data/processed/legacy_xbrl/regex_all/SHW/SHW_pre2019_summary.parquet,data,processed_data,.parquet,3249,0.003
data/processed/legacy_xbrl/regex_all/SLB/SLB_pre2019_regex.csv,data,processed_data,.csv,14174,0.014
data/processed/legacy_xbrl/regex_all/SLB/SLB_pre2019_regex.parquet,data,processed_data,.parquet,23262,0.022
data/processed/legacy_xbrl/regex_all/SLB/SLB_pre2019_summary.csv,data,processed_data,.csv,2424,0.002
data/processed/legacy_xbrl/regex_all/SLB/SLB_pre2019_summary.parquet,data,processed_data,.parquet,3386,0.003
data/processed/legacy_xbrl/regex_all/SNPS/SNPS_pre2019_regex.csv,data,processed_data,.csv,14303,0.014
data/processed/legacy_xbrl/regex_all/SNPS/SNPS_pre2019_regex.parquet,data,processed_data,.parquet,25266,0.024
data/processed/legacy_xbrl/regex_all/SNPS/SNPS_pre2019_summary.csv,data,processed_data,.csv,2470,0.002
data/processed/legacy_xbrl/regex_all/SNPS/SNPS_pre2019_summary.parquet,data,processed_data,.parquet,3254,0.003
data/processed/legacy_xbrl/regex_all/SO/SO_pre2019_regex.csv,data,processed_data,.csv,12512,0.012
data/processed/legacy_xbrl/regex_all/SO/SO_pre2019_regex.parquet,data,processed_data,.parquet,20491,0.02
data/processed/legacy_xbrl/regex_all/SO/SO_pre2019_summary.csv,data,processed_data,.csv,2373,0.002
data/processed/legacy_xbrl/regex_all/SO/SO_pre2019_summary.parquet,data,processed_data,.parquet,3216,0.003
data/processed/legacy_xbrl/regex_all/SPG/SPG_pre2019_regex.csv,data,processed_data,.csv,9779,0.009
data/processed/legacy_xbrl/regex_all/SPG/SPG_pre2019_regex.parquet,data,processed_data,.parquet,16978,0.016
data/processed/legacy_xbrl/regex_all/SPG/SPG_pre2019_summary.csv,data,processed_data,.csv,2419,0.002
data/processed/legacy_xbrl/regex_all/SPG/SPG_pre2019_summary.parquet,data,processed_data,.parquet,3333,0.003
data/processed/legacy_xbrl/regex_all/SPGI/SPGI_pre2019_regex.csv,data,processed_data,.csv,13361,0.013
data/processed/legacy_xbrl/regex_all/SPGI/SPGI_pre2019_regex.parquet,data,processed_data,.parquet,22533,0.021
data/processed/legacy_xbrl/regex_all/SPGI/SPGI_pre2019_summary.csv,data,processed_data,.csv,2474,0.002
data/processed/legacy_xbrl/regex_all/SPGI/SPGI_pre2019_summary.parquet,data,processed_data,.parquet,3281,0.003
data/processed/legacy_xbrl/regex_all/SRE/SRE_pre2019_regex.csv,data,processed_data,.csv,14286,0.014
data/processed/legacy_xbrl/regex_all/SRE/SRE_pre2019_regex.parquet,data,processed_data,.parquet,23365,0.022
data/processed/legacy_xbrl/regex_all/SRE/SRE_pre2019_summary.csv,data,processed_data,.csv,2424,0.002
data/processed/legacy_xbrl/regex_all/SRE/SRE_pre2019_summary.parquet,data,processed_data,.parquet,3202,0.003
data/processed/legacy_xbrl/regex_all/SYK/SYK_pre2019_regex.csv,data,processed_data,.csv,15629,0.015
data/processed/legacy_xbrl/regex_all/SYK/SYK_pre2019_regex.parquet,data,processed_data,.parquet,25983,0.025
data/processed/legacy_xbrl/regex_all/SYK/SYK_pre2019_summary.csv,data,processed_data,.csv,2423,0.002
data/processed/legacy_xbrl/regex_all/SYK/SYK_pre2019_summary.parquet,data,processed_data,.parquet,3259,0.003
data/processed/legacy_xbrl/regex_all/T/T_pre2019_regex.csv,data,processed_data,.csv,13751,0.013
data/processed/legacy_xbrl/regex_all/T/T_pre2019_regex.parquet,data,processed_data,.parquet,22083,0.021
data/processed/legacy_xbrl/regex_all/T/T_pre2019_summary.csv,data,processed_data,.csv,2324,0.002
data/processed/legacy_xbrl/regex_all/T/T_pre2019_summary.parquet,data,processed_data,.parquet,3235,0.003
data/processed/legacy_xbrl/regex_all/TDG/TDG_pre2019_regex.csv,data,processed_data,.csv,13001,0.012
data/processed/legacy_xbrl/regex_all/TDG/TDG_pre2019_regex.parquet,data,processed_data,.parquet,23007,0.022
data/processed/legacy_xbrl/regex_all/TDG/TDG_pre2019_summary.csv,data,processed_data,.csv,2421,0.002
data/processed/legacy_xbrl/regex_all/TDG/TDG_pre2019_summary.parquet,data,processed_data,.parquet,3326,0.003
data/processed/legacy_xbrl/regex_all/TEAM/TEAM_pre2019_regex.csv,data,processed_data,.csv,3208,0.003
data/processed/legacy_xbrl/regex_all/TEAM/TEAM_pre2019_regex.parquet,data,processed_data,.parquet,18636,0.018
data/processed/legacy_xbrl/regex_all/TEAM/TEAM_pre2019_summary.csv,data,processed_data,.csv,467,0.0
data/processed/legacy_xbrl/regex_all/TEAM/TEAM_pre2019_summary.parquet,data,processed_data,.parquet,2857,0.003
data/processed/legacy_xbrl/regex_all/TEL/TEL_pre2019_regex.csv,data,processed_data,.csv,14852,0.014
data/processed/legacy_xbrl/regex_all/TEL/TEL_pre2019_regex.parquet,data,processed_data,.parquet,23553,0.022
data/processed/legacy_xbrl/regex_all/TEL/TEL_pre2019_summary.csv,data,processed_data,.csv,2424,0.002
data/processed/legacy_xbrl/regex_all/TEL/TEL_pre2019_summary.parquet,data,processed_data,.parquet,3291,0.003
data/processed/legacy_xbrl/regex_all/TFC/TFC_pre2019_regex.csv,data,processed_data,.csv,9587,0.009
data/processed/legacy_xbrl/regex_all/TFC/TFC_pre2019_regex.parquet,data,processed_data,.parquet,15775,0.015
data/processed/legacy_xbrl/regex_all/TFC/TFC_pre2019_summary.csv,data,processed_data,.csv,2422,0.002
data/processed/legacy_xbrl/regex_all/TFC/TFC_pre2019_summary.parquet,data,processed_data,.parquet,3243,0.003
data/processed/legacy_xbrl/regex_all/TGT/TGT_pre2019_regex.csv,data,processed_data,.csv,13139,0.013
data/processed/legacy_xbrl/regex_all/TGT/TGT_pre2019_regex.parquet,data,processed_data,.parquet,22997,0.022
data/processed/legacy_xbrl/regex_all/TGT/TGT_pre2019_summary.csv,data,processed_data,.csv,2423,0.002
data/processed/legacy_xbrl/regex_all/TGT/TGT_pre2019_summary.parquet,data,processed_data,.parquet,3245,0.003
data/processed/legacy_xbrl/regex_all/TJX/TJX_pre2019_regex.csv,data,processed_data,.csv,13357,0.013
data/processed/legacy_xbrl/regex_all/TJX/TJX_pre2019_regex.parquet,data,processed_data,.parquet,23156,0.022
data/processed/legacy_xbrl/regex_all/TJX/TJX_pre2019_summary.csv,data,processed_data,.csv,2423,0.002
data/processed/legacy_xbrl/regex_all/TJX/TJX_pre2019_summary.parquet,data,processed_data,.parquet,3336,0.003
data/processed/legacy_xbrl/regex_all/TMO/TMO_pre2019_regex.csv,data,processed_data,.csv,13778,0.013
data/processed/legacy_xbrl/regex_all/TMO/TMO_pre2019_regex.parquet,data,processed_data,.parquet,23577,0.022
data/processed/legacy_xbrl/regex_all/TMO/TMO_pre2019_summary.csv,data,processed_data,.csv,2424,0.002
data/processed/legacy_xbrl/regex_all/TMO/TMO_pre2019_summary.parquet,data,processed_data,.parquet,3176,0.003
data/processed/legacy_xbrl/regex_all/TMUS/TMUS_pre2019_regex.csv,data,processed_data,.csv,14067,0.013
data/processed/legacy_xbrl/regex_all/TMUS/TMUS_pre2019_regex.parquet,data,processed_data,.parquet,23440,0.022
data/processed/legacy_xbrl/regex_all/TMUS/TMUS_pre2019_summary.csv,data,processed_data,.csv,2471,0.002
data/processed/legacy_xbrl/regex_all/TMUS/TMUS_pre2019_summary.parquet,data,processed_data,.parquet,3273,0.003
data/processed/legacy_xbrl/regex_all/TRV/TRV_pre2019_regex.csv,data,processed_data,.csv,9339,0.009
data/processed/legacy_xbrl/regex_all/TRV/TRV_pre2019_regex.parquet,data,processed_data,.parquet,16249,0.015
data/processed/legacy_xbrl/regex_all/TRV/TRV_pre2019_summary.csv,data,processed_data,.csv,2423,0.002
data/processed/legacy_xbrl/regex_all/TRV/TRV_pre2019_summary.parquet,data,processed_data,.parquet,3316,0.003
data/processed/legacy_xbrl/regex_all/TSLA/TSLA_pre2019_regex.csv,data,processed_data,.csv,14313,0.014
data/processed/legacy_xbrl/regex_all/TSLA/TSLA_pre2019_regex.parquet,data,processed_data,.parquet,25805,0.025
data/processed/legacy_xbrl/regex_all/TSLA/TSLA_pre2019_summary.csv,data,processed_data,.csv,2228,0.002
data/processed/legacy_xbrl/regex_all/TSLA/TSLA_pre2019_summary.parquet,data,processed_data,.parquet,3331,0.003
data/processed/legacy_xbrl/regex_all/TT/TT_pre2019_regex.csv,data,processed_data,.csv,12929,0.012
data/processed/legacy_xbrl/regex_all/TT/TT_pre2019_regex.parquet,data,processed_data,.parquet,22085,0.021
data/processed/legacy_xbrl/regex_all/TT/TT_pre2019_summary.csv,data,processed_data,.csv,2282,0.002
data/processed/legacy_xbrl/regex_all/TT/TT_pre2019_summary.parquet,data,processed_data,.parquet,3252,0.003
data/processed/legacy_xbrl/regex_all/TTD/TTD_pre2019_regex.csv,data,processed_data,.csv,7519,0.007
data/processed/legacy_xbrl/regex_all/TTD/TTD_pre2019_regex.parquet,data,processed_data,.parquet,20067,0.019
data/processed/legacy_xbrl/regex_all/TTD/TTD_pre2019_summary.csv,data,processed_data,.csv,1274,0.001
data/processed/legacy_xbrl/regex_all/TTD/TTD_pre2019_summary.parquet,data,processed_data,.parquet,3078,0.003
data/processed/legacy_xbrl/regex_all/TTWO/TTWO_pre2019_regex.csv,data,processed_data,.csv,14240,0.014
data/processed/legacy_xbrl/regex_all/TTWO/TTWO_pre2019_regex.parquet,data,processed_data,.parquet,25878,0.025
data/processed/legacy_xbrl/regex_all/TTWO/TTWO_pre2019_summary.csv,data,processed_data,.csv,2470,0.002
data/processed/legacy_xbrl/regex_all/TTWO/TTWO_pre2019_summary.parquet,data,processed_data,.parquet,3340,0.003
data/processed/legacy_xbrl/regex_all/TXN/TXN_pre2019_regex.csv,data,processed_data,.csv,14690,0.014
data/processed/legacy_xbrl/regex_all/TXN/TXN_pre2019_regex.parquet,data,processed_data,.parquet,23973,0.023
data/processed/legacy_xbrl/regex_all/TXN/TXN_pre2019_summary.csv,data,processed_data,.csv,2423,0.002
data/processed/legacy_xbrl/regex_all/TXN/TXN_pre2019_summary.parquet,data,processed_data,.parquet,3274,0.003
data/processed/legacy_xbrl/regex_all/UBER/UBER_pre2019_regex.csv,data,processed_data,.csv,6517,0.006
data/processed/legacy_xbrl/regex_all/UBER/UBER_pre2019_regex.parquet,data,processed_data,.parquet,18815,0.018
data/processed/legacy_xbrl/regex_all/UBER/UBER_pre2019_summary.csv,data,processed_data,.csv,957,0.001
data/processed/legacy_xbrl/regex_all/UBER/UBER_pre2019_summary.parquet,data,processed_data,.parquet,2949,0.003
data/processed/legacy_xbrl/regex_all/UNH/UNH_pre2019_regex.csv,data,processed_data,.csv,14397,0.014
data/processed/legacy_xbrl/regex_all/UNH/UNH_pre2019_regex.parquet,data,processed_data,.parquet,21591,0.021
data/processed/legacy_xbrl/regex_all/UNH/UNH_pre2019_summary.csv,data,processed_data,.csv,2424,0.002
data/processed/legacy_xbrl/regex_all/UNH/UNH_pre2019_summary.parquet,data,processed_data,.parquet,3222,0.003
data/processed/legacy_xbrl/regex_all/UNP/UNP_pre2019_regex.csv,data,processed_data,.csv,13814,0.013
data/processed/legacy_xbrl/regex_all/UNP/UNP_pre2019_regex.parquet,data,processed_data,.parquet,21426,0.02
data/processed/legacy_xbrl/regex_all/UNP/UNP_pre2019_summary.csv,data,processed_data,.csv,2424,0.002
data/processed/legacy_xbrl/regex_all/UNP/UNP_pre2019_summary.parquet,data,processed_data,.parquet,3321,0.003
data/processed/legacy_xbrl/regex_all/UPS/UPS_pre2019_regex.csv,data,processed_data,.csv,13083,0.012
data/processed/legacy_xbrl/regex_all/UPS/UPS_pre2019_regex.parquet,data,processed_data,.parquet,19822,0.019
data/processed/legacy_xbrl/regex_all/UPS/UPS_pre2019_summary.csv,data,processed_data,.csv,2424,0.002
data/processed/legacy_xbrl/regex_all/UPS/UPS_pre2019_summary.parquet,data,processed_data,.parquet,3216,0.003
data/processed/legacy_xbrl/regex_all/URI/URI_pre2019_regex.csv,data,processed_data,.csv,13933,0.013
data/processed/legacy_xbrl/regex_all/URI/URI_pre2019_regex.parquet,data,processed_data,.parquet,24644,0.024
data/processed/legacy_xbrl/regex_all/URI/URI_pre2019_summary.csv,data,processed_data,.csv,2418,0.002
data/processed/legacy_xbrl/regex_all/URI/URI_pre2019_summary.parquet,data,processed_data,.parquet,3240,0.003
data/processed/legacy_xbrl/regex_all/USB/USB_pre2019_regex.csv,data,processed_data,.csv,10366,0.01
data/processed/legacy_xbrl/regex_all/USB/USB_pre2019_regex.parquet,data,processed_data,.parquet,16745,0.016
data/processed/legacy_xbrl/regex_all/USB/USB_pre2019_summary.csv,data,processed_data,.csv,2424,0.002
data/processed/legacy_xbrl/regex_all/USB/USB_pre2019_summary.parquet,data,processed_data,.parquet,3381,0.003
data/processed/legacy_xbrl/regex_all/V/V_pre2019_regex.csv,data,processed_data,.csv,13133,0.013
data/processed/legacy_xbrl/regex_all/V/V_pre2019_regex.parquet,data,processed_data,.parquet,20506,0.02
data/processed/legacy_xbrl/regex_all/V/V_pre2019_summary.csv,data,processed_data,.csv,2324,0.002
data/processed/legacy_xbrl/regex_all/V/V_pre2019_summary.parquet,data,processed_data,.parquet,3215,0.003
data/processed/legacy_xbrl/regex_all/VRSK/VRSK_pre2019_regex.csv,data,processed_data,.csv,12471,0.012
data/processed/legacy_xbrl/regex_all/VRSK/VRSK_pre2019_regex.parquet,data,processed_data,.parquet,22212,0.021
data/processed/legacy_xbrl/regex_all/VRSK/VRSK_pre2019_summary.csv,data,processed_data,.csv,2325,0.002
data/processed/legacy_xbrl/regex_all/VRSK/VRSK_pre2019_summary.parquet,data,processed_data,.parquet,3296,0.003
data/processed/legacy_xbrl/regex_all/VRTX/VRTX_pre2019_regex.csv,data,processed_data,.csv,14185,0.014
data/processed/legacy_xbrl/regex_all/VRTX/VRTX_pre2019_regex.parquet,data,processed_data,.parquet,23771,0.023
data/processed/legacy_xbrl/regex_all/VRTX/VRTX_pre2019_summary.csv,data,processed_data,.csv,2472,0.002
data/processed/legacy_xbrl/regex_all/VRTX/VRTX_pre2019_summary.parquet,data,processed_data,.parquet,3241,0.003
data/processed/legacy_xbrl/regex_all/VST/VST_pre2019_regex.csv,data,processed_data,.csv,8166,0.008
data/processed/legacy_xbrl/regex_all/VST/VST_pre2019_regex.parquet,data,processed_data,.parquet,20362,0.019
data/processed/legacy_xbrl/regex_all/VST/VST_pre2019_summary.csv,data,processed_data,.csv,1226,0.001
data/processed/legacy_xbrl/regex_all/VST/VST_pre2019_summary.parquet,data,processed_data,.parquet,2987,0.003
data/processed/legacy_xbrl/regex_all/VZ/VZ_pre2019_regex.csv,data,processed_data,.csv,13377,0.013
data/processed/legacy_xbrl/regex_all/VZ/VZ_pre2019_regex.parquet,data,processed_data,.parquet,20524,0.02
data/processed/legacy_xbrl/regex_all/VZ/VZ_pre2019_summary.csv,data,processed_data,.csv,2374,0.002
data/processed/legacy_xbrl/regex_all/VZ/VZ_pre2019_summary.parquet,data,processed_data,.parquet,3294,0.003
data/processed/legacy_xbrl/regex_all/WBD/WBD_pre2019_regex.csv,data,processed_data,.csv,13858,0.013
data/processed/legacy_xbrl/regex_all/WBD/WBD_pre2019_regex.parquet,data,processed_data,.parquet,23196,0.022
data/processed/legacy_xbrl/regex_all/WBD/WBD_pre2019_summary.csv,data,processed_data,.csv,2424,0.002
data/processed/legacy_xbrl/regex_all/WBD/WBD_pre2019_summary.parquet,data,processed_data,.parquet,3288,0.003
data/processed/legacy_xbrl/regex_all/WDAY/WDAY_pre2019_regex.csv,data,processed_data,.csv,10164,0.01
data/processed/legacy_xbrl/regex_all/WDAY/WDAY_pre2019_regex.parquet,data,processed_data,.parquet,21763,0.021
data/processed/legacy_xbrl/regex_all/WDAY/WDAY_pre2019_summary.csv,data,processed_data,.csv,1839,0.002
data/processed/legacy_xbrl/regex_all/WDAY/WDAY_pre2019_summary.parquet,data,processed_data,.parquet,3162,0.003
data/processed/legacy_xbrl/regex_all/WELL/WELL_pre2019_regex.csv,data,processed_data,.csv,9290,0.009
data/processed/legacy_xbrl/regex_all/WELL/WELL_pre2019_regex.parquet,data,processed_data,.parquet,16856,0.016
data/processed/legacy_xbrl/regex_all/WELL/WELL_pre2019_summary.csv,data,processed_data,.csv,2470,0.002
data/processed/legacy_xbrl/regex_all/WELL/WELL_pre2019_summary.parquet,data,processed_data,.parquet,3224,0.003
data/processed/legacy_xbrl/regex_all/WFC/WFC_pre2019_regex.csv,data,processed_data,.csv,9567,0.009
data/processed/legacy_xbrl/regex_all/WFC/WFC_pre2019_regex.parquet,data,processed_data,.parquet,15318,0.015
data/processed/legacy_xbrl/regex_all/WFC/WFC_pre2019_summary.csv,data,processed_data,.csv,2424,0.002
data/processed/legacy_xbrl/regex_all/WFC/WFC_pre2019_summary.parquet,data,processed_data,.parquet,3290,0.003
data/processed/legacy_xbrl/regex_all/WM/WM_pre2019_regex.csv,data,processed_data,.csv,13286,0.013
data/processed/legacy_xbrl/regex_all/WM/WM_pre2019_regex.parquet,data,processed_data,.parquet,21323,0.02
data/processed/legacy_xbrl/regex_all/WM/WM_pre2019_summary.csv,data,processed_data,.csv,2374,0.002
data/processed/legacy_xbrl/regex_all/WM/WM_pre2019_summary.parquet,data,processed_data,.parquet,3363,0.003
data/processed/legacy_xbrl/regex_all/WMB/WMB_pre2019_regex.csv,data,processed_data,.csv,13211,0.013
data/processed/legacy_xbrl/regex_all/WMB/WMB_pre2019_regex.parquet,data,processed_data,.parquet,21753,0.021
data/processed/legacy_xbrl/regex_all/WMB/WMB_pre2019_summary.csv,data,processed_data,.csv,2422,0.002
data/processed/legacy_xbrl/regex_all/WMB/WMB_pre2019_summary.parquet,data,processed_data,.parquet,3243,0.003
data/processed/legacy_xbrl/regex_all/WMT/WMT_pre2019_regex.csv,data,processed_data,.csv,14905,0.014
data/processed/legacy_xbrl/regex_all/WMT/WMT_pre2019_regex.parquet,data,processed_data,.parquet,23452,0.022
data/processed/legacy_xbrl/regex_all/WMT/WMT_pre2019_summary.csv,data,processed_data,.csv,2423,0.002
data/processed/legacy_xbrl/regex_all/WMT/WMT_pre2019_summary.parquet,data,processed_data,.parquet,3244,0.003
data/processed/legacy_xbrl/regex_all/XEL/XEL_pre2019_regex.csv,data,processed_data,.csv,13211,0.013
data/processed/legacy_xbrl/regex_all/XEL/XEL_pre2019_regex.parquet,data,processed_data,.parquet,21102,0.02
data/processed/legacy_xbrl/regex_all/XEL/XEL_pre2019_summary.csv,data,processed_data,.csv,2424,0.002
data/processed/legacy_xbrl/regex_all/XEL/XEL_pre2019_summary.parquet,data,processed_data,.parquet,3282,0.003
data/processed/legacy_xbrl/regex_all/XOM/XOM_pre2019_regex.csv,data,processed_data,.csv,13936,0.013
data/processed/legacy_xbrl/regex_all/XOM/XOM_pre2019_regex.parquet,data,processed_data,.parquet,21486,0.02
data/processed/legacy_xbrl/regex_all/XOM/XOM_pre2019_summary.csv,data,processed_data,.csv,2424,0.002
data/processed/legacy_xbrl/regex_all/XOM/XOM_pre2019_summary.parquet,data,processed_data,.parquet,3240,0.003
data/processed/legacy_xbrl/regex_all/ZS/ZS_pre2019_regex.csv,data,processed_data,.csv,6490,0.006
data/processed/legacy_xbrl/regex_all/ZS/ZS_pre2019_regex.parquet,data,processed_data,.parquet,21097,0.02
data/processed/legacy_xbrl/regex_all/ZS/ZS_pre2019_summary.csv,data,processed_data,.csv,1013,0.001
data/processed/legacy_xbrl/regex_all/ZS/ZS_pre2019_summary.parquet,data,processed_data,.parquet,2953,0.003
data/processed/legacy_xbrl/regex_all/ZTS/ZTS_pre2019_regex.csv,data,processed_data,.csv,11767,0.011
data/processed/legacy_xbrl/regex_all/ZTS/ZTS_pre2019_regex.parquet,data,processed_data,.parquet,22259,0.021
data/processed/legacy_xbrl/regex_all/ZTS/ZTS_pre2019_summary.csv,data,processed_data,.csv,1802,0.002
data/processed/legacy_xbrl/regex_all/ZTS/ZTS_pre2019_summary.parquet,data,processed_data,.parquet,3112,0.003
data/processed/panel_v2/.DS_Store,data,system_junk,[none],6148,0.006
data/processed/panel_v2/.gitkeep,data,processed_data,[none],1,0.0
data/processed/panel_v2/firm_panel_v2.csv,data,processed_data,.csv,51143434,48.774
data/processed/panel_v2/firm_panel_v2.csv.gz,data,processed_data,.gz,15320618,14.611
data/processed/panel_v2/firm_panel_v2.parquet,data,processed_data,.parquet,13213499,12.601
data/processed/panel_v2_pre_expansion_20260505/firm_panel_v2.csv.gz,data,processed_data,.gz,10604490,10.113
data/processed/panel_v2_pre_expansion_20260505/firm_panel_v2.parquet,data,processed_data,.parquet,8484306,8.091
data/processed/sp500_legacy/sp500_cleaned.csv,data,processed_data,.csv,23705743,22.608
data/processed/sp500_legacy/sp500_cleaned.parquet,data,processed_data,.parquet,3876404,3.697
data/raw/.DS_Store,data,system_junk,[none],6148,0.006
data/raw/.gitkeep,data,raw_data,[none],1,0.0
data/raw/fred/.gitkeep,data,raw_data,[none],1,0.0
data/raw/fred/BAMLH0A0HYM2.csv,data,raw_data,.csv,123267,0.118
data/raw/fred/BUSLOANS.csv,data,raw_data,.csv,19056,0.018
data/raw/fred/CPIAUCSL.csv,data,raw_data,.csv,17649,0.017
data/raw/fred/DCOILWTICO.csv,data,raw_data,.csv,177537,0.169
data/raw/fred/DRTSCILM.csv,data,raw_data,.csv,2335,0.002
data/raw/fred/DTWEXBGS.csv,data,raw_data,.csv,102269,0.098
data/raw/fred/FEDFUNDS.csv,data,raw_data,.csv,13879,0.013
data/raw/fred/GDPC1.csv,data,raw_data,.csv,6506,0.006
data/raw/fred/GS10.csv,data,raw_data,.csv,14126,0.013
data/raw/fred/HOUST.csv,data,raw_data,.csv,12841,0.012
data/raw/fred/INDPRO.csv,data,raw_data,.csv,24340,0.023
data/raw/fred/M2SL.csv,data,raw_data,.csv,14512,0.014
data/raw/fred/NFCI.csv,data,raw_data,.csv,51121,0.049
data/raw/fred/PAYEMS.csv,data,raw_data,.csv,18297,0.017
data/raw/fred/PPIACO.csv,data,raw_data,.csv,25004,0.024
data/raw/fred/RSAFS.csv,data,raw_data,.csv,7421,0.007
data/raw/fred/T10Y2Y.csv,data,raw_data,.csv,208265,0.199
data/raw/fred/T10Y3M.csv,data,raw_data,.csv,184373,0.176
data/raw/fred/UNRATE.csv,data,raw_data,.csv,14121,0.013
data/raw/fred/USEPUINDXD.csv,data,raw_data,.csv,263413,0.251
data/raw/fred/VIXCLS.csv,data,raw_data,.csv,159589,0.152
data/raw/fred/fred_download_log.csv,data,raw_data,.csv,2234,0.002
data/raw/sec_fsd_zips/.DS_Store,data,system_junk,[none],12292,0.012
data/raw/sec_fsd_zips/.gitkeep,data,raw_data,[none],1,0.0
data/raw/sec_fsd_zips/2009q1.zip,data,raw_data,.zip,13540,0.013
data/raw/sec_fsd_zips/2009q2.zip,data,raw_data,.zip,144894,0.138
data/raw/sec_fsd_zips/2009q3.zip,data,raw_data,.zip,3544077,3.38
data/raw/sec_fsd_zips/2009q4.zip,data,raw_data,.zip,4050938,3.863
data/raw/sec_fsd_zips/2010q1.zip,data,raw_data,.zip,5311282,5.065
data/raw/sec_fsd_zips/2010q2.zip,data,raw_data,.zip,3994236,3.809
data/raw/sec_fsd_zips/2010q3.zip,data,raw_data,.zip,13745950,13.109
data/raw/sec_fsd_zips/2010q4.zip,data,raw_data,.zip,14679781,14.0
data/raw/sec_fsd_zips/2011q1.zip,data,raw_data,.zip,19615544,18.707
data/raw/sec_fsd_zips/2011q2.zip,data,raw_data,.zip,15001310,14.306
data/raw/sec_fsd_zips/2011q3.zip,data,raw_data,.zip,57941919,55.258
data/raw/sec_fsd_zips/2011q4.zip,data,raw_data,.zip,64306658,61.328
data/raw/sec_fsd_zips/2012q1.zip,data,raw_data,.zip,85474601,81.515
data/raw/sec_fsd_zips/2012q2.zip,data,raw_data,.zip,80075771,76.366
data/raw/sec_fsd_zips/2012q3.zip,data,raw_data,.zip,89608234,85.457
data/raw/sec_fsd_zips/2012q4.zip,data,raw_data,.zip,95805256,91.367
data/raw/sec_fsd_zips/2013q1.zip,data,raw_data,.zip,99173442,94.579
data/raw/sec_fsd_zips/2013q2.zip,data,raw_data,.zip,96917655,92.428
data/raw/sec_fsd_zips/2013q3.zip,data,raw_data,.zip,98355005,93.799
data/raw/sec_fsd_zips/2013q4.zip,data,raw_data,.zip,92335773,88.058
data/raw/sec_fsd_zips/2014q1.zip,data,raw_data,.zip,102843522,98.079
data/raw/sec_fsd_zips/2014q2.zip,data,raw_data,.zip,85032839,81.094
data/raw/sec_fsd_zips/2014q3.zip,data,raw_data,.zip,87408142,83.359
data/raw/sec_fsd_zips/2014q4.zip,data,raw_data,.zip,87639973,83.58
data/raw/sec_fsd_zips/2015q1.zip,data,raw_data,.zip,98944359,94.361
data/raw/sec_fsd_zips/2015q2.zip,data,raw_data,.zip,78908272,75.253
data/raw/sec_fsd_zips/2015q3.zip,data,raw_data,.zip,82751989,78.918
data/raw/sec_fsd_zips/2015q4.zip,data,raw_data,.zip,83007568,79.162
data/raw/sec_fsd_zips/2016q1.zip,data,raw_data,.zip,95470843,91.048
data/raw/sec_fsd_zips/2016q2.zip,data,raw_data,.zip,73848835,70.428
data/raw/sec_fsd_zips/2016q3.zip,data,raw_data,.zip,71116399,67.822
data/raw/sec_fsd_zips/2016q4.zip,data,raw_data,.zip,79400707,75.722
data/raw/sec_fsd_zips/2017q1.zip,data,raw_data,.zip,92433981,88.152
data/raw/sec_fsd_zips/2017q2.zip,data,raw_data,.zip,71429748,68.121
data/raw/sec_fsd_zips/2017q3.zip,data,raw_data,.zip,74356472,70.912
data/raw/sec_fsd_zips/2017q4.zip,data,raw_data,.zip,76051784,72.529
data/raw/sec_fsd_zips/2018q1.zip,data,raw_data,.zip,93176693,88.86
data/raw/sec_fsd_zips/2018q2.zip,data,raw_data,.zip,91972487,87.712
data/raw/sec_fsd_zips/2018q3.zip,data,raw_data,.zip,87202498,83.163
data/raw/sec_fsd_zips/2018q4.zip,data,raw_data,.zip,62895777,59.982
data/raw/sec_fsd_zips/2019q1.zip,data,raw_data,.zip,95895180,91.453
data/raw/sec_fsd_zips/2019q2.zip,data,raw_data,.zip,90155728,85.979
data/raw/sec_fsd_zips/2019q3.zip,data,raw_data,.zip,89829588,85.668
data/raw/sec_fsd_zips/2019q4.zip,data,raw_data,.zip,98753299,94.178
data/raw/sec_fsd_zips/2020q1.zip,data,raw_data,.zip,96584608,92.11
data/raw/sec_fsd_zips/2020q2.zip,data,raw_data,.zip,82008710,78.21
data/raw/sec_fsd_zips/2020q3.zip,data,raw_data,.zip,87582976,83.526
data/raw/sec_fsd_zips/2020q4.zip,data,raw_data,.zip,89811373,85.651
data/raw/sec_fsd_zips/2021q1.zip,data,raw_data,.zip,97900752,93.365
data/raw/sec_fsd_zips/2021q2.zip,data,raw_data,.zip,90864175,86.655
data/raw/sec_fsd_zips/2021q3.zip,data,raw_data,.zip,97252395,92.747
data/raw/sec_fsd_zips/2021q4.zip,data,raw_data,.zip,102642081,97.887
data/raw/sec_fsd_zips/2022q1.zip,data,raw_data,.zip,103669919,98.867
data/raw/sec_fsd_zips/2022q2.zip,data,raw_data,.zip,97089251,92.592
data/raw/sec_fsd_zips/2022q3.zip,data,raw_data,.zip,97589396,93.069
data/raw/sec_fsd_zips/2022q4.zip,data,raw_data,.zip,111091525,105.945
data/raw/sec_fsd_zips/2023q1.zip,data,raw_data,.zip,113974946,108.695
data/raw/sec_fsd_zips/2023q2.zip,data,raw_data,.zip,116914392,111.498
data/raw/sec_fsd_zips/2023q3.zip,data,raw_data,.zip,117776944,112.321
data/raw/sec_fsd_zips/2023q4.zip,data,raw_data,.zip,120272357,114.701
data/raw/sec_fsd_zips/2024q1.zip,data,raw_data,.zip,124336804,118.577
data/raw/sec_fsd_zips/2024q2.zip,data,raw_data,.zip,119119954,113.602
data/raw/sec_fsd_zips/2024q3.zip,data,raw_data,.zip,118280418,112.801
data/raw/sec_fsd_zips/2024q4.zip,data,raw_data,.zip,122932548,117.238
data/raw/sec_fsd_zips/2025q1.zip,data,raw_data,.zip,127765057,121.846
data/raw/sec_fsd_zips/2025q2.zip,data,raw_data,.zip,78973768,75.315
data/raw/sec_fsd_zips/2025q3.zip,data,raw_data,.zip,127842298,121.92
data/raw/sec_fsd_zips/2025q4.zip,data,raw_data,.zip,65830170,62.781
data/raw/sec_fsd_zips/2026q1.zip,data,raw_data,.zip,85259424,81.31
data/samples/README.md,data,sample_data,.md,429,0.0
data/samples/firm_panel_v2_sample.csv,data,sample_data,.csv,687301,0.655
data/samples/firm_panel_v2_schema.csv,data,sample_data,.csv,11206,0.011
data/samples/legacy_panel_sample.csv,data,sample_data,.csv,105928,0.101
data/samples/legacy_panel_schema.csv,data,sample_data,.csv,2123,0.002
docs/.DS_Store,docs,system_junk,[none],6148,0.006
docs/AMENDMENT_DUPLICATE_HANDLING_NOTE.md,docs,current_doc,.md,1512,0.001
docs/BIBLIOGRAPHY.md,docs,current_doc,.md,29728,0.028
docs/BIBLIOGRAPHY_AUDIT.md,docs,current_doc,.md,3619,0.003
docs/CALIBRATION_AND_RANKING_NOTE.md,docs,current_doc,.md,4833,0.005
docs/CONTROLLED_EXTENSION_DECISION_REPORT.md,docs,current_doc,.md,9603,0.009
docs/CURRENT_STATUS.md,docs,current_doc,.md,57008,0.054
docs/DASHBOARD_THESIS_STORYBOARD.md,docs,current_doc,.md,2063,0.002
docs/DATA_INTEGRITY_CAVEAT_AUDIT_20260507.md,docs,current_doc,.md,4703,0.004
docs/DATA_INTEGRITY_CAVEAT_AUDIT_20260508.md,docs,current_doc,.md,5080,0.005
docs/DATA_MANIFEST.md,docs,current_doc,.md,6931,0.007
docs/DISTRESS_EVENT_DATE_PROVENANCE.md,docs,current_doc,.md,1421,0.001
docs/DOCUMENT_ORGANIZATION.md,docs,current_doc,.md,4716,0.004
docs/EXPLORATORY_TARGET_LAB.md,docs,current_doc,.md,9687,0.009
docs/FACTOR_ANALYSIS_AND_DATA_INTEGRITY.md,docs,current_doc,.md,9825,0.009
docs/FACTUAL_FREEZE_20260509.md,docs,current_doc,.md,3757,0.004
docs/FINAL_ACCEPTANCE_REPORT_20260512.md,docs,current_doc,.md,10286,0.01
docs/FINAL_CAVEAT_RESOLUTION_REGISTER.md,docs,current_doc,.md,6014,0.006
docs/FINAL_CONSISTENCY_REVIEW_20260512.md,docs,current_doc,.md,6021,0.006
docs/FINAL_SCOPE_LOCK_NOTE.md,docs,current_doc,.md,3887,0.004
docs/FINAL_SOURCE_OF_TRUTH_INDEX.md,docs,current_doc,.md,11752,0.011
docs/FINAL_TARGET_HIERARCHY.md,docs,current_doc,.md,8158,0.008
docs/FINANCIAL_QUALITY_FEATURES_NOTE.md,docs,current_doc,.md,2456,0.002
docs/GLOBAL_EVENTS_AND_DASHBOARD_STRATEGY.md,docs,current_doc,.md,6608,0.006
docs/INTRODUCTION_RESEARCH_GAP_DRAFT.md,docs,current_doc,.md,3070,0.003
docs/LEGAL_FULL_TEXT_ACCESS_AND_READING_NOTES.md,docs,current_doc,.md,24798,0.024
docs/LITERATURE_MATRIX.md,docs,current_doc,.md,6346,0.006
docs/LITERATURE_REVIEW_DRAFT.md,docs,current_doc,.md,11856,0.011
docs/LITERATURE_REVIEW_OUTLINE.md,docs,current_doc,.md,3600,0.003
docs/LITERATURE_SEARCH_STRATEGY.md,docs,current_doc,.md,2895,0.003
docs/MANUAL_HIGH_RISK_AUDIT_20260507.md,docs,current_doc,.md,11913,0.011
docs/MARKET_HEALTH_INDEX_NOTE.md,docs,current_doc,.md,2398,0.002
docs/MARKET_HEALTH_INDEX_V2_NOTE.md,docs,current_doc,.md,3491,0.003
docs/MASTER_DATA_MODEL_TARGET_EXPLAINER.md,docs,current_doc,.md,98559,0.094
docs/MISSINGNESS_INDICATOR_POLICY.md,docs,current_doc,.md,2832,0.003
docs/MODEL_INTERPRETATION_STABILITY_NOTE.md,docs,current_doc,.md,4600,0.004
docs/MODEL_TUNING_AND_AUTOGLUON_NOTE.md,docs,current_doc,.md,6640,0.006
docs/NEXT_STEPS_FOR_USER.md,docs,current_doc,.md,4429,0.004
docs/PANEL_DATA_ARCHITECTURE_AND_EXPANSION.md,docs,current_doc,.md,11332,0.011
docs/PCG_PGNPQ_DUPLICATE_CIK_NOTE.md,docs,current_doc,.md,3610,0.003
docs/PERPLEXITY_LITERATURE_VERIFICATION_PACKET.md,docs,current_doc,.md,119023,0.114
docs/PROJECT_CHRONICLE.md,docs,current_doc,.md,126277,0.12
docs/PROJECT_GLOSSARY_AND_FIELD_GUIDE.md,docs,current_doc,.md,10408,0.01
docs/REFERENCE_CRITICAL_EVALUATION.md,docs,current_doc,.md,32123,0.031
docs/REPRODUCIBILITY_FREEZE_20260507.md,docs,current_doc,.md,1434,0.001
docs/RUSSIA_EMERGING_MARKET_LITERATURE_ADDITIONS.md,docs,current_doc,.md,15280,0.015
docs/SCIENTIFIC_VALIDITY_AND_LIMITATIONS_NOTE.md,docs,current_doc,.md,3431,0.003
docs/SEC_CONCEPT_MAPPING_AUDIT.md,docs,current_doc,.md,2797,0.003
docs/SEC_HARMONIZATION_HARDENING_REVIEW_20260512.md,docs,current_doc,.md,9416,0.009
docs/SEC_MAPPING_POLISH_20260509.md,docs,current_doc,.md,4209,0.004
docs/STRATEGIST_HANDOFF_20260505.md,docs,current_doc,.md,14030,0.013
docs/TARGET_DEFINITIONS_FINAL_REVIEW.md,docs,current_doc,.md,5764,0.005
docs/TECHNICAL_QA_RESOLUTION_20260509.md,docs,current_doc,.md,3491,0.003
docs/THESIS_CLAIMS_SAFE_UNSAFE_FINAL.md,docs,current_doc,.md,2380,0.002
docs/THESIS_REQUIREMENTS_CHECKLIST.md,docs,current_doc,.md,3339,0.003
docs/THESIS_THEORETICAL_POSITIONING.md,docs,current_doc,.md,2400,0.002
docs/TOPIC_RELEVANCE_AND_SCOPE_NOTE.md,docs,current_doc,.md,4241,0.004
docs/VS_CODE_WORKFLOW.md,docs,current_doc,.md,4971,0.005
docs/_redundant/.DS_Store,docs,system_junk,[none],8196,0.008
docs/_redundant/00_system_junk/docs_DS_Store,docs,archived_doc,[none],6148,0.006
docs/_redundant/00_system_junk/docs_DS_Store_latest,docs,archived_doc,[none],6148,0.006
docs/_redundant/00_system_junk/project_root_DS_Store,docs,archived_doc,[none],10244,0.01
docs/_redundant/00_system_junk/redundant_DS_Store,docs,archived_doc,[none],8196,0.008
docs/_redundant/00_system_junk/redundant_DS_Store_latest,docs,archived_doc,[none],8196,0.008
docs/_redundant/00_system_junk/reports_DS_Store,docs,archived_doc,[none],8196,0.008
docs/_redundant/01_legacy_project_docs/LEGACY_DATA_AUDIT_SUMMARY.md,docs,archived_doc,.md,1279,0.001
docs/_redundant/01_legacy_project_docs/initial_project_overview_2025.json,docs,archived_doc,.json,5435,0.005
docs/_redundant/01_legacy_project_docs/legacy_project_overview_2025.json,docs,archived_doc,.json,8598,0.008
docs/_redundant/02_superseded_strategy_reviews/FINAL_DECISION_PLAN_20260505.md,docs,archived_doc,.md,3494,0.003
docs/_redundant/02_superseded_strategy_reviews/PEER_REVIEW_ACTION_PLAN_ASSESSMENT.md,docs,archived_doc,.md,3827,0.004
docs/_redundant/02_superseded_strategy_reviews/RESEARCH_GAP_ASSESSMENT.md,docs,archived_doc,.md,2976,0.003
docs/_redundant/02_superseded_strategy_reviews/STRATEGIC_NEXT_STEPS_20260505_REVIEW.md,docs,archived_doc,.md,8168,0.008
docs/_redundant/02_superseded_strategy_reviews/SUBMISSION_SPRINT_PLAN.md,docs,archived_doc,.md,4147,0.004
docs/_redundant/03_superseded_target_notes/BROADER_TARGET_EXPERIMENTS.md,docs,archived_doc,.md,4877,0.005
docs/_redundant/03_superseded_target_notes/TARGET_AND_FACTOR_TWEAK_ASSESSMENT.md,docs,archived_doc,.md,9060,0.009
docs/_redundant/03_superseded_target_notes/TARGET_DEFINITIONS_AND_EVENT_DATES.md,docs,archived_doc,.md,5271,0.005
docs/_redundant/04_universe_expansion_history/UNIVERSE_EXPANSION_150_ASSESSMENT.md,docs,archived_doc,.md,5720,0.005
docs/_redundant/04_universe_expansion_history/UNIVERSE_EXPANSION_PLAN.md,docs,archived_doc,.md,3735,0.004
docs/_redundant/05_raw_extracted_inputs/final_thesis_requirements_extracted.txt,docs,archived_doc,.txt,64665,0.062
docs/_redundant/README.md,docs,archived_doc,.md,1835,0.002
docs/references.bib,docs,current_doc,.bib,27126,0.026
docs/thesis_academic_manuscript_no_title_page.docx,docs,current_doc,.docx,84738,0.081
docs/thesis_first_draft_no_title_page.docx,docs,current_doc,.docx,73276,0.07
models/.DS_Store,models,system_junk,[none],6148,0.006
models/.gitkeep,models,model_artifact,[none],1,0.0
models/panel_v2/distress_next_4q_gradient_boosting.joblib,models,model_artifact,.joblib,486443,0.464
models/panel_v2/distress_next_4q_logistic_l2.joblib,models,model_artifact,.joblib,20291,0.019
models/panel_v2/distress_next_4q_random_forest.joblib,models,model_artifact,.joblib,3675080,3.505
models/panel_v2/failure_pressure_conservative_v2_next_4obs_gradient_boosting.joblib,models,model_artifact,.joblib,484555,0.462
models/panel_v2/failure_pressure_conservative_v2_next_4obs_logistic_l2.joblib,models,model_artifact,.joblib,20291,0.019
models/panel_v2/failure_pressure_conservative_v2_next_4obs_random_forest.joblib,models,model_artifact,.joblib,26042616,24.836
models/panel_v2/gradient_boosting.joblib,models,model_artifact,.joblib,477851,0.456
models/panel_v2/industry_relative_resilience_next_4obs_gradient_boosting.joblib,models,model_artifact,.joblib,488955,0.466
models/panel_v2/industry_relative_resilience_next_4obs_logistic_l2.joblib,models,model_artifact,.joblib,20291,0.019
models/panel_v2/industry_relative_resilience_next_4obs_random_forest.joblib,models,model_artifact,.joblib,39083752,37.273
models/panel_v2/logistic_l2.joblib,models,model_artifact,.joblib,8915,0.009
models/panel_v2/quality_success_cashflow_next_4obs_gradient_boosting.joblib,models,model_artifact,.joblib,489435,0.467
models/panel_v2/quality_success_cashflow_next_4obs_logistic_l2.joblib,models,model_artifact,.joblib,20291,0.019
models/panel_v2/quality_success_cashflow_next_4obs_random_forest.joblib,models,model_artifact,.joblib,24116552,22.999
models/panel_v2/random_forest.joblib,models,model_artifact,.joblib,3311560,3.158
models/panel_v2/recovery_next_4obs_gradient_boosting.joblib,models,model_artifact,.joblib,479419,0.457
models/panel_v2/recovery_next_4obs_logistic_l2.joblib,models,model_artifact,.joblib,20291,0.019
models/panel_v2/recovery_next_4obs_random_forest.joblib,models,model_artifact,.joblib,14305352,13.643
models/panel_v2/stress_resilience_next_4obs_gradient_boosting.joblib,models,model_artifact,.joblib,459483,0.438
models/panel_v2/stress_resilience_next_4obs_logistic_l2.joblib,models,model_artifact,.joblib,20083,0.019
models/panel_v2/stress_resilience_next_4obs_random_forest.joblib,models,model_artifact,.joblib,4930600,4.702
models/panel_v2/success_resilience_next_4q_gradient_boosting.joblib,models,model_artifact,.joblib,486155,0.464
models/panel_v2/success_resilience_next_4q_logistic_l2.joblib,models,model_artifact,.joblib,20291,0.019
models/panel_v2/success_resilience_next_4q_random_forest.joblib,models,model_artifact,.joblib,26845352,25.602
models/target_experiments/.DS_Store,models,system_junk,[none],8196,0.008
models/target_experiments/test_broader_targets1/failure_pressure_loose_next_4obs_best_random_forest_202.joblib,models,model_artifact,.joblib,32308136,30.811
models/target_experiments/test_broader_targets1/success_composite_loose_next_4obs_best_random_forest_42.joblib,models,model_artifact,.joblib,25604136,24.418
models/target_experiments/test_broader_targets1/success_composite_loose_next_4obs_best_random_forest_777.joblib,models,model_artifact,.joblib,16884440,16.102
models/target_experiments/test_broader_targets2/failure_pressure_balanced_next_4obs_best_gradient_boosting_42.joblib,models,model_artifact,.joblib,436603,0.416
models/target_experiments/test_broader_targets2/failure_pressure_balanced_next_4obs_best_random_forest_202.joblib,models,model_artifact,.joblib,39553896,37.722
models/target_experiments/test_broader_targets2/success_composite_balanced_next_4obs_best_random_forest_202.joblib,models,model_artifact,.joblib,29306856,27.949
models/target_experiments/test_broader_targets2/success_composite_balanced_next_4obs_best_random_forest_42.joblib,models,model_artifact,.joblib,20491160,19.542
models/target_experiments/test_broader_targets3/failure_pressure_sector_relative_next_4obs_best_random_forest_42.joblib,models,model_artifact,.joblib,39293736,37.473
models/target_experiments/test_broader_targets3/failure_pressure_sector_relative_next_4obs_best_random_forest_777.joblib,models,model_artifact,.joblib,27786360,26.499
models/target_experiments/test_broader_targets3/success_composite_sector_relative_next_4obs_best_gradient_boosting_202.joblib,models,model_artifact,.joblib,436283,0.416
models/target_experiments/test_broader_targets3/success_composite_sector_relative_next_4obs_best_gradient_boosting_777.joblib,models,model_artifact,.joblib,436171,0.416
models/target_experiments/test_broader_targets4/failure_pressure_conservative_next_4obs_best_random_forest_202.joblib,models,model_artifact,.joblib,10701720,10.206
models/target_experiments/test_broader_targets4/failure_pressure_conservative_next_4obs_best_random_forest_777.joblib,models,model_artifact,.joblib,19031176,18.15
models/target_experiments/test_broader_targets4/success_composite_strict_next_4obs_best_gradient_boosting_202.joblib,models,model_artifact,.joblib,434715,0.415
models/target_experiments/test_broader_targets4/success_composite_strict_next_4obs_best_gradient_boosting_42.joblib,models,model_artifact,.joblib,430987,0.411
notebooks/.DS_Store,notebooks,system_junk,[none],6148,0.006
notebooks/archive/legacy_gluon.ipynb,notebooks,notebook,.ipynb,486642,0.464
notebooks/archive/legacy_gluon_exported_notebook.json,notebooks,notebook,.json,473632,0.452
notebooks/firm_panel_manual_audit.ipynb,notebooks,notebook,.ipynb,2436514,2.324
reports/.DS_Store,reports,system_junk,[none],14340,0.014
reports/RUN_STATUS_FINAL.md,reports,report_output,.md,19340,0.018
reports/dashboard/dashboard_polish_checklist.csv,reports,report_output,.csv,1125,0.001
reports/data_quality/.DS_Store,reports,system_junk,[none],6148,0.006
reports/data_quality/accounting_identity_sanity_summary.csv,reports,report_output,.csv,1638,0.002
reports/data_quality/accounting_quality_controls_applied.csv,reports,report_output,.csv,687,0.001
reports/data_quality/accounting_sign_outlier_detail_20260507.csv,reports,report_output,.csv,2691,0.003
reports/data_quality/accounting_sign_outlier_detail_20260508.csv,reports,report_output,.csv,1460,0.001
reports/data_quality/amendment_duplicate_audit.csv,reports,report_output,.csv,40796,0.039
reports/data_quality/amendment_duplicate_summary.csv,reports,report_output,.csv,211,0.0
reports/data_quality/data_integrity_caveat_audit_20260507.csv,reports,report_output,.csv,3069,0.003
reports/data_quality/data_integrity_caveat_audit_20260508.csv,reports,report_output,.csv,3569,0.003
reports/data_quality/derived_feature_extreme_cleanup_final.csv,reports,report_output,.csv,1730,0.002
reports/data_quality/derived_feature_extreme_cleanup_post_ratio_pre_trend.csv,reports,report_output,.csv,761,0.001
reports/data_quality/derived_feature_extreme_cleanup_post_trend_pre_target.csv,reports,report_output,.csv,2231,0.002
reports/data_quality/distress_candidate_coverage.csv,reports,report_output,.csv,15090,0.014
reports/data_quality/distress_event_date_audit.csv,reports,report_output,.csv,6785,0.006
reports/data_quality/distress_event_date_audit_summary.md,reports,report_output,.md,400,0.0
reports/data_quality/distress_event_final_policy.csv,reports,report_output,.csv,11602,0.011
reports/data_quality/distress_event_source_type_counts_20260507.csv,reports,report_output,.csv,261,0.0
reports/data_quality/distress_event_source_verification_summary_20260507.csv,reports,report_output,.csv,142,0.0
reports/data_quality/distress_event_source_verification_summary_20260507.md,reports,report_output,.md,468,0.0
reports/data_quality/dropped_duplicate_filing_rows.csv,reports,report_output,.csv,12494,0.012
reports/data_quality/duplicate_amended_filing_rows_20260507.csv,reports,report_output,.csv,4346,0.004
reports/data_quality/duplicate_amended_filing_rows_20260508.csv,reports,report_output,.csv,174,0.0
reports/data_quality/duplicate_amendment_deterministic_policy.csv,reports,report_output,.csv,93169,0.089
reports/data_quality/duplicate_cik_alias_resolution.csv,reports,report_output,.csv,244,0.0
reports/data_quality/duplicate_ticker_period_prediction_detail.csv,reports,report_output,.csv,174,0.0
reports/data_quality/event_date_scientific_validity_summary.csv,reports,report_output,.csv,106,0.0
reports/data_quality/event_review_firm_classification_scaffold.csv,reports,report_output,.csv,30806,0.029
reports/data_quality/event_review_scaffold_summary.csv,reports,report_output,.csv,486,0.0
reports/data_quality/extreme_accounting_outlier_review.csv,reports,report_output,.csv,137102,0.131
reports/data_quality/failure_pressure_missingness_reasons_20260508.csv,reports,report_output,.csv,103,0.0
reports/data_quality/final_distress_event_date_audit.csv,reports,report_output,.csv,37671,0.036
reports/data_quality/financial_quality_feature_audit.csv,reports,report_output,.csv,1676,0.002
reports/data_quality/financial_quality_feature_extreme_cleanup.csv,reports,report_output,.csv,435,0.0
reports/data_quality/global_event_timing_audit.csv,reports,report_output,.csv,459,0.0
reports/data_quality/invalid_prediction_timestamp_rows.csv,reports,report_output,.csv,1544,0.001
reports/data_quality/leakage_audit.csv,reports,report_output,.csv,99935,0.095
reports/data_quality/legacy_panel_missingness.csv,reports,report_output,.csv,1658,0.002
reports/data_quality/legacy_panel_numeric_quality.csv,reports,report_output,.csv,5165,0.005
reports/data_quality/legacy_panel_summary.csv,reports,report_output,.csv,98,0.0
reports/data_quality/legacy_panel_ticker_counts.csv,reports,report_output,.csv,1840,0.002
reports/data_quality/macro_lag_audit.csv,reports,report_output,.csv,795,0.001
reports/data_quality/market_health_index_audit.csv,reports,report_output,.csv,5258,0.005
reports/data_quality/market_health_v2_component_coverage.csv,reports,report_output,.csv,1378,0.001
reports/data_quality/market_health_v2_timing_audit.csv,reports,report_output,.csv,1305,0.001
reports/data_quality/missingindicator_total_liabilities_diagnosis.md,reports,report_output,.md,3869,0.004
reports/data_quality/missingindicator_total_liabilities_origin.txt,reports,report_output,.txt,447,0.0
reports/data_quality/model_feature_lists/distress_next_4q_ablation_features.csv,reports,report_output,.csv,34632,0.033
reports/data_quality/model_feature_lists/distress_next_4q_features.csv,reports,report_output,.csv,10159,0.01
reports/data_quality/model_feature_lists/failure_pressure_conservative_v2_next_4obs_features.csv,reports,report_output,.csv,13175,0.013
reports/data_quality/model_feature_lists/industry_relative_resilience_next_4obs_features.csv,reports,report_output,.csv,12711,0.012
reports/data_quality/model_feature_lists/quality_success_cashflow_next_4obs_features.csv,reports,report_output,.csv,12247,0.012
reports/data_quality/model_feature_lists/recovery_next_4obs_features.csv,reports,report_output,.csv,10391,0.01
reports/data_quality/model_feature_lists/stress_resilience_next_4obs_features.csv,reports,report_output,.csv,11435,0.011
reports/data_quality/model_feature_lists/success_resilience_next_4q_features.csv,reports,report_output,.csv,11319,0.011
reports/data_quality/p0_audit_status.csv,reports,report_output,.csv,168,0.0
reports/data_quality/p0_audit_summary.md,reports,report_output,.md,349,0.0
reports/data_quality/panel_v2_firm_coverage.csv,reports,report_output,.csv,38611,0.037
reports/data_quality/panel_v2_key_missingness_by_form_fp.csv,reports,report_output,.csv,8673,0.008
reports/data_quality/panel_v2_longitudinal_missingness_by_firm.csv,reports,report_output,.csv,514240,0.49
reports/data_quality/panel_v2_longitudinal_missingness_summary.csv,reports,report_output,.csv,2553,0.002
reports/data_quality/panel_v2_missingness.csv,reports,report_output,.csv,5602,0.005
reports/data_quality/panel_v2_missingness_by_feature_family.csv,reports,report_output,.csv,707,0.001
reports/data_quality/panel_v2_null_treatment_audit.csv,reports,report_output,.csv,483,0.0
reports/data_quality/panel_v2_summary.csv,reports,report_output,.csv,492,0.0
reports/data_quality/post_event_row_audit.csv,reports,report_output,.csv,235,0.0
reports/data_quality/prediction_timestamp_audit.csv,reports,report_output,.csv,403,0.0
reports/data_quality/prediction_timestamp_audit_summary.md,reports,report_output,.md,282,0.0
reports/data_quality/readiness_table_20260505.csv,reports,report_output,.csv,4048,0.004
reports/data_quality/rebuilt_panel_quick_integrity_20260508.csv,reports,report_output,.csv,217,0.0
reports/data_quality/same_information_date_duplicate_resolution.csv,reports,report_output,.csv,21681,0.021
reports/data_quality/sec_concept_coverage_by_year_form_sector.csv,reports,report_output,.csv,831393,0.793
reports/data_quality/sec_concept_mapping_summary.csv,reports,report_output,.csv,8771,0.008
reports/data_quality/sec_fsd_variable_source_audit.csv,reports,report_output,.csv,5140,0.005
reports/data_quality/sec_fsd_zip_inventory.csv,reports,report_output,.csv,3685,0.004
reports/data_quality/sec_harmonization_candidate_summary.csv,reports,report_output,.csv,707,0.001
reports/data_quality/sec_harmonization_candidate_tag_audit.csv,reports,report_output,.csv,2418066,2.306
reports/data_quality/sec_selected_fact_method_summary.csv,reports,report_output,.csv,9287,0.009
reports/data_quality/sec_selected_fact_panel_validation.csv,reports,report_output,.csv,209,0.0
reports/data_quality/sec_selected_fact_panel_validation_review_rows.csv,reports,report_output,.csv,91019,0.087
reports/data_quality/sec_selected_fact_provenance.csv.gz,reports,report_output,.gz,10232081,9.758
reports/data_quality/sec_selected_fact_provenance.parquet,reports,report_output,.parquet,14775767,14.091
reports/data_quality/sec_selected_fact_provenance_summary.csv,reports,report_output,.csv,5584,0.005
reports/data_quality/sec_submission_coverage_by_cik.csv,reports,report_output,.csv,1992243,1.9
reports/data_quality/sec_submission_coverage_by_zip.csv,reports,report_output,.csv,1165,0.001
reports/data_quality/success_resilience_missingness_component_detail_20260508.csv,reports,report_output,.csv,231,0.0
reports/data_quality/success_resilience_missingness_reasons_20260508.csv,reports,report_output,.csv,138,0.0
reports/data_quality/success_resilience_target_definition_review.md,reports,report_output,.md,1380,0.001
reports/data_quality/success_resilience_target_missingness_audit.csv,reports,report_output,.csv,700,0.001
reports/data_quality/target_missingness_summary_20260508.csv,reports,report_output,.csv,268,0.0
reports/data_quality/total_liabilities_derivation_feasibility.csv,reports,report_output,.csv,3257469,3.107
reports/data_quality/total_liabilities_derivation_summary.txt,reports,report_output,.txt,652,0.001
reports/data_quality/total_liabilities_missingness_by_firm.csv,reports,report_output,.csv,28560,0.027
reports/data_quality/total_liabilities_missingness_diagnostic.csv,reports,report_output,.csv,9778,0.009
reports/data_quality/total_liabilities_related_fields_audit.csv,reports,report_output,.csv,986,0.001
reports/data_quality/universe_expansion_150_candidate_parse_results.csv,reports,report_output,.csv,38349,0.037
reports/data_quality/universe_expansion_150_cohort_summary.csv,reports,report_output,.csv,463,0.0
reports/data_quality/universe_expansion_150_validation_summary.csv,reports,report_output,.csv,1390,0.001
reports/documentation/master_column_dictionary.csv,reports,report_output,.csv,44987,0.043
reports/figures/.DS_Store,reports,system_junk,[none],6148,0.006
reports/figures/dashboard/artifact_notes.png,reports,figures,.png,184011,0.175
reports/figures/dashboard/data_coverage.png,reports,figures,.png,182808,0.174
reports/figures/dashboard/firm_explorer.png,reports,figures,.png,161923,0.154
reports/figures/dashboard/macro_compare_training_baseline.png,reports,figures,.png,139405,0.133
reports/figures/dashboard/models_distress.png,reports,figures,.png,221734,0.211
reports/figures/dashboard/models_failure_pressure.png,reports,figures,.png,226823,0.216
reports/figures/dashboard/models_recovery_secondary.png,reports,figures,.png,183280,0.175
reports/figures/dashboard/models_success_resilience.png,reports,figures,.png,221841,0.212
reports/figures/dashboard/overview.png,reports,figures,.png,194194,0.185
reports/figures/dashboard/target_lab_factor_groups.png,reports,figures,.png,213805,0.204
reports/figures/dashboard/target_lab_overview.png,reports,figures,.png,218484,0.208
reports/figures/dashboard/target_lab_recovery_reasons.png,reports,figures,.png,193414,0.184
reports/figures/legacy_plots/.DS_Store,reports,system_junk,[none],6148,0.006
reports/figures/legacy_plots/Roc success net4.png,reports,figures,.png,27646,0.026
reports/figures/legacy_plots/distress net 4 feats.png,reports,figures,.png,33503,0.032
reports/figures/legacy_plots/distress net4 roc.png,reports,figures,.png,26178,0.025
reports/figures/legacy_plots/feats success net 4.png,reports,figures,.png,35463,0.034
reports/figures/legacy_plots/fred_timeseries/BAMLH0A0HYM2.png,reports,figures,.png,34002,0.032
reports/figures/legacy_plots/fred_timeseries/FEDFUNDS.png,reports,figures,.png,20185,0.019
reports/figures/legacy_plots/fred_timeseries/Fulltimeemployees.png,reports,figures,.png,42044,0.04
reports/figures/legacy_plots/fred_timeseries/GDPC1.png,reports,figures,.png,22849,0.022
reports/figures/legacy_plots/fred_timeseries/GS10.png,reports,figures,.png,30388,0.029
reports/figures/legacy_plots/fred_timeseries/INDPRO.png,reports,figures,.png,32765,0.031
reports/figures/legacy_plots/fred_timeseries/M2SL.png,reports,figures,.png,24357,0.023
reports/figures/legacy_plots/fred_timeseries/NFCI.png,reports,figures,.png,26371,0.025
reports/figures/legacy_plots/fred_timeseries/UNRATE.png,reports,figures,.png,23165,0.022
reports/figures/legacy_plots/fred_timeseries/USEPUINDXD.png,reports,figures,.png,35260,0.034
reports/figures/legacy_plots/fred_timeseries/VIXCLS.png,reports,figures,.png,38927,0.037
reports/figures/legacy_plots/fred_timeseries/Weight.png,reports,figures,.png,39755,0.038
reports/figures/legacy_plots/fred_timeseries/Z_EBIT_TA.png,reports,figures,.png,17662,0.017
reports/figures/legacy_plots/fred_timeseries/Z_MVE_TL.png,reports,figures,.png,15660,0.015
reports/figures/legacy_plots/fred_timeseries/Z_RE_TA.png,reports,figures,.png,16170,0.015
reports/figures/legacy_plots/fred_timeseries/Z_SALES_TA.png,reports,figures,.png,20639,0.02
reports/figures/legacy_plots/fred_timeseries/Z_WC_TA.png,reports,figures,.png,22963,0.022
reports/figures/legacy_plots/fred_timeseries/accounts_receivable.png,reports,figures,.png,39254,0.037
reports/figures/legacy_plots/fred_timeseries/altman_z.png,reports,figures,.png,17060,0.016
reports/figures/legacy_plots/fred_timeseries/asset_turnover.png,reports,figures,.png,21594,0.021
reports/figures/legacy_plots/fred_timeseries/capex.png,reports,figures,.png,37241,0.036
reports/figures/legacy_plots/fred_timeseries/cash_equivalents.png,reports,figures,.png,38269,0.036
reports/figures/legacy_plots/fred_timeseries/cash_flow_financing.png,reports,figures,.png,33759,0.032
reports/figures/legacy_plots/fred_timeseries/cash_flow_investing.png,reports,figures,.png,37120,0.035
reports/figures/legacy_plots/fred_timeseries/cash_flow_operating.png,reports,figures,.png,42928,0.041
reports/figures/legacy_plots/fred_timeseries/cash_per_share.png,reports,figures,.png,17781,0.017
reports/figures/legacy_plots/fred_timeseries/cost_of_revenue.png,reports,figures,.png,32270,0.031
reports/figures/legacy_plots/fred_timeseries/current_assets.png,reports,figures,.png,29482,0.028
reports/figures/legacy_plots/fred_timeseries/current_liabilities.png,reports,figures,.png,31606,0.03
reports/figures/legacy_plots/fred_timeseries/debt_to_assets.png,reports,figures,.png,19587,0.019
reports/figures/legacy_plots/fred_timeseries/depreciation_amortization.png,reports,figures,.png,40634,0.039
reports/figures/legacy_plots/fred_timeseries/eps_basic.png,reports,figures,.png,18476,0.018
reports/figures/legacy_plots/fred_timeseries/eps_diluted.png,reports,figures,.png,13112,0.013
reports/figures/legacy_plots/fred_timeseries/equity_multiplier.png,reports,figures,.png,19044,0.018
reports/figures/legacy_plots/fred_timeseries/gross_margin.png,reports,figures,.png,19449,0.019
reports/figures/legacy_plots/fred_timeseries/inventory.png,reports,figures,.png,39923,0.038
reports/figures/legacy_plots/fred_timeseries/inventory_turnover.png,reports,figures,.png,17148,0.016
reports/figures/legacy_plots/fred_timeseries/liabilities_plus_equity.png,reports,figures,.png,40274,0.038
reports/figures/legacy_plots/fred_timeseries/net_income.png,reports,figures,.png,32160,0.031
reports/figures/legacy_plots/fred_timeseries/net_margin.png,reports,figures,.png,15046,0.014
reports/figures/legacy_plots/fred_timeseries/operating_income.png,reports,figures,.png,39744,0.038
reports/figures/legacy_plots/fred_timeseries/operating_margin.png,reports,figures,.png,20104,0.019
reports/figures/legacy_plots/fred_timeseries/ppe_net.png,reports,figures,.png,37839,0.036
reports/figures/legacy_plots/fred_timeseries/r_and_d_expense.png,reports,figures,.png,33509,0.032
reports/figures/legacy_plots/fred_timeseries/r_and_d_intensity.png,reports,figures,.png,17508,0.017
reports/figures/legacy_plots/fred_timeseries/retained_earnings.png,reports,figures,.png,39705,0.038
reports/figures/legacy_plots/fred_timeseries/shares_outstanding.png,reports,figures,.png,20106,0.019
reports/figures/legacy_plots/fred_timeseries/total_assets.png,reports,figures,.png,38148,0.036
reports/figures/legacy_plots/fred_timeseries/total_equity.png,reports,figures,.png,38482,0.037
reports/figures/legacy_plots/fred_timeseries/total_liabilities.png,reports,figures,.png,37197,0.035
reports/figures/legacy_plots/fred_timeseries/total_revenue.png,reports,figures,.png,40299,0.038
reports/figures/legacy_plots/fred_timeseries/wavg_shares_basic.png,reports,figures,.png,25541,0.024
reports/figures/legacy_plots/na_heatmap_per_ticker.png,reports,figures,.png,347569,0.331
reports/figures/legacy_plots/net income ma feats.png,reports,figures,.png,36691,0.035
reports/figures/legacy_plots/net income ma matrix.png,reports,figures,.png,13223,0.013
reports/figures/legacy_plots/net income ma roc.png,reports,figures,.png,28615,0.027
reports/figures/legacy_plots/top quart matrix.png,reports,figures,.png,12206,0.012
reports/figures/legacy_plots/top quartile roc.png,reports,figures,.png,27987,0.027
reports/figures/modeling/calibration_curves/distress_next_4q_calibration_curve.png,reports,figures,.png,69791,0.067
reports/figures/modeling/calibration_curves/failure_pressure_conservative_v2_next_4obs_calibration_curve.png,reports,figures,.png,92138,0.088
reports/figures/modeling/calibration_curves/industry_relative_resilience_next_4obs_calibration_curve.png,reports,figures,.png,104547,0.1
reports/figures/modeling/calibration_curves/persistent_resilience_next_6obs_calibration_curve.png,reports,figures,.png,96720,0.092
reports/figures/modeling/calibration_curves/quality_success_cashflow_next_4obs_calibration_curve.png,reports,figures,.png,103379,0.099
reports/figures/modeling/calibration_curves/recovery_next_4obs_calibration_curve.png,reports,figures,.png,96966,0.092
reports/figures/modeling/calibration_curves/sector_relative_improvement_next_4obs_calibration_curve.png,reports,figures,.png,95469,0.091
reports/figures/modeling/calibration_curves/stress_resilience_next_4obs_calibration_curve.png,reports,figures,.png,100814,0.096
reports/figures/modeling/calibration_curves/success_resilience_next_4q_calibration_curve.png,reports,figures,.png,93612,0.089
reports/figures/modeling/market_health_index_timeseries.png,reports,figures,.png,146692,0.14
reports/figures/modeling/market_health_v2_by_year.png,reports,figures,.png,209635,0.2
reports/figures/modeling/panel_v2_ablation_pr_auc.png,reports,figures,.png,100540,0.096
reports/figures/modeling/panel_v2_distress_next_4q_feature_importance_gradient_boosting.png,reports,figures,.png,107805,0.103
reports/figures/modeling/panel_v2_distress_next_4q_feature_importance_logistic_l2.png,reports,figures,.png,101504,0.097
reports/figures/modeling/panel_v2_distress_next_4q_feature_importance_random_forest.png,reports,figures,.png,103150,0.098
reports/figures/modeling/panel_v2_distress_next_4q_model_comparison_pr_auc.png,reports,figures,.png,74337,0.071
reports/figures/modeling/panel_v2_distress_next_4q_test_precision_recall.png,reports,figures,.png,107091,0.102
reports/figures/modeling/panel_v2_distress_next_4q_test_roc.png,reports,figures,.png,121204,0.116
reports/figures/modeling/panel_v2_distress_share_by_global_event_type.png,reports,figures,.png,91281,0.087
reports/figures/modeling/panel_v2_distress_share_by_regime.png,reports,figures,.png,87123,0.083
reports/figures/modeling/panel_v2_distress_share_by_sector.png,reports,figures,.png,85919,0.082
reports/figures/modeling/panel_v2_distress_share_over_time.png,reports,figures,.png,101211,0.097
reports/figures/modeling/panel_v2_failure_pressure_conservative_v2_next_4obs_feature_importance_gradient_boosting.png,reports,figures,.png,110618,0.105
reports/figures/modeling/panel_v2_failure_pressure_conservative_v2_next_4obs_feature_importance_logistic_l2.png,reports,figures,.png,129131,0.123
reports/figures/modeling/panel_v2_failure_pressure_conservative_v2_next_4obs_feature_importance_random_forest.png,reports,figures,.png,102053,0.097
reports/figures/modeling/panel_v2_failure_pressure_conservative_v2_next_4obs_model_comparison_pr_auc.png,reports,figures,.png,78109,0.074
reports/figures/modeling/panel_v2_failure_pressure_conservative_v2_next_4obs_test_precision_recall.png,reports,figures,.png,146499,0.14
reports/figures/modeling/panel_v2_failure_pressure_conservative_v2_next_4obs_test_roc.png,reports,figures,.png,123529,0.118
reports/figures/modeling/panel_v2_feature_importance_gradient_boosting.png,reports,figures,.png,107805,0.103
reports/figures/modeling/panel_v2_feature_importance_logistic_l2.png,reports,figures,.png,101504,0.097
reports/figures/modeling/panel_v2_feature_importance_random_forest.png,reports,figures,.png,103150,0.098
reports/figures/modeling/panel_v2_industry_relative_resilience_next_4obs_feature_importance_gradient_boosting.png,reports,figures,.png,110698,0.106
reports/figures/modeling/panel_v2_industry_relative_resilience_next_4obs_feature_importance_logistic_l2.png,reports,figures,.png,116144,0.111
reports/figures/modeling/panel_v2_industry_relative_resilience_next_4obs_feature_importance_random_forest.png,reports,figures,.png,105102,0.1
reports/figures/modeling/panel_v2_industry_relative_resilience_next_4obs_model_comparison_pr_auc.png,reports,figures,.png,77614,0.074
reports/figures/modeling/panel_v2_industry_relative_resilience_next_4obs_test_precision_recall.png,reports,figures,.png,143031,0.136
reports/figures/modeling/panel_v2_industry_relative_resilience_next_4obs_test_roc.png,reports,figures,.png,135393,0.129
reports/figures/modeling/panel_v2_model_comparison_pr_auc.png,reports,figures,.png,74337,0.071
reports/figures/modeling/panel_v2_quality_success_cashflow_next_4obs_feature_importance_gradient_boosting.png,reports,figures,.png,107479,0.102
reports/figures/modeling/panel_v2_quality_success_cashflow_next_4obs_feature_importance_logistic_l2.png,reports,figures,.png,123262,0.118
reports/figures/modeling/panel_v2_quality_success_cashflow_next_4obs_feature_importance_random_forest.png,reports,figures,.png,104319,0.099
reports/figures/modeling/panel_v2_quality_success_cashflow_next_4obs_model_comparison_pr_auc.png,reports,figures,.png,75287,0.072
reports/figures/modeling/panel_v2_quality_success_cashflow_next_4obs_test_precision_recall.png,reports,figures,.png,113366,0.108
reports/figures/modeling/panel_v2_quality_success_cashflow_next_4obs_test_roc.png,reports,figures,.png,123395,0.118
reports/figures/modeling/panel_v2_recovery_next_4obs_feature_importance_gradient_boosting.png,reports,figures,.png,107707,0.103
reports/figures/modeling/panel_v2_recovery_next_4obs_feature_importance_logistic_l2.png,reports,figures,.png,111397,0.106
reports/figures/modeling/panel_v2_recovery_next_4obs_feature_importance_random_forest.png,reports,figures,.png,102699,0.098
reports/figures/modeling/panel_v2_recovery_next_4obs_model_comparison_pr_auc.png,reports,figures,.png,71332,0.068
reports/figures/modeling/panel_v2_recovery_next_4obs_test_precision_recall.png,reports,figures,.png,114800,0.109
reports/figures/modeling/panel_v2_recovery_next_4obs_test_roc.png,reports,figures,.png,116831,0.111
reports/figures/modeling/panel_v2_stress_resilience_next_4obs_feature_importance_gradient_boosting.png,reports,figures,.png,112760,0.108
reports/figures/modeling/panel_v2_stress_resilience_next_4obs_feature_importance_logistic_l2.png,reports,figures,.png,110356,0.105
reports/figures/modeling/panel_v2_stress_resilience_next_4obs_feature_importance_random_forest.png,reports,figures,.png,99641,0.095
reports/figures/modeling/panel_v2_stress_resilience_next_4obs_model_comparison_pr_auc.png,reports,figures,.png,72113,0.069
reports/figures/modeling/panel_v2_stress_resilience_next_4obs_test_precision_recall.png,reports,figures,.png,130525,0.124
reports/figures/modeling/panel_v2_stress_resilience_next_4obs_test_roc.png,reports,figures,.png,127296,0.121
reports/figures/modeling/panel_v2_success_resilience_next_4q_feature_importance_gradient_boosting.png,reports,figures,.png,106773,0.102
reports/figures/modeling/panel_v2_success_resilience_next_4q_feature_importance_logistic_l2.png,reports,figures,.png,133586,0.127
reports/figures/modeling/panel_v2_success_resilience_next_4q_feature_importance_random_forest.png,reports,figures,.png,100601,0.096
reports/figures/modeling/panel_v2_success_resilience_next_4q_model_comparison_pr_auc.png,reports,figures,.png,72385,0.069
reports/figures/modeling/panel_v2_success_resilience_next_4q_test_precision_recall.png,reports,figures,.png,106117,0.101
reports/figures/modeling/panel_v2_success_resilience_next_4q_test_roc.png,reports,figures,.png,118054,0.113
reports/figures/modeling/panel_v2_test_precision_recall.png,reports,figures,.png,107091,0.102
reports/figures/modeling/panel_v2_test_roc.png,reports,figures,.png,121204,0.116
reports/figures/target_lab/deterioration_next_4obs_best_precision_recall.png,reports,figures,.png,54554,0.052
reports/figures/target_lab/deterioration_next_4obs_best_roc.png,reports,figures,.png,65725,0.063
reports/figures/target_lab/exploratory_model_pr_auc.png,reports,figures,.png,232319,0.222
reports/figures/target_lab/exploratory_target_balance.png,reports,figures,.png,77805,0.074
reports/figures/target_lab/industry_relative_resilience_next_4obs_best_precision_recall.png,reports,figures,.png,55542,0.053
reports/figures/target_lab/industry_relative_resilience_next_4obs_best_roc.png,reports,figures,.png,71535,0.068
reports/figures/target_lab/industry_relative_resilience_next_4obs_feature_level_importance.png,reports,figures,.png,94273,0.09
reports/figures/target_lab/persistent_resilience_next_6obs_best_precision_recall.png,reports,figures,.png,57514,0.055
reports/figures/target_lab/persistent_resilience_next_6obs_best_roc.png,reports,figures,.png,64097,0.061
reports/figures/target_lab/persistent_resilience_next_6obs_feature_level_importance.png,reports,figures,.png,93654,0.089
reports/figures/target_lab/quality_success_cashflow_next_4obs_best_precision_recall.png,reports,figures,.png,60178,0.057
reports/figures/target_lab/quality_success_cashflow_next_4obs_best_roc.png,reports,figures,.png,67307,0.064
reports/figures/target_lab/quality_success_cashflow_next_4obs_feature_level_importance.png,reports,figures,.png,98126,0.094
reports/figures/target_lab/recovery_next_4obs_best_precision_recall.png,reports,figures,.png,42567,0.041
reports/figures/target_lab/recovery_next_4obs_best_roc.png,reports,figures,.png,60786,0.058
reports/figures/target_lab/recovery_next_4obs_feature_level_importance.png,reports,figures,.png,98738,0.094
reports/figures/target_lab/sector_relative_improvement_next_4obs_best_precision_recall.png,reports,figures,.png,61936,0.059
reports/figures/target_lab/sector_relative_improvement_next_4obs_best_roc.png,reports,figures,.png,68610,0.065
reports/figures/target_lab/sector_relative_improvement_next_4obs_feature_level_importance.png,reports,figures,.png,96888,0.092
reports/figures/target_lab/stress_resilience_next_4obs_best_precision_recall.png,reports,figures,.png,51262,0.049
reports/figures/target_lab/stress_resilience_next_4obs_best_roc.png,reports,figures,.png,62850,0.06
reports/figures/target_lab/stress_resilience_next_4obs_feature_level_importance.png,reports,figures,.png,92401,0.088
reports/final_thesis_appendix_pack/README.md,reports,report_output,.md,1912,0.002
reports/literature/.DS_Store,reports,system_junk,[none],6148,0.006
reports/literature/full_text_retrieval_checklist.csv,reports,report_output,.csv,22732,0.022
reports/literature/legal_full_text_access_audit.csv,reports,report_output,.csv,26256,0.025
reports/literature/legal_full_text_extracts/afanasev2023default_emerging.txt,reports,report_output,.txt,52581,0.05
reports/literature/legal_full_text_extracts/alaminos2016global.txt,reports,report_output,.txt,60385,0.058
reports/literature/legal_full_text_extracts/bussmann2021explainable.txt,reports,report_output,.txt,35849,0.034
reports/literature/legal_full_text_extracts/charalambous2022maximizing.txt,reports,report_output,.txt,94027,0.09
reports/literature/legal_full_text_extracts/chawla2002smote.txt,reports,report_output,.txt,70821,0.068
reports/literature/legal_full_text_extracts/duchek2020resilience.txt,reports,report_output,.txt,114628,0.109
reports/literature/legal_full_text_extracts/gornostaev2022realtime_russia.txt,reports,report_output,.txt,35413,0.034
reports/literature/legal_full_text_extracts/gramegna2021shap.txt,reports,report_output,.txt,24611,0.023
reports/literature/legal_full_text_extracts/saito2015precision.txt,reports,report_output,.txt,64780,0.062
reports/literature/legal_full_text_extracts/shneiderman1996eyes.txt,reports,report_output,.txt,0,0.0
reports/literature/legal_full_text_pdfs/afanasev2023default_emerging.pdf,reports,report_output,.pdf,738002,0.704
reports/literature/legal_full_text_pdfs/alaminos2016global.pdf,reports,report_output,.pdf,1118708,1.067
reports/literature/legal_full_text_pdfs/bussmann2021explainable.pdf,reports,report_output,.pdf,1900874,1.813
reports/literature/legal_full_text_pdfs/charalambous2022maximizing.pdf,reports,report_output,.pdf,1236568,1.179
reports/literature/legal_full_text_pdfs/chawla2002smote.pdf,reports,report_output,.pdf,501702,0.478
reports/literature/legal_full_text_pdfs/duchek2020resilience.pdf,reports,report_output,.pdf,696934,0.665
reports/literature/legal_full_text_pdfs/gornostaev2022realtime_russia.pdf,reports,report_output,.pdf,1021165,0.974
reports/literature/legal_full_text_pdfs/gramegna2021shap.pdf,reports,report_output,.pdf,1301156,1.241
reports/literature/legal_full_text_pdfs/saito2015precision.pdf,reports,report_output,.pdf,1233476,1.176
reports/literature/legal_full_text_pdfs/shneiderman1996eyes.pdf,reports,report_output,.pdf,803958,0.767
reports/literature/literature_matrix.csv,reports,report_output,.csv,53747,0.051
reports/literature/reference_critical_evaluation.csv,reports,report_output,.csv,51813,0.049
reports/literature/reference_quality_audit.csv,reports,report_output,.csv,2233,0.002
reports/literature/research_gap_synthesis.csv,reports,report_output,.csv,1477,0.001
reports/literature/source_to_claim_map.csv,reports,report_output,.csv,3556,0.003
reports/model_tuning/.DS_Store,reports,system_junk,[none],6148,0.006
reports/model_tuning/MODEL_TUNING_PROTOCOL.md,reports,report_output,.md,2698,0.003
reports/model_tuning/all_candidate_metrics.csv,reports,report_output,.csv,99613,0.095
reports/model_tuning/baseline_vs_tuned_comparison.csv,reports,report_output,.csv,1221,0.001
reports/model_tuning/candidate_grid.csv,reports,report_output,.csv,4847,0.005
reports/model_tuning/distress_next_4q/best_by_validation.json,reports,report_output,.json,1854,0.002
reports/model_tuning/distress_next_4q/best_by_validation_metrics.csv,reports,report_output,.csv,1026,0.001
reports/model_tuning/distress_next_4q/candidate_failures.csv,reports,report_output,.csv,75,0.0
reports/model_tuning/distress_next_4q/candidate_metrics.csv,reports,report_output,.csv,31241,0.03
reports/model_tuning/distress_next_4q/test_leaderboard_observed_not_selected_on.csv,reports,report_output,.csv,10571,0.01
reports/model_tuning/distress_next_4q/validation_leaderboard.csv,reports,report_output,.csv,10956,0.01
reports/model_tuning/failure_pressure_conservative_v2_next_4obs/best_by_validation.json,reports,report_output,.json,2030,0.002
reports/model_tuning/failure_pressure_conservative_v2_next_4obs/best_by_validation_metrics.csv,reports,report_output,.csv,1202,0.001
reports/model_tuning/failure_pressure_conservative_v2_next_4obs/candidate_failures.csv,reports,report_output,.csv,75,0.0
reports/model_tuning/failure_pressure_conservative_v2_next_4obs/candidate_metrics.csv,reports,report_output,.csv,35068,0.033
reports/model_tuning/failure_pressure_conservative_v2_next_4obs/test_leaderboard_observed_not_selected_on.csv,reports,report_output,.csv,11679,0.011
reports/model_tuning/failure_pressure_conservative_v2_next_4obs/validation_leaderboard.csv,reports,report_output,.csv,11925,0.011
reports/model_tuning/model_tuning_summary.csv,reports,report_output,.csv,739,0.001
reports/model_tuning/success_resilience_next_4q/best_by_validation.json,reports,report_output,.json,1976,0.002
reports/model_tuning/success_resilience_next_4q/best_by_validation_metrics.csv,reports,report_output,.csv,1148,0.001
reports/model_tuning/success_resilience_next_4q/candidate_failures.csv,reports,report_output,.csv,75,0.0
reports/model_tuning/success_resilience_next_4q/candidate_metrics.csv,reports,report_output,.csv,33602,0.032
reports/model_tuning/success_resilience_next_4q/test_leaderboard_observed_not_selected_on.csv,reports,report_output,.csv,11232,0.011
reports/model_tuning/success_resilience_next_4q/validation_leaderboard.csv,reports,report_output,.csv,11432,0.011
reports/model_tuning_advanced/.DS_Store,reports,system_junk,[none],6148,0.006
reports/model_tuning_advanced/ADVANCED_BOOSTING_PROTOCOL.md,reports,report_output,.md,1865,0.002
reports/model_tuning_advanced/advanced_boosting_summary.csv,reports,report_output,.csv,698,0.001
reports/model_tuning_advanced/advanced_vs_existing_comparison.csv,reports,report_output,.csv,1261,0.001
reports/model_tuning_advanced/all_candidate_metrics.csv,reports,report_output,.csv,89901,0.086
reports/model_tuning_advanced/candidate_grid.csv,reports,report_output,.csv,5316,0.005
reports/model_tuning_advanced/distress_next_4q/best_by_validation.json,reports,report_output,.json,2145,0.002
reports/model_tuning_advanced/distress_next_4q/best_by_validation_metrics.csv,reports,report_output,.csv,1315,0.001
reports/model_tuning_advanced/distress_next_4q/candidate_failures.csv,reports,report_output,.csv,75,0.0
reports/model_tuning_advanced/distress_next_4q/candidate_metrics.csv,reports,report_output,.csv,28563,0.027
reports/model_tuning_advanced/distress_next_4q/test_leaderboard_observed_not_selected_on.csv,reports,report_output,.csv,9785,0.009
reports/model_tuning_advanced/distress_next_4q/validation_leaderboard.csv,reports,report_output,.csv,10001,0.01
reports/model_tuning_advanced/failure_pressure_conservative_v2_next_4obs/best_by_validation.json,reports,report_output,.json,2246,0.002
reports/model_tuning_advanced/failure_pressure_conservative_v2_next_4obs/best_by_validation_metrics.csv,reports,report_output,.csv,1416,0.001
reports/model_tuning_advanced/failure_pressure_conservative_v2_next_4obs/candidate_failures.csv,reports,report_output,.csv,75,0.0
reports/model_tuning_advanced/failure_pressure_conservative_v2_next_4obs/candidate_metrics.csv,reports,report_output,.csv,31198,0.03
reports/model_tuning_advanced/failure_pressure_conservative_v2_next_4obs/test_leaderboard_observed_not_selected_on.csv,reports,report_output,.csv,10489,0.01
reports/model_tuning_advanced/failure_pressure_conservative_v2_next_4obs/validation_leaderboard.csv,reports,report_output,.csv,10632,0.01
reports/model_tuning_advanced/success_resilience_next_4q/best_by_validation.json,reports,report_output,.json,2239,0.002
reports/model_tuning_advanced/success_resilience_next_4q/best_by_validation_metrics.csv,reports,report_output,.csv,1409,0.001
reports/model_tuning_advanced/success_resilience_next_4q/candidate_failures.csv,reports,report_output,.csv,75,0.0
reports/model_tuning_advanced/success_resilience_next_4q/candidate_metrics.csv,reports,report_output,.csv,30440,0.029
reports/model_tuning_advanced/success_resilience_next_4q/test_leaderboard_observed_not_selected_on.csv,reports,report_output,.csv,10187,0.01
reports/model_tuning_advanced/success_resilience_next_4q/validation_leaderboard.csv,reports,report_output,.csv,10332,0.01
reports/modeling/calibration_metrics.csv,reports,report_output,.csv,19275,0.018
reports/modeling/calibration_model_selection.csv,reports,report_output,.csv,13072,0.012
reports/modeling/calibration_selected_models.json,reports,report_output,.json,2532,0.002
reports/modeling/distress_missing_indicator_ablation.csv,reports,report_output,.csv,3645,0.003
reports/modeling/final_feature_group_contribution_table.csv,reports,report_output,.csv,3878,0.004
reports/modeling/final_model_feature_interpretation_table.csv,reports,report_output,.csv,59250,0.057
reports/modeling/market_health_by_year_regime_sector.csv,reports,report_output,.csv,49683,0.047
reports/modeling/market_health_index_by_prediction_date.csv,reports,report_output,.csv,609587,0.581
reports/modeling/model_interpretation_stability_summary.csv,reports,report_output,.csv,2831,0.003
reports/modeling/model_interpretation_top_groups_by_target_model.csv,reports,report_output,.csv,4259,0.004
reports/modeling/panel_v2_ablation_metrics.csv,reports,report_output,.csv,1343,0.001
reports/modeling/panel_v2_best_model.json,reports,report_output,.json,310,0.0
reports/modeling/panel_v2_cohort_summary.csv,reports,report_output,.csv,502,0.0
reports/modeling/panel_v2_distress_next_4q_best_model.json,reports,report_output,.json,310,0.0
reports/modeling/panel_v2_distress_next_4q_feature_importance.csv,reports,report_output,.csv,5146,0.005
reports/modeling/panel_v2_distress_next_4q_model_metrics.csv,reports,report_output,.csv,1423,0.001
reports/modeling/panel_v2_distress_next_4q_temporal_split_summary.csv,reports,report_output,.csv,68,0.0
reports/modeling/panel_v2_failure_pressure_conservative_v2_next_4obs_best_model.json,reports,report_output,.json,334,0.0
reports/modeling/panel_v2_failure_pressure_conservative_v2_next_4obs_feature_importance.csv,reports,report_output,.csv,5330,0.005
reports/modeling/panel_v2_failure_pressure_conservative_v2_next_4obs_model_metrics.csv,reports,report_output,.csv,1523,0.001
reports/modeling/panel_v2_failure_pressure_conservative_v2_next_4obs_temporal_split_summary.csv,reports,report_output,.csv,72,0.0
reports/modeling/panel_v2_feature_contribution_economic_groups.csv,reports,report_output,.csv,4423,0.004
reports/modeling/panel_v2_feature_contribution_groups.csv,reports,report_output,.csv,3878,0.004
reports/modeling/panel_v2_feature_contribution_long.csv,reports,report_output,.csv,59250,0.057
reports/modeling/panel_v2_feature_importance.csv,reports,report_output,.csv,5146,0.005
reports/modeling/panel_v2_global_event_sector_summary.csv,reports,report_output,.csv,20170,0.019
reports/modeling/panel_v2_industry_relative_resilience_next_4obs_best_model.json,reports,report_output,.json,339,0.0
reports/modeling/panel_v2_industry_relative_resilience_next_4obs_feature_importance.csv,reports,report_output,.csv,5327,0.005
reports/modeling/panel_v2_industry_relative_resilience_next_4obs_model_metrics.csv,reports,report_output,.csv,1561,0.001
reports/modeling/panel_v2_industry_relative_resilience_next_4obs_temporal_split_summary.csv,reports,report_output,.csv,74,0.0
reports/modeling/panel_v2_industry_summary.csv,reports,report_output,.csv,1395,0.001
reports/modeling/panel_v2_model_metrics.csv,reports,report_output,.csv,1423,0.001
reports/modeling/panel_v2_quality_success_cashflow_next_4obs_best_model.json,reports,report_output,.json,339,0.0
reports/modeling/panel_v2_quality_success_cashflow_next_4obs_feature_importance.csv,reports,report_output,.csv,5253,0.005
reports/modeling/panel_v2_quality_success_cashflow_next_4obs_model_metrics.csv,reports,report_output,.csv,1552,0.001
reports/modeling/panel_v2_quality_success_cashflow_next_4obs_temporal_split_summary.csv,reports,report_output,.csv,73,0.0
reports/modeling/panel_v2_recovery_next_4obs_best_model.json,reports,report_output,.json,334,0.0
reports/modeling/panel_v2_recovery_next_4obs_feature_importance.csv,reports,report_output,.csv,5380,0.005
reports/modeling/panel_v2_recovery_next_4obs_model_metrics.csv,reports,report_output,.csv,1554,0.001
reports/modeling/panel_v2_recovery_next_4obs_temporal_split_summary.csv,reports,report_output,.csv,73,0.0
reports/modeling/panel_v2_regime_summary.csv,reports,report_output,.csv,1307,0.001
reports/modeling/panel_v2_stress_resilience_next_4obs_best_model.json,reports,report_output,.json,331,0.0
reports/modeling/panel_v2_stress_resilience_next_4obs_feature_importance.csv,reports,report_output,.csv,5355,0.005
reports/modeling/panel_v2_stress_resilience_next_4obs_model_metrics.csv,reports,report_output,.csv,1520,0.001
reports/modeling/panel_v2_stress_resilience_next_4obs_temporal_split_summary.csv,reports,report_output,.csv,71,0.0
reports/modeling/panel_v2_success_resilience_next_4q_best_model.json,reports,report_output,.json,334,0.0
reports/modeling/panel_v2_success_resilience_next_4q_feature_importance.csv,reports,report_output,.csv,5320,0.005
reports/modeling/panel_v2_success_resilience_next_4q_model_metrics.csv,reports,report_output,.csv,1562,0.001
reports/modeling/panel_v2_success_resilience_next_4q_temporal_split_summary.csv,reports,report_output,.csv,74,0.0
reports/modeling/panel_v2_target_by_cohort.csv,reports,report_output,.csv,6584,0.006
reports/modeling/panel_v2_target_by_sector.csv,reports,report_output,.csv,16189,0.015
reports/modeling/panel_v2_target_by_split.csv,reports,report_output,.csv,3834,0.004
reports/modeling/panel_v2_target_overall.csv,reports,report_output,.csv,1278,0.001
reports/modeling/panel_v2_temporal_split_summary.csv,reports,report_output,.csv,68,0.0
reports/modeling/panel_v2_yearly_summary.csv,reports,report_output,.csv,1517,0.001
reports/modeling/post_rebuild_best_model_by_metric_20260508.csv,reports,report_output,.csv,1654,0.002
reports/modeling/post_rebuild_model_summary_20260508.csv,reports,report_output,.csv,3709,0.004
reports/modeling/success_missing_indicator_ablation.csv,reports,report_output,.csv,3886,0.004
reports/modeling/success_permutation_importance.csv,reports,report_output,.csv,9520,0.009
reports/modeling/threshold_ranking_metrics.csv,reports,report_output,.csv,41960,0.04
reports/pre_expansion_20260505/universe_v2_pre_expansion_20260505.csv,reports,report_output,.csv,83366,0.08
reports/project_audit/FULL_MANUAL_LOGIC_UI_BACKEND_AUDIT_20260508.md,reports,report_output,.md,14208,0.014
reports/project_audit/FULL_PROJECT_REVIEW_20260506.md,reports,report_output,.md,9825,0.009
reports/project_audit/REVIEW_OF_FULL_PROJECT_REVIEW_20260506.md,reports,report_output,.md,4226,0.004
reports/project_audit/audit_summary_metrics.csv,reports,report_output,.csv,1274,0.001
reports/project_audit/clean_venv_smoke_test_results.csv,reports,report_output,.csv,425,0.0
reports/project_audit/core_panel_audit.csv,reports,report_output,.csv,1194,0.001
reports/project_audit/core_vs_github_panel_final_equality.csv,reports,report_output,.csv,241,0.0
reports/project_audit/csv_quick_audit.csv,reports,report_output,.csv,126083,0.12
reports/project_audit/dashboard_screenshot_capture.csv,reports,report_output,.csv,942,0.001
reports/project_audit/dependency_import_audit.csv,reports,report_output,.csv,303,0.0
reports/project_audit/doc_reference_audit.csv,reports,report_output,.csv,24,0.0
reports/project_audit/doc_reference_audit_clean.csv,reports,report_output,.csv,25,0.0
reports/project_audit/doc_reference_todo.md,reports,report_output,.md,100,0.0
reports/project_audit/feature_blacklist_audit.csv,reports,report_output,.csv,830,0.001
reports/project_audit/file_inventory.csv,reports,report_output,.csv,312788,0.298
reports/project_audit/final_package_manifest.csv,reports,report_output,.csv,421027,0.402
reports/project_audit/final_polish_caveat_package_summary.csv,reports,report_output,.csv,482,0.0
reports/project_audit/json_notebook_audit.csv,reports,report_output,.csv,2713,0.003
reports/project_audit/manual_dashboard_rendered_audit_20260508.csv,reports,report_output,.csv,1703,0.002
reports/project_audit/manual_dashboard_static_audit_20260508.csv,reports,report_output,.csv,628,0.001
reports/project_audit/manual_formula_ratio_mismatch_detail_20260508.csv,reports,report_output,.csv,14538,0.014
reports/project_audit/manual_formula_recompute_audit_20260508.csv,reports,report_output,.csv,1718,0.002
reports/project_audit/manual_model_logic_audit_20260508.csv,reports,report_output,.csv,1728,0.002
reports/project_audit/manual_panel_row_audit_sample_20260508.csv,reports,report_output,.csv,185355,0.177
reports/project_audit/manual_panel_row_audit_sample_summary_20260508.csv,reports,report_output,.csv,621,0.001
reports/project_audit/manual_target_mismatch_detail_20260508.csv,reports,report_output,.csv,429,0.0
reports/project_audit/manual_target_recompute_audit_20260508.csv,reports,report_output,.csv,200,0.0
reports/project_audit/model_output_consistency_audit.csv,reports,report_output,.csv,675,0.001
reports/project_audit/package_smoke_test_report.md,reports,report_output,.md,812,0.001
reports/project_audit/package_smoke_test_results.csv,reports,report_output,.csv,575,0.001
reports/project_audit/parquet_audit.csv,reports,report_output,.csv,98240,0.094
reports/project_audit/pre_qa_model_snapshot.csv,reports,report_output,.csv,1036,0.001
reports/project_audit/pre_qa_snapshot_manifest.csv,reports,report_output,.csv,1822,0.002
reports/project_audit/pre_qa_snapshot_manifest.md,reports,report_output,.md,837,0.001
reports/project_audit/python_compile_audit.csv,reports,report_output,.csv,3408,0.003
reports/project_audit/required_config_audit.csv,reports,report_output,.csv,294,0.0
reports/project_audit/scientific_validity_summary.csv,reports,report_output,.csv,962,0.001
reports/project_audit/zip_quick_audit.csv,reports,report_output,.csv,3972,0.004
reports/reproducibility/freeze_manifest_20260507.csv,reports,report_output,.csv,8787,0.008
reports/reproducibility/github_release_file_list_20260507.csv,reports,report_output,.csv,7988,0.008
reports/target_experiments/.DS_Store,reports,system_junk,[none],8196,0.008
reports/target_experiments/README.md,reports,report_output,.md,1974,0.002
reports/target_experiments/all_broader_target_model_metrics.csv,reports,report_output,.csv,41468,0.04
reports/target_experiments/experiment_comparison.csv,reports,report_output,.csv,5574,0.005
reports/target_experiments/experiment_feature_list.csv,reports,report_output,.csv,3254,0.003
reports/target_experiments/test_broader_targets1/experiment_config.json,reports,report_output,.json,422,0.0
reports/target_experiments/test_broader_targets1/failure_pressure_loose_next_4obs_best_precision_recall.png,reports,report_output,.png,58116,0.055
reports/target_experiments/test_broader_targets1/failure_pressure_loose_next_4obs_best_roc.png,reports,report_output,.png,70288,0.067
reports/target_experiments/test_broader_targets1/failure_pressure_loose_next_4obs_best_test_predictions.csv,reports,report_output,.csv,257065,0.245
reports/target_experiments/test_broader_targets1/feature_importance.csv,reports,report_output,.csv,50544,0.048
reports/target_experiments/test_broader_targets1/inconsistency_audit.csv,reports,report_output,.csv,675,0.001
reports/target_experiments/test_broader_targets1/model_metrics.csv,reports,report_output,.csv,10332,0.01
reports/target_experiments/test_broader_targets1/run_log.md,reports,report_output,.md,2889,0.003
reports/target_experiments/test_broader_targets1/success_composite_loose_next_4obs_best_precision_recall.png,reports,report_output,.png,55895,0.053
reports/target_experiments/test_broader_targets1/success_composite_loose_next_4obs_best_roc.png,reports,report_output,.png,71399,0.068
reports/target_experiments/test_broader_targets1/success_composite_loose_next_4obs_best_test_predictions.csv,reports,report_output,.csv,253527,0.242
reports/target_experiments/test_broader_targets1/target_balance_by_split.png,reports,report_output,.png,91150,0.087
reports/target_experiments/test_broader_targets1/target_overlap.csv,reports,report_output,.csv,161,0.0
reports/target_experiments/test_broader_targets1/target_profile.csv,reports,report_output,.csv,759,0.001
reports/target_experiments/test_broader_targets1/test_f1_mean_comparison.png,reports,report_output,.png,89190,0.085
reports/target_experiments/test_broader_targets1/test_metric_summary.csv,reports,report_output,.csv,1031,0.001
reports/target_experiments/test_broader_targets1/test_pr_auc_mean_comparison.png,reports,report_output,.png,91704,0.087
reports/target_experiments/test_broader_targets1/test_recall_mean_comparison.png,reports,report_output,.png,91130,0.087
reports/target_experiments/test_broader_targets2/experiment_config.json,reports,report_output,.json,465,0.0
reports/target_experiments/test_broader_targets2/failure_pressure_balanced_next_4obs_best_precision_recall.png,reports,report_output,.png,65462,0.062
reports/target_experiments/test_broader_targets2/failure_pressure_balanced_next_4obs_best_roc.png,reports,report_output,.png,79768,0.076
reports/target_experiments/test_broader_targets2/failure_pressure_balanced_next_4obs_best_test_predictions.csv,reports,report_output,.csv,257106,0.245
reports/target_experiments/test_broader_targets2/feature_importance.csv,reports,report_output,.csv,51571,0.049
reports/target_experiments/test_broader_targets2/inconsistency_audit.csv,reports,report_output,.csv,675,0.001
reports/target_experiments/test_broader_targets2/model_metrics.csv,reports,report_output,.csv,10418,0.01
reports/target_experiments/test_broader_targets2/run_log.md,reports,report_output,.md,2960,0.003
reports/target_experiments/test_broader_targets2/success_composite_balanced_next_4obs_best_precision_recall.png,reports,report_output,.png,59191,0.056
reports/target_experiments/test_broader_targets2/success_composite_balanced_next_4obs_best_roc.png,reports,report_output,.png,72264,0.069
reports/target_experiments/test_broader_targets2/success_composite_balanced_next_4obs_best_test_predictions.csv,reports,report_output,.csv,253705,0.242
reports/target_experiments/test_broader_targets2/target_balance_by_split.png,reports,report_output,.png,94564,0.09
reports/target_experiments/test_broader_targets2/target_overlap.csv,reports,report_output,.csv,160,0.0
reports/target_experiments/test_broader_targets2/target_profile.csv,reports,report_output,.csv,781,0.001
reports/target_experiments/test_broader_targets2/test_f1_mean_comparison.png,reports,report_output,.png,92784,0.088
reports/target_experiments/test_broader_targets2/test_metric_summary.csv,reports,report_output,.csv,1053,0.001
reports/target_experiments/test_broader_targets2/test_pr_auc_mean_comparison.png,reports,report_output,.png,94983,0.091
reports/target_experiments/test_broader_targets2/test_recall_mean_comparison.png,reports,report_output,.png,94646,0.09
reports/target_experiments/test_broader_targets3/experiment_config.json,reports,report_output,.json,468,0.0
reports/target_experiments/test_broader_targets3/failure_pressure_sector_relative_next_4obs_best_precision_recall.png,reports,report_output,.png,63899,0.061
reports/target_experiments/test_broader_targets3/failure_pressure_sector_relative_next_4obs_best_roc.png,reports,report_output,.png,80056,0.076
reports/target_experiments/test_broader_targets3/failure_pressure_sector_relative_next_4obs_best_test_predictions.csv,reports,report_output,.csv,257157,0.245
reports/target_experiments/test_broader_targets3/feature_importance.csv,reports,report_output,.csv,54453,0.052
reports/target_experiments/test_broader_targets3/inconsistency_audit.csv,reports,report_output,.csv,675,0.001
reports/target_experiments/test_broader_targets3/model_metrics.csv,reports,report_output,.csv,10690,0.01
reports/target_experiments/test_broader_targets3/run_log.md,reports,report_output,.md,3035,0.003
reports/target_experiments/test_broader_targets3/success_composite_sector_relative_next_4obs_best_precision_recall.png,reports,report_output,.png,62562,0.06
reports/target_experiments/test_broader_targets3/success_composite_sector_relative_next_4obs_best_roc.png,reports,report_output,.png,73647,0.07
reports/target_experiments/test_broader_targets3/success_composite_sector_relative_next_4obs_best_test_predictions.csv,reports,report_output,.csv,254799,0.243
reports/target_experiments/test_broader_targets3/target_balance_by_split.png,reports,report_output,.png,97877,0.093
reports/target_experiments/test_broader_targets3/target_overlap.csv,reports,report_output,.csv,160,0.0
reports/target_experiments/test_broader_targets3/target_profile.csv,reports,report_output,.csv,837,0.001
reports/target_experiments/test_broader_targets3/test_f1_mean_comparison.png,reports,report_output,.png,98879,0.094
reports/target_experiments/test_broader_targets3/test_metric_summary.csv,reports,report_output,.csv,1089,0.001
reports/target_experiments/test_broader_targets3/test_pr_auc_mean_comparison.png,reports,report_output,.png,101689,0.097
reports/target_experiments/test_broader_targets3/test_recall_mean_comparison.png,reports,report_output,.png,99941,0.095
reports/target_experiments/test_broader_targets4/experiment_config.json,reports,report_output,.json,456,0.0
reports/target_experiments/test_broader_targets4/failure_pressure_conservative_next_4obs_best_precision_recall.png,reports,report_output,.png,61800,0.059
reports/target_experiments/test_broader_targets4/failure_pressure_conservative_next_4obs_best_roc.png,reports,report_output,.png,73375,0.07
reports/target_experiments/test_broader_targets4/failure_pressure_conservative_next_4obs_best_test_predictions.csv,reports,report_output,.csv,258669,0.247
reports/target_experiments/test_broader_targets4/feature_importance.csv,reports,report_output,.csv,52177,0.05
reports/target_experiments/test_broader_targets4/inconsistency_audit.csv,reports,report_output,.csv,675,0.001
reports/target_experiments/test_broader_targets4/model_metrics.csv,reports,report_output,.csv,10394,0.01
reports/target_experiments/test_broader_targets4/run_log.md,reports,report_output,.md,2962,0.003
reports/target_experiments/test_broader_targets4/success_composite_strict_next_4obs_best_precision_recall.png,reports,report_output,.png,61435,0.059
reports/target_experiments/test_broader_targets4/success_composite_strict_next_4obs_best_roc.png,reports,report_output,.png,75488,0.072
reports/target_experiments/test_broader_targets4/success_composite_strict_next_4obs_best_test_predictions.csv,reports,report_output,.csv,255228,0.243
reports/target_experiments/test_broader_targets4/target_balance_by_split.png,reports,report_output,.png,94839,0.09
reports/target_experiments/test_broader_targets4/target_overlap.csv,reports,report_output,.csv,160,0.0
reports/target_experiments/test_broader_targets4/target_profile.csv,reports,report_output,.csv,789,0.001
reports/target_experiments/test_broader_targets4/test_f1_mean_comparison.png,reports,report_output,.png,95130,0.091
reports/target_experiments/test_broader_targets4/test_metric_summary.csv,reports,report_output,.csv,1037,0.001
reports/target_experiments/test_broader_targets4/test_pr_auc_mean_comparison.png,reports,report_output,.png,97520,0.093
reports/target_experiments/test_broader_targets4/test_recall_mean_comparison.png,reports,report_output,.png,95742,0.091
reports/target_lab/exploratory_feature_direction_effects.csv,reports,report_output,.csv,168376,0.161
reports/target_lab/exploratory_feature_group_importance.csv,reports,report_output,.csv,19630,0.019
reports/target_lab/exploratory_feature_level_importance.csv,reports,report_output,.csv,303318,0.289
reports/target_lab/exploratory_model_metrics.csv,reports,report_output,.csv,13564,0.013
reports/target_lab/exploratory_permutation_importance.csv,reports,report_output,.csv,260220,0.248
reports/target_lab/exploratory_reason_code_summary.csv,reports,report_output,.csv,28722,0.027
reports/target_lab/exploratory_target_by_year_sector.csv,reports,report_output,.csv,106552,0.102
reports/target_lab/exploratory_target_lab_summary.md,reports,report_output,.md,8430,0.008
reports/target_lab/exploratory_target_profiles.csv,reports,report_output,.csv,2455,0.002
reports/target_lab/proposed_fred_extension_inventory.csv,reports,report_output,.csv,382,0.0
reports/target_lab/robustness_extension_target_audit.csv,reports,report_output,.csv,3720,0.004
reports/target_lab/robustness_extension_target_audit_summary.md,reports,report_output,.md,3860,0.004
reports/target_lab/validated_secondary_target_profiles.csv,reports,report_output,.csv,2128,0.002
reports/target_lab/validated_secondary_target_promotion_audit.csv,reports,report_output,.csv,997,0.001
reports/target_lab/validated_secondary_target_promotion_audit_summary.md,reports,report_output,.md,2018,0.002
reports/target_lab/validation_extension_gate_summary.md,reports,report_output,.md,12245,0.012
reports/target_tweak_experiments/.DS_Store,reports,system_junk,[none],8196,0.008
reports/target_tweak_experiments/README.md,reports,report_output,.md,3101,0.003
reports/target_tweak_experiments/all_target_tweak_feature_importance.csv,reports,report_output,.csv,373578,0.356
reports/target_tweak_experiments/all_target_tweak_metrics.csv,reports,report_output,.csv,38394,0.037
reports/target_tweak_experiments/dashboard_best_target_rows.csv,reports,report_output,.csv,1976,0.002
reports/target_tweak_experiments/dashboard_factor_group_best_models.csv,reports,report_output,.csv,16831,0.016
reports/target_tweak_experiments/dashboard_feature_set_performance.csv,reports,report_output,.csv,17269,0.016
reports/target_tweak_experiments/feature_ablation_comparison.csv,reports,report_output,.csv,17269,0.016
reports/target_tweak_experiments/feature_ablation_factor_group_summary.csv,reports,report_output,.csv,35161,0.034
reports/target_tweak_experiments/feature_set_ablation/all_features_failure_pressure_conservative_next_4obs_best_pr_curve.png,reports,report_output,.png,62543,0.06
reports/target_tweak_experiments/feature_set_ablation/all_features_failure_pressure_conservative_next_4obs_best_roc_curve.png,reports,report_output,.png,69356,0.066
reports/target_tweak_experiments/feature_set_ablation/all_features_failure_pressure_conservative_v2_next_4obs_best_pr_curve.png,reports,report_output,.png,63329,0.06
reports/target_tweak_experiments/feature_set_ablation/all_features_failure_pressure_conservative_v2_next_4obs_best_roc_curve.png,reports,report_output,.png,70164,0.067
reports/target_tweak_experiments/feature_set_ablation/all_features_failure_pressure_profit_roa_next_4obs_best_pr_curve.png,reports,report_output,.png,59099,0.056
reports/target_tweak_experiments/feature_set_ablation/all_features_failure_pressure_profit_roa_next_4obs_best_roc_curve.png,reports,report_output,.png,69565,0.066
reports/target_tweak_experiments/feature_set_ablation/all_features_success_composite_strict_next_4obs_best_pr_curve.png,reports,report_output,.png,61606,0.059
reports/target_tweak_experiments/feature_set_ablation/all_features_success_composite_strict_next_4obs_best_roc_curve.png,reports,report_output,.png,71575,0.068
reports/target_tweak_experiments/feature_set_ablation/all_features_success_quality_growth_next_4obs_best_pr_curve.png,reports,report_output,.png,61920,0.059
reports/target_tweak_experiments/feature_set_ablation/all_features_success_quality_growth_next_4obs_best_roc_curve.png,reports,report_output,.png,68364,0.065
reports/target_tweak_experiments/feature_set_ablation/all_features_success_resilience_quality_v2_next_4obs_best_pr_curve.png,reports,report_output,.png,57656,0.055
reports/target_tweak_experiments/feature_set_ablation/all_features_success_resilience_quality_v2_next_4obs_best_roc_curve.png,reports,report_output,.png,68687,0.066
reports/target_tweak_experiments/feature_set_ablation/feature_set_ablation_f1_mean_top.png,reports,report_output,.png,262653,0.25
reports/target_tweak_experiments/feature_set_ablation/feature_set_ablation_pr_auc_mean_top.png,reports,report_output,.png,263779,0.252
reports/target_tweak_experiments/feature_set_ablation/feature_set_factor_group_summary.csv,reports,report_output,.csv,35161,0.034
reports/target_tweak_experiments/feature_set_ablation/feature_set_feature_importance.csv,reports,report_output,.csv,597533,0.57
reports/target_tweak_experiments/feature_set_ablation/feature_set_metric_summary.csv,reports,report_output,.csv,17269,0.016
reports/target_tweak_experiments/feature_set_ablation/feature_set_model_metrics.csv,reports,report_output,.csv,64661,0.062
reports/target_tweak_experiments/feature_set_ablation/firm_core_failure_pressure_conservative_next_4obs_best_pr_curve.png,reports,report_output,.png,57927,0.055
reports/target_tweak_experiments/feature_set_ablation/firm_core_failure_pressure_conservative_next_4obs_best_roc_curve.png,reports,report_output,.png,69370,0.066
reports/target_tweak_experiments/feature_set_ablation/firm_core_failure_pressure_conservative_v2_next_4obs_best_pr_curve.png,reports,report_output,.png,58738,0.056
reports/target_tweak_experiments/feature_set_ablation/firm_core_failure_pressure_conservative_v2_next_4obs_best_roc_curve.png,reports,report_output,.png,70182,0.067
reports/target_tweak_experiments/feature_set_ablation/firm_core_failure_pressure_profit_roa_next_4obs_best_pr_curve.png,reports,report_output,.png,60428,0.058
reports/target_tweak_experiments/feature_set_ablation/firm_core_failure_pressure_profit_roa_next_4obs_best_roc_curve.png,reports,report_output,.png,68729,0.066
reports/target_tweak_experiments/feature_set_ablation/firm_core_success_composite_strict_next_4obs_best_pr_curve.png,reports,report_output,.png,60176,0.057
reports/target_tweak_experiments/feature_set_ablation/firm_core_success_composite_strict_next_4obs_best_roc_curve.png,reports,report_output,.png,71748,0.068
reports/target_tweak_experiments/feature_set_ablation/firm_core_success_quality_growth_next_4obs_best_pr_curve.png,reports,report_output,.png,65094,0.062
reports/target_tweak_experiments/feature_set_ablation/firm_core_success_quality_growth_next_4obs_best_roc_curve.png,reports,report_output,.png,72254,0.069
reports/target_tweak_experiments/feature_set_ablation/firm_core_success_resilience_quality_v2_next_4obs_best_pr_curve.png,reports,report_output,.png,56214,0.054
reports/target_tweak_experiments/feature_set_ablation/firm_core_success_resilience_quality_v2_next_4obs_best_roc_curve.png,reports,report_output,.png,68079,0.065
reports/target_tweak_experiments/feature_set_ablation/macro_event_only_failure_pressure_conservative_next_4obs_best_pr_curve.png,reports,report_output,.png,56750,0.054
reports/target_tweak_experiments/feature_set_ablation/macro_event_only_failure_pressure_conservative_next_4obs_best_roc_curve.png,reports,report_output,.png,83059,0.079
reports/target_tweak_experiments/feature_set_ablation/macro_event_only_failure_pressure_conservative_v2_next_4obs_best_pr_curve.png,reports,report_output,.png,57563,0.055
reports/target_tweak_experiments/feature_set_ablation/macro_event_only_failure_pressure_conservative_v2_next_4obs_best_roc_curve.png,reports,report_output,.png,83835,0.08
reports/target_tweak_experiments/feature_set_ablation/macro_event_only_failure_pressure_profit_roa_next_4obs_best_pr_curve.png,reports,report_output,.png,54505,0.052
reports/target_tweak_experiments/feature_set_ablation/macro_event_only_failure_pressure_profit_roa_next_4obs_best_roc_curve.png,reports,report_output,.png,81339,0.078
reports/target_tweak_experiments/feature_set_ablation/macro_event_only_success_composite_strict_next_4obs_best_pr_curve.png,reports,report_output,.png,55089,0.053
reports/target_tweak_experiments/feature_set_ablation/macro_event_only_success_composite_strict_next_4obs_best_roc_curve.png,reports,report_output,.png,80797,0.077
reports/target_tweak_experiments/feature_set_ablation/macro_event_only_success_quality_growth_next_4obs_best_pr_curve.png,reports,report_output,.png,56224,0.054
reports/target_tweak_experiments/feature_set_ablation/macro_event_only_success_quality_growth_next_4obs_best_roc_curve.png,reports,report_output,.png,80715,0.077
reports/target_tweak_experiments/feature_set_ablation/macro_event_only_success_resilience_quality_v2_next_4obs_best_pr_curve.png,reports,report_output,.png,62118,0.059
reports/target_tweak_experiments/feature_set_ablation/macro_event_only_success_resilience_quality_v2_next_4obs_best_roc_curve.png,reports,report_output,.png,84034,0.08
reports/target_tweak_experiments/feature_set_ablation/ratios_trends_only_failure_pressure_conservative_next_4obs_best_pr_curve.png,reports,report_output,.png,61059,0.058
reports/target_tweak_experiments/feature_set_ablation/ratios_trends_only_failure_pressure_conservative_next_4obs_best_roc_curve.png,reports,report_output,.png,74860,0.071
reports/target_tweak_experiments/feature_set_ablation/ratios_trends_only_failure_pressure_conservative_v2_next_4obs_best_pr_curve.png,reports,report_output,.png,61839,0.059
reports/target_tweak_experiments/feature_set_ablation/ratios_trends_only_failure_pressure_conservative_v2_next_4obs_best_roc_curve.png,reports,report_output,.png,75659,0.072
reports/target_tweak_experiments/feature_set_ablation/ratios_trends_only_failure_pressure_profit_roa_next_4obs_best_pr_curve.png,reports,report_output,.png,61069,0.058
reports/target_tweak_experiments/feature_set_ablation/ratios_trends_only_failure_pressure_profit_roa_next_4obs_best_roc_curve.png,reports,report_output,.png,74483,0.071
reports/target_tweak_experiments/feature_set_ablation/ratios_trends_only_success_composite_strict_next_4obs_best_pr_curve.png,reports,report_output,.png,60535,0.058
reports/target_tweak_experiments/feature_set_ablation/ratios_trends_only_success_composite_strict_next_4obs_best_roc_curve.png,reports,report_output,.png,73093,0.07
reports/target_tweak_experiments/feature_set_ablation/ratios_trends_only_success_quality_growth_next_4obs_best_pr_curve.png,reports,report_output,.png,63223,0.06
reports/target_tweak_experiments/feature_set_ablation/ratios_trends_only_success_quality_growth_next_4obs_best_roc_curve.png,reports,report_output,.png,73508,0.07
reports/target_tweak_experiments/feature_set_ablation/ratios_trends_only_success_resilience_quality_v2_next_4obs_best_pr_curve.png,reports,report_output,.png,59673,0.057
reports/target_tweak_experiments/feature_set_ablation/ratios_trends_only_success_resilience_quality_v2_next_4obs_best_roc_curve.png,reports,report_output,.png,72640,0.069
reports/target_tweak_experiments/feature_set_ablation/raw_accounting_only_failure_pressure_conservative_next_4obs_best_pr_curve.png,reports,report_output,.png,60901,0.058
reports/target_tweak_experiments/feature_set_ablation/raw_accounting_only_failure_pressure_conservative_next_4obs_best_roc_curve.png,reports,report_output,.png,71903,0.069
reports/target_tweak_experiments/feature_set_ablation/raw_accounting_only_failure_pressure_conservative_v2_next_4obs_best_pr_curve.png,reports,report_output,.png,61664,0.059
reports/target_tweak_experiments/feature_set_ablation/raw_accounting_only_failure_pressure_conservative_v2_next_4obs_best_roc_curve.png,reports,report_output,.png,72717,0.069
reports/target_tweak_experiments/feature_set_ablation/raw_accounting_only_failure_pressure_profit_roa_next_4obs_best_pr_curve.png,reports,report_output,.png,62325,0.059
reports/target_tweak_experiments/feature_set_ablation/raw_accounting_only_failure_pressure_profit_roa_next_4obs_best_roc_curve.png,reports,report_output,.png,77109,0.074
reports/target_tweak_experiments/feature_set_ablation/raw_accounting_only_success_composite_strict_next_4obs_best_pr_curve.png,reports,report_output,.png,60705,0.058
reports/target_tweak_experiments/feature_set_ablation/raw_accounting_only_success_composite_strict_next_4obs_best_roc_curve.png,reports,report_output,.png,74311,0.071
reports/target_tweak_experiments/feature_set_ablation/raw_accounting_only_success_quality_growth_next_4obs_best_pr_curve.png,reports,report_output,.png,63606,0.061
reports/target_tweak_experiments/feature_set_ablation/raw_accounting_only_success_quality_growth_next_4obs_best_roc_curve.png,reports,report_output,.png,73962,0.071
reports/target_tweak_experiments/feature_set_ablation/raw_accounting_only_success_resilience_quality_v2_next_4obs_best_pr_curve.png,reports,report_output,.png,60516,0.058
reports/target_tweak_experiments/feature_set_ablation/raw_accounting_only_success_resilience_quality_v2_next_4obs_best_roc_curve.png,reports,report_output,.png,70702,0.067
reports/target_tweak_experiments/feature_set_inventory.csv,reports,report_output,.csv,121,0.0
reports/target_tweak_experiments/target_tweak_comparison.csv,reports,report_output,.csv,5688,0.005
reports/target_tweak_experiments/target_tweak_factor_group_summary.csv,reports,report_output,.csv,16831,0.016
reports/target_tweak_experiments/test_target_tweaks1/logic_audit.csv,reports,report_output,.csv,193,0.0
reports/target_tweak_experiments/test_target_tweaks1/run_log.md,reports,report_output,.md,2265,0.002
reports/target_tweak_experiments/test_target_tweaks1/target_profile.csv,reports,report_output,.csv,824,0.001
reports/target_tweak_experiments/test_target_tweaks1/target_scan_f1_mean_top.png,reports,report_output,.png,109435,0.104
reports/target_tweak_experiments/test_target_tweaks1/target_scan_factor_group_summary.csv,reports,report_output,.csv,3572,0.003
reports/target_tweak_experiments/test_target_tweaks1/target_scan_failure_pressure_conservative_v2_next_4obs_best_pr_curve.png,reports,report_output,.png,63066,0.06
reports/target_tweak_experiments/test_target_tweaks1/target_scan_failure_pressure_conservative_v2_next_4obs_best_roc_curve.png,reports,report_output,.png,70257,0.067
reports/target_tweak_experiments/test_target_tweaks1/target_scan_feature_importance.csv,reports,report_output,.csv,76709,0.073
reports/target_tweak_experiments/test_target_tweaks1/target_scan_metric_summary.csv,reports,report_output,.csv,1251,0.001
reports/target_tweak_experiments/test_target_tweaks1/target_scan_model_metrics.csv,reports,report_output,.csv,7943,0.008
reports/target_tweak_experiments/test_target_tweaks1/target_scan_pr_auc_mean_top.png,reports,report_output,.png,111661,0.106
reports/target_tweak_experiments/test_target_tweaks1/target_scan_success_resilience_quality_v2_next_4obs_best_pr_curve.png,reports,report_output,.png,57223,0.055
reports/target_tweak_experiments/test_target_tweaks1/target_scan_success_resilience_quality_v2_next_4obs_best_roc_curve.png,reports,report_output,.png,68377,0.065
reports/target_tweak_experiments/test_target_tweaks1/tweak_config.json,reports,report_output,.json,603,0.001
reports/target_tweak_experiments/test_target_tweaks2/logic_audit.csv,reports,report_output,.csv,193,0.0
reports/target_tweak_experiments/test_target_tweaks2/run_log.md,reports,report_output,.md,2196,0.002
reports/target_tweak_experiments/test_target_tweaks2/target_profile.csv,reports,report_output,.csv,774,0.001
reports/target_tweak_experiments/test_target_tweaks2/target_scan_f1_mean_top.png,reports,report_output,.png,103023,0.098
reports/target_tweak_experiments/test_target_tweaks2/target_scan_factor_group_summary.csv,reports,report_output,.csv,3544,0.003
reports/target_tweak_experiments/test_target_tweaks2/target_scan_failure_pressure_profit_roa_next_4obs_best_pr_curve.png,reports,report_output,.png,59099,0.056
reports/target_tweak_experiments/test_target_tweaks2/target_scan_failure_pressure_profit_roa_next_4obs_best_roc_curve.png,reports,report_output,.png,69565,0.066
reports/target_tweak_experiments/test_target_tweaks2/target_scan_feature_importance.csv,reports,report_output,.csv,73655,0.07
reports/target_tweak_experiments/test_target_tweaks2/target_scan_metric_summary.csv,reports,report_output,.csv,1217,0.001
reports/target_tweak_experiments/test_target_tweaks2/target_scan_model_metrics.csv,reports,report_output,.csv,7705,0.007
reports/target_tweak_experiments/test_target_tweaks2/target_scan_pr_auc_mean_top.png,reports,report_output,.png,105786,0.101
reports/target_tweak_experiments/test_target_tweaks2/target_scan_success_quality_growth_next_4obs_best_pr_curve.png,reports,report_output,.png,61920,0.059
reports/target_tweak_experiments/test_target_tweaks2/target_scan_success_quality_growth_next_4obs_best_roc_curve.png,reports,report_output,.png,68364,0.065
reports/target_tweak_experiments/test_target_tweaks2/tweak_config.json,reports,report_output,.json,599,0.001
reports/target_tweak_experiments/test_target_tweaks3/logic_audit.csv,reports,report_output,.csv,193,0.0
reports/target_tweak_experiments/test_target_tweaks3/run_log.md,reports,report_output,.md,2238,0.002
reports/target_tweak_experiments/test_target_tweaks3/target_profile.csv,reports,report_output,.csv,805,0.001
reports/target_tweak_experiments/test_target_tweaks3/target_scan_f1_mean_top.png,reports,report_output,.png,108093,0.103
reports/target_tweak_experiments/test_target_tweaks3/target_scan_factor_group_summary.csv,reports,report_output,.csv,3306,0.003
reports/target_tweak_experiments/test_target_tweaks3/target_scan_failure_pressure_balance_liquidity_next_4obs_best_pr_curve.png,reports,report_output,.png,57080,0.054
reports/target_tweak_experiments/test_target_tweaks3/target_scan_failure_pressure_balance_liquidity_next_4obs_best_roc_curve.png,reports,report_output,.png,68561,0.065
reports/target_tweak_experiments/test_target_tweaks3/target_scan_feature_importance.csv,reports,report_output,.csv,76825,0.073
reports/target_tweak_experiments/test_target_tweaks3/target_scan_metric_summary.csv,reports,report_output,.csv,1251,0.001
reports/target_tweak_experiments/test_target_tweaks3/target_scan_model_metrics.csv,reports,report_output,.csv,7913,0.008
reports/target_tweak_experiments/test_target_tweaks3/target_scan_pr_auc_mean_top.png,reports,report_output,.png,108902,0.104
reports/target_tweak_experiments/test_target_tweaks3/target_scan_success_stable_balance_next_4obs_best_pr_curve.png,reports,report_output,.png,58720,0.056
reports/target_tweak_experiments/test_target_tweaks3/target_scan_success_stable_balance_next_4obs_best_roc_curve.png,reports,report_output,.png,68430,0.065
reports/target_tweak_experiments/test_target_tweaks3/tweak_config.json,reports,report_output,.json,594,0.001
reports/target_tweak_experiments/test_target_tweaks4/logic_audit.csv,reports,report_output,.csv,193,0.0
reports/target_tweak_experiments/test_target_tweaks4/run_log.md,reports,report_output,.md,2158,0.002
reports/target_tweak_experiments/test_target_tweaks4/target_profile.csv,reports,report_output,.csv,784,0.001
reports/target_tweak_experiments/test_target_tweaks4/target_scan_f1_mean_top.png,reports,report_output,.png,105148,0.1
reports/target_tweak_experiments/test_target_tweaks4/target_scan_factor_group_summary.csv,reports,report_output,.csv,3448,0.003
reports/target_tweak_experiments/test_target_tweaks4/target_scan_failure_pressure_sector_strict_next_4obs_best_pr_curve.png,reports,report_output,.png,63604,0.061
reports/target_tweak_experiments/test_target_tweaks4/target_scan_failure_pressure_sector_strict_next_4obs_best_roc_curve.png,reports,report_output,.png,70954,0.068
reports/target_tweak_experiments/test_target_tweaks4/target_scan_feature_importance.csv,reports,report_output,.csv,74985,0.072
reports/target_tweak_experiments/test_target_tweaks4/target_scan_metric_summary.csv,reports,report_output,.csv,1239,0.001
reports/target_tweak_experiments/test_target_tweaks4/target_scan_model_metrics.csv,reports,report_output,.csv,7781,0.007
reports/target_tweak_experiments/test_target_tweaks4/target_scan_pr_auc_mean_top.png,reports,report_output,.png,108012,0.103
reports/target_tweak_experiments/test_target_tweaks4/target_scan_success_sector_quality_next_4obs_best_pr_curve.png,reports,report_output,.png,58846,0.056
reports/target_tweak_experiments/test_target_tweaks4/target_scan_success_sector_quality_next_4obs_best_roc_curve.png,reports,report_output,.png,72338,0.069
reports/target_tweak_experiments/test_target_tweaks4/tweak_config.json,reports,report_output,.json,535,0.001
reports/target_tweak_experiments/test_target_tweaks5/logic_audit.csv,reports,report_output,.csv,193,0.0
reports/target_tweak_experiments/test_target_tweaks5/run_log.md,reports,report_output,.md,2016,0.002
reports/target_tweak_experiments/test_target_tweaks5/target_profile.csv,reports,report_output,.csv,727,0.001
reports/target_tweak_experiments/test_target_tweaks5/target_scan_f1_mean_top.png,reports,report_output,.png,98856,0.094
reports/target_tweak_experiments/test_target_tweaks5/target_scan_factor_group_summary.csv,reports,report_output,.csv,3229,0.003
reports/target_tweak_experiments/test_target_tweaks5/target_scan_failure_pressure_score3_next_4obs_best_pr_curve.png,reports,report_output,.png,59980,0.057
reports/target_tweak_experiments/test_target_tweaks5/target_scan_failure_pressure_score3_next_4obs_best_roc_curve.png,reports,report_output,.png,69416,0.066
reports/target_tweak_experiments/test_target_tweaks5/target_scan_feature_importance.csv,reports,report_output,.csv,71808,0.068
reports/target_tweak_experiments/test_target_tweaks5/target_scan_metric_summary.csv,reports,report_output,.csv,1190,0.001
reports/target_tweak_experiments/test_target_tweaks5/target_scan_model_metrics.csv,reports,report_output,.csv,7588,0.007
reports/target_tweak_experiments/test_target_tweaks5/target_scan_pr_auc_mean_top.png,reports,report_output,.png,101114,0.096
reports/target_tweak_experiments/test_target_tweaks5/target_scan_success_score3_next_4obs_best_pr_curve.png,reports,report_output,.png,55264,0.053
reports/target_tweak_experiments/test_target_tweaks5/target_scan_success_score3_next_4obs_best_roc_curve.png,reports,report_output,.png,67138,0.064
reports/target_tweak_experiments/test_target_tweaks5/tweak_config.json,reports,report_output,.json,468,0.0
requirements.txt,requirements.txt,project_root,.txt,110,0.0
scripts/.DS_Store,scripts,system_junk,[none],8196,0.008
scripts/data/.DS_Store,scripts,system_junk,[none],6148,0.006
scripts/data/__pycache__/download_fred_series.cpython-312.pyc,scripts,system_junk,.pyc,3427,0.003
scripts/data/download_fred_series.py,scripts,code,.py,2313,0.002
scripts/data_quality/.DS_Store,scripts,system_junk,[none],6148,0.006
scripts/data_quality/__pycache__/apply_event_date_source_verification.cpython-312.pyc,scripts,system_junk,.pyc,26576,0.025
scripts/data_quality/__pycache__/audit_data_integrity_caveats.cpython-312.pyc,scripts,system_junk,.pyc,23070,0.022
scripts/data_quality/__pycache__/audit_legacy_panel.cpython-312.pyc,scripts,system_junk,.pyc,4764,0.005
scripts/data_quality/__pycache__/audit_panel_integrity.cpython-312.pyc,scripts,system_junk,.pyc,14336,0.014
scripts/data_quality/__pycache__/audit_sec_harmonization_candidates.cpython-312.pyc,scripts,system_junk,.pyc,28250,0.027
scripts/data_quality/__pycache__/create_event_review_scaffold.cpython-312.pyc,scripts,system_junk,.pyc,11592,0.011
scripts/data_quality/__pycache__/create_legacy_sample.cpython-312.pyc,scripts,system_junk,.pyc,2441,0.002
scripts/data_quality/__pycache__/investigate_total_liabilities_missing_indicator.cpython-312.pyc,scripts,system_junk,.pyc,37505,0.036
scripts/data_quality/__pycache__/run_p0_audits.cpython-312.pyc,scripts,system_junk,.pyc,23618,0.023
scripts/data_quality/apply_event_date_source_verification.py,scripts,code,.py,41863,0.04
scripts/data_quality/audit_data_integrity_caveats.py,scripts,code,.py,18126,0.017
scripts/data_quality/audit_legacy_panel.py,scripts,code,.py,2846,0.003
scripts/data_quality/audit_panel_integrity.py,scripts,code,.py,10474,0.01
scripts/data_quality/audit_sec_harmonization_candidates.py,scripts,code,.py,20787,0.02
scripts/data_quality/create_event_review_scaffold.py,scripts,code,.py,11517,0.011
scripts/data_quality/create_legacy_sample.py,scripts,code,.py,1249,0.001
scripts/data_quality/investigate_total_liabilities_missing_indicator.py,scripts,code,.py,28924,0.028
scripts/data_quality/run_p0_audits.py,scripts,code,.py,18019,0.017
scripts/docs/.DS_Store,scripts,system_junk,[none],6148,0.006
scripts/docs/__pycache__/audit_legal_full_text_access.cpython-312.pyc,scripts,system_junk,.pyc,9773,0.009
scripts/docs/__pycache__/build_thesis_first_draft.cpython-312.pyc,scripts,system_junk,.pyc,133152,0.127
scripts/docs/__pycache__/generate_literature_package.cpython-312.pyc,scripts,system_junk,.pyc,127648,0.122
scripts/docs/__pycache__/generate_master_data_model_target_explainer.cpython-312.pyc,scripts,system_junk,.pyc,65184,0.062
scripts/docs/audit_legal_full_text_access.py,scripts,code,.py,6787,0.006
scripts/docs/build_thesis_first_draft.py,scripts,code,.py,128823,0.123
scripts/docs/generate_literature_package.py,scripts,code,.py,136912,0.131
scripts/docs/generate_master_data_model_target_explainer.py,scripts,code,.py,62113,0.059
scripts/features/.DS_Store,scripts,system_junk,[none],6148,0.006
scripts/features/__pycache__/build_market_health_index.cpython-312.pyc,scripts,system_junk,.pyc,12294,0.012
scripts/features/build_market_health_index.py,scripts,code,.py,9376,0.009
scripts/legacy_parsers/(WORKS)10Qoarse_regex_pre2019.py,scripts,legacy_code,.py,9425,0.009
scripts/legacy_parsers/10Kparse_regex.py,scripts,legacy_code,.py,11892,0.011
scripts/legacy_parsers/10Q_batch_parse.py,scripts,legacy_code,.py,932,0.001
scripts/legacy_parsers/__pycache__/(WORKS)10Qoarse_regex_pre2019.cpython-312.pyc,scripts,system_junk,.pyc,10391,0.01
scripts/legacy_parsers/__pycache__/10Kparse_regex.cpython-312.pyc,scripts,system_junk,.pyc,13776,0.013
scripts/legacy_parsers/__pycache__/10Q_batch_parse.cpython-312.pyc,scripts,system_junk,.pyc,1653,0.002
scripts/legacy_parsers/__pycache__/build_firm_panel.cpython-312.pyc,scripts,system_junk,.pyc,3640,0.003
scripts/legacy_parsers/__pycache__/compute_financial_ratios.cpython-312.pyc,scripts,system_junk,.pyc,4100,0.004
scripts/legacy_parsers/__pycache__/download_edgar_bulk copy.cpython-312.pyc,scripts,system_junk,.pyc,1760,0.002
scripts/legacy_parsers/__pycache__/download_edgar_bulk.cpython-312.pyc,scripts,system_junk,.pyc,1747,0.002
scripts/legacy_parsers/__pycache__/get_fred.cpython-312.pyc,scripts,system_junk,.pyc,1935,0.002
scripts/legacy_parsers/__pycache__/get_nasdaq100.cpython-312.pyc,scripts,system_junk,.pyc,1788,0.002
scripts/legacy_parsers/__pycache__/get_sp500_tickers.cpython-312.pyc,scripts,system_junk,.pyc,966,0.001
scripts/legacy_parsers/__pycache__/parallel_batch_parse_10k.cpython-312.pyc,scripts,system_junk,.pyc,3397,0.003
scripts/legacy_parsers/__pycache__/prepare_sp500_prices.cpython-312.pyc,scripts,system_junk,.pyc,3285,0.003
scripts/legacy_parsers/__pycache__/yfinance_download_company_data.cpython-312.pyc,scripts,system_junk,.pyc,1834,0.002
scripts/legacy_parsers/build_firm_panel.py,scripts,legacy_code,.py,2779,0.003
scripts/legacy_parsers/compute_financial_ratios.py,scripts,legacy_code,.py,3362,0.003
scripts/legacy_parsers/download_edgar_bulk copy.py,scripts,legacy_code,.py,1992,0.002
scripts/legacy_parsers/download_edgar_bulk.py,scripts,legacy_code,.py,1984,0.002
scripts/legacy_parsers/get_fred.py,scripts,legacy_code,.py,1488,0.001
scripts/legacy_parsers/get_nasdaq100.py,scripts,legacy_code,.py,1122,0.001
scripts/legacy_parsers/get_sp500_tickers.py,scripts,legacy_code,.py,546,0.001
scripts/legacy_parsers/parallel_batch_parse_10k.py,scripts,legacy_code,.py,2562,0.002
scripts/legacy_parsers/prepare_sp500_prices.py,scripts,legacy_code,.py,2623,0.003
scripts/legacy_parsers/yfinance_download_company_data.py,scripts,legacy_code,.py,1201,0.001
scripts/modeling/.DS_Store,scripts,system_junk,[none],6148,0.006
scripts/modeling/__pycache__/audit_robustness_extension_targets.cpython-312.pyc,scripts,system_junk,.pyc,23372,0.022
scripts/modeling/__pycache__/feature_contribution_summary.cpython-312.pyc,scripts,system_junk,.pyc,5952,0.006
scripts/modeling/__pycache__/make_panel_v2_analysis_outputs.cpython-312.pyc,scripts,system_junk,.pyc,11485,0.011
scripts/modeling/__pycache__/promote_validated_secondary_targets.cpython-312.pyc,scripts,system_junk,.pyc,16101,0.015
scripts/modeling/__pycache__/run_advanced_boosting_experiments.cpython-312.pyc,scripts,system_junk,.pyc,17667,0.017
scripts/modeling/__pycache__/run_broader_target_experiments.cpython-312.pyc,scripts,system_junk,.pyc,47640,0.045
scripts/modeling/__pycache__/run_exploratory_target_lab.cpython-312.pyc,scripts,system_junk,.pyc,65284,0.062
scripts/modeling/__pycache__/run_model_tuning_experiments.cpython-312.pyc,scripts,system_junk,.pyc,19151,0.018
scripts/modeling/__pycache__/run_panel_v2_ablation.cpython-312.pyc,scripts,system_junk,.pyc,13502,0.013
scripts/modeling/__pycache__/run_target_feature_tweak_experiments.cpython-312.pyc,scripts,system_junk,.pyc,39336,0.038
scripts/modeling/__pycache__/run_validation_extension_gate.cpython-312.pyc,scripts,system_junk,.pyc,52671,0.05
scripts/modeling/__pycache__/target_profile_report.cpython-312.pyc,scripts,system_junk,.pyc,6362,0.006
scripts/modeling/__pycache__/train_panel_v2_models.cpython-312.pyc,scripts,system_junk,.pyc,24239,0.023
scripts/modeling/audit_robustness_extension_targets.py,scripts,code,.py,16466,0.016
scripts/modeling/feature_contribution_summary.py,scripts,code,.py,5050,0.005
scripts/modeling/make_panel_v2_analysis_outputs.py,scripts,code,.py,8607,0.008
scripts/modeling/promote_validated_secondary_targets.py,scripts,code,.py,10873,0.01
scripts/modeling/run_advanced_boosting_experiments.py,scripts,code,.py,16008,0.015
scripts/modeling/run_broader_target_experiments.py,scripts,code,.py,34341,0.033
scripts/modeling/run_exploratory_target_lab.py,scripts,code,.py,49100,0.047
scripts/modeling/run_model_tuning_experiments.py,scripts,code,.py,16959,0.016
scripts/modeling/run_panel_v2_ablation.py,scripts,code,.py,11169,0.011
scripts/modeling/run_target_feature_tweak_experiments.py,scripts,code,.py,32917,0.031
scripts/modeling/run_validation_extension_gate.py,scripts,code,.py,42429,0.04
scripts/modeling/target_profile_report.py,scripts,code,.py,4004,0.004
scripts/modeling/train_panel_v2_models.py,scripts,code,.py,18269,0.017
scripts/project_audit/.DS_Store,scripts,system_junk,[none],6148,0.006
scripts/project_audit/__pycache__/capture_dashboard_screenshots.cpython-312.pyc,scripts,system_junk,.pyc,10155,0.01
scripts/project_audit/__pycache__/clean_venv_smoke_check.cpython-312.pyc,scripts,system_junk,.pyc,4279,0.004
scripts/project_audit/__pycache__/final_polish_caveat_package.cpython-312.pyc,scripts,system_junk,.pyc,25645,0.024
scripts/project_audit/__pycache__/final_scientific_validity_qa.cpython-312.pyc,scripts,system_junk,.pyc,61436,0.059
scripts/project_audit/__pycache__/full_project_audit.cpython-312.pyc,scripts,system_junk,.pyc,26119,0.025
scripts/project_audit/__pycache__/manual_logic_dashboard_audit_20260508.cpython-312.pyc,scripts,system_junk,.pyc,42781,0.041
scripts/project_audit/capture_dashboard_screenshots.py,scripts,code,.py,7263,0.007
scripts/project_audit/clean_venv_smoke_check.py,scripts,code,.py,2361,0.002
scripts/project_audit/final_polish_caveat_package.py,scripts,code,.py,23647,0.023
scripts/project_audit/final_scientific_validity_qa.py,scripts,code,.py,49264,0.047
scripts/project_audit/full_project_audit.py,scripts,code,.py,18925,0.018
scripts/project_audit/manual_logic_dashboard_audit_20260508.py,scripts,code,.py,32427,0.031
scripts/sec_fsd/.DS_Store,scripts,system_junk,[none],6148,0.006
scripts/sec_fsd/__pycache__/build_candidate_universe.cpython-312.pyc,scripts,system_junk,.pyc,5663,0.005
scripts/sec_fsd/__pycache__/build_panel_v2.cpython-312.pyc,scripts,system_junk,.pyc,70242,0.067
scripts/sec_fsd/__pycache__/build_sec_selected_fact_provenance.cpython-312.pyc,scripts,system_junk,.pyc,20363,0.019
scripts/sec_fsd/__pycache__/build_universe_v2.cpython-312.pyc,scripts,system_junk,.pyc,8707,0.008
scripts/sec_fsd/__pycache__/index_submissions.cpython-312.pyc,scripts,system_junk,.pyc,5366,0.005
scripts/sec_fsd/__pycache__/inventory_sec_zips.cpython-312.pyc,scripts,system_junk,.pyc,4347,0.004
scripts/sec_fsd/__pycache__/match_distress_candidates.cpython-312.pyc,scripts,system_junk,.pyc,5511,0.005
scripts/sec_fsd/__pycache__/select_universe_expansion_150.cpython-312.pyc,scripts,system_junk,.pyc,17762,0.017
scripts/sec_fsd/build_candidate_universe.py,scripts,code,.py,3838,0.004
scripts/sec_fsd/build_panel_v2.py,scripts,code,.py,54786,0.052
scripts/sec_fsd/build_sec_selected_fact_provenance.py,scripts,code,.py,15496,0.015
scripts/sec_fsd/build_universe_v2.py,scripts,code,.py,6371,0.006
scripts/sec_fsd/index_submissions.py,scripts,code,.py,3319,0.003
scripts/sec_fsd/inventory_sec_zips.py,scripts,code,.py,2642,0.003
scripts/sec_fsd/match_distress_candidates.py,scripts,code,.py,3737,0.004
scripts/sec_fsd/select_universe_expansion_150.py,scripts,code,.py,13330,0.013
