path,size_bytes,include_in_github_candidate,sha256
.DS_Store,10244,False,0c4d3d8bf67d6f6c54a03db53d54b16d56553b598d4f6c853a7c934b787e168d
.gitignore,817,True,7cf846a28e44d40376b371e68ef30c07d21108d51cac19f6adfc52f8d39d94f3
.mplconfig/fontlist-v330.json,146850,True,c38b4bd402faf335dd636375f02aeb819cf7c2cc8c384097b86a34e4d3d30ad7
.vscode/tasks.json,3298,True,828deea32badf2cf75fb6f1ae5a70c482bf923e4f945eaaac8f5819411bdd868
README.md,7124,True,3a70b24b8ccfeb1e5ee2ce5a4067b00e1562dd9e93cd70e430e85d0089f25159
_archive/.DS_Store,6148,False,7d41d14fe8aed25e2e5aced4e6001cf10a1d9b981f773ca377ff8072a9450fad
_archive/failed_downloads/company_tickers_exchange_rate_limited.html,1924,True,9c7869eac22e03d0795eb1c0c1ac3e944c5c81b6e7af0317bbd6b50e71b969e0
_archive/system_files/.DS_Store,6148,False,5ef534ef32ca784343a02699d98fdfa31bf2e255804cf88b6de4362fe0661d65
_archive/system_files/data.DS_Store,6148,False,12f2b9c76797091315a2fa130a7eaaacaf1eb771318ab9ae8664b6f44808d8bf
_archive/system_files/data_processed.DS_Store,6148,False,a94a13f5b90518acbc7035128776c7ab5c1f5fd63ae435314db447509634ea8f
_archive/system_files/root.DS_Store,8196,False,ac85d767569df2fb66d87ceb22b835f623c2b269fc3a4bcf012e39f15a8810cb
app/.DS_Store,6148,False,f1c98442c2868a42c807a05f1d78079e3a45f14c62a56ca1c0fed42f44619466
app/README.md,1064,True,3090b70e882094f6b4659e6577a9a865be8c1c226c14d659c18ba086ad7aebeb
app/__pycache__/dashboard.cpython-312.pyc,69563,False,92255732af3fbce2cfe116d39e6b706034a8e9dbafd5a98450a17887a4135e65
app/dashboard.py,60589,True,5679da5a002b530bb0371d33a8e42f39abb56aa9f5bebe294f148d4a4f31a3a7
config/company_tickers_exchange.json,518069,True,0c1a50ca9c62609b6d8eceaab156eaa89f988ec8dbe2d138585ee8fd6f950d4b
config/distress_candidate_seed.csv,2760,True,ef756dbeb2bb22a3a382deccf4f5fba4394febdcb58f152a05838fccd1649f90
config/distress_event_dates.csv,9127,True,96fa12263de054901c7286cf7c9f70d04104171578a29c61c52d849f757a4069
config/distress_event_source_provenance.csv,24502,True,78f455c1ed4ad1c99d044c8830d9a16da27dd09e7c6ae266425e20bda834d2bf
config/distressed_candidates_seed.csv,3288,True,c77b1ab1aff6bce5b1c750f11ef06ed74e29b550f2b1735deb59eecc50b82f9d
config/fred_series_catalog.csv,3417,True,b5cdbc1e7464302f60531bc9064cad79b4c5ae1e45a9008007b263133bffb3e1
config/global_event_calendar_seed.csv,4519,True,3f8d79f762bc7950402bd8c6487d5c1fa0297525effda11a7fe2e7fd04e762b0
config/master_tickers.csv,23152,True,8f449ae36c27a9e9a4892f71f9f8505671b0eb9884d943ccab2f038a19e861dd
config/model_feature_blacklist.csv,2089,True,1179ae8c058ce9824a3905104b2431f5546d04724e077ed12f853e819de5b493
config/rebuild_universe_candidates.csv,64154,True,58203008c59ceb979cfa1de0c1f32492a19094de3d5f737cfc84ca5a1de6c123
config/sec_fsd_concept_map.csv,3325,True,ffb17c9bbf52c6e1b5142066ab4aa7809d74ab11bfb64397f4abee23a8cb6004
config/tag_map.txt,7751,True,701a06453f8043b3911dc01e29c34f7501bf24a3d23747c6d2f62adb887adb60
config/ticker100.txt,1093,True,3fa191771ef5c08587d6f5bec6bf1eb82482032cb3447b17aa96a0176ba261e1
config/ticker100more.txt,408,True,6690f7ed38ca529f7109518b1033f187c160b0d47c0e52bf2e19cfa13aa51346
config/ticker_cik_overrides.csv,219,True,e54348b91b335a86c58e80fd3b73db9e855b53a45410e48337f3da36f9bbe5d7
config/universe_expansion_150_candidates.csv,30752,True,b638f867319ebfa47ff6d20668f1e03140d96235176f0edd2db7d6779b6dee48
config/universe_v2_draft.csv,130518,True,d3e6fc859be7a6a0dab7f6d6868b196cf225ada6d1a86f199d5bc3b03fb02ae5
config/universe_v2_draft_expanded_150.csv,130518,True,d3e6fc859be7a6a0dab7f6d6868b196cf225ada6d1a86f199d5bc3b03fb02ae5
config/universe_v2_pre_expansion_20260505.csv,83366,True,eb1a942d2941355ddcc2b15a1b1c0bca7b5573dbeabd226ef149bbfdc83c5861
data/.DS_Store,8196,False,81e1bca8b84b66c1997d6b1ae1600793f8ab2410e483fe0ba257b9abe358ca14
data/github/README.md,3497,True,c793d01bb939422f3c9c3495f52b2e3199e0259062e36b5b9b814f284d2efdf3
data/github/firm_panel_v2.csv.gz,15320618,True,39d0e9d4ca73551ca18e654108465069e25bd3db62ebc0fac5df6752cb31e4e1
data/github/firm_panel_v2.parquet,13213499,True,657a7a34f2acb82cf293d9ae39426b1dd8c0f605478af44015ffcf0a88e33056
data/github/firm_panel_v2_schema.csv,11206,True,e9c9d699ffb3a9e7fb9ca68aac48254a0f0b44fe6a1183862d008b971541a734
data/interim/.gitkeep,1,False,01ba4719c80b6fe911b091a7c05124b64eeece964e09c058ef8f9805daca546b
data/interim/distress_candidate_matches.csv,15090,False,050d5e753a3e60353dfaffcf467b37187937395fbf6efd651cda242873943946
data/interim/sec_submissions_index.csv,42302222,False,8af9b3620c63b192e336651162654ded705bf690d070d56e502d07d1afdc1dfe
data/processed/.DS_Store,8196,False,3c0ddc6e9fb3ac74fab860aab8b0b13be2b09a7e7b72478396efc19fc98c2260
data/processed/.gitkeep,1,True,01ba4719c80b6fe911b091a7c05124b64eeece964e09c058ef8f9805daca546b
data/processed/legacy_2025/firm_panel_with_zscore.csv,7919048,True,7a78371f71d88a9342cf2649cd7f14fcb3e2ab065cb04da87d4515ba5f205028
data/processed/legacy_2025/firm_panel_with_zscore.parquet,2885119,True,8df236a22a8001337a5695bd458a69f50e08a5e3d9407e3446caba434e6e6c1c
data/processed/legacy_xbrl/.DS_Store,6148,False,2035b1b082d9cbf9629a997d280d16246ac50f7127970f27cf6a4ef3192abc05
data/processed/legacy_xbrl/q4quarter_all/AAPL/AAPL_q4quarter.csv,5939,True,e0782885e22231197a6abfa836a8768b348424b3397a63fd6a4e3d8af6d656cb
data/processed/legacy_xbrl/q4quarter_all/AAPL/AAPL_q4quarter.parquet,20943,True,702f02c985aa06b18cec8b5f44c410d2cb8612ca67ca015fc27486c001510072
data/processed/legacy_xbrl/q4quarter_all/AAPL/AAPL_q4quarter_summary.csv,810,True,566a3be58041afb61dbe66c27950137a897e631076dce268d210946914793a12
data/processed/legacy_xbrl/q4quarter_all/AAPL/AAPL_q4quarter_summary.parquet,2991,True,a1eb951f4850a959123c037231b2d7dc68cf55de2f49ff3890b5ab735dc7aee6
data/processed/legacy_xbrl/q4quarter_all/ABBV/ABBV_q4quarter.csv,4213,True,2fc26e113ce5500c962e913bf350f055868c408141e0510cfc4ed664a34ab198
data/processed/legacy_xbrl/q4quarter_all/ABBV/ABBV_q4quarter.parquet,20059,True,8ca6ab1cf31ce0c9e389f1039eb368df501bfed49fdbd56de9f6594c8d979ff6
data/processed/legacy_xbrl/q4quarter_all/ABBV/ABBV_q4quarter_summary.csv,662,True,6769d02e2354a397270425a556be3da1196a6aca4eecc5e5aa927c155fe1ea99
data/processed/legacy_xbrl/q4quarter_all/ABBV/ABBV_q4quarter_summary.parquet,2947,True,e2ce06a3403f672b3ad5ce67cff46b8e026ba6b04554b33b852d0fc98bbf9901
data/processed/legacy_xbrl/q4quarter_all/ABNB/ABNB_q4quarter.csv,1422,True,1c96fa65c7234aaec8a7cef51495ad995b14a6b9881cc58820390bdfd23bf995
data/processed/legacy_xbrl/q4quarter_all/ABNB/ABNB_q4quarter.parquet,15109,True,5bd998e2d4a7a94da7b9d8d696e771a9c01a518ef13cbbf88dff63ed0357b262
data/processed/legacy_xbrl/q4quarter_all/ABNB/ABNB_q4quarter_summary.csv,270,True,ecdf262a6b0633e43db9de4c9503d65660772115fc8fadffbdbdb328504dd632
data/processed/legacy_xbrl/q4quarter_all/ABNB/ABNB_q4quarter_summary.parquet,2835,True,5d92af3890a3ff8628cc9a705613ab3976b795bdd9cf0cac0b9704f30edbc666
data/processed/legacy_xbrl/q4quarter_all/ABT/ABT_q4quarter.csv,5857,True,ec2a1d8157c8d103ea2b4a7f196843bf6eb477fcda7f40be4a0b0e77a98c03fe
data/processed/legacy_xbrl/q4quarter_all/ABT/ABT_q4quarter.parquet,21542,True,a8ae57b04c93bdfce4ba16b2c046e4f683d303ebe5255ff24ecbb6ee2422b76d
data/processed/legacy_xbrl/q4quarter_all/ABT/ABT_q4quarter_summary.csv,794,True,dffd9b304db7a68de93d486686c5e01569462f1cb8e6d10621bc5656d5562228
data/processed/legacy_xbrl/q4quarter_all/ABT/ABT_q4quarter_summary.parquet,2986,True,e936d720cd61364e999321acf1d51fca54ae58ac88048c30932093404f8fa19e
data/processed/legacy_xbrl/q4quarter_all/ACN/ACN_q4quarter.csv,5151,True,97068daac42b013171bea855996be5f4a2b7e5ec72752cf60242238faad96a80
data/processed/legacy_xbrl/q4quarter_all/ACN/ACN_q4quarter.parquet,19012,True,78776570356060d44caceb9f5254642a750309dfab4925fe66e84c98a2b44921
data/processed/legacy_xbrl/q4quarter_all/ACN/ACN_q4quarter_summary.csv,793,True,3f58ab3e14b5b7ccb38bed86a596624de6f5632243d74344e4cc688c42c90449
data/processed/legacy_xbrl/q4quarter_all/ACN/ACN_q4quarter_summary.parquet,2962,True,220990eef1551a1ddb624b9947705a4fb3f087a91d587f536d4b869d46cc23bf
data/processed/legacy_xbrl/q4quarter_all/ADBE/ADBE_q4quarter.csv,6150,True,e9b9b546506fed92e8607839c7dd720ea27e860132bb66002d49ba81039d8ce4
data/processed/legacy_xbrl/q4quarter_all/ADBE/ADBE_q4quarter.parquet,21241,True,9a436bc50a3f0e86553aae29b777a37440559aab4f6521c7e2d952a8e94c5efd
data/processed/legacy_xbrl/q4quarter_all/ADBE/ADBE_q4quarter_summary.csv,810,True,b71ff0501b94b6f6143c3acab95524f28a8719bd90f7d638055cbb5c57a9ce82
data/processed/legacy_xbrl/q4quarter_all/ADBE/ADBE_q4quarter_summary.parquet,2936,True,864e417654eb5c5ca6f71c33b26d12e8bb3541394312f09016d68f029c0526f8
data/processed/legacy_xbrl/q4quarter_all/ADI/ADI_q4quarter.csv,5354,True,447910b6216eb0c2dddae40ff836d4f57dd2c452f5849019d4d52b2f93aaaa5f
data/processed/legacy_xbrl/q4quarter_all/ADI/ADI_q4quarter.parquet,20185,True,161346b635de4bb30373a5c0a1e0e2f29b0275a6af3dec49e1e4fbb524512186
data/processed/legacy_xbrl/q4quarter_all/ADI/ADI_q4quarter_summary.csv,794,True,6bd41259ea94ebd30688e9929cdba3e24bae17f6fae6cd3ab19a35cb59c222ba
data/processed/legacy_xbrl/q4quarter_all/ADI/ADI_q4quarter_summary.parquet,2957,True,ba3fe818dd37ebb3542f94a520bab8dde2621847eca71f53f7b8b5a86127aa56
data/processed/legacy_xbrl/q4quarter_all/ADP/ADP_q4quarter.csv,5290,True,32d0c60e0a2aa9b639c6e6ea2493fb93d3e29fe084792a741c02200ed9730b37
data/processed/legacy_xbrl/q4quarter_all/ADP/ADP_q4quarter.parquet,19481,True,7177e2b241640c05a0919ec3cd3a7a3e4e77cd48700c4c822534f552242be9c8
data/processed/legacy_xbrl/q4quarter_all/ADP/ADP_q4quarter_summary.csv,793,True,1606ab261a70ad11a066e1ce810659cbcff7ce20949b97c56bafe195f52d1087
data/processed/legacy_xbrl/q4quarter_all/ADP/ADP_q4quarter_summary.parquet,2952,True,5b98cd9b36503957fdcbb3db8925631c748878bfa3ab690a06d8448b6e72447a
data/processed/legacy_xbrl/q4quarter_all/ADSK/ADSK_q4quarter.csv,5285,True,76492b18b11a69b91e1d52802b9778fda84d1ccad52e0ba49347dd8dd6952521
data/processed/legacy_xbrl/q4quarter_all/ADSK/ADSK_q4quarter.parquet,20280,True,b6d80c15d69f192bd377cd1a045dec7f64c149a5001a217e9ce9f1f71c15a6c3
data/processed/legacy_xbrl/q4quarter_all/ADSK/ADSK_q4quarter_summary.csv,810,True,49cddffb2e0d01419846e5644eff2333e00f041b1cfe2f5221b535be2ef0c5a2
data/processed/legacy_xbrl/q4quarter_all/ADSK/ADSK_q4quarter_summary.parquet,2948,True,abcdf0f17fbe67f5e23b13455b5c3305b75856c92419a97561544e0eb8904f52
data/processed/legacy_xbrl/q4quarter_all/AEP/AEP_q4quarter.csv,5158,True,c9cddcb494eb14b5c0dea102298e5baaa0e6e1d93c2f66658a6141a9420e019f
data/processed/legacy_xbrl/q4quarter_all/AEP/AEP_q4quarter.parquet,19471,True,6d6abe5a437da2269fec4d587515437406a2ad936dc5ec55453dd5e243211010
data/processed/legacy_xbrl/q4quarter_all/AEP/AEP_q4quarter_summary.csv,794,True,93c44a6b6385b1e2c21a82f07401fd67d7b1de122f8327b4b709c5e607d4f298
data/processed/legacy_xbrl/q4quarter_all/AEP/AEP_q4quarter_summary.parquet,2940,True,9bf3703216cf0e3032c77a90f9f148cb21c77be4b5d9cd934eba92dbe1e6cd2a
data/processed/legacy_xbrl/q4quarter_all/AFL/AFL_q4quarter.csv,4267,True,470439a4ce266a2ed5669698e8881817f60a6b5d9fb83a11368a2f02ba55269a
data/processed/legacy_xbrl/q4quarter_all/AFL/AFL_q4quarter.parquet,14668,True,b177998a1ad4205076786d0402155d558cc23d5907bd3c7f47ae75dd8974f95a
data/processed/legacy_xbrl/q4quarter_all/AFL/AFL_q4quarter_summary.csv,794,True,5a8ba2ba207fa2b365153bd80ea8393ec4eee5b35bb89eeda764aef42da7a97c
data/processed/legacy_xbrl/q4quarter_all/AFL/AFL_q4quarter_summary.parquet,2948,True,3ba7d132330fa255cde6687d8e767d21d9bbab41484fb19b59cd755dd8313917
data/processed/legacy_xbrl/q4quarter_all/AIG/AIG_q4quarter.csv,3956,True,00b13f4ecb46bf173689dd477bd5e05ee1affe8b86d0967aa25456fdba65d351
data/processed/legacy_xbrl/q4quarter_all/AIG/AIG_q4quarter.parquet,14552,True,064d9c3f867381bc7851c31e61d004b45694dcab8c01f4d470d49c32735a35d5
data/processed/legacy_xbrl/q4quarter_all/AIG/AIG_q4quarter_summary.csv,794,True,2f397c1219b03d4703417b3e553abf000ff1010a57f63f858ded3d8e93b4fdf6
data/processed/legacy_xbrl/q4quarter_all/AIG/AIG_q4quarter_summary.parquet,2974,True,829dfb8e11b1f7d64c15b33e9857858066d8e89908d74241468da12b7750dbd0
data/processed/legacy_xbrl/q4quarter_all/AJG/AJG_q4quarter.csv,4360,True,80d61c2ed179ccb541fa81b3681c902c6f363c6451c59808d1ee21dd726d4e6f
data/processed/legacy_xbrl/q4quarter_all/AJG/AJG_q4quarter.parquet,17118,True,cbbf9163db117ae39e99a9d3711cb537ca0125754b316e2cebfe11898e8fd543
data/processed/legacy_xbrl/q4quarter_all/AJG/AJG_q4quarter_summary.csv,793,True,40ae9f48b3ac1abef7bd5409c39884cb76ac4df35ab82a7cb5f747b7a232779f
data/processed/legacy_xbrl/q4quarter_all/AJG/AJG_q4quarter_summary.parquet,2999,True,16a9f2f751066eab605197146f4769cddd5e623d69fc707e81588c3dafd5e022
data/processed/legacy_xbrl/q4quarter_all/ALL/ALL_q4quarter.csv,3984,True,58d223b0bda632d7d76712c3d1e59ba92361e81e8407dc550943fe6dfbe6c91d
data/processed/legacy_xbrl/q4quarter_all/ALL/ALL_q4quarter.parquet,14987,True,dcb6bb5fc8863f3a21641a23c0706c91c23fe062e8d8d27617415013738ff11c
data/processed/legacy_xbrl/q4quarter_all/ALL/ALL_q4quarter_summary.csv,794,True,ab6edc0855f50efce5653767ac59843130e0b464e7cee862cd179753782eff8f
data/processed/legacy_xbrl/q4quarter_all/ALL/ALL_q4quarter_summary.parquet,2951,True,e8994e9ff2face21409b92ef961255e7b9bea61fd68df1c111eb9bfbbee30c23
data/processed/legacy_xbrl/q4quarter_all/AMAT/AMAT_q4quarter.csv,5874,True,194e06784463ebc89b65d7d094b7ce708747f9f503a32384962e6c1fccb6351c
data/processed/legacy_xbrl/q4quarter_all/AMAT/AMAT_q4quarter.parquet,21630,True,680d58441670543283982075788d8bfb6b4c18ca32157db79e7b1891be3416b1
data/processed/legacy_xbrl/q4quarter_all/AMAT/AMAT_q4quarter_summary.csv,810,True,30f813d08fbb5614a32835464c42d326a72ff3c5e4aa1acd5cbfef991f141c51
data/processed/legacy_xbrl/q4quarter_all/AMAT/AMAT_q4quarter_summary.parquet,2957,True,e1a3f026dadb0d65b692048f8173cb2285230f3c8dd8802edc7fd2f4f3195ded
data/processed/legacy_xbrl/q4quarter_all/AMD/AMD_q4quarter.csv,5311,True,0b4cf5d97487708ba33c8b199d8d6e0e04825e2f1a5576890247fa18d335fd01
data/processed/legacy_xbrl/q4quarter_all/AMD/AMD_q4quarter.parquet,20107,True,3f11b82ac2c217e2d9754e3d02735c729fbd071006284c841c956e84a17e4432
data/processed/legacy_xbrl/q4quarter_all/AMD/AMD_q4quarter_summary.csv,793,True,a9755667b6be1514f890a8f6f1e6fded08b7796b11499fcec2dca0be26925636
data/processed/legacy_xbrl/q4quarter_all/AMD/AMD_q4quarter_summary.parquet,2978,True,cd52933a537adf0c4cee94c826643b2892c012a605b2c18f2c5c6078eed285ec
data/processed/legacy_xbrl/q4quarter_all/AME/AME_q4quarter.csv,5225,True,ec48a16405d29c0aa58ea6768fae340bc2508b23e1e379c31fd4280f2a0cc388
data/processed/legacy_xbrl/q4quarter_all/AME/AME_q4quarter.parquet,18859,True,c7a58244f51246b6819194310d966d9a9e2baa7b1c337003c434793045f8cb0b
data/processed/legacy_xbrl/q4quarter_all/AME/AME_q4quarter_summary.csv,794,True,b62baf47901b8cf2323d616542728dd3f875ee0a561d4cc994205c385b681aef
data/processed/legacy_xbrl/q4quarter_all/AME/AME_q4quarter_summary.parquet,2973,True,21e3d2fab64af391134743cfe0becaa76fbe33f08bd8ec83ba31dc0d08c29d3e
data/processed/legacy_xbrl/q4quarter_all/AMGN/AMGN_q4quarter.csv,6170,True,f210bc4e648e323d71290c46e7cfe07dc156d9eea1cc1a248a86cfcd998447ca
data/processed/legacy_xbrl/q4quarter_all/AMGN/AMGN_q4quarter.parquet,21759,True,244d9bf51c16214ee3744329e73ee5a0dd25c46498852ec6fae3b95774d2b4ff
data/processed/legacy_xbrl/q4quarter_all/AMGN/AMGN_q4quarter_summary.csv,810,True,d6f70af64f7acc3f0b09f7913b52e0abac619aab39ef1f2b45f6c5f886459f24
data/processed/legacy_xbrl/q4quarter_all/AMGN/AMGN_q4quarter_summary.parquet,2968,True,638be0b3fadf1be96c8cd74cafab3ad569d1207a6d5f6416423eab4c98419178
data/processed/legacy_xbrl/q4quarter_all/AMP/AMP_q4quarter.csv,4379,True,83e293d1fa6ea8aeca3abf1aef3007e6e55a4217f3fd57c0a82b2912195f4bcd
data/processed/legacy_xbrl/q4quarter_all/AMP/AMP_q4quarter.parquet,16082,True,02dec7b2c1b68b6d96baa3083357b803fd956e85a5b0a28c61c36afd50102bf0
data/processed/legacy_xbrl/q4quarter_all/AMP/AMP_q4quarter_summary.csv,794,True,f8f2a8d019a296d3d80bb98931eb2292681547493cc0cb9879316155f09b4c5a
data/processed/legacy_xbrl/q4quarter_all/AMP/AMP_q4quarter_summary.parquet,2948,True,720929974fbee3cda88bb64c6c7b11d34cb3903f267e97c48a48d658b531e53f
data/processed/legacy_xbrl/q4quarter_all/AMT/AMT_q4quarter.csv,5053,True,adcf404af3d142976871201d3fea1bb0d6895a92e1d5ae0b955fcfdc61203285
data/processed/legacy_xbrl/q4quarter_all/AMT/AMT_q4quarter.parquet,19431,True,fc0a276208aae05a0aeb6396570650af4e091f97df4e16de84a833e858bec221
data/processed/legacy_xbrl/q4quarter_all/AMT/AMT_q4quarter_summary.csv,794,True,8fdbc3946b97a20696a7569bc877477f8cc9af4dd35e2f7eb2d4592123f64072
data/processed/legacy_xbrl/q4quarter_all/AMT/AMT_q4quarter_summary.parquet,2974,True,809c5e89461eb7614419938f3cdd3a1b4e7baba15457b74d1487abd4ffeb8ac1
data/processed/legacy_xbrl/q4quarter_all/AMZN/AMZN_q4quarter.csv,5800,True,f42ab64699ba79dc3ee818e09d2fac58b19c37f32526fac500cf4713d83d3875
data/processed/legacy_xbrl/q4quarter_all/AMZN/AMZN_q4quarter.parquet,20944,True,0c19ccf9223625e8a9330a74e96286cf3b94e5840236ab4447dc380944f6934d
data/processed/legacy_xbrl/q4quarter_all/AMZN/AMZN_q4quarter_summary.csv,810,True,0f08ff7fed4dbd7511d107355b8d88c566629da184ee848a7ece8ec7a8964849
data/processed/legacy_xbrl/q4quarter_all/AMZN/AMZN_q4quarter_summary.parquet,2948,True,b157a22b54f9c491e2044ed86a76bebce8db4cb3d760a94bcac7ba031684451b
data/processed/legacy_xbrl/q4quarter_all/ANET/ANET_q4quarter.csv,4052,True,0bc1332bf89e791deda51a08ee2f9f8799b20fd38c18792e3de54119a5ead5bd
data/processed/legacy_xbrl/q4quarter_all/ANET/ANET_q4quarter.parquet,20237,True,cccd70dd65d1eab06a60f25d3b2e98a1457b3f0a0c98e6167d745f5f1d249a4a
data/processed/legacy_xbrl/q4quarter_all/ANET/ANET_q4quarter_summary.csv,565,True,765e820dc1a510899001da7562b72d8e7692733103180bb932c262be8f16a204
data/processed/legacy_xbrl/q4quarter_all/ANET/ANET_q4quarter_summary.parquet,2908,True,648cfecc91c2214b5e3d5d9cc833ec0ff1bc244df4e7ab46662e3b364ae8b205
data/processed/legacy_xbrl/q4quarter_all/ANSS/ANSS_q4quarter.csv,4638,True,e591240e4c596c4f23797b6f52082cf47150d90488f04d5fd621ae2d42ebd733
data/processed/legacy_xbrl/q4quarter_all/ANSS/ANSS_q4quarter.parquet,18005,True,1a291c58fcb3006de5d3cc4a6e8333767212d67dc4b72314370cf1e2c3442644
data/processed/legacy_xbrl/q4quarter_all/ANSS/ANSS_q4quarter_summary.csv,809,True,396ff273efeda6d539c4493dbfda369074c2987952afc2c5b53c16fbaeb0525f
data/processed/legacy_xbrl/q4quarter_all/ANSS/ANSS_q4quarter_summary.parquet,2947,True,366a5880e310aaa0cf8d7db43bea3a76177ff494da7669a7ecf0a0b254588797
data/processed/legacy_xbrl/q4quarter_all/AON/AON_q4quarter.csv,5400,True,619c77c163d460e2eddda33e5153610018e9b67d0160cdf10b58f56d8f0d8d43
data/processed/legacy_xbrl/q4quarter_all/AON/AON_q4quarter.parquet,18969,True,2137ca68a0c04448e121521b2199035eb625da8b625731bea7463ed6d9e3c5de
data/processed/legacy_xbrl/q4quarter_all/AON/AON_q4quarter_summary.csv,794,True,7591c211c18f068d8e87c11f7bf2fb6c9ae01e8ceff14f1a268fd560849afe05
data/processed/legacy_xbrl/q4quarter_all/AON/AON_q4quarter_summary.parquet,2981,True,c660d9e16e60d340a6c9d026673f9b1afecbb4a0205ac9faf344f893390c5b56
data/processed/legacy_xbrl/q4quarter_all/APD/APD_q4quarter.csv,5473,True,71d3336ac3af7da90341eaebc964fced0356931e39c0132314a5c4e6aba87c6e
data/processed/legacy_xbrl/q4quarter_all/APD/APD_q4quarter.parquet,20887,True,f9cb59e97c7937215b9502a203f87ea38d83dd2030257305fa858c62d730cadb
data/processed/legacy_xbrl/q4quarter_all/APD/APD_q4quarter_summary.csv,794,True,e4a7bfaf2947e0f4c1d32ccfdc733436407558cb6caac0bdf778afb978ceae3a
data/processed/legacy_xbrl/q4quarter_all/APD/APD_q4quarter_summary.parquet,2972,True,ab9b87e22f1f93608a770298ae36aad42daa5e72171734234c08f0a258b9cd59
data/processed/legacy_xbrl/q4quarter_all/APH/APH_q4quarter.csv,5735,True,f8a80cff95842c7585f35ad36977856307d4cbd4ec523e07ad44c77f787f0f67
data/processed/legacy_xbrl/q4quarter_all/APH/APH_q4quarter.parquet,20989,True,252d3f613ac5b25e912f45915942427b70a08ba12ccc3088c3ba33f68d15a9e6
data/processed/legacy_xbrl/q4quarter_all/APH/APH_q4quarter_summary.csv,794,True,14316c8f754af90a5393bf1b70d163b5d410ee3ea766fbd8f54b4754732dfb37
data/processed/legacy_xbrl/q4quarter_all/APH/APH_q4quarter_summary.parquet,2988,True,f67be883f5fde790ea8f6c5f5366c76e6e5f55bee1cbef2d2067da56b8f90650
data/processed/legacy_xbrl/q4quarter_all/APP/APP_q4quarter.csv,1681,True,5c614e7470905696ed6e5e9d17761072ebd3a3cd27d69da33f6c866a27ab3deb
data/processed/legacy_xbrl/q4quarter_all/APP/APP_q4quarter.parquet,17638,True,8492f1d7e8e7df61253b22222aa5812e42e631356754c3ccb86647705a500cdd
data/processed/legacy_xbrl/q4quarter_all/APP/APP_q4quarter_summary.csv,218,True,6f6cd9292de26a1486f649cb2ab19990a4f8133feaac4a66389600ed53654623
data/processed/legacy_xbrl/q4quarter_all/APP/APP_q4quarter_summary.parquet,2812,True,da50be4d73676b09cfb1d90b13b8f76b6dc7591bd789481a18fa2dbe64a1c78a
data/processed/legacy_xbrl/q4quarter_all/AVGO/AVGO_q4quarter.csv,2872,True,09e97374e99311362a058badd2f30d8c727730fb5ea88a4f8cd19ffbdfa31a49
data/processed/legacy_xbrl/q4quarter_all/AVGO/AVGO_q4quarter.parquet,18688,True,6bd3b2e54b04a0703c0935c6ecd729f768f9044fa578a1cfa7246e828ab6dcfb
data/processed/legacy_xbrl/q4quarter_all/AVGO/AVGO_q4quarter_summary.csv,369,True,43dd6371c1777cd5dccad778ae77a3ac24b43933b06e904e220f7d5fff558df1
data/processed/legacy_xbrl/q4quarter_all/AVGO/AVGO_q4quarter_summary.parquet,2868,True,2d5a0a19d3b7cbb7af0b6647d8c45caa23269c6a6d4f7dc68dedca4c24e50e94
data/processed/legacy_xbrl/q4quarter_all/AXON/AXON_q4quarter.csv,4554,True,697b05df26b5df9d53b7f1512189286de93558d50997cdeb323ce1c83bbd6113
data/processed/legacy_xbrl/q4quarter_all/AXON/AXON_q4quarter.parquet,20622,True,781c22e0553a43a5af066385b24aa0a818ef3b18cb82ad7ad857a31cec67dcac
data/processed/legacy_xbrl/q4quarter_all/AXON/AXON_q4quarter_summary.csv,808,True,466a17bb5a9fa93831daea92fdd675b873fb11a0312a417c8b98dba6d11a2c8a
data/processed/legacy_xbrl/q4quarter_all/AXON/AXON_q4quarter_summary.parquet,2995,True,c719615285109b82381fc3805d52dac95bdcc0398119c4cb8ef4dbd4832a2aa0
data/processed/legacy_xbrl/q4quarter_all/AXP/AXP_q4quarter.csv,3853,True,69167a16ae62b565e85a8b4e923e7f31dc4ec9964d5e4b85944bdc5ecb33b07d
data/processed/legacy_xbrl/q4quarter_all/AXP/AXP_q4quarter.parquet,14907,True,928ecb5c98972b75b5a3e1378fa756d60eaa02b7a76627592354b647d68f19ed
data/processed/legacy_xbrl/q4quarter_all/AXP/AXP_q4quarter_summary.csv,794,True,32ad10da86d8d93801d03b6c5dd5bd44b028f476a8bf1a4739e7d262299aad3a
data/processed/legacy_xbrl/q4quarter_all/AXP/AXP_q4quarter_summary.parquet,2973,True,db6e64a0531d692cec7fc1eaf15e3d4042cfe07825eddde6c11eb44943fb158a
data/processed/legacy_xbrl/q4quarter_all/AZO/AZO_q4quarter.csv,4854,True,a8b01b679b3a5a54622bce6d453bb5f736341bf3b009654adb84adff091f5a60
data/processed/legacy_xbrl/q4quarter_all/AZO/AZO_q4quarter.parquet,19376,True,6187a3f932eac7735a0fa5ee3ebfdbff98f752c62fb26a65fb3eee3774aef23c
data/processed/legacy_xbrl/q4quarter_all/AZO/AZO_q4quarter_summary.csv,793,True,f0810e4a883c40d049fbce4b2d78c37622d05ac866f967dad06c7c9a1b1974ff
data/processed/legacy_xbrl/q4quarter_all/AZO/AZO_q4quarter_summary.parquet,2999,True,3bba3d26da852c04d05fdf304eb27b597af91fde0b6cbb80c130636e3f43726e
data/processed/legacy_xbrl/q4quarter_all/BA/BA_q4quarter.csv,6289,True,e21d045882ab7677a57f61c226b3e5b94917a066c5cb44800a0cc56eb608b5e5
data/processed/legacy_xbrl/q4quarter_all/BA/BA_q4quarter.parquet,21804,True,250d92d350acf06a977ed81f9c11a698fd8cfbe5a05521bf2316dc83c2283208
data/processed/legacy_xbrl/q4quarter_all/BA/BA_q4quarter_summary.csv,778,True,ee5e0e46642ecbea3de9906396aaa49e5e2afa3796f4f531a8306c62e24b2195
data/processed/legacy_xbrl/q4quarter_all/BA/BA_q4quarter_summary.parquet,2939,True,06de6d61d2e3afceff18f01ee40d7f7fc82d1ec9fb9237ab2c8b0beb7557a59c
data/processed/legacy_xbrl/q4quarter_all/BAC/BAC_q4quarter.csv,4545,True,5e99272ef45b4b429510bfaad9dd77334c5cdd81e39c35401aebfb29be478631
data/processed/legacy_xbrl/q4quarter_all/BAC/BAC_q4quarter.parquet,14776,True,f020a6ee279351c62b9db66f407c8868370c8037734d630a7e15a283487c3a4a
data/processed/legacy_xbrl/q4quarter_all/BAC/BAC_q4quarter_summary.csv,794,True,67b378c65bbb827acfed1dc959d5f52340d43406f7aaeed171ae22a58c11fcb3
data/processed/legacy_xbrl/q4quarter_all/BAC/BAC_q4quarter_summary.parquet,2953,True,ff51481c46fcf97bce945b5b52d23d4066beb27c4edc23961edf971cd2ab1e14
data/processed/legacy_xbrl/q4quarter_all/BDX/BDX_q4quarter.csv,5157,True,7add7179db6fa48dddd0424c68210508f6887726cf55c1552e8467a98b9934f4
data/processed/legacy_xbrl/q4quarter_all/BDX/BDX_q4quarter.parquet,20039,True,f4a60c757ac9d47395d1bf0f44e68e73cfe1a80cf52a6e395ad44f7098cfe792
data/processed/legacy_xbrl/q4quarter_all/BDX/BDX_q4quarter_summary.csv,794,True,1440dbfa8aa052bbaf57975312f4be05d531c524a9a1edfd3447fbc440ad8a52
data/processed/legacy_xbrl/q4quarter_all/BDX/BDX_q4quarter_summary.parquet,3004,True,9a11c2060889867af5219581b6dd72656dfe84009edbc75ea7bf0af8a1b22b00
data/processed/legacy_xbrl/q4quarter_all/BIIB/BIIB_q4quarter.csv,6062,True,89269676766e4981de90ae2838b0da24f966f51e778b054162ebf16070a7b65a
data/processed/legacy_xbrl/q4quarter_all/BIIB/BIIB_q4quarter.parquet,21798,True,da8aabe509e29b42af16f921003b70465c6e9bd10b477761e51c11a7e0949582
data/processed/legacy_xbrl/q4quarter_all/BIIB/BIIB_q4quarter_summary.csv,810,True,a0b831277c41786aec2619215a6a0d48d64134af69e02f705b5c84357a9d7a67
data/processed/legacy_xbrl/q4quarter_all/BIIB/BIIB_q4quarter_summary.parquet,2970,True,9e8fcd08b91afd4ed9d7d8d74a84128e514b29bcb6251f8d33e56ca0aa67bc81
data/processed/legacy_xbrl/q4quarter_all/BK/BK_q4quarter.csv,4429,True,097d2047baf11658e44e036e47957fe1253cfb5af1f38dbf52d0f0b5d0e00ab5
data/processed/legacy_xbrl/q4quarter_all/BK/BK_q4quarter.parquet,14598,True,915f0804f958e579d110f38e77ab929640fb8ab1e2b2f8a219ab1e4ac8743c19
data/processed/legacy_xbrl/q4quarter_all/BK/BK_q4quarter_summary.csv,778,True,c5a71bf53a5d993aeef6263ef91cd81c322e7741102f437359e4092d025fee62
data/processed/legacy_xbrl/q4quarter_all/BK/BK_q4quarter_summary.parquet,2971,True,a79d0f28f662672cc9896acbebedcb22abeb64f3be0f6e183e0f361428d6eb41
data/processed/legacy_xbrl/q4quarter_all/BKNG/BKNG_q4quarter.csv,4593,True,d233975d7d17667e4999529ea57e298f4fef8465d234b86c4aab10e538a86a77
data/processed/legacy_xbrl/q4quarter_all/BKNG/BKNG_q4quarter.parquet,19218,True,212f3743b69c4bcc331c84764084c146d335cf7527e98fd9f09741eb96c716a3
data/processed/legacy_xbrl/q4quarter_all/BKNG/BKNG_q4quarter_summary.csv,809,True,3542ed18b66efc3f78f57a6c9e286af71f0f00d3f1f1c3d7289858bf8d694e8c
data/processed/legacy_xbrl/q4quarter_all/BKNG/BKNG_q4quarter_summary.parquet,2957,True,14a09d35494181f72db8b0687a8fdd93ce9bb5f64773e589b094a994e60381dd
data/processed/legacy_xbrl/q4quarter_all/BKR/BKR_q4quarter.csv,2859,True,c2ba53ed1f8e6b731443144c24a7b5460edb52265e0efa3798784dee4fec428a
data/processed/legacy_xbrl/q4quarter_all/BKR/BKR_q4quarter.parquet,18809,True,1b611c8493af3e8b4bb2f38762213d47adcfc47e84e03028abb7a587398cfea0
data/processed/legacy_xbrl/q4quarter_all/BKR/BKR_q4quarter_summary.csv,410,True,65e72372f3cc764304b8a1620f62cb4e5387d63052c00c5fa3713364110c748d
data/processed/legacy_xbrl/q4quarter_all/BKR/BKR_q4quarter_summary.parquet,2868,True,e1487ebb865606e44558949b6fb1c3251de35ea0d8a9f62755171a41b1ae2bb9
data/processed/legacy_xbrl/q4quarter_all/BLK/BLK_q4quarter.csv,542,True,4e12329b37aeba51a5d0ca808a99f14bae3f0c593e19ff87f07f544ff58d08a4
data/processed/legacy_xbrl/q4quarter_all/BLK/BLK_q4quarter.parquet,12571,True,d20839dfc646ad6720f74b95ec9e85f1e56c9a763811380f7152dd0072f72162
data/processed/legacy_xbrl/q4quarter_all/BLK/BLK_q4quarter_summary.csv,74,True,ecb26fe1431c2d21b78cda53ff08fb893a2a7f908ca6c12c32e3ecf8216366fa
data/processed/legacy_xbrl/q4quarter_all/BLK/BLK_q4quarter_summary.parquet,2770,True,ed59df316de305bf79db7fb8ef5241db03abff00e89f75e1db3ae7ac6fe2e424
data/processed/legacy_xbrl/q4quarter_all/BMY/BMY_q4quarter.csv,5727,True,511c88612f7370961a66d87c38a6da2840cb7484d683c4e14b500faa208be739
data/processed/legacy_xbrl/q4quarter_all/BMY/BMY_q4quarter.parquet,21589,True,86efa40d3c1e272ebb333a91ff254079d22d93e1a04d393d4db84864962c9cd1
data/processed/legacy_xbrl/q4quarter_all/BMY/BMY_q4quarter_summary.csv,794,True,3527c5cd8c3e00f32ce00c223d4703f9fdd3313af0f65f131dfbdf62113b5577
data/processed/legacy_xbrl/q4quarter_all/BMY/BMY_q4quarter_summary.parquet,2966,True,95b587cb0e02e9d605726bf89aca1fb5beb3913263d69a4e662de97e72200fe6
data/processed/legacy_xbrl/q4quarter_all/BRK-B/BRK-B_q4quarter.csv,4899,True,7f52a080d7f3999b6c8b36804fcaa07b759022a8dccf22b9b25335ebdabd6317
data/processed/legacy_xbrl/q4quarter_all/BRK-B/BRK-B_q4quarter.parquet,17465,True,adfb928c4ad080a80e5399b5059037712f3425144f04fd2124bd18dbd309b051
data/processed/legacy_xbrl/q4quarter_all/BRK-B/BRK-B_q4quarter_summary.csv,826,True,897b83cf906c4f61f213a1d253ec999aff602e693b01a95d319361f88c29d1d7
data/processed/legacy_xbrl/q4quarter_all/BRK-B/BRK-B_q4quarter_summary.parquet,3011,True,7976974d1bf4ed4c004ac9cc4100a7df761974ffb5e0daed5deaab411bc0a76b
data/processed/legacy_xbrl/q4quarter_all/BSX/BSX_q4quarter.csv,5100,True,cb175db9fa4cbc4e1c0d062e9c20c71e8340f9e6f68a1eae9f8c9a2fbebd3dac
data/processed/legacy_xbrl/q4quarter_all/BSX/BSX_q4quarter.parquet,19332,True,669d60badc0d70babc5ada1f0e27c6b26547a2dcff26f4f7b40442d02f37487e
data/processed/legacy_xbrl/q4quarter_all/BSX/BSX_q4quarter_summary.csv,794,True,4cb5b4283330e9caf79857dd73354345d72edd29473d294158183437fc4bed72
data/processed/legacy_xbrl/q4quarter_all/BSX/BSX_q4quarter_summary.parquet,2945,True,14caccbf010fe223516028520e8bfc1caed5dd5783e811573e0feba53ee5c7d7
data/processed/legacy_xbrl/q4quarter_all/BX/BX_q4quarter.csv,3753,True,529f201675acdde5cf23698790fa21d56819334f5620f9e83a211cdd8043d51c
data/processed/legacy_xbrl/q4quarter_all/BX/BX_q4quarter.parquet,14968,True,52b221412c5bc6fbad1ae91c8587ddb814aa90afa8c8008bc13a5a2c2d5d1111
data/processed/legacy_xbrl/q4quarter_all/BX/BX_q4quarter_summary.csv,777,True,77dfc8e430477f85edd4580fae46cb588569efc27956b3f24edea4e4f4310ee9
data/processed/legacy_xbrl/q4quarter_all/BX/BX_q4quarter_summary.parquet,2981,True,ad511c9ddb761b630ca9cc33a036e02b4eb24ed1e1222fcfe5bc2fad0c1e9fd8
data/processed/legacy_xbrl/q4quarter_all/C/C_q4quarter.csv,3603,True,42cf28bfe8dbbeebe0e0dcda467b2a4d5d0a9fffa5e1a2c087d842f606a541d0
data/processed/legacy_xbrl/q4quarter_all/C/C_q4quarter.parquet,14766,True,20dad8a07f107781615b8e674c83d25a2d269a7928294956ec3edffa66b6f6f7
data/processed/legacy_xbrl/q4quarter_all/C/C_q4quarter_summary.csv,762,True,fa09a9a428d78ed581e920ba053063e69bb5b1b1344a44b02ecc8826d047cdf7
data/processed/legacy_xbrl/q4quarter_all/C/C_q4quarter_summary.parquet,2962,True,39f99154663be4ce79cc2177d2dbe818f71c4693663d0b0c6697e95713ffcf51
data/processed/legacy_xbrl/q4quarter_all/CARR/CARR_q4quarter.csv,2074,True,83a3865cd97b5b3d578b0eb038770a2a5a55e2503e7d7bc40d896bc1a137698b
data/processed/legacy_xbrl/q4quarter_all/CARR/CARR_q4quarter.parquet,17191,True,9b2e5c0bbde5e02e76f8772ccafc66ed8200a3f45ebd3efe555cba54351306e5
data/processed/legacy_xbrl/q4quarter_all/CARR/CARR_q4quarter_summary.csv,271,True,8ea74ad9badccb3be8bd19053422ba5ac29d28ac1864e35dc476df6a8095aae1
data/processed/legacy_xbrl/q4quarter_all/CARR/CARR_q4quarter_summary.parquet,2829,True,0216dde8c6ceb36304b93aea643285457ec7b7e64cf69d789fc4523a0a0cd9a7
data/processed/legacy_xbrl/q4quarter_all/CAT/CAT_q4quarter.csv,5444,True,dc10cb8c083eb3dd0d7bc7b94e2881d5f3646b89e4ba31eb27ccef8516d69de4
data/processed/legacy_xbrl/q4quarter_all/CAT/CAT_q4quarter.parquet,20878,True,132011e219beeb27a035bea5df561dcf644a1bf7e03f72deddb238021e4d0e27
data/processed/legacy_xbrl/q4quarter_all/CAT/CAT_q4quarter_summary.csv,794,True,925576d0bbb7b60593f0ed3ef347a9e4d23d2057fcf62bafa50e7756716aa3dc
data/processed/legacy_xbrl/q4quarter_all/CAT/CAT_q4quarter_summary.parquet,2954,True,0855edeeadb35f8b752d1b9469717937ebb38479935758aacd92627a1b21660f
data/processed/legacy_xbrl/q4quarter_all/CB/CB_q4quarter.csv,3927,True,d74ae974feb78c46823bb53474b2cc902109399e5e0c71f3f02f8f138662d552
data/processed/legacy_xbrl/q4quarter_all/CB/CB_q4quarter.parquet,13854,True,4deaec62779607125b21da75f7bcdbc07eb3e505d33839ccc7fe6379572d38f0
data/processed/legacy_xbrl/q4quarter_all/CB/CB_q4quarter_summary.csv,778,True,31f65775f0b209d01b9daf6aecb5faed2dc9e651a281ce6cf9b295897962207a
data/processed/legacy_xbrl/q4quarter_all/CB/CB_q4quarter_summary.parquet,2929,True,0d98bc40d5c261735345a58c455cc91ce9bed3000c02100e8074da5679c6dfa8
data/processed/legacy_xbrl/q4quarter_all/CDNS/CDNS_q4quarter.csv,5089,True,4c4c5508bee565cbf84adfe9be77402c68c6ebccad204510bf9f332293399e89
data/processed/legacy_xbrl/q4quarter_all/CDNS/CDNS_q4quarter.parquet,20028,True,0587bf882da39a2c67741abd47aedba57616352fc506656dcc14f3af7e152569
data/processed/legacy_xbrl/q4quarter_all/CDNS/CDNS_q4quarter_summary.csv,809,True,1a9df20c6a41c8fc5eb0406e1cb3680fa351289c3e8c11264f2ec8f0b9cfce25
data/processed/legacy_xbrl/q4quarter_all/CDNS/CDNS_q4quarter_summary.parquet,2951,True,2b1af9d24457a3285cec6d9463dfebdee929a5a30508e2d28d47a008bb316137
data/processed/legacy_xbrl/q4quarter_all/CDW/CDW_q4quarter.csv,4653,True,73061992383361e6aed334beb640a305750ccc9904d5e5d62e72777da30b0f60
data/processed/legacy_xbrl/q4quarter_all/CDW/CDW_q4quarter.parquet,19768,True,44aeee0c7a26c363f7bd069d905fa89b12ef51446b49281efc57541b8d1f69b7
data/processed/legacy_xbrl/q4quarter_all/CDW/CDW_q4quarter_summary.csv,745,True,aca1926d73cc6647b7fe50eaaa1675b508ed54399951141f41b28a9ac47d5178
data/processed/legacy_xbrl/q4quarter_all/CDW/CDW_q4quarter_summary.parquet,2947,True,3f09d244cb52cd0c0077e873c44d06c0f4c638d54937bbded41e0bde2e116238
data/processed/legacy_xbrl/q4quarter_all/CEG/CEG_q4quarter.csv,1444,True,2e84b1d7bd52d961bd3ed8c476d0c764a3e8a47e4bf090eb74a2847ab0f535ef
data/processed/legacy_xbrl/q4quarter_all/CEG/CEG_q4quarter.parquet,16203,True,d51cd5e2ff6b53dd5954c15eeff59cc8fa7907a7ee39c3e76058c9fafff155db
data/processed/legacy_xbrl/q4quarter_all/CEG/CEG_q4quarter_summary.csv,218,True,9a6f4377d0b5d8e71e6173a0dd2d815ac5941de319063301220e5e5dd72aa07e
data/processed/legacy_xbrl/q4quarter_all/CEG/CEG_q4quarter_summary.parquet,2809,True,a044830218531d6ad8e329fd529570fc0711ee85e991ae9357fccbefaae48e8e
data/processed/legacy_xbrl/q4quarter_all/CHTR/CHTR_q4quarter.csv,4475,True,87a8f104818bd0881d8d833a7056659d72071be5ade140eef01cfec2c01b7d56
data/processed/legacy_xbrl/q4quarter_all/CHTR/CHTR_q4quarter.parquet,17841,True,5cab9764dfcbe64ac54f6cd8441947dc051a25b7e316baad2041972ff6a7aa2a
data/processed/legacy_xbrl/q4quarter_all/CHTR/CHTR_q4quarter_summary.csv,808,True,1c7bbe5942769f4fe4ca2b10e01b04d30333f8fde870f8ee09eefc0c899d4c8b
data/processed/legacy_xbrl/q4quarter_all/CHTR/CHTR_q4quarter_summary.parquet,2940,True,15bf36950c96395b3caea95431714e4815778f8b97793f154f4561827074deab
data/processed/legacy_xbrl/q4quarter_all/CI/CI_q4quarter.csv,2373,True,ea93259c9348c6ca578f3281242e2350485fa37994f1db2d85e7c4317fde1a3c
data/processed/legacy_xbrl/q4quarter_all/CI/CI_q4quarter.parquet,16084,True,bcc5ff9b0b310564347d120217cf68f3a5becb4f9a25ce61c5af5606cee23d68
data/processed/legacy_xbrl/q4quarter_all/CI/CI_q4quarter_summary.csv,355,True,166ca42bb7937978d490861c2fc4f06f4b54168caec1a465b5ca9a23fb27d301
data/processed/legacy_xbrl/q4quarter_all/CI/CI_q4quarter_summary.parquet,2847,True,cda9755b0698a403aa21ee9fb6e20d0c37b1a09ab976a5d4979c1c8e3232d085
data/processed/legacy_xbrl/q4quarter_all/CL/CL_q4quarter.csv,6168,True,7f538c35479f18b265819b934e877b4406ecf7765cacf92b275d43b3779dd41d
data/processed/legacy_xbrl/q4quarter_all/CL/CL_q4quarter.parquet,21764,True,ea659c71062a757aea4d5e86874b483ae445ae233e06273caa75625eee015a6c
data/processed/legacy_xbrl/q4quarter_all/CL/CL_q4quarter_summary.csv,778,True,369b9802ef3fa2106ef236a535bb49dbf4fd6b704ad8fa1931e7169d7b20656b
data/processed/legacy_xbrl/q4quarter_all/CL/CL_q4quarter_summary.parquet,2961,True,7f9948b2ea767520a7d23d91b7e13faf9b24b6f023679908356b541710805938
data/processed/legacy_xbrl/q4quarter_all/CMCSA/CMCSA_q4quarter.csv,5404,True,4e314c38c871061c2d0f1b004d8fe6e495cefc38c89f219c01d4d8e586195185
data/processed/legacy_xbrl/q4quarter_all/CMCSA/CMCSA_q4quarter.parquet,18964,True,0d1cd72ef226694465bc1b1b9d84b2362cf75f73c9b9f4727b85a33aa2825433
data/processed/legacy_xbrl/q4quarter_all/CMCSA/CMCSA_q4quarter_summary.csv,826,True,183eb287a1e37cda8a4455617baa78689c6c11e77e1dcecddb5dd19bae0ae502
data/processed/legacy_xbrl/q4quarter_all/CMCSA/CMCSA_q4quarter_summary.parquet,2979,True,5da7d158780dff45cd7bbaa9ace0e475f231f9fc6b820fc002ff5ec9659b5696
data/processed/legacy_xbrl/q4quarter_all/CME/CME_q4quarter.csv,5266,True,29c61fb8abc58dbf3d49f69fc96d7746caf187283d5ad311e2c8485a8defc38a
data/processed/legacy_xbrl/q4quarter_all/CME/CME_q4quarter.parquet,18257,True,bf761b729e4bfc27cfda1d41709e85f6e7a3af2b588609536aff27ad2639ab4d
data/processed/legacy_xbrl/q4quarter_all/CME/CME_q4quarter_summary.csv,794,True,6c92aa9793e86c9274234292e4d95993d08794098c8626bf07bbf17ab650f804
data/processed/legacy_xbrl/q4quarter_all/CME/CME_q4quarter_summary.parquet,2938,True,433334d711d02bb8ad2d3f795c6c403f60f295f40228a2953664e691c5a93850
data/processed/legacy_xbrl/q4quarter_all/CMG/CMG_q4quarter.csv,4891,True,254d3aedef8d7cdb876af6297bc1bdca73b74dc8e80f05eb251bc89366d1ec60
data/processed/legacy_xbrl/q4quarter_all/CMG/CMG_q4quarter.parquet,19375,True,0f67049a4c1ad30c9152beb3147d32fcbae6099b6a2b099bf9240eeef88c83a9
data/processed/legacy_xbrl/q4quarter_all/CMG/CMG_q4quarter_summary.csv,793,True,21c18a4d5a2440e35c29d648b02fa37ae61473965de3a544f8ff8ac81c8c12f6
data/processed/legacy_xbrl/q4quarter_all/CMG/CMG_q4quarter_summary.parquet,2978,True,6007282f4e45a55f3892e5d622405d4c53adfac4ae6a11b72a003706d705dfba
data/processed/legacy_xbrl/q4quarter_all/CMI/CMI_q4quarter.csv,5609,True,6aed5fde28d081ec671eba4d8054e87471c4b7dd61dd33d85c58d2bcba316f76
data/processed/legacy_xbrl/q4quarter_all/CMI/CMI_q4quarter.parquet,20190,True,9760e9925f35e34931021aaa93982aab6f76d553fe54182a736b337d12a9cdc7
data/processed/legacy_xbrl/q4quarter_all/CMI/CMI_q4quarter_summary.csv,794,True,57f5c18bd23cf4c3a69daaf3ae63811983663ee63dea6e02a58358d80573af51
data/processed/legacy_xbrl/q4quarter_all/CMI/CMI_q4quarter_summary.parquet,2934,True,8ef252a965c2aaa5184c115daa7f8495d56c646ec8c448c653f4a288c34d3016
data/processed/legacy_xbrl/q4quarter_all/COF/COF_q4quarter.csv,3981,True,30202a9dacaeae9943d7b0874b174371435dc1cdd8d79aeb0fa0b3d50f7e0b94
data/processed/legacy_xbrl/q4quarter_all/COF/COF_q4quarter.parquet,15093,True,234002c3e9a12b6cc0cb079ffecbd0f51fef42ef6ae3e36e3f6893ceeff5e230
data/processed/legacy_xbrl/q4quarter_all/COF/COF_q4quarter_summary.csv,793,True,4158d6a2440792845bea846f79a8ddfb00df903cb313dbe8b40044c45100292b
data/processed/legacy_xbrl/q4quarter_all/COF/COF_q4quarter_summary.parquet,2979,True,643c691ef391d64e05de2cfdcf7e7a414f4ff822e9916f302331bb473d6f6e98
data/processed/legacy_xbrl/q4quarter_all/COP/COP_q4quarter.csv,5151,True,9634658afded5ed9a4bea242d31a9f2269e5bac696934764c5418e7edce54c1b
data/processed/legacy_xbrl/q4quarter_all/COP/COP_q4quarter.parquet,18817,True,aa6dcdfe324bc1c6a65ee83b902da7fc1efbca33cf580459778e1d5b8801bc91
data/processed/legacy_xbrl/q4quarter_all/COP/COP_q4quarter_summary.csv,794,True,af7099518796610676befe098555a2065096a9116da029f4039202d7c941a603
data/processed/legacy_xbrl/q4quarter_all/COP/COP_q4quarter_summary.parquet,3005,True,b974361a3f4ea7eaa739e373b7fd536d711b65c89ba82ffc0c42f40716744e1c
data/processed/legacy_xbrl/q4quarter_all/COR/COR_q4quarter.csv,5613,True,5cfe4e7afa083e3fbba7bcdfe1bd5443c821da9782f4fa7cb59f9c9c6eb4c0ff
data/processed/legacy_xbrl/q4quarter_all/COR/COR_q4quarter.parquet,19879,True,85a1aa9e2079240dce5ebb346dfdb6e8b5517be78b7118b5981a7ba5b6b19d4d
data/processed/legacy_xbrl/q4quarter_all/COR/COR_q4quarter_summary.csv,794,True,a2ab71895ebd95bc65c14b12b68c91794fa9d677898f6029e6ba8b5afb378d24
data/processed/legacy_xbrl/q4quarter_all/COR/COR_q4quarter_summary.parquet,2985,True,b421cf333e396fd6c32535e9e73cdee42c8aab4d3bc7cde9d30ba06035acca25
data/processed/legacy_xbrl/q4quarter_all/COST/COST_q4quarter.csv,5093,True,de14dc36cf7539de94251cb580240c8563cef90dff9a7a4b00bdb769d4053c29
data/processed/legacy_xbrl/q4quarter_all/COST/COST_q4quarter.parquet,19379,True,92b92868f7294b5f83690ebda3f311f7089e383de1665dfbb1d6bf3674c6ef52
data/processed/legacy_xbrl/q4quarter_all/COST/COST_q4quarter_summary.csv,809,True,dc4c33d95540ffe6be72fda95c059490dcf3ae45e3c9f2c214810bf232cb6313
data/processed/legacy_xbrl/q4quarter_all/COST/COST_q4quarter_summary.parquet,2985,True,6da6da278375ac270f6fd64f59e1e950973acb1ecfd0b74fd4f205093e1712b0
data/processed/legacy_xbrl/q4quarter_all/CPRT/CPRT_q4quarter.csv,4211,True,870a364c987ff68cd2e53577a6f8e3073401a3e6d36ee71c392d37ac0344a089
data/processed/legacy_xbrl/q4quarter_all/CPRT/CPRT_q4quarter.parquet,20269,True,f13f0324347607ef974fb223f0cc0ade6b5f1f44fa9d0bf8c7936e2b70795f37
data/processed/legacy_xbrl/q4quarter_all/CPRT/CPRT_q4quarter_summary.csv,807,True,e9cf324c1d73623bd84155e3dbc62a0d6abccbd54287baa5a4d0899fdfc0fcb5
data/processed/legacy_xbrl/q4quarter_all/CPRT/CPRT_q4quarter_summary.parquet,2990,True,5d8a9029d95aa5a4765a0c461f7cce25f40666068ccada6ff800ae2114cdf9f7
data/processed/legacy_xbrl/q4quarter_all/CRM/CRM_q4quarter.csv,5460,True,6bd3eaf7f24b9cf139fa2cbac0611a30e5f7f1c52a0710adf35aef146d148351
data/processed/legacy_xbrl/q4quarter_all/CRM/CRM_q4quarter.parquet,20327,True,655e0bf1f96a52fcb2c91b90f3ca61b4086cc50d7ea864a983b03d5ebffb04c4
data/processed/legacy_xbrl/q4quarter_all/CRM/CRM_q4quarter_summary.csv,794,True,868d1a9548dcd354bbf72bbeaf965a5e32c7328fd8367d8588758cf12d732cdf
data/processed/legacy_xbrl/q4quarter_all/CRM/CRM_q4quarter_summary.parquet,2968,True,a044934fe4d96422653cbdaab6994c8315e411229d482c14ad5bcd9d792c1ebb
data/processed/legacy_xbrl/q4quarter_all/CRWD/CRWD_q4quarter.csv,2133,True,a2198c14c41d9dde9b7fbcbf5525e48b0a70587feab701eb1dca97512cc777b8
data/processed/legacy_xbrl/q4quarter_all/CRWD/CRWD_q4quarter.parquet,16569,True,9c13ded1f03ca2b81800a1d39be388e643e02e5917ecde0e027466bee4cd3890
data/processed/legacy_xbrl/q4quarter_all/CRWD/CRWD_q4quarter_summary.csv,320,True,65e1e12bebacbe13c46851af7736dbe2ec8a56dea191d4de7e02ff2b350adeb4
data/processed/legacy_xbrl/q4quarter_all/CRWD/CRWD_q4quarter_summary.parquet,2845,True,2703ab5194dfae0a8fb6bdc7b31c8aa41e8972a7d1aee38577860c5f0137fbbd
data/processed/legacy_xbrl/q4quarter_all/CSCO/CSCO_q4quarter.csv,5653,True,77f184224b0dcf4110ae933bef7665397bb7d3fd22f4ac50d8037b05051ea6cc
data/processed/legacy_xbrl/q4quarter_all/CSCO/CSCO_q4quarter.parquet,21429,True,dec77509c348454af5aad2ad93831a374948daf953a8d0f2776273af0d7b0a12
data/processed/legacy_xbrl/q4quarter_all/CSCO/CSCO_q4quarter_summary.csv,809,True,54abc068470bee5775f3817e80bc83b37f9b09e427ecfaf9988e1befa014e88a
data/processed/legacy_xbrl/q4quarter_all/CSCO/CSCO_q4quarter_summary.parquet,2962,True,cf0e2bb7ed4d88ec18eee1849f29501ae9be79b13093080c1a83bcb8069746dc
data/processed/legacy_xbrl/q4quarter_all/CSGP/CSGP_q4quarter.csv,4821,True,419167f7f2e33fc810d80d336aca553b93f0dfb62c15956ba2f83fa08b7aa212
data/processed/legacy_xbrl/q4quarter_all/CSGP/CSGP_q4quarter.parquet,20037,True,1c170e32b995048ef369c3deca4a54bccf39d48c1af04c5f9227eaa667d191ff
data/processed/legacy_xbrl/q4quarter_all/CSGP/CSGP_q4quarter_summary.csv,808,True,da419f6ac25a2325707e1e19f37a73518b7b4c0a2ae489908642d9cc3c9b0825
data/processed/legacy_xbrl/q4quarter_all/CSGP/CSGP_q4quarter_summary.parquet,2946,True,9b5243731a7422c391e5b028522a830801ee8faace71ff1476616036249c2b9c
data/processed/legacy_xbrl/q4quarter_all/CSX/CSX_q4quarter.csv,5134,True,4472aa2bdcfe18b7ebec6763119e665516b326bb9a4026cc7f5ad26856ac1d41
data/processed/legacy_xbrl/q4quarter_all/CSX/CSX_q4quarter.parquet,19457,True,8986362abce65c5f3231ead0d561009f014e81c95e178220e9da5f14c9b13cad
data/processed/legacy_xbrl/q4quarter_all/CSX/CSX_q4quarter_summary.csv,794,True,20addcd958f7c5a46d562888ded71994ea2b2b062c5e874ce4ba19874082ad45
data/processed/legacy_xbrl/q4quarter_all/CSX/CSX_q4quarter_summary.parquet,2930,True,93e9a4890fd99300470fb29a6f9743c71448cf7baee4e09535d5f97f6eac0fb3
data/processed/legacy_xbrl/q4quarter_all/CTAS/CTAS_q4quarter.csv,4851,True,966fc824de0e748d5a13dd21278f1f8f6b0102fc1bc569c97670abad6c6b55f9
data/processed/legacy_xbrl/q4quarter_all/CTAS/CTAS_q4quarter.parquet,19961,True,aae7904608049e123ca4240ec99fe45c70db5ff0b4f2800749d140edae8aeb0b
data/processed/legacy_xbrl/q4quarter_all/CTAS/CTAS_q4quarter_summary.csv,808,True,d811b318b1616b215fa662c7e1fc47832779bbb93336be3e23772c91bfff7192
data/processed/legacy_xbrl/q4quarter_all/CTAS/CTAS_q4quarter_summary.parquet,2964,True,0a00389d415473b5465eefab0a3a804eb2bf78e28e0653dae7854aeb690f5ac3
data/processed/legacy_xbrl/q4quarter_all/CTSH/CTSH_q4quarter.csv,5230,True,4ad968a28ac5546828f80f61c48aac8024a39f8095d9443ade33f3542a158a11
data/processed/legacy_xbrl/q4quarter_all/CTSH/CTSH_q4quarter.parquet,18927,True,bda1d83d7979f68379c148eea24472683627eac9bdb498adc50e55fcd3bf0fbc
data/processed/legacy_xbrl/q4quarter_all/CTSH/CTSH_q4quarter_summary.csv,810,True,ef405be9ecd472aafa50fa586f73f2f506312dcde3fd1a1e1117663fc1d70056
data/processed/legacy_xbrl/q4quarter_all/CTSH/CTSH_q4quarter_summary.parquet,2957,True,54162967bfc30fb7515aa14d6da439bac4da3f75904aeed88dc915459048d57c
data/processed/legacy_xbrl/q4quarter_all/CVS/CVS_q4quarter.csv,6063,True,fd30908b9abed08adaf455897c1993638ba6e495eda292ba0204f862b0fde6fa
data/processed/legacy_xbrl/q4quarter_all/CVS/CVS_q4quarter.parquet,20473,True,f177a6ecf0c2329ee3a4acde6d4d20945729b0f33cc7569e92ce8aec1138e487
data/processed/legacy_xbrl/q4quarter_all/CVS/CVS_q4quarter_summary.csv,794,True,b0ac736ea79daacca90bc18cad065adae739d4a02c88eb1035c3e02c08e62fd6
data/processed/legacy_xbrl/q4quarter_all/CVS/CVS_q4quarter_summary.parquet,2973,True,a1c7f0a0c85b9634d1ca80931cf0c90b5d369d94c1bca25065f094939900e41f
data/processed/legacy_xbrl/q4quarter_all/CVX/CVX_q4quarter.csv,5464,True,431c574f9946ed7f8246c4dafb0cee34cd5eb8db1bcfd922ea99315ab12a6bb6
data/processed/legacy_xbrl/q4quarter_all/CVX/CVX_q4quarter.parquet,18999,True,72dbdfabdc20c18999b559c035aacd5758ebb2374872f73a29d96ad0802c8226
data/processed/legacy_xbrl/q4quarter_all/CVX/CVX_q4quarter_summary.csv,794,True,4fb7a15ba1b974d28684bb4df743c6d64ecacb95f504a96d5bef7a5ab5fb050c
data/processed/legacy_xbrl/q4quarter_all/CVX/CVX_q4quarter_summary.parquet,2951,True,5e1a54a064b86f1553808ad7421bb0d7b165ecc74dd61a77afac9183eb735459
data/processed/legacy_xbrl/q4quarter_all/D/D_q4quarter.csv,5481,True,1bd337f5b9de19e11fcaaab02730bdf97388d3dce5f4dc16d7501d63922c3feb
data/processed/legacy_xbrl/q4quarter_all/D/D_q4quarter.parquet,19706,True,e2e9ad784033c99837ff806ad1e282f34d98a5574740947a8cc6935914726bd0
data/processed/legacy_xbrl/q4quarter_all/D/D_q4quarter_summary.csv,762,True,9c7d99e3f4689640e56ab567a03fcc9ce755e443ba8c9e60d2d08e07655633e7
data/processed/legacy_xbrl/q4quarter_all/D/D_q4quarter_summary.parquet,2984,True,9e9224b6e392bbdb38df80ae9314c5a64ce393bb91e364bb797db7c5c0c68528
data/processed/legacy_xbrl/q4quarter_all/DASH/DASH_q4quarter.csv,1789,True,3a1822db947926a71f21284324e5c2de17da87cb4cfc64776c8f48f290f6179e
data/processed/legacy_xbrl/q4quarter_all/DASH/DASH_q4quarter.parquet,16539,True,6f7014d64cc5766ba69056309a6fa8ac8956765daa566d57091a3a05e0268d31
data/processed/legacy_xbrl/q4quarter_all/DASH/DASH_q4quarter_summary.csv,271,True,c339e2e4e6aa58dd722ff024490e1cd7338d52bc0cb9d459272d91e3c106f508
data/processed/legacy_xbrl/q4quarter_all/DASH/DASH_q4quarter_summary.parquet,2841,True,fd1064f27546fd10a472d44ba6ccd623c69f40803306af1784174dfadb9febb6
data/processed/legacy_xbrl/q4quarter_all/DDOG/DDOG_q4quarter.csv,2208,True,eae84e5a49b44ff6aac675826d5c13e1987a983a2735a46771663dc82a5853b7
data/processed/legacy_xbrl/q4quarter_all/DDOG/DDOG_q4quarter.parquet,17287,True,098759b81a6747961d1a9eba34020d37c8a98a473f5209574fe27dbe3b601cc2
data/processed/legacy_xbrl/q4quarter_all/DDOG/DDOG_q4quarter_summary.csv,320,True,981f91c94e5517ef352c271d22f378e0c4beca498f772a2da78966e6c94a39f5
data/processed/legacy_xbrl/q4quarter_all/DDOG/DDOG_q4quarter_summary.parquet,2845,True,d7e389120b8a3b79589698dd6503ac9ef1f19691859f78c7711b4f060dbd2299
data/processed/legacy_xbrl/q4quarter_all/DE/DE_q4quarter.csv,5265,True,e1b1e2945ae9c3f1a2fe6d2b2906acf02c0c04eb47aba202a1c263b82b3444a8
data/processed/legacy_xbrl/q4quarter_all/DE/DE_q4quarter.parquet,19335,True,53e56835dd19fb0b557bf2f836435715103134575ad2dff92087ed7d1194a754
data/processed/legacy_xbrl/q4quarter_all/DE/DE_q4quarter_summary.csv,778,True,6c0753080b1116d76b9e9dfb6aff770605aef789b74c3bf8a4775403139e59de
data/processed/legacy_xbrl/q4quarter_all/DE/DE_q4quarter_summary.parquet,2993,True,c4b378b77c40fdbeaf07ec5595af0f6095e924736923c0ef9e71df9c894f4586
data/processed/legacy_xbrl/q4quarter_all/DELL/DELL_q4quarter.csv,1150,True,2db95f52d459ee4c0d278c76a95ad230660e4a197d85b00dfd1d68c1f2719e26
data/processed/legacy_xbrl/q4quarter_all/DELL/DELL_q4quarter.parquet,18421,True,186675651a5b87e484f89e55b5e643b859e020fbb4423d02e0a44b80bf95d141
data/processed/legacy_xbrl/q4quarter_all/DELL/DELL_q4quarter_summary.csv,124,True,3963bdc70b3304cf62679995d3f3fb0045d7de6d9876dcbaaaa488c6a9edd3fa
data/processed/legacy_xbrl/q4quarter_all/DELL/DELL_q4quarter_summary.parquet,2796,True,1153cb8fa670ca4d664a626bd8213e7486c109f1b4cd1bc165de12cc711893c8
data/processed/legacy_xbrl/q4quarter_all/GS/GS_q4quarter.csv,3611,True,1e159b5430fc60d90d8ca5458be64947f6635d96fcf533fe23d71e1b3b49fed6
data/processed/legacy_xbrl/q4quarter_all/GS/GS_q4quarter.parquet,13472,True,3d417e641f1f2978893f8a206a06e490b6d7eff7ef585ddbefa4edcb373986ad
data/processed/legacy_xbrl/q4quarter_all/GS/GS_q4quarter_summary.csv,778,True,cba0993687d21b8963376c39d676fb16b7a0898bc725764ec5883e51e8d1ca8f
data/processed/legacy_xbrl/q4quarter_all/GS/GS_q4quarter_summary.parquet,2988,True,e0c4294579b81c4aa00e36c530054a0c7fcc544fe690edc41f1297f15f915c86
data/processed/legacy_xbrl/q4quarter_all/GWW/GWW_q4quarter.csv,5387,True,a36352c74385e29abb5f37a234fa2c8cffe07176b427b63fd4350d1704cab0b0
data/processed/legacy_xbrl/q4quarter_all/GWW/GWW_q4quarter.parquet,19664,True,1fddad463e2968252a88ba23e348f4c159cdc76f03b9fecdc6d64e0af61cfd92
data/processed/legacy_xbrl/q4quarter_all/GWW/GWW_q4quarter_summary.csv,794,True,b8b3c7cdd07b4f08ae04077835e2083327c92bcb0b63d9fd78335d772256f43b
data/processed/legacy_xbrl/q4quarter_all/GWW/GWW_q4quarter_summary.parquet,2925,True,d8e1ae643ce9f1b12a16556908729bc4340eda87e962095488817b911c54afe4
data/processed/legacy_xbrl/q4quarter_all/HCA/HCA_q4quarter.csv,4784,True,a35e6b29bf62ed144aa16929da3f132dd37ba419787f3214455b08e39a374e71
data/processed/legacy_xbrl/q4quarter_all/HCA/HCA_q4quarter.parquet,18602,True,f937a5e44cdb81c24776d8738102c88d4dc94ab1ede66d6895309e743ae30b89
data/processed/legacy_xbrl/q4quarter_all/HCA/HCA_q4quarter_summary.csv,792,True,8a30c6b57228e6ed0f06b308cdc9ba27153eb8e02eb42fe7e05d868fd05df52b
data/processed/legacy_xbrl/q4quarter_all/HCA/HCA_q4quarter_summary.parquet,2994,True,ac041263dc61e932d3433669d14f8aee36b6f0fd29c4ab947fd548b96cffc0e5
data/processed/legacy_xbrl/q4quarter_all/HD/HD_q4quarter.csv,5777,True,ff4daf6e3d8bf6976bae265172aa2cd41df27f80394bc726a97f7a5f8869e065
data/processed/legacy_xbrl/q4quarter_all/HD/HD_q4quarter.parquet,20376,True,3b76cab5353f9daf3280d57aca1e921e562bf4232d2507a8d682db4dcefca74e
data/processed/legacy_xbrl/q4quarter_all/HD/HD_q4quarter_summary.csv,778,True,c8b5376758f3dbe50bb28ee1bf60d76e2277aceb93e0d5508520ea93072a3d2d
data/processed/legacy_xbrl/q4quarter_all/HD/HD_q4quarter_summary.parquet,2930,True,ba7d8a85265f4b7700e13db9bb15952c75d872eec386375d4b26a68ff7311880
data/processed/legacy_xbrl/q4quarter_all/HLT/HLT_q4quarter.csv,3864,True,18ce83b75649c5fe5082d2933e2c5cac33decb2eb3f63fc09d714dcacce0ce8b
data/processed/legacy_xbrl/q4quarter_all/HLT/HLT_q4quarter.parquet,18792,True,096fc8b968b6b3f20e2c863a66686978c160186141d25a20610751f29232fc4f
data/processed/legacy_xbrl/q4quarter_all/HLT/HLT_q4quarter_summary.csv,601,True,01c597a09675657c4160857e8954c762b60a8c0ffd2760591b5e9eeb38865cd4
data/processed/legacy_xbrl/q4quarter_all/HLT/HLT_q4quarter_summary.parquet,2901,True,b8535306c346ffa6a809a87157b827372bd65cb4f6b79a6522ecf5aee405f115
data/processed/legacy_xbrl/q4quarter_all/HON/HON_q4quarter.csv,5487,True,80a45f1e1b75a82cc826f1680da32e026f02638a21c7cd88277e3302c78aef8b
data/processed/legacy_xbrl/q4quarter_all/HON/HON_q4quarter.parquet,20813,True,fae636b6e69ce52e0f592d0f47124f257e7cec854aa7e186c246d8b643bd8983
data/processed/legacy_xbrl/q4quarter_all/HON/HON_q4quarter_summary.csv,794,True,4cfd15b1e8dbe0cc0ad2f6bd0b555c088b43b9bbf434e242f15187ddf9724703
data/processed/legacy_xbrl/q4quarter_all/HON/HON_q4quarter_summary.parquet,2963,True,bd1bbbfcf7e20811b122c5576f3acdc81b0038739c2cebeaf6135e8ecc80a6f2
data/processed/legacy_xbrl/q4quarter_all/HWM/HWM_q4quarter.csv,5346,True,35d9eaa786694f5c4d968d40c3341585f2544df42ff57ef6ac5489a19f68afcb
data/processed/legacy_xbrl/q4quarter_all/HWM/HWM_q4quarter.parquet,20734,True,e54790e10204238434363f795bfa238d9da57416e5bb3d8b76056d12d41ec878
data/processed/legacy_xbrl/q4quarter_all/HWM/HWM_q4quarter_summary.csv,794,True,404194ac6c73182f0f0bc5d8413befbb4242a88c0a0e320622822a6203b063ce
data/processed/legacy_xbrl/q4quarter_all/HWM/HWM_q4quarter_summary.parquet,2971,True,479ee949423826127ee9d32261be83e54e8b29b6059de76597dbff0803067882
data/processed/legacy_xbrl/q4quarter_all/IBM/IBM_q4quarter.csv,5938,True,80131038a4d3d504a504e72e4259002e4af31b60e8f25bf8b55516a2588f11b0
data/processed/legacy_xbrl/q4quarter_all/IBM/IBM_q4quarter.parquet,21089,True,2336906fb2b6fffc120e4fce58eab66fcb8baee4ff6d9acbeede3f83f27e754b
data/processed/legacy_xbrl/q4quarter_all/IBM/IBM_q4quarter_summary.csv,794,True,36ccf867cdada01043dd6e626815bb5583d9926fea03c295871d62611513d961
data/processed/legacy_xbrl/q4quarter_all/IBM/IBM_q4quarter_summary.parquet,2983,True,7d0f4791b2cf79636d6257d1e06cc23be2c6fe1f6e24ffaffad245f7503333b9
data/processed/legacy_xbrl/q4quarter_all/ICE/ICE_q4quarter.csv,3934,True,70a03a6ec97bc7978d355c15851cf53e0571d03ff411457547fea17c7ae5ca61
data/processed/legacy_xbrl/q4quarter_all/ICE/ICE_q4quarter.parquet,16911,True,a4f30779d577991de493fcc6c8e4d4c56ce8d841cc42581a180843189548c9b5
data/processed/legacy_xbrl/q4quarter_all/ICE/ICE_q4quarter_summary.csv,602,True,d0785b6007a5ca39599e753cd7c3729541cf600f23727db5de42cb86cfde8fa1
data/processed/legacy_xbrl/q4quarter_all/ICE/ICE_q4quarter_summary.parquet,2882,True,c66961d24dd0b72a6fa0d2c1a23f11a4ffb31de19b3a6f02342f17a05767043d
data/processed/legacy_xbrl/q4quarter_all/IDXX/IDXX_q4quarter.csv,5317,True,770bf9b73fb9ccbc027afd1bb5e6b44625bb302e5c0393e6007b811650361e0b
data/processed/legacy_xbrl/q4quarter_all/IDXX/IDXX_q4quarter.parquet,20891,True,9160e3dd2e3b90dcf8cc05aee186d8e969300c04c3ae11fb309c1842f49ed5d9
data/processed/legacy_xbrl/q4quarter_all/IDXX/IDXX_q4quarter_summary.csv,809,True,3e32bb9019093300890af8a8b2f73a8692da52da9cba9d0304ebbdec151c4b0b
data/processed/legacy_xbrl/q4quarter_all/IDXX/IDXX_q4quarter_summary.parquet,2954,True,7f987a7426b4c149cfc5aee3fb8be964bd7be67022ac7dac1ef5b4e42f144ad0
data/processed/legacy_xbrl/q4quarter_all/INTC/INTC_q4quarter.csv,5665,True,02f7f3a809f7dbc4d51c7f496eb6a2fb43de8dabaf81c4414c55e3cbcbdd9e5f
data/processed/legacy_xbrl/q4quarter_all/INTC/INTC_q4quarter.parquet,20147,True,98da1a83c5efff52c2fbe939911a26fc05c6c560b9e8a40995eaa8af679e71f2
data/processed/legacy_xbrl/q4quarter_all/INTC/INTC_q4quarter_summary.csv,810,True,3dafc2c9f7f0e895d5aa1a73d9edb6c8e28f0233dd9c97db0963054bffd77f4d
data/processed/legacy_xbrl/q4quarter_all/INTC/INTC_q4quarter_summary.parquet,2974,True,91418fdb9d031e626f581c0b4722d1949bd00891c59b89547f64e26f247f5c39
data/processed/legacy_xbrl/q4quarter_all/INTU/INTU_q4quarter.csv,5051,True,9f1d5f4ee5d329e881fc1caa013a5e1318f3a8f95abcb59272ca399d6501779f
data/processed/legacy_xbrl/q4quarter_all/INTU/INTU_q4quarter.parquet,19377,True,693ae09a3cfca3fa61f1c8eb4785c5a65c8e74789b1ea8ff8be805e883885ea2
data/processed/legacy_xbrl/q4quarter_all/INTU/INTU_q4quarter_summary.csv,809,True,5221880baeeba1d15ca98ddae7caa0444d5636d132c654c2d115e03b82aafbe9
data/processed/legacy_xbrl/q4quarter_all/INTU/INTU_q4quarter_summary.parquet,2962,True,b781c77238f0b2d20c6a33e7dc4c344c69ba09e79ad70235e45fe88402024c2f
data/processed/legacy_xbrl/q4quarter_all/ISRG/ISRG_q4quarter.csv,5386,True,b3d0c291d4287417496219434e1a522cd443af0b179b3744b7291fbdc5fd1257
data/processed/legacy_xbrl/q4quarter_all/ISRG/ISRG_q4quarter.parquet,19620,True,909f2e472c163bac288e482988a50029fcc0002557cf760a2b532073091fab08
data/processed/legacy_xbrl/q4quarter_all/ISRG/ISRG_q4quarter_summary.csv,810,True,40d96999049f11a2cc6eff1f360f7bdf4cec986a8a073735844b075e29e809d8
data/processed/legacy_xbrl/q4quarter_all/ISRG/ISRG_q4quarter_summary.parquet,2967,True,f5f801e4284df20fd7396a27e3f69a982a92254470b3fe9877c5cc8414ea0b9d
data/processed/legacy_xbrl/q4quarter_all/ITW/ITW_q4quarter.csv,5085,True,e5d9ea3a1745972639ca40049f063e895afb5b10d0cd8b1e7e16280154500b03
data/processed/legacy_xbrl/q4quarter_all/ITW/ITW_q4quarter.parquet,19282,True,1f7696d43f5ee68f15482c2bf02d3142007d22951c59a775c7afa3b9f461911b
data/processed/legacy_xbrl/q4quarter_all/ITW/ITW_q4quarter_summary.csv,794,True,c5401560aaff06f47b7c2b54f33bb1b5cf1f73ef6666d57a428e60319c1f2c09
data/processed/legacy_xbrl/q4quarter_all/ITW/ITW_q4quarter_summary.parquet,2952,True,16d969a3e7d5717df5d179ce05649fe4823cbc4d1b5b4e0809e87f7d7f968d2d
data/processed/legacy_xbrl/q4quarter_all/JCI/JCI_q4quarter.csv,5184,True,8532007620b296246b71cbaf328f191c7618b5b8767a2c3c5f68093d908b7e36
data/processed/legacy_xbrl/q4quarter_all/JCI/JCI_q4quarter.parquet,20136,True,fbd6efae6ae573b5ef7707e993da372b14331cf5e0c0272dc93df5edb36addbc
data/processed/legacy_xbrl/q4quarter_all/JCI/JCI_q4quarter_summary.csv,794,True,471216e2a38d0da7716e2a345cb2d059e3251c3bd703c2a3f23f1c7b1f1e6ecc
data/processed/legacy_xbrl/q4quarter_all/JCI/JCI_q4quarter_summary.parquet,2981,True,59a5c21a850617d1056bf7b2c58d7c600c91365d85f406e393f684212f25e779
data/processed/legacy_xbrl/q4quarter_all/JNJ/JNJ_q4quarter.csv,5532,True,7fd0d2213e88ab7916698afbc857fc50b17ce77f53748ca70c22308d5da89dde
data/processed/legacy_xbrl/q4quarter_all/JNJ/JNJ_q4quarter.parquet,19533,True,7e0e16b9fb21ddf17083933cde0edffef5df3933b631f89600d93896ca8a4133
data/processed/legacy_xbrl/q4quarter_all/JNJ/JNJ_q4quarter_summary.csv,794,True,6747bcabdf6c08001b59b744d4a2c7726c300d376e650acddd0a5078beef6a1c
data/processed/legacy_xbrl/q4quarter_all/JNJ/JNJ_q4quarter_summary.parquet,2973,True,916cb2056061eaa64c7a4f6e1a7288c6d2442eb8e1bb771ccda75c4f6ad80ae0
data/processed/legacy_xbrl/q4quarter_all/JPM/JPM_q4quarter.csv,4251,True,e8e2a89ea87c9585d6e79ba654c0a68102ded4c6a9d0c7e1b1d96ce28fc96bbb
data/processed/legacy_xbrl/q4quarter_all/JPM/JPM_q4quarter.parquet,13914,True,fcb45b72b1b584d730ba8e81940df03fd2f94750065389f0ef4a705b07c822be
data/processed/legacy_xbrl/q4quarter_all/JPM/JPM_q4quarter_summary.csv,794,True,dbceb7937783eae41ff6524aa0867166471f33038dcf1b38a0dc45628112d8ef
data/processed/legacy_xbrl/q4quarter_all/JPM/JPM_q4quarter_summary.parquet,2947,True,75e8be350741f9d43640e323ba6e74039d434589e423322879f70fc6fda52076
data/processed/legacy_xbrl/q4quarter_all/KDP/KDP_q4quarter.csv,5268,True,c01cb739d299d82da6437e72add86bcb0fe74b53317a9fcdee64e2e6d37cb5c4
data/processed/legacy_xbrl/q4quarter_all/KDP/KDP_q4quarter.parquet,19986,True,cc7d7017cc489bd0b597d574f4d19cc557799f10666284a1e1b94562dc010eb1
data/processed/legacy_xbrl/q4quarter_all/KDP/KDP_q4quarter_summary.csv,793,True,676397c893784cdf8d1b334c383d2ba77657d61f7a7817ac19dd46b1e594f56c
data/processed/legacy_xbrl/q4quarter_all/KDP/KDP_q4quarter_summary.parquet,2941,True,419eaca1097bebaf8f05c8e31d18f32f3f41a076bba51922645b29e978eb7599
data/processed/legacy_xbrl/q4quarter_all/KHC/KHC_q4quarter.csv,3919,True,82b7eb6c234f8b3b1aabe74e545233895dcc711b4373ec0e3d82407c3c119a04
data/processed/legacy_xbrl/q4quarter_all/KHC/KHC_q4quarter.parquet,19404,True,8369727646c15e255bcbfc15c9422b722af836e361fdffe7af0f3559180bf3a6
data/processed/legacy_xbrl/q4quarter_all/KHC/KHC_q4quarter_summary.csv,506,True,f82ac152101fed7e716769b05993fdb0b4275d152aedf05ed3539866f85d14a0
data/processed/legacy_xbrl/q4quarter_all/KHC/KHC_q4quarter_summary.parquet,2884,True,022967c44e88000d00b40997c8714eba470f7d44f8384b9950a40fe197bc7c65
data/processed/legacy_xbrl/q4quarter_all/KKR/KKR_q4quarter.csv,3159,True,4e19a3e54bfb578080311d070c6a0ea9642108183043a327b31bb71d3da5ac4f
data/processed/legacy_xbrl/q4quarter_all/KKR/KKR_q4quarter.parquet,14672,True,c571cf30aaaa914ec5df10dbc0daf14f92b5ddeaa71c4b7b5aa4d9790d8e20ce
data/processed/legacy_xbrl/q4quarter_all/KKR/KKR_q4quarter_summary.csv,744,True,e3d5774215af32662812f40b91176941734f6ecf79f4c65b06dabe044644b75b
data/processed/legacy_xbrl/q4quarter_all/KKR/KKR_q4quarter_summary.parquet,2951,True,edcca1e8a3c88964f5eb3a3339d2b9e7909552add15523bd53ffb5ac6d0a4dc9
data/processed/legacy_xbrl/q4quarter_all/KLAC/KLAC_q4quarter.csv,5111,True,3cea4ec8a92466c9e9db5fd23ea755062a8440e9fd07e7ed20d3fe57277350b8
data/processed/legacy_xbrl/q4quarter_all/KLAC/KLAC_q4quarter.parquet,21422,True,33ace04b8a78a051d1a376bbde02219d25756a242defd96f7ca3a31465d29e98
data/processed/legacy_xbrl/q4quarter_all/KLAC/KLAC_q4quarter_summary.csv,808,True,b5f1c4500e47b4380dca29cae1db2fa3bbe99ddf9a585eb5aed4f4198e6f03a7
data/processed/legacy_xbrl/q4quarter_all/KLAC/KLAC_q4quarter_summary.parquet,2969,True,0e04798621fb51a27ef38620f285986ffd78be9e555b27f3bdedd3a571e3443a
data/processed/legacy_xbrl/q4quarter_all/KMB/KMB_q4quarter.csv,5486,True,8740bcc4dec120c712ca01bf4f3c2fba21e2753e884ed574237837f196b0c7fd
data/processed/legacy_xbrl/q4quarter_all/KMB/KMB_q4quarter.parquet,20257,True,0be964b9cc5f98a1856bb0918a69dc47aa15e34fa21c2e3d70b8496d011ec519
data/processed/legacy_xbrl/q4quarter_all/KMB/KMB_q4quarter_summary.csv,794,True,030aed3e91b88b1bb0ddd2bc79e64ba4b111cbc559f1ff1e43d3cd27dc2359be
data/processed/legacy_xbrl/q4quarter_all/KMB/KMB_q4quarter_summary.parquet,2945,True,dcc94e64dfee694d01bdeaaa9c15f17da2a2f541bd600eaf4f166f86b0bf6b67
data/processed/legacy_xbrl/q4quarter_all/KMI/KMI_q4quarter.csv,4998,True,90be846b74915f60dd5a0ba39a52b33c0c4c00bf3fc8106e811d760258260d8f
data/processed/legacy_xbrl/q4quarter_all/KMI/KMI_q4quarter.parquet,19347,True,b6639f6bc91acda11a83ca400f98eda9f5e7f1cfd1c13a71fa524750135144e7
data/processed/legacy_xbrl/q4quarter_all/KMI/KMI_q4quarter_summary.csv,745,True,ff180b93ed03726e5fc2e4dfc04475aa4835a921fc51b06a35337b32bf7309eb
data/processed/legacy_xbrl/q4quarter_all/KMI/KMI_q4quarter_summary.parquet,2938,True,7be975bcdbd095fe7ae4ec0be06e178cf29129f0546555cecfd3f83c79dde726
data/processed/legacy_xbrl/q4quarter_all/KO/KO_q4quarter.csv,5981,True,2d8841ef629f16539d492ac2cadf325be65c4695cb43200bfb9cbc5bbd506964
data/processed/legacy_xbrl/q4quarter_all/KO/KO_q4quarter.parquet,20400,True,4fc2c5742baa0894dc2ea41e74d50ca115f1d0d4518c53250a1b55e4bb4dcb97
data/processed/legacy_xbrl/q4quarter_all/KO/KO_q4quarter_summary.csv,778,True,a2bdfb695078f7936591923ddf7a9aa5aa837ead99fc5f38d758c067f58afb18
data/processed/legacy_xbrl/q4quarter_all/KO/KO_q4quarter_summary.parquet,2926,True,4a6c2c6532be501e5acce0e0070d64c147d9138f6384deff8861f79874c37e4a
data/processed/legacy_xbrl/q4quarter_all/KR/KR_q4quarter.csv,4378,True,ac869ab6310ee30cb865c0153e13b004fa70362e534fd2d9389a65523cdb1e8e
data/processed/legacy_xbrl/q4quarter_all/KR/KR_q4quarter.parquet,16656,True,3b1790508808b685a633841e43bfc1e46d6ea544c958bd6641e433ba20e809af
data/processed/legacy_xbrl/q4quarter_all/KR/KR_q4quarter_summary.csv,778,True,902a6cb3a2b92e59d03991c3443c9a3a52fea6badcceaa02660ccc7d7681b144
data/processed/legacy_xbrl/q4quarter_all/KR/KR_q4quarter_summary.parquet,2973,True,11717782e5740e78f081c34d5ae8da19716f1f33866cc678dd4d2b0f83e10210
data/processed/legacy_xbrl/q4quarter_all/KVUE/KVUE_q4quarter.csv,1089,True,eff09444ea0ba26895176305cbafbffdcc6149396a8e610a4b4a48ace0b9b9e1
data/processed/legacy_xbrl/q4quarter_all/KVUE/KVUE_q4quarter.parquet,17197,True,13657f2537a09d8b66eb29dd0db2df11233e47577ad113b2d8a6c694518a4483
data/processed/legacy_xbrl/q4quarter_all/KVUE/KVUE_q4quarter_summary.csv,124,True,097e315b8dd0531d72428d8d0839f53d31e77da68c148fcb2ce055fe7c86b006
data/processed/legacy_xbrl/q4quarter_all/KVUE/KVUE_q4quarter_summary.parquet,2796,True,4d68a3ea5507c4eab21ea5a4f4bbe63370c7d9c5ebb2445d629d1d156a8bf2df
data/processed/legacy_xbrl/q4quarter_all/LIN/LIN_q4quarter.csv,2671,True,d7ad29608901f81e233337bc1b11377bbb672f3f31856ffdf81c7659f10021ce
data/processed/legacy_xbrl/q4quarter_all/LIN/LIN_q4quarter.parquet,17358,True,96b0a221e139dcb3057bf4259ec090f4182d1b3cc3d5052484a3b413fc51a2f0
data/processed/legacy_xbrl/q4quarter_all/LIN/LIN_q4quarter_summary.csv,410,True,3fa28129d21564f672bef0e68026edf3a843a6813cc0d91c0984b08487dded9e
data/processed/legacy_xbrl/q4quarter_all/LIN/LIN_q4quarter_summary.parquet,2876,True,0e84103aaf00e442febd4924b6d2f5f648c0faf298f5dd9c78beea38e28f647f
data/processed/legacy_xbrl/q4quarter_all/LLY/LLY_q4quarter.csv,5248,True,cf068e330c6b3613f3bfcda3980c0d465ec99b342e791495fd846f4a48e14361
data/processed/legacy_xbrl/q4quarter_all/LLY/LLY_q4quarter.parquet,18246,True,72dcc1392bd1554794a1a3e1b0e108c12e50590313b98199eeede445f11ccba6
data/processed/legacy_xbrl/q4quarter_all/LLY/LLY_q4quarter_summary.csv,794,True,b42f6633345846a18d2c8dbcd91e99f66a1e8c4b287b2a6f5e7f2ab003fb510f
data/processed/legacy_xbrl/q4quarter_all/LLY/LLY_q4quarter_summary.parquet,2965,True,a8be13a45685d549d996538d819646d5453e1ed09a8b0e15e8a5165279bc1ccc
data/processed/legacy_xbrl/q4quarter_all/LMT/LMT_q4quarter.csv,5493,True,42519535ad2ea1310e20748eb7d56f7fabc107ebf74a5657fb74bc918489d9df
data/processed/legacy_xbrl/q4quarter_all/LMT/LMT_q4quarter.parquet,20081,True,2610e6c4de3cbafebb07b88e49d3d1acfbdcefaf317777c63b60e4ec04abfa78
data/processed/legacy_xbrl/q4quarter_all/LMT/LMT_q4quarter_summary.csv,794,True,6d089a940e898f96e4f66639bc8c7f28ce8173f2ec7a78bc5c93f39da99dc026
data/processed/legacy_xbrl/q4quarter_all/LMT/LMT_q4quarter_summary.parquet,2971,True,d105edcabdca4afe8051e61c649f588ab2466b313b623fcedb0b95b4bf276174
data/processed/legacy_xbrl/q4quarter_all/LOW/LOW_q4quarter.csv,4868,True,eceda2e52096a81c08917b3d6d405204c86e6434ad0b5cfb9ae01f6cf967eb9e
data/processed/legacy_xbrl/q4quarter_all/LOW/LOW_q4quarter.parquet,18621,True,b33e9562c21eb378755a96d98742dcffa285227acc2beaf8016e76a43bce9514
data/processed/legacy_xbrl/q4quarter_all/LOW/LOW_q4quarter_summary.csv,793,True,5721c18c2e86a33ffffe9be0f6e972729df1477fa6209af0b08d84b30a84c4c2
data/processed/legacy_xbrl/q4quarter_all/LOW/LOW_q4quarter_summary.parquet,2954,True,4367388ed9e929df57a1a2e9d0f8792dd798e25907f345529bc8bade98854827
data/processed/legacy_xbrl/q4quarter_all/LRCX/LRCX_q4quarter.csv,4811,True,ccb89da9047bf9e637a0c8cdfe612951e6e8883cd379c7e247c9ced10d1f7b73
data/processed/legacy_xbrl/q4quarter_all/LRCX/LRCX_q4quarter.parquet,20369,True,9af60a7c8c24fab2ba733398c61e609a48f6e98a670a7f11b201d31043b5f7f9
data/processed/legacy_xbrl/q4quarter_all/LRCX/LRCX_q4quarter_summary.csv,808,True,c3cce2ee75c002bb884b5a5fe9494141b1c6cf812317b730c50d548e8aa254ac
data/processed/legacy_xbrl/q4quarter_all/LRCX/LRCX_q4quarter_summary.parquet,2987,True,03778e5d7a6fa0860aec177fb7d10d05c83b915c91be13781d7aea93a47edce7
data/processed/legacy_xbrl/q4quarter_all/LULU/LULU_q4quarter.csv,4835,True,abbc6393e4d72bcf3f4d12e6fca01969b83ee59d25782c3bb0467c34ebefe89b
data/processed/legacy_xbrl/q4quarter_all/LULU/LULU_q4quarter.parquet,18805,True,009ce8f3777430c72e5859a316ff201c166bd74aae7f8b7d464274a41591e29e
data/processed/legacy_xbrl/q4quarter_all/LULU/LULU_q4quarter_summary.csv,809,True,9febc776c1e24afa0761e26883c48227a2cdda9b92c2d04f413d47c5d37ea9c2
data/processed/legacy_xbrl/q4quarter_all/LULU/LULU_q4quarter_summary.parquet,2973,True,4f372368ec21bd464cf4e76a365a700a89f69d4c7e75dda1c319f8ba6b509a47
data/processed/legacy_xbrl/q4quarter_all/MA/MA_q4quarter.csv,5290,True,81f5d20cb42663895d226e576d1f3de9504cddeaa8403532f6d69c6a7c2c8f07
data/processed/legacy_xbrl/q4quarter_all/MA/MA_q4quarter.parquet,18786,True,6d96fa95816acf01758058f8f932a07ad8aa7fd380aee159db8e7f3da4360d12
data/processed/legacy_xbrl/q4quarter_all/MA/MA_q4quarter_summary.csv,778,True,352424104762a2b250dd09e54824241903873e013a6f72b46ea26706341f463a
data/processed/legacy_xbrl/q4quarter_all/MA/MA_q4quarter_summary.parquet,2940,True,a9db027fdda319779bd487d4202797d1900fd1675014def5d40de3f36952c07d
data/processed/legacy_xbrl/q4quarter_all/MAR/MAR_q4quarter.csv,4980,True,76431275b2e61386a4b25fcbf524191692e3cb9b3531647a85fd1bda876ed039
data/processed/legacy_xbrl/q4quarter_all/MAR/MAR_q4quarter.parquet,18752,True,8ca4f0310b2c12615cbb77ec2f87c2484d1408c12f2985deb737e1b2fcc9638c
data/processed/legacy_xbrl/q4quarter_all/MAR/MAR_q4quarter_summary.csv,794,True,6b0c382e2c778bfb043aa5484f21c6f442dee04ee3375f16eb7c453a2d69c818
data/processed/legacy_xbrl/q4quarter_all/MAR/MAR_q4quarter_summary.parquet,2986,True,85e65a926effe0d54f16f5ff9168cdbf6aa7a7688e819baf91dbb7dcd4c28466
data/processed/legacy_xbrl/q4quarter_all/MCD/MCD_q4quarter.csv,5584,True,7961b6d455f50520cbf8070e2ed50cb43d58d60adcb81f2ef54b26fcbab31eae
data/processed/legacy_xbrl/q4quarter_all/MCD/MCD_q4quarter.parquet,19565,True,337a6fba33fd3ca8e24f83fea41beb71c3ca61745148754f4726d58a35d8f34c
data/processed/legacy_xbrl/q4quarter_all/MCD/MCD_q4quarter_summary.csv,794,True,37da60d9315f799eb56f3b5ac4f180afaf4243a2642588972b7e55fd39bea713
data/processed/legacy_xbrl/q4quarter_all/MCD/MCD_q4quarter_summary.parquet,2941,True,169c497735034572ef560308573c30487f97062e55690ae2a44dd9aa4f5ac8d5
data/processed/legacy_xbrl/q4quarter_all/MCHP/MCHP_q4quarter.csv,5335,True,9b597c3b540e48cdc298958de6ac97bc4b5b5e96ea342e7a95f26a13946d0605
data/processed/legacy_xbrl/q4quarter_all/MCHP/MCHP_q4quarter.parquet,21476,True,d50a68880490463cbee3446663269ee77b7d6d6c70ebb8734a47950beb4b40d7
data/processed/legacy_xbrl/q4quarter_all/MCHP/MCHP_q4quarter_summary.csv,809,True,235cf231c0b626666f9aee34458f6be8f7dcb05529ca3b1f263cd9e53ad68446
data/processed/legacy_xbrl/q4quarter_all/MCHP/MCHP_q4quarter_summary.parquet,2975,True,8d4e8ac45cc2df397e87a1983165582f42644d8109900f1168e4113958c4e7ee
data/processed/legacy_xbrl/q4quarter_all/MCK/MCK_q4quarter.csv,5449,True,1f77d92a4f2d39892f5df1e0f7206496ff203b31e58cd8fff8a930d25f5e0f6e
data/processed/legacy_xbrl/q4quarter_all/MCK/MCK_q4quarter.parquet,21421,True,e4e83d9532c653744705d76b60a6ade151bcdaa93e61f21571251db2a0869df2
data/processed/legacy_xbrl/q4quarter_all/MCK/MCK_q4quarter_summary.csv,794,True,7b4410ef5f43fa75bc127336a6bd72d8c60cb67c93d540ce2d8de4a4271c8fee
data/processed/legacy_xbrl/q4quarter_all/MCK/MCK_q4quarter_summary.parquet,2987,True,e6f6fb0d274df60f6a45d0610ac2e2c918539a95e60fd0d69b385b41303d82ae
data/processed/legacy_xbrl/q4quarter_all/MCO/MCO_q4quarter.csv,5298,True,1b5148670bc7b168c9da8ebec44e703ab8120eb559a392dfa955c696dcef3f52
data/processed/legacy_xbrl/q4quarter_all/MCO/MCO_q4quarter.parquet,19524,True,f3e24ba75769455c4937c57ccad0323d12e691f2d98f87ea796a5fdbf3153f24
data/processed/legacy_xbrl/q4quarter_all/MCO/MCO_q4quarter_summary.csv,794,True,78a23775ca7f315864282454a619b06feec2a6e887b95b0c6d0e69a8f8a5cc5f
data/processed/legacy_xbrl/q4quarter_all/MCO/MCO_q4quarter_summary.parquet,2972,True,92f16c6d5e4a932aa8d0651a5b5f6a55a3640f1ac07eb8484670a057a1491cee
data/processed/legacy_xbrl/q4quarter_all/MDB/MDB_q4quarter.csv,2727,True,580e4abb0298af901f65595cb02bf88e81ce220c357dcfd4a9e6d88bbfd12c70
data/processed/legacy_xbrl/q4quarter_all/MDB/MDB_q4quarter.parquet,18191,True,868402036bc0b2093f518aa8e282b4d623a626e90de4a75fca31761fad54f5a2
data/processed/legacy_xbrl/q4quarter_all/MDB/MDB_q4quarter_summary.csv,410,True,9f0b38a3ae2ebebc4f9610de5a33a540df035c0ca6d906b4c504bcd17e69f288
data/processed/legacy_xbrl/q4quarter_all/MDB/MDB_q4quarter_summary.parquet,2851,True,2097b677953250fcc2208ec326334a39315f1925022710f930ac4c6e36069a5a
data/processed/legacy_xbrl/q4quarter_all/MDLZ/MDLZ_q4quarter.csv,5598,True,19087fa72b3c678cd236b39a29bdb57761b7a087229c597c1aa8b3e1168574e3
data/processed/legacy_xbrl/q4quarter_all/MDLZ/MDLZ_q4quarter.parquet,19602,True,40c48eec016d0103347036fe8fdc0ee5730b3a75c616903c9424c047c4af85b7
data/processed/legacy_xbrl/q4quarter_all/MDLZ/MDLZ_q4quarter_summary.csv,810,True,7c6d931090a6cd8a61331a976f95806912a23adf72ccd4b0d601cb23b3000df4
data/processed/legacy_xbrl/q4quarter_all/MDLZ/MDLZ_q4quarter_summary.parquet,2980,True,34de69498be380f13dba231a7cb712414ba8c18f65296633d5a4af4cc63a7374
data/processed/legacy_xbrl/q4quarter_all/MDT/MDT_q4quarter.csv,3570,True,4f30c427123bc3c2a66f85e25e649a64adf89e4c1e21ffbd6240929fa37d5f7a
data/processed/legacy_xbrl/q4quarter_all/MDT/MDT_q4quarter.parquet,18669,True,2096f077b0c40ef765ad2bd314abde7b0b47caf3bfaf39a1fc3202be857e39b3
data/processed/legacy_xbrl/q4quarter_all/MDT/MDT_q4quarter_summary.csv,506,True,b1e6d72a9aa0dabc9a332a2579981a77d3ab0208db02bab7a06ab3e985dec654
data/processed/legacy_xbrl/q4quarter_all/MDT/MDT_q4quarter_summary.parquet,2899,True,aa1a3df930aab5e6ad5ce36a271c68e7475e80f344c4825749f3078b14a08cac
data/processed/legacy_xbrl/q4quarter_all/MELI/MELI_q4quarter.csv,4834,True,7085a63c56efbf128db0a86ac8ea2e23ba757fda6074a68f3e9bdbbefb16a137
data/processed/legacy_xbrl/q4quarter_all/MELI/MELI_q4quarter.parquet,20611,True,63ebeacb09c08cc3018b55c203f1eb2f2bc4353123d006393e4f4fff501d5c4d
data/processed/legacy_xbrl/q4quarter_all/MELI/MELI_q4quarter_summary.csv,809,True,637fd35c4b9a88211607b68c112346c55e49927f6d3b07be1f1b55502e1a231a
data/processed/legacy_xbrl/q4quarter_all/MELI/MELI_q4quarter_summary.parquet,3010,True,780059686d94c42dcf9b05e96cfff7ce4d9e7b4135bd54e4cc634fbef969a645
data/processed/legacy_xbrl/q4quarter_all/MET/MET_q4quarter.csv,4056,True,a7b8ba04f28977d789fc3f29f509a3d0a2e27402e56b6fb45b1b9f7e5e693360
data/processed/legacy_xbrl/q4quarter_all/MET/MET_q4quarter.parquet,14503,True,dce4e79f27b203ecceb4422ce138337169237a694d7984c886f7da18305531ff
data/processed/legacy_xbrl/q4quarter_all/MET/MET_q4quarter_summary.csv,794,True,ca4341840179a6378445c056fc5e76f1cb39d599ad34ca18f69c9bb75bb8cb1a
data/processed/legacy_xbrl/q4quarter_all/MET/MET_q4quarter_summary.parquet,2964,True,6615f309cf033776feb91bad58f2f324ff60a3c28807bcba41e0b4cd5e5d97f1
data/processed/legacy_xbrl/q4quarter_all/META/META_q4quarter.csv,4749,True,5fc9945de625fe42824e06e6e91fa5c1a2fe79f7b3ad3528337af2a0270278be
data/processed/legacy_xbrl/q4quarter_all/META/META_q4quarter.parquet,19169,True,1fbb5dfa3e67b4713bee023dede1de7684efeebf91d0e897ec8ea7580c4caff6
data/processed/legacy_xbrl/q4quarter_all/META/META_q4quarter_summary.csv,663,True,22dc13cd09b0a479f57b3a52f2a99844e2e9bad0873afd5ed3dbf22c9ab539c8
data/processed/legacy_xbrl/q4quarter_all/META/META_q4quarter_summary.parquet,2906,True,3251b4ecd3b4339ce7c36f011f13715cf7672032f627390f27249d48ec5e167c
data/processed/legacy_xbrl/q4quarter_all/MMC/MMC_q4quarter.csv,4507,True,060597e5012daaf5206f4e5428ba85abfd8cf60efcfa1311922dc1715997deca
data/processed/legacy_xbrl/q4quarter_all/MMC/MMC_q4quarter.parquet,16670,True,238c4ff100f47396be085e3a85b6d03c578d78308c48754e9041b8442cd4a8d3
data/processed/legacy_xbrl/q4quarter_all/MMC/MMC_q4quarter_summary.csv,794,True,c691ba115372e98fdc56cef58922e93dbf5fe0d4be20b6ff27fd7c516b5c3130
data/processed/legacy_xbrl/q4quarter_all/MMC/MMC_q4quarter_summary.parquet,2943,True,8ab263318a58c7c49b85ae578431f7422794093a7ef648098365a9fc6d2a0327
data/processed/legacy_xbrl/q4quarter_all/MMM/MMM_q4quarter.csv,5787,True,af71ea208ab602a85f077b11b6c200a9c28f10923555495795bd25aa951b1bca
data/processed/legacy_xbrl/q4quarter_all/MMM/MMM_q4quarter.parquet,20998,True,1e1a2de648a76537fb891a781add7102cab6bc9672f77db0aaa22620ad62b73d
data/processed/legacy_xbrl/q4quarter_all/MMM/MMM_q4quarter_summary.csv,794,True,7b4b537727fd4b213835098275492ee33ce696d3ff34df715801a349878743e5
data/processed/legacy_xbrl/q4quarter_all/MMM/MMM_q4quarter_summary.parquet,2979,True,844718d428d95918ee964525b0456cf602a00d7d99c49c3fe8bc0634a4fb8ebc
data/processed/legacy_xbrl/q4quarter_all/MNST/MNST_q4quarter.csv,4466,True,f39cca6b6b71a6f12e2af8f08cfa1ce98c0b15f80956cdaaa01048c88a5b2ec4
data/processed/legacy_xbrl/q4quarter_all/MNST/MNST_q4quarter.parquet,19136,True,abc1df29dee94f13149e1207901c94061fa44b65c76d0475e26b437a95ab6c4c
data/processed/legacy_xbrl/q4quarter_all/MNST/MNST_q4quarter_summary.csv,809,True,207ee11dbaddb54eaaa04c4088d0f605195bdd069b12c75f02fc456192d0d994
data/processed/legacy_xbrl/q4quarter_all/MNST/MNST_q4quarter_summary.parquet,2993,True,9779c23dae6c9492bee559cab6a2802e7f7a38daee21b56a189239c3aab8e9da
data/processed/legacy_xbrl/q4quarter_all/MO/MO_q4quarter.csv,5515,True,d31504f70136ef443b3ef121d238ab64c852eb5528cb26960b5ebc95a8a7e8c2
data/processed/legacy_xbrl/q4quarter_all/MO/MO_q4quarter.parquet,19515,True,4067e3d271dadb71bad25bf93b7815c6e75ecfc53dba442d4b4aafdde2ff2437
data/processed/legacy_xbrl/q4quarter_all/MO/MO_q4quarter_summary.csv,778,True,2e4f0a030294ae4c30b71332a794ce7ebec6dcad40f10be53f2a14c22633fd92
data/processed/legacy_xbrl/q4quarter_all/MO/MO_q4quarter_summary.parquet,2950,True,ffa18a29a73cbe638ad0cfe1d587b95583d2eb05d780bda41027598aa302042c
data/processed/legacy_xbrl/q4quarter_all/MPC/MPC_q4quarter.csv,5094,True,5abfa318882eb4590594897cb4efad2bae51a759f72ec64c407fd7ebbbfc81e1
data/processed/legacy_xbrl/q4quarter_all/MPC/MPC_q4quarter.parquet,20037,True,9a059d2eff1de2f6c40c9a18b03d7ffe6d9cb1cfb23a496907863cae82edd09d
data/processed/legacy_xbrl/q4quarter_all/MPC/MPC_q4quarter_summary.csv,698,True,e71cbbee27cd6e6d3d51cedbc5defa1b4ca06ba63163b2811192be3d72ddce46
data/processed/legacy_xbrl/q4quarter_all/MPC/MPC_q4quarter_summary.parquet,2949,True,aa845f8ba30fb9bab9a887a6c86894091c0d0a4d384baf2d184230e6a889d42c
data/processed/legacy_xbrl/q4quarter_all/MRK/MRK_q4quarter.csv,5014,True,c833d5db0d2d0c394156ec86df97c7abe067562f6d7845f1dba1f16b198e503e
data/processed/legacy_xbrl/q4quarter_all/MRK/MRK_q4quarter.parquet,18656,True,4765cfee67621731fe6249330602d47f0297ce1d17475b151698c6cf2777745b
data/processed/legacy_xbrl/q4quarter_all/MRK/MRK_q4quarter_summary.csv,794,True,2996639241a27f3ba2cb200aac5c5e47e3cea79fc89a0e0334029856e2fcb38b
data/processed/legacy_xbrl/q4quarter_all/MRK/MRK_q4quarter_summary.parquet,2974,True,65e3bc50c6f12ece8b329c8093b22d9107d6c383496e0798b31f5de4aaef8d71
data/processed/legacy_xbrl/q4quarter_all/MRVL/MRVL_q4quarter.csv,1713,True,b26e49810ad7c32f3e7af56c4cc3e76933595855129f75772e481da96ce73359
data/processed/legacy_xbrl/q4quarter_all/MRVL/MRVL_q4quarter.parquet,17511,True,c922ba4ad582f8620a15ce87c97d4d349e6ab146d1e9b83ae33a8d7a6f98dcbf
data/processed/legacy_xbrl/q4quarter_all/MRVL/MRVL_q4quarter_summary.csv,222,True,17279815526b153cee42865de636a1c4893963992fd04efe2cace40cd762986e
data/processed/legacy_xbrl/q4quarter_all/MRVL/MRVL_q4quarter_summary.parquet,2810,True,0eb4e5e0f68b8e6bd992e261395db984360d20f476b66edaaea91da459a61ea6
data/processed/legacy_xbrl/q4quarter_all/MS/MS_q4quarter.csv,3808,True,d28fbb100243dd99b23a2f83ed558ff3043a33fff39f525aa7289848fb5d5d34
data/processed/legacy_xbrl/q4quarter_all/MS/MS_q4quarter.parquet,13821,True,b0816dcb01389470e228d747023fef4066a057bb8c76c157f6f304561931b691
data/processed/legacy_xbrl/q4quarter_all/MS/MS_q4quarter_summary.csv,778,True,272c5f3fb0e29df77f3ff52b612f71c57578d4a56ea27727ea6cdc2a77284afd
data/processed/legacy_xbrl/q4quarter_all/MS/MS_q4quarter_summary.parquet,2971,True,3dbbafa30543e77971ca8b58a66122c1714a06440d4383ca607b6651b0c72e70
data/processed/legacy_xbrl/q4quarter_all/MSCI/MSCI_q4quarter.csv,5160,True,ae5033d566415984a5345ffb99c3bcfffae4e15d4bbaf2cf17985d78c830c789
data/processed/legacy_xbrl/q4quarter_all/MSCI/MSCI_q4quarter.parquet,19540,True,af4a611059383b3ab0e444222d53915fdb705e5e279c76437d1982616b120fb7
data/processed/legacy_xbrl/q4quarter_all/MSCI/MSCI_q4quarter_summary.csv,809,True,324b1cb14331d5c73bdc6a258e7ab1910813b9e73de0f1d920729d9a74ceffd9
data/processed/legacy_xbrl/q4quarter_all/MSCI/MSCI_q4quarter_summary.parquet,2999,True,0c3df583ebc620cdffcbcfd08424df24f49143c3e924fa78687708562bf88a74
data/processed/legacy_xbrl/q4quarter_all/MSFT/MSFT_q4quarter.csv,5800,True,37c142e81f4990190f8b0f9dca808e667c818be9c56bdac70e7983506349ba03
data/processed/legacy_xbrl/q4quarter_all/MSFT/MSFT_q4quarter.parquet,20765,True,a6edab2c884adc2aa583b818c26cab7c0c8f8befac1a4245ddf19bf1a610acec
data/processed/legacy_xbrl/q4quarter_all/MSFT/MSFT_q4quarter_summary.csv,809,True,47d7fd7b96875bb6fb0959eeeb720fcf1f57cee5a53fcdc20e5c827fd2f5483b
data/processed/legacy_xbrl/q4quarter_all/MSFT/MSFT_q4quarter_summary.parquet,3000,True,8ddb766d3b8500eb4cd8e1ddd72dae44ea5eb44e2ee6c0cd5e4ced64189dbe35
data/processed/legacy_xbrl/q4quarter_all/MSI/MSI_q4quarter.csv,5738,True,a746b73d579048ceff03775700f0f5180c95b4233887c3258912aa7fe52a1e07
data/processed/legacy_xbrl/q4quarter_all/MSI/MSI_q4quarter.parquet,21048,True,dbfe7f0c0d5e9490fb383787f33af9f9df041831ff8735182149d23b66527834
data/processed/legacy_xbrl/q4quarter_all/MSI/MSI_q4quarter_summary.csv,794,True,4f775b662a33ceac081c2fb8f2c8fc06ebb61cdb9562770d0feafaafa12ad911
data/processed/legacy_xbrl/q4quarter_all/MSI/MSI_q4quarter_summary.parquet,2961,True,5a537bc686dfaa1bdd1e0d8eadd0acb03d82ae707fa68f5b2b18f82af99fd391
data/processed/legacy_xbrl/q4quarter_all/MSTR/MSTR_q4quarter.csv,4712,True,a796e485166a73814a3321478db6b0271d746c0c41be3c45ff059d3324895297
data/processed/legacy_xbrl/q4quarter_all/MSTR/MSTR_q4quarter.parquet,20029,True,ede4618ea0de6571a67010a5d5dba4149d3a87d2ef014b210db38126ced4c073
data/processed/legacy_xbrl/q4quarter_all/MSTR/MSTR_q4quarter_summary.csv,808,True,8c75ec279a9a1db45703a81f37025f12934d08b031e37d1aa61fe931473e01cc
data/processed/legacy_xbrl/q4quarter_all/MSTR/MSTR_q4quarter_summary.parquet,2997,True,c8f01b8fd1f3f56fc61057a33c786197992aba59ae441fb89bcec5f75d074670
data/processed/legacy_xbrl/q4quarter_all/MU/MU_q4quarter.csv,5051,True,2a16406ff8663be714e08125ce88add3b73fd5713f9491251d479215c66443b3
data/processed/legacy_xbrl/q4quarter_all/MU/MU_q4quarter.parquet,21244,True,4904d3d4eb098e02275bb7f7b855d9b9bf85aed418f70cc6f6adedb5935ce57a
data/processed/legacy_xbrl/q4quarter_all/MU/MU_q4quarter_summary.csv,776,True,d04e5488bc8f45aa5a7dc5b9e0b25af4d4b30fa9bd13b0908ed764216ec30405
data/processed/legacy_xbrl/q4quarter_all/MU/MU_q4quarter_summary.parquet,2953,True,2950bcbffa9634ceeef47ae305acac908e237adbc66ad09116f01bbfa4e2be2e
data/processed/legacy_xbrl/q4quarter_all/NDAQ/NDAQ_q4quarter.csv,5007,True,06bc706eba7ed82c6141b3e86ef91831d1eaa1342f98440dd37d00bf98efcb73
data/processed/legacy_xbrl/q4quarter_all/NDAQ/NDAQ_q4quarter.parquet,18691,True,3e4f2d31f6b59717158f2521264192ed67181050d84910deb08780b3b07e0cee
data/processed/legacy_xbrl/q4quarter_all/NDAQ/NDAQ_q4quarter_summary.csv,809,True,5b62a364b9f71354360f582f363b436fe734ecf3dc19a19bb3e751eff0fb0545
data/processed/legacy_xbrl/q4quarter_all/NDAQ/NDAQ_q4quarter_summary.parquet,2958,True,179a0c5df680886e8f406f1d38a152a7efe56efb1936a1a5711ac30d667de81e
data/processed/legacy_xbrl/q4quarter_all/NEE/NEE_q4quarter.csv,5132,True,5330911241ca8c90ebdc64629e30bc5a4a84cdb183c5e8d44618d55802b6f162
data/processed/legacy_xbrl/q4quarter_all/NEE/NEE_q4quarter.parquet,17548,True,8d686b33de7666063142b805237c7c7e7709a8fe1bfd15e33257fd9b0800dbd9
data/processed/legacy_xbrl/q4quarter_all/NEE/NEE_q4quarter_summary.csv,794,True,37291f31669881012ac5f2af9892f38da41538896efd1c3890c59106a0985991
data/processed/legacy_xbrl/q4quarter_all/NEE/NEE_q4quarter_summary.parquet,2935,True,cbf1121d6dfa4d8bf72e34effb863adcf8ddc3c008d530ee41afd1d3f70cda60
data/processed/legacy_xbrl/q4quarter_all/NEM/NEM_q4quarter.csv,5193,True,4ec486702bd1a5db8f6a538f41d6629ad3c9c3453b3f8e67705382549eef98af
data/processed/legacy_xbrl/q4quarter_all/NEM/NEM_q4quarter.parquet,20043,True,7f3bed27fd3a8148762965ed7a4a8f1f87300508ff04d711184ad6f77ecdc855
data/processed/legacy_xbrl/q4quarter_all/NEM/NEM_q4quarter_summary.csv,794,True,d8b5ab7f98e73167a2ef3579d1c7f9de6805d77ec8dee78d5f1320fbdb38819b
data/processed/legacy_xbrl/q4quarter_all/NEM/NEM_q4quarter_summary.parquet,3000,True,7b9aff833d28039b35925c74213367a7b3e6711b3d09ef19b83ac2b884c234f2
data/processed/legacy_xbrl/q4quarter_all/NFLX/NFLX_q4quarter.csv,5651,True,947300e047b7adae59f9a2315341693c6f5771e330f2101661b92b98b05d0a66
data/processed/legacy_xbrl/q4quarter_all/NFLX/NFLX_q4quarter.parquet,19733,True,e1d5f232bd4305a27163b07d992c4bf3bc35bd467505a4e30622f9cf37c3a5e0
data/processed/legacy_xbrl/q4quarter_all/NFLX/NFLX_q4quarter_summary.csv,810,True,f34b9336495f0faefee7245178df4c75fd70ccee3da70e7c0b1d6e2d54a6ed56
data/processed/legacy_xbrl/q4quarter_all/NFLX/NFLX_q4quarter_summary.parquet,2963,True,06eb734e99c3083110bc23bbf620a36f662059380f79758a75ce58c9b6b92542
data/processed/legacy_xbrl/q4quarter_all/NKE/NKE_q4quarter.csv,4973,True,ba6f089e4f5c22a3c4aec8c9f355f0f376391ab5b8bee68a49f6e5d8da12a8f7
data/processed/legacy_xbrl/q4quarter_all/NKE/NKE_q4quarter.parquet,19139,True,94379ea634646e2b45ab85b67cb5a6a85fb0bc9c12582ea8241ec26fe0eca68b
data/processed/legacy_xbrl/q4quarter_all/NKE/NKE_q4quarter_summary.csv,793,True,1f447cb58658a20580a9063f0eb5b4374dfe9345a3a8f2da3f0bdf2267262d0e
data/processed/legacy_xbrl/q4quarter_all/NKE/NKE_q4quarter_summary.parquet,2967,True,f94e45ee1950b54b7f14ae9a8a87fe998fd728ee16cc498fd2937109d807b9ed
data/processed/legacy_xbrl/q4quarter_all/NOC/NOC_q4quarter.csv,5647,True,a41790c1f11263c8250b149a8a8dc19edaf46316a00d886031718869a5ed7909
data/processed/legacy_xbrl/q4quarter_all/NOC/NOC_q4quarter.parquet,20343,True,4c53dd1e6de3f479fddf14f983c0e7f0564ca6c0753440dbec0825c2cf5c5154
data/processed/legacy_xbrl/q4quarter_all/NOC/NOC_q4quarter_summary.csv,794,True,3e87285fc9a7cbec4e1582e469186cced49ab3d623a2c4a2511676d5b4f509c8
data/processed/legacy_xbrl/q4quarter_all/NOC/NOC_q4quarter_summary.parquet,2938,True,65c178e9fa381b111310ccc79dee028eb406b11be6b35a61920562dbb7ffc80d
data/processed/legacy_xbrl/q4quarter_all/NOW/NOW_q4quarter.csv,4640,True,ccb8d1ceaf0c1f721a5fab50cccc14f357388089d6a2d44fab4ddcac147cbe8f
data/processed/legacy_xbrl/q4quarter_all/NOW/NOW_q4quarter.parquet,20511,True,cb7ddc9342cd5454a44c35c33b0927aeeee92963efa68030a0d4bd971f175699
data/processed/legacy_xbrl/q4quarter_all/NOW/NOW_q4quarter_summary.csv,650,True,740a9e17e27409bb56efed3ee9c4550753633f8c31674722bda9a054970aacd0
data/processed/legacy_xbrl/q4quarter_all/NOW/NOW_q4quarter_summary.parquet,2924,True,f460d9c391afbee01b95ea12ca2b7eed7b6f8e0d4ddc69bd8b67ebc63daaa65e
data/processed/legacy_xbrl/q4quarter_all/NSC/NSC_q4quarter.csv,5073,True,3cb365cc6b39f17b140557bfeecb0e4e155154ba9cc143027ee5e846f54f872b
data/processed/legacy_xbrl/q4quarter_all/NSC/NSC_q4quarter.parquet,18811,True,a8c6dc010b7174f2c8b84183676d8c7a06c64aaa544c554c6e3dfcdcdad1532f
data/processed/legacy_xbrl/q4quarter_all/NSC/NSC_q4quarter_summary.csv,794,True,a51ed4d655c6e2698e00a0b631934ddd1a7bacefcfd439fcc3fe0d263cbe8640
data/processed/legacy_xbrl/q4quarter_all/NSC/NSC_q4quarter_summary.parquet,2939,True,71a70b42538643a3e2789b5689b9dae10e7c7f6ab82d647885dd56c79f42877c
data/processed/legacy_xbrl/q4quarter_all/NVDA/NVDA_q4quarter.csv,5696,True,d7af02b1b24cd3d86bbe3c4ccb21e63cbd03fb9ec8df1e1804c7705dfadc9d77
data/processed/legacy_xbrl/q4quarter_all/NVDA/NVDA_q4quarter.parquet,21003,True,4dc366bc1c388133bf9f31823a16417e46120522915f44a8eaf2d9c7c56d4bdf
data/processed/legacy_xbrl/q4quarter_all/NVDA/NVDA_q4quarter_summary.csv,810,True,7f581917cf9984936525747fea8baa11d476a21d84b9530c20ea0066e2dba7aa
data/processed/legacy_xbrl/q4quarter_all/NVDA/NVDA_q4quarter_summary.parquet,2953,True,6eb69c606c98d21bd627d4f45623a820fbe91fde39e47f678aec642e96cef884
data/processed/legacy_xbrl/q4quarter_all/NXPI/NXPI_q4quarter.csv,2478,True,63c914265b5bfb9f7a2c7c96cefcdcbbc0bc4a19f9f9e4cb5ae231d0c2598ab7
data/processed/legacy_xbrl/q4quarter_all/NXPI/NXPI_q4quarter.parquet,18573,True,77c01bd40d8e044819f4fb76a6e86f06a7aefb5dcbea1b57fede57a93b3dd448
data/processed/legacy_xbrl/q4quarter_all/NXPI/NXPI_q4quarter_summary.csv,320,True,906333def5cc7764ecf679f4e81a943c77b7ae269ca598bcdd0ac35ab047f415
data/processed/legacy_xbrl/q4quarter_all/NXPI/NXPI_q4quarter_summary.parquet,2841,True,2cbb6d61efa6f047bbc046c6ce25768cf81b8afa18789e80705652242dc7e174
data/processed/legacy_xbrl/q4quarter_all/O/O_q4quarter.csv,3379,True,415c863d974444e397f0c47f98acf2d48fb0edd0a0777697cc0786c2a9cd9157
data/processed/legacy_xbrl/q4quarter_all/O/O_q4quarter.parquet,13711,True,6d8a9518d06ba2ca3383ee58c54450c5ddc9711a87815dd12aa20108b220338e
data/processed/legacy_xbrl/q4quarter_all/O/O_q4quarter_summary.csv,761,True,cce847130b5ae0f318e9103fdbaa225cda38616aab1c24ac389f1dd530c8069f
data/processed/legacy_xbrl/q4quarter_all/O/O_q4quarter_summary.parquet,2971,True,7169f56737de2821d12c8279c5b8f85dce9dabb269668fa7883686de90f26469
data/processed/legacy_xbrl/q4quarter_all/ODFL/ODFL_q4quarter.csv,4401,True,88d76b38a1b4450dffd2da3715012eac767d51b8512a064a1968c943f7bbdad0
data/processed/legacy_xbrl/q4quarter_all/ODFL/ODFL_q4quarter.parquet,16741,True,456c6441fd8da1c024520393690b2e87f2e8af970297869045bac013743b7c93
data/processed/legacy_xbrl/q4quarter_all/ODFL/ODFL_q4quarter_summary.csv,809,True,c3e236165f4dd6ee47d22acf674790254ca3dd07d8457f124aa550173b31d922
data/processed/legacy_xbrl/q4quarter_all/ODFL/ODFL_q4quarter_summary.parquet,2989,True,93ed785f8e1e97a21a15e5ff697825af1761205df8cd7555f66898ddbc1d5296
data/processed/legacy_xbrl/q4quarter_all/OKE/OKE_q4quarter.csv,5793,True,19c23f576d75e08a2c000a47750de4d6cecc4e0c88cbc74f234b98bd7a82446c
data/processed/legacy_xbrl/q4quarter_all/OKE/OKE_q4quarter.parquet,20381,True,1c8f5129538e75c2fb94a237cf6cbe3fd5a93cbda26270b30a3c400fe1ef13da
data/processed/legacy_xbrl/q4quarter_all/OKE/OKE_q4quarter_summary.csv,794,True,ca7348c885d472f3cfd32e028282998468f15d005aca6ce372fe8f00f5476ed0
data/processed/legacy_xbrl/q4quarter_all/OKE/OKE_q4quarter_summary.parquet,2948,True,501b4b26795371884cc20c4bf7d0af87231a05b1a3a1ca278611866074644059
data/processed/legacy_xbrl/q4quarter_all/ON/ON_q4quarter.csv,5249,True,740cdf17cf4062523553ed7796ec4380cb1878563f53422e6d2b38e815824181
data/processed/legacy_xbrl/q4quarter_all/ON/ON_q4quarter.parquet,19547,True,d980022c76cada1e1a5cca9748628a5a2dd2a345754b0c4a0bb7d6d73aebaee6
data/processed/legacy_xbrl/q4quarter_all/ON/ON_q4quarter_summary.csv,777,True,3efc502dfd48f1d86fbe5d9713cf047a71da7d5c25395625426995befe513982
data/processed/legacy_xbrl/q4quarter_all/ON/ON_q4quarter_summary.parquet,2978,True,bb8b3593e19e3bfc48635f849852fb7243af46c37bfe6b50d42d948cccbcd6a6
data/processed/legacy_xbrl/q4quarter_all/ORCL/ORCL_q4quarter.csv,5539,True,42cdfde7c19c954eed7ffab89626f57cb6b10f5a211968c90a56886f00cef0c2
data/processed/legacy_xbrl/q4quarter_all/ORCL/ORCL_q4quarter.parquet,20533,True,928920c421f6a24096e417a20fbfdf84e933363ef633f5d88496697de9a40ad1
data/processed/legacy_xbrl/q4quarter_all/ORCL/ORCL_q4quarter_summary.csv,809,True,2796f50a68bb1c2167c2a8267d7d09f8dbff0cbe4ca774d005fa197b63de9c73
data/processed/legacy_xbrl/q4quarter_all/ORCL/ORCL_q4quarter_summary.parquet,3012,True,e54c72f05694c2ff4ab83e788794782451d95a929cea1efbb431ea57e043afbd
data/processed/legacy_xbrl/q4quarter_all/ORLY/ORLY_q4quarter.csv,5101,True,8d86146c3376ad70d2583fe936e8c67477af8af34559cc5a24ba7c706227279e
data/processed/legacy_xbrl/q4quarter_all/ORLY/ORLY_q4quarter.parquet,19465,True,3c95371791e0f6b7fe122fa41b570c5bbef498ea6092ad99fe5bcd5e0ef4fa49
data/processed/legacy_xbrl/q4quarter_all/ORLY/ORLY_q4quarter_summary.csv,809,True,d0aa55628fa6e9d8854d0343b361e16145d36e1fe3e3ad568237a9318b4fe33a
data/processed/legacy_xbrl/q4quarter_all/ORLY/ORLY_q4quarter_summary.parquet,2962,True,abe15689c38e846dd9edc826f143cb06729de81882f5cdd7fc78a0f6c666bf70
data/processed/legacy_xbrl/q4quarter_all/OXY/OXY_q4quarter.csv,5281,True,3b8e888c7d2b6083ea44ceaa71bd24c3473a4c04a58a9eb72632fff03c12f339
data/processed/legacy_xbrl/q4quarter_all/OXY/OXY_q4quarter.parquet,18932,True,7473452f62f3f1845d678404db83d508ef6a2f5cbcd6c99db87cd96d1d62f1c0
data/processed/legacy_xbrl/q4quarter_all/OXY/OXY_q4quarter_summary.csv,794,True,5a4a0241af41287f713facce99a72844dfe8efa8c1ee1cb223cbe26c7320ee8b
data/processed/legacy_xbrl/q4quarter_all/OXY/OXY_q4quarter_summary.parquet,2932,True,89bbf1d59ca5b172132d9f80f20fd2e7a21a4881546c44fe34b68a974541c75a
data/processed/legacy_xbrl/q4quarter_all/PANW/PANW_q4quarter.csv,3874,True,6c965ca0dd9375ac310ca9ca61dad1c3047f81ea2099eaa63bbbdb746337f80d
data/processed/legacy_xbrl/q4quarter_all/PANW/PANW_q4quarter.parquet,19001,True,0f1439fa8f13450f956467d0e00843774adcfdc657b1562ea302c8bb3733cebb
data/processed/legacy_xbrl/q4quarter_all/PANW/PANW_q4quarter_summary.csv,662,True,b934ac1df0af0c60bd2e8c5bcbb5428b174668583c45b9f135367e39f8669748
data/processed/legacy_xbrl/q4quarter_all/PANW/PANW_q4quarter_summary.parquet,2931,True,32bd6504bb95851d75c3d4a792be076a2893629fdb127b804f15caa39786fd1f
data/processed/legacy_xbrl/q4quarter_all/PAYX/PAYX_q4quarter.csv,4720,True,ff6e9ccacd1b1af9f0b4c68340704c4c41a759ea9f699ffa6dec6e750ac0111f
data/processed/legacy_xbrl/q4quarter_all/PAYX/PAYX_q4quarter.parquet,18618,True,1dc5b2e4e8c49bf29eb96847489ee28be5e094c11343d62bbd2b1beb2c993ca9
data/processed/legacy_xbrl/q4quarter_all/PAYX/PAYX_q4quarter_summary.csv,809,True,e812c6e059cedfa61bcda6c95bd37a61a4c6fa41ef7d05a3fd053a698df8aefe
data/processed/legacy_xbrl/q4quarter_all/PAYX/PAYX_q4quarter_summary.parquet,3001,True,840a7528d36017248b6217f3b33167b8a0e1e05239179295dd211c4f8ec5e14e
data/processed/legacy_xbrl/q4quarter_all/PCAR/PCAR_q4quarter.csv,5321,True,7c7afaecde7b9289db7f673a4da3793bb334b12f5c9478fc5c7718f0dff9a2fa
data/processed/legacy_xbrl/q4quarter_all/PCAR/PCAR_q4quarter.parquet,18818,True,0e0ed39ec67f220cc91ce8cbb9222e2fa04851c82d90cae3ff160f9db7ddc5a6
data/processed/legacy_xbrl/q4quarter_all/PCAR/PCAR_q4quarter_summary.csv,810,True,485aa580fe69c2a922fb251e1684be8d2899563325634846fd077e70922ce3e8
data/processed/legacy_xbrl/q4quarter_all/PCAR/PCAR_q4quarter_summary.parquet,3001,True,14284c22771292308ce9e3ece7ea608b7ca9426d2f53d5c22ecfbd61e8b07e92
data/processed/legacy_xbrl/q4quarter_all/PCG/PCG_q4quarter.csv,5192,True,1f12c60a1d6fa967d12a9c57460383624edf5465d694a03c40b947ede4c7abdb
data/processed/legacy_xbrl/q4quarter_all/PCG/PCG_q4quarter.parquet,18852,True,e3a46200877f1df8561aa174a95b2f3c0af4b4b1b6a7021054ec892e0226223a
data/processed/legacy_xbrl/q4quarter_all/PCG/PCG_q4quarter_summary.csv,794,True,b275b33b9f257ef42cf1629367a809452bb507b127ba8d7377a999629cc1ef83
data/processed/legacy_xbrl/q4quarter_all/PCG/PCG_q4quarter_summary.parquet,2940,True,b2d6328be68ca83835f15dfa2753fc85df2eef6dffe2171f03579ec5009ba8de
data/processed/legacy_xbrl/q4quarter_all/PEG/PEG_q4quarter.csv,4933,True,475f7485700523c6f2375f143d57814d23ddf7e2070897a2c1c156335306789b
data/processed/legacy_xbrl/q4quarter_all/PEG/PEG_q4quarter.parquet,18728,True,de541be255bf9c08dc5682d95edaccfca51822aae3c25227cc780f5aa67f7f39
data/processed/legacy_xbrl/q4quarter_all/PEG/PEG_q4quarter_summary.csv,794,True,40ebc21720064ac829b9be643879998bda992eb94882743e00bc0f19821ea373
data/processed/legacy_xbrl/q4quarter_all/PEG/PEG_q4quarter_summary.parquet,2970,True,4f14b2b5b99d07ee8397f1c9b8673522e503442919df876a26f30ec61bdc59bd
data/processed/legacy_xbrl/q4quarter_all/PEP/PEP_q4quarter.csv,5622,True,149e20eadb5ac295856c128ad481800393c8f6a24d2199bc80bf0572b8155a3d
data/processed/legacy_xbrl/q4quarter_all/PEP/PEP_q4quarter.parquet,18985,True,d5bf3f524e78173e83ade77fc336fb0b6ac6eda65a3af82a976472730928241d
data/processed/legacy_xbrl/q4quarter_all/PEP/PEP_q4quarter_summary.csv,794,True,e7f15917bd249bc585674c1c67249bb8b7c19d766a055b568a5ecd7d43c92bf1
data/processed/legacy_xbrl/q4quarter_all/PEP/PEP_q4quarter_summary.parquet,2956,True,2c55ff2d30bd1fec3cc7f10691fed6693320a034487dfcee418c0367b1f58f69
data/processed/legacy_xbrl/q4quarter_all/PFE/PFE_q4quarter.csv,5479,True,e0e1f00a315558c8947e9fd08100843befa484a2b806883d263210c59bdbc06e
data/processed/legacy_xbrl/q4quarter_all/PFE/PFE_q4quarter.parquet,19572,True,8553afbafdb7a88891d2780f7f2ba94565037c14a9ca7140d8f899133c20c47b
data/processed/legacy_xbrl/q4quarter_all/PFE/PFE_q4quarter_summary.csv,794,True,ca8469a520a43d782460d9727334579629bfe0cda374085fba486b0dd28a684e
data/processed/legacy_xbrl/q4quarter_all/PFE/PFE_q4quarter_summary.parquet,2957,True,5c01c017971b4b43ff7c99f29a054bc871f17093f07b301a37e80bb25b4ebb98
data/processed/legacy_xbrl/q4quarter_all/PG/PG_q4quarter.csv,5417,True,c6e23624ff28be36309e9f9c5a71e418f649c487bd0e9643477ea7d30b3a66da
data/processed/legacy_xbrl/q4quarter_all/PG/PG_q4quarter.parquet,20152,True,9ffd6fc640f0060d3da3394d052983a87d75b44b26e2b6f9ec56f0ac2ce982fa
data/processed/legacy_xbrl/q4quarter_all/PG/PG_q4quarter_summary.csv,777,True,e6d5123e07288ec0af27fc1171620daad3a75d123c4435c25e5324204a3377d4
data/processed/legacy_xbrl/q4quarter_all/PG/PG_q4quarter_summary.parquet,2945,True,962ef372d13297ca1ff87324bd1ab30e4182b90591b3ebc87c3354a7e2863cd4
data/processed/legacy_xbrl/q4quarter_all/PGR/PGR_q4quarter.csv,3823,True,c5129ccb00681c2bdf3e96bbe7e007c563ad849e0a6cff43545977512fe9c68b
data/processed/legacy_xbrl/q4quarter_all/PGR/PGR_q4quarter.parquet,12997,True,5b539af81a88417795ed76d6d444ec8634b7f4bf18bf3447b44fd0df3fcbd73a
data/processed/legacy_xbrl/q4quarter_all/PGR/PGR_q4quarter_summary.csv,794,True,76981acc75fc7529dc0619d76bad58e0fbd667a16ddf77f5d6694d895c1c7cf2
data/processed/legacy_xbrl/q4quarter_all/PGR/PGR_q4quarter_summary.parquet,2943,True,53167b389177c32e4599ca958967d8f9bf8e581b57dbd9820b390e75276901a6
data/processed/legacy_xbrl/q4quarter_all/PH/PH_q4quarter.csv,4855,True,53c7193b5262b53eb4a3cfafa633ef1cc3b894827b71363f9e62781e7d12afd1
data/processed/legacy_xbrl/q4quarter_all/PH/PH_q4quarter.parquet,19265,True,895902cdbedcbb6dee944b51282e1aff2f0a204256de565d80fb2888b82049eb
data/processed/legacy_xbrl/q4quarter_all/PH/PH_q4quarter_summary.csv,777,True,6fead98a19d8219f20f4fa6acb975c200a4ec960295e0a0b12ab20909e57dc52
data/processed/legacy_xbrl/q4quarter_all/PH/PH_q4quarter_summary.parquet,2968,True,ce08915783d2603f4be7bdfadfbe655237157a94406669dfe12ecb1440e6764a
data/processed/legacy_xbrl/q4quarter_all/PLD/PLD_q4quarter.csv,3416,True,5e4806ada61e3080cf93f5d107e0b13465b32023eb6c7a74747a64c16a1f2633
data/processed/legacy_xbrl/q4quarter_all/PLD/PLD_q4quarter.parquet,15363,True,06e93e9da73e0943577250309579611d6efa4972c6ce61ab6b3028c986406f3f
data/processed/legacy_xbrl/q4quarter_all/PLD/PLD_q4quarter_summary.csv,793,True,b5f13eaf03f624e5cb2899d13feb04597455444347264aaa84070f6240f7bc22
data/processed/legacy_xbrl/q4quarter_all/PLD/PLD_q4quarter_summary.parquet,3005,True,d2adb01c7a610aef0037a8d399e3e0a2b533e803557a06a40715ae77534bb7d8
data/processed/legacy_xbrl/q4quarter_all/PLTR/PLTR_q4quarter.csv,2134,True,6832493539547d8aae48212f0a73ef0f1c76c5919101e6340f6e03e5e61bac84
data/processed/legacy_xbrl/q4quarter_all/PLTR/PLTR_q4quarter.parquet,17835,True,bd3d1f3f3c172948034706f3b8a7921c22d32c3a8cb0510ddf435b93f5a01d49
data/processed/legacy_xbrl/q4quarter_all/PLTR/PLTR_q4quarter_summary.csv,271,True,39710092e0ba349ef215113dbe83c22c83cc2955b55b413c82ae4aa683bbaa23
data/processed/legacy_xbrl/q4quarter_all/PLTR/PLTR_q4quarter_summary.parquet,2841,True,a155c979af773fb65a63c76fdfff13a6db1ab50e1b631decf5a73441e5ab2e96
data/processed/legacy_xbrl/q4quarter_all/PM/PM_q4quarter.csv,5781,True,c4038e75c3669ff1b3dc1cb1f967716975a580541d8926ed0d3e2a488689f636
data/processed/legacy_xbrl/q4quarter_all/PM/PM_q4quarter.parquet,20403,True,2a093c303c121eec2243a83588b3c7ebada7c58e8351d9c9caede44b5b6f8921
data/processed/legacy_xbrl/q4quarter_all/PM/PM_q4quarter_summary.csv,778,True,a7edfdf050e1ba572a2fa38577870ce8ad0618a3fc791ea4d032c363023339dc
data/processed/legacy_xbrl/q4quarter_all/PM/PM_q4quarter_summary.parquet,2941,True,0c6bbe0f4a87929395acbe8b1abff9bed6dc30aef064647fda7ec4cc3edd92a2
data/processed/legacy_xbrl/q4quarter_all/PNC/PNC_q4quarter.csv,3989,True,3a3d6f94e9569b098ff4d881964a8b5effa91e47c7092cafa7f5850fc2ee6b30
data/processed/legacy_xbrl/q4quarter_all/PNC/PNC_q4quarter.parquet,13924,True,e1df0329a8820c24e60191470dee047327d8f7237e66aa0fdefde25434e4d618
data/processed/legacy_xbrl/q4quarter_all/PNC/PNC_q4quarter_summary.csv,794,True,b2b5302d54e4d8a58ef1c177a9dd9784e6d555dada5ff45fdde220dcfe3773c2
data/processed/legacy_xbrl/q4quarter_all/PNC/PNC_q4quarter_summary.parquet,2985,True,7dd1588726f0b1d14366fa12bae5da4c28b8cd40241fc6b859906110d5c84711
data/processed/legacy_xbrl/q4quarter_all/PRU/PRU_q4quarter.csv,4163,True,b575bc98e9089d50c6b496b3deed99f9f4384cc328909a9d985c0633b326c83e
data/processed/legacy_xbrl/q4quarter_all/PRU/PRU_q4quarter.parquet,16587,True,fa121cf81c923c6cbcf17fd6a6aea554684e67a42a0e4f475127c2bd17b8e05b
data/processed/legacy_xbrl/q4quarter_all/PRU/PRU_q4quarter_summary.csv,794,True,18916cdef959d7f67f94db6758e85844c7df4d83594a7403970c4c2e9f60c7c4
data/processed/legacy_xbrl/q4quarter_all/PRU/PRU_q4quarter_summary.parquet,2972,True,fb99e1240e32e4e00c506a4b503ac5c0b809b74d8c54fa5e4c8a1de484fe67fb
data/processed/legacy_xbrl/q4quarter_all/PSA/PSA_q4quarter.csv,4197,True,91777c5d0a3bfbd254147a4f95fc30c78eb4a161370d5778f73ce94b4110fe9f
data/processed/legacy_xbrl/q4quarter_all/PSA/PSA_q4quarter.parquet,16015,True,7e13181c7f4df3c060e12f62ec4701c0bd7a0bde7051f52892ddc8f778f71248
data/processed/legacy_xbrl/q4quarter_all/PSA/PSA_q4quarter_summary.csv,794,True,e236c56c4de11f516f7ba0c1eae45178700eda9d058bda61224670060b2fbe78
data/processed/legacy_xbrl/q4quarter_all/PSA/PSA_q4quarter_summary.parquet,2951,True,0860c5d90cd386c8a8b57886b138a3f9f1f0d810404e66df43033f19834122cf
data/processed/legacy_xbrl/q4quarter_all/PSX/PSX_q4quarter.csv,4177,True,e53a42a8fa8352c644414cd07c7d05787f0af283d5f261f4abaf5357c91f9407
data/processed/legacy_xbrl/q4quarter_all/PSX/PSX_q4quarter.parquet,17729,True,75f549bb3ff984335f68c13dea7e8efcb7c0c4cc103d07745def35c40dc896a0
data/processed/legacy_xbrl/q4quarter_all/PSX/PSX_q4quarter_summary.csv,650,True,90541407e6dc5fd3ce371f5421f154a338de033e6ef9a0205546b1d83dcff2ee
data/processed/legacy_xbrl/q4quarter_all/PSX/PSX_q4quarter_summary.parquet,2916,True,c6f1d3601458c9f1928ab25011021352f4dc7e104e010f4e7336c431bb8041af
data/processed/legacy_xbrl/q4quarter_all/PWR/PWR_q4quarter.csv,4954,True,1523ab6d70db3e55cc08311e1beb8881b42e82e2de30dbdc2a00a7f2b74ce6c1
data/processed/legacy_xbrl/q4quarter_all/PWR/PWR_q4quarter.parquet,18753,True,261bcbfa67c0de4aae1b3a2028aeeed853ae6de51e635f8f40506935ba657926
data/processed/legacy_xbrl/q4quarter_all/PWR/PWR_q4quarter_summary.csv,794,True,fb155e1dfa5ffe25b69a83a7ec57478041fc66de7cea1ca9fc55672f47fcd53b
data/processed/legacy_xbrl/q4quarter_all/PWR/PWR_q4quarter_summary.parquet,2992,True,f8bd56bbafb88a7c53261d3d16fb75a400017b62aa068a2539a101d3cda6ef87
data/processed/legacy_xbrl/q4quarter_all/PYPL/PYPL_q4quarter.csv,3609,True,8b40bd512c0255fb813defa20d5261819b6021fb2f0eb867cf28c4dcb125d905
data/processed/legacy_xbrl/q4quarter_all/PYPL/PYPL_q4quarter.parquet,18708,True,3c873536040d8b7dbd8723021a15b82311c00eb31c5f414461c11bbbaafe3de7
data/processed/legacy_xbrl/q4quarter_all/PYPL/PYPL_q4quarter_summary.csv,516,True,52515244a092b843091bc59fae7c587dd85bd1e9800db79f1bcf11176335b89a
data/processed/legacy_xbrl/q4quarter_all/PYPL/PYPL_q4quarter_summary.parquet,2885,True,44fb8423478d2be2ae6a6594c5d06980375c64a4910ea499dddfe56dc4ddaf21
data/processed/legacy_xbrl/q4quarter_all/QCOM/QCOM_q4quarter.csv,5698,True,38d7cf9827a590d1f3d8cf14ed40b72680bc3b3e95df90771d8ac9ce7a37c5fb
data/processed/legacy_xbrl/q4quarter_all/QCOM/QCOM_q4quarter.parquet,19839,True,e9da6dead95c749427947fca596d986cabd5759ce962c62f309d99c6bb1bd779
data/processed/legacy_xbrl/q4quarter_all/QCOM/QCOM_q4quarter_summary.csv,810,True,d9debea165134a39da8f13516d5942d1460e3ae32a5ba267cabdd1d8b5d47541
data/processed/legacy_xbrl/q4quarter_all/QCOM/QCOM_q4quarter_summary.parquet,3001,True,a7788793628df0f4c142298c0747dd2f2a85cc8f078c7f73e7c6ef32ee665daa
data/processed/legacy_xbrl/q4quarter_all/RCL/RCL_q4quarter.csv,4596,True,7187559231345ebb5b16568fbb0c4a63474b659d1a7ccd08ddbce26af4f5dffb
data/processed/legacy_xbrl/q4quarter_all/RCL/RCL_q4quarter.parquet,17287,True,99d5c2e356547f7cf8ff94e7e996a09d668f5d137d149a7d6e83f20d2e869e83
data/processed/legacy_xbrl/q4quarter_all/RCL/RCL_q4quarter_summary.csv,793,True,0525502a8acc5047bb804d48d63a33234c918487e8b69bc8c45a5acec10ac061
data/processed/legacy_xbrl/q4quarter_all/RCL/RCL_q4quarter_summary.parquet,2964,True,40035fa5077f5386dfc1fa996540c481f97a2cabe2796b9c6b3224a8727c456b
data/processed/legacy_xbrl/q4quarter_all/REGN/REGN_q4quarter.csv,5280,True,bca6299e751e6c2bf0827b1c1ad689e911a6f931d5bcb2406228933cfd062aea
data/processed/legacy_xbrl/q4quarter_all/REGN/REGN_q4quarter.parquet,20315,True,23b9873afbe0e4f7af8b069beb424868d39fee16b45e55df60ac4528d9a6eca3
data/processed/legacy_xbrl/q4quarter_all/REGN/REGN_q4quarter_summary.csv,809,True,5b38be95e9197bbfc0690214710acc484e66b9b0ddde953d3c170adb88f6b5af
data/processed/legacy_xbrl/q4quarter_all/REGN/REGN_q4quarter_summary.parquet,2962,True,155f33f8865019b370c13626a4f9f1230faa6a865629999e4d01b375eafec99a
data/processed/legacy_xbrl/q4quarter_all/ROP/ROP_q4quarter.csv,5751,True,e4cbec0b97fc1dfa8cb793618a5521f3a01466792b31090f2835e746d8771270
data/processed/legacy_xbrl/q4quarter_all/ROP/ROP_q4quarter.parquet,21065,True,bb7e034aa759c53a21fe82ed18db171be38dd3c1296a560b717f841b11d4c108
data/processed/legacy_xbrl/q4quarter_all/ROP/ROP_q4quarter_summary.csv,794,True,d959e6c704a223cf059e5955734d5ed12e059aa1cedfa98f2aa28eec6977b8a1
data/processed/legacy_xbrl/q4quarter_all/ROP/ROP_q4quarter_summary.parquet,2938,True,8d2218e628090b1efa471c4ccdbb224858af11f4018e6bc954fe608f546774c4
data/processed/legacy_xbrl/q4quarter_all/ROST/ROST_q4quarter.csv,4769,True,05013d631ed30f55ffe916f6584ed15a49befbb878b03e4561a92a4b7b676c18
data/processed/legacy_xbrl/q4quarter_all/ROST/ROST_q4quarter.parquet,18700,True,c3ec20ffb2efebadea647a934af8578cc8ef78d38c61f9cdcf31b0a66a066ad0
data/processed/legacy_xbrl/q4quarter_all/ROST/ROST_q4quarter_summary.csv,809,True,2dfc025dc8f5e15f57d6696775ab2df5a6246b2eeb7bc7a1c39281b158b83e72
data/processed/legacy_xbrl/q4quarter_all/ROST/ROST_q4quarter_summary.parquet,2941,True,3bf1d2b506fc36c96dcb8045d22b978c48fe21d30afe11c788f09e1894055582
data/processed/legacy_xbrl/q4quarter_all/RSG/RSG_q4quarter.csv,5364,True,52bd633a733c231a938fb080373f08affa6f201530af8d5b41925d264987855a
data/processed/legacy_xbrl/q4quarter_all/RSG/RSG_q4quarter.parquet,19642,True,bcd259af235a6aef480370032d85ab2bb6791fb720b1824819745d1aca4c97f2
data/processed/legacy_xbrl/q4quarter_all/RSG/RSG_q4quarter_summary.csv,794,True,855bdef71dcf6b8b2e18067c3ba78fdb08163579f23a2458328012d2270f7219
data/processed/legacy_xbrl/q4quarter_all/RSG/RSG_q4quarter_summary.parquet,2961,True,6155d9878090819783e4fc9af3b189251f8509da8c611c01945290aa983c98d9
data/processed/legacy_xbrl/q4quarter_all/RTX/RTX_q4quarter.csv,5456,True,945b20d076313c2cc891bee099dca5c51d8c22d606075794378d114ac7d84268
data/processed/legacy_xbrl/q4quarter_all/RTX/RTX_q4quarter.parquet,20765,True,acfb86a1f449a908ec4b282b2f5152da50931cfc3c45adb4412bdb0fa056226b
data/processed/legacy_xbrl/q4quarter_all/RTX/RTX_q4quarter_summary.csv,794,True,ffa761b10ed2eacca0bb78323d560d8269841c2ba9e82a33d8375cb2dc585c11
data/processed/legacy_xbrl/q4quarter_all/RTX/RTX_q4quarter_summary.parquet,2958,True,e910792abad9d484640c86e679884373501fd3ad8cc26aa2481dd2d69fc566d1
data/processed/legacy_xbrl/q4quarter_all/SBUX/SBUX_q4quarter.csv,5716,True,a10e28583cfae6628e860b9b69d4f4658a673de16ded37092770f63ee513fbb2
data/processed/legacy_xbrl/q4quarter_all/SBUX/SBUX_q4quarter.parquet,20437,True,7d852d4a4ff573d268e834e03939d30c9a2ccee044ac438c24b38002b6ad6947
data/processed/legacy_xbrl/q4quarter_all/SBUX/SBUX_q4quarter_summary.csv,810,True,16b1ac27e46e80b513408457ee3fe5599bfcad6dbb949094a945236482bc23c9
data/processed/legacy_xbrl/q4quarter_all/SBUX/SBUX_q4quarter_summary.parquet,2962,True,a2d3b1547a3a0a2917c27db1148aa8da6654e98ce6c4c3696850b399056a8bba
data/processed/legacy_xbrl/q4quarter_all/SCHW/SCHW_q4quarter.csv,4033,True,a0bf1b8290b13b1cd23ddf3c37fe0f811b5fa71cdf8e78b513363bd4a5e3e17d
data/processed/legacy_xbrl/q4quarter_all/SCHW/SCHW_q4quarter.parquet,14350,True,17671f8a63e7dbf191a6d7f5e66ec25e605a5214d89b4224c930980049c1200a
data/processed/legacy_xbrl/q4quarter_all/SCHW/SCHW_q4quarter_summary.csv,810,True,9dca140f52131833e47c427785845703353d9a9b47eea9806596f54aa533b375
data/processed/legacy_xbrl/q4quarter_all/SCHW/SCHW_q4quarter_summary.parquet,2956,True,10fbaca0839edb9a139d5f47ece16eceba38a4320ed632fb198c5ed12a6bed8f
data/processed/legacy_xbrl/q4quarter_all/SHW/SHW_q4quarter.csv,5531,True,25810902d1628c6b936c928c33da0df875974a925da3692f66a524ae66d1a401
data/processed/legacy_xbrl/q4quarter_all/SHW/SHW_q4quarter.parquet,20858,True,72f2f7be8ac3d0afc9f9a3df495bd73583c32d5503a6e4c8eace78760ba795b6
data/processed/legacy_xbrl/q4quarter_all/SHW/SHW_q4quarter_summary.csv,794,True,508e893edea768eb79c01aa1467fba5128c00b3568c505e7ea200bf4f82daa85
data/processed/legacy_xbrl/q4quarter_all/SHW/SHW_q4quarter_summary.parquet,2952,True,3f2dd7e6389be753e82849b2a53079ee61eedb8b5765773b6ea0b22922bbad22
data/processed/legacy_xbrl/q4quarter_all/SLB/SLB_q4quarter.csv,5215,True,c62d8d426f9b585a6d6f37548bf70b8d22ab3c0fe1ce7521567f603ac2fb2f58
data/processed/legacy_xbrl/q4quarter_all/SLB/SLB_q4quarter.parquet,19480,True,816c772fae779edc1f44100c293c53cb73e386c73c5a4b6e4ca7d204a29b4421
data/processed/legacy_xbrl/q4quarter_all/SLB/SLB_q4quarter_summary.csv,794,True,fc3eedc6e28ec9b29efa9b6dfb50de70ffc801b06756ec1ba64ce87e0dfceb44
data/processed/legacy_xbrl/q4quarter_all/SLB/SLB_q4quarter_summary.parquet,2993,True,6ee473d5bf00ccf70cba65a12b38deed5f629870cfeb469277951f2b3980caca
data/processed/legacy_xbrl/q4quarter_all/SNPS/SNPS_q4quarter.csv,5336,True,79134abc51039e4f7c2620b68a64d0daa1d271a7e85ad40e88a571aeefe78c9c
data/processed/legacy_xbrl/q4quarter_all/SNPS/SNPS_q4quarter.parquet,20839,True,6a924d62617282f2e943fc08285ff4a3d5c874e138b04f765e9e090222ef257a
data/processed/legacy_xbrl/q4quarter_all/SNPS/SNPS_q4quarter_summary.csv,809,True,9abce4e6e68b80f976485fda7e6b08e25e00a713c5b8b1d7ce77301748663d27
data/processed/legacy_xbrl/q4quarter_all/SNPS/SNPS_q4quarter_summary.parquet,2978,True,57d9b742e1c284f61b2b066f50a7e7198df0b7faa1f2b3aa6874100a2b411d56
data/processed/legacy_xbrl/q4quarter_all/SO/SO_q4quarter.csv,5053,True,c0cc034afb01bc24844dfc21a1557ff7f70eb4b95cfcb14032d5c7dd54a82a05
data/processed/legacy_xbrl/q4quarter_all/SO/SO_q4quarter.parquet,18052,True,4170081ec157d213304023305b38f1a010bb486077d8cae3bf9396fbfbca8f74
data/processed/legacy_xbrl/q4quarter_all/SO/SO_q4quarter_summary.csv,778,True,ea601e0abd0514b95a0a925d210d089e774e4aaf41f6bf2f1d75598dd76a4008
data/processed/legacy_xbrl/q4quarter_all/SO/SO_q4quarter_summary.parquet,2943,True,aab27972f5f1dffda8572ab1f360ae6577f646a06b50edc25d4739a5c859987f
data/processed/legacy_xbrl/q4quarter_all/SPG/SPG_q4quarter.csv,3709,True,c6285ff2cfd49d5ada0749da5bd25ffa5a08117bab89dbc87bc1541baa34266e
data/processed/legacy_xbrl/q4quarter_all/SPG/SPG_q4quarter.parquet,14977,True,510bdbb49be125d72f2ea02a850a4e86bdc2ad1cf081a35c4e074db69026b65a
data/processed/legacy_xbrl/q4quarter_all/SPG/SPG_q4quarter_summary.csv,794,True,7c6c8c6e618b78841c66ca5983aa4325f6d4e3a746cfda4ff85c9add5afd7bc9
data/processed/legacy_xbrl/q4quarter_all/SPG/SPG_q4quarter_summary.parquet,2973,True,4d6706800dfda3b5150c63f75bf6e29ab6214d584114c942bd93989399f04e0e
data/processed/legacy_xbrl/q4quarter_all/SPGI/SPGI_q4quarter.csv,5401,True,cbc4d04ad38c4bdf27df82f0cdc4bdd48eb75a0fb2a36d49c7d3f47464ab8f97
data/processed/legacy_xbrl/q4quarter_all/SPGI/SPGI_q4quarter.parquet,20238,True,a32e6d51bff9eb0c112b8e0e2f2aacdfc886489fb912a458747516ffcc03d7d7
data/processed/legacy_xbrl/q4quarter_all/SPGI/SPGI_q4quarter_summary.csv,810,True,c4ec05fde84fc2074e0e790221ca1bfcd830fcf97a1f2c9c74d9c5cb05303a46
data/processed/legacy_xbrl/q4quarter_all/SPGI/SPGI_q4quarter_summary.parquet,2960,True,bd6b665d9a30daa0433118b243b29e740275672278ac946de11ffdf7f29824cc
data/processed/legacy_xbrl/q4quarter_all/SRE/SRE_q4quarter.csv,5175,True,d70a9bd94161c5c083e27636e376ce7763ecc0081214b671568e79a50df0e7e0
data/processed/legacy_xbrl/q4quarter_all/SRE/SRE_q4quarter.parquet,18905,True,f151d7c6585f9e1e9eff5ff5ecf8085d0ac46488e35a7a20c79b07ef7ba19862
data/processed/legacy_xbrl/q4quarter_all/SRE/SRE_q4quarter_summary.csv,794,True,2c0dea2b29e5f4a581ddacfbc426354f3187dd6af6040992e029cafebbfdeaac
data/processed/legacy_xbrl/q4quarter_all/SRE/SRE_q4quarter_summary.parquet,2923,True,2f81aaeb6c8c232ed6a2becd518aff80ad4d9120d9dce1b12a5bc3d3cc68d9ed
data/processed/legacy_xbrl/q4quarter_all/SYK/SYK_q4quarter.csv,5976,True,9d9c0d516cbd70b7c0f992fddbb8d7a433c2985abeeaac6a915f11a771daeb45
data/processed/legacy_xbrl/q4quarter_all/SYK/SYK_q4quarter.parquet,21678,True,54215876dd7fe2802f53310c4b6dad62fe5c626adc8e52279a08582216a54995
data/processed/legacy_xbrl/q4quarter_all/SYK/SYK_q4quarter_summary.csv,794,True,27d96a1b2c5a882df5aadcfa72fbbbc5dbaeb55096d3d0fb59d4c9af21f60060
data/processed/legacy_xbrl/q4quarter_all/SYK/SYK_q4quarter_summary.parquet,2942,True,4ca33c32d608c7ced7693c017c9da6d8b5ff69ec22da6a2a2974c6f25ddb4301
data/processed/legacy_xbrl/q4quarter_all/T/T_q4quarter.csv,5370,True,508a1ddb17e3162d7012566b49302dfaae34fad460aba5577413a986c3fdfabf
data/processed/legacy_xbrl/q4quarter_all/T/T_q4quarter.parquet,19519,True,07085414927ea541d519fa2ea3928a09a23c75776644caf17b39200d57a2a504
data/processed/legacy_xbrl/q4quarter_all/T/T_q4quarter_summary.csv,762,True,eca22552b9e956de5630768041179217a912cc0adced0c742c9030ab9ae84c0b
data/processed/legacy_xbrl/q4quarter_all/T/T_q4quarter_summary.parquet,2949,True,992184dd75a9cae8bd69b3b4239d971a9784074fea7a9787f2f5001f46b7a88e
data/processed/legacy_xbrl/q4quarter_all/TDG/TDG_q4quarter.csv,4781,True,a55566202deab4560f43d29bee7e5b1c09ae040c8df54e0652588eda7ef556fb
data/processed/legacy_xbrl/q4quarter_all/TDG/TDG_q4quarter.parquet,20546,True,62bf8ba925e008e4aa2862755853fdff21c8adf7fff7128d5f520caaf315c52f
data/processed/legacy_xbrl/q4quarter_all/TDG/TDG_q4quarter_summary.csv,793,True,f292f4715f29c97a05e8a3a6a049542588df4ea5d8c270133af79a6dc6f09aef
data/processed/legacy_xbrl/q4quarter_all/TDG/TDG_q4quarter_summary.parquet,2999,True,ff7baa63f503bf392ef8b10ba5646a62cc6011dc715d2ddb3ca60ff6d766b1ae
data/processed/legacy_xbrl/q4quarter_all/TEAM/TEAM_q4quarter.csv,1037,True,ba8e6dcdb24a447af3d2355ed555531c8b946e73e038bb5960a908397645ba0d
data/processed/legacy_xbrl/q4quarter_all/TEAM/TEAM_q4quarter.parquet,17233,True,d05f741d21a88d658f21aea3b00affa8c713e289ecc389827dde57a9eeb5b896
data/processed/legacy_xbrl/q4quarter_all/TEAM/TEAM_q4quarter_summary.csv,124,True,735c81621fb11293c68c64b73b6e26ef1d61eb1f3120d44befc46b8a00dad266
data/processed/legacy_xbrl/q4quarter_all/TEAM/TEAM_q4quarter_summary.parquet,2796,True,d2c0dba5afc1a1d4c5488e5699d7cd18c75382e34b30a651ac103d2e2ac25972
data/processed/legacy_xbrl/q4quarter_all/TEL/TEL_q4quarter.csv,5386,True,cf6a5bac951b99df67189d18ac4eed053889ced92b4d80208118480eae56843d
data/processed/legacy_xbrl/q4quarter_all/TEL/TEL_q4quarter.parquet,19515,True,68ca3b68482cfe71d35f981d643008e334ed467854e28ec57232107f62525e33
data/processed/legacy_xbrl/q4quarter_all/TEL/TEL_q4quarter_summary.csv,794,True,5f3146c90f05fcb75e748f692aa5f82b9f9180c323d9fe6da8b99c8c351e3eb7
data/processed/legacy_xbrl/q4quarter_all/TEL/TEL_q4quarter_summary.parquet,2983,True,bd17faea448f7dff03a6cd61a7bcbbfeb1ea82435f85523a313fab89c9b05f1d
data/processed/legacy_xbrl/q4quarter_all/TFC/TFC_q4quarter.csv,4165,True,9ec81eac5166f6e9aa9c77de3b0f882862656cf7cb038a30607fc06eff095cbb
data/processed/legacy_xbrl/q4quarter_all/TFC/TFC_q4quarter.parquet,14567,True,3dc40fcacfc747a1dc18d40e1d5fd7786be1106482456bbef4946322702fbf87
data/processed/legacy_xbrl/q4quarter_all/TFC/TFC_q4quarter_summary.csv,794,True,c90dbf2549508d576e00a0005dfae17c36092b8435ded7ef943679ff22e924ab
data/processed/legacy_xbrl/q4quarter_all/TFC/TFC_q4quarter_summary.parquet,2950,True,14ccc8dbc2af5ac6f2174e947e5dcace9234c5a06e07ceaf8abba45517025e2a
data/processed/legacy_xbrl/q4quarter_all/TGT/TGT_q4quarter.csv,4979,True,2380c08d75709df348307da61107d1e9696600b8bfa47ca0cf1e777da5c5c970
data/processed/legacy_xbrl/q4quarter_all/TGT/TGT_q4quarter.parquet,18607,True,9846d78a266b9b88eb10da5dce2089225eb0912ad62234066c39c8435505702b
data/processed/legacy_xbrl/q4quarter_all/TGT/TGT_q4quarter_summary.csv,794,True,11a2b989cf710508257b9822d0cb29b9b93f5f4e96c83e92eb05359bd3ee4a47
data/processed/legacy_xbrl/q4quarter_all/TGT/TGT_q4quarter_summary.parquet,2956,True,7a1955706068dcaa2030934ea3c1d3e6d7c38c7cc1a4f69f33116eb2be8ffb94
data/processed/legacy_xbrl/q4quarter_all/TJX/TJX_q4quarter.csv,5245,True,da5d376254eca49bd390a7c24ed4a072b9c99c5c398971ed6e00dc8983f07c54
data/processed/legacy_xbrl/q4quarter_all/TJX/TJX_q4quarter.parquet,20084,True,18174580e16e3301c5ed2f04dfe1dbc508faafe6b3799592b79403eee3e1a283
data/processed/legacy_xbrl/q4quarter_all/TJX/TJX_q4quarter_summary.csv,794,True,3ed8275093c95c3a09fda7290aeed3b0f99c767a8b9c38d40ef0f0ecb5778a7e
data/processed/legacy_xbrl/q4quarter_all/TJX/TJX_q4quarter_summary.parquet,2980,True,b031eb2e7d2833568ebc9dcb556474ff9b8c296f5620e66c7f2721ff6c22f701
data/processed/legacy_xbrl/q4quarter_all/TMO/TMO_q4quarter.csv,5678,True,19691119d05dd28d45640cc7cb7637ed993ae49217bee2e76e9fcae996a46460
data/processed/legacy_xbrl/q4quarter_all/TMO/TMO_q4quarter.parquet,21508,True,0687b1ea3129424a406bcdca9bef8d4a21bb34e01b42cef05e80df20d5bc4da4
data/processed/legacy_xbrl/q4quarter_all/TMO/TMO_q4quarter_summary.csv,794,True,54fa749a3cf16670be9e55cdc9c47b7f6231f78d906aa949bc3e7c443c0bf1ce
data/processed/legacy_xbrl/q4quarter_all/TMO/TMO_q4quarter_summary.parquet,2926,True,012ea0cc82bb89091efff80958486106af0c971a2628f88ce2814349034c3425
data/processed/legacy_xbrl/q4quarter_all/TMUS/TMUS_q4quarter.csv,5210,True,5371fb02dda5aa3b26fce0b3d8cad69d9602f2755263f61aae3f081ec08ba71c
data/processed/legacy_xbrl/q4quarter_all/TMUS/TMUS_q4quarter.parquet,20054,True,230b1635e5051230ad450e7fdcd6d0de8f4826b69248d4e82e31c58e06645b52
data/processed/legacy_xbrl/q4quarter_all/TMUS/TMUS_q4quarter_summary.csv,809,True,0cc556c5b73dd224923c9a709fb897a1631802a0464bce354d02a92cb253b3ff
data/processed/legacy_xbrl/q4quarter_all/TMUS/TMUS_q4quarter_summary.parquet,2958,True,9cd70ec81018237deb75c0f25de806b3c0672249c6400fe752865a96d397f814
data/processed/legacy_xbrl/q4quarter_all/TRV/TRV_q4quarter.csv,3630,True,09eee54029071051c1d8ca347cf88dc5009228a677882585c53ed6c78b1b8a43
data/processed/legacy_xbrl/q4quarter_all/TRV/TRV_q4quarter.parquet,13799,True,f5ec4cb00aff3c77680a7e0594f8e1f3772f494cf5badefc80da231a179b470f
data/processed/legacy_xbrl/q4quarter_all/TRV/TRV_q4quarter_summary.csv,794,True,efe3abcebf2b1e7bc92e20d3e1934831c8559e161b590dfe560c0aad0584c645
data/processed/legacy_xbrl/q4quarter_all/TRV/TRV_q4quarter_summary.parquet,2950,True,285592c3b482e8068d7bf25bbd21f5f7cde3f05922430ef2051a8c89dbc3c3e3
data/processed/legacy_xbrl/q4quarter_all/TSLA/TSLA_q4quarter.csv,5170,True,10ce623e00b86d22e24342c5ef5d47e4955e32a30df6a32856718fc821ebb822
data/processed/legacy_xbrl/q4quarter_all/TSLA/TSLA_q4quarter.parquet,21329,True,9428d3f21f58da6e63f47cdaaed815ce99e4177b7a13dd2d1564cce83f3a8c24
data/processed/legacy_xbrl/q4quarter_all/TSLA/TSLA_q4quarter_summary.csv,760,True,0322ff37f5a287e4ec674fe99502ae9abffba77657b3004c4e7988738261f7ce
data/processed/legacy_xbrl/q4quarter_all/TSLA/TSLA_q4quarter_summary.parquet,2996,True,160d7a35aced51fde4bbcd2379b9807df9d44d9a94a7b7e3eb88d56539553fcf
data/processed/legacy_xbrl/q4quarter_all/TT/TT_q4quarter.csv,5437,True,ccc9b218247e04421ba85cbc1759b1a2b654b9ca1539b46745d79c0679a0d412
data/processed/legacy_xbrl/q4quarter_all/TT/TT_q4quarter.parquet,19573,True,3899185788fac6f90feddaa6091fc31fd75e3bdcf332e582ae94ae3359ce9538
data/processed/legacy_xbrl/q4quarter_all/TT/TT_q4quarter_summary.csv,778,True,f64f0dc239853f33348fe288b8e83d33beab16f902fc90d2fbed272467e42019
data/processed/legacy_xbrl/q4quarter_all/TT/TT_q4quarter_summary.parquet,2978,True,e21ef0cdbb488362490d9cb318f997b74a704173c1cf46006c9c9df80127add6
data/processed/legacy_xbrl/q4quarter_all/TTD/TTD_q4quarter.csv,3120,True,42514d4d0c2ac2ec3bf6757b225033b3391f354471cc6127736cccd9feafc88d
data/processed/legacy_xbrl/q4quarter_all/TTD/TTD_q4quarter.parquet,17935,True,12d2518b48b8ff72201fcc0735d58fab3ce94a0a2814c44cf6645e319c017c10
data/processed/legacy_xbrl/q4quarter_all/TTD/TTD_q4quarter_summary.csv,458,True,9dded6edabfb036c9d991e9822df55dccabc45cb4a8849a03e225e123aea73e5
data/processed/legacy_xbrl/q4quarter_all/TTD/TTD_q4quarter_summary.parquet,2904,True,6772cb9e9e4c127bb0d80956e3a314dd4167b0340bd0962842e4e30ec0e9ac42
data/processed/legacy_xbrl/q4quarter_all/TTWO/TTWO_q4quarter.csv,4939,True,c7bef4e2da920e26d05e71e13e50aca1eedfd009f190e1c4b67b70b57c9a087b
data/processed/legacy_xbrl/q4quarter_all/TTWO/TTWO_q4quarter.parquet,20791,True,2f230e5717c26fca547fca140c0fb993b33b23a4a0e2fc0b63e2ac5223ea2739
data/processed/legacy_xbrl/q4quarter_all/TTWO/TTWO_q4quarter_summary.csv,808,True,475aed2bac24ee0e63c99df8f933e30f0d6cf6b002c36ec98f806ef4af097a5e
data/processed/legacy_xbrl/q4quarter_all/TTWO/TTWO_q4quarter_summary.parquet,2998,True,3c76747fee4036cf2121ad8d9e6ba5e7e2bf312492da4a7683fc2795e364132a
data/processed/legacy_xbrl/q4quarter_all/TXN/TXN_q4quarter.csv,5488,True,e00f563acf7c4d3f49bb96fea29e63dfc2cfb97177bf0014b723544e7a9a07ff
data/processed/legacy_xbrl/q4quarter_all/TXN/TXN_q4quarter.parquet,19418,True,ed16630f6389025c556a9a7b6dd02719f0087ceef2d06da0cb5064c1116f0773
data/processed/legacy_xbrl/q4quarter_all/TXN/TXN_q4quarter_summary.csv,794,True,897004c82c4188312749d5130754417d4f197f2c61a2804db33e69f8e936f185
data/processed/legacy_xbrl/q4quarter_all/TXN/TXN_q4quarter_summary.parquet,2953,True,a3a6486c618cc3adf18ce86c6ccee45600f1d7e344c33c660b2097e9d0ec0bc7
data/processed/legacy_xbrl/q4quarter_all/UBER/UBER_q4quarter.csv,2446,True,4e925a448e01fa4512aca94db2c55cbbf460a98ef6501998c70ae72cb160c534
data/processed/legacy_xbrl/q4quarter_all/UBER/UBER_q4quarter.parquet,18032,True,08c50bd98c48b72f34307437d1a2681a172d30676a051019d6372ff4bea0faed
data/processed/legacy_xbrl/q4quarter_all/UBER/UBER_q4quarter_summary.csv,320,True,4591c9840107f55571e71fd45ed44a960b97cae978da7c0da4b8fdf203b0fa87
data/processed/legacy_xbrl/q4quarter_all/UBER/UBER_q4quarter_summary.parquet,2837,True,0f9d5194cf8da7ec5d3e6106a19d63a827e1e4339f472c7ef28c6b17f0daf9a4
data/processed/legacy_xbrl/q4quarter_all/UNH/UNH_q4quarter.csv,5693,True,bae7d850f3e7e971e21010e601e6a794251a45a1c02e0e37c019b5c366ff875a
data/processed/legacy_xbrl/q4quarter_all/UNH/UNH_q4quarter.parquet,19582,True,7a4da9af5b7b7ff1a6c8f0171a505a153fdefee79e1ba33205216d2d803af211
data/processed/legacy_xbrl/q4quarter_all/UNH/UNH_q4quarter_summary.csv,794,True,35ef2631f1daa66b9eeb1aeecf26c867c9b0ce66e1726221846b51f8da78a0c4
data/processed/legacy_xbrl/q4quarter_all/UNH/UNH_q4quarter_summary.parquet,2937,True,a89618a0dc145c59ad000ac213b9976935b93b7569058b474b2a96ff6426a0b8
data/processed/legacy_xbrl/q4quarter_all/UNP/UNP_q4quarter.csv,5049,True,dcb84d4484c6838599634a11561a6b8cda98ff2fa4f7f81e3e3cc857ebd24a1d
data/processed/legacy_xbrl/q4quarter_all/UNP/UNP_q4quarter.parquet,18065,True,cee54fa777482a27db73eb5e296f72e256c2d452b133f6ae5047af636b7473aa
data/processed/legacy_xbrl/q4quarter_all/UNP/UNP_q4quarter_summary.csv,794,True,8ae7b2f329771f86bd8df3ac14c1beb71d6d3119986e764fd0ecc307e329d8d9
data/processed/legacy_xbrl/q4quarter_all/UNP/UNP_q4quarter_summary.parquet,2981,True,6a4a9d125f81be9bf97b154d301e70f3a3e828934d9be83603cc40239c62899b
data/processed/legacy_xbrl/q4quarter_all/UPS/UPS_q4quarter.csv,5285,True,27b5aa7f5092cb7b8559f2ab358f43b2efc6512bc432a54879ada988189bc0de
data/processed/legacy_xbrl/q4quarter_all/UPS/UPS_q4quarter.parquet,18163,True,50520e865a437ae4e35beb0ed0d6e7f51dffb3e94442c869d5b52e5aa6e46bd9
data/processed/legacy_xbrl/q4quarter_all/UPS/UPS_q4quarter_summary.csv,794,True,6d99b59d8e486116c25ad0233e59d459f9f55da4bfae05f08ce3a01d4089a956
data/processed/legacy_xbrl/q4quarter_all/UPS/UPS_q4quarter_summary.parquet,2946,True,4c7cc15119452e8d3d3cd658d5720fec630ee1d23ace5c10fb267725fd9cdc67
data/processed/legacy_xbrl/q4quarter_all/URI/URI_q4quarter.csv,4648,True,290321082f9cda859b59c4e2bd4bc340dcdc57912532f5f94203809cedf9566c
data/processed/legacy_xbrl/q4quarter_all/URI/URI_q4quarter.parquet,20384,True,0d4fe68887304b809b223ff8f6c5609438d5016c2d0af0ce07a4eac37d00c779
data/processed/legacy_xbrl/q4quarter_all/URI/URI_q4quarter_summary.csv,791,True,bc85a30c7816000602def04e0735b71e8d29a84bcfdc4b66ba90f7853b6ef6c9
data/processed/legacy_xbrl/q4quarter_all/URI/URI_q4quarter_summary.parquet,2945,True,2547263c276cf1f9318c1f4d13a7998bfe208e25f211f24bc4425ec0a1b75e32
data/processed/legacy_xbrl/q4quarter_all/USB/USB_q4quarter.csv,3843,True,a3c02e36c089467726a7b6a2d5b9cc38d3da161e0bc953c78abd920f56070bea
data/processed/legacy_xbrl/q4quarter_all/USB/USB_q4quarter.parquet,13695,True,b99c2464a79c7b37e60f932d5aea6cf94d75c71705eab507d2123aa8cc794c05
data/processed/legacy_xbrl/q4quarter_all/USB/USB_q4quarter_summary.csv,794,True,59a982bc2941c0dbcfeedb6059be39b5cb8669af02ee542008c048e5e895d13d
data/processed/legacy_xbrl/q4quarter_all/USB/USB_q4quarter_summary.parquet,2996,True,59741d8984fa1532f5edba421d66ea09a4b28dc72d7c361c93f471845af1671e
data/processed/legacy_xbrl/q4quarter_all/V/V_q4quarter.csv,5166,True,cbe80594fb67f2fbf3804ccc0d4fef704d69fbc63f1f5e5434896908db05df48
data/processed/legacy_xbrl/q4quarter_all/V/V_q4quarter.parquet,17567,True,e9b473e8b5b635abca34db44094923df8a4bd302f5d55be316d81a35f3ea498f
data/processed/legacy_xbrl/q4quarter_all/V/V_q4quarter_summary.csv,762,True,e71b73f9e3df10a36f9fa2212ec411bd668972a89aa68403c68bda48f77af550
data/processed/legacy_xbrl/q4quarter_all/V/V_q4quarter_summary.parquet,2955,True,b6106ec4b0e7496ec5d49776bddd8956975894f88411cd2d9047a3081b4537a1
data/processed/legacy_xbrl/q4quarter_all/VRSK/VRSK_q4quarter.csv,4713,True,8d0a13e1045e7198a6b6d53518f190298c0939c5091a89fec35f01e11747441d
data/processed/legacy_xbrl/q4quarter_all/VRSK/VRSK_q4quarter.parquet,18763,True,37f60eb0474ef10da29f641f0aed8b1d373b0da3fd5a3a6bf5b2a968b943ad01
data/processed/legacy_xbrl/q4quarter_all/VRSK/VRSK_q4quarter_summary.csv,808,True,dbad811debc722fda93d16930e53e9a285c420e36e85c35aa1e054d2b06270c4
data/processed/legacy_xbrl/q4quarter_all/VRSK/VRSK_q4quarter_summary.parquet,2999,True,7e594ff1bc6197069f4e172f5fc054dac347f65d3daf74c8c77e10835a1dba6d
data/processed/legacy_xbrl/q4quarter_all/VRTX/VRTX_q4quarter.csv,5318,True,dc1fe15f1e7aa84e81ef652ab506119b8129d70c8b34b15a076921080a5dafa5
data/processed/legacy_xbrl/q4quarter_all/VRTX/VRTX_q4quarter.parquet,20867,True,6fef5d9fe0f410724b082713a26d1e7cd278ad4db4fedc6d7f77d844252317bd
data/processed/legacy_xbrl/q4quarter_all/VRTX/VRTX_q4quarter_summary.csv,809,True,9acc1bd69f70ebbfc1b76b88c39f08db744674247290eec92cca8614f97ab9a4
data/processed/legacy_xbrl/q4quarter_all/VRTX/VRTX_q4quarter_summary.parquet,2957,True,078c4cc58193ed6e25d54f8206a2f9d4448b990cd6b60554e1e82b6ae82ed0b4
data/processed/legacy_xbrl/q4quarter_all/VST/VST_q4quarter.csv,2823,True,84f080ddc1c99916400a7bbddcf8e08cfd9ce225c4a120f3f16de4aabfb266de
data/processed/legacy_xbrl/q4quarter_all/VST/VST_q4quarter.parquet,17611,True,14c8309f83cfae6a32039a98c90f3d858b707cedc15a45252a8ce8a7828f6ee8
data/processed/legacy_xbrl/q4quarter_all/VST/VST_q4quarter_summary.csv,410,True,d843405c1389f9d8780383501cefd8013f9da149b50f6815b7aa73713fc7cc57
data/processed/legacy_xbrl/q4quarter_all/VST/VST_q4quarter_summary.parquet,2843,True,0f616bc0174977b58e8ab4e92f7d820c692dc2387af3994c5b3ef8c1889fe051
data/processed/legacy_xbrl/q4quarter_all/VZ/VZ_q4quarter.csv,5424,True,0b82553e40afab9ac79dc0219d2941ff19593a5ae80daa1af5e45f96d98b4150
data/processed/legacy_xbrl/q4quarter_all/VZ/VZ_q4quarter.parquet,18952,True,64ff774211ffad08d400bc3ffd81121700f358e5fa4b6055637e95412ccc9d55
data/processed/legacy_xbrl/q4quarter_all/VZ/VZ_q4quarter_summary.csv,778,True,40dc96716c46f0a8b504b0c3342ebd777b1cc07b2a200bc1c157f18befbdedd5
data/processed/legacy_xbrl/q4quarter_all/VZ/VZ_q4quarter_summary.parquet,2953,True,d01019f63c538b0585e11bfe7e6027108f5c8623bfe1050e006613fd7fda64a9
data/processed/legacy_xbrl/q4quarter_all/WBD/WBD_q4quarter.csv,4948,True,197f0c6603118489af8cbb92f1fac449101b618c6ac81471d662d85782f885ec
data/processed/legacy_xbrl/q4quarter_all/WBD/WBD_q4quarter.parquet,18759,True,e9e72b04cd148af1a9b79409f5cc7be835ae402c1f3cc7319bb5d54210003277
data/processed/legacy_xbrl/q4quarter_all/WBD/WBD_q4quarter_summary.csv,794,True,0161edebe124c285026a8369067a8628a3defb796ceee6811a72bc29c61f8cb8
data/processed/legacy_xbrl/q4quarter_all/WBD/WBD_q4quarter_summary.parquet,2966,True,543b8a18564fdc7d39ef6699fc796c81620882c49e44456f0aca075b0b410188
data/processed/legacy_xbrl/q4quarter_all/WDAY/WDAY_q4quarter.csv,3934,True,497592c22f462abf966b53148770b4ee9187f4ddaf97b11e9d2e1729c92a8b14
data/processed/legacy_xbrl/q4quarter_all/WDAY/WDAY_q4quarter.parquet,18844,True,5d976a48d0204d0cda2352215d0b34030cde5ca03461bfcf2ac13c30cb0519da
data/processed/legacy_xbrl/q4quarter_all/WDAY/WDAY_q4quarter_summary.csv,663,True,0d170d677969f6034e8b19fd092f4b96ec44e143b05bb974aaeaaf94669ed1bf
data/processed/legacy_xbrl/q4quarter_all/WDAY/WDAY_q4quarter_summary.parquet,2936,True,5704316d4c258d0d01cf6378f21fcfcd3f1b1cfd6db55855ecbd46d1be161503
data/processed/legacy_xbrl/q4quarter_all/WELL/WELL_q4quarter.csv,3546,True,a01af19908991a1572eba68f355736cccd8959cc00f28fd2926a1252eda09ffd
data/processed/legacy_xbrl/q4quarter_all/WELL/WELL_q4quarter.parquet,14509,True,ab013bdb4aa3a1d2ea18d820aaef0af4d17f5ce0bf6b8ba7e2ff46fc6b56fc4b
data/processed/legacy_xbrl/q4quarter_all/WELL/WELL_q4quarter_summary.csv,808,True,017cde92c3fc281c6a4b2b5928f41110e5470feff5f7e1e0d1b78114759f4966
data/processed/legacy_xbrl/q4quarter_all/WELL/WELL_q4quarter_summary.parquet,2951,True,3a3e8eb03b1e40789f557cdbe50d398583cf4155ea1e1df9aa962903f6d3f561
data/processed/legacy_xbrl/q4quarter_all/WFC/WFC_q4quarter.csv,3516,True,48748f08034f66105250a7b9938626a2492d9a14838aefcaa76b6caefb713db5
data/processed/legacy_xbrl/q4quarter_all/WFC/WFC_q4quarter.parquet,12343,True,f65fa8309d991d86cc45562b9670d42caaaf2cc21c85aaf335164ab252c3ad9c
data/processed/legacy_xbrl/q4quarter_all/WFC/WFC_q4quarter_summary.csv,794,True,e3c953af62226613de602f1c20327aedccf74a50b6edf748b070529b21d84114
data/processed/legacy_xbrl/q4quarter_all/WFC/WFC_q4quarter_summary.parquet,2971,True,ce77b59a997321c47371fbac8c9a9b5a32bd895fb9f6bb69c306504afc4bbc96
data/processed/legacy_xbrl/q4quarter_all/WM/WM_q4quarter.csv,5228,True,38bbf6e46598a3ff1f64aff205921cc3209472b0c54c605dbff0b751285fd9ce
data/processed/legacy_xbrl/q4quarter_all/WM/WM_q4quarter.parquet,19480,True,d7a4390afd891fed1e9c79e8942e03074e955253b8d85b784c5c5c15d3ac6548
data/processed/legacy_xbrl/q4quarter_all/WM/WM_q4quarter_summary.csv,778,True,83dbea2aec7b01979e1d1c319314c31779082da3be5424cc6466e6c3c00721ac
data/processed/legacy_xbrl/q4quarter_all/WM/WM_q4quarter_summary.parquet,2999,True,3dfcaa279b722982ac98881f846b108314b797e447df1ff63e6f671a5f40dbc8
data/processed/legacy_xbrl/q4quarter_all/WMB/WMB_q4quarter.csv,5100,True,872b9a4de15146fb2e1dd6d8121e7cac83fd092008cef84f99976bae46b06bfd
data/processed/legacy_xbrl/q4quarter_all/WMB/WMB_q4quarter.parquet,19371,True,3843b7f63b142c4e7f3f25f91263322a46cea167c2b99878c22e77fc6de2146f
data/processed/legacy_xbrl/q4quarter_all/WMB/WMB_q4quarter_summary.csv,794,True,3f552810329c4bed2131d8b94cfadbecaa57e749efa5db3be0cec3bb255bd8fd
data/processed/legacy_xbrl/q4quarter_all/WMB/WMB_q4quarter_summary.parquet,2951,True,d5ffc8b5ba5b740f70035221a2f3e055b5ac833015c3d2328940d49cfafa701c
data/processed/legacy_xbrl/q4quarter_all/WMT/WMT_q4quarter.csv,5708,True,778589d9a7871512dab506dbb1155e36ce865afac6bd741d8596229f15f446e5
data/processed/legacy_xbrl/q4quarter_all/WMT/WMT_q4quarter.parquet,20345,True,7bfbefa8f4b8000c33dba1c3e725cc1189a972f501259df5e263e5c2145a946f
data/processed/legacy_xbrl/q4quarter_all/WMT/WMT_q4quarter_summary.csv,794,True,e123b9302a1864f3258a1212617d8018daf0ec836e5c435e87701ce74142cdb4
data/processed/legacy_xbrl/q4quarter_all/WMT/WMT_q4quarter_summary.parquet,2948,True,46796ba25b23345c4ce57baddf06af4e355d8bdb43efdf32dfafcf6319817f62
data/processed/legacy_xbrl/q4quarter_all/XEL/XEL_q4quarter.csv,5314,True,28f8980c0ceb62c4b8ed094beb753ba640702b9df30c087f1de86b16e95144f5
data/processed/legacy_xbrl/q4quarter_all/XEL/XEL_q4quarter.parquet,18784,True,4d78baecb277c28239942dfd6e25af66b987fae76b8f8ddf859473497dbabe2b
data/processed/legacy_xbrl/q4quarter_all/XEL/XEL_q4quarter_summary.csv,794,True,01c5a7db011405bff399e6560bbacf030d37912ad8ba8f6dba43e1e3476b4603
data/processed/legacy_xbrl/q4quarter_all/XEL/XEL_q4quarter_summary.parquet,2963,True,ef0079443da9e4c63d2b7030514eb4a8a97bd79788a5aa3c45443cec5429866f
data/processed/legacy_xbrl/q4quarter_all/XOM/XOM_q4quarter.csv,5585,True,f20c4ece4a2291ddc19cbb9cfc43a43480fde5fdc4589eebdae545866901495c
data/processed/legacy_xbrl/q4quarter_all/XOM/XOM_q4quarter.parquet,19645,True,9c0d08266d2084e40421ca40d3722e2fe877d84f140fd65e849c6ffa72cf5e63
data/processed/legacy_xbrl/q4quarter_all/XOM/XOM_q4quarter_summary.csv,794,True,c1d8d45f8cb261c33848360ee1444106a0a7256384a360714932bacbfdca7a01
data/processed/legacy_xbrl/q4quarter_all/XOM/XOM_q4quarter_summary.parquet,2946,True,c62a31d8d4ed589fb277d16b1277750f879389abdd0b0930d14c2f6a907eb9b9
data/processed/legacy_xbrl/q4quarter_all/ZS/ZS_q4quarter.csv,2410,True,84d0ab5096416c18444155fadd4300295e50d2c35ea9530cb22639a11b11664d
data/processed/legacy_xbrl/q4quarter_all/ZS/ZS_q4quarter.parquet,17337,True,7d4327d30107e5110b15423ecdc64e61adeed3bc8e40f7bef97acbc512369297
data/processed/legacy_xbrl/q4quarter_all/ZS/ZS_q4quarter_summary.csv,355,True,98fc9585167b6d77809d507da34fdc70230331c9facf8bfe00fe583c905e2651
data/processed/legacy_xbrl/q4quarter_all/ZS/ZS_q4quarter_summary.parquet,2864,True,9f781bb2b263f11cc3615ad6baa7570c798f294fe5743a4b16bd01c8089fe0fd
data/processed/legacy_xbrl/q4quarter_all/ZTS/ZTS_q4quarter.csv,4308,True,05f62afea18dc8b48755e68f26d8726f7028bbae284dc516213b09f0ea0d6614
data/processed/legacy_xbrl/q4quarter_all/ZTS/ZTS_q4quarter.parquet,19601,True,00fab42fc3384abb3a4d799b16cbd902eeb7c9c2341cc7247ea2799221f946cb
data/processed/legacy_xbrl/q4quarter_all/ZTS/ZTS_q4quarter_summary.csv,649,True,999ccc208947f77e9155507373e93e5057cacf73b79cecc152d32371a9f7fa16
data/processed/legacy_xbrl/q4quarter_all/ZTS/ZTS_q4quarter_summary.parquet,2924,True,2bda3af3cab093aeb566f164d60b543bac5269fed127554c871c67aa7134fb21
data/processed/legacy_xbrl/regex_all/AAPL/AAPL_pre2019_regex.csv,16844,True,1d543d17a9acb54d2b7ae2696a24d52595be250754c4862ac0db3f711fdba352
data/processed/legacy_xbrl/regex_all/AAPL/AAPL_pre2019_regex.parquet,26304,True,1da14b78df23fba9ff3b993362670e9a084baace30400e764e5aacb2f5e51d20
data/processed/legacy_xbrl/regex_all/AAPL/AAPL_pre2019_summary.csv,2474,True,5e7040e6e6b08a7dba52ad8778bcebc6f1b4e204998a801f16730b9271295f6d
data/processed/legacy_xbrl/regex_all/AAPL/AAPL_pre2019_summary.parquet,3320,True,b756ecf9d708e473046e7b15fd3a23fd9800df9808d94cf1ab196d058676dd5a
data/processed/legacy_xbrl/regex_all/ABBV/ABBV_pre2019_regex.csv,10634,True,4f9f8de9cc41ecc10db2d31295a167b5c6ebc398242850d344e7bb8b4fc38c16
data/processed/legacy_xbrl/regex_all/ABBV/ABBV_pre2019_regex.parquet,20899,True,c575ab50b8f0c966d8e6b7422505f37a168b4a6ba51183e0e722017817959ae0
data/processed/legacy_xbrl/regex_all/ABBV/ABBV_pre2019_summary.csv,1839,True,6d05916be09f28a6bcbdb6e85346fb9f485bcd043d5fd51b325df3d11982edd6
data/processed/legacy_xbrl/regex_all/ABBV/ABBV_pre2019_summary.parquet,3139,True,cc2fb135bb5590478cb2fd332d8b8ba815aab2e1c5b2423acb5af7fa5a72b2d4
data/processed/legacy_xbrl/regex_all/ABNB/ABNB_pre2019_regex.csv,3908,True,7d0cf5170a65744b491a03d5bc72e59f74eea73f27426121a882dd2a9c85a6bb
data/processed/legacy_xbrl/regex_all/ABNB/ABNB_pre2019_regex.parquet,15186,True,a2af13f5c6138200a76d13b72a13b88618dded3efe751a85293a14e1f31923f5
data/processed/legacy_xbrl/regex_all/ABNB/ABNB_pre2019_summary.csv,663,True,0324091a2bcee58719ee7637fc995653967226dcaaee59e82f27945e4713024d
data/processed/legacy_xbrl/regex_all/ABNB/ABNB_pre2019_summary.parquet,2890,True,27fad0b2e2b444fab208923187d0094f2e247a9ba7a4a0fca1e56d6d5c2a2682
data/processed/legacy_xbrl/regex_all/ABT/ABT_pre2019_regex.csv,14194,True,4ff079ffec1b411bf628d7c9003aae5d65d493ef675c097549e8d45caed80bd9
data/processed/legacy_xbrl/regex_all/ABT/ABT_pre2019_regex.parquet,23539,True,9709f1d29f9ef2b03562001e16889370249b796f2b71c688c7fee7dbc951e406
data/processed/legacy_xbrl/regex_all/ABT/ABT_pre2019_summary.csv,2424,True,b1f7d87056f318ff0e9296c47418263667633c49eb2a5d684adcfc888eb21651
data/processed/legacy_xbrl/regex_all/ABT/ABT_pre2019_summary.parquet,3364,True,b90561cee4073c797fd3fed6dfb05bb805f2614b058e8ede22f7e83f9e7e3330
data/processed/legacy_xbrl/regex_all/ACN/ACN_pre2019_regex.csv,14244,True,0f6aca2a6cace661d949a1e4383fc5d89a7de56b82c32a6741f3893594ba24d6
data/processed/legacy_xbrl/regex_all/ACN/ACN_pre2019_regex.parquet,22631,True,64087a9a5a470e8eff77feb3b7fd647072a23b94bfbd75eacda0bb9aca74cc7e
data/processed/legacy_xbrl/regex_all/ACN/ACN_pre2019_summary.csv,2282,True,3a4f3fb7cc0a282c2501b4dfc7ec8267904784b5d9fde3495addd63fc4685e66
data/processed/legacy_xbrl/regex_all/ACN/ACN_pre2019_summary.parquet,3241,True,1b234f60edc74d887ee8491613b492eb1c9cade26b11a74b58c29e37130ccd3f
data/processed/legacy_xbrl/regex_all/ADBE/ADBE_pre2019_regex.csv,17146,True,5a42b5c7a543292109f9d31f1a1506e4584cf605217e75f6c1d3e45ff9493bac
data/processed/legacy_xbrl/regex_all/ADBE/ADBE_pre2019_regex.parquet,25776,True,49065040c228abb346affc219b303b222658a50871f6828ed761a36f1acac402
data/processed/legacy_xbrl/regex_all/ADBE/ADBE_pre2019_summary.csv,2476,True,f33a56bea02c501557159ef6b40983d20e8122a9d3e65500921c990b15f0c810
data/processed/legacy_xbrl/regex_all/ADBE/ADBE_pre2019_summary.parquet,3210,True,a7265114e8d6c9fe982c278fd467b705ef6c82763b802246455ec02f1208bd8f
data/processed/legacy_xbrl/regex_all/ADI/ADI_pre2019_regex.csv,14777,True,bb86fe5bb15b395b7c3a34a715285d6aec7209c9aa93b3fae33a0eeec3ac8c1e
data/processed/legacy_xbrl/regex_all/ADI/ADI_pre2019_regex.parquet,24289,True,167306b42dfd55245883cba88d6345d9c2204aea348a6956af8db9c301bb7187
data/processed/legacy_xbrl/regex_all/ADI/ADI_pre2019_summary.csv,2423,True,78c58a88621099f210fb18f749fb2887629c7c27acc3b8db24f0edbb38cb995d
data/processed/legacy_xbrl/regex_all/ADI/ADI_pre2019_summary.parquet,3248,True,b7afaccbf1aedd79cff16e0d8278863ac4634416c32b11485373b2c54057cdcd
data/processed/legacy_xbrl/regex_all/ADP/ADP_pre2019_regex.csv,14148,True,7056d22686f69cbaa82d35f007bfeb25072470d1694713dcab15b471e85444ac
data/processed/legacy_xbrl/regex_all/ADP/ADP_pre2019_regex.parquet,22009,True,026e3f25ffa20891f04d257774d1078d24697f49bc90fe1f3f2b83bbceec2124
data/processed/legacy_xbrl/regex_all/ADP/ADP_pre2019_summary.csv,2424,True,20a4fcedda8f5bd664674cfe6038840bdac856da2afa1ec3b678856b520d012e
data/processed/legacy_xbrl/regex_all/ADP/ADP_pre2019_summary.parquet,3170,True,b508325eea4c678d270cd1057c65477f29fb4490febbc7b51b08068736e9d2d8
data/processed/legacy_xbrl/regex_all/ADSK/ADSK_pre2019_regex.csv,14400,True,44f29f878e9d987f1b7f242571956360d7c2b284d04b18a7f6d6a6d5fe38d6bd
data/processed/legacy_xbrl/regex_all/ADSK/ADSK_pre2019_regex.parquet,23385,True,2be620c12032b97df2308fb7bf552c12751c3e8ffd9180000b15f1aa9553ef57
data/processed/legacy_xbrl/regex_all/ADSK/ADSK_pre2019_summary.csv,2474,True,b1bc6906f490ac912f560b8212c70c23fc0712faaec0929a78c445b0b3294f10
data/processed/legacy_xbrl/regex_all/ADSK/ADSK_pre2019_summary.parquet,3239,True,41333f7d9489ff4e28200a25bcba28fc336c3a1d80bcdecaff411042e0bfd835
data/processed/legacy_xbrl/regex_all/AEP/AEP_pre2019_regex.csv,13812,True,ca5954cabebe1fa3b6f47a630bc013f406b66db2e16b16dfd8556ff1d52eb085
data/processed/legacy_xbrl/regex_all/AEP/AEP_pre2019_regex.parquet,22003,True,36d7871f90c841be7a761c33e39d400e089383eb4a546768e1890ef451b10f7f
data/processed/legacy_xbrl/regex_all/AEP/AEP_pre2019_summary.csv,2424,True,0cbca0ea5dde5ad1db74516b918e44f590c4530be65474f7615bd057c8f9755f
data/processed/legacy_xbrl/regex_all/AEP/AEP_pre2019_summary.parquet,3223,True,bdd9a2af77ca7ba4b98a997654c57cefb805f1a17e2c21d7ebbd6c84cb683fac
data/processed/legacy_xbrl/regex_all/AFL/AFL_pre2019_regex.csv,11559,True,3ce3875eb9cad8cb314e578380902b3412e4b329e4846fe408c255fd7e4c1e90
data/processed/legacy_xbrl/regex_all/AFL/AFL_pre2019_regex.parquet,17997,True,042d882ca21caa3f093df5d42d4027fa08e3c64ecf19a1043793f5f4dfaff3ab
data/processed/legacy_xbrl/regex_all/AFL/AFL_pre2019_summary.csv,2423,True,00e22ce3053552a2a44c14b80d00d6fe626f3780734805e1e3e54658076c2867
data/processed/legacy_xbrl/regex_all/AFL/AFL_pre2019_summary.parquet,3258,True,766752f81270feab07e9c2bdd9e900451aba779ca5330df286be6d3a79c20210
data/processed/legacy_xbrl/regex_all/AIG/AIG_pre2019_regex.csv,9719,True,32c2f70f410088a72ab06ce1f1c4e4666ede08175b1a19c96fb1f9fd8e884dd0
data/processed/legacy_xbrl/regex_all/AIG/AIG_pre2019_regex.parquet,16619,True,031adf5895865137cf1df42cca8f6ea3b2272accee042af4c2e31bde9ff0b7a4
data/processed/legacy_xbrl/regex_all/AIG/AIG_pre2019_summary.csv,2422,True,0ed035a2d530f3040c95af939066c1355526bb0802f0cbbb9cb6d699497342a7
data/processed/legacy_xbrl/regex_all/AIG/AIG_pre2019_summary.parquet,3279,True,9a8bf5e61703981c414f56db63937700c2f688df67d802daeab453b9a98e95cc
data/processed/legacy_xbrl/regex_all/AJG/AJG_pre2019_regex.csv,11390,True,b522255a6a9a2e49204536066ba0a86cf0be7ca04790b21079a2fa55e6e3387f
data/processed/legacy_xbrl/regex_all/AJG/AJG_pre2019_regex.parquet,20761,True,26d9d12979dc673ebf65c5b18c719b4a4bf4108d8646e90e9081009d224a9e92
data/processed/legacy_xbrl/regex_all/AJG/AJG_pre2019_summary.csv,2421,True,d09a07c33422eb22316fe92d2ddb856267ef71c3626426325511d71fd1a17154
data/processed/legacy_xbrl/regex_all/AJG/AJG_pre2019_summary.parquet,3388,True,8bbf0fc806935a37755ee22846d5d86787a987e759503caf3dbdbfba258d298a
data/processed/legacy_xbrl/regex_all/ALL/ALL_pre2019_regex.csv,10801,True,fbdbac8f70a3f3083539320a4552057546358fa466b2f3d17df47f9dff2f2145
data/processed/legacy_xbrl/regex_all/ALL/ALL_pre2019_regex.parquet,16745,True,8662723ae64814b2aeef5374c7275e6a85dc72016fd9f14e2c45044a97337f0f
data/processed/legacy_xbrl/regex_all/ALL/ALL_pre2019_summary.csv,2422,True,b56031a23df36c98c8f09a685338712e3fdb5f2b5a7ec4620213eb504e67ba75
data/processed/legacy_xbrl/regex_all/ALL/ALL_pre2019_summary.parquet,3252,True,551a9c7fb19d0ff07027f99c0e98fbefa225189b1fe3e02612cda4352694b3e7
data/processed/legacy_xbrl/regex_all/AMAT/AMAT_pre2019_regex.csv,15318,True,5c61529ffae834d220980e8ea48609276477fc75ceb44b0aa8b9d2894b35fe84
data/processed/legacy_xbrl/regex_all/AMAT/AMAT_pre2019_regex.parquet,24886,True,e98886a79c994a40d38cb139804f8a6dad085ef3a58150a733d6b14805fecf77
data/processed/legacy_xbrl/regex_all/AMAT/AMAT_pre2019_summary.csv,2473,True,2d8b1cd05817128ea240e16b22048ef15369c9000dd90e4a1573247c59da47d7
data/processed/legacy_xbrl/regex_all/AMAT/AMAT_pre2019_summary.parquet,3245,True,a97a6292b7be621cab30c44f155794019262c2ae8aa4a624e2c93d8e77a4b88c
data/processed/legacy_xbrl/regex_all/AMD/AMD_pre2019_regex.csv,14169,True,6587758d88e9a7606a11a8200134051d8dbbe80f69970bdc67c39b73f81feba7
data/processed/legacy_xbrl/regex_all/AMD/AMD_pre2019_regex.parquet,23910,True,97070c2c5c98114fa23eb8a999ec106242c48ccaf82f05ce7e1b46e713b39696
data/processed/legacy_xbrl/regex_all/AMD/AMD_pre2019_summary.csv,2421,True,c16ab6654ec622abc5b48dcf9e54b9ce0131a7cf2caef952978df7441c72f52b
data/processed/legacy_xbrl/regex_all/AMD/AMD_pre2019_summary.parquet,3307,True,1c9e3db8c2004054c26a79497723e91d93945ed1f3ebe9454a9a9298d83885a1
data/processed/legacy_xbrl/regex_all/AME/AME_pre2019_regex.csv,12539,True,34a84573f2c692c487ac87be6625254f059b3419fc74923f248977379277e6cb
data/processed/legacy_xbrl/regex_all/AME/AME_pre2019_regex.parquet,20650,True,ebb80460330381efb89a6873331444728994589d4a3196712d9a77767a7d2c9c
data/processed/legacy_xbrl/regex_all/AME/AME_pre2019_summary.csv,2424,True,107915fad642812db60e67a5529fdf720e4913b38500c22e5a8545403bf24c0d
data/processed/legacy_xbrl/regex_all/AME/AME_pre2019_summary.parquet,3355,True,040647ba157fa55e1edfe385c25a115be7472e7f2d2862f67d6ecae46d1042cc
data/processed/legacy_xbrl/regex_all/AMGN/AMGN_pre2019_regex.csv,15118,True,212cab63a743ee86ef950a43fb21fbf17079fdcc2828f594a4aae27df97b4863
data/processed/legacy_xbrl/regex_all/AMGN/AMGN_pre2019_regex.parquet,23014,True,fd7b46467cb94d825be57fd078452607135fc8096c5ef616a02d0050be644510
data/processed/legacy_xbrl/regex_all/AMGN/AMGN_pre2019_summary.csv,2474,True,5ad616f34c2f251b585d14cd21b749d0e74e3ab3e040db7b4df2761a11667590
data/processed/legacy_xbrl/regex_all/AMGN/AMGN_pre2019_summary.parquet,3263,True,5782f440a923ca319d16324426538b7558ea164d3777c4442e9c3c932b836112
data/processed/legacy_xbrl/regex_all/AMP/AMP_pre2019_regex.csv,10546,True,20865ce8fbc562c6981f01d50dfb6ae81cb827347c59057c451252bddac6969d
data/processed/legacy_xbrl/regex_all/AMP/AMP_pre2019_regex.parquet,16256,True,4da2572876169430b8f42f884f78eade56c15f6f4ab01ab450f1c5965d27e81b
data/processed/legacy_xbrl/regex_all/AMP/AMP_pre2019_summary.csv,2424,True,84c79263f3d7eef6a506d88b3a9aabdd034e272f491ceacee19bfa47f7f9e38c
data/processed/legacy_xbrl/regex_all/AMP/AMP_pre2019_summary.parquet,3253,True,152adadfc001021240cce2818bd21b8b53aa8686dac6b03e400dc413286c1ad2
data/processed/legacy_xbrl/regex_all/AMT/AMT_pre2019_regex.csv,13584,True,df86eb9d552bc583fd4be32a3c60c2a694b8d4dea6e4df4204612bb41ba80d83
data/processed/legacy_xbrl/regex_all/AMT/AMT_pre2019_regex.parquet,23388,True,21eaf7f436a6b398e06d157fb8ae54f7488c2455b6c3e5b9a056e3c261b42cbc
data/processed/legacy_xbrl/regex_all/AMT/AMT_pre2019_summary.csv,2424,True,72e138aaaab5e575f7d8f6a3446f648ddfacf442715707d5681143317b88861c
data/processed/legacy_xbrl/regex_all/AMT/AMT_pre2019_summary.parquet,3315,True,ca7438357fa3f30027ca5d6cf90d58c4bfd297d554b56352ce9389e7b5543b7f
data/processed/legacy_xbrl/regex_all/AMZN/AMZN_pre2019_regex.csv,14794,True,62d0cd49a1acb2818f89c9a3e714ff821fa5042b57295750ac4d1351c0561aae
data/processed/legacy_xbrl/regex_all/AMZN/AMZN_pre2019_regex.parquet,22835,True,c25766217b3be4b1000296047317f135fe31d5252866897f4f7af10dd8b77ccc
data/processed/legacy_xbrl/regex_all/AMZN/AMZN_pre2019_summary.csv,2474,True,ae502f331bab6d88442625ab783ab7ff2d75fc736d36ce58ae2fa377ffa043ae
data/processed/legacy_xbrl/regex_all/AMZN/AMZN_pre2019_summary.parquet,3271,True,7c4ee7838c19e1fa92a46e230962ba2e1096e8c707ff5c47a86f16ec37ade879
data/processed/legacy_xbrl/regex_all/ANET/ANET_pre2019_regex.csv,10849,True,450748ab968425355931b7ce323a21df7bbca05ac994d1ab63d42ca1846bc5e3
data/processed/legacy_xbrl/regex_all/ANET/ANET_pre2019_regex.parquet,23645,True,d3da6775b308d3433f67e551db6187e0df4b2a8a6528b722a01438cc0bb5cfc7
data/processed/legacy_xbrl/regex_all/ANET/ANET_pre2019_summary.csv,1643,True,9058e3cb3be432e2abe744170f8fb1529bafe526148afeffbd3d739712daff2c
data/processed/legacy_xbrl/regex_all/ANET/ANET_pre2019_summary.parquet,3097,True,a4564a102b06ae9968915601b76192cd37199a01a3c77433ef88711c48de83ab
data/processed/legacy_xbrl/regex_all/ANSS/ANSS_pre2019_regex.csv,12181,True,5762b65a7017cad72243b7d796872a34e756378bb8a97228483ab3667eeabbe8
data/processed/legacy_xbrl/regex_all/ANSS/ANSS_pre2019_regex.parquet,20947,True,48e53ed4adc8324a96cea609617fe5b65199b85715af9d49c3cc6e40409bf4a5
data/processed/legacy_xbrl/regex_all/ANSS/ANSS_pre2019_summary.csv,2471,True,b9b4200df514148171616a3e2cfb83d0a9eca203ac2548ef2a35ab9cedb8ea02
data/processed/legacy_xbrl/regex_all/ANSS/ANSS_pre2019_summary.parquet,3239,True,23c61ded5358eeb0b51687d17b8b9153bf77bb68843de998e8c6a221ba0894e3
data/processed/legacy_xbrl/regex_all/AON/AON_pre2019_regex.csv,13201,True,e355e74ce7fd0a8416692e4a2840dcd72344572aa57d0b3d9f54324ffb230ef6
data/processed/legacy_xbrl/regex_all/AON/AON_pre2019_regex.parquet,20868,True,6ea9cc11737b0122b22a36eeef0965bbfa5522390b76ac1c5e47664374b2a2a2
data/processed/legacy_xbrl/regex_all/AON/AON_pre2019_summary.csv,2424,True,8435c1de87698c72daae20adc67f46d5d8d19233319866f5d0835d3a3d55d4ca
data/processed/legacy_xbrl/regex_all/AON/AON_pre2019_summary.parquet,3363,True,5ca0a2bb7fd68ed535cf275366b7651891f87ab6aae0ace144df50278b14ec77
data/processed/legacy_xbrl/regex_all/APD/APD_pre2019_regex.csv,14566,True,367ace471aa75f44f9b76e565b391dd7042af9f6241bba22784d9a1c3545ad20
data/processed/legacy_xbrl/regex_all/APD/APD_pre2019_regex.parquet,23909,True,55f7a8bc823d638fc67fc70bbd5399ed792465bf6bf7dca796fa892c0f974297
data/processed/legacy_xbrl/regex_all/APD/APD_pre2019_summary.csv,2424,True,d9c916bbc4935a7495539a04b0803535d6628be12d85d2a9165bbc2fd07a9a69
data/processed/legacy_xbrl/regex_all/APD/APD_pre2019_summary.parquet,3259,True,bbf47e2f58163be61f851e4dac250cc0cff39aa46eb29338e039ac2c7c71540f
data/processed/legacy_xbrl/regex_all/APH/APH_pre2019_regex.csv,13868,True,5ab9d836d28cea0f0607c5c36695c4dfbc9827c0a6110b2fe45818ead464b1de
data/processed/legacy_xbrl/regex_all/APH/APH_pre2019_regex.parquet,23885,True,766cced7a832c43067d0bfa2968015ee7d32694838ac478a6af638eccfbe56cf
data/processed/legacy_xbrl/regex_all/APH/APH_pre2019_summary.csv,2424,True,837aaa9fb1379e3b31924399b9109ce83e0c47ebd34217f9a557e80e059f9540
data/processed/legacy_xbrl/regex_all/APH/APH_pre2019_summary.parquet,3378,True,c4201b6792601d48a7e851d07846ef41c04b27d6dfb20bd8c5da5f1cac32f139
data/processed/legacy_xbrl/regex_all/APP/APP_pre2019_regex.csv,4235,True,5ac40d5372ca39cd217961b65097818c31bb17883eb74448e80989b334a17e4f
data/processed/legacy_xbrl/regex_all/APP/APP_pre2019_regex.parquet,19162,True,f83f9adf49a167e5ca31945702678de357c2fec82e27939d2fb91c803b73cb78
data/processed/legacy_xbrl/regex_all/APP/APP_pre2019_summary.csv,650,True,8c9bd3b2ab5e35ba3c8c197a78696435a188628115c9d5b1081bb0b63e793440
data/processed/legacy_xbrl/regex_all/APP/APP_pre2019_summary.parquet,2901,True,ddea55870ddce518396ed9ec586bee73c120d11d2b9b999d0a505a237773e009
data/processed/legacy_xbrl/regex_all/AVGO/AVGO_pre2019_regex.csv,7088,True,c81b127e99bb589f0de275ccf739eb138cb2d89ed1ab38446bce250700519387
data/processed/legacy_xbrl/regex_all/AVGO/AVGO_pre2019_regex.parquet,22192,True,e9484a8dfa697869007018cc2c104fe1334df968a686d25a2c5dfd953a1eca8e
data/processed/legacy_xbrl/regex_all/AVGO/AVGO_pre2019_summary.csv,1055,True,1610bd8d36b83f5a51760066dc3bb386176320916618fe0a35ea4e78902e6e34
data/processed/legacy_xbrl/regex_all/AVGO/AVGO_pre2019_summary.parquet,2965,True,45f4d10aef2fdc0be0cb30eb3f1b0232182b84fc2a82ff76a9cde5013ac42255
data/processed/legacy_xbrl/regex_all/AXON/AXON_pre2019_regex.csv,12610,True,e9384239ef77c1aa077f6f5ed567977b274e2113976c83dfd4966de2b1c5ef3d
data/processed/legacy_xbrl/regex_all/AXON/AXON_pre2019_regex.parquet,24669,True,f195cd19cc13a85d056ab5db9af8d3a312a2c78a899b4f65db3649c6a2aa1212
data/processed/legacy_xbrl/regex_all/AXON/AXON_pre2019_summary.csv,2468,True,699218252bc82f79f63a5073b733bea7abfe8207020fe81a7c69fb098179d1d1
data/processed/legacy_xbrl/regex_all/AXON/AXON_pre2019_summary.parquet,3338,True,d1a6a0037bed278fc706a2568025881b9f5556918c4293e01b9dee7a5bd9f8fa
data/processed/legacy_xbrl/regex_all/AXP/AXP_pre2019_regex.csv,10045,True,c60da1e2db5d339f059dae638a26bee6080db7e9cb7de7ceab18aadae58e991b
data/processed/legacy_xbrl/regex_all/AXP/AXP_pre2019_regex.parquet,17329,True,6a822fc0d4df37d244bc85b0379bbbd8b37296fd74254d8ffa32c60dc6eee45f
data/processed/legacy_xbrl/regex_all/AXP/AXP_pre2019_summary.csv,2423,True,054d56f246c969a41c5080bd007a23999a4ac296058cf1a97bd39127786f217a
data/processed/legacy_xbrl/regex_all/AXP/AXP_pre2019_summary.parquet,3313,True,d920a271ce1443bc3f81f42a05b4df2a1fa8b43ef27add2d3bf7c611a459479a
data/processed/legacy_xbrl/regex_all/AZO/AZO_pre2019_regex.csv,13992,True,8ec052d4673e081800b20d142977f76c210b45e478f47e21880ba3aacecfe37e
data/processed/legacy_xbrl/regex_all/AZO/AZO_pre2019_regex.parquet,23652,True,1b9cf15ca9017f0c514b763347d191a1e118f1cb668d8e2d5546f334a85cabd0
data/processed/legacy_xbrl/regex_all/AZO/AZO_pre2019_summary.csv,2423,True,bd50a801cb1914e650e4f5791aee3a1f7ca03c5ac1335fe7841284376c4e0329
data/processed/legacy_xbrl/regex_all/AZO/AZO_pre2019_summary.parquet,3375,True,04624c533f9b8bd4dee625aa9bf1dc247766f38e90c2126a847ef0776edd08d1
data/processed/legacy_xbrl/regex_all/BA/BA_pre2019_regex.csv,16269,True,74f3388b941610d5106fb9e5cd052e74383d9853c232b9fb27cbdef4f4e5e9a6
data/processed/legacy_xbrl/regex_all/BA/BA_pre2019_regex.parquet,24636,True,b8a363fdb6f201fdb113299f5c81d713ddb3728516d4ad0753a9b3e0d0ca4c70
data/processed/legacy_xbrl/regex_all/BA/BA_pre2019_summary.csv,2374,True,d5107b70566dbeb7176429843d6393a7b4592c5e451c76c38afb9a446ea549db
data/processed/legacy_xbrl/regex_all/BA/BA_pre2019_summary.parquet,3226,True,4cdd2fbf43596a3cca93ef0ef2e66850ca4d1d9111115fc8a82d5173aa2f1958
data/processed/legacy_xbrl/regex_all/BAC/BAC_pre2019_regex.csv,11813,True,5ac2fd5e9f92b1127e5814fc46086ae85f2c506b64d8a9a5bb9acaf34fff290d
data/processed/legacy_xbrl/regex_all/BAC/BAC_pre2019_regex.parquet,17870,True,e48f92b8adf432a0f28cbbf57b12ac339fb1034b794aa129fbba8b2e5c00eef1
data/processed/legacy_xbrl/regex_all/BAC/BAC_pre2019_summary.csv,2424,True,037b57c7417955e9c1240836566432e0006d80dd064840e99a3e358a0c8ee6ec
data/processed/legacy_xbrl/regex_all/BAC/BAC_pre2019_summary.parquet,3248,True,b2bcd653c2b37a5adccf7f9a7ac7097e64c63d18e3fb460b2a1886b417973ab7
data/processed/legacy_xbrl/regex_all/BDX/BDX_pre2019_regex.csv,13537,True,9464c3127d9844d731f3f899b50c1d7e088dcc70a66a1d1b027bfd5ff9908053
data/processed/legacy_xbrl/regex_all/BDX/BDX_pre2019_regex.parquet,22530,True,4dd0301d7229126b8a50f201947138df078350aa81f41246f1abe73364f3a8fd
data/processed/legacy_xbrl/regex_all/BDX/BDX_pre2019_summary.csv,2424,True,41aeaadc1e817d183ce2b38fd6cd3a317a915abcfc9412d8b15c0e88b37ed9d1
data/processed/legacy_xbrl/regex_all/BDX/BDX_pre2019_summary.parquet,3291,True,d06c4c0e698e184c7fc9f91db99ca5b3354d8c2aed636cf6d02d991024938da5
data/processed/legacy_xbrl/regex_all/BIIB/BIIB_pre2019_regex.csv,15092,True,cedf9208944552a070ed9a093fd581d27e76443a1f7bc06a2d54b4fdfa12c22d
data/processed/legacy_xbrl/regex_all/BIIB/BIIB_pre2019_regex.parquet,24339,True,0746c6895df372e16436a18fd5f606226f93a94fe9f06526f12d9e76b18f918f
data/processed/legacy_xbrl/regex_all/BIIB/BIIB_pre2019_summary.csv,2474,True,d2fdaf175d5dd74ff7a6bfe526e45b215aa6fdbaf5c5024c6b61706fea21a44c
data/processed/legacy_xbrl/regex_all/BIIB/BIIB_pre2019_summary.parquet,3245,True,bf3bc1ec89d41495f701d4c76efc28db60018f50d6c37fe01a471859bc984ee8
data/processed/legacy_xbrl/regex_all/BK/BK_pre2019_regex.csv,11383,True,f66aa51c8d7d191a0f0063f6c9098b3ef04d6ec8a13b8912b6ac529e5eb62738
data/processed/legacy_xbrl/regex_all/BK/BK_pre2019_regex.parquet,17107,True,c5941dcc13ee32797101f6317bfcf734b401cf81e178395babc70def1cf32a7d
data/processed/legacy_xbrl/regex_all/BK/BK_pre2019_summary.csv,2374,True,55b98b6c73ce16400cb7a6b9a8debae1ab7d54f5049f4f03473cea3be25814df
data/processed/legacy_xbrl/regex_all/BK/BK_pre2019_summary.parquet,3262,True,c1afcb3e42b6b2310c7aad46512d399d65feeabb620933afd77b15df527084e6
data/processed/legacy_xbrl/regex_all/BKNG/BKNG_pre2019_regex.csv,12567,True,8ea56674303bc98a4794855ec35365812194e3dc1a25b635ba8ea3ee7f586240
data/processed/legacy_xbrl/regex_all/BKNG/BKNG_pre2019_regex.parquet,22702,True,b8345b634635f53483d08f5d59ac49ed5ef901d3985ff3a4a743aedd2920c81e
data/processed/legacy_xbrl/regex_all/BKNG/BKNG_pre2019_summary.csv,2471,True,b7ad28e1f68198ce169affc57743d75dfd41115e851c6514a5bb934b66362f1f
data/processed/legacy_xbrl/regex_all/BKNG/BKNG_pre2019_summary.parquet,3234,True,2c816e17912002d214dec7a1f800d696bbbf5be832879751d408337ddfeb38be
data/processed/legacy_xbrl/regex_all/BKR/BKR_pre2019_regex.csv,6504,True,7d2d21392a59a38df6a87b5a4e2611e109fc217e02d32a4b761dee497055eab9
data/processed/legacy_xbrl/regex_all/BKR/BKR_pre2019_regex.parquet,19390,True,e4811f823d9e689a6ac2e4373af1ed44953de797e46e7d1e0bdea647cbf79549
data/processed/legacy_xbrl/regex_all/BKR/BKR_pre2019_summary.csv,1178,True,277f85c9428be2466b89557b51123afc997b5be0730f25e2c001d1b1d0a279be
data/processed/legacy_xbrl/regex_all/BKR/BKR_pre2019_summary.parquet,3000,True,df8d7e8c485163cf2823f943d68a35e269f3878c9ec6c488a2272b84adea0f66
data/processed/legacy_xbrl/regex_all/BLK/BLK_pre2019_regex.csv,726,True,3a15df8652b0ed511e8feb88272e23894021f9d4987d115b272974ee07087fe0
data/processed/legacy_xbrl/regex_all/BLK/BLK_pre2019_regex.parquet,12107,True,6ef6b07943c0c7f7d14a302d207a743e31ba14a5d82d7de2e444f53927c39a6c
data/processed/legacy_xbrl/regex_all/BLK/BLK_pre2019_summary.csv,122,True,f485f9e0af7817244c7395d718af5f89d61f38e06b38c990766d829b8d57ee7b
data/processed/legacy_xbrl/regex_all/BLK/BLK_pre2019_summary.parquet,2782,True,a60fb786e1dd631f96f21db4ff2c86bec708c1f0b9d500c392879e88c6652bcd
data/processed/legacy_xbrl/regex_all/BMY/BMY_pre2019_regex.csv,15384,True,506a23bf811b2ed7eedafdec3e136523e09925672664579590f55f7dec3d6638
data/processed/legacy_xbrl/regex_all/BMY/BMY_pre2019_regex.parquet,24378,True,e30922707fac7573294237317341c3ecb46bcc1b719f1775cbf06fa1d5a1d4ec
data/processed/legacy_xbrl/regex_all/BMY/BMY_pre2019_summary.csv,2424,True,c5120c8e4b6178cad90e646cb5e9a79fcbf1f63f17c33be24517709d7f8e0779
data/processed/legacy_xbrl/regex_all/BMY/BMY_pre2019_summary.parquet,3283,True,38293d3c4af1aa020dfa44987d2f660967982c4ba740a7af55fee7524afc08a8
data/processed/legacy_xbrl/regex_all/BRK-B/BRK-B_pre2019_regex.csv,13672,True,a8fcd56b0d81637711abcf96da7a8a1ef5514571c7cf2cfaaef3af11640fa060
data/processed/legacy_xbrl/regex_all/BRK-B/BRK-B_pre2019_regex.parquet,20879,True,9c0b287e5d9b171b9c2f783027a053522ca851f45a251993fe9c412b67e4d841
data/processed/legacy_xbrl/regex_all/BRK-B/BRK-B_pre2019_summary.csv,2524,True,de89ae3a1a534a725b226a01726b0fda9485f0b553b517c71ff67f90a861d2a3
data/processed/legacy_xbrl/regex_all/BRK-B/BRK-B_pre2019_summary.parquet,3406,True,1ac5ea541105b0ba2c1b7bb63e0ad17ee3f1a3e86a7c7e0c476993f05ce49bec
data/processed/legacy_xbrl/regex_all/BSX/BSX_pre2019_regex.csv,13223,True,adc2707b6bcc68b5d2555969f459c7cde0ebedb50c0a9cf7e5296473a83ae615
data/processed/legacy_xbrl/regex_all/BSX/BSX_pre2019_regex.parquet,21913,True,9ca3319a9bd52a949f7bbde5bb1e5c77dc1215ddd5cb4d6fb2b6052311978f2f
data/processed/legacy_xbrl/regex_all/BSX/BSX_pre2019_summary.csv,2424,True,70685980eabc11c80c528552f3cf69856f89992cd8402dbd7475ee20091645b6
data/processed/legacy_xbrl/regex_all/BSX/BSX_pre2019_summary.parquet,3224,True,6a80c7196bc18ebcb1cf0370dc902c7502c06db9a8190024a520b46285ceb48f
data/processed/legacy_xbrl/regex_all/BX/BX_pre2019_regex.csv,9201,True,521e2511f0e0ee07a81e2962bd1622a65796c61588e3c8acce9d531f4928f79a
data/processed/legacy_xbrl/regex_all/BX/BX_pre2019_regex.parquet,17241,True,87491305068864f28f6d4037d3c4440fb548460d3bbb207f240f68b753c3c41f
data/processed/legacy_xbrl/regex_all/BX/BX_pre2019_summary.csv,2370,True,36c1eaddebb548636d7fae88acbab2baa2f8b62cd34778c235c894c16ae8a72b
data/processed/legacy_xbrl/regex_all/BX/BX_pre2019_summary.parquet,3396,True,f276627b7ed43b5a17085fc2cbb294492a487cc23bda70bb8ada90e66a151209
data/processed/legacy_xbrl/regex_all/C/C_pre2019_regex.csv,9643,True,3740f2b31199db0f9dc94dfb4f179094b2be04fa417bf75a60cbba3d1e7f2853
data/processed/legacy_xbrl/regex_all/C/C_pre2019_regex.parquet,17150,True,87676344c40bf3dcea4583e45695099c64e0e97e7c85a8a6fa2f5222a8439da1
data/processed/legacy_xbrl/regex_all/C/C_pre2019_summary.csv,2324,True,92df6da115c68ad0ee82149e354e49fc5ee639d58cf03fca90fde55c31c92cf8
data/processed/legacy_xbrl/regex_all/C/C_pre2019_summary.parquet,3258,True,0bcbcf49307db8b1d0ed605808d9647b21c32366125bacc05e00cdcbc01b110f
data/processed/legacy_xbrl/regex_all/CARR/CARR_pre2019_regex.csv,4317,True,dac2de4d8ce454028411ca77c46168acbb53e782a775dd44587f274acb6f3102
data/processed/legacy_xbrl/regex_all/CARR/CARR_pre2019_regex.parquet,16552,True,05bcbf04b75015f80db8607671e731d76dbfb678bc22787c171067edefad76b8
data/processed/legacy_xbrl/regex_all/CARR/CARR_pre2019_summary.csv,810,True,60036f43001c862c6384eccddce3b6e7c5a81f152497b268ec149380ac46b559
data/processed/legacy_xbrl/regex_all/CARR/CARR_pre2019_summary.parquet,2910,True,2c9a85d0c56552d6500986ff249d35ab2b6724973f3af24264df52467b86c7cd
data/processed/legacy_xbrl/regex_all/CAT/CAT_pre2019_regex.csv,13732,True,2a4f1b1af1ff3745acf9b26c6bc8bc0f809407dcb89b08eb9ce68f50709feb6d
data/processed/legacy_xbrl/regex_all/CAT/CAT_pre2019_regex.parquet,23612,True,3ec36b9bad456ff003af9b9a1ee4a0491bd6e437bdd8d919ae071afe78cf3159
data/processed/legacy_xbrl/regex_all/CAT/CAT_pre2019_summary.csv,2422,True,c5e638cb9ec25df00f3e142ae6cee06f5638cf4ed65d7dd892af0def4aa5dd9c
data/processed/legacy_xbrl/regex_all/CAT/CAT_pre2019_summary.parquet,3265,True,68f41548d7c6201b5d27a32adb0428d04a1b5119e00515c2bff778a5bc6da81f
data/processed/legacy_xbrl/regex_all/CB/CB_pre2019_regex.csv,9968,True,e33808b1fb0b7f8f6a402f3791acf7b934284612a80d458b77e889abf200c093
data/processed/legacy_xbrl/regex_all/CB/CB_pre2019_regex.parquet,15893,True,b551b3be9a909fb8e7d59acac6060679ca94a43487ab3d73769d83ca8be7238e
data/processed/legacy_xbrl/regex_all/CB/CB_pre2019_summary.csv,2374,True,b59f626c06aa1a99349afd3762cd686f5ef1c6a4cfe1763d51175be91d236954
data/processed/legacy_xbrl/regex_all/CB/CB_pre2019_summary.parquet,3203,True,ca8a1a1a17724fc1ba3b180f6faca3750c3b295d657b678b26dabc5bc4066055
data/processed/legacy_xbrl/regex_all/CDNS/CDNS_pre2019_regex.csv,12985,True,386058c6c3fd3c82e8469f8c6428d6d4f24f071814e807e6c59f3e862849c23d
data/processed/legacy_xbrl/regex_all/CDNS/CDNS_pre2019_regex.parquet,22539,True,8512a8783014baef4f13d2e8d15c48097e1c7610e3db2f4e1be671ec4f29ff07
data/processed/legacy_xbrl/regex_all/CDNS/CDNS_pre2019_summary.csv,2471,True,7f8e551e35758dd2b5035d415a2197c6e641b44e34fc4a63f259d446357bbe48
data/processed/legacy_xbrl/regex_all/CDNS/CDNS_pre2019_summary.parquet,3244,True,9840f04f756815058fba5e121841ff87cb53b60a75c90c5c8288c4cd69d067dd
data/processed/legacy_xbrl/regex_all/CDW/CDW_pre2019_regex.csv,12497,True,cba17ab1c764819f5aa044a45cd8aa50f7eea813db4b675ef550e1eb690ecca6
data/processed/legacy_xbrl/regex_all/CDW/CDW_pre2019_regex.parquet,23413,True,86be74ad3381fc9363906b0137cd44e481e9aa4e18a4c5ddbdfe913bb2f5357d
data/processed/legacy_xbrl/regex_all/CDW/CDW_pre2019_summary.csv,2135,True,10c83c902e0d01399cecedf49caa0b0aa7e6bb1a4eb0a223b976598576d5d0de
data/processed/legacy_xbrl/regex_all/CDW/CDW_pre2019_summary.parquet,3184,True,f929c6d1d927c8f0409bf7f2f5d0ee29e891c79e8c95b539dad21be252b1edec
data/processed/legacy_xbrl/regex_all/CEG/CEG_pre2019_regex.csv,3272,True,87ddec86e0951a635f650e51894950ecfc70db464010af6380a232f03c8a393d
data/processed/legacy_xbrl/regex_all/CEG/CEG_pre2019_regex.parquet,16648,True,65ddba31c1dd00d13aa8302cac1ce2e58eb558a595fe1a5c4b541fc4d4638d07
data/processed/legacy_xbrl/regex_all/CEG/CEG_pre2019_summary.csv,506,True,34ded7184e353150bc10d60d4a3c1ee6598cff4a3db5a4043bb470c2042a1e01
data/processed/legacy_xbrl/regex_all/CEG/CEG_pre2019_summary.parquet,2851,True,1cde527bed3c2bc7ff70afd9d7fc7ca8d2c72914759f5db09e8a57a0c7e31636
data/processed/legacy_xbrl/regex_all/CHTR/CHTR_pre2019_regex.csv,12028,True,ae4f56214134a08851f073441abf59872da30c2abe7c67e1ed12645fdb832994
data/processed/legacy_xbrl/regex_all/CHTR/CHTR_pre2019_regex.parquet,19845,True,6723468efb566e8a748ece3d0696a85d15c4c60d822d44c4ebc4e1d4adbcd2c0
data/processed/legacy_xbrl/regex_all/CHTR/CHTR_pre2019_summary.csv,2469,True,f44b478ca7d4a4e0e8d4eb7bd52a034557b6e6932e1be35172d4e16e1dd21dc0
data/processed/legacy_xbrl/regex_all/CHTR/CHTR_pre2019_summary.parquet,3214,True,9129bf5470a69c6cdf2df0ab54d3e70c985c9dd02cc8d2ae9c05fa0e29d5617a
data/processed/legacy_xbrl/regex_all/CI/CI_pre2019_regex.csv,5183,True,69459486fbadbc71b0afb9e05bbee7fe345ffd1ecc0c2d17e5f88f043e3b9b49
data/processed/legacy_xbrl/regex_all/CI/CI_pre2019_regex.parquet,16448,True,12ec2e04b1892eccb5723b9fd73bd1a8d39317e610a72b9e2c265c061f0a1670
data/processed/legacy_xbrl/regex_all/CI/CI_pre2019_summary.csv,919,True,82eca8fd331ac56042106d7d82a6ac5c1a90a7f68130cc88df277d7564a173af
data/processed/legacy_xbrl/regex_all/CI/CI_pre2019_summary.parquet,2925,True,1162a3670d111ad4246e5a77e027d4b5391c5f5076312506bc1bb94a83d8afb8
data/processed/legacy_xbrl/regex_all/CL/CL_pre2019_regex.csv,15335,True,731470ac8bd18031630e63fc334d404ff84432724441dd75593e74c55471a7b9
data/processed/legacy_xbrl/regex_all/CL/CL_pre2019_regex.parquet,23688,True,0fee9028805e54b83800ae039adda1bc7ce229a27c44432c7b138e466d590f1d
data/processed/legacy_xbrl/regex_all/CL/CL_pre2019_summary.csv,2374,True,67d685468093acc8a48bf215ac1598360210b697bfc2ea49afbb56e99bc5cff1
data/processed/legacy_xbrl/regex_all/CL/CL_pre2019_summary.parquet,3260,True,094e9287783fe5683279ab910a77b404e589ddf54dc87306257f575a8e76801f
data/processed/legacy_xbrl/regex_all/CMCSA/CMCSA_pre2019_regex.csv,14696,True,c0d58567efe084c424c5dd8f0275f3a9904ea7eb2960d6a057cc881a35718edd
data/processed/legacy_xbrl/regex_all/CMCSA/CMCSA_pre2019_regex.parquet,22539,True,235c3765b48157c59d0675ca62cb18601afe217444b233d942be91de61d7114d
data/processed/legacy_xbrl/regex_all/CMCSA/CMCSA_pre2019_summary.csv,2524,True,11bf0423fad9de4979c3eecea58febf97576c831ba68c0a06b3d410c27d1fab2
data/processed/legacy_xbrl/regex_all/CMCSA/CMCSA_pre2019_summary.parquet,3292,True,f59c1acde16141902efc753611c6f11711c54cae6b7a80263145ac8164be4aec
data/processed/legacy_xbrl/regex_all/CME/CME_pre2019_regex.csv,13895,True,aa4d329ad205c13210d59311ac5acfb1f4044641d32492e6005d0ddb72c91a91
data/processed/legacy_xbrl/regex_all/CME/CME_pre2019_regex.parquet,21397,True,edd7347dd7935cc2a31bce3db361bf87c14425be25bcdcf6b99d6988c32d9c05
data/processed/legacy_xbrl/regex_all/CME/CME_pre2019_summary.csv,2423,True,c48ba7a995856eabe7bc218d01ccab75f2bf017271856d6527f14372411eb867
data/processed/legacy_xbrl/regex_all/CME/CME_pre2019_summary.parquet,3251,True,a461f23f84a7f9f205d1ed6c5f45c81490ae51350c985b06bbda3ab77d89cc4f
data/processed/legacy_xbrl/regex_all/CMG/CMG_pre2019_regex.csv,12710,True,1d518b4e56925c50789b956da4e8b9d57e63709973a62ebf0484a1851055c241
data/processed/legacy_xbrl/regex_all/CMG/CMG_pre2019_regex.parquet,22242,True,615e2ccb86d3635134760b21c51168db91ce9e11d89444c74dd6eaff99db3797
data/processed/legacy_xbrl/regex_all/CMG/CMG_pre2019_summary.csv,2421,True,ff80474abfb9eaae88713033a151bb09f21513c76b0af0dd3d15c53cd7677994
data/processed/legacy_xbrl/regex_all/CMG/CMG_pre2019_summary.parquet,3288,True,f16723a91355471734916a8b7eb42d47dcc8c980f5f3c5a0b37452c50b962503
data/processed/legacy_xbrl/regex_all/CMI/CMI_pre2019_regex.csv,14824,True,2f10229bd743e998fbb1baa89e8765d62ee1d6db26bc4d1f469be604ccb01d0f
data/processed/legacy_xbrl/regex_all/CMI/CMI_pre2019_regex.parquet,24585,True,69551bb3a05c09c667c074ef752739119ad2b6089c7a3bb473a11dd8a02c6f2d
data/processed/legacy_xbrl/regex_all/CMI/CMI_pre2019_summary.csv,2424,True,9e96482fb62f8482bac52aa740ef437bbdfd1372413dc91e51829d87be8da6d3
data/processed/legacy_xbrl/regex_all/CMI/CMI_pre2019_summary.parquet,3238,True,d92b89397fa1caad689a71f44e85e63b5c6bd9a76374a1fa411606964474b418
data/processed/legacy_xbrl/regex_all/COF/COF_pre2019_regex.csv,11262,True,f64543caae85f811e6a835b37cc9ca05a8d4a96032159fa27376b5444b2f6122
data/processed/legacy_xbrl/regex_all/COF/COF_pre2019_regex.parquet,17813,True,16bf9c36f204a249504faaf9d30a32819736a0563a7471122e3d75a626fdb515
data/processed/legacy_xbrl/regex_all/COF/COF_pre2019_summary.csv,2424,True,b8fe5b1378c322495c08363ff1a3b246e827d181cf8bf241da101ce75ef67e43
data/processed/legacy_xbrl/regex_all/COF/COF_pre2019_summary.parquet,3298,True,fa1211813fd9fdf1b4fde7d29051e52c8cd31764f6ac5c3811eb94f87c4332a8
data/processed/legacy_xbrl/regex_all/COP/COP_pre2019_regex.csv,13774,True,ad1ff285d6800cbceb91a057a3a35fbb74eeb3fbe568fe7226f02463a1b51d9f
data/processed/legacy_xbrl/regex_all/COP/COP_pre2019_regex.parquet,21844,True,1d2a00f5ecdd366d933f32fffd8c46a9cb2d0a00cc788b8dcdcdd9f1c81e7f6a
data/processed/legacy_xbrl/regex_all/COP/COP_pre2019_summary.csv,2424,True,95f4fc9c1cfeb5c2ffd317aab724576e8c25e3668e2ac0ef5aef334339dca2ea
data/processed/legacy_xbrl/regex_all/COP/COP_pre2019_summary.parquet,3362,True,d64f878bf794e75b6a84c4feb8173618db6741f8959ab4bb9dbefa6f5a5c84eb
data/processed/legacy_xbrl/regex_all/COR/COR_pre2019_regex.csv,15011,True,1c631c5209e9a8a09debba045ed0125d82de51b6c8708062d774fe7437f7a692
data/processed/legacy_xbrl/regex_all/COR/COR_pre2019_regex.parquet,23773,True,6caa81a255cbd34ef656ea5bc4b2eafce068c62e5a500f3267baf86ed0d51d75
data/processed/legacy_xbrl/regex_all/COR/COR_pre2019_summary.csv,2424,True,5b797b02fc30d9552f034b77745066d9465323bc1939cc714b8a5ee722f029be
data/processed/legacy_xbrl/regex_all/COR/COR_pre2019_summary.parquet,3316,True,8ede240860016ad8dc785965a107e106af18bc57d3ec195c70267e1d51866be0
data/processed/legacy_xbrl/regex_all/COST/COST_pre2019_regex.csv,15036,True,1146be0525d6b844a7b43479fdb2a2cd69838317a869f0e24b8a48de5df2748f
data/processed/legacy_xbrl/regex_all/COST/COST_pre2019_regex.parquet,23707,True,14aff1b2642e1749bf2d9792fc8c7cdd17012433e20d80b60cc179f6e063b41c
data/processed/legacy_xbrl/regex_all/COST/COST_pre2019_summary.csv,2473,True,d5fcecdebb84ddfde7a4d375a830b4cca5f0c0419e437187657439447110f323
data/processed/legacy_xbrl/regex_all/COST/COST_pre2019_summary.parquet,3247,True,0b11ab42bd7539dbbf1e83fcba8401410298d411dfd1b2b3cc3986b544e01452
data/processed/legacy_xbrl/regex_all/CPRT/CPRT_pre2019_regex.csv,12360,True,db8f3408f9e75d2aa56380ce047fbfc4258fa783d1a8f2b7a52719cc45933dc1
data/processed/legacy_xbrl/regex_all/CPRT/CPRT_pre2019_regex.parquet,22574,True,c7cb3573ee3a2930d3e7eb0698399dd140a8b7080186d672dc459854aa397c86
data/processed/legacy_xbrl/regex_all/CPRT/CPRT_pre2019_summary.csv,2470,True,b60478bb9561e6ff556b8cda197d8f4590ed0924fc58b23bf53169acb0723d3a
data/processed/legacy_xbrl/regex_all/CPRT/CPRT_pre2019_summary.parquet,3274,True,c2b4e7580e8c52ce6a30715a4f5707c79467e2d89f3c3d26103a690e46b182c7
data/processed/legacy_xbrl/regex_all/CRM/CRM_pre2019_regex.csv,14249,True,5b3e3700701fccf5706da75a98204287c9da73494b22981a46c9e9843cea8b76
data/processed/legacy_xbrl/regex_all/CRM/CRM_pre2019_regex.parquet,23739,True,053f023f18dbe815dbfae9cad52cf6c7598c65c1d7ff6f08840d3675405d6bd8
data/processed/legacy_xbrl/regex_all/CRM/CRM_pre2019_summary.csv,2423,True,fc7ec48903606294ad6270bdb8197f7abfc0ef4fdfd273f2406653b05e1ad91b
data/processed/legacy_xbrl/regex_all/CRM/CRM_pre2019_summary.parquet,3284,True,8d8318627874c79ccb506f3e030dc86e28c12450191a5ed68b9c0b5ab7db4388
data/processed/legacy_xbrl/regex_all/CRWD/CRWD_pre2019_regex.csv,5457,True,2de70a915aa0a56455a299569e7d942f497c9c757ff23a3adfce262972acf6c0
data/processed/legacy_xbrl/regex_all/CRWD/CRWD_pre2019_regex.parquet,18706,True,49dbd7d1aae7ad52dd469e8b52e21f23a7726cb5a9b3b197468a90ece60925ee
data/processed/legacy_xbrl/regex_all/CRWD/CRWD_pre2019_summary.csv,908,True,04b8d6a34df589db5b7861e5a9a31c4dc0d3eb3c32edb70f83d48e81e93e4275
data/processed/legacy_xbrl/regex_all/CRWD/CRWD_pre2019_summary.parquet,2938,True,54eedb7a2adae0046e8bedc729ca826b00309d88014d2f7ae1b6a45a98407784
data/processed/legacy_xbrl/regex_all/CSCO/CSCO_pre2019_regex.csv,16068,True,a9f3b69ef01ba8e9d09844eeb2f42b9598c24517a35b1e3e80f7041effb0ce3a
data/processed/legacy_xbrl/regex_all/CSCO/CSCO_pre2019_regex.parquet,24826,True,1fca073eded72533a24c670bcc51abba4d10a6d415b750b1aa0084c42879a861
data/processed/legacy_xbrl/regex_all/CSCO/CSCO_pre2019_summary.csv,2473,True,8e6d14e8983a44b15af550a5b057d982de2033628ac0deab483a7d0c659f1523
data/processed/legacy_xbrl/regex_all/CSCO/CSCO_pre2019_summary.parquet,3254,True,ddc435b2073796b2af55937e6587ff9c4eb9b7faa3764cf36584710aebe3349c
data/processed/legacy_xbrl/regex_all/CSGP/CSGP_pre2019_regex.csv,12027,True,8ebd060978779c978a1005fb8c900126fbae0167afb00f871298911636d9fa06
data/processed/legacy_xbrl/regex_all/CSGP/CSGP_pre2019_regex.parquet,23995,True,8436cd71214b6fe95f059d7d40a49d48ef12f668ba57ebc5fc194173239db682
data/processed/legacy_xbrl/regex_all/CSGP/CSGP_pre2019_summary.csv,2468,True,1cfaed85440f209361ad39dc9d73e6ce99f5d6518342d43355d923c493c9b24d
data/processed/legacy_xbrl/regex_all/CSGP/CSGP_pre2019_summary.parquet,3228,True,8342b420ce3fcb256f725b6a0187253f0aa53616ac36aecd666632e59a8173cd
data/processed/legacy_xbrl/regex_all/CSX/CSX_pre2019_regex.csv,13961,True,d697ac93d7e60270cfcea39e669be80ffcf68cef26897b7bd2d99a8053478863
data/processed/legacy_xbrl/regex_all/CSX/CSX_pre2019_regex.parquet,22499,True,a3c820c9759029315376177372b985b49b217a8a850192979f33158e472c8282
data/processed/legacy_xbrl/regex_all/CSX/CSX_pre2019_summary.csv,2425,True,287281eea7373c72c7fbb0054ef4d833d839bb4c3df226f0ca1305a644a91f23
data/processed/legacy_xbrl/regex_all/CSX/CSX_pre2019_summary.parquet,3181,True,75c6a8bbe27419dd25cc18375e49536b7bea5bb8b7ed976c9803d7ff384f24c6
data/processed/legacy_xbrl/regex_all/CTAS/CTAS_pre2019_regex.csv,12529,True,aa3bba29352cc304c6707b806e7f2f805cf0d77cf40f5050958d19c6bf718080
data/processed/legacy_xbrl/regex_all/CTAS/CTAS_pre2019_regex.parquet,21483,True,c5f94501d6d756c9ada5566cb4f71e6862a9a3662f5834e0a7ac393b69aac5db
data/processed/legacy_xbrl/regex_all/CTAS/CTAS_pre2019_summary.csv,2471,True,6c48d4f7a6553be76d0442a2ecfb394aa87398b4b5a0e4063c8424409250bf17
data/processed/legacy_xbrl/regex_all/CTAS/CTAS_pre2019_summary.parquet,3221,True,0b2fc0b539fd7370761840333ad2702b1badc20c462055ce9d7290daf0a93db9
data/processed/legacy_xbrl/regex_all/CTSH/CTSH_pre2019_regex.csv,14764,True,10c1fd6af05f2b2d8591ba1b922e4a714a43001595cc1a333e57e5ddd3a5e3db
data/processed/legacy_xbrl/regex_all/CTSH/CTSH_pre2019_regex.parquet,23141,True,aaa3fd057643cc805fcf034edb54f1885d15bffa6e034c813eb6c0b2b5b6940a
data/processed/legacy_xbrl/regex_all/CTSH/CTSH_pre2019_summary.csv,2474,True,9a68fae97e3d8d5ef4c99492f8bf8905d52238f9a3c5889fbedc132c1ce9a528
data/processed/legacy_xbrl/regex_all/CTSH/CTSH_pre2019_summary.parquet,3273,True,cdfb14eaef07c32e1bc6851d55c6aaad59caaf2f846c09c3998958435fb23d8f
data/processed/legacy_xbrl/regex_all/CVS/CVS_pre2019_regex.csv,16094,True,90c7f856cb9302c17f22d87bee1b3cc40164fe0e2ebde7d3b555df615b9b029b
data/processed/legacy_xbrl/regex_all/CVS/CVS_pre2019_regex.parquet,24809,True,c14e657f4fd0dbf21746c38d585c24e3387edebb087dd58bcd53b3d7bf73a985
data/processed/legacy_xbrl/regex_all/CVS/CVS_pre2019_summary.csv,2424,True,9812327e796609afd41ed0f74a82440f571c5356496e9d5353964cc1dd08f96e
data/processed/legacy_xbrl/regex_all/CVS/CVS_pre2019_summary.parquet,3270,True,3428989f37c230e620a44ac50e34171fa70ce0cacb76e330fad8b6152f29dd18
data/processed/legacy_xbrl/regex_all/CVX/CVX_pre2019_regex.csv,15024,True,5a4ab8318624f6b33e7300c4718fdd9790a2bdb48ab0df7dfc8eca0d88a585e5
data/processed/legacy_xbrl/regex_all/CVX/CVX_pre2019_regex.parquet,22221,True,648ea90cb0e7a2175313b4395242c76ba236a291edcb6e62ca103435020c7798
data/processed/legacy_xbrl/regex_all/CVX/CVX_pre2019_summary.csv,2426,True,065d631fa20e00c5824531fde083cc3b2d9b971a641277da5b02861ca7f6e8ed
data/processed/legacy_xbrl/regex_all/CVX/CVX_pre2019_summary.parquet,3252,True,aca29e61028200c1fba8ca616c971f78bcc41ba0475d328a30493c2cf6b05853
data/processed/legacy_xbrl/regex_all/D/D_pre2019_regex.csv,15333,True,10b84b16945e173a14ba6b443ed6af0fc302342e25fe1957fee270228e276071
data/processed/legacy_xbrl/regex_all/D/D_pre2019_regex.parquet,24833,True,7821ccc7a1de2a66e438cca65fe4baafe2ea64c1b6bd6c0b9c917ae35be00e78
data/processed/legacy_xbrl/regex_all/D/D_pre2019_summary.csv,2324,True,6e52d1ca046b94719a5dd94fe7e542b6f65fa90174dc116ca23ee54840f90b2a
data/processed/legacy_xbrl/regex_all/D/D_pre2019_summary.parquet,3373,True,7940194e08deb87acaef0816ddea325f8f626e543469cda5d5363dd3500a2470
data/processed/legacy_xbrl/regex_all/DASH/DASH_pre2019_regex.csv,4051,True,e09c4f4ed609402a2a4c9214bc2d51ee0408339cdfa9b124d653e523d4394af2
data/processed/legacy_xbrl/regex_all/DASH/DASH_pre2019_regex.parquet,16663,True,faad4b0263149ebfd38f37898ffbf376765943a342dac37ae389929ef1f16966
data/processed/legacy_xbrl/regex_all/DASH/DASH_pre2019_summary.csv,663,True,810b9240e86605cabfb73116966934d8a3d8167347abd2f03fb9ef3dd6cef711
data/processed/legacy_xbrl/regex_all/DASH/DASH_pre2019_summary.parquet,2918,True,98a4d683954e7689fda8f3677f3a15174cceeef0a5c57964d3748fe5966d31fc
data/processed/legacy_xbrl/regex_all/DDOG/DDOG_pre2019_regex.csv,5436,True,f9e8cab0a783d65f8d0ed4cfdd1205b8503be51609d518a04ff6c8b27c839f3d
data/processed/legacy_xbrl/regex_all/DDOG/DDOG_pre2019_regex.parquet,19370,True,4b91e755d0f9d901352214ab4bfcc13252cfac621973efe2b64d92e94b0adc6a
data/processed/legacy_xbrl/regex_all/DDOG/DDOG_pre2019_summary.csv,859,True,97b58187f493f686640a893eb145e8586ab4ec19ad797c61dd506c4a166463f6
data/processed/legacy_xbrl/regex_all/DDOG/DDOG_pre2019_summary.parquet,2937,True,cc80b39ff426a1032963bd30da910db1ba59173803213512b03b58418633fc94
data/processed/legacy_xbrl/regex_all/DE/DE_pre2019_regex.csv,12911,True,948d7f62b46a54130f5217891f5898d0700375c6f4216b7cb90b454b256412d2
data/processed/legacy_xbrl/regex_all/DE/DE_pre2019_regex.parquet,22103,True,bd83433d50b5c79d682efd1c0f187a4af283279ac0e6c33d42a17db4d859f471
data/processed/legacy_xbrl/regex_all/DE/DE_pre2019_summary.csv,2373,True,4e0e3bbecf4f885558ed87bd72a7682c149ddc8f67d217102731539d75691bf9
data/processed/legacy_xbrl/regex_all/DE/DE_pre2019_summary.parquet,3341,True,678b0eb3c6c4f20fb99e0a64735ee987188cd78394856235b700c8d5fdd9bbca
data/processed/legacy_xbrl/regex_all/DELL/DELL_pre2019_regex.csv,10357,True,ce52bd303d88a05aa2375ef94940f6e17f740eb068d2e4542a2942caa5494915
data/processed/legacy_xbrl/regex_all/DELL/DELL_pre2019_regex.parquet,23704,True,8275474821607005672df8ccff55fe0f3e0b3c1dff948f4f565abe7fe12b55c2
data/processed/legacy_xbrl/regex_all/DELL/DELL_pre2019_summary.csv,1349,True,5c654866bb220d273393fd44b46468586317aec103fe532df6c3518701d68f19
data/processed/legacy_xbrl/regex_all/DELL/DELL_pre2019_summary.parquet,3013,True,6f11426d3b2cfd08c183ba6c9b00beca79a929d1f12ba4da5e718a0d6a71f79e
data/processed/legacy_xbrl/regex_all/DFS/DFS_pre2019_regex.csv,10241,True,8448bdb74142f993fa483e88246e22bbe76dfaa6fc76b1adecb28a4384c239c8
data/processed/legacy_xbrl/regex_all/DFS/DFS_pre2019_regex.parquet,16654,True,f936793a6de8ed058d0f1595711fbfcb9f4512c475c155f7bd717907c054e0ee
data/processed/legacy_xbrl/regex_all/DFS/DFS_pre2019_summary.csv,2423,True,8b086e1fb8f093b458fe332b80c849b7a9c8c1385ff40d38e48f07b23c980060
data/processed/legacy_xbrl/regex_all/DFS/DFS_pre2019_summary.parquet,3240,True,2f4a869394add9db230f68d42694326daef2006a4a4cd01985f4785c0220b8b1
data/processed/legacy_xbrl/regex_all/DHI/DHI_pre2019_regex.csv,11471,True,2b3b624f9499da15994d2c97844dda0bbd41d274bd1bc2988a08bd330ba0c3a3
data/processed/legacy_xbrl/regex_all/DHI/DHI_pre2019_regex.parquet,19801,True,81e0d23bea8da6a1cd78b4c5f1abeb6b58c4d5e618cf3deba77dd7db48e462fa
data/processed/legacy_xbrl/regex_all/DHI/DHI_pre2019_summary.csv,2421,True,462c9daeb34a7753227d27569a65d4c512379a9928ec9525e2bda6702c4b5765
data/processed/legacy_xbrl/regex_all/DHI/DHI_pre2019_summary.parquet,3262,True,183bc4ea2fd5e77521955535cb24dd042d880bcd153f73ec6849af102f65fb24
data/processed/legacy_xbrl/regex_all/DHR/DHR_pre2019_regex.csv,14563,True,d98246d4c26c8b6008ddd4d438dcff39efe75d0b7ef613b4356c75c1eed647e2
data/processed/legacy_xbrl/regex_all/DHR/DHR_pre2019_regex.parquet,23626,True,89461722a8b94d97897155567268eb2f8bc9d242590301a3a01cd012ecb9fda5
data/processed/legacy_xbrl/regex_all/DHR/DHR_pre2019_summary.csv,2423,True,8cba2ba88ed6fa29e5f9737c82510de8f6e813b0d03eb64d9251f8f70e2996e9
data/processed/legacy_xbrl/regex_all/DHR/DHR_pre2019_summary.parquet,3277,True,cc510d3eb674c6b70979e66e3c24008a8766b3b8025d0b54b7200f49d15c6ea3
data/processed/legacy_xbrl/regex_all/DIS/DIS_pre2019_regex.csv,6314,True,bc4cfe08c1a77bd9ce487c8b118c88f355809509d0a444651ae3b0d76928b29c
data/processed/legacy_xbrl/regex_all/DIS/DIS_pre2019_regex.parquet,18834,True,1a58b9fe4994675d067a06872e8f6a9baa53c33f7219beb4aa421d53069aa108
data/processed/legacy_xbrl/regex_all/DIS/DIS_pre2019_summary.csv,938,True,d4165a4576d13d6e4ec73ab791b213d72e8d8c598171dcd1669f94cc87b483cf
data/processed/legacy_xbrl/regex_all/DIS/DIS_pre2019_summary.parquet,2936,True,e5e95b19c4313a9830f4911c46d2a8bbfd64b1ada151f66347ea6d6f6713b030
data/processed/legacy_xbrl/regex_all/DLR/DLR_pre2019_regex.csv,9412,True,3aa31665935c2dadb0878e5bc5c1c80ab890a1774e6610c8043e67f6c546d087
data/processed/legacy_xbrl/regex_all/DLR/DLR_pre2019_regex.parquet,16561,True,5e641bb85071ef598877f483072000110658ce52df085f5d89b0df42e21a538e
data/processed/legacy_xbrl/regex_all/DLR/DLR_pre2019_summary.csv,2420,True,46c822ea10831efb72d38e7c10e569535b76725b2064cdd7c74295b328cf96d1
data/processed/legacy_xbrl/regex_all/DLR/DLR_pre2019_summary.parquet,3338,True,d4de7a29eacdfe2b5b661318b8a2485e225c587e102abedba1a8f33aea914638
data/processed/legacy_xbrl/regex_all/DUK/DUK_pre2019_regex.csv,14028,True,6f443bca5c66d195a2197053ac4a7fdd64533b03e9b06a3372b6e897d55222db
data/processed/legacy_xbrl/regex_all/DUK/DUK_pre2019_regex.parquet,23166,True,6a2ea71603241b389f4d2903c17d888e687bec82e1c05c5e41a952561bf2a8a0
data/processed/legacy_xbrl/regex_all/DUK/DUK_pre2019_summary.csv,2424,True,f01340818a77c5f3e49ca6befc48538a745282012c0c56d3bdc83558d1df3ccb
data/processed/legacy_xbrl/regex_all/DUK/DUK_pre2019_summary.parquet,3277,True,feac7531e86ad0c22b764d534bd51dab700b7991ff0e5681454beae7cfa1b1d8
data/processed/legacy_xbrl/regex_all/DXCM/DXCM_pre2019_regex.csv,12642,True,1ca467d3bf07447a1df09bf045f6191220b2a645be5a21a6c1f2e3e3bdf96834
data/processed/legacy_xbrl/regex_all/DXCM/DXCM_pre2019_regex.parquet,24222,True,4adee9a33c7e0c27ad378067052b4af60d28f1c317bb05fb936748618380d147
data/processed/legacy_xbrl/regex_all/DXCM/DXCM_pre2019_summary.csv,2468,True,b6658d6d3f1e771e9d918d05b5eec5378080a122fb70b2b47d9132f7a8ffabfb
data/processed/legacy_xbrl/regex_all/DXCM/DXCM_pre2019_summary.parquet,3296,True,d88b4966a2a3913e13b298a62b824233fa13051927cc1b5e1e02122b91402501
data/processed/legacy_xbrl/regex_all/EA/EA_pre2019_regex.csv,14349,True,46d5c6edaa1ca04fe02b7b6363c89a479aa71864dab6042765f6f177afb37fd8
data/processed/legacy_xbrl/regex_all/EA/EA_pre2019_regex.parquet,24717,True,e754a4541408cffe4046956583775e315d9c9c5c4fab27f3d1adb23966efe4cc
data/processed/legacy_xbrl/regex_all/EA/EA_pre2019_summary.csv,2374,True,b47c97455601d8bce32fee326dc11b27582434c0d251f29b285e08d421e2d98e
data/processed/legacy_xbrl/regex_all/EA/EA_pre2019_summary.parquet,3239,True,1d82e970a72c4a2e40db01fdbfe2f60e6fbb64b9ff9c5bb040dc20cc9d8b8296
data/processed/legacy_xbrl/regex_all/ECL/ECL_pre2019_regex.csv,13647,True,743197b323331a10ebf703f8a95e8a6f94b6fc9e303f9d277292b49ce88fc101
data/processed/legacy_xbrl/regex_all/ECL/ECL_pre2019_regex.parquet,22342,True,46a06e68472a68447027e910bc1d4ad7555e58fa73f97376bad04aa189354dad
data/processed/legacy_xbrl/regex_all/ECL/ECL_pre2019_summary.csv,2424,True,2cd170bf95bb61ad0ccf76848785f7427caca487c3d09f72f4d947acd53cf1f3
data/processed/legacy_xbrl/regex_all/ECL/ECL_pre2019_summary.parquet,3356,True,d01eb2930b90c16eb29445a00399249fef20ac8c7076bdc49480b66c88d0f126
data/processed/legacy_xbrl/regex_all/ELV/ELV_pre2019_regex.csv,13693,True,0307d99edc6c482472ec9a05711e720c43974aeadee960865ff7505ecedfe339
data/processed/legacy_xbrl/regex_all/ELV/ELV_pre2019_regex.parquet,21461,True,2b2b23f3adafd3a02dcd334755e635a21a797d978628a3bc52d4bdf05719e4df
data/processed/legacy_xbrl/regex_all/ELV/ELV_pre2019_summary.csv,2423,True,6c0255fbf5f00be45d0dc6b8c81e8ec097d2c8f62889dbbd86a89e744c318b5f
data/processed/legacy_xbrl/regex_all/ELV/ELV_pre2019_summary.parquet,3234,True,05b1a6f84296052e727f10bd901613846955a9f94fcc1cb713fa33f909d9271b
data/processed/legacy_xbrl/regex_all/EMR/EMR_pre2019_regex.csv,14214,True,fc924f092829aab2e58aa689cf54371a5d224a67494a3c76e64afd1e8a3c9e83
data/processed/legacy_xbrl/regex_all/EMR/EMR_pre2019_regex.parquet,21491,True,a757575ef3f27114d6203af08b1338cf0c6079fc4b811e464be6ba4460bb5dbb
data/processed/legacy_xbrl/regex_all/EMR/EMR_pre2019_summary.csv,2424,True,2b5db32b7c4d722a2a47611505f97e1b119923e884aab95233cc40854b3308af
data/processed/legacy_xbrl/regex_all/EMR/EMR_pre2019_summary.parquet,3231,True,c7a57b5957ddddeca3554cffc583d3ce839fd62820f9be70366654513d8d9c0f
data/processed/legacy_xbrl/regex_all/EOG/EOG_pre2019_regex.csv,12635,True,c0dd8c9dd0068abc8e6dca85afd9af8b537d8bdb56bab640ef80bc2b1e5827c9
data/processed/legacy_xbrl/regex_all/EOG/EOG_pre2019_regex.parquet,20647,True,02aeee2ccd4cee15e39c726fdc7c57e075357c4abbc1c5af13fb3f2d1cd3d737
data/processed/legacy_xbrl/regex_all/EOG/EOG_pre2019_summary.csv,2423,True,534c4a2b844921bab2ba2b416ceb8669300f81b262eba118ea4796f1c8dffc59
data/processed/legacy_xbrl/regex_all/EOG/EOG_pre2019_summary.parquet,3180,True,c2baf2790834a7b634aead4e564b934fe73006e1c13ab7e4aa978307f20d96d2
data/processed/legacy_xbrl/regex_all/EQIX/EQIX_pre2019_regex.csv,13364,True,a5102201a71fd802f5f255a96aa89b85c8ec12c5456ec5808e9a372d9a180d7f
data/processed/legacy_xbrl/regex_all/EQIX/EQIX_pre2019_regex.parquet,23091,True,ddb41098cd1bf855a37e3d20fa50abc9612e6803ab1d759dd0594ae2168573e1
data/processed/legacy_xbrl/regex_all/EQIX/EQIX_pre2019_summary.csv,2471,True,c1524944f3aa155571fbdfdbfc039a0e13b5a25f5b6849be8295a40c4a3c17f3
data/processed/legacy_xbrl/regex_all/EQIX/EQIX_pre2019_summary.parquet,3388,True,321d93a43a6eb6841e97086cd9b8f424a6304cca2715848e552281d5139cdf74
data/processed/legacy_xbrl/regex_all/ETN/ETN_pre2019_regex.csv,11315,True,a3a80e7a057ed8ddcca9f79f3371306c04e30ef30131eb67a5045594a87fbfcd
data/processed/legacy_xbrl/regex_all/ETN/ETN_pre2019_regex.parquet,21415,True,3fd6fa4e931616e3e77b125cc6ede1441567f7b4c8ae50fcd31e10f391dddcad
data/processed/legacy_xbrl/regex_all/ETN/ETN_pre2019_summary.csv,1849,True,a4ebd80df17e01d567be269c344a649315173570bddf3a77e29aa919e0138930
data/processed/legacy_xbrl/regex_all/ETN/ETN_pre2019_summary.parquet,3097,True,4a3592bc7de3a2b560df0e1f937a62d3507bf35e6ddc95ec8de2e387f5673cac
data/processed/legacy_xbrl/regex_all/EW/EW_pre2019_regex.csv,12576,True,aadc8ce6e5498e87fa2899d57045d055f234ab6a402f88c2223342f7d5670660
data/processed/legacy_xbrl/regex_all/EW/EW_pre2019_regex.parquet,23520,True,53c75d445d693ef0512749fa265502be50c1ea5e5b03ab3cb3b74291e6c06394
data/processed/legacy_xbrl/regex_all/EW/EW_pre2019_summary.csv,2371,True,3d612670707112a66f5e107e0872fec6b5e7a786e2f90bba9873f72e1e206cd5
data/processed/legacy_xbrl/regex_all/EW/EW_pre2019_summary.parquet,3269,True,d716d19a74497a0883e3b45608ab45f7060652b29f15cd7a6e5517f4905c0fd4
data/processed/legacy_xbrl/regex_all/EXC/EXC_pre2019_regex.csv,15013,True,c2a968a12daaa1172c062c566b6619e1daca0748bcc8fb65cc0107ad80c3c896
data/processed/legacy_xbrl/regex_all/EXC/EXC_pre2019_regex.parquet,22664,True,977948e0a05ce39f1dbcc95f9dc8b3e442a2ef5abb394a9e31753aee25aaaa61
data/processed/legacy_xbrl/regex_all/EXC/EXC_pre2019_summary.csv,2424,True,1147e801774b507454e6ff0b1bafbca32d38f1be408bc41d9fef42cd7e5aeb69
data/processed/legacy_xbrl/regex_all/EXC/EXC_pre2019_summary.parquet,3361,True,f0d168a242c250da7da0c9bc752a34bcc49aed924579ff874bfae58f8b784232
data/processed/legacy_xbrl/regex_all/FANG/FANG_pre2019_regex.csv,10474,True,3b454d74750259b253aaad80a29a6329c2837be924042b2f98aefc080cc5f637
data/processed/legacy_xbrl/regex_all/FANG/FANG_pre2019_regex.parquet,21195,True,3b2ddadda694f49c600d4d35f45f4f53c6b5bc6904db82bf5a8334f4a743ee95
data/processed/legacy_xbrl/regex_all/FANG/FANG_pre2019_summary.csv,1887,True,42acb008c031fe73c07755397e1d852337b7c9db81306b4808d8761169a1de81
data/processed/legacy_xbrl/regex_all/FANG/FANG_pre2019_summary.parquet,3119,True,519b854a90ca27781599f0463a8c7081666b3f7e763fb960b33ad2501c588c93
data/processed/legacy_xbrl/regex_all/FAST/FAST_pre2019_regex.csv,14111,True,5d9d0bf37db0e4913f2e8425c666519f832c1c9b4a6221c4a3c71900200d6161
data/processed/legacy_xbrl/regex_all/FAST/FAST_pre2019_regex.parquet,21990,True,987429e814e420d66da0ea22641e15097d01ee494765246c4202d6c9ea332bf7
data/processed/legacy_xbrl/regex_all/FAST/FAST_pre2019_summary.csv,2474,True,842eee9f9c7ab0da501b1219b4845abad4f63ccffc0bd163ae820864138d6e5e
data/processed/legacy_xbrl/regex_all/FAST/FAST_pre2019_summary.parquet,3253,True,0480f7c2a4e3f2299dc845ca6413356c276e50a3b93f1c23ab93195a3eb61958
data/processed/legacy_xbrl/regex_all/FCX/FCX_pre2019_regex.csv,13902,True,ae8e73df6cfbaaee5db716d52b0e410134b0c8016be3394c23db42b137f44619
data/processed/legacy_xbrl/regex_all/FCX/FCX_pre2019_regex.parquet,23343,True,130af5f18bf85b6c0fb850413f9c249233cdd938ce8b07e7c37f046d528548f0
data/processed/legacy_xbrl/regex_all/FCX/FCX_pre2019_summary.csv,2425,True,edb8a1dc60f94d6290cb90e513b7d7e0231120fd5cd71499b829101680c1e14e
data/processed/legacy_xbrl/regex_all/FCX/FCX_pre2019_summary.parquet,3204,True,c77ecf2fed064d8bdea1674b9b253d5ac0185e4ad6b37a70505778d616c82a4f
data/processed/legacy_xbrl/regex_all/FDX/FDX_pre2019_regex.csv,12123,True,e5dd5a5aa887a0f39fc3f17d69554f0caca73bb9383bcb282e4ed411101353e3
data/processed/legacy_xbrl/regex_all/FDX/FDX_pre2019_regex.parquet,19342,True,d8e55836b95f869b375858511d9f61ff630c41698531bbc96e3008e85fd63039
data/processed/legacy_xbrl/regex_all/FDX/FDX_pre2019_summary.csv,2424,True,61d9611d4e437c7e936889d36f7f5f4dd9a828f4dc776b3754a44756309aea23
data/processed/legacy_xbrl/regex_all/FDX/FDX_pre2019_summary.parquet,3395,True,b2c48368be51f363ac3a84d7690f4d5e7d73b4d0561f88e9483b27e6c5d92a86
data/processed/legacy_xbrl/regex_all/FI/FI_pre2019_regex.csv,12154,True,ea9117a2d0d49f1c1a6cdba91126d734b13d0a8dfbe558e1407d5c42dc462aaa
data/processed/legacy_xbrl/regex_all/FI/FI_pre2019_regex.parquet,21395,True,355583fa7065eee76b0042a345b206c38a8666bc60b620bbe864813ab5c9d7f7
data/processed/legacy_xbrl/regex_all/FI/FI_pre2019_summary.csv,2374,True,d23d9adac127adada3a515d24da315aef3f2a7937b8a4c173bba434e2d9e3283
data/processed/legacy_xbrl/regex_all/FI/FI_pre2019_summary.parquet,3291,True,288fb082af36920a720943f70cc627c318dad19c50af954b1f03ab6afc140ea8
data/processed/legacy_xbrl/regex_all/FICO/FICO_pre2019_regex.csv,12967,True,8d517649c28ea7343f879b1d30a594142406809e249044071ff8c2454aa93aa8
data/processed/legacy_xbrl/regex_all/FICO/FICO_pre2019_regex.parquet,23497,True,768a26dde484df069bfcc82fca600879888ed51d226deefe509c6a6b18861574
data/processed/legacy_xbrl/regex_all/FICO/FICO_pre2019_summary.csv,2471,True,22c13894ef7c6cdd045a3b91dfb598ad786df66a3aa7d9a906cc55c9c5a33eb1
data/processed/legacy_xbrl/regex_all/FICO/FICO_pre2019_summary.parquet,3264,True,1b50f9a59b9f45e3635c366425f1bfc72836e2d04122bbc24e410352bbea23db
data/processed/legacy_xbrl/regex_all/FIS/FIS_pre2019_regex.csv,14131,True,7faf6e0faefcf4d6077d4c3a3e7bf3cb1afe8620f93ff3acf0d97d4bc9c933f8
data/processed/legacy_xbrl/regex_all/FIS/FIS_pre2019_regex.parquet,22718,True,bebb5ee6a3fd423acce8450faa43746c73c20e0d99d5ea211f61046bf0e4307d
data/processed/legacy_xbrl/regex_all/FIS/FIS_pre2019_summary.csv,2424,True,a5ba1676d51b994215fa3839af11466323957beb4cd389e37156c378f23b46de
data/processed/legacy_xbrl/regex_all/FIS/FIS_pre2019_summary.parquet,3259,True,a1a1b9e1a4b48a6c1aed7ba825e72ad736757dad0b149dcca3264ca8345844a4
data/processed/legacy_xbrl/regex_all/FTNT/FTNT_pre2019_regex.csv,13463,True,d3adca29abebba1696bcc44f7270c4a25435da40d137f3bdd52ca32535341071
data/processed/legacy_xbrl/regex_all/FTNT/FTNT_pre2019_regex.parquet,24148,True,4a3573846d394e374e79f9707f583d9ea3788a809dd1810b69f5d717565cc075
data/processed/legacy_xbrl/regex_all/FTNT/FTNT_pre2019_summary.csv,2276,True,fb17edb7c4bea313b37e1879db422221ab73bf74881600934d1de01fbdbf1f9e
data/processed/legacy_xbrl/regex_all/FTNT/FTNT_pre2019_summary.parquet,3166,True,bf084e7e698a900c6fa97fa1042cd5c0bad1d717e4e54947fbc9ad73cf6174df
data/processed/legacy_xbrl/regex_all/GD/GD_pre2019_regex.csv,13471,True,5c37b64b04a410b2193d0ce3e326b0ce2185085addf8f9858dedc54dc74bfa71
data/processed/legacy_xbrl/regex_all/GD/GD_pre2019_regex.parquet,20751,True,f5fc4da1d81806a088dd36f0afceab4c026e7e1017f9bb015344a8b23a61e735
data/processed/legacy_xbrl/regex_all/GD/GD_pre2019_summary.csv,2374,True,e11f4d7267b6907cdac286a9b20b71d29383d4caf3f22fd10d1d595a15e1f2db
data/processed/legacy_xbrl/regex_all/GD/GD_pre2019_summary.parquet,3251,True,b28da82644dd77dd74eca5e13b91726d62767f234a521e37f5e0837b1996e2d8
data/processed/legacy_xbrl/regex_all/GE/GE_pre2019_regex.csv,14652,True,0acae517cf8a81153806b4b5b161d32ba4a36bfa49506ca3cb5929ea72ddb6ed
data/processed/legacy_xbrl/regex_all/GE/GE_pre2019_regex.parquet,24714,True,4b8d08be16573d0bfab895211ae033fbea8323da931790aeb94283067debc6d5
data/processed/legacy_xbrl/regex_all/GE/GE_pre2019_summary.csv,2374,True,ab5b739d5888a217a5e382251682a8cacc4139175564bee3c6f194069dde7a48
data/processed/legacy_xbrl/regex_all/GE/GE_pre2019_summary.parquet,3236,True,12179eff415d560f212530bc8494f36239e92119817e073fac794fc2991b063f
data/processed/legacy_xbrl/regex_all/GEHC/GEHC_pre2019_regex.csv,2429,True,9e63cefc9c3f27c460e3793d17ef655144116f6418be775d5bb4a1117a386f93
data/processed/legacy_xbrl/regex_all/GEHC/GEHC_pre2019_regex.parquet,17354,True,b93f7695f3a07dc1779c4b8ea3c751fbc6a18c4c5a1ff017d6283dc43d18b9d6
data/processed/legacy_xbrl/regex_all/GEHC/GEHC_pre2019_summary.csv,369,True,eb0e6983c9e70a3e85878206682349b414a85045fd269475beb7d155ceaafdca
data/processed/legacy_xbrl/regex_all/GEHC/GEHC_pre2019_summary.parquet,2843,True,1dcc17662e2b4bf468a22115f9d1d844f930d21ea64f0518e59559a64f343e2b
data/processed/legacy_xbrl/regex_all/GEV/GEV_pre2019_regex.csv,1435,True,6fdd6237359470b14e29d39074dd3b8788c5b893b2bdae364baab50e2a7228fa
data/processed/legacy_xbrl/regex_all/GEV/GEV_pre2019_regex.parquet,15095,True,a5c41362edf32a19b38770e9a851ff250fc85d0d1a780d5b16fbe119ce2fa9da
data/processed/legacy_xbrl/regex_all/GEV/GEV_pre2019_summary.csv,218,True,c039b8c6c32edffb3d1fd771e15dc192220b622aa915bc8c710bd9288b603b60
data/processed/legacy_xbrl/regex_all/GEV/GEV_pre2019_summary.parquet,2805,True,fb12211a7b8543c4dca7fae753d2d01bc8dbcdb7146b7313cd180406664d4569
data/processed/legacy_xbrl/regex_all/GILD/GILD_pre2019_regex.csv,14354,True,ce2693acf4e6ef8dbef59c3786911c04bb40d3a036e5b9805c761c81e9411a2b
data/processed/legacy_xbrl/regex_all/GILD/GILD_pre2019_regex.parquet,22597,True,ca5198fefe08c8bb989f69d5346045b4fe30ff100eb043a83ce54319bbf3595c
data/processed/legacy_xbrl/regex_all/GILD/GILD_pre2019_summary.csv,2474,True,5fc4de1c060aca67ac8a92794988266324be540bd61eefa6fed6a3ade0c0621e
data/processed/legacy_xbrl/regex_all/GILD/GILD_pre2019_summary.parquet,3238,True,31561d35024105413db8764d7880b21fb20211907eddde0f5ea11a9289ccf7a0
data/processed/legacy_xbrl/regex_all/GM/GM_pre2019_regex.csv,13671,True,02ba37246a48ad6a0d320ba3d3844b583164da73ff51e0b241fae9ddc59130ef
data/processed/legacy_xbrl/regex_all/GM/GM_pre2019_regex.parquet,23046,True,a72924cd87d5555e2af0a0a3e1cac978f244994e6c225947921f0a16ea35fcb1
data/processed/legacy_xbrl/regex_all/GM/GM_pre2019_summary.csv,2230,True,6ec91dae603af7ac16efab4e85b91c8902c92250a9770d63cd8ad7991c79b99c
data/processed/legacy_xbrl/regex_all/GM/GM_pre2019_summary.parquet,3204,True,8895a055f993d95ac857444eba54250206fbe20d520ab9b1a0bed38ad5a1b8dc
data/processed/legacy_xbrl/regex_all/GOOG/GOOG_pre2019_regex.csv,10142,True,fe4270ed0fe1c9fdbf5c431688595e9789ea6340cd8f9f2b437478f69989a43a
data/processed/legacy_xbrl/regex_all/GOOG/GOOG_pre2019_regex.parquet,20607,True,b9ca2a77d9337216917fb77d94b081a4734f1627f274db209db92ed98c74345a
data/processed/legacy_xbrl/regex_all/GOOG/GOOG_pre2019_summary.csv,1447,True,7deec8375385db81992f4660585954edce117586b19ec58f4d76a271fe901713
data/processed/legacy_xbrl/regex_all/GOOG/GOOG_pre2019_summary.parquet,3023,True,51967380be580d11b1cd4c143904b798da4e63add22808ea54b708aa8d4ea60f
data/processed/legacy_xbrl/regex_all/GOOGL/GOOGL_pre2019_regex.csv,10171,True,54b98f1815a707c2e76902bd6c09caed33416f4bd22a72609319da568525efa5
data/processed/legacy_xbrl/regex_all/GOOGL/GOOGL_pre2019_regex.parquet,20612,True,ecd9f111a92dd81442ee6b371d4d5c75f32b14918393242bf593ef39c2634377
data/processed/legacy_xbrl/regex_all/GOOGL/GOOGL_pre2019_summary.csv,1476,True,c2847053ab488baa98a510de9548082cfa81153fd8ab417caf17e552474fdecb
data/processed/legacy_xbrl/regex_all/GOOGL/GOOGL_pre2019_summary.parquet,3028,True,9785f4e05a915829be90637d4cda3a047bac7674d3baed0463d3f9037b1a5751
data/processed/legacy_xbrl/regex_all/GS/GS_pre2019_regex.csv,9923,True,5511a56b8355616f92075c9eb788d50a184201e63c0fee633e0f782d6dd18f0b
data/processed/legacy_xbrl/regex_all/GS/GS_pre2019_regex.parquet,16630,True,da90fe729eaccf6c9b5b39b7ca8727433b53a57f7f5ceae04e9056c68a3598bd
data/processed/legacy_xbrl/regex_all/GS/GS_pre2019_summary.csv,2374,True,9f4650652e740914dfd0f4eb88e095b514be6e8bb0f16b85c2dac8a7ad98dc84
data/processed/legacy_xbrl/regex_all/GS/GS_pre2019_summary.parquet,3384,True,6b911c36f150211c419c9c792c8c4c114188baa612dfec8fab8b77f2aa0d78cd
data/processed/legacy_xbrl/regex_all/GWW/GWW_pre2019_regex.csv,13863,True,9bcd2df80ae68c81dc37460ef2012502ad1b843b46e4abaec5b0cd6770139f38
data/processed/legacy_xbrl/regex_all/GWW/GWW_pre2019_regex.parquet,22805,True,680a24711490b74aedbac823edf361c78b9af8fcc734338f2047c9dbbfda3ebe
data/processed/legacy_xbrl/regex_all/GWW/GWW_pre2019_summary.csv,2424,True,8372a62f49f9218a03a10ef4c9381c6e7fcacf8448755eb73049acb509f50b0e
data/processed/legacy_xbrl/regex_all/GWW/GWW_pre2019_summary.parquet,3174,True,3006ba6e4c74d931db6db88eb7d0965b3a0b18fd7868205d0af70543550da7af
data/processed/legacy_xbrl/regex_all/HCA/HCA_pre2019_regex.csv,12638,True,9070e742057ab1754b1f5f5f0f971934da5cc29d10fcbe912deecaa3d6976a2d
data/processed/legacy_xbrl/regex_all/HCA/HCA_pre2019_regex.parquet,21955,True,f86453142f43bd8052e828f19e58a379ecb891e4f4be87624092d12a41cbe720
data/processed/legacy_xbrl/regex_all/HCA/HCA_pre2019_summary.csv,2419,True,acfb14560c1d20d8b09545d093c5c6db06672b42195660961fa85e2299e1f85c
data/processed/legacy_xbrl/regex_all/HCA/HCA_pre2019_summary.parquet,3391,True,54f3c50224a90377b20c3d4d25de5fb76c4309eb5c9a22550795bd050d8726e1
data/processed/legacy_xbrl/regex_all/HD/HD_pre2019_regex.csv,15990,True,55d47fc066e9a35855c88210371d78b7df0396556cb20cbf51be9793b3aacabc
data/processed/legacy_xbrl/regex_all/HD/HD_pre2019_regex.parquet,24632,True,ee12abef61bc24df627820e09b5cb230017f205c493d3438f28a5baa5f5be5c4
data/processed/legacy_xbrl/regex_all/HD/HD_pre2019_summary.csv,2373,True,2a5ae2045f356a9aaed44330e6f8766faadb18245a9f4927c2e9f758897aba45
data/processed/legacy_xbrl/regex_all/HD/HD_pre2019_summary.parquet,3257,True,dc4d13b771d74b8652cbf911e391688ee0dd3cc282b8d7cd9aca0784287e4b0a
data/processed/legacy_xbrl/regex_all/HLT/HLT_pre2019_regex.csv,10092,True,73412664cbb6062a2c2866cfb75c6f58511be71d22e447778bfaf49f2683bb90
data/processed/legacy_xbrl/regex_all/HLT/HLT_pre2019_regex.parquet,20812,True,1e475a35e63652b69e67ce10abfe7aae2472b91abcbc1aef978ccfc51a5587e3
data/processed/legacy_xbrl/regex_all/HLT/HLT_pre2019_summary.csv,1658,True,ad7f84713c2ffb9bcdf6fd8a58747be06725b5577ae837fd58a9ffa8788c2223
data/processed/legacy_xbrl/regex_all/HLT/HLT_pre2019_summary.parquet,3093,True,8bd524c381e6f7bdc440f709370aa31f305a0243c6e273efaf1cb2fed1bce78a
data/processed/legacy_xbrl/regex_all/HON/HON_pre2019_regex.csv,12404,True,ad42197624ea4b93f677cc116c71288fdbe23fa88193c75b47af523bc648aa03
data/processed/legacy_xbrl/regex_all/HON/HON_pre2019_regex.parquet,22694,True,25d210c5de27deeb13dd91983b584f3799316b3d4ad74f7e5ad3158b80b18403
data/processed/legacy_xbrl/regex_all/HON/HON_pre2019_summary.csv,2422,True,2327d01d07edda311654edc2570698671d2b520e0b15978a47437c8788a428b1
data/processed/legacy_xbrl/regex_all/HON/HON_pre2019_summary.parquet,3302,True,4da54e4ab20df827e2b2cb203c01f1b28e3c33ed94b71250ff7b0d172a93ba1f
data/processed/legacy_xbrl/regex_all/HWM/HWM_pre2019_regex.csv,14345,True,89d903046266c931112631d09d2d5ee4289690e5bc9567b34fa75c136bfa6255
data/processed/legacy_xbrl/regex_all/HWM/HWM_pre2019_regex.parquet,23792,True,0cd9aa7441dda93afc249bec4492a264167eabaf27f609269c8f4c279a415545
data/processed/legacy_xbrl/regex_all/HWM/HWM_pre2019_summary.csv,2423,True,8c8bab1e0df49a31deb78507c21d2a32f5c4bd380aea00d20074c8f4e7f9e581
data/processed/legacy_xbrl/regex_all/HWM/HWM_pre2019_summary.parquet,3318,True,f6520001ae6d7e50a70860828cfea8a75b12df8d8e64077044d5f89915615e44
data/processed/legacy_xbrl/regex_all/IBM/IBM_pre2019_regex.csv,15226,True,69be36880cadaaf0c42cee4fd092dcb26b0aaa5754d785204d50251d03f4eb44
data/processed/legacy_xbrl/regex_all/IBM/IBM_pre2019_regex.parquet,22972,True,8b77fe574f8761b4d01ffa228b2787519826e6c1a84693306879564ee18ab88d
data/processed/legacy_xbrl/regex_all/IBM/IBM_pre2019_summary.csv,2424,True,971e672a1d0a5c10464219713586cc47bc8d05c3a7feb5a1398bf3bb7a45d252
data/processed/legacy_xbrl/regex_all/IBM/IBM_pre2019_summary.parquet,3333,True,c999bf4ddcf8370354295cfd8e71f49bf86c545ef3beb4cc8411a9e8bdb48f80
data/processed/legacy_xbrl/regex_all/ICE/ICE_pre2019_regex.csv,10252,True,bc829a1fe0911443c1c4ad1d22f909506f5c194af8e19de87316e6216daa6e68
data/processed/legacy_xbrl/regex_all/ICE/ICE_pre2019_regex.parquet,20908,True,96355ce10a1773cfda9a1895b51a89a3dcd71b8bacb1024f6076f683116dfabc
data/processed/legacy_xbrl/regex_all/ICE/ICE_pre2019_summary.csv,1753,True,baeed5a31532680f7dcb7cdae70301955af63705dcaea0d8d1ef3a8828af4819
data/processed/legacy_xbrl/regex_all/ICE/ICE_pre2019_summary.parquet,3073,True,3615c1aef2743cdb9c92c09683448a29dcbcb28bd8ded9e40cf92460bee27c8c
data/processed/legacy_xbrl/regex_all/IDXX/IDXX_pre2019_regex.csv,14764,True,84c41551b3ec6a313f5e8c5ff60283686bc0c4f6b70dc1c2052c7a5ce0d6ac50
data/processed/legacy_xbrl/regex_all/IDXX/IDXX_pre2019_regex.parquet,25920,True,297a435d10f387049210899ba3d520ba9b9fa5eeee9589c877951d580b4208a0
data/processed/legacy_xbrl/regex_all/IDXX/IDXX_pre2019_summary.csv,2471,True,16c8cadaa66ac282d6579bb901f0d3e9f83462f99b814229d8aabf2c5cead619
data/processed/legacy_xbrl/regex_all/IDXX/IDXX_pre2019_summary.parquet,3264,True,1386572b358be19d014babce6e8ee8c7280abc3ecdf5d9948033b8b1c029e89f
data/processed/legacy_xbrl/regex_all/INTC/INTC_pre2019_regex.csv,15033,True,5ff2a96f34f5af77be97ab7c98b6ad9190b6880e5f34b694d5e6f4eb8d3c0bec
data/processed/legacy_xbrl/regex_all/INTC/INTC_pre2019_regex.parquet,22842,True,9d7720f1b8c0df43bd1534f6326cd3ac23d1958937c696c5976395097378d636
data/processed/legacy_xbrl/regex_all/INTC/INTC_pre2019_summary.csv,2474,True,22c6e3c63bc151c6fa95247dd04a3b0dbbd789052bb69015d41ccfe2d93fbd55
data/processed/legacy_xbrl/regex_all/INTC/INTC_pre2019_summary.parquet,3265,True,12a1f26b4ac43a8cff545ea049e797ea0fbf4a5bc52d09db77026e071e6477b2
data/processed/legacy_xbrl/regex_all/INTU/INTU_pre2019_regex.csv,14094,True,73c310ab2373fc431e5806305e3cfcb2101a01f9011d3c071783129a41441057
data/processed/legacy_xbrl/regex_all/INTU/INTU_pre2019_regex.parquet,22919,True,a5065e217e67df89bb53531f6aff95f9c053c833821a8729d39568552d808353
data/processed/legacy_xbrl/regex_all/INTU/INTU_pre2019_summary.csv,2473,True,0b7f9ae356b05142bd9170a7e617209e3e4a554aae92ca9e0a12fd2a4c2ba826
data/processed/legacy_xbrl/regex_all/INTU/INTU_pre2019_summary.parquet,3271,True,021b378829d8d738b1aac99c296b3a0e1c656863a60beae141be1563409c7933
data/processed/legacy_xbrl/regex_all/ISRG/ISRG_pre2019_regex.csv,15309,True,2ce2cd44fab01b6f1cc11a1071bba69c65de2dee1af084f7c063cec161f08b7a
data/processed/legacy_xbrl/regex_all/ISRG/ISRG_pre2019_regex.parquet,25300,True,a1e1d7d7005956ed5b25fc8952444c8ceedd2d362bfda08e4cdf1f7f6c84c4fe
data/processed/legacy_xbrl/regex_all/ISRG/ISRG_pre2019_summary.csv,2474,True,575922cf5d81cbbc7d6d5471ce70dfc65d147bcf28ac7a613c9ca5eb4d900dc5
data/processed/legacy_xbrl/regex_all/ISRG/ISRG_pre2019_summary.parquet,3285,True,6bae47dba272a8adbcd550cdcaa072b3f82e773238f21b5db46078dd65d85a1d
data/processed/legacy_xbrl/regex_all/ITW/ITW_pre2019_regex.csv,12105,True,b5f8d8e829e11c0fc17c1d6d6b8d750b095f76ca8bb7823595609a7acf7c8da7
data/processed/legacy_xbrl/regex_all/ITW/ITW_pre2019_regex.parquet,20159,True,349d97b921b21e38dbc98a728ebdcb72af2b308c1b56c652cdb8bd7d59e7927d
data/processed/legacy_xbrl/regex_all/ITW/ITW_pre2019_summary.csv,2424,True,eaef704f904988129cd22a927ed1b8c792f2b189cd5b7a3aacfba8623d47fd68
data/processed/legacy_xbrl/regex_all/ITW/ITW_pre2019_summary.parquet,3203,True,b4a3500da3b3dd5ac327b456a36b70532bbf72bb6d1161274925b735ea9cb1ba
data/processed/legacy_xbrl/regex_all/JCI/JCI_pre2019_regex.csv,12934,True,b4cca61124f633f9fcce7aef5c8c47c5f1616b50d1f3ed873d0cd4bbc3d51867
data/processed/legacy_xbrl/regex_all/JCI/JCI_pre2019_regex.parquet,22616,True,80b0bc8a480adf15288712fd68cf1ba76c4bcfee6445de2fe9aa38ab5db913e4
data/processed/legacy_xbrl/regex_all/JCI/JCI_pre2019_summary.csv,2424,True,98e107591bf105ce7128cf18ddec2a08a59284bbb8d2a9b1858a6060229263db
data/processed/legacy_xbrl/regex_all/JCI/JCI_pre2019_summary.parquet,3235,True,eb8f2bf6898481ac533b270a2087480c46f51b47f2cf59db41de8c90576d998e
data/processed/legacy_xbrl/regex_all/JNJ/JNJ_pre2019_regex.csv,15362,True,127a01260a476e9c22a8eaa4137f5937fbcd7547bd4e454ec86e93548094a182
data/processed/legacy_xbrl/regex_all/JNJ/JNJ_pre2019_regex.parquet,24019,True,9ef202810a43e2b547439de4265590f4c1e4902b7fa8499f6c91ff34c3469628
data/processed/legacy_xbrl/regex_all/JNJ/JNJ_pre2019_summary.csv,2424,True,1feb8e57c1d68b1c6a547bbe6203aeaf29badd4bf01c333c48beeee2c8045c85
data/processed/legacy_xbrl/regex_all/JNJ/JNJ_pre2019_summary.parquet,3250,True,df75b265d883722b8d92a7eb632ab78dcc94735a90920295d3debff9c092579d
data/processed/legacy_xbrl/regex_all/JPM/JPM_pre2019_regex.csv,10402,True,a685ac349e7fa878cce7fd3c8bc23941262a258557c525c2ef2f254ddb3a4405
data/processed/legacy_xbrl/regex_all/JPM/JPM_pre2019_regex.parquet,15965,True,702fef4b75affbdb8ce61a03687c5ebb72558ad590be5b4628c92c97f4654396
data/processed/legacy_xbrl/regex_all/JPM/JPM_pre2019_summary.csv,2424,True,4d8d54b7923db6e6bb3878204aa61cb5fb2d96272a1a59b5654a69be376bca34
data/processed/legacy_xbrl/regex_all/JPM/JPM_pre2019_summary.parquet,3272,True,11d237b018195288f6dacd705ed2823c675c3e227e66fe92bd29004525cb81f6
data/processed/legacy_xbrl/regex_all/KDP/KDP_pre2019_regex.csv,14119,True,85b6b839585e96e587c5288c5dcf726aac7971ff83546610afb07295f3f60c68
data/processed/legacy_xbrl/regex_all/KDP/KDP_pre2019_regex.parquet,22528,True,89905c4b12f8e9ab0fbd8666898442b708ac37e1da02a4c26094ab60fb7bc325
data/processed/legacy_xbrl/regex_all/KDP/KDP_pre2019_summary.csv,2421,True,fb22f42630c5bbf54799de3f921ec882a6de3c89edf31278a661f7da66432789
data/processed/legacy_xbrl/regex_all/KDP/KDP_pre2019_summary.parquet,3210,True,ed4b5ff14a44421bca77b20739faf2ac001ed60f953f1116c32df22676439f40
data/processed/legacy_xbrl/regex_all/KHC/KHC_pre2019_regex.csv,9440,True,b700b561e69a2f132f4606ab0806e3d8701ecffb9b3d90f43b1c08dd252a6b8f
data/processed/legacy_xbrl/regex_all/KHC/KHC_pre2019_regex.parquet,21182,True,adfc09c285121d7cf84ce0d4a3f4d119a803788d3283ddcefb6a1640ebdf7aeb
data/processed/legacy_xbrl/regex_all/KHC/KHC_pre2019_summary.csv,1466,True,a9cfd584464c5075edbae9c7dac261da2cdff8de750201dae08f37889af158fc
data/processed/legacy_xbrl/regex_all/KHC/KHC_pre2019_summary.parquet,3035,True,fb8ebe47c706fb3d54c1c7e495311eaadc027ec69dde585e7732b7cb683f1832
data/processed/legacy_xbrl/regex_all/KKR/KKR_pre2019_regex.csv,8549,True,0fb38b681c6a842dad37d069440c3ea5c6ab18797037cfb543f3732ba5c5116b
data/processed/legacy_xbrl/regex_all/KKR/KKR_pre2019_regex.parquet,17206,True,81cfe2791b4931b748d1e25b2fbc041f69d5544b50975503055b1b928412eae6
data/processed/legacy_xbrl/regex_all/KKR/KKR_pre2019_summary.csv,2170,True,d1b1fc9a71b8655091f5f828fc38460a815c6363b2380aba147f9dc26cfdf4ec
data/processed/legacy_xbrl/regex_all/KKR/KKR_pre2019_summary.parquet,3227,True,50fa74d23c1ca412f0b34f5c38ed911e43ac52e1bcbcd269c70bb12927862349
data/processed/legacy_xbrl/regex_all/KLAC/KLAC_pre2019_regex.csv,14343,True,2d52d2989e6f55d37dda29b9b02bff6b3fb2a509cab3bf915f477d9d2b100bbb
data/processed/legacy_xbrl/regex_all/KLAC/KLAC_pre2019_regex.parquet,25589,True,f1290ae0299b195a7ed718f3c71f9be789e31541e45affeb218d05c03355a2f5
data/processed/legacy_xbrl/regex_all/KLAC/KLAC_pre2019_summary.csv,2470,True,6de29e502949776b9bdbf3825fcf727afaf13e932bd8a30e54b48b57e08c4e7a
data/processed/legacy_xbrl/regex_all/KLAC/KLAC_pre2019_summary.parquet,3243,True,c6e63de8e7e3fdab784b2942941a4e115ac2441f06eb23d8655083eba69a4a5a
data/processed/legacy_xbrl/regex_all/KMB/KMB_pre2019_regex.csv,13485,True,0631aa64e71bd3a78c8587a13484b83f2f4374a3b0610e69e0c929327f568519
data/processed/legacy_xbrl/regex_all/KMB/KMB_pre2019_regex.parquet,22525,True,82a7cfed8d4ef816664ca2b89fb99c6e2bf20e87913435f2399e02bcf6e7320a
data/processed/legacy_xbrl/regex_all/KMB/KMB_pre2019_summary.csv,2423,True,6d5f12a5225f2a93afde9ba12c035af1c40723d2a399a1a1685d35ed464d3b9b
data/processed/legacy_xbrl/regex_all/KMB/KMB_pre2019_summary.parquet,3232,True,924dbdb3e687eff381e892275bbe58f9a2cfdd362bda85094612f46e2048ec19
data/processed/legacy_xbrl/regex_all/KMI/KMI_pre2019_regex.csv,13116,True,e0b840188f1e2fdb77fa6e0000e8cebbab0da32ba51685e00898033b730621ee
data/processed/legacy_xbrl/regex_all/KMI/KMI_pre2019_regex.parquet,22205,True,48d0ae824203ae0e9c950accbcaabbb67ffb419c1e695eab75819ed4cf16c2b3
data/processed/legacy_xbrl/regex_all/KMI/KMI_pre2019_summary.csv,2088,True,4e5998407a7977657bd6d9d52d7c1010c4f15a69488dd920d3c8b70a05173f7d
data/processed/legacy_xbrl/regex_all/KMI/KMI_pre2019_summary.parquet,3145,True,c2cbe7cfa4fd05f0e9d460010cc828dd0a2d5a9e4cb9687649d0af0e62fcc9d3
data/processed/legacy_xbrl/regex_all/KO/KO_pre2019_regex.csv,14792,True,4c98c1f1f741c48a14681941c7c4dab7ae2ffa85f6918f65334153c56d2f9bfa
data/processed/legacy_xbrl/regex_all/KO/KO_pre2019_regex.parquet,22711,True,cf529a1dbbd6d2281745386adf6532ea627efdccc802aa98dad136407d38f3eb
data/processed/legacy_xbrl/regex_all/KO/KO_pre2019_summary.csv,2373,True,a77634105518053e181840d522a587cebde5aebe1eb9f42f6b27922f6facae62
data/processed/legacy_xbrl/regex_all/KO/KO_pre2019_summary.parquet,3211,True,1337191299ad488b9910274350fe2a2afce4610f257907439584d5243aead811
data/processed/legacy_xbrl/regex_all/KR/KR_pre2019_regex.csv,11811,True,66a7f777f8dfb7b95ac72c08b000cb6a7033aebd65f0d9c246f3bf3a74ea36d2
data/processed/legacy_xbrl/regex_all/KR/KR_pre2019_regex.parquet,20286,True,aa9ccc51b25d86a44164a40819cd88ebe6b1e889c58f188db83257cb7e7cecee
data/processed/legacy_xbrl/regex_all/KR/KR_pre2019_summary.csv,2373,True,edf4506315123e25c9070852b7b29f60605deb0581d7b74baf06cb87070be7c8
data/processed/legacy_xbrl/regex_all/KR/KR_pre2019_summary.parquet,3349,True,de08756d742c6900d8ce4439fe2e7d3cb0d2ce9f779e3b9cf00065d02a822a81
data/processed/legacy_xbrl/regex_all/KVUE/KVUE_pre2019_regex.csv,2678,True,ae5ca1dd55b953a7c20253dee6ce9d597aff86aba655295a7cfc2a7a82550050
data/processed/legacy_xbrl/regex_all/KVUE/KVUE_pre2019_regex.parquet,18054,True,b8abffbcf3cbb3c1892c98e7ba9beee58d6ecaf3417c46c09175df5e3034a3ad
data/processed/legacy_xbrl/regex_all/KVUE/KVUE_pre2019_summary.csv,369,True,33d9c725c1e4594f8d4f386fa78d1185f8500057cb0b921fe7eb9575b59f80c5
data/processed/legacy_xbrl/regex_all/KVUE/KVUE_pre2019_summary.parquet,2837,True,b238e7d535498e9a2c22ff21d936fbab953dec812b83a9e2a1e7034979d44811
data/processed/legacy_xbrl/regex_all/LIN/LIN_pre2019_regex.csv,6341,True,def90406ae363d81ec13933c80e78bdc73d10550b2fd4dade4ee478b9cd78879
data/processed/legacy_xbrl/regex_all/LIN/LIN_pre2019_regex.parquet,19969,True,51de2e1792e8aa650bfcfbd0993861c2008c1f2f31dd49dcf9a7961c15478deb
data/processed/legacy_xbrl/regex_all/LIN/LIN_pre2019_summary.csv,1033,True,c1150be5ea2d2f6ac57901986647f21e820cef98a82eb4fcc029d00dab3c45e1
data/processed/legacy_xbrl/regex_all/LIN/LIN_pre2019_summary.parquet,3032,True,e3368db7f4b8599f37920b2f64b62998bd1d52f37e302a64baea4d2574aea271
data/processed/legacy_xbrl/regex_all/LLY/LLY_pre2019_regex.csv,13438,True,6048ba91bf5fd22da12594377e4ca82f942ac3f3144101a48ceb0a05499a58e9
data/processed/legacy_xbrl/regex_all/LLY/LLY_pre2019_regex.parquet,20299,True,8f59e55489857d7fa29ca4563849f21c30b8585791b0ac36ce22aba31b652d55
data/processed/legacy_xbrl/regex_all/LLY/LLY_pre2019_summary.csv,2424,True,fbe0cc747a4696de79ca5927a18d549e03293e6294d0c1091ebdde6f6bebb6ed
data/processed/legacy_xbrl/regex_all/LLY/LLY_pre2019_summary.parquet,3271,True,919a4bf097281c3a551705eb21b0a23758118173efbdf03803ea7400fd16a043
data/processed/legacy_xbrl/regex_all/LMT/LMT_pre2019_regex.csv,14200,True,a6bdd2eab1bdbee7416c7e9c870d13ced45c1b3a6069c4965dac35e273c4222a
data/processed/legacy_xbrl/regex_all/LMT/LMT_pre2019_regex.parquet,23547,True,5723d832419b22234b4996b60198c0c5a26025cfd6161c221692d283694a5e21
data/processed/legacy_xbrl/regex_all/LMT/LMT_pre2019_summary.csv,2424,True,b960e9879e3f751de473bd700b3190e8b32b1d7a8c33e7443815685b9d0af35a
data/processed/legacy_xbrl/regex_all/LMT/LMT_pre2019_summary.parquet,3333,True,b28c4fd2dd62c3163dd8c786ef45945b365938bb916feb41b49f219be297c226
data/processed/legacy_xbrl/regex_all/LOW/LOW_pre2019_regex.csv,14106,True,a304142b8f8fa250ae49d8d5736d689fb4df41bba7cdfb012507c357456860c2
data/processed/legacy_xbrl/regex_all/LOW/LOW_pre2019_regex.parquet,22910,True,32389d928aa55d31b6e91a6d500a4f4eabd4cca2585005efb8a715b7e9e8c8a7
data/processed/legacy_xbrl/regex_all/LOW/LOW_pre2019_summary.csv,2423,True,f9045863348720a08fecc1d8fc5c5a73405f91762b025d68b14bb84cc1bd9a42
data/processed/legacy_xbrl/regex_all/LOW/LOW_pre2019_summary.parquet,3231,True,4d67e23e7e94b451070bfcc2ffa8a70a5a682a71ab806a5b43e432e7c65f25df
data/processed/legacy_xbrl/regex_all/LRCX/LRCX_pre2019_regex.csv,13912,True,dbf0e005d3a3ea28c45581c0a4d8c949618b35f83e92a94c06da31f508c49bb7
data/processed/legacy_xbrl/regex_all/LRCX/LRCX_pre2019_regex.parquet,24545,True,465b64f9ab27c978e1a8ae698187c5e9da93bfcbab7c39587b912fa0352ca901
data/processed/legacy_xbrl/regex_all/LRCX/LRCX_pre2019_summary.csv,2471,True,11a5ac729dc60aede0995910bcdfbef045dc1e592a9a89eea249cb1394c75452
data/processed/legacy_xbrl/regex_all/LRCX/LRCX_pre2019_summary.parquet,3325,True,dca5cb3ba862a0c33be22cf1858264f57a39b3697127c0e04c9e0116a5f0dea9
data/processed/legacy_xbrl/regex_all/LULU/LULU_pre2019_regex.csv,12778,True,b7f0757c0486ecac1160f20c4a9731b4209e4a029454019cc175d9edaed9d224
data/processed/legacy_xbrl/regex_all/LULU/LULU_pre2019_regex.parquet,22430,True,a5fab696d6051344bf75518a46637751fa47e1a249f076679112fa50e7d34bdd
data/processed/legacy_xbrl/regex_all/LULU/LULU_pre2019_summary.csv,2470,True,e98087d1b4889f78f0de627052e2b9adc37724ca08a844acb530573d47ce77ca
data/processed/legacy_xbrl/regex_all/LULU/LULU_pre2019_summary.parquet,3286,True,cd2f547f4aa6b1da4f751de2ae9c53803bf14210bfa3144ee34825cf2f7d981d
data/processed/legacy_xbrl/regex_all/MA/MA_pre2019_regex.csv,13987,True,4e5c346b112a6dac978f0cda6ef22df79b909ae9309d7145a6d0f5f06d6d0789
data/processed/legacy_xbrl/regex_all/MA/MA_pre2019_regex.parquet,21993,True,9e7381a71441e0c2c960cbc185c3deac550a182589c87b716f4a5ec0f33ae21e
data/processed/legacy_xbrl/regex_all/MA/MA_pre2019_summary.csv,2374,True,be51ca99668673793c4d19d4b83c4f869f1523e157aacb750fb8b05178cb96fc
data/processed/legacy_xbrl/regex_all/MA/MA_pre2019_summary.parquet,3233,True,07659698ef41cd5e7480002c1f0bbcb3366b953bf878e26380109c4e7f09421e
data/processed/legacy_xbrl/regex_all/MAR/MAR_pre2019_regex.csv,13430,True,fb3fc7d0083ad0ddf6fa164310de97cfef9a88300f52fb666a4ac470fbf5af60
data/processed/legacy_xbrl/regex_all/MAR/MAR_pre2019_regex.parquet,22491,True,7b4e1c08ea86691a7b1f26c2421abf3e4088f53bb7418ed12192800a57b203fc
data/processed/legacy_xbrl/regex_all/MAR/MAR_pre2019_summary.csv,2424,True,8b4862b9119076ffcd4b58295b52cd05ac98d926c253b4dfce633ea0886686f7
data/processed/legacy_xbrl/regex_all/MAR/MAR_pre2019_summary.parquet,3368,True,81893710eed734a01c923591a952fae16b4837d8b436322e88d8c2cef5f27d13
data/processed/legacy_xbrl/regex_all/MCD/MCD_pre2019_regex.csv,13118,True,b86981f75bd2cc19ab151ac255019435b206cf5d57a6b1683daadb125ee75a28
data/processed/legacy_xbrl/regex_all/MCD/MCD_pre2019_regex.parquet,20654,True,ac237eca1f74107474a077a946e667991eacb6de49946d706c0413b04252a03a
data/processed/legacy_xbrl/regex_all/MCD/MCD_pre2019_summary.csv,2423,True,41a75d7fb0e7b406061111bf3cb5bc32bacd3461f1cf56c7f0566b0003598179
data/processed/legacy_xbrl/regex_all/MCD/MCD_pre2019_summary.parquet,3245,True,fecbcbc5fab95476e8132f4ce030830bceac3d8381f82f71f800328630418bf3
data/processed/legacy_xbrl/regex_all/MCHP/MCHP_pre2019_regex.csv,15087,True,fc379ee8722894391219710c8c7dd1765d49c715a773c124229d61285f29f6fe
data/processed/legacy_xbrl/regex_all/MCHP/MCHP_pre2019_regex.parquet,25282,True,b94e3cb7dff12ce6ea19978a0498941ad582c3cede7e1d8a4791e4d1922cfa67
data/processed/legacy_xbrl/regex_all/MCHP/MCHP_pre2019_summary.csv,2473,True,0680b78d7ee71096dda8ab7f3fea7691c0f8e62380eb2d68b6221ce9b2ac407f
data/processed/legacy_xbrl/regex_all/MCHP/MCHP_pre2019_summary.parquet,3233,True,a6e0abb37179db21e4d369f22ebfdda2d2643e4963ba73b0014526bd123e063f
data/processed/legacy_xbrl/regex_all/MCK/MCK_pre2019_regex.csv,14340,True,088d02f1cb7b4e0d8b0b6f043bd89b5e5078c30ccb46ff9352220df3fc497f5c
data/processed/legacy_xbrl/regex_all/MCK/MCK_pre2019_regex.parquet,23283,True,57cc1c1e63a811b950377c1a321fc89677217f15531611a924ff885de748258b
data/processed/legacy_xbrl/regex_all/MCK/MCK_pre2019_summary.csv,2424,True,bd4ee10668a79939aadafcbf68090b499d7a7e808216429cd5e7056f8a4dcc64
data/processed/legacy_xbrl/regex_all/MCK/MCK_pre2019_summary.parquet,3283,True,583250b78cb229dbbfa861426c1ee8ba90c49c7cf5ff3f7e9b63f0954dc5b56f
data/processed/legacy_xbrl/regex_all/MCO/MCO_pre2019_regex.csv,13275,True,edc94dc387e76f536ccf5268ee4b3c4961c69d9d90a14af10d628cbd6341d1ba
data/processed/legacy_xbrl/regex_all/MCO/MCO_pre2019_regex.parquet,22091,True,e2a284a563da368900d4f3dd417e7093b3a495ee18358ea023935640dfb2fe27
data/processed/legacy_xbrl/regex_all/MCO/MCO_pre2019_summary.csv,2423,True,6ff487429aecfda3e81e31c05eb9a15b6904f40710d040a1abcc0ae054071b33
data/processed/legacy_xbrl/regex_all/MCO/MCO_pre2019_summary.parquet,3331,True,8af801b357c65472cc2e741ddf8cadf423052df44ccf3154a4f343cc3acfe9e5
data/processed/legacy_xbrl/regex_all/MDB/MDB_pre2019_regex.csv,6600,True,932c8d13e21e93dad645e2085b2970c8b7634ca3ebeee6d71adf741bfbc64483
data/processed/legacy_xbrl/regex_all/MDB/MDB_pre2019_regex.parquet,20415,True,35643710a2b3fdc34c05163b520a55c1291d901c4727f53012ae5f183b184b30
data/processed/legacy_xbrl/regex_all/MDB/MDB_pre2019_summary.csv,1082,True,a237f66a5c08c9219c38d1f93afc9b1d877c6b7afe4c072c911e7cfa6e6f0cfa
data/processed/legacy_xbrl/regex_all/MDB/MDB_pre2019_summary.parquet,2972,True,d5c1b0ef2ada69eafa1d69fb685dcb80f122af3b0265299c377f89089b65b37b
data/processed/legacy_xbrl/regex_all/MDLZ/MDLZ_pre2019_regex.csv,14280,True,e2076b1e732fc2f8c6b2db12796afab076a3124b0b6363e24f85876e8404cc20
data/processed/legacy_xbrl/regex_all/MDLZ/MDLZ_pre2019_regex.parquet,23032,True,ce30435472fdcd25a8f7e016b85f89daad9c85483e55e3299036703d35689ba8
data/processed/legacy_xbrl/regex_all/MDLZ/MDLZ_pre2019_summary.csv,2473,True,19d49cd9c21fd1df69cee8eb501c92d65b8f0de09a8773740a577497fa9f2ca5
data/processed/legacy_xbrl/regex_all/MDLZ/MDLZ_pre2019_summary.parquet,3301,True,c6df883ae73e351012c79f45dcb64e5f3eeffcc464e67af97e2823f08351f918
data/processed/legacy_xbrl/regex_all/MDT/MDT_pre2019_regex.csv,9867,True,0bfb4321a77f6acdd2da5d6df45840a576a52fa234f8f4194c5f15ef8c53d42b
data/processed/legacy_xbrl/regex_all/MDT/MDT_pre2019_regex.parquet,20761,True,e7622b2feadf7807edff8c32bb07772a2be72b79a60113698207d1df1f08ef78
data/processed/legacy_xbrl/regex_all/MDT/MDT_pre2019_summary.csv,1514,True,6cdc8cb14f65699d0a4bdc0752672425bf641cb98a30ce88ad545626e9b536f8
data/processed/legacy_xbrl/regex_all/MDT/MDT_pre2019_summary.parquet,3042,True,708899b44fd2764d094a5c311c5613e10333a4d3ba06cc43c2ee548afbaeb99a
data/processed/legacy_xbrl/regex_all/MELI/MELI_pre2019_regex.csv,13156,True,67084704d2b3924647e5fb9eeb0af7bbc08a346f26e106ec095094420e747952
data/processed/legacy_xbrl/regex_all/MELI/MELI_pre2019_regex.parquet,24250,True,da303d97b6b6626f8343d133f47e9bed10ab909f0243e554d8c3fde383c205cf
data/processed/legacy_xbrl/regex_all/MELI/MELI_pre2019_summary.csv,2471,True,bc40924929b4b42a0ecf10dc622d1861d3e86e5961fe9eaf53068f7ba3494a9e
data/processed/legacy_xbrl/regex_all/MELI/MELI_pre2019_summary.parquet,3343,True,529e465334944134bf7cbf5166076c80b66618b6900d9e23a8b7aff40d32a747
data/processed/legacy_xbrl/regex_all/MET/MET_pre2019_regex.csv,11482,True,e862eaa8ea8d2ceb8fe89c504ec3727822609737b98505a3c98d9816fe917e40
data/processed/legacy_xbrl/regex_all/MET/MET_pre2019_regex.parquet,17042,True,76fee6f78c39db1c84a5035afc65c3f0b9b43c812976b83b41eb6d69de45c845
data/processed/legacy_xbrl/regex_all/MET/MET_pre2019_summary.csv,2424,True,92a4f57bd32518f34131eebdfbfafc82e21f59b55075525c54f04db63e3f5588
data/processed/legacy_xbrl/regex_all/MET/MET_pre2019_summary.parquet,3291,True,6780e1bd090c9154f979796ae26834a8d6827ce6057c66c7eb3438e484efcb23
data/processed/legacy_xbrl/regex_all/META/META_pre2019_regex.csv,13308,True,8692e15d243afd25a2959ea5e1ae545fba4afc8268789f516e579461bc3ab96b
data/processed/legacy_xbrl/regex_all/META/META_pre2019_regex.parquet,23118,True,bd70050749d1340bced0f8b67e054fa4093f568ab58f47fcad85e341583fd9dc
data/processed/legacy_xbrl/regex_all/META/META_pre2019_summary.csv,1937,True,ac28a51f9725afcc78928552e675d48f318ec03ed3aa0164b9927e4cac0c69a7
data/processed/legacy_xbrl/regex_all/META/META_pre2019_summary.parquet,3112,True,59f0337c544a364b30d119c8b51b1b095c73d71254313b2607f149e1a37217fb
data/processed/legacy_xbrl/regex_all/MMC/MMC_pre2019_regex.csv,11480,True,8c7ff19911b8004f3532259732c2f95192657cf84745fbb6f2b19f705442e07d
data/processed/legacy_xbrl/regex_all/MMC/MMC_pre2019_regex.parquet,19410,True,c29c567dd078c12d55b56310499cf02d70f26075d5112543528aec3c24e309a5
data/processed/legacy_xbrl/regex_all/MMC/MMC_pre2019_summary.csv,2422,True,72596e588be40b40ef1a780dff1354d49156e9065614650992d500332dbd0949
data/processed/legacy_xbrl/regex_all/MMC/MMC_pre2019_summary.parquet,3222,True,be420f28d1d3817d7f25419288cc6f317a4b560b3c29caa871e3296edaf38e9a
data/processed/legacy_xbrl/regex_all/MMM/MMM_pre2019_regex.csv,15199,True,651635aa3512d16268d5f9d64602478a1858eb180ec97014bdba9c4a6e054999
data/processed/legacy_xbrl/regex_all/MMM/MMM_pre2019_regex.parquet,24807,True,7899f23272a22e6fcfec9524604046a3a3c8c7cd3ea79d3152bd58123790bdda
data/processed/legacy_xbrl/regex_all/MMM/MMM_pre2019_summary.csv,2424,True,3d36a25851a331832bf9ab4c5ff1e6f76cf3fecfd62346f986c1c828d66dd154
data/processed/legacy_xbrl/regex_all/MMM/MMM_pre2019_summary.parquet,3343,True,9135a79778374a4f443ea21bccc2334e5934a5a12084ae5a75b1c67b4f2dab4f
data/processed/legacy_xbrl/regex_all/MNST/MNST_pre2019_regex.csv,11945,True,fb70318ee88983ef7a5be2dcf0c5ab5579ab18a4ae5ad0148c9e1bb02878c517
data/processed/legacy_xbrl/regex_all/MNST/MNST_pre2019_regex.parquet,20578,True,e907cd4add4375445e7bbd673e53e60db2ea407df134e79700574aebb6e62992
data/processed/legacy_xbrl/regex_all/MNST/MNST_pre2019_summary.csv,2471,True,f0819089cef83ab6f091af776acd81a8f51c8431d0ee360483b08c41c7f6f167
data/processed/legacy_xbrl/regex_all/MNST/MNST_pre2019_summary.parquet,3370,True,d8d292c1773e791c9604435c5855000444354ed97d758b4150b543d10abd2f9a
data/processed/legacy_xbrl/regex_all/MO/MO_pre2019_regex.csv,13482,True,f35e89ee36c713724135c43d627e4acd3eeb91a11eae103276da7b5e5d5a6057
data/processed/legacy_xbrl/regex_all/MO/MO_pre2019_regex.parquet,22666,True,d24af6187830d2e2b5e96dd7972e025df9c5f471f8b5e82c8b2bcc106894d11a
data/processed/legacy_xbrl/regex_all/MO/MO_pre2019_summary.csv,2372,True,2bf47c6c37de1c95993a317b4b6e80b4ee2f009c79a9e95d31205c3bcd099af3
data/processed/legacy_xbrl/regex_all/MO/MO_pre2019_summary.parquet,3278,True,9660ad949d508a85c88cea6cb198ad30b25e5438174c3384eda6979c8a7ab936
data/processed/legacy_xbrl/regex_all/MPC/MPC_pre2019_regex.csv,12909,True,8125513935faf1d69c70b67ec0187581858cbedb76958922d4bc02935c3443da
data/processed/legacy_xbrl/regex_all/MPC/MPC_pre2019_regex.parquet,22311,True,90602a28b0045a8cb995d9946e555e719a3d41200eee56ee28a1a5747255a566
data/processed/legacy_xbrl/regex_all/MPC/MPC_pre2019_summary.csv,2042,True,0046ed9583b2d37d8be830af2840584b53668810c031da45850dd17d2886d5f6
data/processed/legacy_xbrl/regex_all/MPC/MPC_pre2019_summary.parquet,3174,True,5e41a9ce703501e65277fbb6dfa33c75c4c3e3ec920cdddf6f0517221ad3d31d
data/processed/legacy_xbrl/regex_all/MRK/MRK_pre2019_regex.csv,14039,True,92b6cfa5ad9cbc83fe3bc24b71380ba9b761bd4fcccd2c8e8961013107bb8b1c
data/processed/legacy_xbrl/regex_all/MRK/MRK_pre2019_regex.parquet,22221,True,7b848f93511e2da5ae387872fc035f9c021defe1c34558a8878f4fb2460e6696
data/processed/legacy_xbrl/regex_all/MRK/MRK_pre2019_summary.csv,2424,True,a91a824c157376d4956c979b5741eb4b2f5acaa8649b85ad25c6ea9c8c8d80ba
data/processed/legacy_xbrl/regex_all/MRK/MRK_pre2019_summary.parquet,3298,True,55c218b92bc58f4ae12b0663aeb0151236a2460197dcf4fb2b1732efdddd779b
data/processed/legacy_xbrl/regex_all/MRVL/MRVL_pre2019_regex.csv,3965,True,1c2dc304ba120f8808d60476f5f7eeca14c9afe580823bba8f39ad54d97b4a66
data/processed/legacy_xbrl/regex_all/MRVL/MRVL_pre2019_regex.parquet,17609,True,768d7d2e3e1eeb89731ff39151ef974efb72eb79843b0e2368993fd5d27e7a26
data/processed/legacy_xbrl/regex_all/MRVL/MRVL_pre2019_summary.csv,614,True,e9456483ee7d059bb39f19f57eb4f9f5218562ba13574abab1b3bfe32bad5a6a
data/processed/legacy_xbrl/regex_all/MRVL/MRVL_pre2019_summary.parquet,2873,True,ff0ba7c39684fd2ce2cebcfa56b453c227115b8f14c06b6fdee789d5204346be
data/processed/legacy_xbrl/regex_all/MS/MS_pre2019_regex.csv,10555,True,8e148b607af3b10f3ad3aa493ee24cbebbb3cac419f42b60f5ae14d7a54f898a
data/processed/legacy_xbrl/regex_all/MS/MS_pre2019_regex.parquet,17163,True,12d83c3474290324f72f882afb3dc6067d7f3f15745f9d67ef4938e093f52078
data/processed/legacy_xbrl/regex_all/MS/MS_pre2019_summary.csv,2374,True,16026535d625cc5e0c8827a748f5f7710f41b5a07436bf789d14a895182b215e
data/processed/legacy_xbrl/regex_all/MS/MS_pre2019_summary.parquet,3349,True,7a8e58e571c05ecbb1c1e6adfbb31d79ad2fd1e3828e12e72e9ab52873af720d
data/processed/legacy_xbrl/regex_all/MSCI/MSCI_pre2019_regex.csv,13249,True,6cc75d6aa45c7cf1a76f85b24a53a072514c62eb057e971400555c72e83d7671
data/processed/legacy_xbrl/regex_all/MSCI/MSCI_pre2019_regex.parquet,24082,True,0289e61444184fce1dfeec85ffd337121e4e97d176adc5dc4b2767158ef6f86d
data/processed/legacy_xbrl/regex_all/MSCI/MSCI_pre2019_summary.csv,2470,True,27d0d634b0f1d56ad8c0f9a99fb05871ba87bb2e0922b115e740ef54c0e5ed77
data/processed/legacy_xbrl/regex_all/MSCI/MSCI_pre2019_summary.parquet,3356,True,5b519135efa4ac50527fe9b75e689a982db7931182597fa14b940bf5287ac7d3
data/processed/legacy_xbrl/regex_all/MSFT/MSFT_pre2019_regex.csv,16358,True,2755624629a18b51192cf7c8c500e1c466c9dd966aa7d885c80b796689745bf3
data/processed/legacy_xbrl/regex_all/MSFT/MSFT_pre2019_regex.parquet,26450,True,90900300816182ce7a38272caf9883af880b1315b6f6ba3b4159e00265e8a06b
data/processed/legacy_xbrl/regex_all/MSFT/MSFT_pre2019_summary.csv,2473,True,38ea4a34154aefb0335355aa8a4ffa39bed4251457c25d600055bc9de48457aa
data/processed/legacy_xbrl/regex_all/MSFT/MSFT_pre2019_summary.parquet,3379,True,e2e7b8ec58344b8c22c615976fa3a024c4b193621a96d39b1b24d093df696f6c
data/processed/legacy_xbrl/regex_all/MSI/MSI_pre2019_regex.csv,14886,True,887b7a48b2553471b8c1cdf65ffc468332f7edb5ca9ece6b2dee68d360af1bb2
data/processed/legacy_xbrl/regex_all/MSI/MSI_pre2019_regex.parquet,23798,True,0b46a3ea5606ac274ef72a33fa628e56798e21e02b7eede531993c3317d9e254
data/processed/legacy_xbrl/regex_all/MSI/MSI_pre2019_summary.csv,2423,True,598ed057f23f9d65e1843dd4aaeac41e10acaef0f1124241a31f959ca10a6adf
data/processed/legacy_xbrl/regex_all/MSI/MSI_pre2019_summary.parquet,3249,True,a846c7b42140828b75e1a247690078c90b5bccd54aa81ec67e7945cee9b1f3a5
data/processed/legacy_xbrl/regex_all/MSTR/MSTR_pre2019_regex.csv,12914,True,43be0e006a6af48acc05899b5ad0c1f448cb6ad0e6ec10277a7cfabd2935a669
data/processed/legacy_xbrl/regex_all/MSTR/MSTR_pre2019_regex.parquet,24627,True,e5c9b5203c6a079b22e3871cfab69eb8ab2dd58d843a0b1c9fe644450de008fd
data/processed/legacy_xbrl/regex_all/MSTR/MSTR_pre2019_summary.csv,2468,True,be8a06b2227f49be990edfc9e65cf33c44cac0104e8a922f770d03f71804b92f
data/processed/legacy_xbrl/regex_all/MSTR/MSTR_pre2019_summary.parquet,3372,True,f457e918f5e99d3f30aa3038c59dbbebd54d361b856fa364414386c7ac97811b
data/processed/legacy_xbrl/regex_all/MU/MU_pre2019_regex.csv,14977,True,ccbf7bb695db2a6ca4287361b27d8cd6a4de315ff6b5e7fd8b42f0f8bfcae906
data/processed/legacy_xbrl/regex_all/MU/MU_pre2019_regex.parquet,24179,True,e2f3fa30ee20ea8a53c47a97512640faf506ac26907afddb208c352be3b417d0
data/processed/legacy_xbrl/regex_all/MU/MU_pre2019_summary.csv,2371,True,12bde5710c31187053227107e4254e4f2fc6add9437c6f4fe043d926032c6a23
data/processed/legacy_xbrl/regex_all/MU/MU_pre2019_summary.parquet,3200,True,9663b0d225921ecd1513ee7c2a7b39e2fd61482858b38bb3b72112f74650e763
data/processed/legacy_xbrl/regex_all/NDAQ/NDAQ_pre2019_regex.csv,13006,True,a7a95123ab704c30c2f72848f7dfebbc3bbb4af13b49606be8611bf59a403499
data/processed/legacy_xbrl/regex_all/NDAQ/NDAQ_pre2019_regex.parquet,21597,True,d90c0c4caab87a756c87cc2937ed743af38c212994e296365469a9c8185353d3
data/processed/legacy_xbrl/regex_all/NDAQ/NDAQ_pre2019_summary.csv,2471,True,58c65dda6b439090cae0cef337143658d02fe4c117f33cb40f88b3e68aec3439
data/processed/legacy_xbrl/regex_all/NDAQ/NDAQ_pre2019_summary.parquet,3228,True,02f68715298af7ba936e1335791f12e74e53d4553b0b6d4069f82eefd141f035
data/processed/legacy_xbrl/regex_all/NEE/NEE_pre2019_regex.csv,13592,True,6ca03ce73bf0adfd67c07e9ad24199910bba632dffc69b804d16a8c8b4999514
data/processed/legacy_xbrl/regex_all/NEE/NEE_pre2019_regex.parquet,21259,True,ffed650070b7dbaa4a8925818867b08caba11b5bcb7ffc4e737a19d614f5ec4e
data/processed/legacy_xbrl/regex_all/NEE/NEE_pre2019_summary.csv,2424,True,9813af1b5cbd46a27b665ad667d101179ebe09ada816a95d08f8c7d07629fd13
data/processed/legacy_xbrl/regex_all/NEE/NEE_pre2019_summary.parquet,3213,True,ce2a461d42ef59def56e05cf79f92a1aae15516617cb6d6ed1bd21601248397b
data/processed/legacy_xbrl/regex_all/NEM/NEM_pre2019_regex.csv,13548,True,c3bd7bab93a3e3e96b81f70cc52f79938d4d3477f9c7f078c2eb47d44567ddf5
data/processed/legacy_xbrl/regex_all/NEM/NEM_pre2019_regex.parquet,22416,True,97864013b153c760205a38b60e1eaac2503977cb2476d20216dc809792db0a76
data/processed/legacy_xbrl/regex_all/NEM/NEM_pre2019_summary.csv,2425,True,e3f72e468d55b2c997b0b7eec195d4340d1275c4d1cef451255ca6cba28ca866
data/processed/legacy_xbrl/regex_all/NEM/NEM_pre2019_summary.parquet,3350,True,656c4eb0d4cb096f983f366be2d87a366b673ff8851ceaad4a881e2c6acdad70
data/processed/legacy_xbrl/regex_all/NFLX/NFLX_pre2019_regex.csv,15103,True,f3aa18952d19f1c94f6f11750bcf1221183c8a23777bc64c283028b9e2bf04bd
data/processed/legacy_xbrl/regex_all/NFLX/NFLX_pre2019_regex.parquet,24515,True,15ac436409c7997126c7709e35af79945872300ac1333c56834f4f87cf50bae3
data/processed/legacy_xbrl/regex_all/NFLX/NFLX_pre2019_summary.csv,2474,True,36976a2266c5a4a92d5836cfa9a31d800c96b1946b0a66eba07e496dc1006d13
data/processed/legacy_xbrl/regex_all/NFLX/NFLX_pre2019_summary.parquet,3272,True,9c4557e73683d3a7d4b6f6c8d920a95f4d86cf4a244dd5111e42770bd781d8ff
data/processed/legacy_xbrl/regex_all/NKE/NKE_pre2019_regex.csv,13958,True,b2a695d35489854fb21ce6f91370579814274a236863fa94e74a79e00afbd059
data/processed/legacy_xbrl/regex_all/NKE/NKE_pre2019_regex.parquet,23141,True,d0ae0dda712e92c38eda816ae973fafd5971ce3116c31d9b25d86066831cf9b2
data/processed/legacy_xbrl/regex_all/NKE/NKE_pre2019_summary.csv,2424,True,c25488eb38ac6207ee68178713dd0156e98e2f4735d9f57b5f0db716adf5ac63
data/processed/legacy_xbrl/regex_all/NKE/NKE_pre2019_summary.parquet,3249,True,2999e02f88c0fe7f89ea3fe29039fe13f8f742cf8cd623b649ef1a925d53c4dd
data/processed/legacy_xbrl/regex_all/NOC/NOC_pre2019_regex.csv,14822,True,d6c8dbd9fb553d5e0ff5e428a1480cbefe3455700adacb7a4a0759890349dec1
data/processed/legacy_xbrl/regex_all/NOC/NOC_pre2019_regex.parquet,23406,True,ceccaabed272fb9334c690b67d62d8cc456b318cedcaabee5f4cd83062cc5e95
data/processed/legacy_xbrl/regex_all/NOC/NOC_pre2019_summary.csv,2424,True,bb0a6c06d8f45768d13644131157e3779cf89177cef7a8f8edbcdd91e7ff9bbd
data/processed/legacy_xbrl/regex_all/NOC/NOC_pre2019_summary.parquet,3251,True,35e9904b7bb8701e4671a3d60855d7b6ee350b73581e5dff8c5c4e30ded88a13
data/processed/legacy_xbrl/regex_all/NOW/NOW_pre2019_regex.csv,12493,True,759f58a78bccfc484e7e8c80a8829c33c08016bb10ca33b31acd5716f86ca57e
data/processed/legacy_xbrl/regex_all/NOW/NOW_pre2019_regex.parquet,24732,True,46f17a2fe7e4ee180bff86fade4e647f0282a1ed94f7e162b5ebdc3393801ccf
data/processed/legacy_xbrl/regex_all/NOW/NOW_pre2019_summary.csv,1898,True,24468cb27b7385a1d0b5c2da5740e0eb7589b5d52201240a0f619c3ac4f7acb8
data/processed/legacy_xbrl/regex_all/NOW/NOW_pre2019_summary.parquet,3157,True,4014b1ddc22a05e15d1358bcade0178f7444829d18e8ab99cc0b682e2b7cbfe1
data/processed/legacy_xbrl/regex_all/NSC/NSC_pre2019_regex.csv,13416,True,c380f4a21375c6789c65df2673af987b3af65762b6ae2a55a23e62bb159e7ab5
data/processed/legacy_xbrl/regex_all/NSC/NSC_pre2019_regex.parquet,21503,True,e2e3d4525762a0340bc7151819f1f90fee91c35b517e37d04ed897bafe087c80
data/processed/legacy_xbrl/regex_all/NSC/NSC_pre2019_summary.csv,2424,True,ca226b36ae288f0123a4f4c8deec500dfa52798d0677fdd40155a07930c6bce4
data/processed/legacy_xbrl/regex_all/NSC/NSC_pre2019_summary.parquet,3216,True,fe3e7ce09875231cfd0331329f3163c2f8de0168d896f3ae06c91ab06f6bd19f
data/processed/legacy_xbrl/regex_all/NVDA/NVDA_pre2019_regex.csv,15681,True,73cb12fc548195f988bfcea515941d6c20c7f64186c4e82796f71662d064d238
data/processed/legacy_xbrl/regex_all/NVDA/NVDA_pre2019_regex.parquet,25576,True,7454e3d2e5b95d7f535a08eee5b9e83d6437e56fd1e23a3362027ca543702879
data/processed/legacy_xbrl/regex_all/NVDA/NVDA_pre2019_summary.csv,2473,True,a824820d811df7828f415e178b7e66554923cb7ea41c87477af798327635e9cd
data/processed/legacy_xbrl/regex_all/NVDA/NVDA_pre2019_summary.parquet,3234,True,b0c737d2a250c0b27ea7221b7f0c6f2e1680996dc6731d28c5613dff59539d74
data/processed/legacy_xbrl/regex_all/NXPI/NXPI_pre2019_regex.csv,6082,True,63db5bf31e8fd91562bd465deb20bc3c46e3a8d9e3ad83aedc0fa6dc5ab7bde6
data/processed/legacy_xbrl/regex_all/NXPI/NXPI_pre2019_regex.parquet,20689,True,29b7064345232fd8d66b51408c5ad695f4398c45782ed1c4cf042776b8dcf158
data/processed/legacy_xbrl/regex_all/NXPI/NXPI_pre2019_summary.csv,859,True,82110eb296455bf9da266868085d537fac58eef53faa82e7ba63ceff35d91219
data/processed/legacy_xbrl/regex_all/NXPI/NXPI_pre2019_summary.parquet,2932,True,82ce12810bd118388d1c416024710fb52447544a94399c889e2a9b5d45043df7
data/processed/legacy_xbrl/regex_all/O/O_pre2019_regex.csv,8870,True,72fffc068c9c926a1425dcdb2ac3928e3fe6c62bc25606fdb2dc6b9ea5944eea
data/processed/legacy_xbrl/regex_all/O/O_pre2019_regex.parquet,15979,True,f5bb93294e181f4608760e46f3a3fea0af59aed2f370bd185b7c513859f5d93b
data/processed/legacy_xbrl/regex_all/O/O_pre2019_summary.csv,2321,True,e38ded8df6e0b2dd1a9f22afe02cb9b754d7a803553e9686913fc9198ec5370d
data/processed/legacy_xbrl/regex_all/O/O_pre2019_summary.parquet,3277,True,97d1435f5083937b71b129d120933de4a101b10636d92ff28f1b4b1f1d396220
data/processed/legacy_xbrl/regex_all/ODFL/ODFL_pre2019_regex.csv,11673,True,27acc96073d6b30e176a6b8b09a6acfb72a31c05732c62b279de048fcc69531c
data/processed/legacy_xbrl/regex_all/ODFL/ODFL_pre2019_regex.parquet,19468,True,2f5d3e87cda28d4ef40b959ebb8abc051f3a67cb9038d7735847407668cc2ef1
data/processed/legacy_xbrl/regex_all/ODFL/ODFL_pre2019_summary.csv,2471,True,bdfdd1d562d0ad4525a2614293d5416f1123f57e28020c02138d366a18999c53
data/processed/legacy_xbrl/regex_all/ODFL/ODFL_pre2019_summary.parquet,3310,True,c4c58bfb32d1d60f488cc0af51e82e4df636254d6e5835df0c3b6c6f404ebd4f
data/processed/legacy_xbrl/regex_all/OKE/OKE_pre2019_regex.csv,14495,True,c9f810820ea9d64c2f3050fb7be84c838e9fe621fd9690efda46b9e0d2b1653c
data/processed/legacy_xbrl/regex_all/OKE/OKE_pre2019_regex.parquet,24603,True,498ce4c1aba0b03868964f0f053e5465d765c1ecc44e5aea6cbfe25b46ee66e6
data/processed/legacy_xbrl/regex_all/OKE/OKE_pre2019_summary.csv,2423,True,0e802518e6a9c1b4606a978272f9a420b60180ced3ed69cd6a87e07336b9e11f
data/processed/legacy_xbrl/regex_all/OKE/OKE_pre2019_summary.parquet,3216,True,9426a764043be626e507feeb763e9992cd2a393ec3293350e9b8156e73e9bdf9
data/processed/legacy_xbrl/regex_all/ON/ON_pre2019_regex.csv,14418,True,783baf8e7ea34f5b3bd10d69eac40a433d31fa0644be9c1a182643c12290b1fd
data/processed/legacy_xbrl/regex_all/ON/ON_pre2019_regex.parquet,23599,True,108227fc61a7e0cfb82908ce3cfb2c0d9087403719774ad2ecfd3134749b0d59
data/processed/legacy_xbrl/regex_all/ON/ON_pre2019_summary.csv,2371,True,abcc14dcc7f69aba64ce0f46599c36b280da97847e9ba1fab3fbcc8836ba11e0
data/processed/legacy_xbrl/regex_all/ON/ON_pre2019_summary.parquet,3347,True,3df71db02d3b9581ac3d8c6cf1e3440ef16296ed04476910e92072d86d7622a3
data/processed/legacy_xbrl/regex_all/ORCL/ORCL_pre2019_regex.csv,14267,True,33795b54a9768c1394b24e07bf6cad0578db16d4750837be2fd5f914d60e28af
data/processed/legacy_xbrl/regex_all/ORCL/ORCL_pre2019_regex.parquet,24082,True,dbe25a70edfd4ea079bf4d38ff5ec28c4e340b03bc33ae9f79306f367dbff7e4
data/processed/legacy_xbrl/regex_all/ORCL/ORCL_pre2019_summary.csv,2473,True,0e751ca4514a5ce7eeb43ed251b81b0e5c78b816390f3dc45e4245c8effc357b
data/processed/legacy_xbrl/regex_all/ORCL/ORCL_pre2019_summary.parquet,3390,True,f930f6ef78941cd14eb61aeb03a0c436b8fdfe4bd3d9a43e785f27e19af3c5b6
data/processed/legacy_xbrl/regex_all/ORLY/ORLY_pre2019_regex.csv,14249,True,61cfdcc3e1cffddec02cd99859d9dd9ee55c16c27ba93f021e46a3a04b5138ea
data/processed/legacy_xbrl/regex_all/ORLY/ORLY_pre2019_regex.parquet,22797,True,2738dfbeddb8559347d87ebc086f985dc04d1ed20564a148f880fe66985a7e32
data/processed/legacy_xbrl/regex_all/ORLY/ORLY_pre2019_summary.csv,2472,True,adb72a0fecc377d80bebf2648543fe2015a8b00fbb17eed8789541569bd2239b
data/processed/legacy_xbrl/regex_all/ORLY/ORLY_pre2019_summary.parquet,3265,True,4ecfebe93e7b8d75bf659ea79859b5e9bfc8c367290ec280fb0d5f284553bed5
data/processed/legacy_xbrl/regex_all/OXY/OXY_pre2019_regex.csv,14330,True,f8ce5826ac3d15be4bebcc5d6296de61c04a0cac482c34ac4694fd3dfbad35db
data/processed/legacy_xbrl/regex_all/OXY/OXY_pre2019_regex.parquet,22534,True,bb73f6d208e5cf08cdc9d04bc616f51751a959c900b66caf3bab386fa9b68718
data/processed/legacy_xbrl/regex_all/OXY/OXY_pre2019_summary.csv,2424,True,521aa303ff8863c9b526b126065f24796917721833cc6355ac35557d67d3e1af
data/processed/legacy_xbrl/regex_all/OXY/OXY_pre2019_summary.parquet,3216,True,075f643775cd7d898faa1d594f37c683759118b09339b52a3c5623d4e50cc340
data/processed/legacy_xbrl/regex_all/PANW/PANW_pre2019_regex.csv,10688,True,99764eb115c42a825110aca4012ace420af4e4c17c32f47892cfbf6ffc366527
data/processed/legacy_xbrl/regex_all/PANW/PANW_pre2019_regex.parquet,21798,True,c98a0a4cabd4bac2bfa28b76b6b2323b0de8d57d0652fcee66250f6c355fcfa1
data/processed/legacy_xbrl/regex_all/PANW/PANW_pre2019_summary.csv,1888,True,5c3d358add87beaccb35e30a3f1bbc34347c25a336e4d86a0c0b50cc50510776
data/processed/legacy_xbrl/regex_all/PANW/PANW_pre2019_summary.parquet,3080,True,b8b0219ecc12d8d3d958dada0ff0662931136c003c85d4567c4395f8f6fa656a
data/processed/legacy_xbrl/regex_all/PAYX/PAYX_pre2019_regex.csv,13740,True,01c87ea18175015ec7fae77d35d41ca7b021af3a05e062f0ec7417a9838e371c
data/processed/legacy_xbrl/regex_all/PAYX/PAYX_pre2019_regex.parquet,22310,True,9a49df7186d00bc4503bf75dba9f1e75f6da784f6975c2f1b6bc67d367b556de
data/processed/legacy_xbrl/regex_all/PAYX/PAYX_pre2019_summary.csv,2474,True,1b5d85ebfcd5b103757edb3fbb03a83e3a863cd3d9b94bba687407b02d8e7fbb
data/processed/legacy_xbrl/regex_all/PAYX/PAYX_pre2019_summary.parquet,3312,True,528830656fddcb9ef41d8c684389630b4caeb3219a804d9c6f52a2f209ad2249
data/processed/legacy_xbrl/regex_all/PCAR/PCAR_pre2019_regex.csv,13545,True,c67ce8b34bb82b1bf1a4fdab5656e76f5a8f139c22af36a6f2c77f07c05a6e74
data/processed/legacy_xbrl/regex_all/PCAR/PCAR_pre2019_regex.parquet,22721,True,4ab418b2ef8b170c93c4bce742e1bace0b30cfef399b8523de9c85285d92d0e0
data/processed/legacy_xbrl/regex_all/PCAR/PCAR_pre2019_summary.csv,2473,True,5a880d8a0c952a23d57bf02cd8555105fbdcb6521caa39cdf4a7470ecd7a6eb5
data/processed/legacy_xbrl/regex_all/PCAR/PCAR_pre2019_summary.parquet,3400,True,c91a48997c199222f99b52bf3627830817bfe5b933993cad8e522937f50ecee2
data/processed/legacy_xbrl/regex_all/PCG/PCG_pre2019_regex.csv,13753,True,7ca3bcd46aa2b64b0da35fdcc9a6ac83a2460bdafb32843d840a365613f64799
data/processed/legacy_xbrl/regex_all/PCG/PCG_pre2019_regex.parquet,21302,True,daafc3dfdee1d9ff5ba9cf587c4561f8f919e0f6166adf9aada74b9b3d5d9529
data/processed/legacy_xbrl/regex_all/PCG/PCG_pre2019_summary.csv,2424,True,f2b8ea9b66e29f2312f94d0969ef3f893211748380c2939d318c3a87de9f71f7
data/processed/legacy_xbrl/regex_all/PCG/PCG_pre2019_summary.parquet,3259,True,c2d0cc327661f3a059f67e3b5c34fa41ac32c32016cc9632a8e472d1592ce8ec
data/processed/legacy_xbrl/regex_all/PEG/PEG_pre2019_regex.csv,13082,True,eacabd931b6ce2c97ceca975177c87db3b10aabb486eb2529eb950cc46743092
data/processed/legacy_xbrl/regex_all/PEG/PEG_pre2019_regex.parquet,21899,True,22a6958a88fbfb81539c3ef5d42f1df52acb295538a0cf110e93d51bf90ab431
data/processed/legacy_xbrl/regex_all/PEG/PEG_pre2019_summary.csv,2423,True,6a221b1cd972849f331dcacce60fb87da0beea1affc8649d86db8f3d15c1af90
data/processed/legacy_xbrl/regex_all/PEG/PEG_pre2019_summary.parquet,3267,True,ef2f1a7560429f466f298453f81d23ca95042e6637a821b70631cb59731c937b
data/processed/legacy_xbrl/regex_all/PEP/PEP_pre2019_regex.csv,14047,True,cc9181bc00580b74fe4e1879100c37b4617dcdfbe39a51aaf0bebfe0a4d6c9dd
data/processed/legacy_xbrl/regex_all/PEP/PEP_pre2019_regex.parquet,22079,True,291cfbd76d14b87aa1d80e93ea724bd4e2e14f11c4144b1e48005dd0d298f16f
data/processed/legacy_xbrl/regex_all/PEP/PEP_pre2019_summary.csv,2375,True,07870820c4f2a839abf69be6929b2fe3354ee48a4b5ff086c261f69f0863c543
data/processed/legacy_xbrl/regex_all/PEP/PEP_pre2019_summary.parquet,3238,True,059f1de99213d6235be209bce04d0918aca2d2b75eda282a1fea5a90df7e91ab
data/processed/legacy_xbrl/regex_all/PFE/PFE_pre2019_regex.csv,14983,True,f4b3dce8cab41387f290e4f18fc73293caa1f327cae20bf5db4f3df502ce1ed4
data/processed/legacy_xbrl/regex_all/PFE/PFE_pre2019_regex.parquet,23470,True,866bae3235eba0165e24e1efa1db62bbf7c464c26f870c14686ba7892d06d1ea
data/processed/legacy_xbrl/regex_all/PFE/PFE_pre2019_summary.csv,2424,True,422e12ca17a55147975782342fe81a1b3e52283b465d2f063b5652606abed886
data/processed/legacy_xbrl/regex_all/PFE/PFE_pre2019_summary.parquet,3250,True,f16cb7f1b4e658b7c1411d953cddbbbd33772bb8990dc6bc07c9519c6ab08707
data/processed/legacy_xbrl/regex_all/PG/PG_pre2019_regex.csv,14272,True,bbe7a8246721d37076a699dbbff148a3eeb8567660ffcea924654197d15f034d
data/processed/legacy_xbrl/regex_all/PG/PG_pre2019_regex.parquet,22861,True,2903b675c22080c0987ee296f2a57da96dd9f9acba4f0799673fd59d6ce56bbf
data/processed/legacy_xbrl/regex_all/PG/PG_pre2019_summary.csv,2374,True,9e66986b629ec7ccaaaedf731dff43dba5aabad2d10dae4d0326b9a909dfd025
data/processed/legacy_xbrl/regex_all/PG/PG_pre2019_summary.parquet,3236,True,8ab34914ff1afb0a5df75185ab60d358e558903f3857aca8e6e3ab4edfec1ca5
data/processed/legacy_xbrl/regex_all/PGR/PGR_pre2019_regex.csv,10533,True,efd16ad1d1f97cd16ec18d7c410c0f54e1d256229d29328afc3b3d7b021b31a4
data/processed/legacy_xbrl/regex_all/PGR/PGR_pre2019_regex.parquet,16566,True,956130dfc1efc82de6d826c087c150c64de16d2f5e50327679a2041f3632a686
data/processed/legacy_xbrl/regex_all/PGR/PGR_pre2019_summary.csv,2424,True,1c0dea6ad8f6667a6956f515914f4738a075576b74aec2901c5a921e3b1658c8
data/processed/legacy_xbrl/regex_all/PGR/PGR_pre2019_summary.parquet,3237,True,71a812f650f079c866a127ed4c50e6bc34c81f84d39e2847a30ced7f7900668f
data/processed/legacy_xbrl/regex_all/PH/PH_pre2019_regex.csv,13429,True,1f05012db58eff982be40d460de278083cbade00e1ad758e5ccb468e1e9d9885
data/processed/legacy_xbrl/regex_all/PH/PH_pre2019_regex.parquet,22075,True,2061c3d932bea8bd26b56408c9e9a6d0b141538053355bc5c40854e5cbef6aa4
data/processed/legacy_xbrl/regex_all/PH/PH_pre2019_summary.csv,2374,True,1c238db37d56e39395511db50c0cbdf54904469569e3f2573a559cb720302c25
data/processed/legacy_xbrl/regex_all/PH/PH_pre2019_summary.parquet,3251,True,26c1e50a2e4ac46982eddda4a9495b7a6ffc8bcf3887e39e1b3feaf983f528c8
data/processed/legacy_xbrl/regex_all/PLD/PLD_pre2019_regex.csv,9746,True,532bd84363e54bf5d4c4dae7d53294d2965d9263357c874ca14673ad9f0259b6
data/processed/legacy_xbrl/regex_all/PLD/PLD_pre2019_regex.parquet,17713,True,12ba5934faa0abb79124b446404294a46199d097e0670e7274be8bd7efceda15
data/processed/legacy_xbrl/regex_all/PLD/PLD_pre2019_summary.csv,2420,True,7d208ceb1ef7ff9501456b49d5d5e32157ebcac6d896d2409e7c915d1f21ef07
data/processed/legacy_xbrl/regex_all/PLD/PLD_pre2019_summary.parquet,3393,True,df74cd4f902903c60e99c11e0bcff7700f0633996ecf69433862a49dce9d3293
data/processed/legacy_xbrl/regex_all/PLTR/PLTR_pre2019_regex.csv,4808,True,0599b5a1a68b64bd67ae2f4e8ac0a1ecf9a903fdaba35d184d1089c037aa635c
data/processed/legacy_xbrl/regex_all/PLTR/PLTR_pre2019_regex.parquet,19449,True,27845f73e66e5a3d9c387ff832e30440c4b603987f128e084b33bd33c7eeaa95
data/processed/legacy_xbrl/regex_all/PLTR/PLTR_pre2019_summary.csv,712,True,6f75720aa247e76763855e3e1f86c953491e2a731669f71ea19818183f506c8b
data/processed/legacy_xbrl/regex_all/PLTR/PLTR_pre2019_summary.parquet,2922,True,363bcf26a67388b2d1c11ee25d724b9b5b2841eec8726db36378d85becba9920
data/processed/legacy_xbrl/regex_all/PM/PM_pre2019_regex.csv,14265,True,a48d2c81b2ec6beaae170f1aacc815e6bb004e6e7503814b6fe36ef38fa37e47
data/processed/legacy_xbrl/regex_all/PM/PM_pre2019_regex.parquet,22475,True,42746ef11eb56810b5a1bca302251b6569be42240e5b1a3cf0f0ccfbbeae3ec6
data/processed/legacy_xbrl/regex_all/PM/PM_pre2019_summary.csv,2372,True,9cd0ee337c4691143ac88d8d8735f5621446e0ca8ed19e71033da6943014ed8e
data/processed/legacy_xbrl/regex_all/PM/PM_pre2019_summary.parquet,3236,True,0aab26c5dc592296849aa50027165df7bb6da2b6a8be8d45b5c57e15c7a934ad
data/processed/legacy_xbrl/regex_all/PNC/PNC_pre2019_regex.csv,9783,True,00bb361334cf4ca1981bbe8f21029605cd6ddd7bdc65c2840376ad8b4c29948e
data/processed/legacy_xbrl/regex_all/PNC/PNC_pre2019_regex.parquet,16667,True,306d9febe9baf786000a625267aed88e7dc2367fa779c65015f0e3fc0a76d8f7
data/processed/legacy_xbrl/regex_all/PNC/PNC_pre2019_summary.csv,2424,True,f08bb8f59c9f99754592a5796fd906fcdd72df3f58bb59a4d030a9adf5f64e35
data/processed/legacy_xbrl/regex_all/PNC/PNC_pre2019_summary.parquet,3334,True,f1d0f97890b6ba09cbc41280d306642db5cd09fe6503ee35a026c6a31ede9824
data/processed/legacy_xbrl/regex_all/PRU/PRU_pre2019_regex.csv,10980,True,e3df0aee6ec7e1eb2957e2440b0e9117b4eb7f9eb47eda022bbc0f2d1aa46a0b
data/processed/legacy_xbrl/regex_all/PRU/PRU_pre2019_regex.parquet,18487,True,8a234396b8cf8e81fbf00853e5ed117cc7b83ce3f38bda0cefd067358af077bc
data/processed/legacy_xbrl/regex_all/PRU/PRU_pre2019_summary.csv,2423,True,79d2f41708fc3468b3ff860a358064f5c0af47185af4ebbbfdcf863a9be98279
data/processed/legacy_xbrl/regex_all/PRU/PRU_pre2019_summary.parquet,3308,True,e3593235ad634ef49f410248162bec514e2128e9f4c5cf44f9e8ea182d69d86e
data/processed/legacy_xbrl/regex_all/PSA/PSA_pre2019_regex.csv,11058,True,988366e74ebc9ae736f317a61a26b571befb67ff1ed35aa6425062081cffdca7
data/processed/legacy_xbrl/regex_all/PSA/PSA_pre2019_regex.parquet,19597,True,4da03ccc77e760c254ac006f7b664e1af6eb14a05c016bdb0fb6dacfbc784f4c
data/processed/legacy_xbrl/regex_all/PSA/PSA_pre2019_summary.csv,2423,True,42a690675a4f2b9cef649b795df3ae02dc9588e654af7d9620e9b10f3af1630c
data/processed/legacy_xbrl/regex_all/PSA/PSA_pre2019_summary.parquet,3222,True,14c5ea54f26c5ccb12ab18e2c19462d4c8f51b0d06084a607ff91689033a7145
data/processed/legacy_xbrl/regex_all/PSX/PSX_pre2019_regex.csv,10652,True,2d323a960eb38eba59c9d474c8f4d8aa4a11f5d46e9ad8ce3ff9ca15845475df
data/processed/legacy_xbrl/regex_all/PSX/PSX_pre2019_regex.parquet,19242,True,c475cd06f449f31a9f28f3224bc58dbac2a3c4c54bd8c7542bafab154146f9f0
data/processed/legacy_xbrl/regex_all/PSX/PSX_pre2019_summary.csv,1946,True,4ba3ab1806d18296762def2c64d788a85a123e5bee0e6c1edfe3730231d12bc5
data/processed/legacy_xbrl/regex_all/PSX/PSX_pre2019_summary.parquet,3153,True,6b1ab80617794d7bdfcf1c6a08b55a4db7841ae97ed2a1d810112d6d32aa6a2b
data/processed/legacy_xbrl/regex_all/PWR/PWR_pre2019_regex.csv,13511,True,332af1b5825d3beedf5880f6e25a774b6388ee54b4a9c480926aa2263bf4272e
data/processed/legacy_xbrl/regex_all/PWR/PWR_pre2019_regex.parquet,22875,True,0bf59fdecbc2a3ac2af9ff33a42ba3e4843afe9e1526d6c0ff7368990fdc6c26
data/processed/legacy_xbrl/regex_all/PWR/PWR_pre2019_summary.csv,2424,True,5e33aae59c912958db1c171ecc2b27e6e2faa8b38363f43c7131be23f3392dea
data/processed/legacy_xbrl/regex_all/PWR/PWR_pre2019_summary.parquet,3324,True,39985a754685636fcc37c6adc02873295c4daab3296667df05095a4305fa3837
data/processed/legacy_xbrl/regex_all/PYPL/PYPL_pre2019_regex.csv,9684,True,3176e72a04f1ffd9094d6689e1abddf63ee7366c65417173d51fde196606ead5
data/processed/legacy_xbrl/regex_all/PYPL/PYPL_pre2019_regex.parquet,21470,True,5b90020718ad32397e50a47ac0f887ea73123161b24bf12841d7e00c1cb55faa
data/processed/legacy_xbrl/regex_all/PYPL/PYPL_pre2019_summary.csv,1496,True,5e3a5b9a7ad8f3f7020ad6b6146c2cf3d89798331cf535b7ded56136b8e0bff5
data/processed/legacy_xbrl/regex_all/PYPL/PYPL_pre2019_summary.parquet,3049,True,230935597b45b433342ad09f28f06fbc4b5e3ddafa323ec597822ac8189b0862
data/processed/legacy_xbrl/regex_all/QCOM/QCOM_pre2019_regex.csv,15458,True,d4181603ca2c44a9dd0230e9e89972aa46db3f4cda937309fdc8d650873afb66
data/processed/legacy_xbrl/regex_all/QCOM/QCOM_pre2019_regex.parquet,24006,True,b0e2e28d4c0ca7a1a524d33cd484fff0aee5efdef40fff36dfd9ba1779006d49
data/processed/legacy_xbrl/regex_all/QCOM/QCOM_pre2019_summary.csv,2474,True,fd667f10972b7a281d99c853b8159970c1718e6009a6f04f9ed3a6828bfc2261
data/processed/legacy_xbrl/regex_all/QCOM/QCOM_pre2019_summary.parquet,3271,True,452fca994303e71191606dbf8cdddc5bdc150725efe10e46973bae02439c8272
data/processed/legacy_xbrl/regex_all/RCL/RCL_pre2019_regex.csv,12762,True,65d0ddf058d1df818f75069dfa378b94c59ac731facc9c1be0bc3943f87bc939
data/processed/legacy_xbrl/regex_all/RCL/RCL_pre2019_regex.parquet,21165,True,8b3010fb93f7576f19fa840ceeca285db26483bf20970957c15d4819c99a76bc
data/processed/legacy_xbrl/regex_all/RCL/RCL_pre2019_summary.csv,2422,True,42687c691b64c7689384bf56d34fe05a0ad784044cc6c9f35e15fa89ede74a4a
data/processed/legacy_xbrl/regex_all/RCL/RCL_pre2019_summary.parquet,3273,True,774ce2e24a2afe409a6222ff5d7d699140493e207225896850003e8caa9b628c
data/processed/legacy_xbrl/regex_all/REGN/REGN_pre2019_regex.csv,13715,True,204ab97901f94eb8e31d4b905cba0d833f8956c485426fee35fccb77b5e72c8b
data/processed/legacy_xbrl/regex_all/REGN/REGN_pre2019_regex.parquet,23092,True,bcc2d4cc84878f54dd165ae194bd49a5d66c91ebe4a418e8cddda96e1c0d7466
data/processed/legacy_xbrl/regex_all/REGN/REGN_pre2019_summary.csv,2471,True,11a33ae2bf9e0d9b64ecb16bfa77044bf2f8f8d531a26904dc192b24f675ce90
data/processed/legacy_xbrl/regex_all/REGN/REGN_pre2019_summary.parquet,3248,True,0f4f913812ff5f26b5f6e5ecca645771c22ed40458619382b03314089321ebf2
data/processed/legacy_xbrl/regex_all/ROP/ROP_pre2019_regex.csv,13386,True,072d665eb44fc5f2b2a66c0193b6fd945fa74fe6db1ddcc3aa472ec513a6fec3
data/processed/legacy_xbrl/regex_all/ROP/ROP_pre2019_regex.parquet,23237,True,2ab6e996b89dc676b09b215bdb94a22172be49c945c3490795469456e7779574
data/processed/legacy_xbrl/regex_all/ROP/ROP_pre2019_summary.csv,2422,True,356f8fa8fe4ad9efe2ae89f94d7c5f90932a3fbabff0cdb0482d02410a46cc7b
data/processed/legacy_xbrl/regex_all/ROP/ROP_pre2019_summary.parquet,3166,True,01cd23df1b0e58d53131bd2d70710b241835f6bb842f985229499039fe8c9d11
data/processed/legacy_xbrl/regex_all/ROST/ROST_pre2019_regex.csv,12118,True,bdc52dd574575bc4c17f1f76d2b0ccd599ebf6732ece173704241efe13093fa8
data/processed/legacy_xbrl/regex_all/ROST/ROST_pre2019_regex.parquet,20726,True,163caae105995c46cf1619eb08da85cad68097aa44a3d5a1d293ca811116ebec
data/processed/legacy_xbrl/regex_all/ROST/ROST_pre2019_summary.csv,2471,True,536498e255c4d86a9f245ebcc648aece724fdaeff0bba02b7e1e31aa5a52364c
data/processed/legacy_xbrl/regex_all/ROST/ROST_pre2019_summary.parquet,3221,True,3c6a8430f0bc50d0c18738fbf296245934905c9fc05449910bcf729f334858d9
data/processed/legacy_xbrl/regex_all/RSG/RSG_pre2019_regex.csv,14272,True,3a085f176ca502be0a9fe5bf999fdb6f427911e8d398b0616881dbb8d00b8c61
data/processed/legacy_xbrl/regex_all/RSG/RSG_pre2019_regex.parquet,22839,True,88a670e9e1b89bffb4c0965ad25d4ca6cc265c85d32acc3635900353d3e24ffb
data/processed/legacy_xbrl/regex_all/RSG/RSG_pre2019_summary.csv,2424,True,d3ddfd3cef960848b39d647f708c470267d8dcd02fb292e2d2e2badbdf214faa
data/processed/legacy_xbrl/regex_all/RSG/RSG_pre2019_summary.parquet,3243,True,dff31b070f8d2298d1e798f108bb9c59a7738234c75d5dde7176ff51dc316957
data/processed/legacy_xbrl/regex_all/RTX/RTX_pre2019_regex.csv,13307,True,db9708d71212f71e988b61c8b193bb8218898e79848399579d96bae3057a888b
data/processed/legacy_xbrl/regex_all/RTX/RTX_pre2019_regex.parquet,22216,True,bd499cbb866794b3e8e2954888fe6edebe2a9bbb8d1dd62212b626532f18b279
data/processed/legacy_xbrl/regex_all/RTX/RTX_pre2019_summary.csv,2425,True,da8f46b4028bd2f5572bcffeee0f9a466d53dccdf0339be365c206eb38fe3fb2
data/processed/legacy_xbrl/regex_all/RTX/RTX_pre2019_summary.parquet,3256,True,470e45e8a53fa604846abf59ca135070e33083f89784954ad78909c92c8e5f3f
data/processed/legacy_xbrl/regex_all/SBUX/SBUX_pre2019_regex.csv,15660,True,98ecb546c7b7c9b9285fe1049773b433131f0f93e9c9441ae4edd0b00e12fbde
data/processed/legacy_xbrl/regex_all/SBUX/SBUX_pre2019_regex.parquet,24002,True,fd97238324773f45c684d5ac41c1ae98f9d42fd272d7451b26664f9e7cea771a
data/processed/legacy_xbrl/regex_all/SBUX/SBUX_pre2019_summary.csv,2474,True,8eeb757fb6a5ba90b61b1b8b73af0578b2a965a577e81aa905ca71e7f8cef88f
data/processed/legacy_xbrl/regex_all/SBUX/SBUX_pre2019_summary.parquet,3254,True,ff2756d75b29c04333f93609ca21a64a4d263ead84c3c3cc2f1d74f41d049e76
data/processed/legacy_xbrl/regex_all/SCHW/SCHW_pre2019_regex.csv,10785,True,323d60fcaff02ca1bb1fc528d3dab2cdc638bcbec57e1a4b4e9e3e6d795dfd78
data/processed/legacy_xbrl/regex_all/SCHW/SCHW_pre2019_regex.parquet,17423,True,f0f494756f83f232ae0b58638f0b9b6bc7cddae9d7f04ec722fdae374cb241a9
data/processed/legacy_xbrl/regex_all/SCHW/SCHW_pre2019_summary.csv,2473,True,6657a75e4611d50ca507f1f30d7f157d214f5d501d5efaea35f95b23d03a0b92
data/processed/legacy_xbrl/regex_all/SCHW/SCHW_pre2019_summary.parquet,3261,True,5c434c493a6d18f61a04cfd299e2899fa0a844a054efdd03f897967cdb3ce5b5
data/processed/legacy_xbrl/regex_all/SHW/SHW_pre2019_regex.csv,14609,True,1843b10e7dc598d2a5fee579fc7fc1ef3b7eee3b132a8fcc61dc7130810322a0
data/processed/legacy_xbrl/regex_all/SHW/SHW_pre2019_regex.parquet,24956,True,953479fa725c42e39d9b024eb81214e340dc087acae7cf9a6a2153435a0f4756
data/processed/legacy_xbrl/regex_all/SHW/SHW_pre2019_summary.csv,2424,True,c69f2c035bce19fdd6e585c8eac3e5c57d7d820adfe998a5561cf300c8a4ab96
data/processed/legacy_xbrl/regex_all/SHW/SHW_pre2019_summary.parquet,3249,True,0e329f12e55c4021170431aa1e194e3c806d9ac5b15258143242b1b5c5576a82
data/processed/legacy_xbrl/regex_all/SLB/SLB_pre2019_regex.csv,14174,True,435a89db977140507e77360085145fe90b2c27f8ee3020d08be37acedde0ae9f
data/processed/legacy_xbrl/regex_all/SLB/SLB_pre2019_regex.parquet,23262,True,e8c192fb0de34d620b968370b16ff7dbe6c8df074586742b90c23541842fc363
data/processed/legacy_xbrl/regex_all/SLB/SLB_pre2019_summary.csv,2424,True,b809ae3235243cafb182090cbb4e1f476af51721915a5cbfb2a10a70508ccb1a
data/processed/legacy_xbrl/regex_all/SLB/SLB_pre2019_summary.parquet,3386,True,8e64db4bd8b55986427823262516752d07783f147c20ee4461037aa259ff279c
data/processed/legacy_xbrl/regex_all/SNPS/SNPS_pre2019_regex.csv,14303,True,d3ae27f40c9abc3eb1630e4e3cb3aa6a6a598dabe4806404a5f6fcd4afed53e6
data/processed/legacy_xbrl/regex_all/SNPS/SNPS_pre2019_regex.parquet,25266,True,f4d1cfda56325de06ac60906ed6b2a5f4e86bb95c4ee2943ad79462af0e875f1
data/processed/legacy_xbrl/regex_all/SNPS/SNPS_pre2019_summary.csv,2470,True,725cb7213508e9bfb3f77a55473406c846789123e41b57be199bf2748ab582df
data/processed/legacy_xbrl/regex_all/SNPS/SNPS_pre2019_summary.parquet,3254,True,d171245766facbb96a122f52f6c528ecfb8a3fa6a61571423ee432a57b70b209
data/processed/legacy_xbrl/regex_all/SO/SO_pre2019_regex.csv,12512,True,05ed2c33a470221efd81a8ff00f7ba325b10f4539d08b0ecba501453d5428917
data/processed/legacy_xbrl/regex_all/SO/SO_pre2019_regex.parquet,20491,True,07f37b8731f711da25e5c6b5d6a94e33514a93c644ef5d6951504ee1b5f1b958
data/processed/legacy_xbrl/regex_all/SO/SO_pre2019_summary.csv,2373,True,60ca65b67a8b24dbd6c3c4c89df99cfa6ed87ec0597851b79ff6eaed854c855e
data/processed/legacy_xbrl/regex_all/SO/SO_pre2019_summary.parquet,3216,True,46120a90b8c6d590df516bf535bf58e76fc03c761e34bea6c3649aed41d89070
data/processed/legacy_xbrl/regex_all/SPG/SPG_pre2019_regex.csv,9779,True,c5554e79523292b4901c6bbcc8b4fd68de445987eaf4052179bd8e506b08fedd
data/processed/legacy_xbrl/regex_all/SPG/SPG_pre2019_regex.parquet,16978,True,eff709cbc2e74ba8ac90d36cfcb9fedd1a708377b1440ac2eed8ea1be4fe8099
data/processed/legacy_xbrl/regex_all/SPG/SPG_pre2019_summary.csv,2419,True,f1cc7bf8c2eb82bfcd46e77a659e5e9892610944c528d9b2d4021a172e8087f3
data/processed/legacy_xbrl/regex_all/SPG/SPG_pre2019_summary.parquet,3333,True,5fffbaf3f5b35292e1785d41a479f32ccd36f54b16e5a777024afc2d3ba0fb25
data/processed/legacy_xbrl/regex_all/SPGI/SPGI_pre2019_regex.csv,13361,True,f10fbad6b7f456cd671d6e98a3c235a730c3e2096407f0d61fa42c7115befd6f
data/processed/legacy_xbrl/regex_all/SPGI/SPGI_pre2019_regex.parquet,22533,True,1a0edaf659480aadf748ef5323c0ab117d4e5a96d458e31262256a91e57dcb81
data/processed/legacy_xbrl/regex_all/SPGI/SPGI_pre2019_summary.csv,2474,True,cf5a77bec9e31870a30983fe6a9a6719f1ef506c14ef791b05e0f8726e610ef7
data/processed/legacy_xbrl/regex_all/SPGI/SPGI_pre2019_summary.parquet,3281,True,41f11d42a9c6db5967ef246415fcda9b33a5f5e9933ec03c3f689e0175d62792
data/processed/legacy_xbrl/regex_all/SRE/SRE_pre2019_regex.csv,14286,True,c05fad6b38a3fc8d2a634e1750cc5123f852db4900c6c24dd1e3223da200d510
data/processed/legacy_xbrl/regex_all/SRE/SRE_pre2019_regex.parquet,23365,True,dd694f20de232a375e3d3e69861029adc66de94b4e95f73741431b7ef454db9a
data/processed/legacy_xbrl/regex_all/SRE/SRE_pre2019_summary.csv,2424,True,fffaf78b1c834f896f8aafef8a1b10afc535eae5a57f7e6185f9555bafca6901
data/processed/legacy_xbrl/regex_all/SRE/SRE_pre2019_summary.parquet,3202,True,065a0db98ce68d38b436a6492c682ce1dd178be946c49a459a5c8840d8b4245f
data/processed/legacy_xbrl/regex_all/SYK/SYK_pre2019_regex.csv,15629,True,7f88d1e39087002ead759404dd9270e4bf4be5d40ccb8cf5b2b33f3bd9eb9b57
data/processed/legacy_xbrl/regex_all/SYK/SYK_pre2019_regex.parquet,25983,True,88a32e4e3607c3eeb2a7b8010064e4631ecea61612a6594a5076765b92176f14
data/processed/legacy_xbrl/regex_all/SYK/SYK_pre2019_summary.csv,2423,True,470b1ee390319c4970effa9350729d88a68202087ba7e9581bb5c97aee980e5a
data/processed/legacy_xbrl/regex_all/SYK/SYK_pre2019_summary.parquet,3259,True,5c9e7ad98a413fa00185db26548cb9e611252a0ad22f53bff138a5e801916fc6
data/processed/legacy_xbrl/regex_all/T/T_pre2019_regex.csv,13751,True,e754bebce86b9113f313bed6d5ec6d9af4e915fce6e676f3cbb9054e089adfbf
data/processed/legacy_xbrl/regex_all/T/T_pre2019_regex.parquet,22083,True,f09e1c065c86083aa4207b8d9c2f6af484e229e3d96a56203be309aa51d65d4d
data/processed/legacy_xbrl/regex_all/T/T_pre2019_summary.csv,2324,True,37cd7e48681b11edcb0af218b61a6d7edff9d247aa5df85005412bea6c918b2d
data/processed/legacy_xbrl/regex_all/T/T_pre2019_summary.parquet,3235,True,ba6b018887078eabadf0d28ec62b6aa125ba16b3e484712e14e54b954b0a3156
data/processed/legacy_xbrl/regex_all/TDG/TDG_pre2019_regex.csv,13001,True,43f9df85e454f9b01ea77c9f9bbb230036c6fe9acdb0ed13661a1571e22cf75a
data/processed/legacy_xbrl/regex_all/TDG/TDG_pre2019_regex.parquet,23007,True,6e0f86fbf5ebea781668eb1aab5bee7986a02ec01cb55942716d589b71bacbe0
data/processed/legacy_xbrl/regex_all/TDG/TDG_pre2019_summary.csv,2421,True,27948b988ad94d679a5b04fbbed7f64b7864eb6533950d9f3d6b6baac71c2290
data/processed/legacy_xbrl/regex_all/TDG/TDG_pre2019_summary.parquet,3326,True,b8d27a0a091cbf27f8890671bff7c91c20dc4229f3007b080e9d79618d669739
data/processed/legacy_xbrl/regex_all/TEAM/TEAM_pre2019_regex.csv,3208,True,7bb3ee103953069b5c0b976f0cb14060680ac7309a4ab236186ed75692936e6a
data/processed/legacy_xbrl/regex_all/TEAM/TEAM_pre2019_regex.parquet,18636,True,e3e35d6cd7eff4a6ddf375fad3748afe75b23b978c8e08e3523f0b7ca3e4720b
data/processed/legacy_xbrl/regex_all/TEAM/TEAM_pre2019_summary.csv,467,True,cf0de4e501d67836c8835f5ab1e31586c2975100a2c599b33af5fe9b8ffa728f
data/processed/legacy_xbrl/regex_all/TEAM/TEAM_pre2019_summary.parquet,2857,True,8589f6c623d72c2ea240395fad2ab213efa391cd3491549fe00faf609a763e90
data/processed/legacy_xbrl/regex_all/TEL/TEL_pre2019_regex.csv,14852,True,008f9fa5bf4260b6f2c1fc5545e81c3ba9f9aee19d7aa77bbd8c56d5ab9535ec
data/processed/legacy_xbrl/regex_all/TEL/TEL_pre2019_regex.parquet,23553,True,6934d90aceb9ce4ef037d95826eae80002718f649a76f19e6d8376dc44399c1c
data/processed/legacy_xbrl/regex_all/TEL/TEL_pre2019_summary.csv,2424,True,ab21952b172c2b9458337b3aceae6c4f93077f1ff921fcdeb255df498e510811
data/processed/legacy_xbrl/regex_all/TEL/TEL_pre2019_summary.parquet,3291,True,2481fb67ae1d3bd5faf0cd9c995deacb0a7a8a841482b16ff6a712af35616c46
data/processed/legacy_xbrl/regex_all/TFC/TFC_pre2019_regex.csv,9587,True,c6a2ebbf4e8f37db7c241518a6885189f257a09d0c7cd42f547677d4ede3c80b
data/processed/legacy_xbrl/regex_all/TFC/TFC_pre2019_regex.parquet,15775,True,a0c749aa8caab187ace9ae13a51832c38f23fb16ce4948c61f628ecc5750f5ed
data/processed/legacy_xbrl/regex_all/TFC/TFC_pre2019_summary.csv,2422,True,1acafa286b6f2278ef49ac6d30976749d50f166d71b0f440387e2da6d9a0cb00
data/processed/legacy_xbrl/regex_all/TFC/TFC_pre2019_summary.parquet,3243,True,a41c9d1b2af2684a956670b9c938ec3669b4cab169066d98b0f1f103c46d54ac
data/processed/legacy_xbrl/regex_all/TGT/TGT_pre2019_regex.csv,13139,True,65ea977ceb475c9d022090c2f360e2ec26fad9f14ad2fa04e374f4dbaf26579a
data/processed/legacy_xbrl/regex_all/TGT/TGT_pre2019_regex.parquet,22997,True,7487edcf245da0e68c082fd3f275f39a9b640f73a75eb60614d50ae84b03329b
data/processed/legacy_xbrl/regex_all/TGT/TGT_pre2019_summary.csv,2423,True,e70945481e9293436168786a2a80f4727d16b8edaed9eaf916ae877ee430410d
data/processed/legacy_xbrl/regex_all/TGT/TGT_pre2019_summary.parquet,3245,True,aa926cdcb37777187603583e620137faaad74d2789e7453aa2e0f04001450580
data/processed/legacy_xbrl/regex_all/TJX/TJX_pre2019_regex.csv,13357,True,0182cab4019468ca00024790955a65011334632de7de77e6afb68bd50dbb1f64
data/processed/legacy_xbrl/regex_all/TJX/TJX_pre2019_regex.parquet,23156,True,ae1b9611efb57018d9c0de8dc8474a8317feb45ee07199bfdcb781eda7a10bd8
data/processed/legacy_xbrl/regex_all/TJX/TJX_pre2019_summary.csv,2423,True,055d00c28369613d285e0019d6d870ab889f8169dd535920c958ed43067c0dcf
data/processed/legacy_xbrl/regex_all/TJX/TJX_pre2019_summary.parquet,3336,True,fb417070acab7e09c244ee5f4d3a8404d4b8d670464515ba869a2ab68b351241
data/processed/legacy_xbrl/regex_all/TMO/TMO_pre2019_regex.csv,13778,True,5e420f2edcac62d9da9af55cb2de44bcc066496eaf955e462603c4a63ce56d3e
data/processed/legacy_xbrl/regex_all/TMO/TMO_pre2019_regex.parquet,23577,True,dfedff94769995af2689ce6f9fd01536b1d8921f3311f8be6b5a8cc6fb8753e5
data/processed/legacy_xbrl/regex_all/TMO/TMO_pre2019_summary.csv,2424,True,58134e35343eb573b54cbb0805f2e522a27b2c03ac2d319a04403176e47abcca
data/processed/legacy_xbrl/regex_all/TMO/TMO_pre2019_summary.parquet,3176,True,57ca94f6a48fd3306f797f7efd5b8eb3c3a2ac700dd42fab61cf1dc96ea4056a
data/processed/legacy_xbrl/regex_all/TMUS/TMUS_pre2019_regex.csv,14067,True,19e9f6f374432a7d831ff9f379bee4113f3478129566d201b3932c480afa8a25
data/processed/legacy_xbrl/regex_all/TMUS/TMUS_pre2019_regex.parquet,23440,True,2a5a07e8078644071478f9cb4cc3ee91cf4d2ddb15bffade9ffe650edf56be34
data/processed/legacy_xbrl/regex_all/TMUS/TMUS_pre2019_summary.csv,2471,True,2a99363a14ce5fc689b27c060f9c98579ec2ec1fcfc0ef74ea85f3a3adecbe20
data/processed/legacy_xbrl/regex_all/TMUS/TMUS_pre2019_summary.parquet,3273,True,2d307600c149e941b0a7f71ec4a23cb81c161e8ae22de6225771bb44bf326113
data/processed/legacy_xbrl/regex_all/TRV/TRV_pre2019_regex.csv,9339,True,4fe047bb0ce2e53af827a760848bf9af80e7e71e809167c575e9c8a48cd8bb61
data/processed/legacy_xbrl/regex_all/TRV/TRV_pre2019_regex.parquet,16249,True,ab64119b0b5748ed2081344bc086dabc56a0db13bbe69c132075c77fd7f96672
data/processed/legacy_xbrl/regex_all/TRV/TRV_pre2019_summary.csv,2423,True,fb734ab32d2411d67be68d79ec5bc70e82863791e791673ec5a89e33fd3afcce
data/processed/legacy_xbrl/regex_all/TRV/TRV_pre2019_summary.parquet,3316,True,79bc4ef494ad828b6d2d2cf7330b870b4ab34cc7ec1e0853fecf3c3403bd935d
data/processed/legacy_xbrl/regex_all/TSLA/TSLA_pre2019_regex.csv,14313,True,d1e32653b33376f36e732c6c484768af53b207dfc11c46a41b56756f7556a584
data/processed/legacy_xbrl/regex_all/TSLA/TSLA_pre2019_regex.parquet,25805,True,e985f1a54d5b9c997f8720515aba7bad35d4517db7e965fa136ab40b37137a18
data/processed/legacy_xbrl/regex_all/TSLA/TSLA_pre2019_summary.csv,2228,True,72dbe97b4513133b3cb67b18cb421437213741a185180251d4bd4c8c11f205a5
data/processed/legacy_xbrl/regex_all/TSLA/TSLA_pre2019_summary.parquet,3331,True,c8b03fd5f7d95ac8aeb9e07872dc49b68e866a0f431003525b7653a08f20287a
data/processed/legacy_xbrl/regex_all/TT/TT_pre2019_regex.csv,12929,True,65dc6ebc6569ad3ba07837ae901473c3fc3754943ac143ca4d0d76615a8adbfd
data/processed/legacy_xbrl/regex_all/TT/TT_pre2019_regex.parquet,22085,True,92d2af97cd2098fd11c53e03987a7a87e641175cbebccacb57de1adec44354af
data/processed/legacy_xbrl/regex_all/TT/TT_pre2019_summary.csv,2282,True,96a747898b67e7acce05cf6baccb4ec37f7edf0f9e50939b64fcefdb8ec26ea9
data/processed/legacy_xbrl/regex_all/TT/TT_pre2019_summary.parquet,3252,True,03010b504674fcf37a6dc12732faa6bf60c90af9952072756841ff5bd869e36d
data/processed/legacy_xbrl/regex_all/TTD/TTD_pre2019_regex.csv,7519,True,489dd151f6146ef6bbe1723d55de34800df3988cf4b9649d2997e5c064fc2b34
data/processed/legacy_xbrl/regex_all/TTD/TTD_pre2019_regex.parquet,20067,True,b4e7e877ba9c5b33142873af4e9caabf3b70df55d5709d4302c7bce9602b7eaf
data/processed/legacy_xbrl/regex_all/TTD/TTD_pre2019_summary.csv,1274,True,1a6e22852476eb731a634d51100df43ed983b0b21fba55ccee635f27301a5adc
data/processed/legacy_xbrl/regex_all/TTD/TTD_pre2019_summary.parquet,3078,True,34684ae2b582d1b30d1f1a62b28faae42ef6d29074c9357e84ab1b241adda4a9
data/processed/legacy_xbrl/regex_all/TTWO/TTWO_pre2019_regex.csv,14240,True,360ba1e2fa86eff0976827b53afac1ec891053c2c0b927d4e0cdf3bad5d9580e
data/processed/legacy_xbrl/regex_all/TTWO/TTWO_pre2019_regex.parquet,25878,True,31b1aa439f403e9d5afdb13951c31d3f21916de31b4f95632c4dd6bf372e73a3
data/processed/legacy_xbrl/regex_all/TTWO/TTWO_pre2019_summary.csv,2470,True,faf8148a7390cd48cc80809e3eba8a711ccfef8df3d9b6878bba844829586c8b
data/processed/legacy_xbrl/regex_all/TTWO/TTWO_pre2019_summary.parquet,3340,True,58d5acb78d7b69272249cb3a989bc4a9b4fd77c4f73fb0b14cd043f21ca5783d
data/processed/legacy_xbrl/regex_all/TXN/TXN_pre2019_regex.csv,14690,True,3c56d3e29b6fbdc771ddb53e2273e1d1a19b84784799fedd8b3a84e69d3f02d8
data/processed/legacy_xbrl/regex_all/TXN/TXN_pre2019_regex.parquet,23973,True,73f0b6cdeedfbabb17c630a9189fa7c2a21a4271f001150714e697cace9621bf
data/processed/legacy_xbrl/regex_all/TXN/TXN_pre2019_summary.csv,2423,True,844d24ac74972195afb62d44515692c75d52cf93c5b9136500f677e7c1575bbd
data/processed/legacy_xbrl/regex_all/TXN/TXN_pre2019_summary.parquet,3274,True,34e8d40c6298bc4c55e4bbd267d8f95936ad956ecd620175a23408e27be6ca91
data/processed/legacy_xbrl/regex_all/UBER/UBER_pre2019_regex.csv,6517,True,c586a33fb73cd686797e445fdaf9aad5a83c502e781b43bf53bd97ea4c13a5d8
data/processed/legacy_xbrl/regex_all/UBER/UBER_pre2019_regex.parquet,18815,True,8c10fa55198a7afa87c3d2d86153aa0b3dedab9c289c225ede7034aba0fd2baf
data/processed/legacy_xbrl/regex_all/UBER/UBER_pre2019_summary.csv,957,True,7f30e48644ddd36942e8d1d449fa35ed93986e94b60813e285db055d7273c785
data/processed/legacy_xbrl/regex_all/UBER/UBER_pre2019_summary.parquet,2949,True,c638ae793179e2c767675831c1ef219d3043a83373d8800602d2a97407d916ae
data/processed/legacy_xbrl/regex_all/UNH/UNH_pre2019_regex.csv,14397,True,b9cb9902ae758e945382fa208acafe58194cc85355fdc734cd4c34f47124e501
data/processed/legacy_xbrl/regex_all/UNH/UNH_pre2019_regex.parquet,21591,True,160b1bcb31ded701bf3fb4bc67dab2f84ab90931b93d57357bafc55927116139
data/processed/legacy_xbrl/regex_all/UNH/UNH_pre2019_summary.csv,2424,True,09b4b78b4a463bd5517a0de50eeba16c47335fe6675a9f5d453caf9fe492b977
data/processed/legacy_xbrl/regex_all/UNH/UNH_pre2019_summary.parquet,3222,True,2be513503c6956db558e6690a91a3aa981e0c6c1eb2da9656cd98c07536195b0
data/processed/legacy_xbrl/regex_all/UNP/UNP_pre2019_regex.csv,13814,True,0f7ef2984e4aa4ac449150b2470a3820813eedd0c60bf2dd1ccd8e46eaf55e12
data/processed/legacy_xbrl/regex_all/UNP/UNP_pre2019_regex.parquet,21426,True,be54b74ee98cb787dc66c4ed5239c74a2a3651d804168aec69b70aadd96fb5aa
data/processed/legacy_xbrl/regex_all/UNP/UNP_pre2019_summary.csv,2424,True,404ad1385c4dec1471220bbba7d805a619b063488cf7d2a539cab9fbec1b6b52
data/processed/legacy_xbrl/regex_all/UNP/UNP_pre2019_summary.parquet,3321,True,e447781212f8e54cf6100a2ddb57766f5c86fbbd9f68daa373bd37a08ff8c175
data/processed/legacy_xbrl/regex_all/UPS/UPS_pre2019_regex.csv,13083,True,be8c70711302bd090440fd033c386cd47e1b9817575f7a0bec8f7f0d2031ed89
data/processed/legacy_xbrl/regex_all/UPS/UPS_pre2019_regex.parquet,19822,True,113400b4d0fa4ba1dcc1dc60dc71ac1f778b5095222f49bd6cacce55e68f8e85
data/processed/legacy_xbrl/regex_all/UPS/UPS_pre2019_summary.csv,2424,True,29bfe709a8de9022258e69baf7e55d1a149047ce6875d5ac4752fd041622909f
data/processed/legacy_xbrl/regex_all/UPS/UPS_pre2019_summary.parquet,3216,True,001e2ced45b2ba9072a7ed004bcbb43a29d21e54705d137ca6142569ef12a562
data/processed/legacy_xbrl/regex_all/URI/URI_pre2019_regex.csv,13933,True,cc3df611db24e9ad771c5f85fb6adcc15f41d2271c511812ebfb2a4976dd3044
data/processed/legacy_xbrl/regex_all/URI/URI_pre2019_regex.parquet,24644,True,e0c6231c374ac7382bbb06f20b44e15dec14fba9b483e81329fe49e23568ccf4
data/processed/legacy_xbrl/regex_all/URI/URI_pre2019_summary.csv,2418,True,625c3fa559a3e9d39cef34333af3ae415dac49e8d43c6b620369e8454e76e6bc
data/processed/legacy_xbrl/regex_all/URI/URI_pre2019_summary.parquet,3240,True,c9374e3c27948b1b85e8187a9d1b7254167ee64475adfcde186c39cac166fde5
data/processed/legacy_xbrl/regex_all/USB/USB_pre2019_regex.csv,10366,True,b29a30e476d5f915ad7a51ad10d965541408167d801c92123c416181b99c15bd
data/processed/legacy_xbrl/regex_all/USB/USB_pre2019_regex.parquet,16745,True,ce23fd6e7abff2332cf40452513435710fdbffd4aad3443a5d8506a05df0443f
data/processed/legacy_xbrl/regex_all/USB/USB_pre2019_summary.csv,2424,True,847ea19c4b4e544ff7b8bf6f006a17ebeaafc4c3b73a41623833b166b8f81573
data/processed/legacy_xbrl/regex_all/USB/USB_pre2019_summary.parquet,3381,True,8c9c67381226d756b89b3dee84ce41543f4f119fa2fd595e1101af8ff19f7d3f
data/processed/legacy_xbrl/regex_all/V/V_pre2019_regex.csv,13133,True,6ee0d624710a995a833c1a8db26e7c2b7ce109aed53b8f8c0187dc244e38a7c5
data/processed/legacy_xbrl/regex_all/V/V_pre2019_regex.parquet,20506,True,1ac4d3523ab9ff8a0b0ac63f8dc380472f15b0f9954495efe576c7474807b1aa
data/processed/legacy_xbrl/regex_all/V/V_pre2019_summary.csv,2324,True,668fc034f0656da142548b59540e78df295ccc751a322b8805e6e4db75b7d2f9
data/processed/legacy_xbrl/regex_all/V/V_pre2019_summary.parquet,3215,True,2f55a1015c8adc368e55c0f96106e50618e95e73120e1aa86840f849d822a9c4
data/processed/legacy_xbrl/regex_all/VRSK/VRSK_pre2019_regex.csv,12471,True,346cb75252a9cb0526868887d2a075f76c50cb81a424cff880865b5299215d18
data/processed/legacy_xbrl/regex_all/VRSK/VRSK_pre2019_regex.parquet,22212,True,131c24998b55968fc4f08d912b64462bc8a46a96a3efc7931f029ba6f916e0d3
data/processed/legacy_xbrl/regex_all/VRSK/VRSK_pre2019_summary.csv,2325,True,23743b22cceddaf200a4e6cd0c6a615752caecf43a052a72d084eb11c71c9e16
data/processed/legacy_xbrl/regex_all/VRSK/VRSK_pre2019_summary.parquet,3296,True,fdb2cc4a0fe90d6595e4be9ec61fc08e0f465fe6c5c1d88c49266603da74e435
data/processed/legacy_xbrl/regex_all/VRTX/VRTX_pre2019_regex.csv,14185,True,8580532b759ce69de0f0adf955d64a1c289601ab07c9f705fb6068996e6dccfb
data/processed/legacy_xbrl/regex_all/VRTX/VRTX_pre2019_regex.parquet,23771,True,5c32e607a8855da67387c67169b901e9e196a7620fec8d67034a161de3152049
data/processed/legacy_xbrl/regex_all/VRTX/VRTX_pre2019_summary.csv,2472,True,83b218d187655d256835201c66c86d24a32eedf186322ac2a65704d20b64fafb
data/processed/legacy_xbrl/regex_all/VRTX/VRTX_pre2019_summary.parquet,3241,True,70a9d9dd560f9150782396c82265803ad23cdb6329757a1c26ba6abd6dcd51dc
data/processed/legacy_xbrl/regex_all/VST/VST_pre2019_regex.csv,8166,True,0296800978f3d6dc08d069548c507c7eb0dc7476bb70c10189cb67f986f5b83b
data/processed/legacy_xbrl/regex_all/VST/VST_pre2019_regex.parquet,20362,True,035532ebae8fa3baeedd90fb1934f0289c571143f6ee7278f5cc8bce4adadef6
data/processed/legacy_xbrl/regex_all/VST/VST_pre2019_summary.csv,1226,True,3a0ac15b3a77598e17b4d1c2016aec08e4e4bfc74641a78d22d643da150ff7fd
data/processed/legacy_xbrl/regex_all/VST/VST_pre2019_summary.parquet,2987,True,78ca0a7b6ae0124acfe40fb62b0c706203e59afde69bc4fa325dacf8473f20ed
data/processed/legacy_xbrl/regex_all/VZ/VZ_pre2019_regex.csv,13377,True,50baa65cee877c14fdf4b55503de2f4b240d04c7c9f8e2fc31494eacf732b5f7
data/processed/legacy_xbrl/regex_all/VZ/VZ_pre2019_regex.parquet,20524,True,04348545667732be598aa4e16b8f24b703229c4112c311f98efa08233b090411
data/processed/legacy_xbrl/regex_all/VZ/VZ_pre2019_summary.csv,2374,True,04d0ea72e3c7be165c7dd3c9c33db486e1952ecddce5a3c4da7af449bb3c8cc3
data/processed/legacy_xbrl/regex_all/VZ/VZ_pre2019_summary.parquet,3294,True,1bfce5e984a9e758e6064e6d5da0055febe25e4783389200b51a59d68eea3704
data/processed/legacy_xbrl/regex_all/WBD/WBD_pre2019_regex.csv,13858,True,daca15b53e6f9abb7b2d3246c5f145b144619661673ed80c1458e5bacc54ef40
data/processed/legacy_xbrl/regex_all/WBD/WBD_pre2019_regex.parquet,23196,True,994eb7a104b8e67d1ec40d61d51378f2d2fe973ea124940999fdb40a1485603f
data/processed/legacy_xbrl/regex_all/WBD/WBD_pre2019_summary.csv,2424,True,9c44458ef4f25ef45caa0fd25ff74f0367c11c2a463e5ec6cd328c3e331ee8b7
data/processed/legacy_xbrl/regex_all/WBD/WBD_pre2019_summary.parquet,3288,True,8878528be6faf46118c6e6d0b7cf4d065eee36681c54a40cffbf33c18f9fbde9
data/processed/legacy_xbrl/regex_all/WDAY/WDAY_pre2019_regex.csv,10164,True,03cb15587e6b7807414d7f19ba42b0b69433b1093dce8f78eef17ec168c0a941
data/processed/legacy_xbrl/regex_all/WDAY/WDAY_pre2019_regex.parquet,21763,True,08f0abc133341f924847815276e401fcf056a9c048e8a1dce845d1e23c835285
data/processed/legacy_xbrl/regex_all/WDAY/WDAY_pre2019_summary.csv,1839,True,9e29b9756e17fbf857186170c99d5352760d2f992b53a18cc608843587bfa7fe
data/processed/legacy_xbrl/regex_all/WDAY/WDAY_pre2019_summary.parquet,3162,True,ca679f8a98047791226e07d03464fb2ac00780c2d3bab79e8531996753ae812d
data/processed/legacy_xbrl/regex_all/WELL/WELL_pre2019_regex.csv,9290,True,6c258e6dfac5a95bcc9e5ce35f501ffb2581df839162a9c45336801717d21bdc
data/processed/legacy_xbrl/regex_all/WELL/WELL_pre2019_regex.parquet,16856,True,33bff33af9881622a9da6e3dd925f6347c09852b43c96923a20130fc1f0d1f7e
data/processed/legacy_xbrl/regex_all/WELL/WELL_pre2019_summary.csv,2470,True,fc26f8d6e30bf59078e3d62852e9003a641935b556f7a59d76e24565b96e065c
data/processed/legacy_xbrl/regex_all/WELL/WELL_pre2019_summary.parquet,3224,True,05c8c50be770d64ea6d3178eabc22ae3dfbaa1ecdef9dec5053763585caf2af7
data/processed/legacy_xbrl/regex_all/WFC/WFC_pre2019_regex.csv,9567,True,5abdcec6b8bbd8a639d7dffd71026ebf28ab2f37754d47a9ad23640e73465dc0
data/processed/legacy_xbrl/regex_all/WFC/WFC_pre2019_regex.parquet,15318,True,ce55f257eb842984e9289664163ff876797b0a15fd57673de28d135118bb7725
data/processed/legacy_xbrl/regex_all/WFC/WFC_pre2019_summary.csv,2424,True,053188b5d2e51efd32d09a9090792f6c098cdea4da16fb69ca1a9aab2ade52be
data/processed/legacy_xbrl/regex_all/WFC/WFC_pre2019_summary.parquet,3290,True,b58c0ade9272a2a36709a3871bcd901c2a0956d5e2d40356e2002930f10a2eba
data/processed/legacy_xbrl/regex_all/WM/WM_pre2019_regex.csv,13286,True,cfa0db702119bfd0b95b1406061bb820d580e6c5d1ccfc4d3dde6d92058359b6
data/processed/legacy_xbrl/regex_all/WM/WM_pre2019_regex.parquet,21323,True,7798df5bf8a2b9a07f03034b29173f4c5857c4b8d45e9318808227d8d24ccdd8
data/processed/legacy_xbrl/regex_all/WM/WM_pre2019_summary.csv,2374,True,43a479e687e5d08b5664c40a0cbdb52735c59c90a582efd570ab9709784feb63
data/processed/legacy_xbrl/regex_all/WM/WM_pre2019_summary.parquet,3363,True,e2ea41e1e735166821fe98db409e177c63af663e835713eb7dd334fda94387d0
data/processed/legacy_xbrl/regex_all/WMB/WMB_pre2019_regex.csv,13211,True,e601628d179d61b33ebd80e02dab5dac842aa0e576dab7962c82025ec2a416e5
data/processed/legacy_xbrl/regex_all/WMB/WMB_pre2019_regex.parquet,21753,True,5250b7fe532e92b9c2e3d3c0581684a8a889b61ce43a20912ed1aba0ef159d0d
data/processed/legacy_xbrl/regex_all/WMB/WMB_pre2019_summary.csv,2422,True,824615330822e38e54ecd3e06603d7aa2f885d75dc23054ee31a95f25d5e52e4
data/processed/legacy_xbrl/regex_all/WMB/WMB_pre2019_summary.parquet,3243,True,dd6f99a8c41b74428eb7084f691617b7b97773f5bace945350b76b4c9c763721
data/processed/legacy_xbrl/regex_all/WMT/WMT_pre2019_regex.csv,14905,True,526257b7e825d6174d78cc4b77b4c3188671bf66c834a2136cebacd75c194665
data/processed/legacy_xbrl/regex_all/WMT/WMT_pre2019_regex.parquet,23452,True,b1a1d4b527e55f41faa789d047b925da46b768ebbc4c69c1a538e3e28df692e3
data/processed/legacy_xbrl/regex_all/WMT/WMT_pre2019_summary.csv,2423,True,c3f60bacc3ac2c27f20ad7f14354bf0dd9580357d41320982d8c6206de33d7bb
data/processed/legacy_xbrl/regex_all/WMT/WMT_pre2019_summary.parquet,3244,True,d24830c35c28380f188333bf497ee44388992ebaefe78cfa21fdaecc6b75a038
data/processed/legacy_xbrl/regex_all/XEL/XEL_pre2019_regex.csv,13211,True,d6fee81dddcf06c25919fa7c01f47ee4a5e7785c5a9edef88b93fbd043f36208
data/processed/legacy_xbrl/regex_all/XEL/XEL_pre2019_regex.parquet,21102,True,47ef36d681305a91b5225605b1b079bbaa8a4c29544e574a82710b1bbd4b7092
data/processed/legacy_xbrl/regex_all/XEL/XEL_pre2019_summary.csv,2424,True,4b2896ea01f92eb384a2653c3af012f626e23b4165ac29710d34a305ba3cd839
data/processed/legacy_xbrl/regex_all/XEL/XEL_pre2019_summary.parquet,3282,True,29e211a69ef58013d0c57e90e0a59f11b1fbed89d800692dc0d96ce61ca50409
data/processed/legacy_xbrl/regex_all/XOM/XOM_pre2019_regex.csv,13936,True,47bf9e6df089911653b12129849954ca9df4f3a763f25bafc02eacd786b8e838
data/processed/legacy_xbrl/regex_all/XOM/XOM_pre2019_regex.parquet,21486,True,def6c85c2b54678a0c2ac9eb6622817c92fd4c8743474d33a1812117607172d6
data/processed/legacy_xbrl/regex_all/XOM/XOM_pre2019_summary.csv,2424,True,1a000dbe534bdb4835fd692991c2159c4194ebdb2ae394d6d05c7acaabce1ddf
data/processed/legacy_xbrl/regex_all/XOM/XOM_pre2019_summary.parquet,3240,True,678a5146d5fb2f7589f5210e4be0a0d120e0b3a9aeac084ebb74216e88d61ade
data/processed/legacy_xbrl/regex_all/ZS/ZS_pre2019_regex.csv,6490,True,d864180939cff93acc8755e5fe0778955edce0b48322b573c95bcaebda45fcfd
data/processed/legacy_xbrl/regex_all/ZS/ZS_pre2019_regex.parquet,21097,True,c7222961d946395bfbf557d4707a18c0d9901fc684bdfc7ffa35c53307ebcced
data/processed/legacy_xbrl/regex_all/ZS/ZS_pre2019_summary.csv,1013,True,987875c8cb444335e400ed0b74e60e0a4804f9cf0aec600f359774fdd6494ea9
data/processed/legacy_xbrl/regex_all/ZS/ZS_pre2019_summary.parquet,2953,True,37debf5498ca3ec2206591895bb6a87cd628ece62fbcc4d55cb8896650b746fe
data/processed/legacy_xbrl/regex_all/ZTS/ZTS_pre2019_regex.csv,11767,True,9caaa87697ca586fa32b48eb3dd51ce3571150c8f88502c80d17642e8ccf58c0
data/processed/legacy_xbrl/regex_all/ZTS/ZTS_pre2019_regex.parquet,22259,True,fe7f1a8521ebe3a16ab515a9d246546f666e9586e9c5cb701d35a9c12deee9c3
data/processed/legacy_xbrl/regex_all/ZTS/ZTS_pre2019_summary.csv,1802,True,4458ff48949cf689077533df9066b2485dc33793898f612c1adbf9e01e59cf85
data/processed/legacy_xbrl/regex_all/ZTS/ZTS_pre2019_summary.parquet,3112,True,067406ac8ebe5f95bc6cedcb84082cba7da6914c12c72361bffc9646f748d223
data/processed/panel_v2/.DS_Store,6148,False,af3940c468098f054873e9e5189f11ef66056dc99b0d64016c759806000275b6
data/processed/panel_v2/.gitkeep,1,True,01ba4719c80b6fe911b091a7c05124b64eeece964e09c058ef8f9805daca546b
data/processed/panel_v2/firm_panel_v2.csv,51143434,True,8c3be9fe2e00a08bc5c5d66d178141412491d35139444fed7c959468b77c41a2
data/processed/panel_v2/firm_panel_v2.csv.gz,15320618,True,dac81d33d8cc6144eb695d83975f92a4411aa100e77d5944d33db1a87d4ba469
data/processed/panel_v2/firm_panel_v2.parquet,13213499,True,657a7a34f2acb82cf293d9ae39426b1dd8c0f605478af44015ffcf0a88e33056
data/processed/panel_v2_pre_expansion_20260505/firm_panel_v2.csv.gz,10604490,True,7154aa6353d036c30f974645de857d8a3a40dd5a7f777ad8263ca9d93e8b0071
data/processed/panel_v2_pre_expansion_20260505/firm_panel_v2.parquet,8484306,True,4cb46b68cd91ecc99e7939cac3ecd07e687947b9750dfc3d529eac3bbaee950b
data/processed/sp500_legacy/sp500_cleaned.csv,23705743,True,d957f2e61e813e6d75f3cc0764a7a4d540e894e3c1e0c8cbb913122f768e87e7
data/processed/sp500_legacy/sp500_cleaned.parquet,3876404,True,3a69b97f9f788ca31d02e3a9b9cc88cda4c449b5560c67de618da601ce158fca
data/raw/.DS_Store,6148,False,9c943ec9e9fdc28ced7164eae5e765790464bfda57a031f495050fc0f8162161
data/raw/.gitkeep,1,False,01ba4719c80b6fe911b091a7c05124b64eeece964e09c058ef8f9805daca546b
data/raw/fred/.gitkeep,1,False,01ba4719c80b6fe911b091a7c05124b64eeece964e09c058ef8f9805daca546b
data/raw/fred/BAMLH0A0HYM2.csv,123267,False,d38d35c1960713d8dabbb292b625085e3a63e39646dfc41a5ce6885ffe2adfb6
data/raw/fred/BUSLOANS.csv,19056,False,6e137db572fd71b4677ce3cbcebc0a6a4a7cee4a11d3cbcd4fc964420f3410a3
data/raw/fred/CPIAUCSL.csv,17649,False,549802c699343cf4bb87167fc489451bc1e02a2e9d5fcb2efe89889ea06fefa1
data/raw/fred/DCOILWTICO.csv,177537,False,b128c36f4f24139314d8dbe4114453033af90d50f82e9dc4eeb286ade418f909
data/raw/fred/DRTSCILM.csv,2335,False,2c584724813be5d35801450dabed36f18a0a80f04643c585d365f7400f785ac9
data/raw/fred/DTWEXBGS.csv,102269,False,10e8e2d6d4b835de45de918f6cd20993b3fbddade2933f865480e6c72ea5ac88
data/raw/fred/FEDFUNDS.csv,13879,False,b595c07d1dee8abf0270a96e59e1594441d89fd26e706dc7a01d78600c53df9a
data/raw/fred/GDPC1.csv,6506,False,573c4f5eebb666607ab6fcc594e957c9a0ee15296201a81c57971c389f9188c6
data/raw/fred/GS10.csv,14126,False,1c195dec29cdb397bd523a5ca798ea6b176e5d857c977ae331e497bd73066cbf
data/raw/fred/HOUST.csv,12841,False,e1fde85a24ef3899298135400468e43f23e6d86c6e58a7aee130e813c036bad8
data/raw/fred/INDPRO.csv,24340,False,ab5848d2519103d2abf36413726432223ca5c0399e937932a3069bd8bd9b3b63
data/raw/fred/M2SL.csv,14512,False,5fd5a1af1894783c9aa221de9062a286c37c004702b51c8f58c8473d185e6355
data/raw/fred/NFCI.csv,51121,False,8447d01795dc8dea53372b64d9605afa87a1eaf717c5f1dd6b8ce92a68cdd374
data/raw/fred/PAYEMS.csv,18297,False,a92f7d128a958854417a84e8e5f84fa977e5283d6c04bb222c1553a1426af681
data/raw/fred/PPIACO.csv,25004,False,bb59f5e1d91e85b92f83e3803ace02780fd4452cacba891f7a623d714be57cc5
data/raw/fred/RSAFS.csv,7421,False,891637579a77bc907a2ce6e7cbdf5965e40b4adc636158e8d8dc0580e68362f2
data/raw/fred/T10Y2Y.csv,208265,False,9b70a05bf46c9252825897eb5dc5e540e724b90ac513433c973f788f2397f4f6
data/raw/fred/T10Y3M.csv,184373,False,ec511e24decd491a07fcc557047143a1fc75587d034be4e05a4e17f404e06d2a
data/raw/fred/UNRATE.csv,14121,False,084d2f0cfe41575534b96bd51b88c6e93ddc8d5f0eca7e470ecfd19f5428c94f
data/raw/fred/USEPUINDXD.csv,263413,False,c2847547564893b35854607a0353d4746edb231d0161bd0f38580dc353cbc9a5
data/raw/fred/VIXCLS.csv,159589,False,6a5e58236837172460708439deaad86cf2dcd7fb0b1c9631a76bdf8a4755cfe0
data/raw/fred/fred_download_log.csv,2234,False,25aab9f420deb27ddb07e1b8f6b12b3cb7412324b540f4df695259f7a90632b9
data/raw/sec_fsd_zips/.DS_Store,12292,False,4b05511539e3ba5a3cd799d3235034095d9462806d7f9428b68df2445be51dc2
data/raw/sec_fsd_zips/.gitkeep,1,False,01ba4719c80b6fe911b091a7c05124b64eeece964e09c058ef8f9805daca546b
data/raw/sec_fsd_zips/2009q1.zip,13540,False,181327faaa37c2a3b47cb6727004960b762954d908697b252d12bea245b9d26e
data/raw/sec_fsd_zips/2009q2.zip,144894,False,09d38a3fdea044be2728488ecb000fef8b5220fda805c601d2337afd1da333a8
data/raw/sec_fsd_zips/2009q3.zip,3544077,False,dca07de82a7c40d28108cd3ba4fbce4225a9c5bd2bd9deea7167ff4992c8ddfa
data/raw/sec_fsd_zips/2009q4.zip,4050938,False,ad23b114ecb430c3a05ee2f2be799e966a67591ef098c44311b2f1f632d3ea82
data/raw/sec_fsd_zips/2010q1.zip,5311282,False,2a4db2340ab1662d5135d7e17be1a58352c5959017350f0ef2174135f9996125
data/raw/sec_fsd_zips/2010q2.zip,3994236,False,25f416b020fd3e62a67dbf8c6522c9f239e716099b61cf5d05a59a91ffdef1f1
data/raw/sec_fsd_zips/2010q3.zip,13745950,False,52014faf614ca0d7b8040e364f5b3e99f28d5e96b711aa922b490056e2c1d7b5
data/raw/sec_fsd_zips/2010q4.zip,14679781,False,3dc43a8559cba9e1a9bb5a283a99e1fdfd2b0eaa7a9460887d5b4c70d69cef63
data/raw/sec_fsd_zips/2011q1.zip,19615544,False,e63b781a5e57e55d68e110a06d3f697e942a60e17f093bbdc1a16ac7152a7df5
data/raw/sec_fsd_zips/2011q2.zip,15001310,False,10a6f98f14d2a341e938a379ea32beb4857b01d59facf04e6e7b3c68558a95d1
data/raw/sec_fsd_zips/2011q3.zip,57941919,False,
data/raw/sec_fsd_zips/2011q4.zip,64306658,False,
data/raw/sec_fsd_zips/2012q1.zip,85474601,False,
data/raw/sec_fsd_zips/2012q2.zip,80075771,False,
data/raw/sec_fsd_zips/2012q3.zip,89608234,False,
data/raw/sec_fsd_zips/2012q4.zip,95805256,False,
data/raw/sec_fsd_zips/2013q1.zip,99173442,False,
data/raw/sec_fsd_zips/2013q2.zip,96917655,False,
data/raw/sec_fsd_zips/2013q3.zip,98355005,False,
data/raw/sec_fsd_zips/2013q4.zip,92335773,False,
data/raw/sec_fsd_zips/2014q1.zip,102843522,False,
data/raw/sec_fsd_zips/2014q2.zip,85032839,False,
data/raw/sec_fsd_zips/2014q3.zip,87408142,False,
data/raw/sec_fsd_zips/2014q4.zip,87639973,False,
data/raw/sec_fsd_zips/2015q1.zip,98944359,False,
data/raw/sec_fsd_zips/2015q2.zip,78908272,False,
data/raw/sec_fsd_zips/2015q3.zip,82751989,False,
data/raw/sec_fsd_zips/2015q4.zip,83007568,False,
data/raw/sec_fsd_zips/2016q1.zip,95470843,False,
data/raw/sec_fsd_zips/2016q2.zip,73848835,False,
data/raw/sec_fsd_zips/2016q3.zip,71116399,False,
data/raw/sec_fsd_zips/2016q4.zip,79400707,False,
data/raw/sec_fsd_zips/2017q1.zip,92433981,False,
data/raw/sec_fsd_zips/2017q2.zip,71429748,False,
data/raw/sec_fsd_zips/2017q3.zip,74356472,False,
data/raw/sec_fsd_zips/2017q4.zip,76051784,False,
data/raw/sec_fsd_zips/2018q1.zip,93176693,False,
data/raw/sec_fsd_zips/2018q2.zip,91972487,False,
data/raw/sec_fsd_zips/2018q3.zip,87202498,False,
data/raw/sec_fsd_zips/2018q4.zip,62895777,False,
data/raw/sec_fsd_zips/2019q1.zip,95895180,False,
data/raw/sec_fsd_zips/2019q2.zip,90155728,False,
data/raw/sec_fsd_zips/2019q3.zip,89829588,False,
data/raw/sec_fsd_zips/2019q4.zip,98753299,False,
data/raw/sec_fsd_zips/2020q1.zip,96584608,False,
data/raw/sec_fsd_zips/2020q2.zip,82008710,False,
data/raw/sec_fsd_zips/2020q3.zip,87582976,False,
data/raw/sec_fsd_zips/2020q4.zip,89811373,False,
data/raw/sec_fsd_zips/2021q1.zip,97900752,False,
data/raw/sec_fsd_zips/2021q2.zip,90864175,False,
data/raw/sec_fsd_zips/2021q3.zip,97252395,False,
data/raw/sec_fsd_zips/2021q4.zip,102642081,False,
data/raw/sec_fsd_zips/2022q1.zip,103669919,False,
data/raw/sec_fsd_zips/2022q2.zip,97089251,False,
data/raw/sec_fsd_zips/2022q3.zip,97589396,False,
data/raw/sec_fsd_zips/2022q4.zip,111091525,False,
data/raw/sec_fsd_zips/2023q1.zip,113974946,False,
data/raw/sec_fsd_zips/2023q2.zip,116914392,False,
data/raw/sec_fsd_zips/2023q3.zip,117776944,False,
data/raw/sec_fsd_zips/2023q4.zip,120272357,False,
data/raw/sec_fsd_zips/2024q1.zip,124336804,False,
data/raw/sec_fsd_zips/2024q2.zip,119119954,False,
data/raw/sec_fsd_zips/2024q3.zip,118280418,False,
data/raw/sec_fsd_zips/2024q4.zip,122932548,False,
data/raw/sec_fsd_zips/2025q1.zip,127765057,False,
data/raw/sec_fsd_zips/2025q2.zip,78973768,False,
data/raw/sec_fsd_zips/2025q3.zip,127842298,False,
data/raw/sec_fsd_zips/2025q4.zip,65830170,False,
data/raw/sec_fsd_zips/2026q1.zip,85259424,False,
data/samples/README.md,429,True,275cfcfe9d02d8abb0fa0c574b32e79be743c43008fbcfd0c9594401b74d653e
data/samples/firm_panel_v2_sample.csv,687301,True,6630d07084cfcf7859bd56460481eeda76f3bdb18d5fbe678db796af083bf37a
data/samples/firm_panel_v2_schema.csv,11206,True,e9c9d699ffb3a9e7fb9ca68aac48254a0f0b44fe6a1183862d008b971541a734
data/samples/legacy_panel_sample.csv,105928,True,c037c13c5e24c536f015c4afe087aaf9628ec7812e08f6d304ac78c0fb5d916a
data/samples/legacy_panel_schema.csv,2123,True,0100df7bb1b63efc6cad90d0c3ec2c03d96c10f4457c91d4e26be5af3eddd6c4
docs/.DS_Store,6148,False,93c642061336f03e5e8fa77e3f22bc78496bd3997aad670ff5d759d6280f19d5
docs/AMENDMENT_DUPLICATE_HANDLING_NOTE.md,1512,True,78a5e60fbb690ce693cb8306ee75cb5ef47fc5cc2939a808710f77c75587ad36
docs/BIBLIOGRAPHY.md,29728,True,ae352f7e00894921b113998d15af29444d892fb4b83d2f3881ac1480f223ef2e
docs/BIBLIOGRAPHY_AUDIT.md,3619,True,5e0249bc5ff84c6a7ac85ce9ee03e16e07d63be7e2804f4d7e1bb3406fc66274
docs/CALIBRATION_AND_RANKING_NOTE.md,4833,True,d9a2001bea30a1ca8791dedce6269dd07f3fa7542e3e7f0a338db6b7580642e4
docs/CONTROLLED_EXTENSION_DECISION_REPORT.md,9603,True,d1bccf4b5b5b3cd89029129af8de48cc8efac8aa21ef79820f38bc16e4de794f
docs/CURRENT_STATUS.md,57008,True,b47163caa5303513fee288a1ec84808d3d6ddccfe80e7febfb82988f99b1af32
docs/DASHBOARD_THESIS_STORYBOARD.md,2063,True,618d154050adc3111dd61e1eb3df9208b3214ef6f5cb3b6ccaab2851542e6295
docs/DATA_INTEGRITY_CAVEAT_AUDIT_20260507.md,4703,True,10d58a46980cd597fbef3bf84bab0e4c8641c6da03b6e4f82a1d30eb18475fb6
docs/DATA_INTEGRITY_CAVEAT_AUDIT_20260508.md,5080,True,e42445f1b0f46dcd21e5b0b2c7e6501895b4534adc7f3c5fb27c769868bb610a
docs/DATA_MANIFEST.md,6931,True,efd141f92178c13afb27f5f6612425631b5ca39328756640d2cfd060dd3e0dd5
docs/DISTRESS_EVENT_DATE_PROVENANCE.md,1421,True,54a57ad74fd817ff301a05ed3eded0ecf292754f2ba93a8f5a519290c052ab6f
docs/DOCUMENT_ORGANIZATION.md,4716,True,82fe4ec74f28edfa9c1a0733a94a09aae122c9c40f0e4755c64e54cda544faaf
docs/EXPLORATORY_TARGET_LAB.md,9687,True,27589851a78f97e765c94e355b88e35e193ccae064c7aee9c498e70cb6d7cb4f
docs/FACTOR_ANALYSIS_AND_DATA_INTEGRITY.md,9825,True,b75384340bd3c03a708d08927a750f3ec343f9fde4f77562ca1f4ffb236f795b
docs/FACTUAL_FREEZE_20260509.md,3757,True,fda26e8fba54f71c2d3c11b98c11e6b21ff779a5c886dc9c5be823da79f513da
docs/FINAL_ACCEPTANCE_REPORT_20260512.md,10286,True,35fa3794a2b2bc81dee5aa6e701dffea4ad464144cc4d91007445a66b8f217b8
docs/FINAL_CAVEAT_RESOLUTION_REGISTER.md,6014,True,dc47bc1ed766631a6a80fd431509e88aa618726210356635d9a2bf7c547c1e67
docs/FINAL_CONSISTENCY_REVIEW_20260512.md,6021,True,caa6a1f1d7efbd44ac9d63f236554f78ae611a582fbfcc2dfb6363c58ea8b009
docs/FINAL_SCOPE_LOCK_NOTE.md,3887,True,b8bcd7434ddd96525aab9234cdc656e0b4364403b038d23e44a88996dbdbef2e
docs/FINAL_SOURCE_OF_TRUTH_INDEX.md,11752,True,e6ac5c239fd87dc5956ddfa95f904f13189a438ebc0a161b9ab7add75a6fa203
docs/FINAL_TARGET_HIERARCHY.md,8158,True,f64b42f8e0c88a92f742a805c8faa0ce3659b9f879161b26ef27f260996b4242
docs/FINANCIAL_QUALITY_FEATURES_NOTE.md,2456,True,d23a1a9559ebd53c4b1fd127ba93f49961df724a2ba9a3b24af2df45feb618d7
docs/GLOBAL_EVENTS_AND_DASHBOARD_STRATEGY.md,6608,True,82ef6b6bad276a5ac5e88796035bd740ca300e501782c2ec24057e2515efe418
docs/INTRODUCTION_RESEARCH_GAP_DRAFT.md,3070,True,98d53cb49eea526d48a33c93534647507c8f590f55b5af87d4da7332c286d713
docs/LEGAL_FULL_TEXT_ACCESS_AND_READING_NOTES.md,24798,True,2150116053916f7bbf43c4b3380ed07a95c876e529dfae11483a123f91b9a951
docs/LITERATURE_MATRIX.md,6346,True,66bcd6c797cbbf0ab491623b4c75c70586f012dff86e8d692ce3a4d859d40394
docs/LITERATURE_REVIEW_DRAFT.md,11856,True,b9b802867335f2ec929e11c33ad997ef1ee4e4fc4b59aeb8dc24f97cef8e02c8
docs/LITERATURE_REVIEW_OUTLINE.md,3600,True,f91931a3db9ce7aaed4e3f68d319cdb6bd19deededdccbaf6dfbffceff13cede
docs/LITERATURE_SEARCH_STRATEGY.md,2895,True,a4179ad1f6084b045ecfb6fb5043bf604feb66b2012f198120cb8fe3d82f193f
docs/MANUAL_HIGH_RISK_AUDIT_20260507.md,11913,True,ad4945d5cdc5b70e1283302a19b0387796645b013a7550dfcfe9ca4aa1cbb5f4
docs/MARKET_HEALTH_INDEX_NOTE.md,2398,True,40f6c6f68e895fd5e7e353b1f09e20fcfeb60f4bf84805a159c344d3c1885378
docs/MARKET_HEALTH_INDEX_V2_NOTE.md,3491,True,b9a8383864e584830236475b4e59578437a796817819996aeaaffe1ebf832220
docs/MASTER_DATA_MODEL_TARGET_EXPLAINER.md,98559,True,642dd896e243c0e3c52892f9029aa35902c2887343f036395eeca9ed6e40f9ca
docs/MISSINGNESS_INDICATOR_POLICY.md,2832,True,1ac0733fb2838aca3766579833c97ac222e9de7e5a1f9139a80ba099e6bb7c89
docs/MODEL_INTERPRETATION_STABILITY_NOTE.md,4600,True,06547665601df936af0e0652d64f6015e72dcf78bd4cf438f11ee3d6083fef39
docs/MODEL_TUNING_AND_AUTOGLUON_NOTE.md,6640,True,bdbdc279c788f74749ed615ebf5e85101f703fba0cdd7247fb59f1de6b5317a1
docs/NEXT_STEPS_FOR_USER.md,4429,True,7ed001d7dab70b70fd15bbbf644c23603111b4f88375ef6b9914208bd95338e9
docs/PANEL_DATA_ARCHITECTURE_AND_EXPANSION.md,11332,True,8316df72bc07d86a757bdc4ff8282a2ae0a703469dbcf265d69e1ba4e6855a2e
docs/PCG_PGNPQ_DUPLICATE_CIK_NOTE.md,3610,True,6658763d48ec6d1d85a337cbea7279cefc5087b3aed2ddb736a934d614c83419
docs/PERPLEXITY_LITERATURE_VERIFICATION_PACKET.md,119023,True,517f314c809993ff951d6af9754fa60f8ffda8289af8b277305f3470a2b5eb57
docs/PROJECT_CHRONICLE.md,126277,True,71b0fce34df31e1f36f21ea9a1d2cfbc70f9f616c435e0df487752ad631095cd
docs/PROJECT_GLOSSARY_AND_FIELD_GUIDE.md,10408,True,064823bd1ce30a86ee0d804720b5aa297e2bcadfa35b39a854190ff4b74e1d88
docs/REFERENCE_CRITICAL_EVALUATION.md,32123,True,43613d323c47adb61908a88c20d79b25bbd826d397d48859366bfcd5530dc717
docs/REPRODUCIBILITY_FREEZE_20260507.md,1434,True,f1c9e512cd6944034eeaecdee94c7d8af8e704387a16b4431fb7f3b438fa2192
docs/RUSSIA_EMERGING_MARKET_LITERATURE_ADDITIONS.md,15280,True,153d3fa9d3e6369a7c24b1d94a06ead83a22bcc662732e20558caf3feea2d39a
docs/SCIENTIFIC_VALIDITY_AND_LIMITATIONS_NOTE.md,3431,True,a2cf21cda0078a8584796d365b53dbe0c8179b68b81b0e8cdda2c77c11930558
docs/SEC_CONCEPT_MAPPING_AUDIT.md,2390,True,a3c374783294c88f88c5db0895b972dc217d6822c0023e7a5d97bb5e90d3623c
docs/SEC_HARMONIZATION_HARDENING_REVIEW_20260512.md,9416,True,41c67baa51394164a9113538ea9e02a7b272a8e3b6bdbd418dc882fa0900dcfc
docs/SEC_MAPPING_POLISH_20260509.md,4209,True,03dbc0e8a607e0d8c1ef057a8a81797b6bef91d55d2e227bd6f80a32b8909329
docs/STRATEGIST_HANDOFF_20260505.md,14030,True,f3cffc9a501ece92dd1b3752c36c60448e5fda7623d877b03eac6d4287947fe5
docs/TARGET_DEFINITIONS_FINAL_REVIEW.md,5764,True,717007d4c87aa155d4f9e7f849ff27390bf8668787d53ed02a8abd48b4fe6392
docs/TECHNICAL_QA_RESOLUTION_20260509.md,3491,True,dc933265a633d71f5a846aa6b4d0b27bd57848b93a0624ac6d08bf0ee97137cf
docs/THESIS_CLAIMS_SAFE_UNSAFE_FINAL.md,2380,True,c712b41e338bbcd0a7f5380211b9ba12b4e2df13698f6558775fd420648416f6
docs/THESIS_REQUIREMENTS_CHECKLIST.md,3339,True,5a43065e1ff8c9f39bd829ecfe55344c150eeaf4cba317d46a557c14df138711
docs/THESIS_THEORETICAL_POSITIONING.md,2400,True,68896412987223112473955bae56f82a909a4bb635909eb43ac1e53cdcbc79b9
docs/TOPIC_RELEVANCE_AND_SCOPE_NOTE.md,4241,True,f7ee54c7c8fb3f6203757f6f6a7417fd8b145425a9e826623c3468baed34347c
docs/VS_CODE_WORKFLOW.md,4971,True,86a12e2c6441e907088a2fe61eb457c643440dd24c7257d518019ec8ded7de58
docs/_redundant/.DS_Store,8196,False,5e49eda2ecfe6c2323e64ecabfd3dc2778e67af9f25f1ab4b846408f0d637dfc
docs/_redundant/00_system_junk/docs_DS_Store,6148,True,f9fa1ec64850d23ed378f4cc15b8c08736987e2f9ee86eb2bb50da3fc911ed9e
docs/_redundant/00_system_junk/docs_DS_Store_latest,6148,True,66a949046649b074cbd9bce924a490abd6b102db1163858900bcf055f307107d
docs/_redundant/00_system_junk/project_root_DS_Store,10244,True,a4126fc35337b4a1866b1eda6ef334e928cac4a087650c154b9c14482e840b33
docs/_redundant/00_system_junk/redundant_DS_Store,8196,True,a91b1599a068f422ab423746376bc9f2b6575888d863882b7ae8c0a7ba85f783
docs/_redundant/00_system_junk/redundant_DS_Store_latest,8196,True,565d310fd5b10a2df76f5122ff48c2b7de4d189106a8b57c52b26240b476733b
docs/_redundant/00_system_junk/reports_DS_Store,8196,True,e7c5a7954365307cf5392625ef1ab22314fe7851e08eef6a78a4fb447aff8e6c
docs/_redundant/01_legacy_project_docs/LEGACY_DATA_AUDIT_SUMMARY.md,1279,True,42e1550cbd08cd6d401ccf8f3022e1ece2890afb090b32839ad2f792b05dce3f
docs/_redundant/01_legacy_project_docs/initial_project_overview_2025.json,5435,True,737d2ff63a01c42089e6aa69f72b9db57529e84b6302d4545f76a3cb007f4eea
docs/_redundant/01_legacy_project_docs/legacy_project_overview_2025.json,8598,True,78b048349273007c3d7be0a7c67a942c18b25073f56d0ac1b00da89171f632cd
docs/_redundant/02_superseded_strategy_reviews/FINAL_DECISION_PLAN_20260505.md,3494,True,e306c063a2ea2e090e8876a93d2186da50e851b421e987d516bef6d8f130e6d8
docs/_redundant/02_superseded_strategy_reviews/PEER_REVIEW_ACTION_PLAN_ASSESSMENT.md,3827,True,799c6f2d4f9c39cb1229231e1de1cdfa55e5312c68246a3970813e0d33e670d0
docs/_redundant/02_superseded_strategy_reviews/RESEARCH_GAP_ASSESSMENT.md,2976,True,8907e9b7d51530fc4b4ae7acfaf292baec35a94f30537b3a4686284e1f60815e
docs/_redundant/02_superseded_strategy_reviews/STRATEGIC_NEXT_STEPS_20260505_REVIEW.md,8168,True,0600d20fdb0b2900d9eb91b2fd948d4947d63e4998966017f49c509f3e2090d0
docs/_redundant/02_superseded_strategy_reviews/SUBMISSION_SPRINT_PLAN.md,4147,True,f23cc50f45d20dde9054c36bd5e5aa107b51a7cc0c61b340298d7111653528f8
docs/_redundant/03_superseded_target_notes/BROADER_TARGET_EXPERIMENTS.md,4877,True,c7f33d6bce1c0a1e2b5e690f2e9446b3ba56f5c6de0b4afafafed6df4ecf59d5
docs/_redundant/03_superseded_target_notes/TARGET_AND_FACTOR_TWEAK_ASSESSMENT.md,9060,True,475a5ca60172e2dc60cec5ac0cd7914fe216cbe5cfb86eec2ab8e52762b4ce04
docs/_redundant/03_superseded_target_notes/TARGET_DEFINITIONS_AND_EVENT_DATES.md,5271,True,e189401d3d7482420f65a9b5f16eca9dbebf29e3394cf2d420f1a0dc674810b8
docs/_redundant/04_universe_expansion_history/UNIVERSE_EXPANSION_150_ASSESSMENT.md,5720,True,9a7f321485172771ac1f5cab765f805bc53c9ab58deed3c513d2e79d78a3d8d6
docs/_redundant/04_universe_expansion_history/UNIVERSE_EXPANSION_PLAN.md,3735,True,9e3947bbf8ffb41b43ccae9880aa827e9dc060888ff80b8646fa8149ad4cb876
docs/_redundant/05_raw_extracted_inputs/final_thesis_requirements_extracted.txt,64665,True,2bc0b614cacf44d34beb99086c929bf80d0b3faae9af9a815b6b62f1f6c82b75
docs/_redundant/README.md,1835,True,c15aaaf003aa0c13b27b14f72c53b0b77a93add7e4d8ac869e2df6d0027c9cc2
docs/references.bib,27126,True,bbfd32d1ecdc1a6b4f98c09ddfbca030c1b22a88f360f625e822d384790eea2e
docs/thesis_academic_manuscript_no_title_page.docx,84738,True,c9632e1c788026d93a5c60aa8fa8fc10ea367f51c4a4942155282ed2c631b528
docs/thesis_first_draft_no_title_page.docx,73276,True,a98389a094c95841572cc5284986b03131918bfb2a882ac886575a72e4592704
models/.DS_Store,6148,False,7fc8a3a73ee3fe1c72a8d7dca80efdd32220dbb81bbfd27b6496b841156060da
models/.gitkeep,1,False,01ba4719c80b6fe911b091a7c05124b64eeece964e09c058ef8f9805daca546b
models/panel_v2/distress_next_4q_gradient_boosting.joblib,486443,False,3261a2f17701cb505d1564ad2bfd8cbc9e6c93c0f6b4d83dcebada2bb95affd9
models/panel_v2/distress_next_4q_logistic_l2.joblib,20291,False,c91561c294b56357b0e75b05fd69188a337d7973cf3642ac434cb81ef73f7aa3
models/panel_v2/distress_next_4q_random_forest.joblib,3675080,False,adfb7816f21ba3d78d1278ebf32588af351e75a99fc3e67d3092c1fcbc3fe6c9
models/panel_v2/failure_pressure_conservative_v2_next_4obs_gradient_boosting.joblib,484555,False,a1c1823547552a2355b206f76cd983e66a88ba851784db4ba067f46de0013c54
models/panel_v2/failure_pressure_conservative_v2_next_4obs_logistic_l2.joblib,20291,False,57a2d520d8e30bab07951afb15b926d2c483dbe9f414abbbca686f05bf32724e
models/panel_v2/failure_pressure_conservative_v2_next_4obs_random_forest.joblib,26042616,False,0c4ceb7d444c4a04934e2f3eb3f5e425c3662b11c39371811ef40b4f74ec9a0c
models/panel_v2/gradient_boosting.joblib,477851,False,15dfd9af9fb99f37ea93ad0e8842a851c5469f5f464bad785ce2adeb91749846
models/panel_v2/industry_relative_resilience_next_4obs_gradient_boosting.joblib,488955,False,8bbe302a7bbf15fc2396231987b5358c5960aa9a694bcd8919c1b19b1f358072
models/panel_v2/industry_relative_resilience_next_4obs_logistic_l2.joblib,20291,False,2970541f3425150832102114c120df2bd83e91dee4d2c5a42bfb4925e1c1606a
models/panel_v2/industry_relative_resilience_next_4obs_random_forest.joblib,39083752,False,17e33164b9664f57c853a7ca24cfd24e4fe8dda0367d4519ef1c3197250c08c4
models/panel_v2/logistic_l2.joblib,8915,False,6d2d10dacce875b1ab4f646fa67b82ec361336050b151f1b249de595bb687ccd
models/panel_v2/quality_success_cashflow_next_4obs_gradient_boosting.joblib,489435,False,c5312a69ed2ba417f12d2f59c34bc56008002023e26a3877bb91554b6e86270a
models/panel_v2/quality_success_cashflow_next_4obs_logistic_l2.joblib,20291,False,218f521d0d1480ec867a015a153318f2feaea2b6c237cd90b2e602093aa25d19
models/panel_v2/quality_success_cashflow_next_4obs_random_forest.joblib,24116552,False,07d790bb3682cc37b07ad9847bbd3f8de524e035d4d45bebe1e6215691c0b36c
models/panel_v2/random_forest.joblib,3311560,False,23708e789c9f01ca9f77cf75cda7e6de0ae5b532e33308071e90bde74dac8ce0
models/panel_v2/recovery_next_4obs_gradient_boosting.joblib,479419,False,1111a7e312825943e59921eec6384944016dc75714e5cfc829c38c18c962f235
models/panel_v2/recovery_next_4obs_logistic_l2.joblib,20291,False,ea63f8a625c3d6e6492d3bf8b4e5085fae9254bb8f9a426ee5a2d774e6e5d242
models/panel_v2/recovery_next_4obs_random_forest.joblib,14305352,False,de6872dbe231331bdc9be499633760819e53d374ff6f52ca37521dadefffdb68
models/panel_v2/stress_resilience_next_4obs_gradient_boosting.joblib,459483,False,ec0e356de761165bf87fe26899368e2ba64b04380095ffd08c7ee39d3ceaab7f
models/panel_v2/stress_resilience_next_4obs_logistic_l2.joblib,20083,False,dee448d563190f700463e42e3c45f70406515c0331dbdc8158bfc7e2b27eb118
models/panel_v2/stress_resilience_next_4obs_random_forest.joblib,4930600,False,897d5793d64a0414a4807b0fb02018cdd29853b7f30556a8b2367a7373cd4d5c
models/panel_v2/success_resilience_next_4q_gradient_boosting.joblib,486155,False,a6d883cd1567fe6d5e56a20aece97a2149a579b41a519e301aaaae56cf067ca1
models/panel_v2/success_resilience_next_4q_logistic_l2.joblib,20291,False,b0a081c5e312c414aabf14989b122fa5c20bea6e486ed8bfa39253b2abbfc3a4
models/panel_v2/success_resilience_next_4q_random_forest.joblib,26845352,False,f3648ff3a745e3d9bac29fdbcd04197dc1b650f5c33ebf6dea7b238ba862dd5a
models/target_experiments/.DS_Store,8196,False,b93f0a1e35c9ae32fb4c362346933eaf265618ea8827b3f545f7f6070b306265
models/target_experiments/test_broader_targets1/failure_pressure_loose_next_4obs_best_random_forest_202.joblib,32308136,False,a01aa376607d215971c26129c8ae3fda601b0d2ff8b0f79fb341254cc956fe5d
models/target_experiments/test_broader_targets1/success_composite_loose_next_4obs_best_random_forest_42.joblib,25604136,False,37fc8d220fca7eb3efa687e755225644f9d74501cc79abd153958346853d125b
models/target_experiments/test_broader_targets1/success_composite_loose_next_4obs_best_random_forest_777.joblib,16884440,False,1109060b2cbb0ef201bc3b3652056464a9077b664dc172290e04943e57bbb636
models/target_experiments/test_broader_targets2/failure_pressure_balanced_next_4obs_best_gradient_boosting_42.joblib,436603,False,4758d157b0b1868c221a166815afb485449a00b923c3df4f57a529934cdd5b0a
models/target_experiments/test_broader_targets2/failure_pressure_balanced_next_4obs_best_random_forest_202.joblib,39553896,False,7e903099c641ef1d16d8962c0d589fd72fe7971e0e03d28a1ea40d160518fb37
models/target_experiments/test_broader_targets2/success_composite_balanced_next_4obs_best_random_forest_202.joblib,29306856,False,64d8df3efd3e863374ccee32579feb63a2764b24bcddc427cb6f34b971386b41
models/target_experiments/test_broader_targets2/success_composite_balanced_next_4obs_best_random_forest_42.joblib,20491160,False,80534e7dbd2cec1bfdcd925ed17f9c2551b43178e2aa2955b8b4b77132910f86
models/target_experiments/test_broader_targets3/failure_pressure_sector_relative_next_4obs_best_random_forest_42.joblib,39293736,False,a925e3aac2f3152c1145848e51b67e60549de94978087d0136fb8577f18f0933
models/target_experiments/test_broader_targets3/failure_pressure_sector_relative_next_4obs_best_random_forest_777.joblib,27786360,False,72eb813327a824bbeb9a9d453be157bea45f275ca7d8179b0714a06d05e61c50
models/target_experiments/test_broader_targets3/success_composite_sector_relative_next_4obs_best_gradient_boosting_202.joblib,436283,False,1154c62109669566b3fbb489adf267aa6d100854b82d840ba391ee932201ae54
models/target_experiments/test_broader_targets3/success_composite_sector_relative_next_4obs_best_gradient_boosting_777.joblib,436171,False,c607d963a344a7b71d9a5fbfe2947c984ec543887d7afa16a5d308bf8cf03a24
models/target_experiments/test_broader_targets4/failure_pressure_conservative_next_4obs_best_random_forest_202.joblib,10701720,False,130cd04aca6bd2e6e451b982cbe6a91d1c5c6f6baf838290999c56f569f760b0
models/target_experiments/test_broader_targets4/failure_pressure_conservative_next_4obs_best_random_forest_777.joblib,19031176,False,87dcc3f55c3f08c586b6ef1f53e7adddb66674a363c0a7aee148a24c7651e69b
models/target_experiments/test_broader_targets4/success_composite_strict_next_4obs_best_gradient_boosting_202.joblib,434715,False,5b99cec9ce2c33721588dd4c82e130a18e6225defcd3cb55e7a5fe21fc52767e
models/target_experiments/test_broader_targets4/success_composite_strict_next_4obs_best_gradient_boosting_42.joblib,430987,False,bc953725ac9bf9f6e64deb942b8a386a723b0dc33228ec887bbd9cfdbb1cbf6a
notebooks/.DS_Store,6148,False,ae56d953bc48dab184286764106aa9ffb5f76b36948a9a6ec0288bf0da383e71
notebooks/archive/legacy_gluon.ipynb,486642,True,b507dd809ceff27b3765e34d603faca93b98c9be5100e998afb15349d0df7fca
notebooks/archive/legacy_gluon_exported_notebook.json,473632,True,1d40c981f33ad8459b7112df8e61211bb343d3c3ec6e0f320b0f1a7fb6c409e7
notebooks/firm_panel_manual_audit.ipynb,2436514,True,c4b430a369c20d9ede60c962e175bb9d428f563aa16acc0f950b2de16ca63aca
reports/.DS_Store,14340,False,044772e815ea1d5a2a0ae432d7cf6f6346f755d83927b5a377e17896edb93f21
reports/RUN_STATUS_FINAL.md,19340,True,fa139e2ccc24856aa2898d3f68cfcb865abc446758d5da0c866e0f28270be674
reports/dashboard/dashboard_polish_checklist.csv,1125,True,4add483e47eab8a2bce711479815ed267d6b580fb289a4d864037bfe4565c98c
reports/data_quality/.DS_Store,6148,False,0be3127c51e4e73c54b2e1b34407e12a190c39cebaccfee63c07795f23f671bf
reports/data_quality/accounting_identity_sanity_summary.csv,1638,True,78e991ab5a91c30878b30606da2f8aa13a8aae4f58dad802d483ab608427583d
reports/data_quality/accounting_quality_controls_applied.csv,687,True,c4011c07c3c87fbad00c192f320a924dff5114ab1b6313137c4d18a6675d27ea
reports/data_quality/accounting_sign_outlier_detail_20260507.csv,2691,True,6db747e55235635e43376d838ca2aa141d56b01643a081603eb338dfb525ecd5
reports/data_quality/accounting_sign_outlier_detail_20260508.csv,1460,True,0421fed44427c4aa2ae23a4cb34863c1fa1f0ca51b3e728c36f87193c4db682b
reports/data_quality/amendment_duplicate_audit.csv,40796,True,4b76f29b6805c7c31e10cb5ea1e0c937e970fd63e4493412d791982b4b9ccbe6
reports/data_quality/amendment_duplicate_summary.csv,211,True,cb4f81de00d87f167f46bc6480fa6752928fc360755a143c20f8582ef161c35c
reports/data_quality/data_integrity_caveat_audit_20260507.csv,3069,True,6eefb01ecc7262ff9a123a12de7f4ffe560be42975dfa3836fd4784e91e65cf8
reports/data_quality/data_integrity_caveat_audit_20260508.csv,3569,True,b038373cc3931495349d718cdb2bba3235f589ce903045231faab174342b6ff3
reports/data_quality/derived_feature_extreme_cleanup_final.csv,1730,True,358f289178b6c649506ab8e118dc21e2b03dbb34577af8c7f87d4d19a632196c
reports/data_quality/derived_feature_extreme_cleanup_post_ratio_pre_trend.csv,761,True,337fcaca3fadecbd9947cd299fca36faea3dffecb418744cb20fc33c7d1e81c4
reports/data_quality/derived_feature_extreme_cleanup_post_trend_pre_target.csv,2231,True,bd267120a615f55a25044a4c73380ced3cdb9d51345afba1e3761ef670a1946f
reports/data_quality/distress_candidate_coverage.csv,15090,True,050d5e753a3e60353dfaffcf467b37187937395fbf6efd651cda242873943946
reports/data_quality/distress_event_date_audit.csv,6785,True,aab856047052a3132cc8701f4bfb8487dd56863e19003da917fbf0a0e4d679e1
reports/data_quality/distress_event_date_audit_summary.md,400,True,278eede45cc156373bc60fdd5fa1b725e09edb946e30970e0b95736db6df0550
reports/data_quality/distress_event_final_policy.csv,11602,True,1c3159e906af73d1a746b8096c238cdda1f199e2437e716791f9f528b8e48d69
reports/data_quality/distress_event_source_type_counts_20260507.csv,261,True,5ad3bbe40fba95dd7fd37cc6253cd83361a0ef8308f17fa6c45cdf18f80a3bb1
reports/data_quality/distress_event_source_verification_summary_20260507.csv,142,True,734f63bc83a80be983acd935851aa553df814e06470c51ec84e338c93cd754a9
reports/data_quality/distress_event_source_verification_summary_20260507.md,468,True,352684dfdc230b07fee513c8709a4293a67e39fd66480d9ce805a039e3747876
reports/data_quality/dropped_duplicate_filing_rows.csv,12494,True,b6d61077ea561454cdd8e8ebfc061f46064bf0eb0c6ca89d6299b8aba8e790b7
reports/data_quality/duplicate_amended_filing_rows_20260507.csv,4346,True,5046f2bff207a684458a417d64bb8bcd920df45dfa7dc2c8a8a05e257b4e6f05
reports/data_quality/duplicate_amended_filing_rows_20260508.csv,174,True,57a78953a81ed562771af2b8c8392809d486257c2fbb27c602563640faae89ca
reports/data_quality/duplicate_amendment_deterministic_policy.csv,93169,True,fbdd29c345706fa622ee4b390d32379700dd5c5b1791810b937ae0af557e5f5c
reports/data_quality/duplicate_cik_alias_resolution.csv,244,True,7cacd9a6bbfafee89f23b3f4270f4536dc105e57015cb59c54eed9ed36ce2e81
reports/data_quality/duplicate_ticker_period_prediction_detail.csv,174,True,57a78953a81ed562771af2b8c8392809d486257c2fbb27c602563640faae89ca
reports/data_quality/event_date_scientific_validity_summary.csv,106,True,a267490d51ff72f17995777cbd784b414af595b089401a71c7a32663416abb91
reports/data_quality/event_review_firm_classification_scaffold.csv,30806,True,732234884f69f65f464f54d7198bb0c34bff6b342642045a46ae6028d043b039
reports/data_quality/event_review_scaffold_summary.csv,486,True,ce8a7e773b7756a9b0884d32621256e12644e36b9deaef247fe68e55115a38ea
reports/data_quality/extreme_accounting_outlier_review.csv,137102,True,179aa0adb32375d44d674f0d678c0985de6bbab0208800f7c142b4c4c1a896e7
reports/data_quality/failure_pressure_missingness_reasons_20260508.csv,103,True,a6aa7325e5d8c083d004075a26c30e4b51c31184deb6d2f902483fd9282f3f6a
reports/data_quality/final_distress_event_date_audit.csv,37671,True,7cc5f0c293f049937046abc3c43823f4f03663afce2b5ddbfe4b1cba13058d84
reports/data_quality/financial_quality_feature_audit.csv,1676,True,e7d928a20d7609500fc091520534aadbc5503ac7491fe657472ccbd934c3429d
reports/data_quality/financial_quality_feature_extreme_cleanup.csv,435,True,90ed3566a1e043be6774f75b25db5d6c37f17294d2c0ab1e41e415e1f150e0a3
reports/data_quality/global_event_timing_audit.csv,459,True,9e5003617d67d3529e43e7e01d368edbf7e55abc87348953323a56a071d173b2
reports/data_quality/invalid_prediction_timestamp_rows.csv,1544,True,4c376ea5c95c4883eee2d4c74f96bb04818aeaf9bcfca342b6f064f4cf7a61a4
reports/data_quality/leakage_audit.csv,99935,True,01d15e762d32edc5097bd2748ea68360b60a11e156836920ed9e50aba5677855
reports/data_quality/legacy_panel_missingness.csv,1658,True,a905cbb50eb0351fe8a5656247ed8692083cefb539144d7bc46c25af83f49135
reports/data_quality/legacy_panel_numeric_quality.csv,5165,True,51c3446934e994517e2ce02bbedd1ec9277190c6fad8486fa69fa09f56ae6bfd
reports/data_quality/legacy_panel_summary.csv,98,True,78ee14135c098b48b364943c7b3431f017488de393f7b058ca8c7c5427c3cc90
reports/data_quality/legacy_panel_ticker_counts.csv,1840,True,c776e737595235f31c1e03ab31580d120735beab2a37d1da22eebf22de07ba3d
reports/data_quality/macro_lag_audit.csv,795,True,26f1b9f94de8dc78171d87b2349c9f56aad2bfcc9fb6ee3430d14bc41dee3ddc
reports/data_quality/market_health_index_audit.csv,5258,True,2a0d695b73179f3fd1a05df57b24c8450c2cb5f2f634500644007b5c4f690f2c
reports/data_quality/market_health_v2_component_coverage.csv,1378,True,8349aa8378abc8aa2f94b93a9120288a5ce1b7b23204438aadaabd54006935cb
reports/data_quality/market_health_v2_timing_audit.csv,1305,True,6618e98cf654015d1be73626748bc9ad17001b4fc1a86917e4433650bbcce986
reports/data_quality/missingindicator_total_liabilities_diagnosis.md,3869,True,1286a1853aed8ec9dd8b5e889a9c80f0ecd953dcccb6f7c4f47716ea42913463
reports/data_quality/missingindicator_total_liabilities_origin.txt,447,True,d0f3d2c1f82ecf48bfbd4504f5b0a5e22830a32b1b8176326edff9aff8d35c2f
reports/data_quality/model_feature_lists/distress_next_4q_ablation_features.csv,34632,True,482332bda6fbd22a60cfcbf60e8284e81df5005e114bdd77c9b2659936528f7d
reports/data_quality/model_feature_lists/distress_next_4q_features.csv,10159,True,55118098225999e0257b8f24ce1958eb383ded5461716833d2147702de1252d1
reports/data_quality/model_feature_lists/failure_pressure_conservative_v2_next_4obs_features.csv,13175,True,d6f84771c7842d1e10b4de7d598124c69756753add292b3da4cd9fae673322db
reports/data_quality/model_feature_lists/industry_relative_resilience_next_4obs_features.csv,12711,True,ab0c6b4586b30b435cf7b2a1a3ed061859fb183dea4d89704c18efa224636963
reports/data_quality/model_feature_lists/quality_success_cashflow_next_4obs_features.csv,12247,True,aefe889538eca0f63ecc76aa459b6f9532984294b85bdaa1bb292180d435b506
reports/data_quality/model_feature_lists/recovery_next_4obs_features.csv,10391,True,7b784840908491733a2642ff16ee1dc30ac5ee0bc0dad959ca290ba85f021214
reports/data_quality/model_feature_lists/stress_resilience_next_4obs_features.csv,11435,True,bfbf3868f5add205b20f93c323d84cb57c9fc3eb2d29e44f84d431f500edd82d
reports/data_quality/model_feature_lists/success_resilience_next_4q_features.csv,11319,True,a1d7abb4d53839b5781959cd55c2c7dd063d425b6ada5f80962d7a0cd763d913
reports/data_quality/p0_audit_status.csv,168,True,e17c673b1dbdd5b660ae7169ad78ff3790faeef956c78b7d684693e0a6377546
reports/data_quality/p0_audit_summary.md,349,True,f589a40ef6ba34b75a8869c40d6cf0f5ea8913d392742b65ec1f1278960d7a78
reports/data_quality/panel_v2_firm_coverage.csv,38611,True,29e3e54095a718db7e2c9af0e53facd2d6ae61f974bdebfced466334a3f668e4
reports/data_quality/panel_v2_key_missingness_by_form_fp.csv,8673,True,e018dde858f8d28530616a0168787c7d5d963bbb407bde96b35a9a07677f4337
reports/data_quality/panel_v2_longitudinal_missingness_by_firm.csv,514240,True,e756f84bc95e9a754227a6846429f292f983fdac443ad3054687006f542871da
reports/data_quality/panel_v2_longitudinal_missingness_summary.csv,2553,True,5930f856f9cdf8992104362138f87add92af766853fe3a86d619ea4b74b0f621
reports/data_quality/panel_v2_missingness.csv,5602,True,d50d032305a923f7fc0296a048ea4e692babb7f387bd27936da1ec9136fcd9cc
reports/data_quality/panel_v2_missingness_by_feature_family.csv,707,True,edf1d8ffda1ce360297f8b0c87efdc74dd828343490586391de5ef741f714674
reports/data_quality/panel_v2_null_treatment_audit.csv,483,True,335ab2bdb106065eb7ba443bb05721ae200cf3e51a2809dde397ac18e98160dd
reports/data_quality/panel_v2_summary.csv,492,True,9122d812585b9b468d2a146d48d3397edc0d3cc1e2beb2b653572c88f7061c32
reports/data_quality/post_event_row_audit.csv,235,True,412a57a7de3d3933b2882ef607771a6d54f85ffd077dcd7111bcf0b0c409d754
reports/data_quality/prediction_timestamp_audit.csv,403,True,0476955a53c290ac0a8af9074aa5a04df26c92cc8b0584444fdf51dc94380e40
reports/data_quality/prediction_timestamp_audit_summary.md,282,True,08a04abfc397c9ec3a4fadd1c2cd901393683d843b91e4fb51e988cdf1ee9b4f
reports/data_quality/readiness_table_20260505.csv,4048,True,1c9b451e63366d05e862e5ceb98b4a745f8fe1b209564fe887b686bb71ed8a25
reports/data_quality/rebuilt_panel_quick_integrity_20260508.csv,217,True,e49ee1cc37486d69ebfb6f35f6cb83eb32e7a1ff8d39802f7a97ae349bf58443
reports/data_quality/same_information_date_duplicate_resolution.csv,21681,True,e63b713682a37bf55e8fd0a4e38da57fe16ff533e3409d8e1ee521d692bbfe74
reports/data_quality/sec_concept_coverage_by_year_form_sector.csv,831393,True,0075088c071c9a3e14ad72ccd9526e0bcee8c5020aeafa96906c969685a521e8
reports/data_quality/sec_concept_mapping_summary.csv,8771,True,a9382b30c6531e92641d30a8a4d4ff82ed48d7515a800a426cd0abfd9637af05
reports/data_quality/sec_fsd_variable_source_audit.csv,5140,True,740a072dad115ac7387c7faa0ac15f9b7ce1c0a05e893fb17205cef6e7438432
reports/data_quality/sec_fsd_zip_inventory.csv,3685,True,179273b49ae8bca0047c2ba799d8bd92ddc24534a5f8f777750a51f5c6baf69a
reports/data_quality/sec_harmonization_candidate_summary.csv,707,True,e126888b358575374f3fa29b23421d3e3538980285c79e7d80183f504c629379
reports/data_quality/sec_harmonization_candidate_tag_audit.csv,2418066,True,c2e028b28336fa28b13ed8d736e1cb03350fbe74e92b71bdf5f17da859caf46c
reports/data_quality/sec_selected_fact_method_summary.csv,9287,True,1c2cc8d30f4924221715b8107d0a4d864158a2b944a454ba7b86ec6fa8b52a92
reports/data_quality/sec_selected_fact_panel_validation.csv,209,True,d763dcc212c4880925035299649cb06c40ae427b13d9f0443f8b893748a2141d
reports/data_quality/sec_selected_fact_panel_validation_review_rows.csv,91019,True,bd8061796adf03b931459468ba317442ccbdec14aee66997848e4176f0110e4d
reports/data_quality/sec_selected_fact_provenance.csv.gz,10232081,True,7c7a4aa6d1aafdfdee55938dee68bfe82c36f593e47ebfad7b153dd925337b44
reports/data_quality/sec_selected_fact_provenance.parquet,14775767,True,e781043ef461efb046f2d4332655a7742b9fd385e2a6f5970055745f1ecf6bc4
reports/data_quality/sec_selected_fact_provenance_summary.csv,5584,True,a9a941b8135b288c546b1d0e28c6396305851d2856ac14c9945bde460823fafd
reports/data_quality/sec_submission_coverage_by_cik.csv,1992243,True,22de8755a4589086d15804a843b8cafb9570c68912edd475973623b02b633d21
reports/data_quality/sec_submission_coverage_by_zip.csv,1165,True,13e45f415b9ad174f27446fac4a77b3f5628cf312820a8fb6163699f4025428a
reports/data_quality/success_resilience_missingness_component_detail_20260508.csv,231,True,83c690075ba4ca5b5ebf17f8c65b5436703f2ecf3a4fe6317f9faca1a78f5454
reports/data_quality/success_resilience_missingness_reasons_20260508.csv,138,True,5a7ae518a399f1aed0db73cef630ef7584bb9a0587e5512a1ca20413ea76c933
reports/data_quality/success_resilience_target_definition_review.md,1380,True,0cb8d49c51f2fc56b994a9d97ff4eba573484a159b86a409fbdc294c08217139
reports/data_quality/success_resilience_target_missingness_audit.csv,700,True,f4c08941fcaf970b28bb3d49dc733e4f0d08586ecec29c50611b3311c0bcbddb
reports/data_quality/target_missingness_summary_20260508.csv,268,True,4b8b420dba8cc8cdc4bd9f00da027107dc9bd8b8a3848a7638bdedb49a37b691
reports/data_quality/total_liabilities_derivation_feasibility.csv,3257469,True,e4d095691f4f6a883717e8f3f65bc37d1968460788797d29aa21f31401078ec0
reports/data_quality/total_liabilities_derivation_summary.txt,652,True,70e86149929adc5bc7bce8244d3419f4c3a9a22b5c9e2cccaf96816e9f26f73b
reports/data_quality/total_liabilities_missingness_by_firm.csv,28560,True,7efe55b29431f2a304161a71343ef1046605eda1864dc027cea93c6a10448279
reports/data_quality/total_liabilities_missingness_diagnostic.csv,9778,True,b0428cf098dfb8384b17b91d175ad479f1f5e833ccf53683f239c4a051eda7ed
reports/data_quality/total_liabilities_related_fields_audit.csv,986,True,e3418f0710654f358b609972bc49676b4324fff1fd47301d72efcf09dbf886b0
reports/data_quality/universe_expansion_150_candidate_parse_results.csv,38349,True,4d3098706405f44f70881dae2ada8bc7df3ffbc68bf2ef52d914f3f5f8bd1ac8
reports/data_quality/universe_expansion_150_cohort_summary.csv,463,True,7d1d66271739fef5aab4a59c5885a55585b034052af5f68e598c06036a5042f4
reports/data_quality/universe_expansion_150_validation_summary.csv,1390,True,e0cfb97122206c2b653b5bb7febf2fb4cba9d3025ebe1ba9db3e9ceb308417cd
reports/documentation/master_column_dictionary.csv,44987,True,66a5a509fab931b60aa91f896a41a2ebac745eea406d9e496f295a3482ab56bc
reports/figures/.DS_Store,6148,False,ab99fd2395477b4eafb227a38a5634812801b066bb280c5512d3f9d150e9513d
reports/figures/dashboard/artifact_notes.png,184011,True,c3183f3c6f262541e0fbc7d338e4aee01fbf005b00cbf275281b01a245c4ed5a
reports/figures/dashboard/data_coverage.png,182808,True,88e3ece649782c24d2a330b05510c41291a4a5f7a07ff7155ee1025b958a4544
reports/figures/dashboard/firm_explorer.png,161923,True,26c5d0055d98012b75c76098a9c3e09ac322d9aa179a106bbbba21db98c6384d
reports/figures/dashboard/macro_compare_training_baseline.png,139405,True,b0fdc25c4ed7eacccb5fbb31db625417c3f4765bf325622a3b546dede1d789d2
reports/figures/dashboard/models_distress.png,221734,True,137c2c05ddbc0d161633db395b468529deb99252e68ba37e658a45c173da5c42
reports/figures/dashboard/models_failure_pressure.png,226823,True,b155520be2b6cf33e425a7c0143b1704013930af2bcf1dc103711751b2ecb9f5
reports/figures/dashboard/models_recovery_secondary.png,183280,True,fa7880ce51e640588d8fe8aa59b11c8c419fae8f0aaea7308f3baf7541e40955
reports/figures/dashboard/models_success_resilience.png,221841,True,9df61ee779eaa802a98087b0bf0216063f537efc22307d082ed2d75bd5d013b6
reports/figures/dashboard/overview.png,194194,True,10f4058937c90038fb83f6916664d7981db5dfaf3e9bfa98af7dd5668fa6edaf
reports/figures/dashboard/target_lab_factor_groups.png,213805,True,08d0e23eb1eedb5ac7a49986b2fc64080e2049264eb8f3edaf91a0655c1da226
reports/figures/dashboard/target_lab_overview.png,218484,True,f85d35e0ecb012914b2975b3060a0396fcbe1f3b5c9a6f754ed599e4acf6b7d5
reports/figures/dashboard/target_lab_recovery_reasons.png,193414,True,abb33cbbe1fcf223e1a158f3736122a4ba8fd4089b12472003c90615c6305c19
reports/figures/legacy_plots/.DS_Store,6148,False,2d0ab6ea4536003a2eca4068133dbf784fae49ed28d9be05bb54c9b31f150fb2
reports/figures/legacy_plots/Roc success net4.png,27646,True,d71d160b99711300b3f97c7fb46b116d6a469c8dd976878429eccee22d3402a2
reports/figures/legacy_plots/distress net 4 feats.png,33503,True,0a802846727e090ddbb5b7d6b5f5b213292390beb572b64d609260cc35c92adc
reports/figures/legacy_plots/distress net4 roc.png,26178,True,a06644ae431ae83522fee11638e6d8fbd67508297a2a2e356e58047b6b718de5
reports/figures/legacy_plots/feats success net 4.png,35463,True,6ad176d42c374833936c71a6cfe966ec7a91a60c6e4c745c25e3b733c1367fb0
reports/figures/legacy_plots/fred_timeseries/BAMLH0A0HYM2.png,34002,True,f88e52287cc76655c8235ce42110e0b8e1ac85805baff35e4b6e5e3e175d746c
reports/figures/legacy_plots/fred_timeseries/FEDFUNDS.png,20185,True,6e0b2bfa1a40372703b80860b9826481365054c7ddf60c99125793112fe13490
reports/figures/legacy_plots/fred_timeseries/Fulltimeemployees.png,42044,True,0c1f9c2483eb86cfc0fda3ee2e0a088271fa084a83f26977b4f2ac3fd014371f
reports/figures/legacy_plots/fred_timeseries/GDPC1.png,22849,True,5ef01411015488a23bfab9f277e783f18edf5c8470a1747b143b03fe34bce53f
reports/figures/legacy_plots/fred_timeseries/GS10.png,30388,True,d6fc43caea3cc5829cc4c7d94d397e88a046111c6e609c332c3f04fb3e71573d
reports/figures/legacy_plots/fred_timeseries/INDPRO.png,32765,True,87d3c1b871044e6b02516ffb16f663a2ea550f71b073d84646de57b6fcbe459b
reports/figures/legacy_plots/fred_timeseries/M2SL.png,24357,True,47b72943c2791046ff37e9a92f227839e179753fc142b4ffabdafcc97ed841ba
reports/figures/legacy_plots/fred_timeseries/NFCI.png,26371,True,2a104a0fd07e45770dbc155116bdb9f4c7e2811bd0d091ed252a72e6c4b1b32b
reports/figures/legacy_plots/fred_timeseries/UNRATE.png,23165,True,f893ced185477134b981bb08302b5dd6e3dc7fffcdb07215878ed73ff7310321
reports/figures/legacy_plots/fred_timeseries/USEPUINDXD.png,35260,True,0540c711eaa530ca29aa3fb41c79a2286f31adef602f0293dda47f010dda297a
reports/figures/legacy_plots/fred_timeseries/VIXCLS.png,38927,True,144a68e3e5a232b69ef0e15cd42ae6fff102d0f1b19bdb8cd48e15f1eabe46ac
reports/figures/legacy_plots/fred_timeseries/Weight.png,39755,True,ec9181bc350a821e95ee094a2ee926e67f3cd689b113c31e5a19496c9fcd963e
reports/figures/legacy_plots/fred_timeseries/Z_EBIT_TA.png,17662,True,96db7b6c0185d015af1ef37bd1746f112f801520c462cbb5874c9268acafaf20
reports/figures/legacy_plots/fred_timeseries/Z_MVE_TL.png,15660,True,f5421da31eb03065ed24a23a2ff038d10d0065bb907ea9c12ef8eeb149c745ca
reports/figures/legacy_plots/fred_timeseries/Z_RE_TA.png,16170,True,4917e3ad5f96cf9ee6628ecfc9c2e17bce9df63b0f196c7452ee4a105c77c366
reports/figures/legacy_plots/fred_timeseries/Z_SALES_TA.png,20639,True,f47adc610f2976ad4c782950d291f26ced5160e5ed117d1a50c0abe7a1f66f95
reports/figures/legacy_plots/fred_timeseries/Z_WC_TA.png,22963,True,3584668210de3ce434a8b16f940c31270339f63366c57fc4b7dc7140096e0cef
reports/figures/legacy_plots/fred_timeseries/accounts_receivable.png,39254,True,4d62bef9b0530f07effa8f34e6770e4d3181ff5b60eeca2b79572112961e6043
reports/figures/legacy_plots/fred_timeseries/altman_z.png,17060,True,53947c859d2cff1146c0d5adee70cf5a539bd15f3adc69b6eb879f745ad8aa8f
reports/figures/legacy_plots/fred_timeseries/asset_turnover.png,21594,True,5eb436c9cec9faa304b660469326f8dd65ff031184adfddb6d5c0c7e6ffa5f63
reports/figures/legacy_plots/fred_timeseries/capex.png,37241,True,9991f73c7d595fa01239b4a50438f2660651b88ba464976b1911c177e2d788f6
reports/figures/legacy_plots/fred_timeseries/cash_equivalents.png,38269,True,fc6ae6871b1a259e65a9303c51eca49771f960c522d5f0655970b8c42eec56e8
reports/figures/legacy_plots/fred_timeseries/cash_flow_financing.png,33759,True,c14b3180f7ea78dc132a34781c3696772b3ae5c771f6678311fbdeb404be2567
reports/figures/legacy_plots/fred_timeseries/cash_flow_investing.png,37120,True,515a8f368bbff701e33e34fed7019bb0957dfea712d659be0a743c45da308f2f
reports/figures/legacy_plots/fred_timeseries/cash_flow_operating.png,42928,True,d94907cbbb31476b0dcac61df3d412d53c81d42d1b17643e06f2ea7d6f8bb1a7
reports/figures/legacy_plots/fred_timeseries/cash_per_share.png,17781,True,e9c0ae3323da3be4f307683216e18f8203f973b85e89f96005280dd11322344c
reports/figures/legacy_plots/fred_timeseries/cost_of_revenue.png,32270,True,df293f8b6763867141b127f75a06408b810df069ef660089f1ac9c0b925e4428
reports/figures/legacy_plots/fred_timeseries/current_assets.png,29482,True,84bd155664e61e1755ec4e31213ffc0245b5cfc50f8b50b6fd34801addda674f
reports/figures/legacy_plots/fred_timeseries/current_liabilities.png,31606,True,b6106d3a5c7019ed4e8ffef3997f08f236a368e5bf5ebb1e82c320b48a435241
reports/figures/legacy_plots/fred_timeseries/debt_to_assets.png,19587,True,4c8b7bf0c9eb14d2327f3451becc2924481e96e24b97caabeee721ea8892811c
reports/figures/legacy_plots/fred_timeseries/depreciation_amortization.png,40634,True,93197a59cf58b11f3d2052acedf9ccb93d63b9760e174a5465f68bda75168015
reports/figures/legacy_plots/fred_timeseries/eps_basic.png,18476,True,fb4d2c19e5dcfa661baafcb03724f60731ee845657cb1b173917a2c22b0fb936
reports/figures/legacy_plots/fred_timeseries/eps_diluted.png,13112,True,50a4c94a2747d5e22a87f0766d91d37b22d7acd020021da2b61d0c0a3931a235
reports/figures/legacy_plots/fred_timeseries/equity_multiplier.png,19044,True,68c3af1421776e3060bdbfaf3fab86fbd93f9bc1d6b09cbed0b117bcedcb71c3
reports/figures/legacy_plots/fred_timeseries/gross_margin.png,19449,True,bfb57eef162f428fb5a782193fbbfe96c9c86e4bc4eb5c89fbfcdcef03927a34
reports/figures/legacy_plots/fred_timeseries/inventory.png,39923,True,4714c7f6769d3916b27495d739aa10fcf4fb2efe65c97fc2b03907a7e05d6095
reports/figures/legacy_plots/fred_timeseries/inventory_turnover.png,17148,True,e45e9b60f9693a53731fa1e5440033a93b18f569038621aa55a1e9e41d261f3f
reports/figures/legacy_plots/fred_timeseries/liabilities_plus_equity.png,40274,True,f6f600ecda0c8f0fa06ece24a029a0dd43a0259bf4689b1fe95790731da5e143
reports/figures/legacy_plots/fred_timeseries/net_income.png,32160,True,6e08c9ca46872e5a8962b45cb348e75f63927d1eec1c9cf731bb307d591733c8
reports/figures/legacy_plots/fred_timeseries/net_margin.png,15046,True,67d8a131658f0ed44f36e791545739da3cfa8b77fa33b9c5a2dfeba020d47f5a
reports/figures/legacy_plots/fred_timeseries/operating_income.png,39744,True,f3b045cbb0fdbe5b816b872783c2122620e27deca52ab42a1bdf5788d0f62d93
reports/figures/legacy_plots/fred_timeseries/operating_margin.png,20104,True,e788b369364f0573b7655ba14ef8a6cae1cf53f2811ea1f91b8633c215fd6871
reports/figures/legacy_plots/fred_timeseries/ppe_net.png,37839,True,f941aaf28c6f3fadbc718863a3e39ad0f17877cb8ae951b2ad655b1b37a0fc2b
reports/figures/legacy_plots/fred_timeseries/r_and_d_expense.png,33509,True,b6a189725ad981dc47876aa1a07c44c49271e921b4335ad4f33108b6b9e26d1b
reports/figures/legacy_plots/fred_timeseries/r_and_d_intensity.png,17508,True,c1e52e88ea1fd24af71d4c3cdfa74499704cbac80e85371afc910c38697f7d99
reports/figures/legacy_plots/fred_timeseries/retained_earnings.png,39705,True,49544eb97f5cb3fa435088b2c0a6492d31ccbde80d103e5d7b843a34f85cc4fe
reports/figures/legacy_plots/fred_timeseries/shares_outstanding.png,20106,True,22aab2b3d5a2786f41a675d0e8c76faf121d52eb23720c6cc036753a4ce8d884
reports/figures/legacy_plots/fred_timeseries/total_assets.png,38148,True,452e1448b297aaa8a3fbad44abb34e2ef03dc582cbc36975af813a2448c42248
reports/figures/legacy_plots/fred_timeseries/total_equity.png,38482,True,90efd8fdfe2ff21f7e2f63643ff8700f9a7df517f04e5a4a3b82a751e26d0fab
reports/figures/legacy_plots/fred_timeseries/total_liabilities.png,37197,True,c5907d0ac8ac490bd27d49a4c0f1288bccfec28a0792864dbd9477a9105bbb8a
reports/figures/legacy_plots/fred_timeseries/total_revenue.png,40299,True,4767861b6b691ccd2efd831fbad298cacda7fab4bde8ba6c3508f963455c5c2e
reports/figures/legacy_plots/fred_timeseries/wavg_shares_basic.png,25541,True,fc85609ab9abf48dee9390e65d2c30274b647f1f917f482b17dbee290b0fa9a8
reports/figures/legacy_plots/na_heatmap_per_ticker.png,347569,True,edde43f42a100dc1548df499b522c5d57fb544424f18a137cf64162fb7325f1f
reports/figures/legacy_plots/net income ma feats.png,36691,True,0461436df490bb0ef94fa6fbbacb007ed2d1c3082d1082b8a830d3f6b1162db2
reports/figures/legacy_plots/net income ma matrix.png,13223,True,99e01f9004a1c814802f74e5bd75d113802eeab37091ad927e3336a2f3fad6e0
reports/figures/legacy_plots/net income ma roc.png,28615,True,cde60aaa1459cdcad62ff1bcd3cec5a566f74d0bdff4e602f63c7899a6a8e407
reports/figures/legacy_plots/top quart matrix.png,12206,True,09a21d8a7e1e8702c75640311242b727ca6086c1882f5071a12068fb4ad0bdb5
reports/figures/legacy_plots/top quartile roc.png,27987,True,b94538666c523f996b738a3f8ae4711da8967475c62a4386798a35be01209590
reports/figures/modeling/calibration_curves/distress_next_4q_calibration_curve.png,69791,True,efae0d4cff938e2ae2566d5f3f2d632e8ded8feaa0da991b5fa270b7ae6ab355
reports/figures/modeling/calibration_curves/failure_pressure_conservative_v2_next_4obs_calibration_curve.png,92138,True,6da26cfb2a959c7902ba0336460e6a8170dd969154340524ba4c472c0e358222
reports/figures/modeling/calibration_curves/industry_relative_resilience_next_4obs_calibration_curve.png,104547,True,78c712e4bddf74b07ea9098c134afab397a2d54d50e37c82dfee11582351f93f
reports/figures/modeling/calibration_curves/persistent_resilience_next_6obs_calibration_curve.png,96720,True,e62bf187078c37fa038df601209ec6136b703a952683485edb8d5a3fc1a072a8
reports/figures/modeling/calibration_curves/quality_success_cashflow_next_4obs_calibration_curve.png,103379,True,3823679443d280cf93d0b6dba9c8f942d73fbb56bf3459d0fe78048a808eb25f
reports/figures/modeling/calibration_curves/recovery_next_4obs_calibration_curve.png,96966,True,0f5a1fb6d541c447f137b250700b58b02bad20281457c977d21caad6e86109bf
reports/figures/modeling/calibration_curves/sector_relative_improvement_next_4obs_calibration_curve.png,95469,True,b54d0a5b64e17563781fa0508f6601a42a22d4da39803d509dc390edabda96bc
reports/figures/modeling/calibration_curves/stress_resilience_next_4obs_calibration_curve.png,100814,True,b976668c9c1fd20243efcff12aff0c4a8f98942755e2dc635daa21adfef43b11
reports/figures/modeling/calibration_curves/success_resilience_next_4q_calibration_curve.png,93612,True,a1a7f5d081be8c8302523a317b16a1eac6875e4a5992f1771346dacc98577b50
reports/figures/modeling/market_health_index_timeseries.png,146692,True,b6846a30e7357fe4ac4d825120c6fbadca6454977befcbae0ac41553c4050b5c
reports/figures/modeling/market_health_v2_by_year.png,209635,True,281caf734133895a41419945fec09cccdcf6498eb4256c70ca1c8233b739ba1b
reports/figures/modeling/panel_v2_ablation_pr_auc.png,100540,True,6e017915adae9c5cafe34808667aa95188377df97194e306c50dc0c86271aa94
reports/figures/modeling/panel_v2_distress_next_4q_feature_importance_gradient_boosting.png,107805,True,223a637a2625cface11e2403f10b4a86e2c7510d7ebdc7d6faeaf7e10b5637c4
reports/figures/modeling/panel_v2_distress_next_4q_feature_importance_logistic_l2.png,101504,True,48454ce238e5db94b510b9c43ab4247de541f4fd57a803d6f23e9fe23398c73b
reports/figures/modeling/panel_v2_distress_next_4q_feature_importance_random_forest.png,103150,True,233c4d82bff17dd8bbe308fca87a5af9934599991ca104cb61ebd366032cd9bb
reports/figures/modeling/panel_v2_distress_next_4q_model_comparison_pr_auc.png,74337,True,c45b6a11064e2abe95949602ad25283296b8a53bfd7f70355b7654686cfa3af9
reports/figures/modeling/panel_v2_distress_next_4q_test_precision_recall.png,107091,True,fbaeced42b1bc92421778e9439f345cc199702e538f8fa7bc5cd282f986dff7e
reports/figures/modeling/panel_v2_distress_next_4q_test_roc.png,121204,True,6c67121b9dad2e9ff17b2bd58caa2ba77ae5e7ced71b7d7dd1ee0284075e3ea4
reports/figures/modeling/panel_v2_distress_share_by_global_event_type.png,91281,True,f601ff3c2c931fc4ab2e3627e74f96b9bf6a2dafbc7b555ac31800b0d34f0632
reports/figures/modeling/panel_v2_distress_share_by_regime.png,87123,True,5147b997f5b4d332bf0ae27d4f13425367074f0238ae0582575d7ea2bb77280f
reports/figures/modeling/panel_v2_distress_share_by_sector.png,85919,True,01a68dec7298c5b1426aa7d03f6be42fe4c6c81e4fdb6195a2f90c5b5022c29d
reports/figures/modeling/panel_v2_distress_share_over_time.png,101211,True,1109423e825e060e3d1f922c8afe9c3e24f29453cc1f69cf06b5e11bb5dba79d
reports/figures/modeling/panel_v2_failure_pressure_conservative_v2_next_4obs_feature_importance_gradient_boosting.png,110618,True,1009967da88ec8dd52cff3b4ace03aa33e88a1b3a6559d90880bca6621a98fd8
reports/figures/modeling/panel_v2_failure_pressure_conservative_v2_next_4obs_feature_importance_logistic_l2.png,129131,True,5b43bf2c018ebeeb7426633a38574c18ca58032c80d9c24fb440586236826e90
reports/figures/modeling/panel_v2_failure_pressure_conservative_v2_next_4obs_feature_importance_random_forest.png,102053,True,126e0f2e8aaebaa056c4c468495b20e817ac1f8a9d37f0c36dbf96afe20c4228
reports/figures/modeling/panel_v2_failure_pressure_conservative_v2_next_4obs_model_comparison_pr_auc.png,78109,True,70cfa75682b2eadc821e687b71ad9e1fd49acd5717949adc37606630b265dde3
reports/figures/modeling/panel_v2_failure_pressure_conservative_v2_next_4obs_test_precision_recall.png,146499,True,652ea78df9cd1196fc1ab3d3afd09b2e7dc78c37ab21282aeac85e2021733751
reports/figures/modeling/panel_v2_failure_pressure_conservative_v2_next_4obs_test_roc.png,123529,True,7e328fc86e53e72f2b8839474a9a03a01de095263ce0c3379e7ee8c05ddd1c84
reports/figures/modeling/panel_v2_feature_importance_gradient_boosting.png,107805,True,223a637a2625cface11e2403f10b4a86e2c7510d7ebdc7d6faeaf7e10b5637c4
reports/figures/modeling/panel_v2_feature_importance_logistic_l2.png,101504,True,48454ce238e5db94b510b9c43ab4247de541f4fd57a803d6f23e9fe23398c73b
reports/figures/modeling/panel_v2_feature_importance_random_forest.png,103150,True,233c4d82bff17dd8bbe308fca87a5af9934599991ca104cb61ebd366032cd9bb
reports/figures/modeling/panel_v2_industry_relative_resilience_next_4obs_feature_importance_gradient_boosting.png,110698,True,aeb6c20f0dd24d575053ad64c5b93a442d44920afbb9ec52cc59812d37ab2870
reports/figures/modeling/panel_v2_industry_relative_resilience_next_4obs_feature_importance_logistic_l2.png,116144,True,72a5c91c9daa86b9580eed14fe873644c37ab8bd6f68deaaaad270ce57c7e852
reports/figures/modeling/panel_v2_industry_relative_resilience_next_4obs_feature_importance_random_forest.png,105102,True,90697ce68f03f507a5a6927ebb0790fe138d8cd9a536daaca00123a2e0d8f51e
reports/figures/modeling/panel_v2_industry_relative_resilience_next_4obs_model_comparison_pr_auc.png,77614,True,59f5b9dd2249537b57c375dce8f79189ea75171d65faac806edd58bd1694f762
reports/figures/modeling/panel_v2_industry_relative_resilience_next_4obs_test_precision_recall.png,143031,True,35cfb2c337b591e363e07c794d55b5332753560217e6a80b9b6e5f68953086bd
reports/figures/modeling/panel_v2_industry_relative_resilience_next_4obs_test_roc.png,135393,True,e53c552381f34ea9226afde64b1310bfca0fec58467e60bb385b89f22ae0bbf4
reports/figures/modeling/panel_v2_model_comparison_pr_auc.png,74337,True,c45b6a11064e2abe95949602ad25283296b8a53bfd7f70355b7654686cfa3af9
reports/figures/modeling/panel_v2_quality_success_cashflow_next_4obs_feature_importance_gradient_boosting.png,107479,True,b5412e8adbf9b0451168731612a63de61c50255d66599603ec6eaeb6ca2efce0
reports/figures/modeling/panel_v2_quality_success_cashflow_next_4obs_feature_importance_logistic_l2.png,123262,True,6bf38eff0cd0f186c6b5358fe889f9812ee4795db3149e58d07a5a08e355b04a
reports/figures/modeling/panel_v2_quality_success_cashflow_next_4obs_feature_importance_random_forest.png,104319,True,d0e361cfbe45595c16833ec3d81f2d0a79ac972742af9a125e09a249eb330f78
reports/figures/modeling/panel_v2_quality_success_cashflow_next_4obs_model_comparison_pr_auc.png,75287,True,85a3534e74848e718b53a0a1fdd4273fdb3c4b968860f29ac0509d679b916c0e
reports/figures/modeling/panel_v2_quality_success_cashflow_next_4obs_test_precision_recall.png,113366,True,bb077be7a36857710d539485db3bf940629904712a665192333fc663572862f0
reports/figures/modeling/panel_v2_quality_success_cashflow_next_4obs_test_roc.png,123395,True,019289c6614c076d769bc46e9a4a502e3d4f5a5d588be2e75736594f2b221a6e
reports/figures/modeling/panel_v2_recovery_next_4obs_feature_importance_gradient_boosting.png,107707,True,42974febf1de16c80ea8e9844d61730e7a902929cd20b8fa53beb5ab15ff372b
reports/figures/modeling/panel_v2_recovery_next_4obs_feature_importance_logistic_l2.png,111397,True,6658df46e4cae6c34c366bff97d885a87361794d05c304212cc6e9922c659e15
reports/figures/modeling/panel_v2_recovery_next_4obs_feature_importance_random_forest.png,102699,True,e134c37ab4b302cc31404b50a61e7b92b1c751916d68dcf2bb768676507e6eae
reports/figures/modeling/panel_v2_recovery_next_4obs_model_comparison_pr_auc.png,71332,True,b8e82bcb836cc14f655b46beeb4fb8c70f42eca0305d5bbc9fc52ddd04118153
reports/figures/modeling/panel_v2_recovery_next_4obs_test_precision_recall.png,114800,True,41433eedce5a490c1c21e4239ac4105b36e417bffca15ea804c1889d0e4fccc6
reports/figures/modeling/panel_v2_recovery_next_4obs_test_roc.png,116831,True,4a096ca3aa6abe1f6c63162f2c39e9d7e10eb7317c5702cc8ea51c10cf414456
reports/figures/modeling/panel_v2_stress_resilience_next_4obs_feature_importance_gradient_boosting.png,112760,True,e5fb98d7bbce6aed56dd1ce5455789621fe8d84128840df9b8363254a7355d27
reports/figures/modeling/panel_v2_stress_resilience_next_4obs_feature_importance_logistic_l2.png,110356,True,6f66c5e94ce53a63b7082588c529fdfc58328c2a0116d3c65242924fcae3ba77
reports/figures/modeling/panel_v2_stress_resilience_next_4obs_feature_importance_random_forest.png,99641,True,bfa22cdccff5c4e91ddc5850642a9a6c4ea37e92b37138b61c20e47c911447dc
reports/figures/modeling/panel_v2_stress_resilience_next_4obs_model_comparison_pr_auc.png,72113,True,99af6b1167b0d7102e6541bb17bf2b5190a715508eae4a276e430e51b52fa430
reports/figures/modeling/panel_v2_stress_resilience_next_4obs_test_precision_recall.png,130525,True,eac69ec7aba2c3bcfc87bca8751035a6b4504dd646f436a1e66f280f9ce3ca72
reports/figures/modeling/panel_v2_stress_resilience_next_4obs_test_roc.png,127296,True,4bebe66adfda7e85a9fda24d892192b3298629fc26e328089a87edfd644ad738
reports/figures/modeling/panel_v2_success_resilience_next_4q_feature_importance_gradient_boosting.png,106773,True,1d9b3cf1a8957484e6a0aac0345f8688c6f282232cda426ea8e9b56a674b8cf2
reports/figures/modeling/panel_v2_success_resilience_next_4q_feature_importance_logistic_l2.png,133586,True,bdb5155f610248347d8db10f7db72e9d86cd33747ecd435f8f8547a388085ded
reports/figures/modeling/panel_v2_success_resilience_next_4q_feature_importance_random_forest.png,100601,True,be1df8faf0ca6c237f18b59dc68666c4a85e17b22c5738bc46e57ec3dae6e3a7
reports/figures/modeling/panel_v2_success_resilience_next_4q_model_comparison_pr_auc.png,72385,True,cca659a20101f91b746ec7a2306dbdf3ecbb94f0da043c22a24f6b39d86a7fa9
reports/figures/modeling/panel_v2_success_resilience_next_4q_test_precision_recall.png,106117,True,c61b1466daaab8e4328923b3f78d28915cff79447c228ab5827760f13a30a0e2
reports/figures/modeling/panel_v2_success_resilience_next_4q_test_roc.png,118054,True,907d03dcb0a01082b42ce1be59704a6b0526b7e6f68dc9a45861d7e6506bb3be
reports/figures/modeling/panel_v2_test_precision_recall.png,107091,True,fbaeced42b1bc92421778e9439f345cc199702e538f8fa7bc5cd282f986dff7e
reports/figures/modeling/panel_v2_test_roc.png,121204,True,6c67121b9dad2e9ff17b2bd58caa2ba77ae5e7ced71b7d7dd1ee0284075e3ea4
reports/figures/target_lab/deterioration_next_4obs_best_precision_recall.png,54554,True,7f23f0b4292ae0609549c7e5bb44995fd76d3e0657b2626fd36a260681951c38
reports/figures/target_lab/deterioration_next_4obs_best_roc.png,65725,True,9776e9a15a9038cb86b19c6cf995f0661f8aa11bbfdc28b5243a6c043c587dcc
reports/figures/target_lab/exploratory_model_pr_auc.png,232319,True,2615d8b3f127d273c4bd653c7eaff31b3de0d6dfb5503681a01d96b4a3694b63
reports/figures/target_lab/exploratory_target_balance.png,77805,True,b8ffd9e295cd27bcdac94785063a3909e4c55273b08e03fb1354035f427c7789
reports/figures/target_lab/industry_relative_resilience_next_4obs_best_precision_recall.png,55542,True,27b50b91be1c9d303eac8734436683057d7d9d7d21387204996316fd16a78b3e
reports/figures/target_lab/industry_relative_resilience_next_4obs_best_roc.png,71535,True,d9049bae6b7d63a222e074ee133636231f1a1b298fcb3a75b27507c1719145ff
reports/figures/target_lab/industry_relative_resilience_next_4obs_feature_level_importance.png,94273,True,733ea1250a04c998b17df3cef2a5a7c170c0f682d8a7922ec1e99535f24f49cd
reports/figures/target_lab/persistent_resilience_next_6obs_best_precision_recall.png,57514,True,3d62c6ef47361aa105834d47f3ac2afdb87a8dd7f641514a217acf18cecdf8ce
reports/figures/target_lab/persistent_resilience_next_6obs_best_roc.png,64097,True,f72f929db8b82fbb9cc7585b564a46a0710cbe4c9bda76ba0d04ae97bd4dd0d6
reports/figures/target_lab/persistent_resilience_next_6obs_feature_level_importance.png,93654,True,8f9e6277672796782e7e5b4af30fa43b424eedfdaa08119b1327401159b26894
reports/figures/target_lab/quality_success_cashflow_next_4obs_best_precision_recall.png,60178,True,29c458395c18f0995f37ec0a5d93b85720f2934f6af6bff22636b9355c192c06
reports/figures/target_lab/quality_success_cashflow_next_4obs_best_roc.png,67307,True,9e96f907b664e0f8ae1f92d18ff0e4b58fb5831891f9e76abd63f81132a94d68
reports/figures/target_lab/quality_success_cashflow_next_4obs_feature_level_importance.png,98126,True,7ed842db1f1638eb61e25c4bed000237047611c3551871b0f9bd43d42c744af6
reports/figures/target_lab/recovery_next_4obs_best_precision_recall.png,42567,True,0520c3e6cdca3a0c98114f2eb14326ff4ea886e225225993403aaa6c478d74be
reports/figures/target_lab/recovery_next_4obs_best_roc.png,60786,True,1c5e92c7cfa545354ffe53512210a89d0b16400640887f48c29ae903c74ebc38
reports/figures/target_lab/recovery_next_4obs_feature_level_importance.png,98738,True,7993656ae6e86f112e366561a608ed623547d60cce2529f02ade6c4a85558cf9
reports/figures/target_lab/sector_relative_improvement_next_4obs_best_precision_recall.png,61936,True,aea51811c5511350b5a1729a4ecedf9638663d11a15996d87661794b5b14d1b4
reports/figures/target_lab/sector_relative_improvement_next_4obs_best_roc.png,68610,True,d62f9b57a9686a44be8d4b26cdc700ebae77dc876fc8e43bc0e4c1dc17b7bdd7
reports/figures/target_lab/sector_relative_improvement_next_4obs_feature_level_importance.png,96888,True,e10f9a489e21eade8a09cef2e3eb417fb2deedc0ed9e17f850b08d33cc8b997a
reports/figures/target_lab/stress_resilience_next_4obs_best_precision_recall.png,51262,True,37c99a6459e79b70c189789e30af4c73f094894a350f6887db49d5fb291c1b6f
reports/figures/target_lab/stress_resilience_next_4obs_best_roc.png,62850,True,acbc96965fd7a8dd09d9a22af7226736a2eea13e6c47db9f7945b2a47b8e813b
reports/figures/target_lab/stress_resilience_next_4obs_feature_level_importance.png,92401,True,9aa595d090e8be59acabbe10b79c00bcdad4a658e75aa2522f8f46a6b89fe63b
reports/final_thesis_appendix_pack/README.md,1912,True,959faaf880c063390536fe02410a980b92c928880dc9044da843836c1dc20282
reports/literature/.DS_Store,6148,False,cc2ba7200d43496a1d68960f383c14f5498fa9b98772e1b275d3d3730bc9e126
reports/literature/full_text_retrieval_checklist.csv,22732,True,6594a1405c90d6f8a5ff0c967c5f1b5e108d39ae1a6c4f2c8d6e9c869b051ef4
reports/literature/legal_full_text_access_audit.csv,26256,True,35b57514c42eda34575be6b3995792e5144927877c3c0ba294d657de60ffcf4c
reports/literature/legal_full_text_extracts/afanasev2023default_emerging.txt,52581,True,81a07449d46c6a5f10a21c21965bdd790bfbb75eb2bd15cef74e2c43359ebf93
reports/literature/legal_full_text_extracts/alaminos2016global.txt,60385,True,cc69397b0dc3a1f0b619d61a4802f063d96ca141435792fbb594d7c76786aecf
reports/literature/legal_full_text_extracts/bussmann2021explainable.txt,35849,True,7a5e99e89cbdc7a6ff517fcf9d97242b424162c95779b03e98d2cba755cea697
reports/literature/legal_full_text_extracts/charalambous2022maximizing.txt,94027,True,a5ebe10a0afe7a14adce2c1e782598a2a90c5c1e2e91e663fae65a4292915cb2
reports/literature/legal_full_text_extracts/chawla2002smote.txt,70821,True,d8b028ebd1fe7aa9fb6bb94881c795a57e39a89e02ffdd89e446ed6d1d25e643
reports/literature/legal_full_text_extracts/duchek2020resilience.txt,114628,True,4bf841d7a099689d8d4b59faa0a4a6e9f304ee6619351bb85b16d40bfc2e1448
reports/literature/legal_full_text_extracts/gornostaev2022realtime_russia.txt,35413,True,5832918c20f4b1c690436676952ca9172ab307af402aa64e8901237ea2e59b6e
reports/literature/legal_full_text_extracts/gramegna2021shap.txt,24611,True,04e231a5ae467afdb82cb6fa9c88f653aac0dabe365f08552cf152edbdbcd2ba
reports/literature/legal_full_text_extracts/saito2015precision.txt,64780,True,9994eb5579ac21cf7330d6ea00933d7655bb4fe892f9aafb41e937bac04598ec
reports/literature/legal_full_text_extracts/shneiderman1996eyes.txt,0,True,e3b0c44298fc1c149afbf4c8996fb92427ae41e4649b934ca495991b7852b855
reports/literature/legal_full_text_pdfs/afanasev2023default_emerging.pdf,738002,True,eb08d5feb26fcbf7f364813e35082d7daec0e24ea554f95ad37743027d07e47d
reports/literature/legal_full_text_pdfs/alaminos2016global.pdf,1118708,True,61e8d6bcef06fcd048a1b77d808bcd487276c21ba8aaeac18b9f9759c6aafb0b
reports/literature/legal_full_text_pdfs/bussmann2021explainable.pdf,1900874,True,9c16145958db33503cb6b0b35c6640062c00b461850aa87179fc55eec82d8046
reports/literature/legal_full_text_pdfs/charalambous2022maximizing.pdf,1236568,True,cd512977604ae25e7eec875e08c72770349f7ecf69984b75d535f318b86ef325
reports/literature/legal_full_text_pdfs/chawla2002smote.pdf,501702,True,8eece9837dbc7719b42d1c89be2030a5c0d328723612b05cd170d2c83854899f
reports/literature/legal_full_text_pdfs/duchek2020resilience.pdf,696934,True,3ab76eb77883b8defb967b82c6f3daad3f6ee0a3a593d2dced5c561c1b62d934
reports/literature/legal_full_text_pdfs/gornostaev2022realtime_russia.pdf,1021165,True,237995d85b7671dac3ced9ad05845658d59b0b5bb1bc5063096859c36dadb66f
reports/literature/legal_full_text_pdfs/gramegna2021shap.pdf,1301156,True,b6179eaf64695e4763d6d61021d7ed544096c415585c45acc452d38f391e7572
reports/literature/legal_full_text_pdfs/saito2015precision.pdf,1233476,True,8ae56333b46ffae705ec463b6a3dd1d81bc4fe5934e5e13a635e4bbf401d1a97
reports/literature/legal_full_text_pdfs/shneiderman1996eyes.pdf,803958,True,8306cb4cb83ac8e1731274b4ad968bb384d83f1cdb47cb46f49354a0f3aa868c
reports/literature/literature_matrix.csv,53747,True,3889f5fe4750eda45739f95404c6b84c31111028af059a6f2b3b4728c5c8305c
reports/literature/reference_critical_evaluation.csv,51813,True,9efac88cafdc5f240c36f724ae25a744b5209efd02b549be7ba02794773e6c1a
reports/literature/reference_quality_audit.csv,2233,True,da6fa6b8ef993de15ae46625843e7c06ebe4f532fb7c15c293ca78b284305994
reports/literature/research_gap_synthesis.csv,1477,True,6111f03936911c800da6280e4e10951be1f9960269e1c976e1cfa3571faa7aa0
reports/literature/source_to_claim_map.csv,3556,True,02fde6116c49856a495250e7c2ec8e46bd342bb0021994c5106f56761d668c10
reports/model_tuning/.DS_Store,6148,False,9502a48660209e9fff9ee886cb8bc017e959925c606103b79596cede879f2030
reports/model_tuning/MODEL_TUNING_PROTOCOL.md,2698,True,270c267aa8201bf6409e87388aff6a122840396e923092c5bb0ff163d4a48503
reports/model_tuning/all_candidate_metrics.csv,99613,True,f7fc84f19957fea7aecbbe92afcdc5bc0c8301ad1f7d26af9df133980e1f2a9c
reports/model_tuning/baseline_vs_tuned_comparison.csv,1221,True,4d770199f00d71834972076bfb6d6b1c1043088d680ce8d983a05a4717e7b585
reports/model_tuning/candidate_grid.csv,4847,True,138fe5df2bd21b2b45d8f5d05e8695cd0a3ea2dbbc3e97f9075b1e78ffc62b5a
reports/model_tuning/distress_next_4q/best_by_validation.json,1854,True,333557e9ef2d229d070dc0a6eb93e4c2fc456f7cd12773dd89a94f38c52ca5f5
reports/model_tuning/distress_next_4q/best_by_validation_metrics.csv,1026,True,b7675cd055512b8ab8fbfe5ab27260f3e9525c14c79f1b88b445df18ad927717
reports/model_tuning/distress_next_4q/candidate_failures.csv,75,True,5f06452461984433d766e849309831d5c2d2658c0d65c554da44fdae34588665
reports/model_tuning/distress_next_4q/candidate_metrics.csv,31241,True,1c8702d7a5388e243d50a0dacc2a2ac38635d9b1e4c9c721650f0f848955a5cc
reports/model_tuning/distress_next_4q/test_leaderboard_observed_not_selected_on.csv,10571,True,7531947cad7427f54fdd07d96092e2f729a897564a08c27973930723fee0d21c
reports/model_tuning/distress_next_4q/validation_leaderboard.csv,10956,True,a43ea13bb437fef5ad4013a910a36dc65abc611c3413b09b3284fd3e098240f3
reports/model_tuning/failure_pressure_conservative_v2_next_4obs/best_by_validation.json,2030,True,611beed23a8dc3e43033d5e9de6c3e159d62a538ae8023e645d5ed2000d92ef1
reports/model_tuning/failure_pressure_conservative_v2_next_4obs/best_by_validation_metrics.csv,1202,True,4be0bb6077547baef141deb91647813e52b359c13728f648ea6858ea00c9b1a6
reports/model_tuning/failure_pressure_conservative_v2_next_4obs/candidate_failures.csv,75,True,5f06452461984433d766e849309831d5c2d2658c0d65c554da44fdae34588665
reports/model_tuning/failure_pressure_conservative_v2_next_4obs/candidate_metrics.csv,35068,True,5aec344c351b3f56bdc9a506f498847463189f3c52d6273e69509f1609bc96f0
reports/model_tuning/failure_pressure_conservative_v2_next_4obs/test_leaderboard_observed_not_selected_on.csv,11679,True,985178880eff62f0cb7bba043ca3f7c9ec81bb65b1bd3b9233031a7facdf1ebd
reports/model_tuning/failure_pressure_conservative_v2_next_4obs/validation_leaderboard.csv,11925,True,453b8fc33d1d9551982c0656ff7b81ca9ef8152e7f4f40557830552fbc90269e
reports/model_tuning/model_tuning_summary.csv,739,True,cdb92bb195411c2342c881dc3f6328073b8ebaa29dba1c03bb02f8474c0acf57
reports/model_tuning/success_resilience_next_4q/best_by_validation.json,1976,True,3dbd9795747a429f3877e87f9230b8261d4ed4092526c268966bb9954b19b5a6
reports/model_tuning/success_resilience_next_4q/best_by_validation_metrics.csv,1148,True,a8469f55f9fdb23d94a75d811a1044f4db69c841e55146501033beebc8ae78d4
reports/model_tuning/success_resilience_next_4q/candidate_failures.csv,75,True,5f06452461984433d766e849309831d5c2d2658c0d65c554da44fdae34588665
reports/model_tuning/success_resilience_next_4q/candidate_metrics.csv,33602,True,277b9b8697dce79886ddbf6ad9b66bc3e068dce7fad1d8eebd79462224cdabf5
reports/model_tuning/success_resilience_next_4q/test_leaderboard_observed_not_selected_on.csv,11232,True,0408559db812e073dfdc547113c58a4400c97e6ce76ac6de7d1571ae3c6770ca
reports/model_tuning/success_resilience_next_4q/validation_leaderboard.csv,11432,True,7daf67fde634ed737b5112b8ec3057750fb0255490fea0125ac3c0ca66bffd70
reports/model_tuning_advanced/.DS_Store,6148,False,5c93c9b018cbf9f9d50cbaf420ded4355fc8557ed6f068f92c9bc562c82a46ba
reports/model_tuning_advanced/ADVANCED_BOOSTING_PROTOCOL.md,1865,True,9e69cb8efb2731ce068d3f6e64ebce744d51b8f028ab279f5cd7d125cb0750bf
reports/model_tuning_advanced/advanced_boosting_summary.csv,698,True,a5ef876c35513625585e304ceda63aa13299724cda1898911486c9429d6283cd
reports/model_tuning_advanced/advanced_vs_existing_comparison.csv,1261,True,d73f8248f3ca2074a7640aa4826c13723be6be02409e8be5023778490695551f
reports/model_tuning_advanced/all_candidate_metrics.csv,89901,True,77e4c54b36384081b7eaa2505e717410d8163d2025cafd320fed068445084bc9
reports/model_tuning_advanced/candidate_grid.csv,5316,True,354cfbd47497fc2b0e93c2d58c61161ef88898c0c45b07c5e22013976b7736a0
reports/model_tuning_advanced/distress_next_4q/best_by_validation.json,2145,True,da0a5b7d94553dc562036e9fd4bdbc58d23a9db5c7b68c787a1ad3c7fa2c98ce
reports/model_tuning_advanced/distress_next_4q/best_by_validation_metrics.csv,1315,True,53bec07398d30beb8d40e2c62b1ca715cca816b9eb92438b2aab442cb1333bf2
reports/model_tuning_advanced/distress_next_4q/candidate_failures.csv,75,True,5f06452461984433d766e849309831d5c2d2658c0d65c554da44fdae34588665
reports/model_tuning_advanced/distress_next_4q/candidate_metrics.csv,28563,True,5f91a57c0b71e8dd75618922489a5facbfd92bc35196af1367d5001caac37b29
reports/model_tuning_advanced/distress_next_4q/test_leaderboard_observed_not_selected_on.csv,9785,True,8b5a364b90bd77e8bfde5f6bae4abbc505c58448789d92e51fb828b2d5ab663d
reports/model_tuning_advanced/distress_next_4q/validation_leaderboard.csv,10001,True,5b20760d03e61fc7f988383c9d2ca674d12b34cab8ed108a189fc8000ccccd77
reports/model_tuning_advanced/failure_pressure_conservative_v2_next_4obs/best_by_validation.json,2246,True,9e6013a194fed096472052551e0937d5d82c2f95916f78d23c8bc0fff9e62d0c
reports/model_tuning_advanced/failure_pressure_conservative_v2_next_4obs/best_by_validation_metrics.csv,1416,True,ba589029e7a5762a25320c969ef52e02cbaa8b3caad4fbdf114ab29368476bef
reports/model_tuning_advanced/failure_pressure_conservative_v2_next_4obs/candidate_failures.csv,75,True,5f06452461984433d766e849309831d5c2d2658c0d65c554da44fdae34588665
reports/model_tuning_advanced/failure_pressure_conservative_v2_next_4obs/candidate_metrics.csv,31198,True,17e89fba76bcae3f3a1f46e19ff43b74a4837adef2752f2b6d6031ad95a5836c
reports/model_tuning_advanced/failure_pressure_conservative_v2_next_4obs/test_leaderboard_observed_not_selected_on.csv,10489,True,4fb6b4222edda4b0c6c183fd3e96db06ada76bd459cf780036ce8fe200611f55
reports/model_tuning_advanced/failure_pressure_conservative_v2_next_4obs/validation_leaderboard.csv,10632,True,d75378076eefb796846dd59f9aa2d97fffad533583d820e22eb0595b6ed5c120
reports/model_tuning_advanced/success_resilience_next_4q/best_by_validation.json,2239,True,84ff1e5f1f54e677e6850e1c479a5646caaaec318901ef40ce4ba75f7a94bb43
reports/model_tuning_advanced/success_resilience_next_4q/best_by_validation_metrics.csv,1409,True,4b266de2b9c852e2f14c7b502f00e08b503834787b2f7a6ccb6628e92881b6f8
reports/model_tuning_advanced/success_resilience_next_4q/candidate_failures.csv,75,True,5f06452461984433d766e849309831d5c2d2658c0d65c554da44fdae34588665
reports/model_tuning_advanced/success_resilience_next_4q/candidate_metrics.csv,30440,True,ac83296aa58cdc569aac6ece4afd34d9fde44399ddba1a8973cd9b1ece03df61
reports/model_tuning_advanced/success_resilience_next_4q/test_leaderboard_observed_not_selected_on.csv,10187,True,591db761c01d21553a800774360e8d8ab13f94bb42f1cc832a12fe1e447a1ae7
reports/model_tuning_advanced/success_resilience_next_4q/validation_leaderboard.csv,10332,True,62e2676de45597817d7c2f86bd31c989a79debb4c26639f81e9278fb693341ef
reports/modeling/calibration_metrics.csv,19275,True,974ae747df70d7bc78a06747fdb55a6759bc3d5d47700ef02fc7113f560e431e
reports/modeling/calibration_model_selection.csv,13072,True,35adfee9bed058c99af67536e7d61d0b0ce123fcbc1ce3ecedd75d7a389acd97
reports/modeling/calibration_selected_models.json,2532,True,9e2b75ab0e27d59f7d7c500273a3e70d1d785f334bf036dfdca6689e3d9d266f
reports/modeling/distress_missing_indicator_ablation.csv,3645,True,9eae4da3371e1e9fe39f8d1b2f430da8be81460e89d42a570338661c45f8e169
reports/modeling/final_feature_group_contribution_table.csv,3878,True,1722d47c2add3972b59c697697b2230ff2bd07ee7ada50ef2b68062e5587fafd
reports/modeling/final_model_feature_interpretation_table.csv,59250,True,5365a7741283e92209cc93ea08c3dbd18369df9cf2e50145caa035d59701efdf
reports/modeling/market_health_by_year_regime_sector.csv,49683,True,99333dc1622dadeea49296852491884c032dec7ada192c852b52383c3b962f7e
reports/modeling/market_health_index_by_prediction_date.csv,609587,True,467c8f0fd3321df2bac7b18bf415f9961b1a1eb070842e15aae055b8241b8456
reports/modeling/model_interpretation_stability_summary.csv,2831,True,ea84bda41bab02bb61f3bb3adb8517cd445bf7795dfe6818379d61a6f038189c
reports/modeling/model_interpretation_top_groups_by_target_model.csv,4259,True,51c65a7a145e9bed32ee26ffc3f148b6a56921cbaee16f93288db607a39d095f
reports/modeling/panel_v2_ablation_metrics.csv,1343,True,388158826957659872985a467b748f500c37f0a5b983ced7df4a43d3c6bc2ad5
reports/modeling/panel_v2_best_model.json,310,True,5e3831fd54cafbab6607a8b07c8b7b7e50edd0588fc9f59371d7a8cc7c70d1f8
reports/modeling/panel_v2_cohort_summary.csv,502,True,117b8f42c92d9fad97c7a187d2d05691906378f6c80543dc47aed2c30ac5f82f
reports/modeling/panel_v2_distress_next_4q_best_model.json,310,True,5e3831fd54cafbab6607a8b07c8b7b7e50edd0588fc9f59371d7a8cc7c70d1f8
reports/modeling/panel_v2_distress_next_4q_feature_importance.csv,5146,True,45eb5418277e4aa394905200f1264c569bcc275bc9bbe7f4d2178f1ef80df11b
reports/modeling/panel_v2_distress_next_4q_model_metrics.csv,1423,True,39cb291f3ca1b57b26ef7903a425338aa7fad71bc07558925adcb49d06f9969f
reports/modeling/panel_v2_distress_next_4q_temporal_split_summary.csv,68,True,b122c1be25996ccf09ce6af497a91a990de83b2c2b4e93c1a6f29c71fd7cf2be
reports/modeling/panel_v2_failure_pressure_conservative_v2_next_4obs_best_model.json,334,True,dedc213149d7829548cbe76650bc27a9e657705cffef06c9ae8d42b53f9348a5
reports/modeling/panel_v2_failure_pressure_conservative_v2_next_4obs_feature_importance.csv,5330,True,bf9f02b72db5ed2aba8fe09617f26e4edd1f391cff84bfad0ff25a15221aab70
reports/modeling/panel_v2_failure_pressure_conservative_v2_next_4obs_model_metrics.csv,1523,True,722466704fceb3b82cc32629a970a6ed2b5e38f8a31e527b63e8da73b61c3d7f
reports/modeling/panel_v2_failure_pressure_conservative_v2_next_4obs_temporal_split_summary.csv,72,True,72801911ba3c9bfa171b46807b8ea811c5038d70264a798e6246b2960394dc10
reports/modeling/panel_v2_feature_contribution_economic_groups.csv,4423,True,3aac40a8d1ab84a807f534976195187c92817b5df5b9e776f4195930c7c6eca0
reports/modeling/panel_v2_feature_contribution_groups.csv,3878,True,1722d47c2add3972b59c697697b2230ff2bd07ee7ada50ef2b68062e5587fafd
reports/modeling/panel_v2_feature_contribution_long.csv,59250,True,5365a7741283e92209cc93ea08c3dbd18369df9cf2e50145caa035d59701efdf
reports/modeling/panel_v2_feature_importance.csv,5146,True,45eb5418277e4aa394905200f1264c569bcc275bc9bbe7f4d2178f1ef80df11b
reports/modeling/panel_v2_global_event_sector_summary.csv,20170,True,64a4532a1b382a37918f87c833a9aac4b56368fa797305419f34d710be4c9b15
reports/modeling/panel_v2_industry_relative_resilience_next_4obs_best_model.json,339,True,bde746e64628cb848732b4332ec10f1d71390bb11c65c32f51ff5671a1523cb8
reports/modeling/panel_v2_industry_relative_resilience_next_4obs_feature_importance.csv,5327,True,cb786ccfc647179f8b7e1ce0b8ef3445225165fc6ae03e4bde024431a3ded02a
reports/modeling/panel_v2_industry_relative_resilience_next_4obs_model_metrics.csv,1561,True,217f20fcc87f89dd7686149153f3a9f647e4fa312e2c2bf6cf47c41dde28ec8d
reports/modeling/panel_v2_industry_relative_resilience_next_4obs_temporal_split_summary.csv,74,True,19e6516c73bcc3b99dd83d9cfdb91f71756a6554582bfc144f8e7dc68f86adf5
reports/modeling/panel_v2_industry_summary.csv,1395,True,e4ae2d0c8f1063c84b8f77bc3f583554df0edbbac753955c040dd3c540268c27
reports/modeling/panel_v2_model_metrics.csv,1423,True,39cb291f3ca1b57b26ef7903a425338aa7fad71bc07558925adcb49d06f9969f
reports/modeling/panel_v2_quality_success_cashflow_next_4obs_best_model.json,339,True,d8afb0c3008ff6f02ff6ac76185c0ad770a49fbbd81ff0d0e4f6b903756853e3
reports/modeling/panel_v2_quality_success_cashflow_next_4obs_feature_importance.csv,5253,True,659906559c71f96c7468044a2937e71954d8a965e58d32be59ee65e1a9a3ea37
reports/modeling/panel_v2_quality_success_cashflow_next_4obs_model_metrics.csv,1552,True,1d655fdae35b9cc363d639ee0853debc256ae8051a5b34cd096b736e125043d1
reports/modeling/panel_v2_quality_success_cashflow_next_4obs_temporal_split_summary.csv,73,True,464dfc67575fb7c277c08530895022c527bd1a062d3ba8f16b839573b2633122
reports/modeling/panel_v2_recovery_next_4obs_best_model.json,334,True,1bca28e224ad1b76638326aaa5ef9ea92e03e5f84809a235bbe4ab15928a0cc7
reports/modeling/panel_v2_recovery_next_4obs_feature_importance.csv,5380,True,90f09e36b257839b25ce1963082dbebb3f43b4f1588c02836c5fbd2eafab859e
reports/modeling/panel_v2_recovery_next_4obs_model_metrics.csv,1554,True,1a888bb2979256bbda839eda46588c52c6c23f4d53718e222f7b0d45ac568c76
reports/modeling/panel_v2_recovery_next_4obs_temporal_split_summary.csv,73,True,b111e2f62c65d514848536105a8f6674ce4196e2e880ca3f71ab9ef34a96d7af
reports/modeling/panel_v2_regime_summary.csv,1307,True,6cb400a3d4dbf44a3a51e0475c1cca40b53c09f3a241230f1306cc7cef34fcf6
reports/modeling/panel_v2_stress_resilience_next_4obs_best_model.json,331,True,84560827efc320a46cea90a9690a8b6fd10c5fc83b54fbe1a6111e89e91c2571
reports/modeling/panel_v2_stress_resilience_next_4obs_feature_importance.csv,5355,True,fb76aba3332da506bee39f8df1e5262cb7984b0a2935d77917cab20e1705faf9
reports/modeling/panel_v2_stress_resilience_next_4obs_model_metrics.csv,1520,True,b79401e35696e3ccfa2f8ad1f945f4b58578fe1ee1b334ecc323346a56e4e8d5
reports/modeling/panel_v2_stress_resilience_next_4obs_temporal_split_summary.csv,71,True,7e3c1dce2a325071d001031c754f49952f17290ccfa89db962c538d69e833944
reports/modeling/panel_v2_success_resilience_next_4q_best_model.json,334,True,ee4e9daf1c31df62001f7f65d03f8dc849605100b3645cf2c6b60331e53e42a4
reports/modeling/panel_v2_success_resilience_next_4q_feature_importance.csv,5320,True,3b72c80cc3fe0f491bc416303d7eb5b9e69b078b9b74bac320968f53f52a0bd3
reports/modeling/panel_v2_success_resilience_next_4q_model_metrics.csv,1562,True,21c8518b6e1571d8cfa9e1fc31290c5379351e6dd1d21dd901103e27fe84757f
reports/modeling/panel_v2_success_resilience_next_4q_temporal_split_summary.csv,74,True,30f725f1ab8519a049484aaf6d5d45c9604483789e5d06428f4530d671ae31cb
reports/modeling/panel_v2_target_by_cohort.csv,6584,True,442447a78d978e858af5836c43ed178633c0130278589244a9dd4d5edd5d1874
reports/modeling/panel_v2_target_by_sector.csv,16189,True,71996370080185971441aab3ab7979e004015634881a84b7bbf5342fcc746288
reports/modeling/panel_v2_target_by_split.csv,3834,True,57097a484a118d6a5cfb035f518da739b3599b3525f831033f4debaf8e64e02d
reports/modeling/panel_v2_target_overall.csv,1278,True,1fa3fa19035de6a536516d880584013e048dba0290cf9f49cd21f9887d4f8307
reports/modeling/panel_v2_temporal_split_summary.csv,68,True,b122c1be25996ccf09ce6af497a91a990de83b2c2b4e93c1a6f29c71fd7cf2be
reports/modeling/panel_v2_yearly_summary.csv,1517,True,bf9a9d41ef327d6b9a7fd311afb7395d476774761a8e34853ed3b0c6e4a86080
reports/modeling/post_rebuild_best_model_by_metric_20260508.csv,1654,True,4f903c95c58e9d3c358aadddafab6bee9e622835405a38e395144c8fbe411eff
reports/modeling/post_rebuild_model_summary_20260508.csv,3709,True,011132397c77488e7d8e3c747135962835503ae66bbdaa0d379c941f3b9659ca
reports/modeling/success_missing_indicator_ablation.csv,3886,True,a8a6409b0251c0f872b3429ad422bbe9fc9503542b7bc87001fba6232d67cd44
reports/modeling/success_permutation_importance.csv,9520,True,811582209c94738c91246b219e0804143b905447f75c6d93e7d118f334a0f8ee
reports/modeling/threshold_ranking_metrics.csv,41960,True,91f12006b868ba115be338e9c573641f10c691d362f4470e74f0456d3008d9d5
reports/pre_expansion_20260505/universe_v2_pre_expansion_20260505.csv,83366,True,eb1a942d2941355ddcc2b15a1b1c0bca7b5573dbeabd226ef149bbfdc83c5861
reports/project_audit/FULL_MANUAL_LOGIC_UI_BACKEND_AUDIT_20260508.md,14208,True,f3e85d599ac336a88983124b594ca0184a6391a3bf049d9bfd403eb0afae35f7
reports/project_audit/FULL_PROJECT_REVIEW_20260506.md,9825,True,2844dcfd0290f834a80be973290652270d7f47e9d625244b9e9a220e56fd6eeb
reports/project_audit/REVIEW_OF_FULL_PROJECT_REVIEW_20260506.md,4226,True,f30a1337db69acb2829698f33eacfa623012343b603561641ad55805099103de
reports/project_audit/audit_summary_metrics.csv,1274,True,b930613fbe200a44c3b81a879729e985b6b936890cb0867760079b1666a74adb
reports/project_audit/clean_venv_smoke_test_results.csv,425,True,166f310373f4f3cf1c7d6ddc2bc576c6652846cd6ef107b14189e4b31225bf60
reports/project_audit/core_panel_audit.csv,1194,True,cdcf79aa1d93c07a148e28a3a2e6286be0298e125d2f370bc6d3ade4e10cff70
reports/project_audit/core_vs_github_panel_final_equality.csv,241,True,d62f718274e159fd9f577e4a7d73600fbef889d9e8c2eaed4e740183b6705c88
reports/project_audit/csv_quick_audit.csv,126083,True,942780d8f0acd27c69a94bbf7510d455ea4dd04e05687674214638d40376b6c5
reports/project_audit/dashboard_screenshot_capture.csv,942,True,368c95d88f8a1c904c92b2eb2817df843790cf6282831befe5d964c527ef8d58
reports/project_audit/dependency_import_audit.csv,303,True,7f80d7246cf9ba54960769f94c7f94f21016c24e24073f5749f82c2b2952dd2b
reports/project_audit/doc_reference_audit.csv,24,True,cebaa68c77e44c70f8b17a1077e3a3e6915b9876e980d571c013ba4bbe66498a
reports/project_audit/doc_reference_audit_clean.csv,25,True,277f984b6c222388ca495139eb94e06d6ecf9ab548d3558885b2f4e037c1b4de
reports/project_audit/doc_reference_todo.md,100,True,8f3c5313827c107fb14e50690a029bbc311d5cf3b497c3ef2fbc80d8f369d9d9
reports/project_audit/feature_blacklist_audit.csv,830,True,04d9d86b19727928002257401d745e945340db3426f6bbcb890b9ad1e49e228f
reports/project_audit/file_inventory.csv,312862,True,2e60ae3c6d439a0e490f85173fcd243dbefe418317b7a0a27fd93be01d333c1b
reports/project_audit/final_package_manifest.csv,421027,True,7c7de68908e8499551fa7e5d985b0e8b865e5976523b06219710f09e763594bb
reports/project_audit/final_polish_caveat_package_summary.csv,482,True,303239536409f03b37e7c86516c421ae60bc5284dbf04bd7042a9bfe288aca22
reports/project_audit/json_notebook_audit.csv,2713,True,8fa2f1d0daf92002bfc065b6ae641739a2013e315ca8dc974a943b0832ba8cce
reports/project_audit/manual_dashboard_rendered_audit_20260508.csv,1703,True,02e1e6a9f151c02218795201fcb442f9c4be2dbe5748e50a139fcef502d6be01
reports/project_audit/manual_dashboard_static_audit_20260508.csv,628,True,8e632abd613aa90067df3fe8b2acdd7755524fb0e7df290cac56f5c9c665d181
reports/project_audit/manual_formula_ratio_mismatch_detail_20260508.csv,14538,True,231a72c584b6e0cfac244dfae8191f14db919d5ed5b58cc428a6a724c2d9515e
reports/project_audit/manual_formula_recompute_audit_20260508.csv,1718,True,268a895627ccf09d97fc6ee1c533c181f972b791c397c7e9977ebeb8ef778d71
reports/project_audit/manual_model_logic_audit_20260508.csv,1728,True,cad31f5ee6a79572f43ffaa98aef73076e923f11549de6da5b4bfc660b7d97c6
reports/project_audit/manual_panel_row_audit_sample_20260508.csv,185355,True,0b1321c9dba4021a9a40ecc4a3d6bf2e5cbe8b38c9f15caa33a970a88754d4b2
reports/project_audit/manual_panel_row_audit_sample_summary_20260508.csv,621,True,186d8ccccbedb6c63ea2619670f6ad8b4325966b35133078cb43e09ba955cb29
reports/project_audit/manual_target_mismatch_detail_20260508.csv,429,True,4fd73c98b07ce350093519e5f8df76dc6623ac8005a10e8095d35c286aa71e38
reports/project_audit/manual_target_recompute_audit_20260508.csv,200,True,7ff8104e7fb7d4e3ce0b2987cb4198c063a2e5ebfdc9170a89627807b2b5e63e
reports/project_audit/model_output_consistency_audit.csv,675,True,0d4bc825f97ab3ec87fd045c6ccf2078c602d0ac081c9fb0a9f436b38da9f61e
reports/project_audit/package_smoke_test_report.md,812,True,2c11bb4f90195d27a114a7dc396ae54b056e5fcb186a0fb03df55d232a13388a
reports/project_audit/package_smoke_test_results.csv,575,True,fbb07e80ea2b82bb0cdeb875c3419e04daf7a49153111fa542faa08bb0557bf2
reports/project_audit/parquet_audit.csv,98240,True,70b5744696a3d55eeb0a78c4699107a5b2092a6a1c8522062ec9aa3000eceb64
reports/project_audit/pre_qa_model_snapshot.csv,1036,True,2a7abaa86f29deb72fc3932723d50f36e0b666d6f96f2821bf5bc6920d19d3ca
reports/project_audit/pre_qa_snapshot_manifest.csv,1822,True,6fa9615b3dde625a68ec51faa5633ecc51f6577dedfafd31684a4cdf687a7ae6
reports/project_audit/pre_qa_snapshot_manifest.md,837,True,b4d6acdeb88060174f3acc9537160be0fa0c1810dccfadfe6fde589dd456c1a0
reports/project_audit/python_compile_audit.csv,3408,True,de33077eebb6022dabec9603f74de9732e16747a2fd0451b9c1637f72f7565c8
reports/project_audit/required_config_audit.csv,294,True,ec81f7e8e066434274f7282fcfe2113a56fa1e617b5200d89beba7faf39c2dcd
reports/project_audit/scientific_validity_summary.csv,962,True,13a014bf2bd4a8b46834faa8c752ef7b72fd370647341ef04ec4bd80ec5b4cf4
reports/project_audit/zip_quick_audit.csv,3972,True,5b1542a7b11bb85c4d5b00706b35f26b849b9a2702e2fd582c6ca099bdcc5375
reports/reproducibility/freeze_manifest_20260507.csv,8787,True,7c1fab40395dd93222cada09738264e7b5385392eeffc8e46985c53d616cd53e
reports/reproducibility/github_release_file_list_20260507.csv,7988,True,76729961b16dbc91da6a2c07eb963b43164db7d2470e3c20c44237a05523da0c
reports/target_experiments/.DS_Store,8196,False,d6e96ff626e19f642040e47e01962720e41c59c1fc8cdec40cf5cdcd50b0f7fb
reports/target_experiments/README.md,1974,True,38757a7b7085ecd229cd94d6726a9d876c73b3af55abe0378a1f2cb4cacc32b5
reports/target_experiments/all_broader_target_model_metrics.csv,41468,True,8a8cb99589a54c8ab0a396d19bf1d28b7ba2a3a1ec74406e0db57366b6999f77
reports/target_experiments/experiment_comparison.csv,5574,True,6d17b32c5f7c2dc5a46fb413c82781ffa1531e9f71479d5cebb0beadc5fe69c1
reports/target_experiments/experiment_feature_list.csv,3254,True,dee614b4871ff6b1bdcfd24b47a3cb461fb3199030047f6b81c6b9a22fbc8759
reports/target_experiments/test_broader_targets1/experiment_config.json,422,True,f8237149c31cc23fdfd6d150a9abd8c9837468e33d3aa4abae665c793b157725
reports/target_experiments/test_broader_targets1/failure_pressure_loose_next_4obs_best_precision_recall.png,58116,True,23fb88635760a2730effeb4c1b38a7437863f939bcb124478ab1a75c188068a8
reports/target_experiments/test_broader_targets1/failure_pressure_loose_next_4obs_best_roc.png,70288,True,8b4c3726edf244f1c58e5ce88e4fb6143b1d9fcfad21319bda21b81ab5d92c10
reports/target_experiments/test_broader_targets1/failure_pressure_loose_next_4obs_best_test_predictions.csv,257065,True,8969c5a7e114a94151f9fd343390f648e68a078180e30db8874c35432e7ffccc
reports/target_experiments/test_broader_targets1/feature_importance.csv,50544,True,654c586dc60725060feb4ff884d8956730d346ea9bfad01ebfbf1ac5077d7c1b
reports/target_experiments/test_broader_targets1/inconsistency_audit.csv,675,True,791ef8439180fde94bcd04256b979ef2477c488ff68e33c7c9320eabc3acc0a0
reports/target_experiments/test_broader_targets1/model_metrics.csv,10332,True,4aded5f314b86a70e3d954cfd420fa2744900e27563bd6b80684843698ab354b
reports/target_experiments/test_broader_targets1/run_log.md,2889,True,a379e9dab879b8dcfc030988c30b897bcb037721edfe21e8a1b333c5b0cd6de1
reports/target_experiments/test_broader_targets1/success_composite_loose_next_4obs_best_precision_recall.png,55895,True,cc505650fc1b3f3a50406d5fe263bf4193fd8a9f36a775ba2a138e8d1056ed02
reports/target_experiments/test_broader_targets1/success_composite_loose_next_4obs_best_roc.png,71399,True,fc61ed046aaa38e514c3157261b3ef729dbfcd9ede9e3499d55b44cedc7bae04
reports/target_experiments/test_broader_targets1/success_composite_loose_next_4obs_best_test_predictions.csv,253527,True,077e2be4b420ee78e2566fc4262447da8810ebc64807bf482c7a6a3e777afbc5
reports/target_experiments/test_broader_targets1/target_balance_by_split.png,91150,True,8167e5e27659507b0db5b77b40b3e51bacc02167fe72e775bc694431980c89ad
reports/target_experiments/test_broader_targets1/target_overlap.csv,161,True,8cbf7bfaf12b7c6115b3ec0fea00b45922feaa05f2bd0d8dda9ce6634294a059
reports/target_experiments/test_broader_targets1/target_profile.csv,759,True,19d16b66aca2d0c0dbb0ea98f7493dc8fee6771f7bb73c3aa5efe136bcc333ab
reports/target_experiments/test_broader_targets1/test_f1_mean_comparison.png,89190,True,570ffb82eb6d8461dc81b90012a590bc998a6e22f7c7ead964b642f7faf4ee8f
reports/target_experiments/test_broader_targets1/test_metric_summary.csv,1031,True,dff05d71153817b7e169a7af4ab3c79ae90e64910a0585e70a9a4ea6abadee00
reports/target_experiments/test_broader_targets1/test_pr_auc_mean_comparison.png,91704,True,656a3c84f7a17fc4c68e7c33f6f30fb1070798f7830085dd96ccb085ed7abc4d
reports/target_experiments/test_broader_targets1/test_recall_mean_comparison.png,91130,True,79536d4b7a9f65d8f7d7791caa13cccfee5ed3c2595e2182fff69732d159aa21
reports/target_experiments/test_broader_targets2/experiment_config.json,465,True,3c7e15c2491c5203978eef62fef65646a86875b9cbaec86e61fb006cfbc8d1cc
reports/target_experiments/test_broader_targets2/failure_pressure_balanced_next_4obs_best_precision_recall.png,65462,True,489cf41ba56407ddf515f2dc38fb5666bfc520ae985634629f3fe6ef0d8b6065
reports/target_experiments/test_broader_targets2/failure_pressure_balanced_next_4obs_best_roc.png,79768,True,404676370647338e682b21c7ff229170e511f4c9b1d3cd347e0f20f305901b5d
reports/target_experiments/test_broader_targets2/failure_pressure_balanced_next_4obs_best_test_predictions.csv,257106,True,209df69358f4a9b1ddb0d9edddcf18058d88b7207ec4f2a5d734072f12548c7b
reports/target_experiments/test_broader_targets2/feature_importance.csv,51571,True,5a7c259f3a1fe0a03d1ace8880936221318262b996ab249029f5161f9064e107
reports/target_experiments/test_broader_targets2/inconsistency_audit.csv,675,True,791ef8439180fde94bcd04256b979ef2477c488ff68e33c7c9320eabc3acc0a0
reports/target_experiments/test_broader_targets2/model_metrics.csv,10418,True,a12d9fc21fe276d4484bee3a008d7e0e680645883253f6084a5170bcf58cb35b
reports/target_experiments/test_broader_targets2/run_log.md,2960,True,dbbc1daa2186122726fcef3c9a495b9a2eb430c1ecd94200e0b744d9678ef16d
reports/target_experiments/test_broader_targets2/success_composite_balanced_next_4obs_best_precision_recall.png,59191,True,318a4f2bce7e54b77d3f3e1f55309bab663def72527c1ffbb6e2dbdcbbb13fee
reports/target_experiments/test_broader_targets2/success_composite_balanced_next_4obs_best_roc.png,72264,True,1d0102486efcfc0abaf137a798ea5c72be1f6422b448c936c86c66c0f7931d6c
reports/target_experiments/test_broader_targets2/success_composite_balanced_next_4obs_best_test_predictions.csv,253705,True,6d0a58eee7cd1a19ce5e666b315f8348d0e6ece937e3c2000e955a0d7020d722
reports/target_experiments/test_broader_targets2/target_balance_by_split.png,94564,True,5596290f332529db3f8f6bce858b91c3ee00236b0418c8e278f9f73af48afd4f
reports/target_experiments/test_broader_targets2/target_overlap.csv,160,True,34f2fd7e9566cdea8cb8e60713f737280cd08e254f2e121e3da900514c5422d2
reports/target_experiments/test_broader_targets2/target_profile.csv,781,True,674838157f3380fccadaa059051698eeeb35b626fe5b164d5d55a10b1ecf7d05
reports/target_experiments/test_broader_targets2/test_f1_mean_comparison.png,92784,True,c5c6d706c08a443464654993c0a23efedae3d2652675337d42c426aed2a9c058
reports/target_experiments/test_broader_targets2/test_metric_summary.csv,1053,True,f9bc9eb04dcedc9cc1aedc312051602422ba7476695e2a074b60192085c464ee
reports/target_experiments/test_broader_targets2/test_pr_auc_mean_comparison.png,94983,True,efff0ca4d82cb6b481dfdedb9beefe143004174b4746938d2b0bd168fbd9d887
reports/target_experiments/test_broader_targets2/test_recall_mean_comparison.png,94646,True,53ddf7c617bb34397a59d4f4cc39a323d3354334f251c67f3920d6f0c3508be6
reports/target_experiments/test_broader_targets3/experiment_config.json,468,True,ed3e0eb37565ddb95fc77e561b204b91b08cc02945bcb2cd7ffb33a560c9894c
reports/target_experiments/test_broader_targets3/failure_pressure_sector_relative_next_4obs_best_precision_recall.png,63899,True,e3058f101d0b22831f00f3dc894549b49d1dadd68d1a60e2c4e9c91fd847a4f9
reports/target_experiments/test_broader_targets3/failure_pressure_sector_relative_next_4obs_best_roc.png,80056,True,f1500cc1660308ad1e13e182b66950343fe0de6e2351149f85ee8f81f4d6290a
reports/target_experiments/test_broader_targets3/failure_pressure_sector_relative_next_4obs_best_test_predictions.csv,257157,True,169e6980c4017c1482d5bac5d9cf6f89eda0b2867ea6c3c58c0e7edd8e352231
reports/target_experiments/test_broader_targets3/feature_importance.csv,54453,True,c8daa43b4340fd3d76c44a23ba6a503041fb9462d6d4925979acc720e1ff32bd
reports/target_experiments/test_broader_targets3/inconsistency_audit.csv,675,True,791ef8439180fde94bcd04256b979ef2477c488ff68e33c7c9320eabc3acc0a0
reports/target_experiments/test_broader_targets3/model_metrics.csv,10690,True,a4ce391a16ffacbf5fc20e666d128176918a97453c35396a6388db955a2d167c
reports/target_experiments/test_broader_targets3/run_log.md,3035,True,f8f732554165ad89730cb5d3a34bd79b303cca666abf495919aa2d812779ab15
reports/target_experiments/test_broader_targets3/success_composite_sector_relative_next_4obs_best_precision_recall.png,62562,True,107bad84702a23f3737cbf363378c7c3cc65cf83219655cde34dbc3e001c1e41
reports/target_experiments/test_broader_targets3/success_composite_sector_relative_next_4obs_best_roc.png,73647,True,9b680cc53579604951af77b0e987a00e56e30fb62e5ff728abba35473ec91bce
reports/target_experiments/test_broader_targets3/success_composite_sector_relative_next_4obs_best_test_predictions.csv,254799,True,17b4131d46885e5ecd86d483b1257ee6f9d40b27fb5f1e2fc0d4f0882833f672
reports/target_experiments/test_broader_targets3/target_balance_by_split.png,97877,True,cfd78fccd8b1d5548bde0ef0855ce4acef5bca3a7f4ba3854a0812c714b27022
reports/target_experiments/test_broader_targets3/target_overlap.csv,160,True,deb5c299088c786aeeac6d4ea81f78dd4a79ebc06206cba2ec727899020c448f
reports/target_experiments/test_broader_targets3/target_profile.csv,837,True,afd7da2cadd68e80c8af8776fb72b62526ed2d17587beb8b6bee6a8dad4100ec
reports/target_experiments/test_broader_targets3/test_f1_mean_comparison.png,98879,True,a9ce13e659cb3b948147a9dafc91a7502e0bf25f0bf5b32edba094cd111373fb
reports/target_experiments/test_broader_targets3/test_metric_summary.csv,1089,True,1bbea68ddd741dd073c1961ddc60808429da2cf351c08fa604ead0108e197a1c
reports/target_experiments/test_broader_targets3/test_pr_auc_mean_comparison.png,101689,True,1fc66d9a614f50eb53f0879f115c53ee57e7dfd07d4d1e678c0b81d68c1f4709
reports/target_experiments/test_broader_targets3/test_recall_mean_comparison.png,99941,True,297e328221e66e6486cf5fa37320449055395428002a2ff9e34860dfa6966d23
reports/target_experiments/test_broader_targets4/experiment_config.json,456,True,c6c6ede797b91ae0840de11177b4ee828771cde3e3ba6096fd26faedf5659cd7
reports/target_experiments/test_broader_targets4/failure_pressure_conservative_next_4obs_best_precision_recall.png,61800,True,392789cb9606d9bd41d76af143d3d717232c81f08e6e967f93c38bc02c811f09
reports/target_experiments/test_broader_targets4/failure_pressure_conservative_next_4obs_best_roc.png,73375,True,9bfdfc6abc33fd21f58a8860e9c6de3570608620ad4a377e0523a377e348f1a5
reports/target_experiments/test_broader_targets4/failure_pressure_conservative_next_4obs_best_test_predictions.csv,258669,True,b9d28247c9e15825bffeea6cb62d4f8ae5a04f36c45ef67eabdcdfaf2634ba80
reports/target_experiments/test_broader_targets4/feature_importance.csv,52177,True,1a5305baf707a38936e9f899a53433449838186540fa7d39578f00fd7f64cd04
reports/target_experiments/test_broader_targets4/inconsistency_audit.csv,675,True,791ef8439180fde94bcd04256b979ef2477c488ff68e33c7c9320eabc3acc0a0
reports/target_experiments/test_broader_targets4/model_metrics.csv,10394,True,8672d83c90a9107590ea6672de029234001886888beddcfc58cfe2fa10cda6d9
reports/target_experiments/test_broader_targets4/run_log.md,2962,True,4b15a86ac8cabc98f0a78e351098032d8bb394ab9ef9307a090719e57c0b413e
reports/target_experiments/test_broader_targets4/success_composite_strict_next_4obs_best_precision_recall.png,61435,True,b0de5aab700e8282b4f993566768cdf7f39731969072cd04c74ace353cdfc609
reports/target_experiments/test_broader_targets4/success_composite_strict_next_4obs_best_roc.png,75488,True,2c258a0c4046c417d5a2c658a2bb43cb5304b3fbcea99256526712ed3185e45b
reports/target_experiments/test_broader_targets4/success_composite_strict_next_4obs_best_test_predictions.csv,255228,True,bd1a420728c88e655a6843abf02f0cee3c22f44404ee3886d4a338e213450d84
reports/target_experiments/test_broader_targets4/target_balance_by_split.png,94839,True,6166fd174f17bb37067a258e53b939395d847cd7ccb8ddd5f139f98d4a8cbe5a
reports/target_experiments/test_broader_targets4/target_overlap.csv,160,True,73e2cc8752d8f61a8f957ab49ed0513a6c3140297a1eb8fa767e019bbaeb0de0
reports/target_experiments/test_broader_targets4/target_profile.csv,789,True,8833fefc57e66de82705d89aa8bfbc68474dca84a6c744fcf3e40d24902f40bb
reports/target_experiments/test_broader_targets4/test_f1_mean_comparison.png,95130,True,3dd8f98eca70350efe822c37342f993616a6f93890eff54a810c15ccdd48bd07
reports/target_experiments/test_broader_targets4/test_metric_summary.csv,1037,True,490ccb5f19e9b57dfa2f2fa011e515bd189a9c71bdd0a3d671493b4ca0dc016f
reports/target_experiments/test_broader_targets4/test_pr_auc_mean_comparison.png,97520,True,d23ea7b70ca4fa686534795e64e30d1e493e34d4140225344f7eb78a0262c31f
reports/target_experiments/test_broader_targets4/test_recall_mean_comparison.png,95742,True,32ed10e53e0dad9184c779ab6d0fa0f7cf9336d5c9c5ff08df137ad95bb5b7bb
reports/target_lab/exploratory_feature_direction_effects.csv,168376,True,83b2f7bafc1799461b93115abb2aa1d6752751ad40a8c978110429f70c7f6d55
reports/target_lab/exploratory_feature_group_importance.csv,19630,True,a72323f375e5eea07a1e4085be9f571b5220c7e593f9bd4e555b2dbce8dec474
reports/target_lab/exploratory_feature_level_importance.csv,303318,True,87e3c98bab1ea83c47e8e8950b45e2ca3089cea459ee5cfb83536ff114e230ec
reports/target_lab/exploratory_model_metrics.csv,13564,True,19e1d1eff4861c7d9f23911f592c51e1b11848212552ba3573bd35a7a5338709
reports/target_lab/exploratory_permutation_importance.csv,260220,True,cd8f2c0194a1a7fe0a81b9ef41a9818c075d26efbccf76a7d2693bcb4e1ca3a2
reports/target_lab/exploratory_reason_code_summary.csv,28722,True,ec2938e07bc7cfca96df9eb28d93173302f0e3b6c5d3b50d7999cae4d290db9b
reports/target_lab/exploratory_target_by_year_sector.csv,106552,True,444f470a966e65a048baead558d660fadc692268e9cdcc44da92d9a41f98c9b8
reports/target_lab/exploratory_target_lab_summary.md,8430,True,51397f1e46ce306261bd35f28177ec633a4c45b7919244849aa40100787057b4
reports/target_lab/exploratory_target_profiles.csv,2455,True,111615304d791609a43b5b5e805c85150328cb17ebf9db7163e3b96df8e30ab1
reports/target_lab/proposed_fred_extension_inventory.csv,382,True,9016878eff95fcfd9063c622abf04ea1fca533be8234065bf9b3d6bdf05587ff
reports/target_lab/robustness_extension_target_audit.csv,3720,True,0eb2940e6deb8a411174c67b276b74d3d0783e1f5ec60c04a56b43a3f0fcede7
reports/target_lab/robustness_extension_target_audit_summary.md,3860,True,50fc376b2f3a9384201b287a01d46b63a7cc95e9d1b529f97da5ad193f536c8f
reports/target_lab/validated_secondary_target_profiles.csv,2128,True,8578bb23772d60a1a58ae4a39960ef7e40ef9f39cbb2ce84a0b8461fcf5fdff7
reports/target_lab/validated_secondary_target_promotion_audit.csv,997,True,d89767886998fede85bb0dfc4a2eeb67e94c92a556504b68a7b8e87b8f3bc912
reports/target_lab/validated_secondary_target_promotion_audit_summary.md,2018,True,fd8f052680efaf17cddaf0cca6a529107dda31547127a03e91b1fd5d9d793553
reports/target_lab/validation_extension_gate_summary.md,12245,True,a2330652af753572d4b2d04a46149896b2934072f4c177479f52e977570b4601
reports/target_tweak_experiments/.DS_Store,8196,False,5270bacd7bb2bc563bbd8f2d7f3e6daf99f2088863ed7b4f9337500612d4b7d5
reports/target_tweak_experiments/README.md,3101,True,5877cc9d54ee2f1fcac24c8d04e0a681c98f92dadb82773e3484fa958cbe977a
reports/target_tweak_experiments/all_target_tweak_feature_importance.csv,373578,True,14a6440c51485e0d0da8663e8f6cd451ce6a7dac545e72ef504532c19966beef
reports/target_tweak_experiments/all_target_tweak_metrics.csv,38394,True,7d0e024b9cc2c2f076881b7c723720c965b71da68ca434c9118a3acf39bcc6ff
reports/target_tweak_experiments/dashboard_best_target_rows.csv,1976,True,41e4b32bf4d0a1974cba561339deeb66cd22a865b9b31fad78af1d59cafec0d3
reports/target_tweak_experiments/dashboard_factor_group_best_models.csv,16831,True,2ef2e6c8428c7e2fdc02e2923e6162f33a4f3c48c76688db66136b367e34cc69
reports/target_tweak_experiments/dashboard_feature_set_performance.csv,17269,True,dc85710fe39e9ce9b830107a86f79307995de361e3c9d339362c7501e2bca0b2
reports/target_tweak_experiments/feature_ablation_comparison.csv,17269,True,dc85710fe39e9ce9b830107a86f79307995de361e3c9d339362c7501e2bca0b2
reports/target_tweak_experiments/feature_ablation_factor_group_summary.csv,35161,True,87be0036f16a6c2e35b0b5110a102e0077b21bb444310f43a57bed70d9baeeef
reports/target_tweak_experiments/feature_set_ablation/all_features_failure_pressure_conservative_next_4obs_best_pr_curve.png,62543,True,c0e70029f816a29eccb3d9fa3f118a8e2b2f96251cd327e714c9b364652e4e34
reports/target_tweak_experiments/feature_set_ablation/all_features_failure_pressure_conservative_next_4obs_best_roc_curve.png,69356,True,898d7e8d1388c9dd8f4e835025481d9812433d7a971b26b22d9339d10b1e095b
reports/target_tweak_experiments/feature_set_ablation/all_features_failure_pressure_conservative_v2_next_4obs_best_pr_curve.png,63329,True,aa0fef20a68d890f703352c08eb9d3971f30ce24a82d53b9480258fe1a02c061
reports/target_tweak_experiments/feature_set_ablation/all_features_failure_pressure_conservative_v2_next_4obs_best_roc_curve.png,70164,True,149e3d012fd5717e239a01c7f9cf9f74f5daf7eeee6394dfaf8b41b66375075f
reports/target_tweak_experiments/feature_set_ablation/all_features_failure_pressure_profit_roa_next_4obs_best_pr_curve.png,59099,True,5fa0c64616b2031e65dd4b8ee40fd08216fa9c6365e7da038b71c2724d226e8b
reports/target_tweak_experiments/feature_set_ablation/all_features_failure_pressure_profit_roa_next_4obs_best_roc_curve.png,69565,True,e088558ea26750ad5d47026fdcc4c2c3856ac1ea43f24a5c1431aebb3eb0399d
reports/target_tweak_experiments/feature_set_ablation/all_features_success_composite_strict_next_4obs_best_pr_curve.png,61606,True,0ed35daa7960740a60f0053b8427ab7d120b39067d52d3466259cd42ad4c5e57
reports/target_tweak_experiments/feature_set_ablation/all_features_success_composite_strict_next_4obs_best_roc_curve.png,71575,True,132c1428dc371f956e8fbd6ad4327bfeea4c02bfa62c955edb1e58669db2ebbe
reports/target_tweak_experiments/feature_set_ablation/all_features_success_quality_growth_next_4obs_best_pr_curve.png,61920,True,0ec9e9e218a8017d7aac8c25efef1bae53404213ae86fee5723d855ca89fcff7
reports/target_tweak_experiments/feature_set_ablation/all_features_success_quality_growth_next_4obs_best_roc_curve.png,68364,True,34f1cef71369e2826c26dc592731b780626cfbbd6a34320fc3f8852a16417688
reports/target_tweak_experiments/feature_set_ablation/all_features_success_resilience_quality_v2_next_4obs_best_pr_curve.png,57656,True,d7cfdd0ebc961f4cb90fbbcb34b1b0c1e4605599cff9af49a7ceecabc3542410
reports/target_tweak_experiments/feature_set_ablation/all_features_success_resilience_quality_v2_next_4obs_best_roc_curve.png,68687,True,1389c0a286bd0fc56e6656f7b665c60d90188947b9dd470246a4d0f69af23d48
reports/target_tweak_experiments/feature_set_ablation/feature_set_ablation_f1_mean_top.png,262653,True,763c5e109e24121e792493f7fedc1f9624b0a23a0d2b66e86ce186bbde96e70d
reports/target_tweak_experiments/feature_set_ablation/feature_set_ablation_pr_auc_mean_top.png,263779,True,81392316f42318c805f5bd593710c99a83b2d26944771ad544650049ad1d2425
reports/target_tweak_experiments/feature_set_ablation/feature_set_factor_group_summary.csv,35161,True,87be0036f16a6c2e35b0b5110a102e0077b21bb444310f43a57bed70d9baeeef
reports/target_tweak_experiments/feature_set_ablation/feature_set_feature_importance.csv,597533,True,445a12edf5a498b040a023d8e516746b7d629d6d2c97ccfe6a5a40da9a660e34
reports/target_tweak_experiments/feature_set_ablation/feature_set_metric_summary.csv,17269,True,dc85710fe39e9ce9b830107a86f79307995de361e3c9d339362c7501e2bca0b2
reports/target_tweak_experiments/feature_set_ablation/feature_set_model_metrics.csv,64661,True,419198699f9b040c91aefbb39607f06057a76bdd0e71f3f4de58a6f8f5fc5a03
reports/target_tweak_experiments/feature_set_ablation/firm_core_failure_pressure_conservative_next_4obs_best_pr_curve.png,57927,True,e9c5a0ed0cc7b3d58725a836bbc4a2525872043fe9f7b7d7dcf61fd948a85c41
reports/target_tweak_experiments/feature_set_ablation/firm_core_failure_pressure_conservative_next_4obs_best_roc_curve.png,69370,True,2bddc462275bdd41841584e37ee561dfdeb2ed7c3fd1fb3b6fb3356992f6955c
reports/target_tweak_experiments/feature_set_ablation/firm_core_failure_pressure_conservative_v2_next_4obs_best_pr_curve.png,58738,True,28bd11e5ef826208b5b3f849c60764df9863089f5741a9b3bf3045fbbd1d7768
reports/target_tweak_experiments/feature_set_ablation/firm_core_failure_pressure_conservative_v2_next_4obs_best_roc_curve.png,70182,True,153354089e567193d5466c1a8f6898bb2eb991c87fecfec2bbd967038ce4e2e9
reports/target_tweak_experiments/feature_set_ablation/firm_core_failure_pressure_profit_roa_next_4obs_best_pr_curve.png,60428,True,01255ce73921b5a7cf3d49212d2d349342f82b88ad0945cd6848cb7e8a6be34c
reports/target_tweak_experiments/feature_set_ablation/firm_core_failure_pressure_profit_roa_next_4obs_best_roc_curve.png,68729,True,5ea4dae75d4ae59150b4f6bff97c9ad9b895661d3c8eadc52d9629b2e639d827
reports/target_tweak_experiments/feature_set_ablation/firm_core_success_composite_strict_next_4obs_best_pr_curve.png,60176,True,82177887e257d9edc234372227710b3cf58727336971ba95a07573857fafa88e
reports/target_tweak_experiments/feature_set_ablation/firm_core_success_composite_strict_next_4obs_best_roc_curve.png,71748,True,52c41b1adc817c0b29e72860ec1907743cc0ac9a62df51fbad3050af5def3cee
reports/target_tweak_experiments/feature_set_ablation/firm_core_success_quality_growth_next_4obs_best_pr_curve.png,65094,True,1e9ad15bdf5540998ee82c880033a84a8707576c37d465f876a0a033aa0e7ae8
reports/target_tweak_experiments/feature_set_ablation/firm_core_success_quality_growth_next_4obs_best_roc_curve.png,72254,True,138a55f20bfe5c542e3f9b43d480bdcd049816941aba10969f9156a6289da9c6
reports/target_tweak_experiments/feature_set_ablation/firm_core_success_resilience_quality_v2_next_4obs_best_pr_curve.png,56214,True,ce4d1492eb9a9ce00b166edd8127cf471499415a4b14f9e0f8c28a745ad93447
reports/target_tweak_experiments/feature_set_ablation/firm_core_success_resilience_quality_v2_next_4obs_best_roc_curve.png,68079,True,e6952b3729fd58edb83d534f11cbc206e629bdbebdb33df99f3ac64ca4289d86
reports/target_tweak_experiments/feature_set_ablation/macro_event_only_failure_pressure_conservative_next_4obs_best_pr_curve.png,56750,True,402b4738555862d90544ca1372ef733695d2197a72ec40e4f621376c80edd074
reports/target_tweak_experiments/feature_set_ablation/macro_event_only_failure_pressure_conservative_next_4obs_best_roc_curve.png,83059,True,8192de83b04e08a16c43dc17882769b6e918d5da03d31fb2c953a060d2d08756
reports/target_tweak_experiments/feature_set_ablation/macro_event_only_failure_pressure_conservative_v2_next_4obs_best_pr_curve.png,57563,True,9dfa4a55d4e938fc3a1cab3421a3db97140e97d5bc60083e73f6ba01a31b33af
reports/target_tweak_experiments/feature_set_ablation/macro_event_only_failure_pressure_conservative_v2_next_4obs_best_roc_curve.png,83835,True,9ff810baa498a818e9c14dd2ea035098d422883c4a4504a192eb21c534552185
reports/target_tweak_experiments/feature_set_ablation/macro_event_only_failure_pressure_profit_roa_next_4obs_best_pr_curve.png,54505,True,7a641df4c40fbf566c5b35f358865cc2539156594d47d18ae0010b8abb81f58f
reports/target_tweak_experiments/feature_set_ablation/macro_event_only_failure_pressure_profit_roa_next_4obs_best_roc_curve.png,81339,True,d575e605810f330a4d251357a2349ff2e08ac9da69a0d7189bf9e5f1397ac8b1
reports/target_tweak_experiments/feature_set_ablation/macro_event_only_success_composite_strict_next_4obs_best_pr_curve.png,55089,True,6d50ea297facf3a35e7f835c19626fdbf7f06be64cde3cfc8525c6710756867e
reports/target_tweak_experiments/feature_set_ablation/macro_event_only_success_composite_strict_next_4obs_best_roc_curve.png,80797,True,df66d2f8ca9767f5b30439f6d8216cd93f8b92398f5203b4b71b1eae7d77480a
reports/target_tweak_experiments/feature_set_ablation/macro_event_only_success_quality_growth_next_4obs_best_pr_curve.png,56224,True,b5ea95a4df6ea9322290fcb5d72b88b8a354bc12f91489527f5df5517e7a2052
reports/target_tweak_experiments/feature_set_ablation/macro_event_only_success_quality_growth_next_4obs_best_roc_curve.png,80715,True,d9ae265924600c334a4c2cd58db156a22c959de21934163744be845ee3e5a883
reports/target_tweak_experiments/feature_set_ablation/macro_event_only_success_resilience_quality_v2_next_4obs_best_pr_curve.png,62118,True,5b7d5a628c64d83cd57b810f73797a3abf2dbcfcbc17f886724a1fb5f1b0057c
reports/target_tweak_experiments/feature_set_ablation/macro_event_only_success_resilience_quality_v2_next_4obs_best_roc_curve.png,84034,True,d1fa5688d131b0e37b76543318bffa08f6447c7094fff0f5781ea729b56bc0e5
reports/target_tweak_experiments/feature_set_ablation/ratios_trends_only_failure_pressure_conservative_next_4obs_best_pr_curve.png,61059,True,80588dc8b1a9442e8c2a97b03302b5d94820e3c1bb2572a90a7d1ba065e09684
reports/target_tweak_experiments/feature_set_ablation/ratios_trends_only_failure_pressure_conservative_next_4obs_best_roc_curve.png,74860,True,490a7b2549c8782e2617f37317db486ae69ff4cbe498821b7aa168a312dda1dc
reports/target_tweak_experiments/feature_set_ablation/ratios_trends_only_failure_pressure_conservative_v2_next_4obs_best_pr_curve.png,61839,True,adef2c5c973e381afedfd523ceb5f54acce91ed3a75f6851dfd625ab0c5802fc
reports/target_tweak_experiments/feature_set_ablation/ratios_trends_only_failure_pressure_conservative_v2_next_4obs_best_roc_curve.png,75659,True,7eca6474e8ce491df0ca78e856f7391184e12e6cca00da3140a1fe1aacaf435e
reports/target_tweak_experiments/feature_set_ablation/ratios_trends_only_failure_pressure_profit_roa_next_4obs_best_pr_curve.png,61069,True,ac480639a39afb4a5c15d9506ebe36c025e9b95592bdfbfe2141b0c64f697014
reports/target_tweak_experiments/feature_set_ablation/ratios_trends_only_failure_pressure_profit_roa_next_4obs_best_roc_curve.png,74483,True,7ca61573ae2af5190a3cb81db19c3599f0d9c582a53551d346cc75092c3f5daa
reports/target_tweak_experiments/feature_set_ablation/ratios_trends_only_success_composite_strict_next_4obs_best_pr_curve.png,60535,True,e5eed7cbcd0fe43e9c2b693817cfa0e3df692c170fdfae3368f737fa42df3a9a
reports/target_tweak_experiments/feature_set_ablation/ratios_trends_only_success_composite_strict_next_4obs_best_roc_curve.png,73093,True,f9e42ce17d5ae8e8008c53208a9122bd794e3b31f3a046731d04864bdccb0427
reports/target_tweak_experiments/feature_set_ablation/ratios_trends_only_success_quality_growth_next_4obs_best_pr_curve.png,63223,True,a18f06441e17a867d3da558045641c3ab5da98573c8287ea7a4dca99ac5f5e8f
reports/target_tweak_experiments/feature_set_ablation/ratios_trends_only_success_quality_growth_next_4obs_best_roc_curve.png,73508,True,ab9a1459a5323561932b00b0b560341e4fef363ffccc5d2ad2e7a031bfbfd67e
reports/target_tweak_experiments/feature_set_ablation/ratios_trends_only_success_resilience_quality_v2_next_4obs_best_pr_curve.png,59673,True,24b8724b496f4c556fd181aba62cc9c5d3986eb5d6be95ce79323adce0534b93
reports/target_tweak_experiments/feature_set_ablation/ratios_trends_only_success_resilience_quality_v2_next_4obs_best_roc_curve.png,72640,True,f476d03ad364f3ef0fed2ab8ba76fcae3ffc4308e957109fc458b67e2d828d40
reports/target_tweak_experiments/feature_set_ablation/raw_accounting_only_failure_pressure_conservative_next_4obs_best_pr_curve.png,60901,True,5ebb435c15f005e8a733577fccc94d2c5c060f1ac2bea8ca3071a81c9d3a9718
reports/target_tweak_experiments/feature_set_ablation/raw_accounting_only_failure_pressure_conservative_next_4obs_best_roc_curve.png,71903,True,d48ec5aec85f9edcb7dd274c442d6b106b4e47aa131f51cd6702e12dedbc5ff0
reports/target_tweak_experiments/feature_set_ablation/raw_accounting_only_failure_pressure_conservative_v2_next_4obs_best_pr_curve.png,61664,True,ad534e2828f8fcfb3b19a48568d4647b1ef25c900cf5175d7239d8614680cf87
reports/target_tweak_experiments/feature_set_ablation/raw_accounting_only_failure_pressure_conservative_v2_next_4obs_best_roc_curve.png,72717,True,cffce391c0d655b14ec592fc9330010931a415a58b4337569947e33d081a69f1
reports/target_tweak_experiments/feature_set_ablation/raw_accounting_only_failure_pressure_profit_roa_next_4obs_best_pr_curve.png,62325,True,40c152e497230b44131bfc2d2687f733610dde58da4714f5a30f7036bf386f52
reports/target_tweak_experiments/feature_set_ablation/raw_accounting_only_failure_pressure_profit_roa_next_4obs_best_roc_curve.png,77109,True,8a66e0c774470fdbe065faaf91608467f9962442908a076c67def2ce7d5fc4dc
reports/target_tweak_experiments/feature_set_ablation/raw_accounting_only_success_composite_strict_next_4obs_best_pr_curve.png,60705,True,12b5227b720cc6abe9cdd96ccb3f431624675742c840cbd4074ebba5396d106e
reports/target_tweak_experiments/feature_set_ablation/raw_accounting_only_success_composite_strict_next_4obs_best_roc_curve.png,74311,True,0bb1592822eef3c303e9856a9241f814da3f2ee8ccdb2d017c9ba79f78803e59
reports/target_tweak_experiments/feature_set_ablation/raw_accounting_only_success_quality_growth_next_4obs_best_pr_curve.png,63606,True,1177ae12be20a411b62663987c4ac419c3cdb7a3a4e54045d5fcb91d5d58a5d4
reports/target_tweak_experiments/feature_set_ablation/raw_accounting_only_success_quality_growth_next_4obs_best_roc_curve.png,73962,True,54552f92abfdaafbd84e9184007270e5e8836b310dc52fb05aad65d4fcdabc80
reports/target_tweak_experiments/feature_set_ablation/raw_accounting_only_success_resilience_quality_v2_next_4obs_best_pr_curve.png,60516,True,eff11bb963f6ef3335b1bfdad8f3676268d42b7b60ebdc32a55e909d9bab7f73
reports/target_tweak_experiments/feature_set_ablation/raw_accounting_only_success_resilience_quality_v2_next_4obs_best_roc_curve.png,70702,True,afed4f89f597f8ecc0eb7a5fd3029a618212d7e7b7467fe22328ca6fb9495a71
reports/target_tweak_experiments/feature_set_inventory.csv,121,True,8289babc70dee5eedfe32dd42c4462e4fb5f43e891889d41e80777643050f08c
reports/target_tweak_experiments/target_tweak_comparison.csv,5688,True,449c0c4a6f974a2671312a822d2fc82f199c203f44b018871f66bf42547f32c2
reports/target_tweak_experiments/target_tweak_factor_group_summary.csv,16831,True,2ef2e6c8428c7e2fdc02e2923e6162f33a4f3c48c76688db66136b367e34cc69
reports/target_tweak_experiments/test_target_tweaks1/logic_audit.csv,193,True,676692e9eaf7cf17978a6a5637b2fa4e4a1e79c2815286c5aa488ec81b4e5607
reports/target_tweak_experiments/test_target_tweaks1/run_log.md,2265,True,fc13dae5615cc2f1d32815d9765088806c85fcc204942664676a8df4363ccefd
reports/target_tweak_experiments/test_target_tweaks1/target_profile.csv,824,True,400ad6c1f58a4c2e5f17b448a5c10468f244ce164b9efa759732d3d89a8fc84c
reports/target_tweak_experiments/test_target_tweaks1/target_scan_f1_mean_top.png,109435,True,ff7c08bfe3283206642a1984ac3ccd8978c9df02b50338053aa0c740e6aed56a
reports/target_tweak_experiments/test_target_tweaks1/target_scan_factor_group_summary.csv,3572,True,a4790aabe8c940acee82efde5b54420c204931979a38ecc96e5c4a78b42e1e81
reports/target_tweak_experiments/test_target_tweaks1/target_scan_failure_pressure_conservative_v2_next_4obs_best_pr_curve.png,63066,True,75fca9161ffc818c34f94e4828e8e3c435c1452ddae384b7f7189b7e52b9d64a
reports/target_tweak_experiments/test_target_tweaks1/target_scan_failure_pressure_conservative_v2_next_4obs_best_roc_curve.png,70257,True,3031b9d7720388f6c62980d7c470584ba70bbb3e9af7d72062b34000bbbff7d0
reports/target_tweak_experiments/test_target_tweaks1/target_scan_feature_importance.csv,76709,True,91f4dd1c538b50dde5ebcc1ee2e90d5d2ccc538587dfac510d724ed7bb4e752a
reports/target_tweak_experiments/test_target_tweaks1/target_scan_metric_summary.csv,1251,True,22f2d624f548dac33f6c293e6d40f36df7fa71b14d66fd7b78a8324166fb9e91
reports/target_tweak_experiments/test_target_tweaks1/target_scan_model_metrics.csv,7943,True,58d38dfc41f1fd085cc8c171f30e1d49d91d969b3973213ef40aa18ac50e155e
reports/target_tweak_experiments/test_target_tweaks1/target_scan_pr_auc_mean_top.png,111661,True,92226e189eeb2cda9fd065289fbee4dde99938c689892e03e628ed43cb858ed9
reports/target_tweak_experiments/test_target_tweaks1/target_scan_success_resilience_quality_v2_next_4obs_best_pr_curve.png,57223,True,002191be8b1f238d6e3eda6c75c5ffc5ca2e680aa0830a7e08ab667fa39cf371
reports/target_tweak_experiments/test_target_tweaks1/target_scan_success_resilience_quality_v2_next_4obs_best_roc_curve.png,68377,True,79e95cbc58f4528fd28e612bd43f28e244e9bfe0599994054535f5cb5faf10b7
reports/target_tweak_experiments/test_target_tweaks1/tweak_config.json,603,True,57e05d839d691e3d5fab5bd2cbc57052a3132baead330e486549e497da7ec70b
reports/target_tweak_experiments/test_target_tweaks2/logic_audit.csv,193,True,676692e9eaf7cf17978a6a5637b2fa4e4a1e79c2815286c5aa488ec81b4e5607
reports/target_tweak_experiments/test_target_tweaks2/run_log.md,2196,True,7786e12d2d44641e647aaa6251cb2d5e91635f81f9b02130f7e12a779f74520c
reports/target_tweak_experiments/test_target_tweaks2/target_profile.csv,774,True,6c7909176d0faa68b84828de40a43de8fcfd1a6e6724e734d692fb7a78804151
reports/target_tweak_experiments/test_target_tweaks2/target_scan_f1_mean_top.png,103023,True,29a40e0f5b9ca388c051d2f06e0bd52f20c589e2ce02cbd58613acaf3a2f31a4
reports/target_tweak_experiments/test_target_tweaks2/target_scan_factor_group_summary.csv,3544,True,6a2e0bd77216b2d6215a76261d6b0325d6351872b1935d740ae5d8eb0f9fcb6b
reports/target_tweak_experiments/test_target_tweaks2/target_scan_failure_pressure_profit_roa_next_4obs_best_pr_curve.png,59099,True,5fa0c64616b2031e65dd4b8ee40fd08216fa9c6365e7da038b71c2724d226e8b
reports/target_tweak_experiments/test_target_tweaks2/target_scan_failure_pressure_profit_roa_next_4obs_best_roc_curve.png,69565,True,e088558ea26750ad5d47026fdcc4c2c3856ac1ea43f24a5c1431aebb3eb0399d
reports/target_tweak_experiments/test_target_tweaks2/target_scan_feature_importance.csv,73655,True,38079afa7386d0697c7336a5ab743a6b891155c0e3a7595657607bbde00fac78
reports/target_tweak_experiments/test_target_tweaks2/target_scan_metric_summary.csv,1217,True,2e41b33d6edd1f9420d3c20563c9a9f55c5a265feb01fdaf5798fcbd263455bf
reports/target_tweak_experiments/test_target_tweaks2/target_scan_model_metrics.csv,7705,True,c6edc6e18eb1b6bfa591c60b09de91d8812d88a46495a8eb9df062eaab41be65
reports/target_tweak_experiments/test_target_tweaks2/target_scan_pr_auc_mean_top.png,105786,True,e8ef24f23da439f8e08550a01d0ba0628eb2b4c043df5481f8d23ee423002c7b
reports/target_tweak_experiments/test_target_tweaks2/target_scan_success_quality_growth_next_4obs_best_pr_curve.png,61920,True,0ec9e9e218a8017d7aac8c25efef1bae53404213ae86fee5723d855ca89fcff7
reports/target_tweak_experiments/test_target_tweaks2/target_scan_success_quality_growth_next_4obs_best_roc_curve.png,68364,True,34f1cef71369e2826c26dc592731b780626cfbbd6a34320fc3f8852a16417688
reports/target_tweak_experiments/test_target_tweaks2/tweak_config.json,599,True,d8a0b5ec2c4cfdb02308a4e63134f900427aba806747dbd55f9eec2f66173ba7
reports/target_tweak_experiments/test_target_tweaks3/logic_audit.csv,193,True,676692e9eaf7cf17978a6a5637b2fa4e4a1e79c2815286c5aa488ec81b4e5607
reports/target_tweak_experiments/test_target_tweaks3/run_log.md,2238,True,5970b852bca7671efaa02639bc74b4d9ea33a127241a8f83aae5471cc76d2912
reports/target_tweak_experiments/test_target_tweaks3/target_profile.csv,805,True,d73273762205c1e4d26e883c012c3e3f95a13d8fbc76293edb34b9e2d0acaa6e
reports/target_tweak_experiments/test_target_tweaks3/target_scan_f1_mean_top.png,108093,True,3f9504a174697edc8e1b653d38837edf91363aa26ac2e48579234a651e9aa8ba
reports/target_tweak_experiments/test_target_tweaks3/target_scan_factor_group_summary.csv,3306,True,69940658effa9df56357613beadeef662851098407efb7137b50763a3186aeca
reports/target_tweak_experiments/test_target_tweaks3/target_scan_failure_pressure_balance_liquidity_next_4obs_best_pr_curve.png,57080,True,068d64adea9efb74c592f39c34ccda773d431775a3159963c6d9d02db9dbf0fa
reports/target_tweak_experiments/test_target_tweaks3/target_scan_failure_pressure_balance_liquidity_next_4obs_best_roc_curve.png,68561,True,51a703dd778ce350fabae2c2bcf21abbd3a2852baa356ef62b205616ea92fae7
reports/target_tweak_experiments/test_target_tweaks3/target_scan_feature_importance.csv,76825,True,123f9735f5f850de58307f17b1988bfefb885496b2b194668361e167fabcb9aa
reports/target_tweak_experiments/test_target_tweaks3/target_scan_metric_summary.csv,1251,True,f75ec8c030bccd774f04c6bc5af3eb46119f6212d906ce7fd3d2d0446640b004
reports/target_tweak_experiments/test_target_tweaks3/target_scan_model_metrics.csv,7913,True,7ced460ae1ec92f4ce3757e5d61d2769f1c3447c7e2ea3144cddd75dab5a51ab
reports/target_tweak_experiments/test_target_tweaks3/target_scan_pr_auc_mean_top.png,108902,True,0890d0a151ad21088e8de524419b991c328800809a13a245971faf1b0534abe1
reports/target_tweak_experiments/test_target_tweaks3/target_scan_success_stable_balance_next_4obs_best_pr_curve.png,58720,True,13dd217196090fe7eefe31f73b1e916cf2049d288a0410fc3f2fb6087b1d3877
reports/target_tweak_experiments/test_target_tweaks3/target_scan_success_stable_balance_next_4obs_best_roc_curve.png,68430,True,b8472c66f3814cf1c2b285058151049e1d36b4fedd29847d883b6f7e465c1aa0
reports/target_tweak_experiments/test_target_tweaks3/tweak_config.json,594,True,533f33ae49a809b771814e6373af9e8ce65f821b1fd923e84fbe4387618f0dc8
reports/target_tweak_experiments/test_target_tweaks4/logic_audit.csv,193,True,676692e9eaf7cf17978a6a5637b2fa4e4a1e79c2815286c5aa488ec81b4e5607
reports/target_tweak_experiments/test_target_tweaks4/run_log.md,2158,True,b088bdae7217cdd70c2bd0c57b0500227b9e22b48c304be2ac5d5aee247548c8
reports/target_tweak_experiments/test_target_tweaks4/target_profile.csv,784,True,a6f49506cdd37e2553ff240736c7fd691f7edd66f30ee63eb107e956ac8de527
reports/target_tweak_experiments/test_target_tweaks4/target_scan_f1_mean_top.png,105148,True,36b84826c23be9208d5d0950dd0779e26d88a7507e251ba44a96b0133e117f7f
reports/target_tweak_experiments/test_target_tweaks4/target_scan_factor_group_summary.csv,3448,True,4b57d918c1d31d578b7877916af017e30840c3972839ae3b7faec1d71c8b62e3
reports/target_tweak_experiments/test_target_tweaks4/target_scan_failure_pressure_sector_strict_next_4obs_best_pr_curve.png,63604,True,7c7fca8a71405c9e1a0e5139dd6d2ffa52bfad99e59e857c06d7eb725d884c10
reports/target_tweak_experiments/test_target_tweaks4/target_scan_failure_pressure_sector_strict_next_4obs_best_roc_curve.png,70954,True,f0ea3cfcd1324e1e1343b654a89b1110b161d8ce070df58c3ce7222ff012ba1e
reports/target_tweak_experiments/test_target_tweaks4/target_scan_feature_importance.csv,74985,True,d132c41a2fc7dad9f785698ec0cf13672829dd994e7675b1a731203b4c6d2039
reports/target_tweak_experiments/test_target_tweaks4/target_scan_metric_summary.csv,1239,True,cd4c807cdeb24ccf24ff6e51ea8cc84370359d93f46303cddfac135da5f01d09
reports/target_tweak_experiments/test_target_tweaks4/target_scan_model_metrics.csv,7781,True,d3010e698ddcc855d7c559559fe8f16857081cbeb98c925696f6ab963913029c
reports/target_tweak_experiments/test_target_tweaks4/target_scan_pr_auc_mean_top.png,108012,True,7c4cf718157420847d94a876da6335438cd1328f3772ff475a56650e15f1ad3a
reports/target_tweak_experiments/test_target_tweaks4/target_scan_success_sector_quality_next_4obs_best_pr_curve.png,58846,True,58d37be2dfa16870b9582b677d27751acbd21c2d3be899a2b7f5e2f7777d2c3b
reports/target_tweak_experiments/test_target_tweaks4/target_scan_success_sector_quality_next_4obs_best_roc_curve.png,72338,True,4fb52b54edfa9ba5d0554be0c0fec6b0a88adeed4585e396b35c77217434cbd3
reports/target_tweak_experiments/test_target_tweaks4/tweak_config.json,535,True,546c0ea99079136abcbbcf24d347eea924b29490b70da2baba1e1aaba0560ec0
reports/target_tweak_experiments/test_target_tweaks5/logic_audit.csv,193,True,676692e9eaf7cf17978a6a5637b2fa4e4a1e79c2815286c5aa488ec81b4e5607
reports/target_tweak_experiments/test_target_tweaks5/run_log.md,2016,True,6cb66b114d99365500aa050b3ac021baa2e1214232d28a628cd65dc958ab6f9e
reports/target_tweak_experiments/test_target_tweaks5/target_profile.csv,727,True,d345efb7edcf152635e5145edfd4c99d2ae864e4da5c41addb1601af1db67ceb
reports/target_tweak_experiments/test_target_tweaks5/target_scan_f1_mean_top.png,98856,True,20c1994ebceb73e310f3b4b3761355af5d183872f9b4a5dcf3fca0546b285bcc
reports/target_tweak_experiments/test_target_tweaks5/target_scan_factor_group_summary.csv,3229,True,f7ac7769213929cf0fb79fe2a34affeebf9bebbcd2730f745f0d04d6ac1061fc
reports/target_tweak_experiments/test_target_tweaks5/target_scan_failure_pressure_score3_next_4obs_best_pr_curve.png,59980,True,96c9ffa711d19db07992c70fe3abad41aa02792d20bad70a9b8dcc36a7987b14
reports/target_tweak_experiments/test_target_tweaks5/target_scan_failure_pressure_score3_next_4obs_best_roc_curve.png,69416,True,f3931763292fb5ce375027bdfccb3308d53eee383253141f6a41a414646e239f
reports/target_tweak_experiments/test_target_tweaks5/target_scan_feature_importance.csv,71808,True,66af54e84a89b36ab571bbcd8620b043aa0d41d3d0cf0e1faa1d2134683f4a92
reports/target_tweak_experiments/test_target_tweaks5/target_scan_metric_summary.csv,1190,True,62bbb29d54f810e59bf0935dc5be5f94c7975c59d0cd29a4872a1eae9f794716
reports/target_tweak_experiments/test_target_tweaks5/target_scan_model_metrics.csv,7588,True,f296b5211b065b0b04ce65a0a10e55abc11ba813bb4959c67ce364bd2c9b2ab2
reports/target_tweak_experiments/test_target_tweaks5/target_scan_pr_auc_mean_top.png,101114,True,7b28b57b02adda6d32c8a938bb63a57c5711c6b6868c346ebf256233f3dbd998
reports/target_tweak_experiments/test_target_tweaks5/target_scan_success_score3_next_4obs_best_pr_curve.png,55264,True,4212ec404305130ab1f9c4e7e35ada2a339d8b6452a8485bbbdecb14231311e9
reports/target_tweak_experiments/test_target_tweaks5/target_scan_success_score3_next_4obs_best_roc_curve.png,67138,True,868ecf50078baf94edf9f451c4d23079234ef662f24a8c4e8a42899cb59c5839
reports/target_tweak_experiments/test_target_tweaks5/tweak_config.json,468,True,57bec3a6442b80520de191b2ba2806e1066b3216d0d31ad1594bd43ce4824dae
requirements.txt,110,True,a92663d2b9f962469dac1ac0797b31f8127baf530d88f7155a3a873562cdb52c
scripts/.DS_Store,8196,False,c3eb2f36cab38f6cb9cb2e4c918e2ee63bb2748e4870b62fbd5bb295cb530eed
scripts/data/.DS_Store,6148,False,4611ef113cf70bc6378b85f1bba251c7b07387ff0baa8151a9b062f39cd8af9b
scripts/data/__pycache__/download_fred_series.cpython-312.pyc,3427,False,45d0d7499f0110af4c393f1a5323cc2d25dbb5ef65c973b5e460da8fa65fac92
scripts/data/download_fred_series.py,2313,True,0609357c723c4a04c51fcac94281c7a662d15e057bf077214ff5c350082fb0e3
scripts/data_quality/.DS_Store,6148,False,88c8cade43041a5f8dad88675e451327e9c1005538c5a825d274630e508f2101
scripts/data_quality/__pycache__/apply_event_date_source_verification.cpython-312.pyc,26576,False,e0cccc270c6847fd8c69f3b6aa3c398810134c998e8d927f360d26964c680d02
scripts/data_quality/__pycache__/audit_data_integrity_caveats.cpython-312.pyc,23070,False,8906df79cfe87545b4d8b6d430769ebfa0de8f34233123b2c0588924ad99cbc5
scripts/data_quality/__pycache__/audit_legacy_panel.cpython-312.pyc,4764,False,df512459cef08b68a18557581fabd3b753140372f9c608897a29a4f512d4bc21
scripts/data_quality/__pycache__/audit_panel_integrity.cpython-312.pyc,14336,False,e08c56ac9c96124dd1b34c663a148d3b73ffb88e8c8d33f3ef8c44e395dc41e8
scripts/data_quality/__pycache__/audit_sec_harmonization_candidates.cpython-312.pyc,28250,False,13cbea0169906ae0de9510eb63b4a33241a26542b1588b712d99022b50422893
scripts/data_quality/__pycache__/create_event_review_scaffold.cpython-312.pyc,11592,False,4c57d5324090666ba40964d7cc21d3545932da78d324f0c79f8ed08d8d2f54c1
scripts/data_quality/__pycache__/create_legacy_sample.cpython-312.pyc,2441,False,e59d4de1af84fd44428fdc0099316f3bed90098b57ac5ef7cad08cc36743674c
scripts/data_quality/__pycache__/investigate_total_liabilities_missing_indicator.cpython-312.pyc,37505,False,8e112212fbb402d384c272eceb385bb76ac6b06fda2371f5867766b82372ad85
scripts/data_quality/__pycache__/run_p0_audits.cpython-312.pyc,23618,False,487552ca661ba9072524e2cbe8fee6e13fd4d7fe0e26264fd6aaf8cf829760ad
scripts/data_quality/apply_event_date_source_verification.py,41863,True,6e6b58a55493988568e0807ae8ea1c82c745a085d75ca483ed11961ab1e44315
scripts/data_quality/audit_data_integrity_caveats.py,18126,True,4fd4b8b178e7f537e9ee8a954bd3ae5a98420d209a564df7327b2b8c9f1d9e87
scripts/data_quality/audit_legacy_panel.py,2846,True,4621c3d48ab7b48bb8542e31d39f07777a1a14c0ac541b1817d578ead7d5c232
scripts/data_quality/audit_panel_integrity.py,10474,True,f7ed7efd10937c46dbaf905c44d77c32a8f48ec814cafd5fcf0e0646e4eaf0d6
scripts/data_quality/audit_sec_harmonization_candidates.py,20787,True,388c1e0ad7ddcf1cddd8002fcbc23b90db91ff3a093543d1651f3af5c00ce1c2
scripts/data_quality/create_event_review_scaffold.py,11517,True,352607348866eece5ec071bbd2f6ae037f27d9f59761bb49693f88152c005aea
scripts/data_quality/create_legacy_sample.py,1249,True,e0710d9f4339c0fbd678508988b07c98903c7d8b234d3e86d83d01e6d9da469b
scripts/data_quality/investigate_total_liabilities_missing_indicator.py,28924,True,2f4d2aa0ea3cbf7c1d88e74823e553cd2f19f35b099f34475180b48391b6c82e
scripts/data_quality/run_p0_audits.py,18019,True,b8a36610f673c055816a042abdd836a350e05e70e73b383bad0908f1f9557ea9
scripts/docs/.DS_Store,6148,False,12276fddb69abe4116541ec02343f3af78a2a33d73890b9c3d6362d5171aceb7
scripts/docs/__pycache__/audit_legal_full_text_access.cpython-312.pyc,9773,False,b387e8ef808f17262aca1dd8f8c0d33d8500521bb342edf88a583059556fa779
scripts/docs/__pycache__/build_thesis_first_draft.cpython-312.pyc,133152,False,61aa2c7d04f397f9859c5d89dca3806033cefb9a506a685672738df6dd7d618f
scripts/docs/__pycache__/generate_literature_package.cpython-312.pyc,127648,False,21cb1b2ece49c51cce65109e1d32b91aea8c2fc6ae0426690ae9dd25d1bf330c
scripts/docs/__pycache__/generate_master_data_model_target_explainer.cpython-312.pyc,65184,False,18a69cba1a61c99427ec09f5ca511aa54566453026493aaca942f43815e16240
scripts/docs/audit_legal_full_text_access.py,6787,True,c8ec45354667542e086084efed3155f3c144afbdd0c87a3370e810813825f814
scripts/docs/build_thesis_first_draft.py,128823,True,92a269fb5b4caea2a6422c3490d79c0180b63d475622a9b3e429921680b9444f
scripts/docs/generate_literature_package.py,136912,True,b35cddd398b4004e0bae7c2643027178146d0ad827953d43ab15d99bbc8f56dc
scripts/docs/generate_master_data_model_target_explainer.py,62113,True,fd18cb9ce16d4dbce0a0280125507fccca1f1980e46f3a5da1c77553ed75e689
scripts/features/.DS_Store,6148,False,85097bcea021b99f3b4ffee1be18a4c02365d437e3330e484cdc43b3acdb3844
scripts/features/__pycache__/build_market_health_index.cpython-312.pyc,12294,False,8cced5e97ba5e0fb788de1ba928c782079eac8c557e35f9f8f6eb8f2ac26a2b9
scripts/features/build_market_health_index.py,9376,True,09bf7bf2da99fb96c09cce7919d9833bd0e0e4d6ae213f97fa87c927ad12e8f7
scripts/legacy_parsers/(WORKS)10Qoarse_regex_pre2019.py,9425,True,a636779842a648770c080fd008461359e7654ed6221f5d910c686f77e6fd19eb
scripts/legacy_parsers/10Kparse_regex.py,11892,True,c18f0de91863e2ebd8bde03a7f6ab38ef89a0ef95052ccc946551cc0103eaf4f
scripts/legacy_parsers/10Q_batch_parse.py,932,True,e655cd8222036e5482a3eda2b7cc91e89463fee61e1f5625251bb4b91676f243
scripts/legacy_parsers/__pycache__/(WORKS)10Qoarse_regex_pre2019.cpython-312.pyc,10391,False,e5f6bd754474b2b4653815484751b2f45daaea248840bf90b9c2229fb695c4c3
scripts/legacy_parsers/__pycache__/10Kparse_regex.cpython-312.pyc,13776,False,bb1b7628c3888bf169617083dcde7534ab07f358f68662647f8c2ad7172a561c
scripts/legacy_parsers/__pycache__/10Q_batch_parse.cpython-312.pyc,1653,False,d27a0f5ba676a9a07fbfbcc7d39f76fa2df0558202703138d638637931f2573f
scripts/legacy_parsers/__pycache__/build_firm_panel.cpython-312.pyc,3640,False,66a4ea1ce540b39639d3706277291f91c78ad3c0c2f8d5a1523546ff01a5f18e
scripts/legacy_parsers/__pycache__/compute_financial_ratios.cpython-312.pyc,4100,False,a2800ffa62ba849a5d3faef8877f43de8f3ce1bbcd4521dca6c17869f8da5ba0
scripts/legacy_parsers/__pycache__/download_edgar_bulk copy.cpython-312.pyc,1760,False,d2e1cb20ec3b050d3135c790c048332f3b3187124888144ca611772f1f81144c
scripts/legacy_parsers/__pycache__/download_edgar_bulk.cpython-312.pyc,1747,False,01f0c26581a50ded23ac72dd7fb88a9458fa37ba7c328e62b4e9a3bcd95a77de
scripts/legacy_parsers/__pycache__/get_fred.cpython-312.pyc,1935,False,96a4cf0e7bfeb2829d7eb8a11014b4b17499b2b520597d8def3149b58de37b0c
scripts/legacy_parsers/__pycache__/get_nasdaq100.cpython-312.pyc,1788,False,a647f847ea718af1c2cf80f14c0c8e1be89dbd647b03334b477cd0e0c709a9b9
scripts/legacy_parsers/__pycache__/get_sp500_tickers.cpython-312.pyc,966,False,7fe9f816bb4e512cabf84d05e5b5638b9d86e18257e2b06fdc5ca783cfb2fe18
scripts/legacy_parsers/__pycache__/parallel_batch_parse_10k.cpython-312.pyc,3397,False,f19ab3899621b07115a8e6f59ac17d7e9492fcab2d4fa695e12e990c97eeec83
scripts/legacy_parsers/__pycache__/prepare_sp500_prices.cpython-312.pyc,3285,False,31adc1896a262c43603972f6bc82bbdb1e227037c7c78b0d48b6cb84c79dcb93
scripts/legacy_parsers/__pycache__/yfinance_download_company_data.cpython-312.pyc,1834,False,a6bd0587ef821d2c39aa477f10d364dae9f534f555c867b5d63f45c794548b1c
scripts/legacy_parsers/build_firm_panel.py,2779,True,d334cad5d2618ffa191490d88840a084640184769b60b726f10d0001112d53b6
scripts/legacy_parsers/compute_financial_ratios.py,3362,True,2bd72fc23d13dd9200957e11502dd5938c9179baadab0b5a8ead14ad1a897639
scripts/legacy_parsers/download_edgar_bulk copy.py,1992,True,dc691444d5b8b1dc4fe83c75e5b0c0ce9480194ca4bc14ba45792691174a6f83
scripts/legacy_parsers/download_edgar_bulk.py,1984,True,72b173882c1b5ab5e4f3bc4cf7168fc039d21be847fd98335076482d65e77ca3
scripts/legacy_parsers/get_fred.py,1488,True,a201a733f49c627dd4851b7503bb3f78e28db9b6fe7b98fc92d50a0f95096cc6
scripts/legacy_parsers/get_nasdaq100.py,1122,True,d93875023a68799a4736124ab7d36f53d522494f8024be64be76f952d07de51b
scripts/legacy_parsers/get_sp500_tickers.py,546,True,14bd5cb3c48e6f16231476371bb60d16ae7ecb19eb9d17bc67626662b3517d25
scripts/legacy_parsers/parallel_batch_parse_10k.py,2562,True,224952eee02576c969824a871dd34d77422c58ddc291ebf1894a0b30169fbca2
scripts/legacy_parsers/prepare_sp500_prices.py,2623,True,cf1096138207715ccd1b0c9f47110c2e6d2f687da027906bbfb786d806718ef4
scripts/legacy_parsers/yfinance_download_company_data.py,1201,True,e58d0516519d0c0b9a95c3a4b572a5bb9431683a629d548ba8ae0c57efb931b6
scripts/modeling/.DS_Store,6148,False,2ef0d5e5e8ecb7452d8839ed5de8c648361d1c5a9ca9927d6380c04aba00a3a6
scripts/modeling/__pycache__/audit_robustness_extension_targets.cpython-312.pyc,23372,False,17aca8df383f35e535bca7d78136bf28addccc75640eac2d152797dfb0d854e5
scripts/modeling/__pycache__/feature_contribution_summary.cpython-312.pyc,5952,False,4240b119fbfed9a420aa75008aaf9324188eeb43b0a5b43b93c5cd54f08b50f6
scripts/modeling/__pycache__/make_panel_v2_analysis_outputs.cpython-312.pyc,11485,False,f48c06effc8455beae252ee53e66ec47f73cf75bec3d1bb52e054db1a843e3a3
scripts/modeling/__pycache__/promote_validated_secondary_targets.cpython-312.pyc,16101,False,89d96abe7a08f56e36b8d0c1ba435caf21244f0aa7c03eba9b6b39bc810cef56
scripts/modeling/__pycache__/run_advanced_boosting_experiments.cpython-312.pyc,17667,False,08e6479c3cab54460f21f20f5e1842a73a1659bf16e94c74fb5ee30143455907
scripts/modeling/__pycache__/run_broader_target_experiments.cpython-312.pyc,47640,False,25d1d95980a5c55590eaeba2d093e9d9e089b45c7a1d9e49ed5b50bbd9b62838
scripts/modeling/__pycache__/run_exploratory_target_lab.cpython-312.pyc,65284,False,ca580d9dff5a81ebbeb48402760b9b465c9fd3581ae2b2565169071b9eecb4fd
scripts/modeling/__pycache__/run_model_tuning_experiments.cpython-312.pyc,19151,False,f61fac13d8117cb305fbfc5455444a4be11c6b19ee64f0310206b712d1705096
scripts/modeling/__pycache__/run_panel_v2_ablation.cpython-312.pyc,13502,False,3d2c74d4a0d2b10fe7fd845820b6e20b252ad7eaf170a73f87263d7bb5e3998b
scripts/modeling/__pycache__/run_target_feature_tweak_experiments.cpython-312.pyc,39336,False,a24dc9bf816b718c7b385ec6cac0cca74321ae0e792b1088d0f97d5c48cc4206
scripts/modeling/__pycache__/run_validation_extension_gate.cpython-312.pyc,52671,False,5c136c3d3cc429fa136f1243d9965ef98179485ef6835d5e0e62510218e135ed
scripts/modeling/__pycache__/target_profile_report.cpython-312.pyc,6362,False,47fe8dfb15f7bcb07b18a95da5cf8a5ee64e8c982555680ea0af06af75ed300e
scripts/modeling/__pycache__/train_panel_v2_models.cpython-312.pyc,24239,False,447629488edbb02a8163d160c1650063561ee8b50380dfe7437c9be20c7c7ad0
scripts/modeling/audit_robustness_extension_targets.py,16466,True,27ee6384a9ac25d00d59ec4d76e50daeef8b54b19511c8bc0a2074b0d757d78f
scripts/modeling/feature_contribution_summary.py,5050,True,2882eab9eea4051a94b761257930deaa0b6382159dd8a40c150c14af620554da
scripts/modeling/make_panel_v2_analysis_outputs.py,8607,True,788d088aaee45a3b0b780c63ada589ce7e7882943a1e15c51123a8fe178aed7b
scripts/modeling/promote_validated_secondary_targets.py,10873,True,ccc06cff6ec4c6fbf44edf452cb54f56fe4ecc4720b658813b88846528f72433
scripts/modeling/run_advanced_boosting_experiments.py,16008,True,12868fc6b516fe1b6413eb63ac79ca40805ed87f85babae0d1f3cd41dc04fc25
scripts/modeling/run_broader_target_experiments.py,34341,True,b0f7b0f9e5614248f908e6dd4178cc2ed9528838722a3d6225fe502bad0aa57c
scripts/modeling/run_exploratory_target_lab.py,49100,True,2ce73e918f5a28e23b9ae1e1eba873747f49b0902ad16383ac86659967f1b83c
scripts/modeling/run_model_tuning_experiments.py,16959,True,bac559d79d3c088ee07fc2edf1eb45574e348947531c6933ab274526b6b72aeb
scripts/modeling/run_panel_v2_ablation.py,11169,True,e492e16275300608780f525d6b608a26adfaa44a2b85a451b6c788e6a2b888d8
scripts/modeling/run_target_feature_tweak_experiments.py,32917,True,a069f8c0c0376f2e6ebbf1499cc3c1f4909c1979f8ec7eb2ada48b256a631302
scripts/modeling/run_validation_extension_gate.py,42429,True,239211ea1d261ce2458cfe256d02d61793787905e049ad8df83c1144e2683c4d
scripts/modeling/target_profile_report.py,4004,True,de69a4a09a259331f99116e1c37df87cd36a00f60c987ee869fade51f95096c0
scripts/modeling/train_panel_v2_models.py,18269,True,4f4db1c51e509e459be19dd92a256801a7646956b88691bbbd81200079510a86
scripts/project_audit/.DS_Store,6148,False,4636d0213bdd4b7b047cf7a3a2ea66dfe50bc455b872afa56fc2016df6367f48
scripts/project_audit/__pycache__/capture_dashboard_screenshots.cpython-312.pyc,10155,False,e8177daa2c8c55a3a1450f02197de85634a57fcf8eb7011b1669b4d8bd840a2b
scripts/project_audit/__pycache__/clean_venv_smoke_check.cpython-312.pyc,4279,False,30e0d81770f777fac8c949518460998f1b1fc09ef881f2f6890db87b4f1f0ced
scripts/project_audit/__pycache__/final_polish_caveat_package.cpython-312.pyc,25645,False,224742a71cf681d79951326ef7bad6b03a7d9b6d8e96266b95fb76e32ff7e3ec
scripts/project_audit/__pycache__/final_scientific_validity_qa.cpython-312.pyc,61436,False,d09e9d84e01737216785266117a1a8a62961793c97f62e53fa4047236a6f626c
scripts/project_audit/__pycache__/full_project_audit.cpython-312.pyc,26119,False,b304e288cff365ee8e5fed755f82fad729efafa99aa70fd4316db0cf1f72f42a
scripts/project_audit/__pycache__/manual_logic_dashboard_audit_20260508.cpython-312.pyc,42781,False,de2e9b7add79874348de78e888b63669c6a11cba8dcd8c5bbe5f494df78015e6
scripts/project_audit/capture_dashboard_screenshots.py,7263,True,f86f0c19241e53e122a95d935e4eaf40cf25986105bd1f33ba93383c582e2d6b
scripts/project_audit/clean_venv_smoke_check.py,2361,True,fc81e394ec4495f530286d6735c7de0e3aa589270809ace327b219d862dd1b15
scripts/project_audit/final_polish_caveat_package.py,23647,True,db1798345da06467bf5c1f621726518c10f8e8a65eef41de2d78e9ad84a224d8
scripts/project_audit/final_scientific_validity_qa.py,49264,True,758208aceb0ff42a3fa3cde7469a527a6a87900423c20951a7c30319b8a53eba
scripts/project_audit/full_project_audit.py,18925,True,c2860ea2937ce34402830a1f2fb4736d0f152dd0b7ff11e73f3c72c6eabb9e0d
scripts/project_audit/manual_logic_dashboard_audit_20260508.py,32427,True,8c122b50a41e1938b22a5518f5ee76aff22eaee6177896414b6f67d3fdc7ca82
scripts/sec_fsd/.DS_Store,6148,False,680181f87c5775e1ea586c1954fb80245554ae1383d208427c0e5d4556b47e81
scripts/sec_fsd/__pycache__/build_candidate_universe.cpython-312.pyc,5663,False,b79f7ec260dd4101adf16920e2f5ef3a1e97da360512fef4deebde7fa3a7d6f4
scripts/sec_fsd/__pycache__/build_panel_v2.cpython-312.pyc,70242,False,db19da966ac8514d917dc3ea2940b630c5edbd9341e08bfcdd4f6e0578eca241
scripts/sec_fsd/__pycache__/build_sec_selected_fact_provenance.cpython-312.pyc,20363,False,43ae4f1306018dbc04ab3c271f28d386401e05fa979d848eaecfc39dcb483fc0
scripts/sec_fsd/__pycache__/build_universe_v2.cpython-312.pyc,8707,False,79526b44ac1211d1fe46f8ca805d5e491feab8645527ab964a819f7a778b5902
scripts/sec_fsd/__pycache__/index_submissions.cpython-312.pyc,5366,False,88fee45e31f1b13e6c709efb0e279008165793117ef0c6ad456b0b64fc87d35e
scripts/sec_fsd/__pycache__/inventory_sec_zips.cpython-312.pyc,4347,False,ab5c6cb7c57cf671462db04706b94de4f8b0a4b7463b349affee3612ca9463de
scripts/sec_fsd/__pycache__/match_distress_candidates.cpython-312.pyc,5511,False,66b3e20ea9905c000447ab842c093af52e8a08e07ebf2e899c0fc04cf85ccd60
scripts/sec_fsd/__pycache__/select_universe_expansion_150.cpython-312.pyc,17762,False,1d84a10ef077da06de8ab48cd45259d0f036ca02777fd23b87611eb8491cc40e
scripts/sec_fsd/build_candidate_universe.py,3838,True,8cf5786c320ead726a4a4bd068311b11557dd7885f634fc27246d16701ef4e32
scripts/sec_fsd/build_panel_v2.py,54786,True,615a7cfe16b7339a0cafe7171e9052ba2a00f89111d5e63147662605e34342a6
scripts/sec_fsd/build_sec_selected_fact_provenance.py,15496,True,6526932155f63743d43b241424e66098ab455cf56d9e236865594dfca93145db
scripts/sec_fsd/build_universe_v2.py,6371,True,0ad81c57be125b9637bd33d46f7eebc91f05c41b487be34ce86a9520e1c5311c
scripts/sec_fsd/index_submissions.py,3319,True,52dfc04b62a6b061c9d1b0a7df11f22aa6025cfc894e40732991c36026344e8b
scripts/sec_fsd/inventory_sec_zips.py,2642,True,afe0eb413bf7c82463f2aad4a974f09529dbb86e7d07f996ae4300221cba1b8e
scripts/sec_fsd/match_distress_candidates.py,3737,True,01b36d208d117c11d5a94d8ce5f467ab1384deddabc54015c5299d0fddd51421
scripts/sec_fsd/select_universe_expansion_150.py,13330,True,09cabcfbb8e7e0c5ebc717dac56971cd8b72736f60bfc5e16dd3e2c2db10f36a
