audit_category,ticker,cik,adsh,form,period_date,filed_date,prediction_date,prediction_year,Sector,Industry,cohort,sec_zip,total_assets,total_liabilities,total_equity,total_revenue,gross_profit,operating_income,net_income,cash_equivalents,current_assets,current_liabilities,cash_flow_operating,capex,leverage_assets,current_ratio,cash_assets,roa,net_margin,operating_margin,gross_margin,FEDFUNDS,M2SL,DCOILWTICO,VIXCLS,NFCI,global_event_count,global_event_names,event_date,event_label,event_type,verification_status,days_to_event,post_event_flag,distress_next_4q,failure_pressure_conservative_v2_next_4obs,success_resilience_next_4q
failure_pressure_without_strict_distress,AMC,1411579,0001411579-19-000063,10-Q,2019-09-30,2019-11-07,2019-11-07,2019,Communication Services,,distress_candidates,2019q4,13281300000.0,12098000000.0,1183300000.0,1316800000.0,,20800000.0,-54800000.0,100400000.0,448700000.0,1647200000.0,56600000.0,,0.9109048060054362,0.27240165128703253,0.007559500952467002,-0.004126102113497926,-0.041616038882138516,0.015795868772782502,,1.55,15296.0,56.91,12.73,-0.561,1,US-China trade war,2020-12-31,near_distress,near_distress,initial_seed,420.0,0,0,1,0
failure_pressure_without_strict_distress,ANRZQ,1301063,0001301063-13-000020,10-Q,2013-03-31,2013-05-07,2013-05-07,2013,Energy,,distress_candidates,2013q2,12847484000.0,7983722000.0,4863762000.0,1333591000.0,,-130700000.0,-110788000.0,610395000.0,2170015000.0,1280087000.0,,44186000.0,0.6214229961290475,1.6952089975134503,0.04751085893549274,-0.008623322667691198,-0.08307494576673058,-0.09800606032884145,,0.11,10646.1,95.28,12.83,-0.713,0,,2015-08-03,formal_distress,bankruptcy,source_verified_2026_05_07,818.0,0,0,1,0
failure_pressure_without_strict_distress,BKR,1701605,0001701605-20-000068,10-Q,2020-06-30,2020-07-24,2020-07-24,2020,Energy,Oil & Gas Equipment & Services,core_large_cap,2020q3,37523000000.0,,11254000000.0,4736000000.0,,-52000000.0,-201000000.0,4132000000.0,15502000000.0,10567000000.0,230000000.0,,,1.467019967824359,0.11011912693547957,-0.005356714548410309,-0.04244087837837838,-0.01097972972972973,,0.09,18335.4,41.23,25.84,-0.459,1,COVID-19 pandemic shock,,,,,,0,0,1,
failure_pressure_without_strict_distress,BPTH,1133818,0001144204-18-059966,10-Q,2018-09-30,2018-11-14,2018-11-14,2018,Consumer Cyclical,SIC 5940.0,expansion_event_review,2018q4,3945000.0,957000.0,2988000.0,,,-3082000.0,-3081000.0,,2824000.0,957000.0,-1471000.0,0.0,0.24258555133079848,2.9508881922675028,,-0.7809885931558935,,,,2.2,14282.8,56.16,21.25,-0.521,1,US-China trade war,,,,,,0,0,1,0
failure_pressure_without_strict_distress,BYND,1655210,0001655210-24-000210,10-Q,2024-06-30,2024-08-08,2024-08-08,2024,Industrials,,distress_candidates,2024q3,711234000.0,,-590025000.0,93185000.0,13717000.0,-33931000.0,-34479000.0,144873000.0,317265000.0,83518000.0,-16009000.0,1323000.0,,3.7987619435331306,0.2036924556475084,-0.04847771619467011,-0.3700059022374846,-0.36412512743467296,0.14720180286526802,5.33,21186.8,77.64,23.79,-0.366,2,Russia-Ukraine war and sanctions shock; Red Sea shipping disruption,2022-12-31,near_distress,near_distress,initial_seed,-586.0,0,0,1,
failure_pressure_without_strict_distress,CCI,1051470,0001193125-09-225905,10-Q,2009-09-30,2009-11-06,2009-11-06,2009,Communication Services,,additional_controls,2009q4,10483219000.0,7316278000.0,2852238000.0,429079000.0,,118801000.0,-31639000.0,268831000.0,675293000.0,644704000.0,124215000.0,,0.6979037641014654,1.0474465801360004,0.025643936275680207,-0.003018061532435791,-0.0737370041414285,0.2768744217265352,,0.12,8517.0,77.4,24.19,0.015,1,Global financial crisis aftershock,,,,,,0,0,1,0
failure_pressure_without_strict_distress,CIK0000007332,7332,0000007332-20-000055,10-Q,2020-06-30,2020-07-31,2020-07-31,2020,Energy,SIC 1311.0,expansion_event_review,2020q3,4555000000.0,,823000000.0,410000000.0,,-756000000.0,-880000000.0,10000000.0,770000000.0,875000000.0,94000000.0,,,0.88,0.0021953896816684962,-0.19319429198682767,-2.1463414634146343,-1.8439024390243903,,0.09,18335.4,40.1,24.46,-0.477,1,COVID-19 pandemic shock,,,,,,0,0,1,
failure_pressure_without_strict_distress,CIK0000008868,8868,0000008868-15-000028,10-Q,2015-03-31,2015-04-30,2015-04-30,2015,Industrials,SIC 2844.0,expansion_event_review,2015q2,4872300000.0,4859600000.0,-3200000.0,1794200000.0,,-37600000.0,-147300000.0,668900000.0,2592700000.0,2006800000.0,-198100000.0,22400000.0,0.9973934281550808,1.2919573450269086,0.13728629189499825,-0.0302321285635121,-0.0820978709174005,-0.020956415115371753,,0.12,11954.6,59.62,14.55,-0.545,1,Oil price collapse,,,,,,0,0,1,0
failure_pressure_without_strict_distress,CIK0000008868,8868,0000008868-19-000039,10-Q,2019-06-30,2019-08-01,2019-08-01,2019,Industrials,SIC 2844.0,expansion_event_review,2019q3,2971200000.0,3423800000.0,-964500000.0,1174800000.0,,30500000.0,-19500000.0,421000000.0,1543700000.0,1756700000.0,,11300000.0,1.1523290253096392,0.8787499288438549,0.141693591814755,-0.006563004846526656,-0.016598569969356484,0.0259618658495063,,2.13,14974.4,53.64,17.87,-0.577,1,US-China trade war,,,,,,0,0,1,0
failure_pressure_without_strict_distress,CIK0000075208,75208,0001144204-13-047751,10-K,2012-12-31,2013-08-26,2013-08-26,2013,Industrials,SIC 4412.0,expansion_event_review,2013q3,4043535000.0,3509289000.0,534246000.0,255897000.0,,-311224000.0,-364773000.0,507342000.0,771427000.0,454972000.0,-70157000.0,9213000.0,0.8678764991523507,1.695548297477647,0.12546991679310307,-0.09021141154954761,-1.4254680594145301,-1.2162080837211846,,0.08,10801.2,105.88,14.99,-0.668,0,,,,,,,0,0,1,0
failure_pressure_without_strict_distress,CIK0000077281,77281,0000077281-14-000019,10-K,2013-12-31,2014-02-28,2014-02-28,2014,Real Estate,SIC 6798.0,expansion_event_review,2014q1,2718581000.0,1792129000.0,892258000.0,115792000.0,,,7550000.0,34230000.0,,,51693000.0,,0.6592148624594963,,0.012591127503649883,0.002777184126571914,0.0652031228409562,,,0.07,11196.8,102.88,14.0,-0.776,0,,2023-12-10,formal_distress,bankruptcy,source_verified_2026_05_07,3572.0,0,0,1,0
failure_pressure_without_strict_distress,CIK0000084129,84129,0001558370-22-000062,10-Q,2021-11-30,2022-01-05,2022-01-05,2022,Consumer Cyclical,SIC 5912.0,expansion_event_review,2022q1,9499124000.0,9027095000.0,472029000.0,6228880000.0,,,-36058000.0,155289000.0,4056030000.0,2949362000.0,,39645000.0,0.9503081547308994,1.3752228448050798,0.01634771795799276,-0.0037959289719767843,-0.005788841653716238,,,0.08,21650.0,77.83,19.73,-0.556,1,Global supply-chain crisis,2023-10-15,formal_distress,bankruptcy,source_verified_2026_05_07,648.0,0,0,1,0
failure_pressure_without_strict_distress,CIK0000350868,350868,0001104659-15-077719,10-Q,2015-09-30,2015-11-10,2015-11-10,2015,Industrials,SIC 3669.0,expansion_event_review,2015q4,69715000.0,15101000.0,54614000.0,20573000.0,7883000.0,-569000.0,-395000.0,19137000.0,43495000.0,14124000.0,537000.0,162000.0,0.2166104855483038,3.0795100538091194,0.27450333500681345,-0.005665925554041455,-0.019199922228163125,-0.0276576094881641,0.38317211879648083,0.12,12317.0,44.23,15.29,-0.47,2,Oil price collapse; China market and renminbi turbulence,,,,,,0,0,1,0
failure_pressure_without_strict_distress,CIK0000809248,809248,0000809248-21-000088,10-Q,2021-03-31,2021-05-13,2021-05-13,2021,Consumer Cyclical,SIC 5812.0,expansion_event_review,2021q2,1745190000.0,1476255000.0,268935000.0,389993000.0,,-3103000.0,-7168000.0,59929000.0,113140000.0,158777000.0,7036000.0,,0.8458993003627112,0.7125717200854028,0.034339527501303584,-0.0041072891776826595,-0.018379817073639785,-0.007956553066337088,,0.06,20459.0,63.82,23.13,-0.686,2,COVID-19 pandemic shock; Global supply-chain crisis,,,,,,0,0,1,0
failure_pressure_without_strict_distress,CIK0000831547,831547,0000831547-18-000051,10-Q,2018-03-31,2018-05-04,2018-05-04,2018,Healthcare,SIC 2834.0,expansion_event_review,2018q2,444273000.0,119979000.0,324294000.0,30495000.0,,-25264000.0,-15816000.0,183513000.0,277028000.0,93422000.0,-26745000.0,52000.0,0.2700569244586099,2.9653400697908414,0.4130635892795646,-0.03559973259684923,-0.5186424003935072,-0.8284636825709133,,1.7,14092.4,69.71,14.77,-0.551,1,US-China trade war,,,,,,0,0,1,0
failure_pressure_without_strict_distress,CIK0001037016,1037016,0001037016-13-000015,10-Q,2013-03-31,2013-05-02,2013-05-02,2013,Communication Services,SIC 4812.0,expansion_event_review,2013q2,9685117000.0,7494750000.0,2190367000.0,1413396000.0,,-101862000.0,-207504000.0,1884451000.0,3798219000.0,1514836000.0,-142630000.0,268927000.0,0.7738419680423065,2.507346669870534,0.1945718363546873,-0.02142503802483749,-0.14681235831996128,-0.07206897430019613,,0.11,10646.1,93.7,13.59,-0.704,0,,,,,,,0,0,1,0
failure_pressure_without_strict_distress,CIK0001038357,1038357,0001038357-20-000034,10-Q,2020-03-31,2020-05-08,2020-05-08,2020,Energy,SIC 1311.0,expansion_event_review,2020q2,19051000000.0,,12211000000.0,2257000000.0,,,289000000.0,784000000.0,2069000000.0,2080000000.0,825000000.0,,,0.9947115384615385,0.04115269539656711,0.015169807359193743,0.128046078865751,,,0.05,17932.9,24.73,27.98,-0.038,1,COVID-19 pandemic shock,,,,,,0,0,1,
failure_pressure_without_strict_distress,CIK0001411906,1411906,0001144204-17-026953,10-Q,2017-03-31,2017-05-12,2017-05-12,2017,Healthcare,SIC 2834.0,expansion_event_review,2017q2,10839007.0,5818418.0,5020589.0,,,,-1904210.0,2256341.0,2967408.0,2129105.0,-2621040.0,17453.0,0.5368036020273813,1.393734926177901,0.20816860806529602,-0.17568122245884701,,,,0.91,13568.9,47.83,10.4,-0.527,0,,,,,,,0,0,1,0
failure_pressure_without_strict_distress,CRM,1108524,0001193125-12-377656,10-Q,2012-07-31,2012-08-31,2012-08-31,2012,Technology,Software - Application,core_large_cap,2012q3,4453570000.0,2494899000.0,1892314000.0,731649000.0,569231000.0,-13466000.0,-9829000.0,1000730000.0,1853125000.0,2329167000.0,136197000.0,29304000.0,0.5602020401610394,0.7956170596612437,0.224702878814075,-0.0022069934906153938,-0.013434037359444215,-0.01840500021185022,0.7780110408132862,0.13,10145.6,96.47,17.47,-0.461,1,European sovereign debt crisis,,,,,,0,0,1,0
failure_pressure_without_strict_distress,CRMD,1410098,0001144204-13-029499,10-Q,2013-03-31,2013-05-15,2013-05-15,2013,Healthcare,SIC 2834.0,expansion_matched_controls,2013q2,967649.0,2243866.0,-1276217.0,,,-816776.0,-1257051.0,692720.0,950182.0,2232913.0,-617751.0,0.0,2.3188842235149316,0.42553471631003986,0.7158794149531493,-1.2990774547382367,,,,0.11,10646.1,93.95,12.81,-0.718,0,,,,,,,0,0,1,0
failure_pressure_without_strict_distress,CRMD,1410098,0001354488-14-002703,10-Q,2014-03-31,2014-05-15,2014-05-15,2014,Healthcare,SIC 2834.0,expansion_matched_controls,2014q2,9761335.0,13490356.0,-3729021.0,12203.0,-68823.0,-2934550.0,-16713291.0,9189398.0,9714419.0,1122470.0,-1429289.0,0.0,1.382019570069053,8.654502124778391,0.9414079119300792,-1.7121931580055392,,,-5.63984266164058,0.09,11342.8,101.74,13.17,-0.773,0,,,,,,,0,0,1,0
failure_pressure_without_strict_distress,CVM,725363,0001354488-15-000484,10-Q,2014-12-31,2015-02-06,2015-02-06,2015,Healthcare,SIC 2836.0,expansion_matched_controls,2015q1,19553024.0,7714082.0,11838942.0,,,-9995741.0,-7845318.0,9461235.0,12313070.0,3790557.0,-5439152.0,17100.0,0.3945211748320874,3.2483537379862644,0.4838757933299729,-0.40123297552337683,,,,0.11,11922.8,51.66,17.29,-0.506,1,Oil price collapse,,,,,,0,0,1,0
failure_pressure_without_strict_distress,CVM,725363,0001654954-20-014038,10-Q/A,2020-06-30,2020-12-31,2020-12-31,2020,Healthcare,SIC 2836.0,expansion_matched_controls,2020q4,43908218.0,23019927.0,20888291.0,,,-6965599.0,-10276979.0,20136789.0,22684685.0,4651233.0,-3699751.0,-2283124.0,0.5242737703452233,4.877133654667483,0.4586109370232242,-0.23405593458609503,,,,0.09,19115.7,48.35,22.75,-0.604,1,COVID-19 pandemic shock,,,,,,0,0,1,0
failure_pressure_without_strict_distress,DXCM,1093557,0001093557-13-000083,10-Q,2013-06-30,2013-08-07,2013-08-07,2013,Healthcare,Medical Devices,core_large_cap,2013q3,102300000.0,30000000.0,72300000.0,35800000.0,21900000.0,-9900000.0,-10100000.0,28200000.0,74200000.0,21100000.0,900000.0,2000000.0,0.2932551319648094,3.5165876777251186,0.2756598240469208,-0.09872922776148582,-0.28212290502793297,-0.276536312849162,0.611731843575419,0.08,10801.2,104.41,12.98,-0.668,0,,,,,,,0,0,1,0
failure_pressure_without_strict_distress,ELME,104894,0000104894-20-000096,10-Q,2020-09-30,2020-10-30,2020-10-30,2020,Real Estate,SIC 6798.0,expansion_event_review,2020q4,2532272000.0,1225157000.0,1306790000.0,73227000.0,,7755000.0,-956000.0,3814000.0,,,33042000.0,,0.4838172992474742,,0.0015061573164336216,-0.0003775265848218517,-0.013055293812391604,0.10590356016223525,,0.09,18757.6,35.64,38.02,-0.507,1,COVID-19 pandemic shock,,,,,,0,0,1,0
failure_pressure_without_strict_distress,GAP,39911,0000039911-21-000063,10-Q,2021-04-30,2021-05-28,2021-05-28,2021,Consumer Cyclical,SIC 5651.0,expansion_matched_controls,2021q2,13604000000.0,,2806000000.0,3991000000.0,1630000000.0,240000000.0,166000000.0,2066000000.0,6002000000.0,3638000000.0,340000000.0,124000000.0,,1.6498075865860362,0.1518670979123787,0.012202293443104969,0.04159358556752694,0.0601353044349787,0.408418942620897,0.06,20459.0,66.31,16.76,-0.693,2,COVID-19 pandemic shock; Global supply-chain crisis,,,,,,0,0,1,
failure_pressure_without_strict_distress,GAP,39911,0000039911-22-000037,10-Q,2022-04-30,2022-05-27,2022-05-27,2022,Consumer Cyclical,SIC 5651.0,expansion_matched_controls,2022q2,12257000000.0,,2454000000.0,3477000000.0,1096000000.0,-197000000.0,-162000000.0,845000000.0,5005000000.0,3472000000.0,-362000000.0,228000000.0,,1.4415322580645162,0.06894019743819858,-0.01321693726034103,-0.04659188955996549,-0.056658038538970376,0.31521426517112455,0.77,21719.5,114.96,25.72,-0.259,3,Global supply-chain crisis; Inflation and rapid rate-hike shock; Russia-Ukraine war and sanctions shock,,,,,,0,0,1,
failure_pressure_without_strict_distress,HWM,4281,0001193125-11-275993,10-Q,2011-09-30,2011-10-20,2011-10-20,2011,Industrials,Aerospace & Defense,core_large_cap,2011q4,39598000000.0,21315000000.0,14919000000.0,6419000000.0,,,172000000.0,1332000000.0,7670000000.0,5623000000.0,489000000.0,325000000.0,0.5382847618566594,1.3640405477503112,0.03363806252841053,0.004343653719884843,0.026795451004829413,,,0.07,9584.4,86.07,34.78,-0.07,2,European sovereign debt crisis; Tohoku earthquake and Fukushima disaster,,,,,,0,0,1,0
failure_pressure_without_strict_distress,LINEQ,1326428,0001326428-14-000007,10-K,2013-12-31,2014-02-27,2014-02-27,2014,Energy,,distress_candidates,2014q1,16504964000.0,,5891427000.0,629208000.0,,,-784549000.0,52171000.0,815940000.0,1252733000.0,225701000.0,,,0.651327936599419,0.00316092782753116,-0.04753412367333852,-1.2468833835551996,,,0.07,11196.8,102.68,14.04,-0.772,0,,2016-05-11,formal_distress,bankruptcy,source_verified_2026_05_07,804.0,0,0,1,
failure_pressure_without_strict_distress,MDB,1441816,0001441816-23-000027,10-K,2023-01-31,2023-03-17,2023-03-17,2023,Technology,Database & File Management Software,core_large_cap,2023q1,2588893000.0,1849385000.0,739508000.0,676752000.0,511142000.0,-135910000.0,-122980000.0,455826000.0,2236584000.0,588512000.0,2361000.0,2728000.0,0.7143535866488109,3.8004050894459245,0.176069849159467,-0.04750292885800997,-0.1817209258339835,-0.20082689079603755,0.7552870179918197,4.65,20946.8,66.61,25.51,-0.178,3,Inflation and rapid rate-hike shock; Russia-Ukraine war and sanctions shock; US regional banking and Credit Suisse stress,,,,,,0,0,1,0
failure_pressure_without_strict_distress,PANW,1327567,0001327567-15-000036,10-Q,2015-10-31,2015-11-24,2015-11-24,2015,Technology,Software - Infrastructure,core_large_cap,2015q4,2094400000.0,,543800000.0,297200000.0,218000000.0,-30800000.0,-38700000.0,275800000.0,1039900000.0,1078200000.0,146700000.0,,,0.9644778334260805,0.13168449197860962,-0.018477845683728036,-0.13021534320323014,-0.10363391655450875,0.7335127860026918,0.12,12317.0,40.89,15.93,-0.457,2,Oil price collapse; China market and renminbi turbulence,,,,,,0,0,1,
failure_pressure_without_strict_distress,PANW,1327567,0001327567-21-000004,10-Q,2021-01-31,2021-02-23,2021-02-23,2021,Technology,Software - Infrastructure,core_large_cap,2021q1,9488400000.0,,1037300000.0,1016900000.0,709300000.0,-88800000.0,-142300000.0,2113200000.0,4275800000.0,4376300000.0,364500000.0,,,0.9770353951968558,0.22271405084102694,-0.014997259811980945,-0.13993509686301506,-0.08732422067066575,0.6975120464155767,0.08,19641.8,61.66,23.11,-0.625,2,COVID-19 pandemic shock; Global supply-chain crisis,,,,,,0,0,1,
failure_pressure_without_strict_distress,PTEN,889900,0001564590-20-047978,10-Q,2020-09-30,2020-10-27,2020-10-27,2020,Energy,SIC 1381.0,expansion_matched_controls,2020q4,3491225000.0,1371662000.0,2119563000.0,207141000.0,,-114566000.0,-112111000.0,303741000.0,532110000.0,263397000.0,63952000.0,13442000.0,0.39288845605768746,2.0201824622148314,0.08700126746342617,-0.032112224219292655,-0.54123036965159,-0.5530822000473108,,0.09,18757.6,39.34,33.35,-0.499,1,COVID-19 pandemic shock,,,,,,0,0,1,0
failure_pressure_without_strict_distress,SFES,86115,0000086115-17-000029,10-K,2016-12-31,2017-03-03,2017-03-03,2017,Real Estate,SIC 6799.0,expansion_event_review,2017q1,231828000.0,62051000.0,169777000.0,,,-3928000.0,-21701000.0,22058000.0,32551000.0,5861000.0,-4547000.0,,0.26765964421898997,5.553830404367855,0.09514812705971669,-0.09360819228048381,,,,0.79,13463.6,53.33,10.96,-0.484,0,,,,,,,0,0,1,0
failure_pressure_without_strict_distress,SHLDQ,1310067,0001445305-12-003689,10-Q,2012-10-31,2012-11-16,2012-11-16,2012,Consumer Cyclical,,distress_candidates,2012q4,21802000000.0,17901000000.0,3901000000.0,8857000000.0,,-428000000.0,-498000000.0,622000000.0,11278000000.0,10675000000.0,-1209000000.0,96000000.0,0.8210714613338226,1.056487119437939,0.028529492707091094,-0.02284194110632052,-0.056226713334086034,-0.04832336005419442,,0.16,10361.9,86.62,16.41,-0.546,1,European sovereign debt crisis,2018-10-15,formal_distress,bankruptcy,source_verified_2026_05_07,2159.0,0,0,1,0
failure_pressure_without_strict_distress,SLB,87347,0001564590-19-025739,10-Q,2019-06-30,2019-07-24,2019-07-24,2019,Energy,Oil & Gas Equipment & Services,core_large_cap,2019q3,70591000000.0,34318000000.0,35852000000.0,8269000000.0,,,492000000.0,,16333000000.0,11773000000.0,1108000000.0,404000000.0,0.48615262568882717,1.3873269345111696,,0.006969727019025088,0.05949933486515903,,,2.4,14886.8,55.9,12.07,-0.58,1,US-China trade war,,,,,,0,0,1,0
failure_pressure_without_strict_distress,TSLA,1318605,0001564590-17-021343,10-Q,2017-09-30,2017-11-03,2017-11-03,2017,Consumer Cyclical,Auto Manufacturers,core_large_cap,2017q4,28107074000.0,21929057000.0,4711480000.0,2984675000.0,449140000.0,-535480000.0,-619376000.0,3530030000.0,7068733000.0,6468940000.0,,1116434000.0,0.7801970777890292,1.092718899850671,0.1255922263555431,-0.022036303031756348,-0.2075187415715279,-0.17940981848945028,0.1504820457838793,1.16,13843.5,55.63,9.14,-0.599,0,,,,,,,0,0,1,0
failure_pressure_without_strict_distress,UAMY,101538,0001354488-13-004844,10-Q/A,2012-06-30,2013-08-22,2013-08-22,2013,Industrials,SIC 3330.0,expansion_matched_controls,2013q3,13437010.0,,,3498301.0,288920.0,26172.0,3770.0,3444003.0,,,696082.0,806322.0,,,0.25630724394787235,0.000280568370493138,0.0010776659870034054,0.007481345944788627,0.08258866232494003,0.08,10801.2,104.93,14.76,-0.672,0,,,,,,,0,0,1,0
failure_pressure_without_strict_distress,VLO,1035002,0001035002-20-000007,10-K,2019-12-31,2020-02-26,2020-02-26,2020,Industrials,,additional_controls,2020q1,53864000000.0,,21803000000.0,27879000000.0,,1739000000.0,1060000000.0,2583000000.0,18969000000.0,13160000000.0,1708000000.0,,,1.4414133738601824,0.04795410663894252,0.019679192039209863,0.03802144983679472,0.06237669930772266,,1.58,15493.4,48.67,27.56,-0.435,1,COVID-19 pandemic shock,,,,,,0,0,1,
failure_pressure_without_strict_distress,VRTX,875320,0001047469-12-010125,10-Q,2012-09-30,2012-11-06,2012-11-06,2012,Healthcare,Biotechnology,core_large_cap,2012q4,2718823000.0,1454077000.0,1027733000.0,336006000.0,,-1071000.0,-57543000.0,436886000.0,1634523000.0,406731000.0,,21396000.0,0.5348185593545443,4.0186831099670295,0.1606893865470463,-0.02116467309567412,-0.17125587043088517,-0.003187443081373547,,0.16,10361.9,88.62,17.58,-0.548,1,European sovereign debt crisis,,,,,,0,0,1,0
failure_pressure_without_strict_distress,WDAY,1327811,0001327811-17-000015,10-Q,2017-04-30,2017-06-02,2017-06-02,2017,Technology,Software - Application,core_large_cap,2017q2,3308741000.0,1987884000.0,1320857000.0,479861000.0,,-60200000.0,-64044000.0,498931000.0,2533820000.0,1289444000.0,180022000.0,,0.6007977052298744,1.9650485015246881,0.15079179663805659,-0.019356002781722715,-0.13346364884831233,-0.12545299576335647,,1.04,13580.5,47.68,9.75,-0.552,0,,,,,,,0,0,1,0
failure_pressure_without_strict_distress,WKC,789460,0001628280-24-033111,10-Q,2024-06-30,2024-07-26,2024-07-26,2024,Consumer Cyclical,SIC 5172.0,expansion_event_review,2024q3,7189200000.0,5151800000.0,2032300000.0,10965200000.0,245200000.0,45200000.0,108300000.0,524600000.0,4395600000.0,3818900000.0,67900000.0,14600000.0,0.7166026818004785,1.151012071538925,0.07297056696155343,0.015064263061258555,0.009876700835370079,0.004122131835260643,0.022361653230219238,5.33,21095.3,78.58,16.39,-0.368,2,Russia-Ukraine war and sanctions shock; Red Sea shipping disruption,,,,,,0,0,1,0
failure_pressure_without_strict_distress,WLL,1255474,0001255474-17-000010,10-Q,2017-03-31,2017-04-27,2017-04-27,2017,Energy,,distress_candidates,2017q2,9387707000.0,4324440000.0,5055319000.0,,,-77506000.0,-86971000.0,16429000.0,244022000.0,443329000.0,,,0.4606492298918149,0.5504309440618592,0.0017500546193016037,-0.009264349643635022,,,,0.9,13521.7,48.96,10.36,-0.496,0,,2020-04-01,formal_distress,bankruptcy,source_verified_2026_05_07,1070.0,0,0,1,0
failure_pressure_without_strict_distress,WYNN,1174922,0001174922-19-000080,10-Q,2019-06-30,2019-08-08,2019-08-08,2019,Communication Services,SIC 7990.0,expansion_matched_controls,2019q3,13165274000.0,11314335000.0,2050821000.0,1658332000.0,,218716000.0,94551000.0,1501886000.0,1967323000.0,1975348000.0,245586000.0,325723000.0,0.8594074836573853,0.9959374246968129,0.11407935755837668,0.007181848247138647,0.05701572423374813,0.13188915126765932,,2.13,14974.4,52.6,16.91,-0.569,1,US-China trade war,,,,,,0,0,1,0
failure_pressure_without_strict_distress,XOM,34088,0000034088-19-000062,10-Q,2019-09-30,2019-11-06,2019-11-06,2019,Energy,Oil & Gas Integrated,core_large_cap,2019q4,359361000000.0,162252000000.0,189915000000.0,65049000000.0,,,3170000000.0,5351000000.0,50008000000.0,64195000000.0,9079000000.0,6285000000.0,0.45150141501164565,0.7790014798660332,0.014890319205478614,0.008821213209001533,0.0487324939660871,,,1.55,15296.0,56.15,12.62,-0.561,1,US-China trade war,,,,,,0,0,1,0
global_event_context_present,ADI,6281,0000006281-20-000013,10-Q,2020-01-31,2020-02-19,2020-02-19,2020,Technology,Semiconductors,core_large_cap,2020q1,21376827000.0,,11689517000.0,1303565000.0,848142000.0,273428000.0,203874000.0,654408000.0,1911179000.0,1770542000.0,349648000.0,54839000.0,,1.0794316090778981,0.030612962344692223,0.009537149736955818,0.15639726442486565,0.20975402070475965,0.6506326880516123,1.58,15493.4,53.31,14.38,-0.535,1,COVID-19 pandemic shock,,,,,,0,0,0,
global_event_context_present,ADP,8670,0000008670-23-000030,10-K,2023-06-30,2023-08-03,2023-08-03,2023,Technology,Software - Application,core_large_cap,2023q3,50971000000.0,47461900000.0,3509100000.0,4477800000.0,,,776700000.0,2083500000.0,42170600000.0,42767600000.0,1185700000.0,,0.9311549704734065,0.9860408346505298,0.04087618449706696,0.01523807655333425,0.17345571485997588,,,5.33,20777.2,81.56,15.92,-0.282,1,Russia-Ukraine war and sanctions shock,,,,,,0,0,0,0
global_event_context_present,AIG,5272,0000005272-24-000023,10-K,2023-12-31,2024-02-14,2024-02-14,2024,Financial Services,Insurance - Diversified,core_large_cap,2024q1,539306000000.0,488005000000.0,45351000000.0,9826000000.0,,,93000000.0,2204000000.0,,,1622000000.0,,0.9048758960590092,,0.004086733691077051,0.00017244384449644542,0.009464685528190514,,,5.33,20927.4,77.09,14.38,-0.412,2,Russia-Ukraine war and sanctions shock; Red Sea shipping disruption,,,,,,0,0,0,0
global_event_context_present,AMT,1053507,0001053507-24-000011,10-K,2023-12-31,2024-02-27,2024-02-27,2024,Real Estate,REIT - Specialty,core_large_cap,2024q1,66027600000.0,55162200000.0,4198200000.0,2786700000.0,,716900000.0,13300000.0,1973300000.0,3710000000.0,7249300000.0,1141900000.0,524600000.0,0.8354415426276285,0.5117735505497083,0.029885987072072892,0.00020143091676813938,0.0047726701833710125,0.2572576883051638,,5.33,20927.4,79.8,13.43,-0.428,2,Russia-Ukraine war and sanctions shock; Red Sea shipping disruption,,,,,,0,0,0,1
global_event_context_present,AVGO,1730168,0001730168-18-000019,10-Q,2018-04-30,2018-06-14,2018-06-14,2018,Technology,Semiconductors,core_large_cap,2018q2,54936000000.0,22869000000.0,32067000000.0,5014000000.0,2551000000.0,1201000000.0,3718000000.0,8187000000.0,12474000000.0,2124000000.0,,,0.41628440366972475,5.872881355932203,0.14902795980777633,0.06767875345856997,0.741523733546071,0.2395293179098524,0.5087754287993618,1.82,14137.2,66.91,12.12,-0.554,1,US-China trade war,,,,,,0,0,0,1
global_event_context_present,CIK0000350868,350868,0001104659-16-156308,10-Q,2016-09-30,2016-11-14,2016-11-14,2016,Industrials,SIC 3669.0,expansion_event_review,2016q4,60822000.0,16773000.0,44049000.0,24060000.0,9455000.0,-185000.0,-40000.0,15713000.0,39951000.0,15180000.0,747000.0,109000.0,0.2757719246325343,2.631818181818182,0.2583440202558285,-0.0006576567689322942,-0.0016625103906899418,-0.007689110556940981,0.392975893599335,0.41,13208.7,43.29,14.48,-0.404,1,Brexit referendum and immediate uncertainty,,,,,,0,0,1,0
global_event_context_present,CIK0000718877,718877,0001104659-12-075353,10-Q,2012-09-30,2012-11-07,2012-11-07,2012,Technology,SIC 7372.0,expansion_event_review,2012q4,12661000000.0,1778000000.0,10883000000.0,841000000.0,,227000000.0,226000000.0,2909000000.0,4702000000.0,1555000000.0,,20000000.0,0.14043124555722297,3.0237942122186494,0.2297606824105521,0.017850090830108207,0.26872770511296074,0.2699167657550535,,0.16,10361.9,84.5,19.08,-0.548,1,European sovereign debt crisis,,,,,,0,0,0,1
global_event_context_present,CIK0000811532,811532,0000811532-24-000079,10-Q,2024-03-31,2024-05-09,2024-05-09,2024,Communication Services,SIC 7990.0,expansion_event_review,2024q2,2264265000.0,,,101615000.0,,-126284000.0,-133467000.0,35128000.0,190187000.0,424266000.0,-110610000.0,,,0.4482730173994617,0.015514085144627507,-0.05894495564785924,-1.313457658810215,-1.242769276189539,,5.33,21020.6,80.86,12.69,-0.418,2,Russia-Ukraine war and sanctions shock; Red Sea shipping disruption,,,,,,0,0,,
global_event_context_present,CIK0000928022,928022,0000928022-15-000036,10-Q,2015-03-31,2015-05-07,2015-05-07,2015,Energy,SIC 1311.0,expansion_event_review,2015q2,918037000.0,430486000.0,487551000.0,,,-12889000.0,-10197000.0,2144000.0,54223000.0,89804000.0,,70780000.0,0.46892009799169315,0.6037927041111755,0.002335417853528779,-0.01110739545356015,,,,0.12,11982.6,58.99,15.13,-0.546,1,Oil price collapse,,,,,,0,0,1,0
global_event_context_present,CIK0001168054,1168054,0001558370-15-002220,10-Q,2015-09-30,2015-11-04,2015-11-04,2015,Energy,SIC 1311.0,expansion_event_review,2015q4,6336362000.0,2902395000.0,3433967000.0,356055000.0,,-1179875000.0,-763284000.0,899312000.0,1238461000.0,481108000.0,,,0.45805384856483894,2.574185006277177,0.141928759752047,-0.12046092063553188,-2.143724986308295,-3.3137436631981014,,0.12,12317.0,46.32,15.51,-0.466,2,Oil price collapse; China market and renminbi turbulence,,,,,,0,0,1,0
global_event_context_present,DECK,910521,0001104659-12-076068,10-Q,2012-09-30,2012-11-08,2012-11-08,2012,Industrials,,additional_controls,2012q4,1256343000.0,,681779000.0,376392000.0,159293000.0,59609000.0,43061000.0,61636000.0,890647000.0,516618000.0,,16051000.0,,1.7239952924598059,0.04905985069364019,0.034274875571400486,0.11440466322344789,0.15836946587600162,0.42321037641607684,0.16,10361.9,85.07,18.49,-0.548,1,European sovereign debt crisis,,,,,,0,0,0,
global_event_context_present,DIS,1744489,0001744489-23-000049,10-Q,2022-12-31,2023-02-08,2023-02-08,2023,Communication Services,Entertainment,core_large_cap,2023q1,202124000000.0,,96149000000.0,23512000000.0,,,1279000000.0,8470000000.0,26912000000.0,27070000000.0,,1181000000.0,,0.9941632803841891,0.041904969226811264,0.006327798776988383,0.05439775433821028,,,4.57,21242.9,78.47,19.63,-0.316,2,Inflation and rapid rate-hike shock; Russia-Ukraine war and sanctions shock,,,,,,0,0,0,
global_event_context_present,EIX,827052,0000827052-24-000055,10-Q,2024-06-30,2024-07-25,2024-07-25,2024,Utilities,,additional_controls,2024q3,84818000000.0,66950000000.0,15424000000.0,4336000000.0,,900000000.0,509000000.0,465000000.0,8512000000.0,8274000000.0,329000000.0,1421000000.0,0.7893371689971468,1.0287648054145515,0.005482326864580631,0.0060010846754226695,0.11738929889298894,0.20756457564575645,,5.33,21095.3,79.43,18.46,-0.371,2,Russia-Ukraine war and sanctions shock; Red Sea shipping disruption,,,,,,0,0,0,1
global_event_context_present,ELME,104894,0000104894-20-000096,10-Q,2020-09-30,2020-10-30,2020-10-30,2020,Real Estate,SIC 6798.0,expansion_event_review,2020q4,2532272000.0,1225157000.0,1306790000.0,73227000.0,,7755000.0,-956000.0,3814000.0,,,33042000.0,,0.4838172992474742,,0.0015061573164336216,-0.0003775265848218517,-0.013055293812391604,0.10590356016223525,,0.09,18757.6,35.64,38.02,-0.507,1,COVID-19 pandemic shock,,,,,,0,0,1,0
global_event_context_present,FDP,1047340,0001047340-15-000315,10-Q,2015-09-30,2015-10-27,2015-10-27,2015,Agriculture,SIC 100.0,expansion_matched_controls,2015q4,2658400000.0,821100000.0,1793900000.0,936100000.0,83300000.0,34400000.0,28500000.0,42600000.0,998000000.0,401100000.0,,,0.3088699969906711,2.4881575666915983,0.01602467649714114,0.010720734276256395,0.030445465228073922,0.03674821066125414,0.08898621942100203,0.12,12225.2,43.21,15.43,-0.457,2,Oil price collapse; China market and renminbi turbulence,,,,,,0,0,0,1
global_event_context_present,FICO,814547,0000814547-21-000003,10-Q,2020-12-31,2021-01-28,2021-01-28,2021,Technology,Software - Application,core_large_cap,2021q1,1576863000.0,1252742000.0,324121000.0,312414000.0,,94721000.0,86492000.0,144662000.0,508441000.0,391042000.0,77947000.0,3045000.0,0.7944520227819412,1.3002209481334486,0.09174037313323985,0.054850675042790654,0.27685058928217043,0.3031906380635951,,0.09,19379.0,52.26,30.21,-0.618,2,COVID-19 pandemic shock; Global supply-chain crisis,,,,,,0,0,0,0
global_event_context_present,FLR,1124198,0001047469-12-001294,10-K,2011-12-31,2012-02-22,2012-02-22,2012,Industrials,SIC 1600.0,expansion_matched_controls,2012q1,8270276000.0,,3395525000.0,6252100000.0,,,153100000.0,2161411000.0,5880623000.0,3840111000.0,,100763000.0,,1.53136797347785,0.2613469006354806,0.018512078677906274,0.02448777210857152,,,0.1,9809.8,105.99,18.19,-0.394,1,European sovereign debt crisis,,,,,,0,0,0,
global_event_context_present,FTR,20520,0001562762-22-000345,10-Q,2022-06-30,2022-08-05,2022-08-05,2022,Communication Services,,distress_candidates,2022q3,18035000000.0,13239000000.0,4796000000.0,,,,,678000000.0,3502000000.0,1779000000.0,,,0.7340726365400609,1.9685216413715572,0.03759356806210147,,,,,2.33,21638.2,91.77,21.15,-0.233,3,Global supply-chain crisis; Inflation and rapid rate-hike shock; Russia-Ukraine war and sanctions shock,2020-04-14,formal_distress,bankruptcy,source_verified_2026_05_07,-843.0,1,0,,
global_event_context_present,GRMN,1121788,0001564590-20-019417,10-Q,2020-03-31,2020-04-29,2020-04-29,2020,Industrials,,additional_controls,2020q2,6053993000.0,,4934400000.0,856108000.0,506940000.0,177482000.0,161180000.0,1048604000.0,2928886000.0,781872000.0,225874000.0,41361000.0,,3.745991671271001,0.17320865749266642,0.026623750638628093,0.1882706387511856,0.20731262878048096,0.5921449162956076,0.05,17065.3,15.04,31.23,0.159,2,COVID-19 pandemic shock; Oil price crash during COVID shock,,,,,,0,0,0,
global_event_context_present,HUM,49071,0000049071-24-000040,10-Q,2024-06-30,2024-07-31,2024-07-31,2024,Financial Services,,additional_controls,2024q3,50093000000.0,33365000000.0,16671000000.0,29540000000.0,,1141000000.0,679000000.0,5501000000.0,32858000000.0,19790000000.0,1213000000.0,114000000.0,0.6660611263050725,1.66033350176857,0.10981574271854351,0.01355478809414489,0.02298578199052133,0.038625592417061615,,5.33,21095.3,79.36,16.36,-0.368,2,Russia-Ukraine war and sanctions shock; Red Sea shipping disruption,,,,,,0,0,0,1
global_event_context_present,KR,56873,0001558370-20-007804,10-Q,2020-05-31,2020-06-26,2020-06-26,2020,Consumer Defensive,Grocery Stores,core_large_cap,2020q2,46942000000.0,37614000000.0,9356000000.0,41549000000.0,,1326000000.0,1212000000.0,2726000000.0,12175000000.0,14671000000.0,4245000000.0,,0.8012866942183972,0.8298684479585577,0.05807166290315709,0.025819095905585617,0.029170377145057644,0.031914125490384845,,0.08,18184.3,38.53,34.73,-0.387,1,COVID-19 pandemic shock,,,,,,0,0,0,1
global_event_context_present,LUV,92380,0000092380-19-000022,10-K,2018-12-31,2019-02-05,2019-02-05,2019,Industrials,SIC 4512.0,expansion_matched_controls,2019q1,26243000000.0,,9853000000.0,5704000000.0,,820000000.0,654000000.0,1854000000.0,5028000000.0,7905000000.0,989000000.0,,,0.6360531309297913,0.07064741073810159,0.02492093129596464,0.11465638148667602,0.14375876577840113,,2.4,14506.3,53.69,15.57,-0.53,1,US-China trade war,,,,,,0,0,0,
global_event_context_present,MSTR,1050446,0001564590-20-019245,10-Q,2020-03-31,2020-04-28,2020-04-28,2020,Technology,Software - Application,core_large_cap,2020q2,849271000.0,387845000.0,461426000.0,111424000.0,86879000.0,-72000.0,657000.0,429276000.0,693062000.0,252637000.0,29069000.0,661000.0,0.45667990547186943,2.7433115497729945,0.5054640980323124,0.000773604656228695,0.005896395749569213,-0.000646180356117174,0.7797153216542217,0.05,17065.3,12.4,33.57,0.159,2,COVID-19 pandemic shock; Oil price crash during COVID shock,,,,,,0,0,0,0
global_event_context_present,PEP,77476,0000077476-21-000007,10-K,2020-12-31,2021-02-11,2021-02-11,2021,Consumer Defensive,Beverages - Non-Alcoholic,core_large_cap,2021q1,92918000000.0,79366000000.0,13454000000.0,22455000000.0,12029000000.0,2826000000.0,1845000000.0,8185000000.0,23001000000.0,23372000000.0,4490000000.0,,0.8541509718246195,0.9841263049803183,0.08808842204954906,0.019856217309886137,0.08216432865731463,0.12585170340681362,0.5356936094411044,0.08,19641.8,58.22,21.25,-0.621,2,COVID-19 pandemic shock; Global supply-chain crisis,,,,,,0,0,0,1
global_event_context_present,PZZA,901491,0001157523-11-004595,10-Q,2011-06-30,2011-08-02,2011-08-02,2011,Consumer Cyclical,SIC 5812.0,expansion_matched_controls,2011q3,380695000.0,,215273000.0,293534000.0,,19155000.0,12124000.0,20106000.0,83773000.0,86280000.0,24511000.0,7599000.0,,0.9709434399629114,0.052813932413086594,0.031847016640617815,0.04130356279000048,0.06525649498865549,,0.1,9531.0,93.78,24.79,-0.392,2,European sovereign debt crisis; Tohoku earthquake and Fukushima disaster,,,,,,0,0,0,
global_event_context_present,SLM,1032033,0001628280-23-004893,10-K,2022-12-31,2023-02-23,2023-02-23,2023,Financial Services,SIC 6141.0,expansion_matched_controls,2023q1,28811029000.0,27084059000.0,1726970000.0,,,,-80509000.0,4616117000.0,,,-875000.0,,0.9400587184858965,,0.16022048362104666,-0.0027943812766978923,,,,4.57,21242.9,75.26,21.14,-0.298,2,Inflation and rapid rate-hike shock; Russia-Ukraine war and sanctions shock,,,,,,0,0,0,0
global_event_context_present,TEL,1385157,0001558370-23-012477,10-Q,2023-06-30,2023-07-28,2023-07-28,2023,Technology,Electronic Components,core_large_cap,2023q3,21701000000.0,10245000000.0,11349000000.0,3998000000.0,1299000000.0,630000000.0,528000000.0,1131000000.0,7649000000.0,4258000000.0,779000000.0,166000000.0,0.47209805999723514,1.7963832785345233,0.052117413944057875,0.024330676005714022,0.13206603301650827,0.15757878939469736,0.32491245622811404,5.12,20791.2,80.55,13.33,-0.282,1,Russia-Ukraine war and sanctions shock,,,,,,0,0,0,1
global_event_context_present,TFC,92230,0000092230-22-000110,10-Q,2022-09-30,2022-10-31,2022-10-31,2022,Financial Services,Banks - Regional,core_large_cap,2022q4,548438000000.0,487627000000.0,60811000000.0,,,,1637000000.0,22225000000.0,,,3770000000.0,,0.8891196452470471,,0.04052417957909554,0.0029848405836211205,,,,3.08,21461.5,86.54,25.88,-0.127,3,Global supply-chain crisis; Inflation and rapid rate-hike shock; Russia-Ukraine war and sanctions shock,,,,,,0,0,0,0
global_event_context_present,TJX,109198,0001193125-14-326553,10-Q,2014-07-31,2014-08-29,2014-08-29,2014,Consumer Cyclical,Apparel Retail,core_large_cap,2014q3,10921997000.0,,4274652000.0,6917212000.0,,,517624000.0,2183330000.0,6593763000.0,3824929000.0,,231754000.0,,1.723891606876886,0.19990208750286234,0.04739279822179039,0.07483130486675846,,,0.09,11477.3,97.86,11.98,-0.722,1,Oil price collapse,,,,,,0,0,0,
global_event_context_present,TTWO,946581,0001047469-12-000587,10-Q,2011-12-31,2012-02-03,2012-02-03,2012,Communication Services,Electronic Gaming & Multimedia,core_large_cap,2012q1,1140596000.0,499111000.0,641485000.0,236325000.0,109858000.0,20248000.0,14104000.0,453316000.0,752420000.0,169078000.0,-44373000.0,3204000.0,0.43758789264559933,4.450135440447604,0.3974378307481352,0.01236546507264623,0.05968052470115307,0.08567862054374273,0.464859832857294,0.1,9809.8,97.8,17.1,-0.355,1,European sovereign debt crisis,,,,,,0,0,1,0
global_event_context_present,UAL,100517,0001193125-10-233734,10-Q,2010-09-30,2010-10-21,2010-10-21,2010,Industrials,,additional_controls,2010q4,20055000000.0,,-2206000000.0,5394000000.0,,535000000.0,387000000.0,4938000000.0,7070000000.0,8256000000.0,445000000.0,,,0.8563468992248062,0.2462228870605834,0.019296933433059087,0.07174638487208009,0.09918427882832777,,0.19,8768.4,80.03,19.27,-0.398,1,European sovereign debt crisis,,,,,,0,0,0,
global_event_context_present,USB,36104,0001193125-19-287486,10-Q,2019-09-30,2019-11-08,2019-11-08,2019,Financial Services,Banks - Regional,core_large_cap,2019q4,487671000000.0,433524000000.0,53517000000.0,,,,1908000000.0,,,,3046000000.0,,0.8889681773162644,,,0.00391247377842849,,,,1.55,15296.0,57.02,12.07,-0.571,1,US-China trade war,,,,,,0,0,0,0
global_event_context_present,VNO,899689,0000899689-24-000033,10-Q,2024-06-30,2024-08-05,2024-08-05,2024,Real Estate,SIC 6798.0,expansion_matched_controls,2024q3,16210181000.0,9798717000.0,5626300000.0,450266000.0,,,50789000.0,872609000.0,,,194679000.0,,0.6044791850257564,,0.05383092267754444,0.0031331544046300287,0.1127977684302168,,,5.33,21186.8,74.46,38.57,-0.366,2,Russia-Ukraine war and sanctions shock; Red Sea shipping disruption,,,,,,0,0,0,1
global_event_context_present,WMT,104169,0001193125-11-335177,10-Q,2011-10-31,2011-12-08,2011-12-08,2011,Consumer Defensive,Discount Stores,core_large_cap,2011q4,195039000000.0,,67163000000.0,110226000000.0,,5878000000.0,3336000000.0,7063000000.0,59271000000.0,67339000000.0,,,,0.8801883009845706,0.03621327016647952,0.017104271453401626,0.03026509172064667,0.05332680129914902,,0.07,9683.9,98.35,30.59,-0.07,2,European sovereign debt crisis; Tohoku earthquake and Fukushima disaster,,,,,,0,0,0,
global_event_context_present,WTW,1140536,0001140536-16-000069,10-Q,2016-06-30,2016-08-09,2016-08-09,2016,Financial Services,,additional_controls,2016q3,32409000000.0,21169000000.0,11050000000.0,1949000000.0,,136000000.0,72000000.0,949000000.0,15230000000.0,14417000000.0,309000000.0,,0.6531827578758986,1.0563917597280987,0.029281989570798236,0.0022216051096917524,0.03694202154951257,0.06977937403796819,,0.4,12989.7,42.78,11.66,-0.36,1,Brexit referendum and immediate uncertainty,,,,,,0,0,0,1
known_anchor_tickers,AAPL,320193,0001193125-09-214859,10-K,2009-09-30,2009-10-27,2009-10-27,2009,Technology,Consumer Electronics,core_large_cap,2009q4,53851000000.0,26019000000.0,27832000000.0,9870000000.0,3614000000.0,2193000000.0,1665000000.0,5263000000.0,36265000000.0,19282000000.0,3110000000.0,,0.48316651501364877,1.880769629706462,0.09773263263449147,0.030918645893298173,0.16869300911854104,0.22218844984802433,0.36616008105369807,0.12,8487.9,79.45,24.83,0.032,1,Global financial crisis aftershock,,,,,,0,0,0,1
known_anchor_tickers,AAPL,320193,0001193125-10-238044,10-K,2010-09-30,2010-10-27,2010-10-27,2010,Technology,Consumer Electronics,core_large_cap,2010q4,75183000000.0,27392000000.0,47791000000.0,20343000000.0,7512000000.0,5447000000.0,4308000000.0,11261000000.0,41678000000.0,20722000000.0,5683000000.0,,0.36433768272082784,2.0112923462986196,0.14978120053735552,0.057300187542396554,0.2117681757852824,0.26775795113798356,0.36926706975372364,0.19,8768.4,81.9,20.71,-0.416,1,European sovereign debt crisis,,,,,,0,0,0,1
known_anchor_tickers,AAPL,320193,0001193125-13-168288,10-Q,2013-03-31,2013-04-24,2013-04-24,2013,Technology,Consumer Electronics,core_large_cap,2013q2,194743000000.0,59253000000.0,135490000000.0,43603000000.0,16349000000.0,12558000000.0,9547000000.0,12053000000.0,63337000000.0,35508000000.0,12504000000.0,,0.3042625408872206,1.7837388757463106,0.06189182666385955,0.049023584929881944,0.2189528243469486,0.2880077058917964,0.37495126482122787,0.15,10611.3,91.07,13.61,-0.691,0,,,,,,,0,0,0,1
known_anchor_tickers,AAPL,320193,0001193125-14-383437,10-K,2014-09-30,2014-10-27,2014-10-27,2014,Technology,Consumer Electronics,core_large_cap,2014q4,231839000000.0,120292000000.0,111547000000.0,42123000000.0,16009000000.0,11165000000.0,8467000000.0,13844000000.0,68531000000.0,63448000000.0,,,0.5188600709975457,1.0801128483167317,0.059713853148089836,0.03652103399341785,0.20100657597986848,0.26505709469885813,0.38005365239892697,0.09,11593.1,81.26,16.04,-0.639,1,Oil price collapse,,,,,,0,0,0,1
known_anchor_tickers,AAPL,320193,0000320193-20-000010,10-Q,2019-12-31,2020-01-29,2020-01-29,2020,Technology,Consumer Electronics,core_large_cap,2020q1,340618000000.0,251087000000.0,89531000000.0,91819000000.0,35217000000.0,25569000000.0,22236000000.0,39771000000.0,163231000000.0,102161000000.0,30516000000.0,2107000000.0,0.7371512955862579,1.5977819324399722,0.11676129858081487,0.06528134156151466,0.2421720994565395,0.2784717759940753,0.38354806739345887,1.55,15427.1,53.29,16.39,-0.623,0,,,,,,,0,0,0,1
known_anchor_tickers,AAPL,320193,0000320193-21-000065,10-Q,2021-06-30,2021-07-28,2021-07-28,2021,Technology,Consumer Electronics,core_large_cap,2021q3,329840000000.0,265560000000.0,64280000000.0,81434000000.0,35255000000.0,24126000000.0,21744000000.0,34050000000.0,114423000000.0,107754000000.0,21094000000.0,2093000000.0,0.8051176327916566,1.0618909738849602,0.10323186999757458,0.06592287169536745,0.2670137780288332,0.296264459562345,0.4329272785323084,0.1,20633.3,72.37,18.31,-0.661,2,COVID-19 pandemic shock; Global supply-chain crisis,,,,,,0,0,0,1
known_anchor_tickers,AAPL,320193,0000320193-22-000007,10-Q,2021-12-31,2022-01-28,2022-01-28,2022,Technology,Consumer Electronics,core_large_cap,2022q1,381191000000.0,309259000000.0,71932000000.0,123945000000.0,54243000000.0,41488000000.0,34630000000.0,37119000000.0,153154000000.0,147574000000.0,46966000000.0,2803000000.0,0.811296699030145,1.0378115386179136,0.09737638086943291,0.09084684580695766,0.2793981201339304,0.3347291137197951,0.43763766186615033,0.08,21650.0,87.67,27.66,-0.542,1,Global supply-chain crisis,,,,,,0,0,0,1
known_anchor_tickers,AAPL,320193,0000320193-24-000069,10-Q,2024-03-31,2024-05-03,2024-05-03,2024,Technology,Consumer Electronics,core_large_cap,2024q2,337411000000.0,263217000000.0,74194000000.0,90753000000.0,42271000000.0,27900000000.0,23636000000.0,32695000000.0,128416000000.0,123822000000.0,22690000000.0,1996000000.0,0.7801079395751769,1.0371016459110658,0.09689962686456577,0.07005106531796533,0.26044318094167684,0.30742785362467356,0.46578074554009236,5.33,21020.6,79.65,13.49,-0.418,2,Russia-Ukraine war and sanctions shock; Red Sea shipping disruption,,,,,,0,0,0,1
known_anchor_tickers,BKR,1701605,0001701605-17-000066,10-Q,2017-06-30,2017-07-28,2017-07-28,2017,Energy,Oil & Gas Equipment & Services,core_large_cap,2017q3,,,,,,,,,,,,,,,,,,,,1.15,13643.1,49.72,10.29,-0.576,0,,,,,,,0,0,0,
known_anchor_tickers,BKR,1701605,0001701605-18-000029,10-K,2017-12-31,2018-02-23,2018-02-23,2018,Energy,Oil & Gas Equipment & Services,core_large_cap,2018q1,57050000000.0,,14709000000.0,5763000000.0,,-92000000.0,30000000.0,7023000000.0,18499000000.0,8897000000.0,-214000000.0,,,2.0792401933235922,0.123102541630149,0.0005258545135845749,0.0052056220718375845,-0.015963907686968593,,1.42,13949.3,63.52,16.49,-0.545,0,,,,,,,0,0,0,
known_anchor_tickers,BKR,1701605,0001701605-18-000082,10-Q,2018-06-30,2018-07-30,2018-07-30,2018,Energy,Oil & Gas Equipment & Services,core_large_cap,2018q3,54090000000.0,,13811000000.0,5548000000.0,,78000000.0,-19000000.0,4879000000.0,16442000000.0,8633000000.0,139000000.0,,,1.904552299316576,0.0902015159918654,-0.0003512664078387872,-0.003424657534246575,0.014059120403749098,,1.91,14174.6,71.19,14.26,-0.562,1,US-China trade war,,,,,,0,0,0,
known_anchor_tickers,BKR,1701605,0001701605-20-000039,10-Q,2020-03-31,2020-04-24,2020-04-24,2020,Energy,Oil & Gas Equipment & Services,core_large_cap,2020q2,37229000000.0,,11470000000.0,5425000000.0,,-16059000000.0,-10210000000.0,3010000000.0,14653000000.0,10141000000.0,478000000.0,,,1.4449265358445913,0.0808509495285933,-0.2742485696634344,-1.8820276497695851,-2.960184331797235,,0.05,17065.3,15.99,35.93,0.159,2,COVID-19 pandemic shock; Oil price crash during COVID shock,,,,,,0,0,1,
known_anchor_tickers,BKR,1701605,0001701605-24-000131,10-Q,2024-09-30,2024-10-23,2024-10-23,2024,Energy,Oil & Gas Equipment & Services,core_large_cap,2024q4,37530000000.0,,16189000000.0,6908000000.0,,930000000.0,766000000.0,2664000000.0,16568000000.0,12790000000.0,1010000000.0,,,1.2953870211102423,0.07098321342925659,0.02041033839594991,0.11088592935726693,0.13462651997683844,,4.83,21331.9,71.37,19.24,-0.445,2,Russia-Ukraine war and sanctions shock; Red Sea shipping disruption,,,,,,0,0,0,
known_anchor_tickers,BKR,1701605,0001701605-25-000107,10-Q,2025-06-30,2025-07-23,2025-07-23,2025,Energy,Oil & Gas Equipment & Services,core_large_cap,2025q3,38740000000.0,,17697000000.0,6910000000.0,,,701000000.0,3087000000.0,17618000000.0,12515000000.0,510000000.0,,,1.4077506991610067,0.07968508002065049,0.018094992256066082,0.10144717800289435,,,4.33,22020.0,66.05,15.37,-0.518,0,,,,,,,0,0,,
known_anchor_tickers,JPM,19617,0000950123-10-074254,10-Q,2010-06-30,2010-08-06,2010-08-06,2010,Financial Services,Banks - Diversified,core_large_cap,2010q3,2014019000000.0,1842899000000.0,171120000000.0,25101000000.0,,,4795000000.0,,,,28423000000.0,,0.9150355582544156,,,0.0023808117003861432,0.19102824588661807,,,0.19,8687.9,80.67,21.74,-0.257,1,European sovereign debt crisis,,,,,,0,0,0,0
known_anchor_tickers,JPM,19617,0000019617-11-000264,10-Q,2011-09-30,2011-11-04,2011-11-04,2011,Financial Services,Banks - Diversified,core_large_cap,2011q4,2289240000000.0,2106953000000.0,182287000000.0,23763000000.0,,,4262000000.0,,,,7793000000.0,,0.9203722632838847,,,0.0018617532456186334,0.1793544586121281,,,0.08,9636.5,94.26,30.16,-0.104,2,European sovereign debt crisis; Tohoku earthquake and Fukushima disaster,,,,,,0,0,0,0
known_anchor_tickers,JPM,19617,0000019617-12-000308,10-Q,2012-09-30,2012-11-08,2012-11-08,2012,Financial Services,Banks - Diversified,core_large_cap,2012q4,2321284000000.0,2121591000000.0,199693000000.0,25146000000.0,,,5708000000.0,,,,-16659000000.0,,0.9139730425057856,,,0.0024589839071824044,0.22699435297860496,,,0.16,10361.9,85.07,18.49,-0.548,1,European sovereign debt crisis,,,,,,0,0,0,0
known_anchor_tickers,JPM,19617,0000019617-13-000300,10-Q,2013-03-31,2013-05-08,2013-05-08,2013,Financial Services,Banks - Diversified,core_large_cap,2013q2,2389349000000.0,2182263000000.0,207086000000.0,25122000000.0,,,6529000000.0,,,,19964000000.0,,0.9133295303448764,,,0.0027325434668606387,0.259891728365576,,,0.11,10646.1,96.24,12.66,-0.713,0,,,,,,,0,0,0,0
known_anchor_tickers,JPM,19617,0000019617-14-000289,10-K,2013-12-31,2014-02-20,2014-02-20,2014,Financial Services,Banks - Diversified,core_large_cap,2014q1,2415689000000.0,2204511000000.0,211178000000.0,23156000000.0,,,5278000000.0,,,,-7108000000.0,,0.9125806343449012,,,0.002184883898548199,0.2279322853688029,,,0.07,11196.8,103.2,14.79,-0.767,0,,,,,,,0,0,0,0
known_anchor_tickers,JPM,19617,0000019617-14-000339,10-Q,2014-03-31,2014-05-02,2014-05-02,2014,Financial Services,Banks - Diversified,core_large_cap,2014q2,2476986000000.0,2257331000000.0,219655000000.0,22993000000.0,,,5274000000.0,,,,14667000000.0,,0.911321662698134,,,0.0021292005687557377,0.22937415735223765,,,0.09,11342.8,100.09,12.91,-0.77,0,,,,,,,0,0,0,0
known_anchor_tickers,JPM,19617,0000019617-15-000367,10-Q,2015-06-30,2015-08-03,2015-08-03,2015,Financial Services,Banks - Diversified,core_large_cap,2015q3,2449599000000.0,2208394000000.0,241205000000.0,,,,6290000000.0,,,,17296000000.0,,0.9015328631339252,,,0.002567767214144029,,,,0.14,12112.0,45.25,12.56,-0.499,2,Oil price collapse; China market and renminbi turbulence,,,,,,0,0,0,0
known_anchor_tickers,JPM,19617,0000019617-22-000422,10-Q,2022-06-30,2022-08-03,2022-08-03,2022,Financial Services,Banks - Diversified,core_large_cap,2022q3,3841314000000.0,3555171000000.0,286143000000.0,,,,8649000000.0,669260000000.0,,,66018000000.0,,0.925509083610452,,0.17422684008649122,0.0022515732897649085,,,,2.33,21638.2,93.25,21.95,-0.22,3,Global supply-chain crisis; Inflation and rapid rate-hike shock; Russia-Ukraine war and sanctions shock,,,,,,0,0,0,0
known_anchor_tickers,JPM,19617,0000019617-25-000615,10-Q,2025-06-30,2025-08-05,2025-08-05,2025,Financial Services,Banks - Diversified,core_large_cap,2025q3,4552482000000.0,4195558000000.0,356924000000.0,,,,14987000000.0,420327000000.0,,,29547000000.0,,0.9215979327320789,,0.09232919537078894,0.0032920503584638007,,,,4.33,22087.0,66.2,17.85,-0.525,0,,,,,,,0,0,,
known_anchor_tickers,JPM,19617,0001628280-26-008131,10-K,2025-12-31,2026-02-13,2026-02-13,2026,Financial Services,Banks - Diversified,core_large_cap,2026q1,4424900000000.0,4062462000000.0,362438000000.0,,,,13025000000.0,343338000000.0,,,119724000000.0,,0.9180912562995774,,0.07759226197202197,0.0029435693461999143,,,,3.64,22627.3,63.05,20.6,-0.54,0,,,,,,,0,0,,
known_anchor_tickers,MSFT,789019,0001193125-10-015598,10-Q,2009-12-31,2010-01-28,2010-01-28,2010,Technology,Software - Infrastructure,core_large_cap,2010q1,82096000000.0,,44283000000.0,19022000000.0,,8513000000.0,6662000000.0,9422000000.0,52487000000.0,25715000000.0,4969000000.0,376000000.0,,2.041104413766284,0.1147680763983629,0.08114889885012667,0.3502260540426874,0.4475344338134791,,0.11,8477.7,73.62,23.73,-0.2,1,European sovereign debt crisis,,,,,,0,0,0,
known_anchor_tickers,MSFT,789019,0001193125-11-200680,10-K,2011-06-30,2011-07-28,2011-07-28,2011,Technology,Software - Infrastructure,core_large_cap,2011q3,108704000000.0,51621000000.0,57083000000.0,17367000000.0,,6171000000.0,5874000000.0,9610000000.0,74918000000.0,28774000000.0,5942000000.0,642000000.0,0.4748767294671769,2.603669979842914,0.08840521047983514,0.054036649985281134,0.33822767317325964,0.35532907237864914,,0.07,9344.2,97.48,23.74,-0.44,2,European sovereign debt crisis; Tohoku earthquake and Fukushima disaster,,,,,,0,0,0,1
known_anchor_tickers,MSFT,789019,0001193125-14-157088,10-Q,2014-03-31,2014-04-24,2014-04-24,2014,Technology,Software - Infrastructure,core_large_cap,2014q2,156119000000.0,68695000000.0,87424000000.0,20403000000.0,14462000000.0,6974000000.0,5660000000.0,11572000000.0,109006000000.0,33903000000.0,,1192000000.0,0.44001691017749284,3.215231690410878,0.07412294467681704,0.03625439568534259,0.2774101847767485,0.3418124785570749,0.7088173307846886,0.09,11277.7,102.2,13.32,-0.769,0,,,,,,,0,0,0,1
known_anchor_tickers,MSFT,789019,0001193125-14-289961,10-K,2014-06-30,2014-07-31,2014-07-31,2014,Technology,Software - Infrastructure,core_large_cap,2014q3,172384000000.0,82600000000.0,89784000000.0,23382000000.0,15787000000.0,6482000000.0,4612000000.0,8669000000.0,114246000000.0,45625000000.0,,1330000000.0,0.4791627993317245,2.504021917808219,0.05028888992017821,0.02675422312975682,0.19724574458985544,0.2772217945428107,0.675177486955778,0.09,11453.0,98.23,16.95,-0.738,1,Oil price collapse,,,,,,0,0,0,1
known_anchor_tickers,MSFT,789019,0001193125-16-441821,10-Q,2015-12-31,2016-01-28,2016-01-28,2016,Technology,Software - Infrastructure,core_large_cap,2016q1,180098000000.0,103318000000.0,76780000000.0,23796000000.0,13924000000.0,6026000000.0,4998000000.0,7185000000.0,127812000000.0,42643000000.0,,2024000000.0,0.573676553876223,2.9972562905986915,0.03989494608490933,0.027751557485369078,0.21003530005042864,0.253235837955959,0.5851403597243234,0.34,12518.5,33.21,22.42,-0.305,2,Oil price collapse; China market and renminbi turbulence,,,,,,0,0,0,1
known_anchor_tickers,MSFT,789019,0001564590-18-009307,10-Q,2018-03-31,2018-04-26,2018-04-26,2018,Technology,Software - Infrastructure,core_large_cap,2018q2,245497000000.0,166258000000.0,79239000000.0,26819000000.0,17550000000.0,8292000000.0,7424000000.0,9221000000.0,156659000000.0,46133000000.0,12151000000.0,2934000000.0,0.6772302716530141,3.395812108468992,0.03756054045466951,0.030240695405646504,0.2768186733286103,0.30918378761325926,0.6543868153174988,1.69,14035.9,68.18,16.24,-0.525,1,US-China trade war,,,,,,0,0,0,1
known_anchor_tickers,MSFT,789019,0001564590-19-001392,10-Q,2018-12-31,2019-01-30,2019-01-30,2019,Technology,Software - Infrastructure,core_large_cap,2019q1,258859000000.0,166731000000.0,92128000000.0,32471000000.0,20048000000.0,10258000000.0,8420000000.0,6638000000.0,156874000000.0,50318000000.0,8900000000.0,3707000000.0,0.6440996836115415,3.1176517349656185,0.02564330388358141,0.032527360454919475,0.2593083058729328,0.3159126605278556,0.6174124603492347,2.4,14459.7,54.18,17.66,-0.506,1,US-China trade war,,,,,,0,0,0,1
known_anchor_tickers,MSFT,789019,0001564590-19-027952,10-K,2019-06-30,2019-08-01,2019-08-01,2019,Technology,Software - Infrastructure,core_large_cap,2019q3,286556000000.0,184226000000.0,102330000000.0,33717000000.0,23305000000.0,12405000000.0,13187000000.0,11356000000.0,175552000000.0,69420000000.0,16108000000.0,4051000000.0,0.6428970253632798,2.5288389513108616,0.03962925222295119,0.04601892823741258,0.39110834297238783,0.3679152949550672,0.6911943529970045,2.13,14974.4,53.64,17.87,-0.577,1,US-China trade war,,,,,,0,0,0,1
known_anchor_tickers,MSFT,789019,0001564590-20-019706,10-Q,2020-03-31,2020-04-29,2020-04-29,2020,Technology,Software - Infrastructure,core_large_cap,2020q2,285449000000.0,170948000000.0,114501000000.0,35021000000.0,24046000000.0,12975000000.0,10752000000.0,11710000000.0,170505000000.0,58707000000.0,17504000000.0,3767000000.0,0.5988740545596587,2.904338494557719,0.04102308993900837,0.03766697378515952,0.30701579052568456,0.3704919905199737,0.6866166014676908,0.05,17065.3,15.04,31.23,0.159,2,COVID-19 pandemic shock; Oil price crash during COVID shock,,,,,,0,0,0,1
known_anchor_tickers,MSFT,789019,0001564590-21-039151,10-K,2021-06-30,2021-07-29,2021-07-29,2021,Technology,Software - Infrastructure,core_large_cap,2021q3,333779000000.0,191791000000.0,141988000000.0,46152000000.0,32161000000.0,19095000000.0,16458000000.0,14224000000.0,184406000000.0,88657000000.0,22710000000.0,6452000000.0,0.5746047534446445,2.0799936835218875,0.04261502371329533,0.04930807510358651,0.35660426417056684,0.41374154966198645,0.6968495406482926,0.1,20633.3,73.62,17.7,-0.661,2,COVID-19 pandemic shock; Global supply-chain crisis,,,,,,0,0,0,1
known_anchor_tickers,MSFT,789019,0001564590-22-035087,10-Q,2022-09-30,2022-10-25,2022-10-25,2022,Technology,Software - Infrastructure,core_large_cap,2022q4,359784000000.0,186218000000.0,173566000000.0,50122000000.0,34670000000.0,21518000000.0,17556000000.0,22884000000.0,160812000000.0,87389000000.0,23198000000.0,6283000000.0,0.5175827718853534,1.8401858357459178,0.06360482956440532,0.048795944233206594,0.3502653525398029,0.42931247755476637,0.691712222177886,3.08,21461.5,86.93,28.46,-0.113,3,Global supply-chain crisis; Inflation and rapid rate-hike shock; Russia-Ukraine war and sanctions shock,,,,,,0,0,0,1
known_anchor_tickers,NVDA,1045810,0001045810-12-000027,10-Q,2012-04-30,2012-05-23,2012-05-23,2012,Technology,Semiconductors,core_large_cap,2012q2,5708167000.0,,4287428000.0,924877000.0,463364000.0,72826000.0,60437000.0,369135000.0,4032116000.0,947404000.0,-9208000.0,28923000.0,,4.255962609404224,0.06466786973821895,0.010587812164570517,0.06534598654740036,0.07874128127307739,0.5010006736030845,0.16,9951.4,89.4,22.33,-0.287,1,European sovereign debt crisis,,,,,,0,0,0,
known_anchor_tickers,NVDA,1045810,0001045810-12-000036,10-Q,2012-07-31,2012-08-22,2012-08-22,2012,Technology,Semiconductors,core_large_cap,2012q3,5891881000.0,,4453665000.0,1044270000.0,540719000.0,139623000.0,119046000.0,499618000.0,4213851000.0,1021960000.0,200886000.0,61944000.0,,4.123303260401581,0.08479770721777986,0.02020509239748732,0.11399925306673561,0.1337039271452785,0.5177961638273627,0.13,10145.6,96.89,15.11,-0.425,1,European sovereign debt crisis,,,,,,0,0,0,
known_anchor_tickers,NVDA,1045810,0001045810-12-000060,10-Q,2012-10-31,2012-11-19,2012-11-19,2012,Technology,Semiconductors,core_large_cap,2012q4,6075144000.0,,4722846000.0,1204110000.0,636658000.0,252217000.0,209080000.0,525388000.0,4424827000.0,991359000.0,181485000.0,44684000.0,,4.463395197905098,0.0864815714656311,0.034415645127094927,0.1736386210562158,0.209463421116011,0.52873740771192,0.16,10361.9,89.05,15.24,-0.546,1,European sovereign debt crisis,,,,,,0,0,0,
known_anchor_tickers,NVDA,1045810,0001045810-13-000109,10-Q,2013-10-31,2013-11-19,2013-11-19,2013,Technology,Semiconductors,core_large_cap,2013q4,5711373000.0,,4320647000.0,1053967000.0,584415000.0,140988000.0,118734000.0,562084000.0,4049841000.0,985927000.0,162315000.0,38159000.0,,4.107647929309168,0.09841486451681583,0.020789046696827542,0.11265438101951959,0.13376889409250953,0.5544907952526028,0.08,10995.6,93.35,13.39,-0.757,0,,,,,,,0,0,0,
known_anchor_tickers,NVDA,1045810,0001045810-14-000030,10-K,2014-01-31,2014-03-13,2014-03-13,2014,Technology,Semiconductors,core_large_cap,2014q1,7250894000.0,,4456398000.0,1144218000.0,619242000.0,166924000.0,146917000.0,1151587000.0,5624711000.0,945496000.0,400712000.0,,,5.948952718996167,0.1588200020576773,0.020261915289342253,0.12839948331524237,0.14588478768905924,0.541192325238722,0.08,11232.6,98.57,16.22,-0.779,0,,,,,,,0,0,0,
known_anchor_tickers,NVDA,1045810,0001045810-14-000085,10-Q,2014-04-30,2014-05-21,2014-05-21,2014,Technology,Semiconductors,core_large_cap,2014q2,6864663000.0,,4166985000.0,1102787000.0,604202000.0,151359000.0,136516000.0,509165000.0,5273798000.0,897945000.0,151022000.0,29068000.0,,5.873185996915178,0.074171885786673,0.01988677375713855,0.12379181111130255,0.13725134590814,0.5478864005469778,0.09,11342.8,104.31,11.91,-0.777,0,,,,,,,0,0,0,
known_anchor_tickers,NVDA,1045810,0001045810-18-000010,10-K,2018-01-31,2018-02-28,2018-02-28,2018,Technology,Semiconductors,core_large_cap,2018q1,11241000000.0,3770000000.0,7471000000.0,2911000000.0,1801000000.0,1073000000.0,1118000000.0,4002000000.0,9255000000.0,1153000000.0,1358000000.0,,0.3353794146428254,8.026886383347788,0.3560181478516146,0.09945734365269994,0.3840604603229131,0.3686018550326348,0.6186877361731363,1.42,13949.3,61.43,19.85,-0.545,0,,,,,,,0,0,0,1
known_anchor_tickers,NVDA,1045810,0001045810-22-000079,10-Q,2022-04-30,2022-05-27,2022-05-27,2022,Technology,Semiconductors,core_large_cap,2022q2,45212000000.0,18892000000.0,26320000000.0,8288000000.0,5431000000.0,1868000000.0,1618000000.0,3887000000.0,29575000000.0,5562000000.0,1731000000.0,,0.4178536671680085,5.317331895001798,0.08597275059718659,0.035786959214367864,0.19522200772200773,0.22538610038610038,0.655284749034749,0.77,21719.5,114.96,25.72,-0.259,3,Global supply-chain crisis; Inflation and rapid rate-hike shock; Russia-Ukraine war and sanctions shock,,,,,,0,0,0,1
known_anchor_tickers,NVDA,1045810,0001045810-24-000264,10-Q,2024-07-31,2024-08-28,2024-08-28,2024,Technology,Semiconductors,core_large_cap,2024q3,85227000000.0,27070000000.0,58157000000.0,30040000000.0,22574000000.0,18642000000.0,16599000000.0,8563000000.0,59633000000.0,13969000000.0,14488000000.0,,0.3176223497248524,4.268952680936359,0.10047285484646884,0.19476222323911435,0.5525632490013316,0.620572569906791,0.7514647137150466,5.33,21186.8,75.49,17.11,-0.386,2,Russia-Ukraine war and sanctions shock; Red Sea shipping disruption,,,,,,0,0,0,1
known_anchor_tickers,VICI,1705696,0001705696-21-000099,10-Q,2021-03-31,2021-04-29,2021-04-29,2021,Real Estate,,additional_controls,2021q2,17085001000.0,7485309000.0,9521559000.0,374310000.0,,,269801000.0,322530000.0,,,155726000.0,,0.4381216600455569,,0.018877962020605092,0.015791687691443505,0.7207955972322406,,,0.07,20175.4,65.0,17.61,-0.676,2,COVID-19 pandemic shock; Global supply-chain crisis,,,,,,0,0,0,1
known_anchor_tickers,VICI,1705696,0001705696-23-000072,10-Q,2023-03-31,2023-05-01,2023-05-01,2023,Real Estate,,additional_controls,2023q2,41852813000.0,18178278000.0,23311246000.0,877647000.0,,,518740000.0,247673000.0,,,522033000.0,,0.43433826060867164,,0.005917714539283178,0.012394387923220358,0.5910576803657963,,,5.06,20829.6,75.65,16.08,-0.193,3,Inflation and rapid rate-hike shock; Russia-Ukraine war and sanctions shock; US regional banking and Credit Suisse stress,,,,,,0,0,0,1
known_anchor_tickers,VICI,1705696,0001705696-23-000113,10-Q,2023-09-30,2023-10-25,2023-10-25,2023,Real Estate,,additional_controls,2023q4,42832149000.0,18296467000.0,24164951000.0,904318000.0,,,556329000.0,510884000.0,,,552106000.0,,0.4271666826710002,,0.011927582713629429,0.012988584812776963,0.6151917798827403,,,5.33,20732.9,86.07,20.19,-0.289,1,Russia-Ukraine war and sanctions shock,,,,,,0,0,0,1
known_anchor_tickers,VICI,1705696,0001705696-24-000099,10-Q,2024-06-30,2024-07-31,2024-07-31,2024,Real Estate,,additional_controls,2024q3,44511250000.0,18384937000.0,25718896000.0,957003000.0,,,741302000.0,347160000.0,,,614610000.0,,0.4130402314021736,,0.007799376562105086,0.016654261563087983,0.7746078120967228,,,5.33,21095.3,79.36,16.36,-0.368,2,Russia-Ukraine war and sanctions shock; Red Sea shipping disruption,,,,,,0,0,0,1
known_anchor_tickers,VICI,1705696,0001705696-25-000087,10-Q,2025-03-31,2025-04-30,2025-04-30,2025,Real Estate,,additional_controls,2025q2,45526064000.0,18503399000.0,26609169000.0,984204000.0,,,543607000.0,334317000.0,,,591859000.0,,0.4064352894640749,,0.00734341980453219,0.011940566616960342,0.5523316304343409,,,4.33,21775.6,59.55,24.7,-0.396,0,,,,,,,0,0,0,1
known_anchor_tickers,VICI,1705696,0001705696-25-000107,10-Q,2025-06-30,2025-07-30,2025-07-30,2025,Real Estate,,additional_controls,2025q3,46054023000.0,18609911000.0,27024451000.0,1001334000.0,,,865079000.0,232983000.0,,,639899000.0,,0.40408871555043085,,0.005058906580213416,0.018784005036867245,0.8639265220196258,,,4.33,22020.0,71.09,15.48,-0.522,0,,,,,,,0,0,,
known_anchor_tickers,VICI,1705696,0001705696-25-000132,10-Q,2025-09-30,2025-10-30,2025-10-30,2025,Real Estate,,additional_controls,2025q4,46535840000.0,18438562000.0,27673589000.0,1007488000.0,,,762040000.0,507503000.0,,,586289000.0,,0.39622282524608987,,0.010905637461363114,0.016375335655271293,0.7563762546055139,,,4.09,22245.1,61.36,16.91,-0.519,0,,,,,,,0,0,,
known_anchor_tickers,XOM,34088,0001193125-11-127973,10-Q,2011-03-31,2011-05-05,2011-05-05,2011,Energy,Oil & Gas Integrated,core_large_cap,2011q2,319533000000.0,162002000000.0,151480000000.0,,,,10650000000.0,12833000000.0,72022000000.0,73576000000.0,16856000000.0,7051000000.0,0.5069961475027619,0.9788789822768293,0.04016173603352392,0.033329890809399965,,,,0.09,9107.8,99.89,18.2,-0.597,2,European sovereign debt crisis; Tohoku earthquake and Fukushima disaster,,,,,,0,0,0,1
known_anchor_tickers,XOM,34088,0000034088-14-000036,10-Q,2014-06-30,2014-08-06,2014-08-06,2014,Energy,Oil & Gas Integrated,core_large_cap,2014q3,358586000000.0,170455000000.0,181155000000.0,,,,8780000000.0,6083000000.0,64013000000.0,69529000000.0,,8542000000.0,0.47535319281845917,0.9206661968387292,0.01696385246495959,0.02448506076645491,,,,0.09,11477.3,96.93,16.37,-0.73,1,Oil price collapse,,,,,,0,0,0,1
known_anchor_tickers,XOM,34088,0000034088-15-000021,10-Q,2015-03-31,2015-05-06,2015-05-06,2015,Energy,Oil & Gas Integrated,core_large_cap,2015q2,342961000000.0,165515000000.0,171227000000.0,,,,4940000000.0,5184000000.0,50658000000.0,55933000000.0,,6844000000.0,0.4826058939646199,0.9056907371319257,0.01511542128696849,0.014403970130714571,,,,0.12,11982.6,60.93,15.15,-0.546,1,Oil price collapse,,,,,,0,0,0,1
known_anchor_tickers,XOM,34088,0000034088-15-000044,10-Q,2015-09-30,2015-11-04,2015-11-04,2015,Energy,Oil & Gas Integrated,core_large_cap,2015q4,340662000000.0,163823000000.0,170723000000.0,,,,4240000000.0,4296000000.0,47234000000.0,54828000000.0,,6401000000.0,0.48089602010203664,0.861494127088349,0.012610740264543742,0.012446354451039447,,,,0.12,12317.0,46.32,15.51,-0.466,2,Oil price collapse; China market and renminbi turbulence,,,,,,0,0,0,1
known_anchor_tickers,XOM,34088,0000034088-21-000012,10-K,2020-12-31,2021-02-24,2021-02-24,2021,Energy,Oil & Gas Integrated,core_large_cap,2021q1,332750000000.0,168620000000.0,157150000000.0,46540000000.0,,,-20070000000.0,4364000000.0,44893000000.0,56363000000.0,4005000000.0,3629000000.0,0.5067468069120962,0.7964977023934141,0.013114951164537942,-0.06031555221637866,-0.43124194241512676,,,0.08,19641.8,63.21,21.34,-0.625,2,COVID-19 pandemic shock; Global supply-chain crisis,,,,,,0,0,0,1
known_anchor_tickers,XOM,34088,0000034088-22-000026,10-Q,2022-03-31,2022-05-04,2022-05-04,2022,Energy,Oil & Gas Integrated,core_large_cap,2022q2,354771000000.0,178245000000.0,169215000000.0,90500000000.0,,,5480000000.0,11074000000.0,77255000000.0,72059000000.0,14788000000.0,3911000000.0,0.5024226895659454,1.0721075785120526,0.031214501749015564,0.015446583852682435,0.060552486187845304,,,0.77,21719.5,107.84,25.42,-0.337,3,Global supply-chain crisis; Inflation and rapid rate-hike shock; Russia-Ukraine war and sanctions shock,,,,,,0,0,0,1
known_anchor_tickers,XOM,34088,0000034088-23-000020,10-K,2022-12-31,2023-02-22,2023-02-22,2023,Energy,Oil & Gas Integrated,core_large_cap,2023q1,369067000000.0,166594000000.0,195049000000.0,95429000000.0,,,12750000000.0,29640000000.0,97631000000.0,69045000000.0,17621000000.0,5783000000.0,0.45139229462401137,1.414019842131943,0.08031062110673672,0.03454657284449707,0.13360718439887245,,,4.57,21242.9,73.95,22.29,-0.298,2,Inflation and rapid rate-hike shock; Russia-Ukraine war and sanctions shock,,,,,,0,0,0,1
known_anchor_tickers,XOM,34088,0000034088-24-000050,10-Q,2024-06-30,2024-08-05,2024-08-05,2024,Energy,Oil & Gas Integrated,core_large_cap,2024q3,460707000000.0,184441000000.0,268405000000.0,93060000000.0,,,9240000000.0,26460000000.0,96238000000.0,70763000000.0,10560000000.0,6235000000.0,0.40034338527524,1.3600045221372752,0.057433466389701045,0.020056131120213063,0.09929078014184398,,,5.33,21186.8,74.46,38.57,-0.366,2,Russia-Ukraine war and sanctions shock; Red Sea shipping disruption,,,,,,0,0,0,1
known_anchor_tickers,XOM,34088,0000034088-26-000045,10-K,2025-12-31,2026-02-18,2026-02-18,2026,Energy,Oil & Gas Integrated,core_large_cap,2026q1,448980000000.0,182354000000.0,259386000000.0,82308000000.0,,,6501000000.0,10681000000.0,83382000000.0,72330000000.0,12679000000.0,7450000000.0,0.40615172168025304,1.1527996681874741,0.02378947837320148,0.014479486836830148,0.07898381688292753,,,3.64,22627.3,65.33,19.62,-0.54,0,,,,,,,0,0,,
market_stress_regime,AVB,915912,0000915912-20-000018,10-Q,2020-03-31,2020-05-08,2020-05-08,2020,Real Estate,,additional_controls,2020q2,19891336000.0,8976094000.0,10911928000.0,601651000.0,,,168006000.0,777995000.0,,,341704000.0,,0.4512564666345187,,0.03911225470224826,0.008446189838631251,0.2792416201419095,,,0.05,17932.9,24.73,27.98,-0.038,1,COVID-19 pandemic shock,,,,,,0,0,0,1
market_stress_regime,BAX,10456,0001628280-22-003432,10-K,2021-12-31,2022-02-23,2022-02-23,2022,Healthcare,SIC 3841.0,expansion_matched_controls,2022q1,33521000000.0,24400000000.0,9077000000.0,3514000000.0,1406000000.0,383000000.0,238000000.0,2951000000.0,8872000000.0,4236000000.0,693000000.0,,0.7279019122341219,2.0944287063267235,0.08803436651651203,0.007100026848841025,0.06772908366533864,0.10899260102447353,0.40011383039271486,0.08,21724.8,92.14,31.02,-0.468,1,Global supply-chain crisis,,,,,,0,0,0,1
market_stress_regime,CDNS,813672,0000950123-11-070291,10-Q,2011-06-30,2011-07-29,2011-07-29,2011,Technology,Software - Application,core_large_cap,2011q3,1874625000.0,,331316000.0,283270000.0,,24957000.0,26908000.0,665317000.0,1165255000.0,1184402000.0,69413000.0,6131000.0,,0.9838340360789665,0.3549067146762686,0.014353804094152163,0.09499064496769866,0.08810322307339287,,0.07,9344.2,95.68,25.25,-0.392,2,European sovereign debt crisis; Tohoku earthquake and Fukushima disaster,,,,,,0,0,0,
market_stress_regime,CIK0000075208,75208,0001493152-20-003938,10-K,2019-12-31,2020-03-13,2020-03-13,2020,Industrials,SIC 4412.0,expansion_event_review,2020q1,1175467000.0,833922000.0,341545000.0,98425000.0,,15323000.0,10979000.0,41503000.0,57509000.0,161544000.0,27697000.0,,0.709438886842421,0.3559958896647353,0.035307669207217215,0.009340117587307854,0.11154686309372619,0.15568199136398272,,0.65,16033.0,31.72,57.83,0.03,2,COVID-19 pandemic shock; Oil price crash during COVID shock,,,,,,0,0,0,0
market_stress_regime,D,715957,0001193125-11-201833,10-Q,2011-06-30,2011-07-29,2011-07-29,2011,Utilities,Utilities - Regulated Electric,core_large_cap,2011q3,43411000000.0,31474000000.0,11680000000.0,3341000000.0,,725000000.0,336000000.0,80000000.0,4962000000.0,5514000000.0,375000000.0,829000000.0,0.7250236115270323,0.8998911860718172,0.0018428508903273364,0.007739973739374813,0.10056869200838073,0.21700089793475008,,0.07,9344.2,95.68,25.25,-0.392,2,European sovereign debt crisis; Tohoku earthquake and Fukushima disaster,,,,,,0,0,0,1
market_stress_regime,DD,1666700,0001666700-22-000009,10-K,2021-12-31,2022-02-11,2022-02-11,2022,Industrials,,additional_controls,2022q1,45707000000.0,18657000000.0,26433000000.0,4271000000.0,,,204000000.0,2011000000.0,8065000000.0,4262000000.0,621000000.0,,0.4081869297919356,1.8923040825903332,0.04399763712341655,0.004463211324304811,0.04776398969796301,,,0.08,21724.8,93.1,27.36,-0.498,1,Global supply-chain crisis,,,,,,0,0,0,1
market_stress_regime,DELL,1571996,0001571996-20-000045,10-Q,2020-07-31,2020-09-04,2020-09-04,2020,Technology,Computer Hardware,core_large_cap,2020q3,121276000000.0,116108000000.0,-419000000.0,22733000000.0,7156000000.0,1136000000.0,1048000000.0,11221000000.0,41090000000.0,54288000000.0,3332000000.0,545000000.0,0.9573864573369835,0.7568891836133216,0.09252448959398397,0.008641445957980144,0.04610038270355871,0.04997140720538424,0.31478467426208595,0.09,18602.5,39.69,30.75,-0.506,1,COVID-19 pandemic shock,,,,,,0,0,0,0
market_stress_regime,DGX,1022079,0001022079-22-000140,10-Q,2022-09-30,2022-10-21,2022-10-21,2022,Healthcare,SIC 8071.0,expansion_matched_controls,2022q4,13223000000.0,,6235000000.0,2486000000.0,,392000000.0,256000000.0,700000000.0,2334000000.0,1602000000.0,502000000.0,118000000.0,,1.4569288389513109,0.05293806246691371,0.019360205702185586,0.10297666934835076,0.1576830249396621,,3.08,21461.5,85.47,29.69,-0.113,3,Global supply-chain crisis; Inflation and rapid rate-hike shock; Russia-Ukraine war and sanctions shock,,,,,,0,0,0,
market_stress_regime,DHI,882184,0000882184-22-000115,10-Q,2022-03-31,2022-04-27,2022-04-27,2022,Consumer Cyclical,Residential Construction,core_large_cap,2022q2,26685300000.0,9567500000.0,16774900000.0,7999000000.0,,,1436300000.0,1663900000.0,,,-660500000.0,41600000.0,0.35853072665475,,0.062352681064106456,0.053823640731039187,0.17955994499312414,,,0.33,21769.5,101.96,31.6,-0.351,3,Global supply-chain crisis; Inflation and rapid rate-hike shock; Russia-Ukraine war and sanctions shock,,,,,,0,0,0,1
market_stress_regime,DOW,1751788,0001751788-20-000024,10-Q,2020-06-30,2020-07-24,2020-07-24,2020,Industrials,,additional_controls,2020q3,59276000000.0,,12537000000.0,8354000000.0,,,-225000000.0,3724000000.0,16997000000.0,9786000000.0,1590000000.0,,,1.736868996525649,0.06282475200755787,-0.003795802685741278,-0.02693320564998803,,,0.09,18335.4,41.23,25.84,-0.459,1,COVID-19 pandemic shock,,,,,,0,0,0,
market_stress_regime,EBAY,1065088,0001065088-14-000156,10-Q,2014-09-30,2014-10-16,2014-10-16,2014,Industrials,,additional_controls,2014q4,44476000000.0,24666000000.0,19810000000.0,4353000000.0,2964000000.0,781000000.0,673000000.0,4790000000.0,25654000000.0,16491000000.0,1368000000.0,427000000.0,0.5545912402194442,1.5556364077375537,0.107698534040831,0.015131756452918428,0.15460601883758326,0.17941649437169768,0.6809097174362508,0.09,11593.1,82.33,25.2,-0.645,1,Oil price collapse,,,,,,0,0,0,1
market_stress_regime,EL,1001250,0001104659-11-048120,10-K,2011-06-30,2011-08-22,2011-08-22,2011,Industrials,,additional_controls,2011q3,6273900000.0,,2629400000.0,2060600000.0,1635500000.0,64600000.0,41100000.0,1253000000.0,3686500000.0,1943300000.0,299400000.0,127100000.0,,1.897030823856327,0.19971628492644128,0.006550949170372496,0.01994564689896147,0.03135009220615355,0.7937008638260701,0.1,9531.0,84.42,42.44,-0.194,2,European sovereign debt crisis; Tohoku earthquake and Fukushima disaster,,,,,,0,0,0,
market_stress_regime,EOG,821189,0000821189-11-000065,10-Q,2011-09-30,2011-11-01,2011-11-01,2011,Energy,Oil & Gas E&P,core_large_cap,2011q4,24794678000.0,,12493848000.0,2885744000.0,,950030000.0,540878000.0,1386728000.0,3735362000.0,2666323000.0,1272283000.0,,,1.400941296309562,0.0559284536786483,0.021814278047893987,0.18743104031404034,0.3292149268958023,,0.08,9636.5,92.19,34.77,-0.102,2,European sovereign debt crisis; Tohoku earthquake and Fukushima disaster,,,,,,0,0,0,
market_stress_regime,EQR,906107,0001193125-09-167271,10-Q,2009-06-30,2009-08-06,2009-08-06,2009,Real Estate,,additional_controls,2009q3,15923062000.0,10658360000.0,4928979000.0,505150000.0,,135962000.0,100205000.0,667495000.0,,,,,0.6693662311934727,,0.04192001513276781,0.006293073530706594,0.198366821736118,0.2691517371077898,,0.16,8463.0,71.96,25.67,0.418,1,Global financial crisis aftershock,,,,,,0,0,0,1
market_stress_regime,FANG,1539838,0001539838-20-000021,10-K,2019-12-31,2020-02-27,2020-02-27,2020,Energy,Oil & Gas E&P,core_large_cap,2020q1,23531000000.0,8625000000.0,13249000000.0,1104000000.0,,-384000000.0,-487000000.0,123000000.0,869000000.0,1263000000.0,882000000.0,,0.3665377587012877,0.6880443388756928,0.005227147167566189,-0.02069610301304662,-0.4411231884057971,-0.34782608695652173,,1.58,15493.4,47.17,39.16,-0.435,1,COVID-19 pandemic shock,,,,,,0,0,1,0
market_stress_regime,FE,1031296,0001031296-09-000011,10-Q,2009-03-31,2009-05-07,2009-05-07,2009,Utilities,,additional_controls,2009q2,,,,3334000000.0,,346000000.0,115000000.0,399000000.0,,,462000000.0,,,,,,0.034493101379724056,0.10377924415116976,,0.18,8449.2,56.67,33.44,1.242,1,Global financial crisis aftershock,,,,,,0,0,0,
market_stress_regime,FIS,1136893,0001136893-20-000111,10-Q,2020-03-31,2020-05-07,2020-05-07,2020,Technology,Information Technology Services,core_large_cap,2020q2,82474000000.0,33117000000.0,49167000000.0,3078000000.0,989000000.0,108000000.0,15000000.0,1373000000.0,8346000000.0,7926000000.0,383000000.0,55000000.0,0.40154472924800544,1.0529901589704769,0.016647670781094647,0.00018187550015762543,0.004873294346978557,0.03508771929824561,0.32131254061078623,0.05,17932.9,23.68,31.44,0.062,1,COVID-19 pandemic shock,,,,,,0,0,0,1
market_stress_regime,HTZ,1657853,0001657853-20-000049,10-Q,2020-03-31,2020-05-11,2020-05-11,2020,Industrials,,distress_candidates,2020q2,25842000000.0,24351000000.0,1372000000.0,1923000000.0,,,-356000000.0,1017000000.0,,,449000000.0,,0.9423032273043882,,0.03935453912235895,-0.013776023527590744,-0.18512740509620385,,,0.05,17932.9,24.02,27.57,-0.038,1,COVID-19 pandemic shock,2020-05-22,formal_distress,bankruptcy,source_verified_2026_05_07,11.0,0,1,1,0
market_stress_regime,INTU,896878,0000896878-22-000028,10-K,2022-07-31,2022-09-02,2022-09-02,2022,Technology,Software - Application,core_large_cap,2022q3,27734000000.0,11293000000.0,16441000000.0,2414000000.0,,-75000000.0,-56000000.0,2796000000.0,5047000000.0,3630000000.0,339000000.0,-11000000.0,0.40718973101608136,1.390358126721763,0.10081488425758996,-0.0020191822311963654,-0.0231980115990058,-0.03106876553438277,,2.56,21536.5,87.29,25.47,-0.205,3,Global supply-chain crisis; Inflation and rapid rate-hike shock; Russia-Ukraine war and sanctions shock,,,,,,0,0,0,1
market_stress_regime,M,794367,0001193125-11-240837,10-Q,2011-07-31,2011-09-06,2011-09-06,2011,Consumer Cyclical,SIC 5311.0,expansion_matched_controls,2011q3,20508000000.0,,5963000000.0,5939000000.0,2482000000.0,506000000.0,241000000.0,1495000000.0,7122000000.0,5438000000.0,520000000.0,103000000.0,,1.309672673777124,0.0728983811195631,0.011751511605227229,0.040579222091261156,0.08519952854015828,0.4179154739855194,0.08,9551.5,85.99,37.0,-0.093,2,European sovereign debt crisis; Tohoku earthquake and Fukushima disaster,,,,,,0,0,0,
market_stress_regime,M,794367,0000794367-20-000089,10-Q,2020-04-30,2020-07-02,2020-07-02,2020,Consumer Cyclical,SIC 5311.0,expansion_matched_controls,2020q3,18581000000.0,,2697000000.0,3017000000.0,,-4119000000.0,-3581000000.0,1523000000.0,7135000000.0,5772000000.0,-164000000.0,122000000.0,,1.2361399861399862,0.08196544857650288,-0.19272375006727302,-1.1869406695392775,-1.3652635067948293,,0.09,18335.4,40.57,27.68,-0.387,1,COVID-19 pandemic shock,,,,,,0,0,0,
market_stress_regime,MSCI,1408198,0001564590-20-019459,10-Q,2020-03-31,2020-04-29,2020-04-29,2020,Financial Services,Financial Data & Stock Exchanges,core_large_cap,2020q2,3911799000.0,4266130000.0,-354331000.0,416780000.0,,207884000.0,148125000.0,1066856000.0,1619773000.0,798279000.0,112770000.0,3613000.0,1.090580063034936,2.029081311170656,0.2727277142818432,0.03786620938345758,0.35540333029416,0.49878593022697826,,0.05,17065.3,15.04,31.23,0.159,2,COVID-19 pandemic shock; Oil price crash during COVID shock,,,,,,0,0,0,0
market_stress_regime,MTN,812011,0000812011-22-000013,10-Q,2022-01-31,2022-03-14,2022-03-14,2022,Communication Services,SIC 7990.0,expansion_matched_controls,2022q1,6369742000.0,4576058000.0,1565542000.0,906535000.0,,325140000.0,223391000.0,1407019000.0,1767427000.0,1155036000.0,262308000.0,,0.7184055492357462,1.5301921325395917,0.2208910502183605,0.03507065121318886,0.24642291803405275,0.35866237927934386,,0.2,21786.8,103.22,31.77,-0.391,2,Global supply-chain crisis; Russia-Ukraine war and sanctions shock,,,,,,0,0,0,0
market_stress_regime,NSC,702165,0000702165-09-000170,10-Q,2009-09-30,2009-10-30,2009-10-30,2009,Industrials,Railroads,core_large_cap,2009q4,27075000000.0,17009000000.0,10066000000.0,2063000000.0,,562000000.0,303000000.0,999000000.0,2233000000.0,1866000000.0,,,0.6282179132040628,1.1966773847802787,0.036897506925207754,0.011191135734072022,0.14687348521570529,0.2724188075618032,,0.12,8487.9,77.04,30.69,0.024,1,Global financial crisis aftershock,,,,,,0,0,0,1
market_stress_regime,OKE,1039684,0001039684-22-000015,10-K,2021-12-31,2022-03-01,2022-03-01,2022,Energy,Oil & Gas Midstream,core_large_cap,2022q1,23621613000.0,,6015163000.0,5420491000.0,,652167000.0,379373000.0,146391000.0,2374374000.0,3184619000.0,1055110000.0,206525000.0,,0.7455755303852675,0.006197332925571171,0.016060418905347405,0.06998867814742243,0.12031511536501029,,0.2,21786.8,103.66,33.32,-0.439,2,Global supply-chain crisis; Russia-Ukraine war and sanctions shock,,,,,,0,0,0,
market_stress_regime,RCL,884887,0000884887-20-000029,10-Q,2020-03-31,2020-05-21,2020-05-21,2020,Consumer Cyclical,Travel Services,core_large_cap,2020q2,33445053000.0,22635853000.0,10231775000.0,2032750000.0,,-1306407000.0,-1444479000.0,3890811000.0,4594201000.0,8982370000.0,198710000.0,1252554000.0,0.6768072097239612,0.511468688107927,0.11633442470550129,-0.043189616114526715,-0.7106033698192105,-0.6426796212028041,,0.05,17932.9,34.3,29.53,-0.128,1,COVID-19 pandemic shock,,,,,,0,0,1,0
market_stress_regime,RCL,884887,0000884887-20-000049,10-Q,2020-09-30,2020-11-04,2020-11-04,2020,Consumer Cyclical,Travel Services,core_large_cap,2020q4,31828810000.0,23500216000.0,8328594000.0,-33688000.0,,-996114000.0,-1346756000.0,3016788000.0,3531795000.0,4625465000.0,-857432000.0,181350000.0,0.738331593295508,0.7635545831608281,0.0947816773545728,-0.042312483564418524,39.9773213013536,29.56880788411304,,0.09,18997.0,38.97,29.57,-0.507,1,COVID-19 pandemic shock,,,,,,0,0,1,0
market_stress_regime,TMO,97745,0000097745-20-000009,10-K,2019-12-31,2020-02-26,2020-02-26,2020,Healthcare,Diagnostics & Research,core_large_cap,2020q1,58381000000.0,,29675000000.0,6829000000.0,,1232000000.0,1002000000.0,2399000000.0,11893000000.0,6197000000.0,1913000000.0,289000000.0,,1.9191544295626917,0.041092136140182596,0.017163118137750295,0.14672719285400498,0.18040708742129155,,1.58,15493.4,48.67,27.56,-0.435,1,COVID-19 pandemic shock,,,,,,0,0,0,
market_stress_regime,WKC,789460,0001628280-20-015181,10-Q,2020-09-30,2020-11-02,2020-11-02,2020,Consumer Cyclical,SIC 5172.0,expansion_event_review,2020q4,4392300000.0,2472500000.0,1916000000.0,4482700000.0,214000000.0,38800000.0,82000000.0,572700000.0,2534800000.0,1557000000.0,245500000.0,12600000.0,0.5629169227967125,1.6280025690430315,0.130387268629192,0.018669034446645267,0.018292546902536417,0.008655497802663573,0.04773908581881455,0.09,18997.0,36.6,37.13,-0.507,1,COVID-19 pandemic shock,,,,,,0,0,0,1
market_stress_regime,WMB,107263,0000107263-20-000005,10-K,2019-12-31,2020-02-24,2020-02-24,2020,Energy,Oil & Gas Midstream,core_large_cap,2020q1,46040000000.0,,13363000000.0,2107000000.0,,234000000.0,124000000.0,289000000.0,1580000000.0,3968000000.0,991000000.0,404000000.0,,0.39818548387096775,0.006277150304083406,0.0026933101650738487,0.05885144755576649,0.11105837683910774,,1.58,15493.4,51.36,25.03,-0.435,1,COVID-19 pandemic shock,,,,,,0,0,0,
negative_revenue_outlier,BX,1393818,0001193125-20-137560,10-Q,2020-03-31,2020-05-08,2020-05-08,2020,Financial Services,Asset Management,core_large_cap,2020q2,26946494000.0,15368386000.0,5384619000.0,-3075964000.0,,,-1066492000.0,2068326000.0,,,999467000.0,12428000.0,0.5703297059721387,,0.07675677585366023,-0.03957813584208766,0.3467179719918699,,,0.05,17932.9,24.73,27.98,-0.038,1,COVID-19 pandemic shock,,,,,,0,0,0,1
negative_revenue_outlier,CINF,20286,0000020286-20-000041,10-Q,2020-03-31,2020-04-27,2020-04-27,2020,Financial Services,,additional_controls,2020q2,23367000000.0,15325000000.0,8042000000.0,-99000000.0,,,-1226000000.0,486000000.0,,,167000000.0,4000000.0,0.6558394316771515,,0.02079856207472076,-0.052467154534172125,12.383838383838384,,,0.05,17065.3,12.17,33.29,0.159,2,COVID-19 pandemic shock; Oil price crash during COVID shock,,,,,,0,0,0,1
negative_revenue_outlier,CIT,1171825,0000891092-12-002722,10-Q,2012-03-31,2012-05-10,2012-05-10,2012,Financial Services,,distress_candidates,2012q2,44148300000.0,35692000000.0,8453200000.0,-22000000.0,,,-445600000.0,5428400000.0,,,13300000.0,,0.8084569507772666,,0.12295830190516963,-0.010093253873875099,20.254545454545454,,,0.16,9951.4,97.1,18.83,-0.351,1,European sovereign debt crisis,2009-11-01,formal_distress,bankruptcy,source_verified_2026_05_07,-921.0,1,0,,0
negative_revenue_outlier,EQT,33213,0000033213-21-000020,10-Q,2021-06-30,2021-07-29,2021-07-29,2021,Energy,,additional_controls,2021q3,18985257000.0,10682835000.0,8291758000.0,-260116000.0,,-1217641000.0,-936457000.0,330770000.0,2168655000.0,3679201000.0,43479000.0,218982000.0,0.5626910923565586,0.5894364020883882,0.017422466285286525,-0.04932548450621448,3.600151470882222,4.6811461040458875,,0.1,20633.3,73.62,17.7,-0.661,2,COVID-19 pandemic shock; Global supply-chain crisis,,,,,,0,0,0,0
negative_revenue_outlier,EQT,33213,0000033213-21-000026,10-Q,2021-09-30,2021-10-28,2021-10-28,2021,Energy,,additional_controls,2021q4,23011720000.0,14751995000.0,8248460000.0,-1464838000.0,,-2609526000.0,-1980117000.0,22792000.0,3340899000.0,7228353000.0,48108000.0,236679000.0,0.6410644228245433,0.46219366984429233,0.0009904518219411673,-0.08604819631040184,1.3517651781289126,1.781443408759194,,0.08,21160.7,82.78,16.53,-0.636,2,COVID-19 pandemic shock; Global supply-chain crisis,,,,,,0,0,0,1
negative_revenue_outlier,EQT,33213,0000033213-22-000014,10-Q,2022-03-31,2022-04-28,2022-04-28,2022,Energy,,additional_controls,2022q2,21814611000.0,13608578000.0,8188673000.0,-579110000.0,,-1888266000.0,-1516048000.0,16913000.0,3025930000.0,7605287000.0,1021219000.0,292281000.0,0.623828589013116,0.39787190148116697,0.0007753060551939249,-0.06949690737093593,2.617892973701024,3.260634421785153,,0.33,21769.5,105.47,29.99,-0.351,3,Global supply-chain crisis; Inflation and rapid rate-hike shock; Russia-Ukraine war and sanctions shock,,,,,,0,0,0,1
negative_revenue_outlier,KKR,1404912,0001404912-19-000006,10-K,2018-12-31,2019-02-15,2019-02-15,2019,Financial Services,Asset Management,core_large_cap,2019q1,50743375000.0,25360766000.0,8649610000.0,-178056000.0,,,-384641000.0,1751287000.0,,,-2366428000.0,32710000.0,0.4997847699330208,,0.0345126235690866,-0.007580122528310346,2.16022487307364,,,2.4,14506.3,55.58,14.91,-0.568,1,US-China trade war,,,,,,0,0,0,1
negative_revenue_outlier,KKR,1404912,0001404912-20-000011,10-Q,2020-03-31,2020-05-11,2020-05-11,2020,Financial Services,Asset Management,core_large_cap,2020q2,55601075000.0,29011045000.0,9325962000.0,-1001505000.0,,,-1280524000.0,1982292000.0,,,-1406406000.0,,0.5217712966880587,,0.03565204449734111,-0.02303056190909978,1.2785997074403024,,,0.05,17932.9,24.02,27.57,-0.038,1,COVID-19 pandemic shock,,,,,,0,0,0,1
negative_revenue_outlier,LINEQ,1326428,0001326428-11-000012,10-Q,2011-03-31,2011-04-28,2011-04-28,2011,Energy,,distress_candidates,2011q2,6067160000.0,,2868495000.0,-126473000.0,,,-446682000.0,195324000.0,602532000.0,344389000.0,107966000.0,,,1.7495680756354006,0.032193645791441135,-0.0736229141806051,3.5318368347394307,,,0.1,9035.1,112.38,14.62,-0.593,2,European sovereign debt crisis; Tohoku earthquake and Fukushima disaster,2016-05-11,formal_distress,bankruptcy,source_verified_2026_05_07,1840.0,0,0,0,
negative_revenue_outlier,RCL,884887,0000884887-20-000049,10-Q,2020-09-30,2020-11-04,2020-11-04,2020,Consumer Cyclical,Travel Services,core_large_cap,2020q4,31828810000.0,23500216000.0,8328594000.0,-33688000.0,,-996114000.0,-1346756000.0,3016788000.0,3531795000.0,4625465000.0,-857432000.0,181350000.0,0.738331593295508,0.7635545831608281,0.0947816773545728,-0.042312483564418524,39.9773213013536,29.56880788411304,,0.09,18997.0,38.97,29.57,-0.507,1,COVID-19 pandemic shock,,,,,,0,0,1,0
neutral_surviving_known_outcome,ADP,8670,0000008670-19-000013,10-Q,2019-03-31,2019-05-03,2019-05-03,2019,Technology,Software - Application,core_large_cap,2019q2,48196300000.0,42950100000.0,5246200000.0,3847400000.0,,,753700000.0,1826200000.0,40924000000.0,39166000000.0,1024500000.0,,0.8911493205909997,1.044885870397794,0.03789087544064586,0.015638129897938224,0.19589852887664397,,,2.39,14704.4,61.98,12.87,-0.611,1,US-China trade war,,,,,,0,0,0,0
neutral_surviving_known_outcome,ASNA,1498301,0001144204-12-066759,10-Q,2012-10-31,2012-12-06,2012-12-06,2012,Consumer Cyclical,,distress_candidates,2012q4,2944300000.0,1538700000.0,1405600000.0,1137500000.0,655600000.0,72900000.0,43100000.0,132600000.0,1154700000.0,768600000.0,31300000.0,60500000.0,0.522602995618653,1.5023419203747073,0.04503617158577591,0.01463845396189247,0.03789010989010989,0.06408791208791209,0.5763516483516483,0.16,10484.1,85.47,16.58,-0.555,1,European sovereign debt crisis,2020-07-23,formal_distress,bankruptcy,source_verified_2026_05_07,2786.0,0,0,0,0
neutral_surviving_known_outcome,AXP,4962,0000950123-11-072260,10-Q,2011-06-30,2011-08-03,2011-08-03,2011,Financial Services,Credit Services,core_large_cap,2011q3,147796000000.0,129591000000.0,18205000000.0,,,,1331000000.0,468000000.0,,,3638000000.0,303000000.0,0.8768234593629056,,0.0031665268342850957,0.009005656445370646,,,,0.1,9531.0,91.87,23.38,-0.392,2,European sovereign debt crisis; Tohoku earthquake and Fukushima disaster,,,,,,0,0,0,0
neutral_surviving_known_outcome,AXP,4962,0000004962-22-000054,10-Q,2022-09-30,2022-10-21,2022-10-21,2022,Financial Services,Credit Services,core_large_cap,2022q4,214915000000.0,190975000000.0,23940000000.0,,,,1879000000.0,31182000000.0,,,4508000000.0,443000000.0,0.8886071237465974,,0.14508991927040923,0.008742991415210665,,,,3.08,21461.5,85.47,29.69,-0.113,3,Global supply-chain crisis; Inflation and rapid rate-hike shock; Russia-Ukraine war and sanctions shock,,,,,,0,0,0,0
neutral_surviving_known_outcome,C,831001,0001047469-11-007016,10-Q,2011-06-30,2011-08-05,2011-08-05,2011,Financial Services,Banks - Diversified,core_large_cap,2011q3,1956626000000.0,1777981000000.0,176364000000.0,20622000000.0,,,3341000000.0,,,,,842000000.0,0.9086974209685448,,,0.001707531229780244,0.16201144408883716,,,0.1,9531.0,86.89,32.0,-0.328,2,European sovereign debt crisis; Tohoku earthquake and Fukushima disaster,,,,,,0,0,0,0
neutral_surviving_known_outcome,CIK0001282977,1282977,0001282977-19-000023,10-Q,2019-06-30,2019-08-05,2019-08-05,2019,Financial Services,SIC 6211.0,expansion_event_review,2019q3,469646000.0,446818000.0,22828000.0,56084000.0,,-6368000.0,-12697000.0,109720000.0,,,2451000.0,429000.0,0.9513931769886255,,0.23362277119362243,-0.027035256342010792,-0.2263925540261037,-0.11354396975964624,,2.13,14974.4,54.63,24.59,-0.569,1,US-China trade war,,,,,,0,0,0,0
neutral_surviving_known_outcome,DELL,1571996,0001571996-23-000019,10-Q,2023-04-30,2023-06-12,2023-06-12,2023,Technology,Computer Hardware,core_large_cap,2023q2,84094000000.0,87018000000.0,-3023000000.0,20922000000.0,5018000000.0,1069000000.0,583000000.0,7631000000.0,37392000000.0,46825000000.0,1777000000.0,701000000.0,1.0347706138368968,0.7985477843032568,0.09074369158322829,0.006932718148738317,0.02786540483701367,0.05109454163081923,0.2398432272249307,5.08,20799.3,67.08,15.01,-0.217,2,Inflation and rapid rate-hike shock; Russia-Ukraine war and sanctions shock,,,,,,0,0,0,0
neutral_surviving_known_outcome,EA,712515,0000712515-16-000149,10-Q,2016-09-30,2016-11-08,2016-11-08,2016,Communication Services,Electronic Gaming & Multimedia,core_large_cap,2016q4,6892000000.0,3284000000.0,3608000000.0,898000000.0,497000000.0,-49000000.0,-38000000.0,1746000000.0,4260000000.0,2050000000.0,,,0.4764944863609983,2.078048780487805,0.2533372025536854,-0.005513639001741149,-0.042316258351893093,-0.05456570155902005,0.5534521158129176,0.41,13208.7,44.96,18.74,-0.39,1,Brexit referendum and immediate uncertainty,,,,,,0,0,0,0
neutral_surviving_known_outcome,F,37996,0000037996-12-000007,10-K,2011-12-31,2012-02-21,2012-02-21,2012,Consumer Cyclical,,additional_controls,2012q1,178348000000.0,163277000000.0,15028000000.0,34576000000.0,,,13615000000.0,17148000000.0,,,,,0.9154966694327943,,0.09614910175611725,0.07633951600242223,0.3937702452568255,,,0.1,9809.8,105.88,18.19,-0.394,1,European sovereign debt crisis,,,,,,0,0,0,0
neutral_surviving_known_outcome,HBAN,49196,0000049196-17-000059,10-Q,2017-09-30,2017-10-30,2017-10-30,2017,Financial Services,,additional_controls,2017q4,101988126000.0,91289277000.0,10698849000.0,,,,274568000.0,1193738000.0,,,547551000.0,32071000.0,0.8950971115990503,,0.011704676287512136,0.002692156535948116,,,,1.15,13800.1,54.11,10.5,-0.595,0,,,,,,,0,0,0,0
neutral_surviving_known_outcome,HD,354950,0000354950-17-000014,10-Q,2017-04-30,2017-05-23,2017-05-23,2017,Consumer Cyclical,Home Improvement Retail,core_large_cap,2017q2,44944000000.0,40982000000.0,3962000000.0,23887000000.0,8154000000.0,3349000000.0,2014000000.0,3565000000.0,19896000000.0,16438000000.0,4564000000.0,,0.9118458526165896,1.210366224601533,0.07932093271626914,0.04481132075471698,0.0843136434043622,0.14020178339682673,0.3413572235944237,0.91,13568.9,51.12,10.72,-0.536,0,,,,,,,0,0,0,0
neutral_surviving_known_outcome,IBM,51143,0000051143-15-000009,10-Q,2015-09-30,2015-10-27,2015-10-27,2015,Technology,Information Technology Services,core_large_cap,2015q4,108649000000.0,95198000000.0,13294000000.0,19280000000.0,9436000000.0,,2950000000.0,9480000000.0,42112000000.0,33732000000.0,,948000000.0,0.8761976640374048,1.248428791651844,0.08725344918038823,0.02715165348967777,0.15300829875518673,,0.48941908713692944,0.12,12225.2,43.21,15.43,-0.457,2,Oil price collapse; China market and renminbi turbulence,,,,,,0,0,0,0
neutral_surviving_known_outcome,LMT,936468,0000936468-18-000013,10-K/A,2017-12-31,2018-02-16,2018-02-16,2018,Industrials,Aerospace & Defense,core_large_cap,2018q1,46521000000.0,47130000000.0,-683000000.0,15137000000.0,1619000000.0,1859000000.0,-642000000.0,2861000000.0,17461000000.0,12637000000.0,1512000000.0,,1.0130908621912684,1.3817361715597056,0.061499107929752155,-0.013800219255819953,-0.04241263130078615,0.12281165356411441,0.1069564642927925,1.42,13949.3,61.89,19.46,-0.56,0,,,,,,,0,0,0,0
neutral_surviving_known_outcome,MO,764180,0000764180-23-000126,10-Q,2023-09-30,2023-10-26,2023-10-26,2023,Consumer Defensive,Tobacco,core_large_cap,2023q4,36469000000.0,39826000000.0,-3407000000.0,6281000000.0,3699000000.0,3089000000.0,2166000000.0,1537000000.0,3390000000.0,10381000000.0,2952000000.0,40000000.0,1.0920507828566728,0.3265581350544264,0.04214538375058269,0.059392909046039104,0.34484954625059705,0.49180066868333067,0.5889189619487343,5.33,20732.9,83.8,20.68,-0.289,1,Russia-Ukraine war and sanctions shock,,,,,,0,0,0,0
neutral_surviving_known_outcome,MTB,36270,0000950123-10-083149,10-Q/A,2010-06-30,2010-09-02,2010-09-02,2010,Financial Services,,additional_controls,2010q3,68153616000.0,60051772000.0,8101844000.0,,,,188749000.0,1055886000.0,,,375171000.0,,0.8811237836595494,,0.015492736291497725,0.0027694642056849926,,,,0.19,8718.7,74.99,23.19,-0.266,1,European sovereign debt crisis,,,,,,0,0,0,0
neutral_surviving_known_outcome,NCRRP,70866,0000070866-18-000033,10-Q,2018-09-30,2018-11-02,2018-11-02,2018,Technology,SIC 3578.0,expansion_event_review,2018q4,7505000000.0,6197000000.0,444000000.0,1550000000.0,,125000000.0,84000000.0,334000000.0,2855000000.0,2004000000.0,,34000000.0,0.8257161892071953,1.4246506986027945,0.04450366422385077,0.011192538307794804,0.05419354838709677,0.08064516129032258,,2.2,14282.8,63.12,19.51,-0.536,1,US-China trade war,,,,,,0,0,0,0
neutral_surviving_known_outcome,NLY,1043219,0001157523-15-003769,10-Q,2015-09-30,2015-11-06,2015-11-06,2015,Real Estate,SIC 6798.0,expansion_matched_controls,2015q4,75338687000.0,63054354000.0,12278828000.0,,,,-627294000.0,2237423000.0,,,,,0.8369452204549304,,0.02969819476678695,-0.008326319783088336,,,,0.12,12317.0,44.32,14.33,-0.47,2,Oil price collapse; China market and renminbi turbulence,,,,,,0,0,0,0
neutral_surviving_known_outcome,NPCMQ,1458891,0001564590-16-013321,10-K,2015-12-31,2016-02-25,2016-02-25,2016,Energy,,distress_candidates,2016q1,12891984000.0,5469754000.0,6699229000.0,857684000.0,,-49480000.0,-152241000.0,512245000.0,1240618000.0,863657000.0,,,0.4242755808570659,1.436470728541539,0.03973360500602545,-0.011808965943488604,-0.1775024367949035,-0.057690244892058144,,0.38,12603.9,31.4,19.11,-0.303,2,Oil price collapse; China market and renminbi turbulence,2020-07-31,formal_distress,bankruptcy,source_verified_2026_05_07,1618.0,0,0,0,0
neutral_surviving_known_outcome,NTRS,73124,0000073124-24-000257,10-Q,2024-09-30,2024-10-29,2024-10-29,2024,Financial Services,SIC 6022.0,expansion_matched_controls,2024q4,155753800000.0,143004800000.0,12749000000.0,1196600000.0,,,464900000.0,6871700000.0,,,611100000.0,25700000.0,0.9181464593480223,,0.044118987787135855,0.002984838893176282,0.3885174661541033,,,4.83,21331.9,67.48,19.34,-0.45,2,Russia-Ukraine war and sanctions shock; Red Sea shipping disruption,,,,,,0,0,0,0
neutral_surviving_known_outcome,PM,1413329,0001413329-23-000025,10-K,2022-12-31,2023-02-10,2023-02-10,2023,Consumer Defensive,Tobacco,core_large_cap,2023q1,61681000000.0,67992000000.0,-8957000000.0,8152000000.0,4941000000.0,2924000000.0,2397000000.0,3207000000.0,19619000000.0,27336000000.0,3093000000.0,347000000.0,1.1023167588074123,0.7176982733391865,0.051993320471457986,0.038861237658274025,0.29403827281648676,0.35868498527968595,0.6061089303238469,4.57,21242.9,79.74,20.53,-0.312,2,Inflation and rapid rate-hike shock; Russia-Ukraine war and sanctions shock,,,,,,0,0,0,0
neutral_surviving_known_outcome,PNC,713676,0001193125-14-189806,10-Q,2014-03-31,2014-05-08,2014-05-08,2014,Financial Services,Banks - Regional,core_large_cap,2014q2,323423000000.0,278505000000.0,43321000000.0,3777000000.0,,,992000000.0,,,,,,0.861116865529044,,,0.0030671906450685325,0.2626423087106169,,,0.09,11342.8,100.52,13.43,-0.77,0,,,,,,,0,0,0,0
neutral_surviving_known_outcome,RJF,720005,0000720005-24-000034,10-Q,2024-03-31,2024-05-07,2024-05-07,2024,Financial Services,,additional_controls,2024q2,81232000000.0,70253000000.0,10984000000.0,3638000000.0,,,476000000.0,10001000000.0,,,391000000.0,49000000.0,0.8648439038802442,,0.12311650581051803,0.005859759700610596,0.1308411214953271,,,5.33,21020.6,79.97,13.23,-0.418,2,Russia-Ukraine war and sanctions shock; Red Sea shipping disruption,,,,,,0,0,0,0
neutral_surviving_known_outcome,SBUX,829224,0000829224-20-000066,10-Q,2020-06-30,2020-07-28,2020-07-28,2020,Consumer Cyclical,Restaurants,core_large_cap,2020q3,29140600000.0,37764900000.0,-8621600000.0,4222100000.0,,-703900000.0,-678400000.0,3965900000.0,7581000000.0,8002000000.0,-367700000.0,380100000.0,1.2959547847333275,0.9473881529617596,0.13609534463943776,-0.023280234449530895,-0.16067833542549917,-0.16671798394164042,,0.09,18335.4,40.89,25.44,-0.459,1,COVID-19 pandemic shock,,,,,,0,0,0,0
neutral_surviving_known_outcome,SLM,1032033,0001628280-21-014164,10-Q,2021-06-30,2021-07-21,2021-07-21,2021,Financial Services,SIC 6141.0,expansion_matched_controls,2021q3,28925175000.0,26621797000.0,2303378000.0,,,,140201000.0,4497310000.0,,,-225685000.0,,0.9203677073690998,,0.15548082250150605,0.004847023397438391,,,,0.1,20633.3,70.26,17.91,-0.667,2,COVID-19 pandemic shock; Global supply-chain crisis,,,,,,0,0,0,0
neutral_surviving_known_outcome,SYF,1601712,0001601712-19-000184,10-Q,2019-06-30,2019-07-25,2019-07-25,2019,Financial Services,,additional_controls,2019q3,106388000000.0,91654000000.0,14734000000.0,,,,853000000.0,11755000000.0,,,1966000000.0,,0.8615069368725796,,0.11049178478775802,0.008017821558822424,,,,2.4,14886.8,55.88,12.74,-0.58,1,US-China trade war,,,,,,0,0,0,0
neutral_surviving_known_outcome,TUP,1008654,0001008654-21-000022,10-K,2020-12-31,2021-03-10,2021-03-10,2021,Industrials,,distress_candidates,2021q1,1219900000.0,1424600000.0,-204700000.0,489600000.0,334100000.0,96300000.0,21800000.0,139100000.0,546100000.0,909700000.0,54300000.0,7200000.0,1.1678006393966718,0.6003077937781687,0.11402573981473892,0.01787031723911796,0.044526143790849675,0.19669117647058823,0.6823937908496732,0.07,19873.2,64.45,22.56,-0.631,2,COVID-19 pandemic shock; Global supply-chain crisis,2024-09-17,formal_distress,bankruptcy,source_verified_2026_05_07,1287.0,0,0,0,0
neutral_surviving_known_outcome,UNM,5513,0000005513-18-000016,10-K,2017-12-31,2018-02-21,2018-02-21,2018,Financial Services,SIC 6321.0,expansion_matched_controls,2018q1,64013100000.0,54438200000.0,9574900000.0,2839200000.0,,,266900000.0,,,,283400000.0,40600000.0,0.8504228040822894,,,0.004169459063847868,0.09400535362073824,,,1.42,13949.3,61.73,20.02,-0.56,0,,,,,,,0,0,0,0
neutral_surviving_known_outcome,URI,1067701,0001193125-11-273899,10-Q,2011-09-30,2011-10-18,2011-10-18,2011,Industrials,Rental & Leasing Services,core_large_cap,2011q4,4005000000.0,3950000000.0,14000000.0,713000000.0,274000000.0,156000000.0,65000000.0,26000000.0,658000000.0,879000000.0,157000000.0,11000000.0,0.9862671660424469,0.7485779294653014,0.006491885143570537,0.016229712858926344,0.091164095371669,0.2187938288920056,0.38429172510518933,0.07,9584.4,88.34,31.56,-0.07,2,European sovereign debt crisis; Tohoku earthquake and Fukushima disaster,,,,,,0,0,0,0
neutral_surviving_known_outcome,USB,36104,0001193125-22-138788,10-Q,2022-03-31,2022-05-03,2022-05-03,2022,Financial Services,Banks - Regional,core_large_cap,2022q2,586517000000.0,534849000000.0,51200000000.0,,,,1557000000.0,44303000000.0,,,8477000000.0,,0.911907071747281,,0.07553574747194028,0.002654654511292938,,,,0.77,21719.5,102.53,29.25,-0.337,3,Global supply-chain crisis; Inflation and rapid rate-hike shock; Russia-Ukraine war and sanctions shock,,,,,,0,0,0,0
neutral_surviving_known_outcome,USB,36104,0001193125-22-212040,10-Q,2022-06-30,2022-08-04,2022-08-04,2022,Financial Services,Banks - Regional,core_large_cap,2022q3,591381000000.0,542312000000.0,48605000000.0,,,,1531000000.0,39124000000.0,,,2249000000.0,,0.9170264178253952,,0.06615701214614605,0.002588855577030713,,,,2.33,21638.2,91.29,21.44,-0.22,3,Global supply-chain crisis; Inflation and rapid rate-hike shock; Russia-Ukraine war and sanctions shock,,,,,,0,0,0,0
neutral_surviving_known_outcome,VRSN,1014473,0001014473-12-000022,10-Q,2012-09-30,2012-10-25,2012-10-25,2012,Technology,SIC 7371.0,expansion_matched_controls,2012q4,1983264000.0,2009876000.0,-26612000.0,223528000.0,,116062000.0,77910000.0,270455000.0,1530489000.0,1617360000.0,121622000.0,13626000.0,1.0134182842022041,0.9462883959044368,0.13636863271858915,0.03928372622101747,0.3485469381911886,0.5192280161769443,,0.16,10292.4,85.59,18.12,-0.55,1,European sovereign debt crisis,,,,,,0,0,0,0
neutral_surviving_known_outcome,VST,1692819,0001692819-24-000061,10-Q,2024-06-30,2024-08-09,2024-08-09,2024,Utilities,Utilities - Independent Power Producers,core_large_cap,2024q3,39125000000.0,31818000000.0,5593000000.0,3845000000.0,,808000000.0,365000000.0,1624000000.0,9826000000.0,10057000000.0,1196000000.0,498000000.0,0.8132396166134185,0.9770309237347121,0.04150798722044728,0.009329073482428115,0.09492847854356307,0.21014304291287386,,5.33,21186.8,78.28,20.37,-0.367,2,Russia-Ukraine war and sanctions shock; Red Sea shipping disruption,,,,,,0,0,0,0
neutral_surviving_known_outcome,WBD,1437107,0001437107-21-000183,10-Q,2021-09-30,2021-11-03,2021-11-03,2021,Communication Services,Entertainment,core_large_cap,2021q4,34318000000.0,20920000000.0,11611000000.0,3150000000.0,,329000000.0,156000000.0,3116000000.0,6656000000.0,3335000000.0,811000000.0,106000000.0,0.6095926336033568,1.9958020989505247,0.09079783204149426,0.004545719447520252,0.049523809523809526,0.10444444444444445,,0.08,21335.9,80.82,15.1,-0.622,2,COVID-19 pandemic shock; Global supply-chain crisis,,,,,,0,0,0,0
neutral_surviving_known_outcome,WFC,72971,0000072971-14-000424,10-Q,2014-03-31,2014-05-07,2014-05-07,2014,Financial Services,Banks - Diversified,core_large_cap,2014q2,1546707000000.0,1370238000000.0,175654000000.0,,,,5893000000.0,,,,2841000000.0,,0.8859066390725586,,,0.0038100299539602523,,,,0.09,11342.8,101.06,13.4,-0.77,0,,,,,,,0,0,0,0
neutral_surviving_known_outcome,WU,1365135,0001365135-17-000019,10-Q,2017-03-31,2017-05-02,2017-05-02,2017,Industrials,SIC 7389.0,expansion_matched_controls,2017q2,9486000000.0,8735700000.0,750300000.0,1302400000.0,,239500000.0,161700000.0,1323300000.0,,,86300000.0,7900000.0,0.9209044908285895,,0.13950031625553447,0.017046173308032892,0.1241554054054054,0.18389127764127763,,0.91,13568.9,47.65,10.59,-0.506,0,,,,,,,0,0,0,0
strict_distress_positive,AAMRQ,6201,0000950123-10-094605,10-Q,2010-09-30,2010-10-20,2010-10-20,2010,Industrials,,distress_candidates,2010q4,25357000000.0,,-3643000000.0,5842000000.0,,342000000.0,143000000.0,202000000.0,6837000000.0,8939000000.0,-83000000.0,,,0.7648506544356192,0.007966242063335568,0.005639468391371219,0.024477918521054434,0.058541595344060254,,0.19,8768.4,81.93,19.79,-0.398,1,European sovereign debt crisis,2011-11-29,formal_distress,bankruptcy,source_verified_2026_05_07,405.0,0,1,1,
strict_distress_positive,AAMRQ,6201,0000950123-11-014726,10-K,2010-12-31,2011-02-16,2011-02-16,2011,Industrials,,distress_candidates,2011q1,25088000000.0,,-3945000000.0,5586000000.0,,68000000.0,-98000000.0,168000000.0,6838000000.0,8780000000.0,151000000.0,,,0.7788154897494305,0.006696428571428571,-0.00390625,-0.017543859649122806,0.01217329036877909,,0.16,8913.3,83.8,16.72,-0.594,1,European sovereign debt crisis,2011-11-29,formal_distress,bankruptcy,source_verified_2026_05_07,286.0,0,1,1,
strict_distress_positive,ANRZQ,1301063,0001301063-15-000015,10-K,2014-12-31,2015-02-26,2015-02-26,2015,Energy,,distress_candidates,2015q1,10736148000.0,7749348000.0,2986800000.0,1070615000.0,,-100358000.0,-121661000.0,741186000.0,1876314000.0,1009549000.0,-30711000.0,56864000.0,0.7217996622252226,1.8585665480328344,0.06903649241795103,-0.01133190414290116,-0.11363655469052834,-0.0937386455448504,,0.11,11922.8,47.65,13.91,-0.518,1,Oil price collapse,2015-08-03,formal_distress,bankruptcy,source_verified_2026_05_07,158.0,0,1,1,
strict_distress_positive,ASNA,1498301,0001498301-19-000092,10-K,2019-07-31,2019-10-10,2019-10-10,2019,Consumer Cyclical,,distress_candidates,2019q4,2699800000.0,2548800000.0,151000000.0,1454200000.0,789200000.0,-354500000.0,-357900000.0,328000000.0,1155000000.0,798200000.0,49800000.0,32700000.0,0.9440699311060079,1.447005762966675,0.1214904807763538,-0.13256537521297873,-0.24611470224178242,-0.2437766469536515,0.5427038921743914,1.83,15184.1,53.57,17.57,-0.515,1,US-China trade war,2020-07-23,formal_distress,bankruptcy,source_verified_2026_05_07,287.0,0,1,1,0
strict_distress_positive,BBBY,886158,0000886158-22-000047,10-K,2022-02-28,2022-04-21,2022-04-21,2022,Consumer Cyclical,,distress_candidates,2022q2,5130572000.0,4956427000.0,174145000.0,2051396000.0,579808000.0,-165481000.0,-159105000.0,439496000.0,2363154000.0,2074787000.0,282594000.0,121715000.0,0.966057390871817,1.1389863152217552,0.08566218347583857,-0.031011162108240564,-0.0775593790764923,-0.08066750642001837,0.28264069930915336,0.33,21769.5,103.89,22.68,-0.361,3,Global supply-chain crisis; Inflation and rapid rate-hike shock; Russia-Ukraine war and sanctions shock,2023-04-23,formal_distress,bankruptcy,source_verified_2026_05_07,367.0,0,1,1,0
strict_distress_positive,BRDS,1861449,0001861449-22-000265,10-Q/A,2022-06-30,2022-11-18,2022-11-18,2022,Consumer Cyclical,,distress_candidates,2022q4,331319000.0,267535000.0,63784000.0,66765000.0,-23242000.0,-341140000.0,-320316000.0,57140000.0,141543000.0,261696000.0,-4576000.0,179000.0,0.8074846296167741,0.5408680300807043,0.17246218900817642,-0.9667903138666964,-4.797663446416536,-5.109563393993859,-0.3481165281210215,3.78,21406.5,80.07,23.12,-0.175,3,Global supply-chain crisis; Inflation and rapid rate-hike shock; Russia-Ukraine war and sanctions shock,2023-12-20,formal_distress,bankruptcy,source_verified_2026_05_07,397.0,0,1,1,0
strict_distress_positive,CHK,895126,0000895126-20-000061,10-K,2019-12-31,2020-02-27,2020-02-27,2020,Energy,,distress_candidates,2020q1,16193000000.0,,4364000000.0,1926000000.0,,-173000000.0,-324000000.0,6000000.0,1251000000.0,2392000000.0,441000000.0,,,0.5229933110367893,0.0003705304761316618,-0.02000864571110974,-0.16822429906542055,-0.08982346832814123,,1.58,15493.4,47.17,39.16,-0.435,1,COVID-19 pandemic shock,2020-06-28,formal_distress,bankruptcy,source_verified_2026_05_07,122.0,0,1,1,0
strict_distress_positive,CHK,895126,0000895126-20-000115,10-Q,2020-03-31,2020-05-11,2020-05-11,2020,Energy,,distress_candidates,2020q2,7808000000.0,,-3945000000.0,2541000000.0,,-8227000000.0,-8297000000.0,82000000.0,1818000000.0,2260000000.0,397000000.0,,,0.804424778761062,0.010502049180327868,-1.0626280737704918,-3.265249901613538,-3.2377016922471467,,0.05,17932.9,24.02,27.57,-0.038,1,COVID-19 pandemic shock,2020-06-28,formal_distress,bankruptcy,source_verified_2026_05_07,48.0,0,1,1,0
strict_distress_positive,CIK0000077281,77281,0000950170-23-019883,10-Q,2023-03-31,2023-05-10,2023-05-10,2023,Real Estate,SIC 6798.0,expansion_event_review,2023q2,1744339000.0,1916250000.0,-160018000.0,67265000.0,,,-45086000.0,20240000.0,,,18537000.0,,1.0985536641673437,,0.011603249139072165,-0.02584704005356757,-0.670274288262841,,,5.06,20829.6,72.53,16.94,-0.202,2,Inflation and rapid rate-hike shock; Russia-Ukraine war and sanctions shock,2023-12-10,formal_distress,bankruptcy,source_verified_2026_05_07,214.0,0,1,1,
strict_distress_positive,CIK0000077281,77281,0000950170-23-063366,10-Q,2023-09-30,2023-11-14,2023-11-14,2023,Real Estate,SIC 6798.0,expansion_event_review,2023q4,1717955000.0,1994045000.0,-262719000.0,67981000.0,,,-57044000.0,22060000.0,,,-709000.0,,1.16070851681214,,0.012840848567046285,-0.03320459499812277,-0.8391168120504259,,,5.33,20746.5,78.9,14.16,-0.301,1,Russia-Ukraine war and sanctions shock,2023-12-10,formal_distress,bankruptcy,source_verified_2026_05_07,26.0,0,1,1,
strict_distress_positive,CIK0000084129,84129,0001558370-22-014850,10-Q,2022-08-31,2022-10-05,2022-10-05,2022,Consumer Cyclical,SIC 5912.0,expansion_event_review,2022q4,8367125000.0,8703523000.0,-336398000.0,5901069000.0,,,-331290000.0,46808000.0,3740864000.0,2818767000.0,-199224000.0,49067000.0,1.0402047298205777,1.3271277831761192,0.005594275214007201,-0.0395942453351659,-0.05614067552845086,,,3.08,21461.5,88.22,28.55,-0.108,3,Global supply-chain crisis; Inflation and rapid rate-hike shock; Russia-Ukraine war and sanctions shock,2023-10-15,formal_distress,bankruptcy,source_verified_2026_05_07,375.0,0,1,1,0
strict_distress_positive,CIK0000084129,84129,0001558370-23-007488,10-K,2023-02-28,2023-05-01,2023-05-01,2023,Consumer Cyclical,SIC 5912.0,expansion_event_review,2023q2,7527362000.0,8169138000.0,-641776000.0,5589034000.0,,,-600520000.0,157151000.0,3301047000.0,2727875000.0,,70284000.0,1.0852590854538415,1.2101166659029465,0.020877300706409495,-0.07977828089043679,-0.10744611680658947,,,5.06,20829.6,75.65,16.08,-0.193,3,Inflation and rapid rate-hike shock; Russia-Ukraine war and sanctions shock; US regional banking and Credit Suisse stress,2023-10-15,formal_distress,bankruptcy,source_verified_2026_05_07,167.0,0,1,1,0
strict_distress_positive,CIK0000084129,84129,0001558370-23-011791,10-Q,2023-05-31,2023-07-11,2023-07-11,2023,Consumer Cyclical,SIC 5912.0,expansion_event_review,2023q3,7650418000.0,8597866000.0,-947448000.0,5653162000.0,,,-306718000.0,135527000.0,3649463000.0,2772571000.0,-372538000.0,35891000.0,1.1238426449378323,1.3162739565551251,0.017714979756661663,-0.0400916655795801,-0.0542560075228695,,,5.12,20791.2,74.87,14.84,-0.238,2,Inflation and rapid rate-hike shock; Russia-Ukraine war and sanctions shock,2023-10-15,formal_distress,bankruptcy,source_verified_2026_05_07,96.0,0,1,1,0
strict_distress_positive,CIK0000814549,814549,0001628280-22-029134,10-Q,2022-09-30,2022-11-09,2022-11-09,2022,Technology,SIC 7373.0,expansion_event_review,2022q4,1504938000.0,844912000.0,617823000.0,257904000.0,,30361000.0,18250000.0,70977000.0,336276000.0,805327000.0,23649000.0,3064000.0,0.5614264507906638,0.4175645421052566,0.04716274025906715,0.012126745420741585,0.07076276443948136,0.11772209814504622,,3.78,21406.5,85.79,26.09,-0.145,3,Global supply-chain crisis; Inflation and rapid rate-hike shock; Russia-Ukraine war and sanctions shock,2023-12-17,formal_distress,bankruptcy,source_verified_2026_05_07,403.0,0,1,1,0
strict_distress_positive,CIK0000814549,814549,0001628280-23-008050,10-K,2022-12-31,2023-03-15,2023-03-15,2023,Technology,SIC 7373.0,expansion_event_review,2023q1,1537555000.0,878115000.0,617225000.0,255208000.0,,29766000.0,7861000.0,110637000.0,384520000.0,831537000.0,32474000.0,1805000.0,0.5711112773201609,0.46242079426411575,0.07195645033836189,0.005112662636458533,0.030802325945895114,0.11663427478762421,,4.65,20946.8,67.38,26.14,-0.209,3,Inflation and rapid rate-hike shock; Russia-Ukraine war and sanctions shock; US regional banking and Credit Suisse stress,2023-12-17,formal_distress,bankruptcy,source_verified_2026_05_07,277.0,0,1,1,0
strict_distress_positive,CIK0000867773,867773,0000867773-23-000125,10-Q/A,2023-06-30,2023-12-18,2023-12-18,2023,Technology,SIC 3674.0,expansion_event_review,2023q4,1556702000.0,1100727000.0,455077000.0,463360000.0,73929000.0,-23161000.0,-31208000.0,114104000.0,1033573000.0,644317000.0,-19171000.0,14340000.0,0.7070890896266594,1.6041374044142866,0.0732985503969289,-0.020047510698900626,-0.06735151933701658,-0.04998489295580111,0.15954981008287292,5.33,20777.9,72.16,12.56,-0.351,2,Russia-Ukraine war and sanctions shock; Red Sea shipping disruption,2024-08-05,formal_distress,bankruptcy,source_verified_2026_05_07,231.0,0,1,1,
strict_distress_positive,EKDKQ,31235,0000031235-11-000025,10-K,2010-12-31,2011-02-25,2011-02-25,2011,Industrials,,distress_candidates,2011q1,6239000000.0,7314000000.0,-1077000000.0,1927000000.0,377000000.0,-683000000.0,-595000000.0,1624000000.0,3799000000.0,2833000000.0,285000000.0,62000000.0,1.1723032537265587,1.3409812919166961,0.26029812469947106,-0.09536784741144415,-0.30877010897768553,-0.3544369486248054,0.19564089257913855,0.16,8913.3,96.52,19.22,-0.57,1,European sovereign debt crisis,2012-01-19,formal_distress,bankruptcy,source_verified_2026_05_07,328.0,0,1,1,0
strict_distress_positive,HTZ,1657853,0001657853-19-000134,10-Q,2019-06-30,2019-08-07,2019-08-07,2019,Industrials,,distress_candidates,2019q3,26354000000.0,25284000000.0,964000000.0,2511000000.0,,,38000000.0,415000000.0,,,540000000.0,,0.9593989527206496,,0.015747135159748047,0.0014419063519769296,0.015133412982875348,,,2.13,14974.4,51.14,19.49,-0.569,1,US-China trade war,2020-05-22,formal_distress,bankruptcy,source_verified_2026_05_07,289.0,0,1,1,0
strict_distress_positive,JCP,1166126,0001166126-19-000030,10-Q,2019-04-30,2019-05-29,2019-05-29,2019,Consumer Cyclical,,distress_candidates,2019q2,8342000000.0,7308000000.0,1034000000.0,2439000000.0,,-93000000.0,-154000000.0,171000000.0,2935000000.0,1945000000.0,-205000000.0,71000000.0,0.8760489091345001,1.5089974293059125,0.02049868137137377,-0.01846080076720211,-0.06314063140631407,-0.038130381303813035,,2.39,14704.4,58.84,17.9,-0.588,1,US-China trade war,2020-05-15,formal_distress,bankruptcy,source_verified_2026_05_07,352.0,0,1,1,0
strict_distress_positive,JOAN,1834585,0000950170-23-011800,10-K,2023-01-31,2023-04-04,2023-04-04,2023,Consumer Cyclical,,distress_candidates,2023q2,2180800000.0,,-49100000.0,692800000.0,,-98700000.0,-91100000.0,20200000.0,642900000.0,501000000.0,98400000.0,,,1.2832335329341318,0.009262655906089509,-0.04177366104181952,-0.13149538106235567,-0.14246535796766743,,4.83,20761.4,80.7,19.0,-0.155,3,Inflation and rapid rate-hike shock; Russia-Ukraine war and sanctions shock; US regional banking and Credit Suisse stress,2024-03-18,formal_distress,bankruptcy,source_verified_2026_05_07,349.0,0,1,1,
strict_distress_positive,PCG,1004980,0001004980-18-000003,10-K,2017-12-31,2018-02-09,2018-02-09,2018,Utilities,Utilities - Regulated Electric,core_large_cap,2018q1,68012000000.0,,19220000000.0,4100000000.0,,429000000.0,118000000.0,449000000.0,6281000000.0,7129000000.0,1240000000.0,1703000000.0,,0.8810492355169028,0.006601776157148739,0.0017349879433041229,0.02878048780487805,0.10463414634146341,,1.42,13949.3,59.2,29.06,-0.575,0,,2019-01-29,formal_distress,bankruptcy,source_verified_2026_05_07,354.0,0,1,1,
strict_distress_positive,PIRRQ,278130,0001564590-19-000449,10-Q,2018-11-30,2019-01-09,2019-01-09,2019,Consumer Cyclical,,distress_candidates,2019q1,745292000.0,,157186000.0,413232000.0,130492000.0,-28943000.0,-50441000.0,71109000.0,552323000.0,337008000.0,-42852000.0,5823000.0,,1.6389017471395337,0.09541092618731987,-0.06767951353295085,-0.12206460293491307,-0.0700405583304294,0.3157838695938359,2.4,14459.7,52.19,19.98,-0.439,1,US-China trade war,2020-02-17,formal_distress,bankruptcy,source_verified_2026_05_07,404.0,0,1,1,
strict_distress_positive,PIRRQ,278130,0001564590-19-036695,10-Q,2019-08-31,2019-10-09,2019-10-09,2019,Consumer Cyclical,,distress_candidates,2019q4,1190399000.0,,-89676000.0,304590000.0,50838000.0,-93055000.0,-100551000.0,10007000.0,414757000.0,489963000.0,-66503000.0,3533000.0,,0.8465067770423481,0.008406425072601708,-0.08446831692566946,-0.33011917659804985,-0.30550904494566467,0.1669063331035162,1.83,15184.1,52.63,18.64,-0.515,1,US-China trade war,2020-02-17,formal_distress,bankruptcy,source_verified_2026_05_07,131.0,0,1,1,
strict_distress_positive,PRTY,1592058,0000950170-21-003730,10-Q,2021-09-30,2021-11-09,2021-11-09,2021,Consumer Cyclical,,distress_candidates,2021q4,2836826000.0,2734335000.0,102491000.0,510199000.0,183698000.0,20054000.0,-2789000.0,60740000.0,823097000.0,665634000.0,-87328000.0,8759000.0,0.9638712420148433,1.2365609328850389,0.021411253280955545,-0.000983141017461064,-0.005466494446284685,0.03930623149006564,0.3600516661145945,0.08,21335.9,84.12,17.78,-0.604,2,COVID-19 pandemic shock; Global supply-chain crisis,2023-01-17,formal_distress,bankruptcy,source_verified_2026_05_07,434.0,0,1,1,0
strict_distress_positive,PRTY,1592058,0000950170-22-002280,10-K,2021-12-31,2022-02-28,2022-02-28,2022,Consumer Cyclical,,distress_candidates,2022q1,2711900000.0,2629186000.0,82714000.0,698308000.0,214900000.0,2688000.0,-19486000.0,47914000.0,698483000.0,570059000.0,125486000.0,30011000.0,0.9694996128175818,1.2252819445004814,0.01766805560677016,-0.007185368192042479,-0.027904592242964422,0.0038493043184382823,0.30774386087514394,0.08,21724.8,96.13,30.15,-0.439,2,Global supply-chain crisis; Russia-Ukraine war and sanctions shock,2023-01-17,formal_distress,bankruptcy,source_verified_2026_05_07,323.0,0,1,1,0
strict_distress_positive,PRTY,1592058,0000950170-22-015233,10-Q,2022-06-30,2022-08-08,2022-08-08,2022,Consumer Cyclical,,distress_candidates,2022q3,3103694000.0,2883718000.0,219976000.0,527449000.0,177972000.0,10666000.0,162173000.0,39237000.0,1050777000.0,816290000.0,17692000.0,32474000.0,0.9291244562125003,1.2872594298594862,0.012642032365304054,0.05225160727829483,0.3074666934623063,0.020221860312561023,0.3374203003513136,2.33,21638.2,93.52,21.29,-0.233,3,Global supply-chain crisis; Inflation and rapid rate-hike shock; Russia-Ukraine war and sanctions shock,2023-01-17,formal_distress,bankruptcy,source_verified_2026_05_07,162.0,0,1,1,0
strict_distress_positive,REV,887921,0000887921-21-000007,10-Q,2021-03-31,2021-05-10,2021-05-10,2021,Industrials,,distress_candidates,2021q2,2430900000.0,,-1958700000.0,445000000.0,253800000.0,-12700000.0,-96000000.0,85600000.0,984100000.0,705800000.0,-28400000.0,700000.0,,1.394304335505809,0.03521329548726809,-0.03949154634086141,-0.2157303370786517,-0.02853932584269663,0.5703370786516854,0.06,20459.0,64.92,19.66,-0.686,2,COVID-19 pandemic shock; Global supply-chain crisis,2022-06-15,formal_distress,bankruptcy,source_verified_2026_05_07,401.0,0,1,1,
strict_distress_positive,RIDE,1759546,0001558370-22-016658,10-Q,2022-09-30,2022-11-07,2022-11-07,2022,Consumer Cyclical,,distress_candidates,2022q4,501080000.0,88643000.0,412437000.0,,,-154849000.0,-154430000.0,154232000.0,252178000.0,86148000.0,-49595000.0,10520000.0,0.176903887602778,2.927264707247992,0.3077991538277321,-0.30819430031132755,,,,3.78,21406.5,91.8,24.35,-0.145,3,Global supply-chain crisis; Inflation and rapid rate-hike shock; Russia-Ukraine war and sanctions shock,2023-06-27,formal_distress,bankruptcy,source_verified_2026_05_07,232.0,0,1,1,0
strict_distress_positive,SDC,1775625,0001775625-22-000074,10-Q,2022-06-30,2022-08-08,2022-08-08,2022,Healthcare,,distress_candidates,2022q3,700560000.0,959096000.0,-258536000.0,125796000.0,91721000.0,-54958000.0,-20305000.0,158264000.0,391718000.0,154304000.0,-17840000.0,17754000.0,1.369041909329679,2.5386120904189133,0.22591070001141944,-0.028983955692588787,-0.1614121275716239,-0.43688193583261786,0.729124932430284,2.33,21638.2,93.52,21.29,-0.233,3,Global supply-chain crisis; Inflation and rapid rate-hike shock; Russia-Ukraine war and sanctions shock,2023-09-29,formal_distress,bankruptcy,source_verified_2026_05_07,417.0,0,1,1,0
strict_distress_positive,SDC,1775625,0001775625-23-000059,10-Q,2023-03-31,2023-05-09,2023-05-09,2023,Healthcare,,distress_candidates,2023q2,545606000.0,987479000.0,-441873000.0,119777000.0,86885000.0,-59181000.0,-21419000.0,86254000.0,251589000.0,112243000.0,-32577000.0,8041000.0,1.8098756245349208,2.241467173899486,0.15808843744386974,-0.039257266232409466,-0.17882398123178908,-0.49409318984446093,0.7253896824933,5.06,20829.6,73.68,17.71,-0.202,2,Inflation and rapid rate-hike shock; Russia-Ukraine war and sanctions shock,2023-09-29,formal_distress,bankruptcy,source_verified_2026_05_07,143.0,0,1,1,
strict_distress_positive,SHLDQ,1310067,0001310067-17-000021,10-Q,2017-07-31,2017-08-24,2017-08-24,2017,Consumer Cyclical,,distress_candidates,2017q3,8351000000.0,12002000000.0,-3651000000.0,4365000000.0,,-106000000.0,-251000000.0,212000000.0,4563000000.0,4960000000.0,-258000000.0,19000000.0,1.4371931505208957,0.9199596774193548,0.025386181295653214,-0.030056280684947912,-0.057502863688430696,-0.024284077892325315,,1.16,13697.7,47.24,12.23,-0.563,0,,2018-10-15,formal_distress,bankruptcy,source_verified_2026_05_07,417.0,0,1,1,0
strict_distress_positive,SHLDQ,1310067,0001310067-18-000021,10-Q,2018-07-31,2018-09-13,2018-09-13,2018,Consumer Cyclical,,distress_candidates,2018q3,6937000000.0,11339000000.0,-4402000000.0,3182000000.0,,-202000000.0,-508000000.0,193000000.0,3868000000.0,4277000000.0,114000000.0,18000000.0,1.634568257171688,0.9043722235211596,0.027821824996396138,-0.07323050309932247,-0.1596480201131364,-0.06348208673790069,,1.95,14245.5,68.6,12.37,-0.599,1,US-China trade war,2018-10-15,formal_distress,bankruptcy,source_verified_2026_05_07,32.0,0,1,1,
strict_distress_positive,SI,1312109,0001312109-22-000206,10-Q,2022-09-30,2022-11-07,2022-11-07,2022,Financial Services,,distress_candidates,2022q4,15467340000.0,14135995000.0,1331345000.0,,,,43328000.0,1886823000.0,,,100297000.0,621000.0,0.9139254066956568,,0.12198755571416935,0.0028012573590546273,,,,3.78,21406.5,91.8,24.35,-0.145,3,Global supply-chain crisis; Inflation and rapid rate-hike shock; Russia-Ukraine war and sanctions shock,2023-03-08,formal_distress,liquidation_distress,source_verified_2026_05_07,121.0,0,1,1,
strict_distress_positive,SIVB,719739,0000719739-22-000040,10-Q,2022-03-31,2022-05-06,2022-05-06,2022,Financial Services,,distress_candidates,2022q2,220355000000.0,203995000000.0,15980000000.0,,,,533000000.0,20606000000.0,,,359000000.0,32000000.0,0.925756166186381,,0.09351274080461074,0.0024188241700891745,,,,0.77,21719.5,109.72,30.19,-0.319,3,Global supply-chain crisis; Inflation and rapid rate-hike shock; Russia-Ukraine war and sanctions shock,2023-03-10,formal_distress,bank_failure,source_verified_2026_05_07,308.0,0,1,1,0
strict_distress_positive,SIVB,719739,0000719739-22-000055,10-Q,2022-06-30,2022-08-08,2022-08-08,2022,Financial Services,,distress_candidates,2022q3,214389000000.0,198113000000.0,15918000000.0,,,,353000000.0,15398000000.0,,,1052000000.0,33000000.0,0.924081925845076,,0.07182271478480706,0.0016465397011973563,,,,2.33,21638.2,93.52,21.29,-0.233,3,Global supply-chain crisis; Inflation and rapid rate-hike shock; Russia-Ukraine war and sanctions shock,2023-03-10,formal_distress,bank_failure,source_verified_2026_05_07,214.0,0,1,1,
strict_distress_positive,SIVB,719739,0000719739-22-000081,10-Q,2022-09-30,2022-11-07,2022-11-07,2022,Financial Services,,distress_candidates,2022q4,212867000000.0,197057000000.0,15509000000.0,,,,418000000.0,13968000000.0,,,433000000.0,76000000.0,0.9257282716437963,,0.06561843780388693,0.0019636674543259407,,,,3.78,21406.5,91.8,24.35,-0.145,3,Global supply-chain crisis; Inflation and rapid rate-hike shock; Russia-Ukraine war and sanctions shock,2023-03-10,formal_distress,bank_failure,source_verified_2026_05_07,123.0,0,1,1,
strict_distress_positive,SIVB,719739,0000719739-23-000021,10-K,2022-12-31,2023-02-24,2023-02-24,2023,Financial Services,,distress_candidates,2023q1,211793000000.0,195498000000.0,16004000000.0,,,,305000000.0,13803000000.0,,,1020000000.0,74000000.0,0.9230616687048203,,0.06517212561321668,0.001440085366371882,,,,4.57,21242.9,76.19,21.67,-0.272,2,Inflation and rapid rate-hike shock; Russia-Ukraine war and sanctions shock,2023-03-10,formal_distress,bank_failure,source_verified_2026_05_07,14.0,0,1,1,
strict_distress_positive,TUES,878726,0001564590-20-003353,10-Q,2019-12-31,2020-02-05,2020-02-05,2020,Consumer Cyclical,,distress_candidates,2020q1,681520000.0,508063000.0,173457000.0,324414000.0,105776000.0,11099000.0,10937000.0,4903000.0,221635000.0,189498000.0,53373000.0,3621000.0,0.7454850921469656,1.1695901803712967,0.007194212935790586,0.016047951637516142,0.0337130949959003,0.03421245692232764,0.3260525131467816,1.58,15493.4,50.87,15.15,-0.621,1,COVID-19 pandemic shock,2020-05-27,formal_distress,bankruptcy,source_verified_2026_05_07,112.0,0,1,1,0
strict_distress_positive,TUP,1008654,0001008654-23-000079,10-K,2022-12-31,2023-10-13,2023-10-13,2023,Industrials,,distress_candidates,2023q4,743600000.0,1173400000.0,-429800000.0,313600000.0,197800000.0,1000000.0,-244700000.0,110100000.0,431600000.0,1001900000.0,,5900000.0,1.5779989241527703,0.4307815151212696,0.1480634749865519,-0.3290747713824637,-0.7802933673469388,0.0031887755102040817,0.6307397959183674,5.33,20732.9,87.67,19.32,-0.295,1,Russia-Ukraine war and sanctions shock,2024-09-17,formal_distress,bankruptcy,source_verified_2026_05_07,340.0,0,1,1,0
strict_distress_positive,UCIHQ,1022646,0001193125-15-271059,10-Q,2015-06-30,2015-07-30,2015-07-30,2015,Energy,,distress_candidates,2015q3,4194425000.0,,214326000.0,,,19515000.0,-24673000.0,5381000.0,169710000.0,324156000.0,121525000.0,,,0.5235442194498945,0.001282893364406325,-0.00588233190484989,,,,0.13,12067.0,48.53,12.13,-0.514,2,Oil price collapse; China market and renminbi turbulence,2016-04-29,formal_distress,bankruptcy,source_verified_2026_05_07,274.0,0,1,1,
strict_distress_positive,UNTC,798949,0000798949-19-000007,10-K,2018-12-31,2019-02-26,2019-02-26,2019,Energy,SIC 1311.0,expansion_event_review,2019q1,2698053000.0,,1390881000.0,214788000.0,,,-77840000.0,6452000.0,175113000.0,213859000.0,111224000.0,142228000.0,,0.8188245526257955,0.0023913540616140603,-0.02885043399814607,-0.36240385868856734,,,2.4,14506.3,55.4,15.17,-0.581,1,US-China trade war,2020-05-22,formal_distress,bankruptcy,source_verified_2026_05_07,451.0,0,1,1,
strict_distress_positive,WE,1813756,0001813756-22-000049,10-Q,2022-09-30,2022-11-14,2022-11-14,2022,Real Estate,,distress_candidates,2022q4,18339000000.0,21094000000.0,-3032000000.0,817000000.0,,-336000000.0,-568000000.0,460000000.0,866000000.0,2094000000.0,-110000000.0,,1.150226293691041,0.41356255969436484,0.02508315611538252,-0.030972244942472325,-0.6952264381884945,-0.4112607099143207,,3.78,21406.5,85.85,23.73,-0.162,3,Global supply-chain crisis; Inflation and rapid rate-hike shock; Russia-Ukraine war and sanctions shock,2023-11-06,formal_distress,bankruptcy,source_verified_2026_05_07,357.0,0,1,1,0
strict_distress_positive,WE,1813756,0001813756-23-000016,10-K,2022-12-31,2023-03-29,2023-03-29,2023,Real Estate,,distress_candidates,2023q1,17863000000.0,21318000000.0,-3670000000.0,848000000.0,,-581000000.0,-454000000.0,287000000.0,689000000.0,2230000000.0,-88000000.0,,1.193416559368527,0.30896860986547087,0.016066730112523093,-0.02541566366231876,-0.535377358490566,-0.6851415094339622,,4.65,20946.8,72.95,19.12,-0.159,3,Inflation and rapid rate-hike shock; Russia-Ukraine war and sanctions shock; US regional banking and Credit Suisse stress,2023-11-06,formal_distress,bankruptcy,source_verified_2026_05_07,222.0,0,1,1,
strict_distress_positive,WLL,1255474,0001255474-19-000033,10-Q,2019-09-30,2019-11-06,2019-11-06,2019,Energy,,distress_candidates,2019q4,7774881000.0,3604924000.0,4169957000.0,375891000.0,,24638000.0,-19067000.0,,355314000.0,806513000.0,138992000.0,,0.4636629165128058,0.44055582489060935,,-0.002452384801773815,-0.050724811181964986,0.06554559699487351,,1.55,15296.0,56.15,12.62,-0.561,1,US-China trade war,2020-04-01,formal_distress,bankruptcy,source_verified_2026_05_07,147.0,0,1,1,0
strict_distress_positive,WLTGQ,837173,0000837173-15-000005,10-K,2014-12-31,2015-02-26,2015-02-26,2015,Energy,,distress_candidates,2015q1,5386129000.0,5104548000.0,281581000.0,285563000.0,,-105602000.0,-128097000.0,468532000.0,970775000.0,421609000.0,,23266000.0,0.9477210813183271,2.302548095510295,0.08698863320949053,-0.02378275752400286,-0.4485770215329017,-0.36980281058820647,,0.11,11922.8,47.65,13.91,-0.518,1,Oil price collapse,2015-07-15,formal_distress,bankruptcy,source_verified_2026_05_07,139.0,0,1,1,0
success_resilience_positive,AAPL,320193,0000320193-22-000059,10-Q,2022-03-31,2022-04-29,2022-04-29,2022,Technology,Consumer Electronics,core_large_cap,2022q2,350662000000.0,283263000000.0,67399000000.0,97278000000.0,42559000000.0,29979000000.0,25010000000.0,28098000000.0,118180000000.0,127508000000.0,28166000000.0,2514000000.0,0.807794970655503,0.9268438058788468,0.08012844277395327,0.07132224193097626,0.25709821336787353,0.30817862209338187,0.437498715022924,0.33,21769.5,104.59,33.4,-0.337,3,Global supply-chain crisis; Inflation and rapid rate-hike shock; Russia-Ukraine war and sanctions shock,,,,,,0,0,0,1
success_resilience_positive,AIG,5272,0001047469-13-005458,10-Q,2013-03-31,2013-05-02,2013-05-02,2013,Financial Services,Insurance - Diversified,core_large_cap,2013q2,548880000000.0,448309000000.0,99520000000.0,15888000000.0,,,2206000000.0,,,,-149000000.0,,0.8167705145022591,,,0.004019093426614196,0.13884692849949648,,,0.11,10646.1,93.7,13.59,-0.704,0,,,,,,,0,0,0,1
success_resilience_positive,AME,1037868,0001193125-18-316887,10-Q,2018-09-30,2018-11-02,2018-11-02,2018,Industrials,Specialty Industrial Machinery,core_large_cap,2018q4,8108043000.0,3596134000.0,4511909000.0,1192962000.0,,265266000.0,191213000.0,518721000.0,1998615000.0,969901000.0,248813000.0,18923000.0,0.44352675485317483,2.0606381476047555,0.06397610372811294,0.02358312603916876,0.16028423369730133,0.22235913633460244,,2.2,14282.8,63.12,19.51,-0.536,1,US-China trade war,,,,,,0,0,0,1
success_resilience_positive,AMT,1053507,0001053507-22-000099,10-Q,2022-06-30,2022-07-28,2022-07-28,2022,Real Estate,REIT - Specialty,core_large_cap,2022q3,68116800000.0,57390600000.0,6958700000.0,2674300000.0,,782300000.0,898200000.0,2066700000.0,3725600000.0,7461700000.0,915300000.0,370100000.0,0.8425322387428652,0.49929640698500344,0.03034053273201325,0.013186174335846663,0.3358635904722731,0.2925251467673784,,1.68,21652.8,99.11,22.33,-0.202,3,Global supply-chain crisis; Inflation and rapid rate-hike shock; Russia-Ukraine war and sanctions shock,,,,,,0,0,0,1
success_resilience_positive,AVGO,1730168,0001730168-18-000019,10-Q,2018-04-30,2018-06-14,2018-06-14,2018,Technology,Semiconductors,core_large_cap,2018q2,54936000000.0,22869000000.0,32067000000.0,5014000000.0,2551000000.0,1201000000.0,3718000000.0,8187000000.0,12474000000.0,2124000000.0,,,0.41628440366972475,5.872881355932203,0.14902795980777633,0.06767875345856997,0.741523733546071,0.2395293179098524,0.5087754287993618,1.82,14137.2,66.91,12.12,-0.554,1,US-China trade war,,,,,,0,0,0,1
success_resilience_positive,AVGO,1730168,0001730168-24-000080,10-Q,2024-04-30,2024-06-13,2024-06-13,2024,Technology,Semiconductors,core_large_cap,2024q2,175211000000.0,105250000000.0,69961000000.0,12487000000.0,7776000000.0,2965000000.0,2121000000.0,9809000000.0,25302000000.0,20171000000.0,4580000000.0,132000000.0,0.6007042936801913,1.2543750929552329,0.05598392794972919,0.012105404341051647,0.16985665091695362,0.23744694482261552,0.6227276367422119,5.33,21068.4,79.61,11.94,-0.409,2,Russia-Ukraine war and sanctions shock; Red Sea shipping disruption,,,,,,0,0,0,1
success_resilience_positive,CBRE,1138118,0001193125-12-224728,10-Q,2012-03-31,2012-05-10,2012-05-10,2012,Real Estate,,additional_controls,2012q2,6539557000.0,5137214000.0,1212227000.0,1349989000.0,,76063000.0,26975000.0,703937000.0,2781705000.0,1992679000.0,-298949000.0,8086000.0,0.7855599393047572,1.3959624204400207,0.1076429183200024,0.004124897145173595,0.01998164429487944,0.05634342205751306,,0.16,9951.4,97.1,18.83,-0.351,1,European sovereign debt crisis,,,,,,0,0,0,1
success_resilience_positive,CHD,313927,0001193125-13-195736,10-Q,2013-03-31,2013-05-02,2013-05-02,2013,Industrials,,additional_controls,2013q2,4064500000.0,1979000000.0,2085300000.0,779300000.0,350100000.0,169300000.0,107700000.0,259600000.0,911800000.0,655600000.0,72300000.0,10400000.0,0.48689875753475215,1.3907870652837095,0.06387009472259811,0.026497724197318242,0.13820094957012705,0.21724624663159245,0.44924932631849096,0.11,10646.1,93.7,13.59,-0.704,0,,,,,,,0,0,0,1
success_resilience_positive,CIK0000073088,73088,0000073088-20-000080,10-Q,2020-03-31,2020-04-23,2020-04-23,2020,Utilities,SIC 4931.0,expansion_event_review,2020q2,5966943000.0,3906467000.0,2060476000.0,335255000.0,,75214000.0,50704000.0,56393000.0,330302000.0,348315000.0,158162000.0,78371000.0,0.6546848193455175,0.948285316452062,0.009450903083873937,0.008497483552298053,0.15124010081877973,0.22434863014720138,,0.05,17065.3,15.06,41.38,0.237,2,COVID-19 pandemic shock; Oil price crash during COVID shock,,,,,,0,0,0,1
success_resilience_positive,CIK0000718877,718877,0001104659-18-067000,10-Q,2018-09-30,2018-11-08,2018-11-08,2018,Technology,SIC 7372.0,expansion_event_review,2018q4,16713000000.0,6054000000.0,10659000000.0,1512000000.0,,265000000.0,260000000.0,3308000000.0,4972000000.0,2382000000.0,253000000.0,36000000.0,0.36223299228145756,2.0873215785054575,0.1979297552803207,0.015556752228803926,0.17195767195767195,0.17526455026455026,,2.2,14282.8,60.71,16.72,-0.536,1,US-China trade war,,,,,,0,0,0,1
success_resilience_positive,CIK0000898770,898770,0000898770-21-000012,10-Q,2020-12-31,2021-02-03,2021-02-03,2021,Utilities,SIC 4955.0,expansion_event_review,2021q1,57597000.0,26471000.0,31126000.0,17011000.0,5637000.0,1676000.0,1228000.0,7226000.0,26633000.0,14670000.0,1209000.0,1098000.0,0.45958990919665954,1.8154737559645535,0.1254579231557199,0.021320554890011632,0.07218858385750397,0.09852448415730998,0.3313738169419787,0.08,19641.8,55.67,22.91,-0.619,2,COVID-19 pandemic shock; Global supply-chain crisis,,,,,,0,0,0,1
success_resilience_positive,CIK0001124610,1124610,0001124610-18-000012,10-K,2018-01-31,2018-03-29,2018-03-29,2018,Technology,SIC 7372.0,expansion_event_review,2018q1,20622000000.0,12846000000.0,7776000000.0,2309000000.0,,648000000.0,-440000000.0,5971000000.0,13734000000.0,5033000000.0,847000000.0,99000000.0,0.6229269711958103,2.7287899860917944,0.2895451459606246,-0.021336436815051887,-0.19055868341273277,0.28064097011693373,,1.51,14012.7,64.87,19.97,-0.499,1,US-China trade war,,,,,,0,0,0,1
success_resilience_positive,CSCO,858877,0001193125-11-319161,10-Q,2011-10-31,2011-11-22,2011-11-22,2011,Technology,Communication Equipment,core_large_cap,2011q4,86964000000.0,39750000000.0,47188000000.0,11256000000.0,6890000000.0,2210000000.0,1777000000.0,4747000000.0,57267000000.0,17461000000.0,2333000000.0,265000000.0,0.4570856906306058,3.279709065918332,0.05458580562071662,0.02043374269812796,0.15787135749822317,0.19633972992181947,0.6121179815209666,0.08,9636.5,97.76,31.97,-0.084,2,European sovereign debt crisis; Tohoku earthquake and Fukushima disaster,,,,,,0,0,0,1
success_resilience_positive,CSCO,858877,0001193125-12-069159,10-Q,2012-01-31,2012-02-21,2012-02-21,2012,Technology,Communication Equipment,core_large_cap,2012q1,89259000000.0,39994000000.0,49246000000.0,11527000000.0,7065000000.0,2734000000.0,2182000000.0,8561000000.0,59298000000.0,17598000000.0,3101000000.0,284000000.0,0.4480668616049922,3.3695874531196726,0.09591189683953438,0.024445714157675977,0.1892946994014054,0.23718226771926781,0.6129088227639455,0.1,9809.8,105.88,18.19,-0.394,1,European sovereign debt crisis,,,,,,0,0,0,1
success_resilience_positive,CSGP,1057352,0001057352-17-000027,10-Q,2017-03-31,2017-04-27,2017-04-27,2017,Real Estate,Real Estate Services,core_large_cap,2017q2,2195155000.0,511393000.0,1683762000.0,226553000.0,175207000.0,37662000.0,22130000.0,572472000.0,634163000.0,144091000.0,64557000.0,,0.23296441481353253,4.4011284535467174,0.2607888736786241,0.010081292664982654,0.09768133725883127,0.16623924644564406,0.7733598760554925,0.9,13521.7,48.96,10.36,-0.496,0,,,,,,,0,0,0,1
success_resilience_positive,DD,1666700,0001666700-22-000017,10-Q,2022-03-31,2022-05-06,2022-05-06,2022,Industrials,,additional_controls,2022q2,45393000000.0,18602000000.0,26176000000.0,3274000000.0,,,488000000.0,1672000000.0,14443000000.0,5122000000.0,209000000.0,,0.4097988676668209,2.8197969543147208,0.03683387306412883,0.010750556253166788,0.14905314599877825,,,0.77,21719.5,109.72,30.19,-0.319,3,Global supply-chain crisis; Inflation and rapid rate-hike shock; Russia-Ukraine war and sanctions shock,,,,,,0,0,0,1
success_resilience_positive,EFX,33185,0000033185-22-000024,10-Q,2022-03-31,2022-04-21,2022-04-21,2022,Industrials,,additional_controls,2022q2,11391700000.0,7540600000.0,3834100000.0,1363200000.0,,332400000.0,221800000.0,200900000.0,1264200000.0,2343400000.0,-198500000.0,,0.6619380777232546,0.5394725612358112,0.017635647006153603,0.01947031610734131,0.16270539906103287,0.2438380281690141,,0.33,21769.5,103.89,22.68,-0.361,3,Global supply-chain crisis; Inflation and rapid rate-hike shock; Russia-Ukraine war and sanctions shock,,,,,,0,0,0,1
success_resilience_positive,EQR,906107,0001564590-22-005566,10-K,2021-12-31,2022-02-17,2022-02-17,2022,Real Estate,,additional_controls,2022q1,21169241000.0,9483056000.0,10954948000.0,,,641883000.0,526974000.0,123832000.0,,,281971000.0,,0.4479639114127899,,0.005849619265990689,0.024893381864753678,,,,0.08,21724.8,91.78,28.11,-0.498,1,Global supply-chain crisis,,,,,,0,0,0,1
success_resilience_positive,EW,1099800,0001099800-23-000021,10-Q,2023-03-31,2023-04-28,2023-04-28,2023,Healthcare,Medical Devices,core_large_cap,2023q2,8651200000.0,2589200000.0,5978000000.0,1459600000.0,1130100000.0,388400000.0,340500000.0,872500000.0,3257200000.0,1082000000.0,314100000.0,61500000.0,0.2992879600517847,3.010351201478743,0.10085306084705012,0.03935870168300351,0.23328309125787888,0.2661003014524527,0.7742532200602905,4.83,20761.4,76.78,15.78,-0.193,3,Inflation and rapid rate-hike shock; Russia-Ukraine war and sanctions shock; US regional banking and Credit Suisse stress,,,,,,0,0,0,1
success_resilience_positive,GOOG,1652044,0001652044-21-000020,10-Q,2021-03-31,2021-04-28,2021-04-28,2021,Communication Services,Internet Content & Information,core_large_cap,2021q2,327095000000.0,97082000000.0,230013000000.0,55314000000.0,,16437000000.0,17930000000.0,26622000000.0,172137000000.0,55453000000.0,19289000000.0,5942000000.0,0.29680062367202187,3.104196346455557,0.0813891988566013,0.054815879178831836,0.32414940159814876,0.2971580431717106,,0.07,20175.4,63.81,17.28,-0.676,2,COVID-19 pandemic shock; Global supply-chain crisis,,,,,,0,0,0,1
success_resilience_positive,GPN,1123360,0001123360-12-000103,10-Q,2012-08-31,2012-10-02,2012-10-02,2012,Industrials,,additional_controls,2012q4,2805492000.0,1522472000.0,1148952000.0,590287000.0,,80488000.0,46675000.0,841331000.0,1336881000.0,1045946000.0,68627000.0,,0.5426755806111726,1.2781548951857935,0.2998871499188021,0.016637010549308287,0.07907170579734943,0.13635401084557172,,0.16,10292.4,91.88,15.71,-0.528,1,European sovereign debt crisis,,,,,,0,0,0,1
success_resilience_positive,GPN,1123360,0001123360-16-000105,10-Q,2016-08-31,2016-10-05,2016-10-05,2016,Industrials,,additional_controls,2016q4,10237780000.0,7332568000.0,2746679000.0,939492000.0,,121106000.0,85093000.0,977776000.0,2584829000.0,2232172000.0,155667000.0,,0.716226369388676,1.1579882733051037,0.09550664304175319,0.008311665224296674,0.0905734162717724,0.1289058342167895,,0.4,13122.8,49.75,12.99,-0.337,1,Brexit referendum and immediate uncertainty,,,,,,0,0,0,1
success_resilience_positive,HAL,45012,0000045012-18-000059,10-K,2017-12-31,2018-02-09,2018-02-09,2018,Energy,,additional_controls,2018q1,25085000000.0,16736000000.0,8322000000.0,5940000000.0,,379000000.0,-824000000.0,2337000000.0,10777000000.0,4862000000.0,1011000000.0,,0.6671716165038868,2.216577540106952,0.09316324496711181,-0.0328483157265298,-0.13872053872053872,0.06380471380471381,,1.42,13949.3,59.2,29.06,-0.575,0,,,,,,,0,0,0,1
success_resilience_positive,HUM,49071,0000049071-15-000098,10-Q,2015-09-30,2015-11-06,2015-11-06,2015,Financial Services,,additional_controls,2015q4,24296000000.0,13943000000.0,10353000000.0,13363000000.0,,695000000.0,314000000.0,1597000000.0,15773000000.0,7742000000.0,1032000000.0,125000000.0,0.5738804741521238,2.03732885559287,0.06573098452420151,0.012923938096806059,0.023497717578388085,0.052009279353438596,,0.12,12317.0,44.32,14.33,-0.47,2,Oil price collapse; China market and renminbi turbulence,,,,,,0,0,0,1
success_resilience_positive,IQV,1478242,0001478242-24-000097,10-Q,2024-06-30,2024-07-22,2024-07-22,2024,Industrials,,additional_controls,2024q3,26398000000.0,19684000000.0,6714000000.0,3814000000.0,,520000000.0,363000000.0,1545000000.0,5622000000.0,6620000000.0,588000000.0,,0.7456625501931965,0.8492447129909365,0.058527161148571864,0.013751041745586787,0.09517566858940744,0.1363398007341374,,5.33,21095.3,81.25,14.91,-0.371,2,Russia-Ukraine war and sanctions shock; Red Sea shipping disruption,,,,,,0,0,0,1
success_resilience_positive,KKR,1404912,0001104659-13-036662,10-Q,2013-03-31,2013-05-02,2013-05-02,2013,Financial Services,Asset Management,core_large_cap,2013q2,45542791000.0,3765878000.0,,,,,193439000.0,1500672000.0,,,,1283000.0,0.08268878382969547,,0.03295081322530277,0.0042474120657207855,,,,0.11,10646.1,93.7,13.59,-0.704,0,,,,,,,0,0,0,1
success_resilience_positive,LOW,60667,0000060667-14-000202,10-Q,2014-10-31,2014-12-02,2014-12-02,2014,Consumer Cyclical,Home Improvement Retail,core_large_cap,2014q4,34032000000.0,23302000000.0,10730000000.0,13681000000.0,4718000000.0,,585000000.0,1562000000.0,12130000000.0,10804000000.0,,203000000.0,0.6847085096379878,1.1227323213624583,0.04589797837329572,0.017189703808180537,0.04276003216139171,,0.3448578320298224,0.12,11717.6,66.99,12.85,-0.649,1,Oil price collapse,,,,,,0,0,0,1
success_resilience_positive,LRCX,707549,0001193125-12-365446,10-K,2012-06-30,2012-08-22,2012-08-22,2012,Technology,Semiconductor Equipment & Materials,core_large_cap,2012q3,8004652000.0,2682528000.0,5131781000.0,741814000.0,298213000.0,32670000.0,18069000.0,1564752000.0,4415109000.0,1426928000.0,96715000.0,,0.33512112706461195,3.094135793817207,0.195480328189158,0.0022573123728551847,0.02435785789968914,0.04404068944506305,0.40200508483258607,0.13,10145.6,96.89,15.11,-0.425,1,European sovereign debt crisis,,,,,,0,0,0,1
success_resilience_positive,MPC,1510295,0001510295-17-000085,10-Q,2017-06-30,2017-08-03,2017-08-03,2017,Energy,Oil & Gas Refining & Marketing,core_large_cap,2017q3,45447000000.0,24883000000.0,12636000000.0,,,982000000.0,483000000.0,1450000000.0,10443000000.0,6758000000.0,849000000.0,655000000.0,0.5475168878033754,1.5452796685409884,0.031905296279182344,0.010627764208858671,,,,1.16,13697.7,49.03,10.44,-0.576,0,,,,,,,0,0,0,1
success_resilience_positive,MPWR,1280452,0001437749-12-008877,10-Q/A,2012-06-30,2012-08-27,2012-08-27,2012,Technology,,additional_controls,2012q3,310074000.0,40833000.0,269241000.0,58607000.0,31172000.0,6781000.0,6592000.0,81644000.0,238151000.0,35584000.0,6073000.0,8309000.0,0.13168791965788812,6.692642760791367,0.2633048885104846,0.021259441294658694,0.11247803163444639,0.11570290238367431,0.5318818571160442,0.13,10145.6,95.54,16.35,-0.443,1,European sovereign debt crisis,,,,,,0,0,0,1
success_resilience_positive,MPWR,1280452,0001437749-19-009481,10-Q,2019-03-31,2019-05-10,2019-05-10,2019,Technology,,additional_controls,2019q2,848209000.0,167958000.0,680251000.0,141363000.0,78006000.0,21717000.0,26181000.0,181769000.0,574085000.0,91576000.0,38836000.0,58376000.0,0.19801487605059603,6.268946012055561,0.2142974196218149,0.030866213397877176,0.18520404915006047,0.15362577194881263,0.5518134165234184,2.39,14704.4,61.65,16.04,-0.604,1,US-China trade war,,,,,,0,0,0,1
success_resilience_positive,MPWR,1280452,0001437749-20-010283,10-Q,2020-03-31,2020-05-11,2020-05-11,2020,Technology,,additional_controls,2020q2,1007504000.0,194314000.0,813190000.0,165778000.0,91447000.0,30986000.0,35756000.0,154880000.0,704785000.0,112495000.0,51419000.0,9952000.0,0.19286672807254363,6.265034001511178,0.15372643681811685,0.03548968540075275,0.21568603795437272,0.18691261807960044,0.5516232551967089,0.05,17932.9,24.02,27.57,-0.038,1,COVID-19 pandemic shock,,,,,,0,0,0,1
success_resilience_positive,MSTR,1050446,0001564590-16-026393,10-Q,2016-09-30,2016-10-27,2016-10-27,2016,Technology,Software - Application,core_large_cap,2016q4,735509000.0,215608000.0,519901000.0,129896000.0,106961000.0,30008000.0,26628000.0,365555000.0,649117000.0,183109000.0,,625000.0,0.2931412124120847,3.5449759432906083,0.4970095539279601,0.03620349988919238,0.20499476504280348,0.23101558169612613,0.8234356716142145,0.4,13122.8,49.71,15.36,-0.365,1,Brexit referendum and immediate uncertainty,,,,,,0,0,0,1
success_resilience_positive,O,726728,0000726728-20-000077,10-Q,2020-06-30,2020-08-04,2020-08-04,2020,Real Estate,REIT - Retail,core_large_cap,2020q3,19102547000.0,8728628000.0,10344449000.0,414636000.0,,,107824000.0,35345000.0,,,249428000.0,,0.4569352976856961,,0.001850276824341801,0.005644482905865903,0.26004495509314196,,,0.1,18411.2,41.67,23.76,-0.477,1,COVID-19 pandemic shock,,,,,,0,0,0,1
success_resilience_positive,PHM,822416,0000822416-25-000033,10-Q,2025-03-31,2025-04-22,2025-04-22,2025,Industrials,,additional_controls,2025q2,17336546000.0,5035574000.0,12300972000.0,3892650000.0,,,522799000.0,1235666000.0,,,134228000.0,29606000.0,0.29046004896246347,,0.07127521249042341,0.03015589149072716,0.13430413728436927,,,4.33,21775.6,64.6,30.57,-0.389,0,,,,,,,0,0,0,1
success_resilience_positive,PTEN,889900,0000950123-11-013816,10-K,2010-12-31,2011-02-14,2011-02-14,2011,Energy,SIC 1381.0,expansion_matched_controls,2011q1,3423031000.0,1235424000.0,2187607000.0,505678000.0,,94828000.0,53854000.0,27612000.0,557410000.0,315965000.0,123231000.0,224411000.0,0.36091522396379117,1.7641510926843162,0.008066535184752928,0.015732840281025794,0.10649860187708383,0.18752644963791187,,0.16,8913.3,83.66,15.95,-0.594,1,European sovereign debt crisis,,,,,,0,0,0,1
success_resilience_positive,SO,92122,0000092122-12-000076,10-Q,2012-03-31,2012-05-07,2012-05-07,2012,Utilities,Utilities - Regulated Electric,core_large_cap,2012q2,59874000000.0,41093000000.0,18406000000.0,3604000000.0,,766000000.0,384000000.0,1044000000.0,6041000000.0,6317000000.0,568000000.0,1231000000.0,0.6863246150248856,0.9563083742282729,0.017436616895480508,0.00641346828339513,0.10654827968923418,0.21254162042175362,,0.16,9951.4,97.86,18.94,-0.351,1,European sovereign debt crisis,,,,,,0,0,0,1
success_resilience_positive,TROW,1113169,0001113169-24-000013,10-Q,2024-03-31,2024-04-26,2024-04-26,2024,Financial Services,,additional_controls,2024q2,12854000000.0,2187800000.0,9784100000.0,1750200000.0,,586600000.0,573800000.0,2416500000.0,,,637300000.0,102500000.0,0.1702038276023028,,0.18799595456667184,0.044639800840205385,0.3278482459147526,0.3351616958061936,,5.33,20959.7,85.38,15.03,-0.418,2,Russia-Ukraine war and sanctions shock; Red Sea shipping disruption,,,,,,0,0,0,1
success_resilience_positive,UNH,731766,0000731766-17-000045,10-Q,2017-09-30,2017-11-07,2017-11-07,2017,Healthcare,Healthcare Plans,core_large_cap,2017q4,140432000000.0,90952000000.0,47310000000.0,50322000000.0,,4088000000.0,2485000000.0,16269000000.0,40921000000.0,58088000000.0,7546000000.0,466000000.0,0.6476586532983936,0.7044656383418262,0.11584966389426911,0.01769539706049903,0.04938198004848774,0.0812368347839911,,1.16,13843.5,57.19,9.89,-0.599,0,,,,,,,0,0,0,1
success_resilience_positive,V,1403161,0001403161-13-000004,10-Q,2013-03-31,2013-05-01,2013-05-01,2013,Financial Services,Credit Services,core_large_cap,2013q2,35059000000.0,8164000000.0,26895000000.0,2958000000.0,,1860000000.0,1270000000.0,1377000000.0,6914000000.0,3539000000.0,1644000000.0,,0.23286459967483386,1.9536592257699916,0.03927664793633589,0.03622464987592344,0.42934415145368493,0.6288032454361054,,0.11,10646.1,90.74,14.49,-0.704,0,,,,,,,0,0,0,1
success_resilience_positive,VTR,740260,0000740260-24-000139,10-Q,2024-03-31,2024-05-02,2024-05-02,2024,Real Estate,,additional_controls,2024q2,24672586000.0,14928709000.0,9402840000.0,1199914000.0,,,-12540000.0,632443000.0,,,266448000.0,,0.6050727313302302,,0.025633429750736302,-0.0005082564105764998,-0.010450748970342875,,,5.33,21020.6,80.59,14.68,-0.418,2,Russia-Ukraine war and sanctions shock; Red Sea shipping disruption,,,,,,0,0,0,1
success_resilience_positive,WELL,766704,0000766704-15-000031,10-Q,2015-06-30,2015-08-04,2015-08-04,2015,Real Estate,REIT - Healthcare Facilities,core_large_cap,2015q3,27407482000.0,12202803000.0,14687173000.0,957169000.0,,,330459000.0,217942000.0,,,393119000.0,,0.4452361949923017,,0.007951916195730786,0.012057255022551871,0.34524624178175434,,,0.14,12112.0,45.75,13.0,-0.499,2,Oil price collapse; China market and renminbi turbulence,,,,,,0,0,0,1
success_resilience_positive,WKC,789460,0001628280-21-015047,10-Q,2021-06-30,2021-07-30,2021-07-30,2021,Consumer Cyclical,SIC 5172.0,expansion_event_review,2021q3,5249800000.0,3300100000.0,1946200000.0,7085500000.0,183900000.0,30900000.0,17600000.0,742700000.0,3358600000.0,2392600000.0,37200000.0,12200000.0,0.628614423406606,1.403744880046811,0.1414720560783268,0.003352508666996838,0.0024839460870792465,0.004361018982428904,0.02595441394397008,0.1,20633.3,73.93,18.24,-0.655,2,COVID-19 pandemic shock; Global supply-chain crisis,,,,,,0,0,0,1
success_resilience_positive,XYL,1524472,0001524472-17-000024,10-Q,2017-03-31,2017-05-02,2017-05-02,2017,Industrials,,additional_controls,2017q2,6527000000.0,4259000000.0,2251000000.0,1071000000.0,412000000.0,86000000.0,56000000.0,287000000.0,1863000000.0,1191000000.0,52000000.0,,0.6525203002910985,1.5642317380352644,0.04397119656810173,0.008579745671824728,0.05228758169934641,0.08029878618113913,0.38468720821662,0.91,13568.9,47.65,10.59,-0.506,0,,,,,,,0,0,0,1
success_resilience_positive,XYL,1524472,0001524472-18-000035,10-Q,2018-06-30,2018-07-31,2018-07-31,2018,Industrials,,additional_controls,2018q3,7232000000.0,4703000000.0,2513000000.0,1317000000.0,519000000.0,171000000.0,115000000.0,321000000.0,2106000000.0,1477000000.0,138000000.0,,0.650304203539823,1.4258632362897765,0.04438606194690266,0.015901548672566372,0.08731966590736523,0.12984054669703873,0.3940774487471526,1.91,14174.6,69.88,12.83,-0.562,1,US-China trade war,,,,,,0,0,0,1
temporal_test_window,ACGL,947484,0000947484-23-000015,10-K,2022-12-31,2023-02-24,2023-02-24,2023,Financial Services,,additional_controls,2023q1,47990507000.0,35069605000.0,12910073000.0,3071885000.0,,,859688000.0,855118000.0,,,981510000.0,,0.7307612941034359,,0.017818482309428403,0.01791370947591781,0.2798568305779676,,,4.57,21242.9,76.19,21.67,-0.272,2,Inflation and rapid rate-hike shock; Russia-Ukraine war and sanctions shock,,,,,,0,0,0,1
temporal_test_window,ADSK,769397,0000769397-23-000110,10-Q,2023-04-30,2023-06-01,2023-06-01,2023,Technology,Software - Application,core_large_cap,2023q2,9069000000.0,,897000000.0,1269000000.0,1142000000.0,217000000.0,161000000.0,1909000000.0,2833000000.0,3926000000.0,723000000.0,9000000.0,,0.7215995924605196,0.21049729848935936,0.01775278420994597,0.12687155240346729,0.17100078802206461,0.8999211977935382,5.08,20799.3,70.09,15.65,-0.215,2,Inflation and rapid rate-hike shock; Russia-Ukraine war and sanctions shock,,,,,,0,0,0,
temporal_test_window,AMAT,6951,0000006951-22-000043,10-K,2022-10-31,2022-12-16,2022-12-16,2022,Technology,Semiconductor Equipment & Materials,core_large_cap,2022q4,26726000000.0,14532000000.0,12194000000.0,6749000000.0,3101000000.0,1994000000.0,1591000000.0,1995000000.0,15925000000.0,7379000000.0,857000000.0,223000000.0,0.5437401781037192,2.158151511044857,0.0746464117338921,0.059530045648432235,0.23573862794488074,0.2954511779522892,0.4594754778485702,4.1,21291.0,74.19,22.62,-0.197,3,Global supply-chain crisis; Inflation and rapid rate-hike shock; Russia-Ukraine war and sanctions shock,,,,,,0,0,0,1
temporal_test_window,AVT,8858,0000008858-24-000020,10-Q,2024-03-31,2024-05-03,2024-05-03,2024,Consumer Cyclical,SIC 5065.0,expansion_matched_controls,2024q2,12325237000.0,7336140000.0,4989097000.0,5653591000.0,669273000.0,190151000.0,88834000.0,218473000.0,10485836000.0,4492672000.0,499305000.0,42122000.0,0.5952128952976725,2.333986545200718,0.017725663206314003,0.007207488180551822,0.01571284516336608,0.033633667522111166,0.11838015873451051,5.33,21020.6,79.65,13.49,-0.418,2,Russia-Ukraine war and sanctions shock; Red Sea shipping disruption,,,,,,0,0,0,1
temporal_test_window,AWK,1410636,0001410636-23-000064,10-Q,2023-03-31,2023-04-26,2023-04-26,2023,Utilities,,additional_controls,2023q2,28286000000.0,,9547000000.0,,,295000000.0,170000000.0,213000000.0,1338000000.0,1892000000.0,285000000.0,526000000.0,,0.7071881606765328,0.007530226967404369,0.0060100403026232055,,,,4.83,20761.4,74.33,18.84,-0.182,3,Inflation and rapid rate-hike shock; Russia-Ukraine war and sanctions shock; US regional banking and Credit Suisse stress,,,,,,0,0,0,
temporal_test_window,AZO,866787,0001558370-22-015239,10-K,2022-08-31,2022-10-24,2022-10-24,2022,Consumer Cyclical,Specialty Retail,core_large_cap,2022q4,15275043000.0,,-3538913000.0,5348355000.0,2755850000.0,1103814000.0,810043000.0,264380000.0,6627984000.0,8588393000.0,1228021000.0,303041000.0,,0.7717373902195672,0.017307970917004947,0.05303048901400801,0.1514564758696833,0.20638383203807525,0.5152705831980113,3.08,21461.5,86.12,29.85,-0.113,3,Global supply-chain crisis; Inflation and rapid rate-hike shock; Russia-Ukraine war and sanctions shock,,,,,,0,0,0,
temporal_test_window,BDX,10795,0000010795-22-000052,10-Q,2022-06-30,2022-08-04,2022-08-04,2022,Healthcare,Medical Instruments & Supplies,core_large_cap,2022q3,53199000000.0,,25493000000.0,4641000000.0,,537000000.0,360000000.0,2558000000.0,9547000000.0,7080000000.0,,243000000.0,,1.3484463276836158,0.048083610594184104,0.006767044493317544,0.07756948933419522,0.11570782159017454,,2.33,21638.2,91.29,21.44,-0.22,3,Global supply-chain crisis; Inflation and rapid rate-hike shock; Russia-Ukraine war and sanctions shock,,,,,,0,0,0,
temporal_test_window,CBRE,1138118,0001628280-23-035353,10-Q,2023-09-30,2023-10-27,2023-10-27,2023,Real Estate,,additional_controls,2023q4,21687417000.0,13226528000.0,7684016000.0,7868046000.0,,269435000.0,190553000.0,1252101000.0,9326612000.0,7866644000.0,382245000.0,,0.6098710602558156,1.1855896872923193,0.057733984641877824,0.008786339101609012,0.024218592519667525,0.03424420751988486,,5.33,20732.9,86.04,21.27,-0.288,1,Russia-Ukraine war and sanctions shock,,,,,,0,0,0,1
temporal_test_window,CRM,1108524,0001108524-23-000023,10-Q,2023-04-30,2023-06-01,2023-06-01,2023,Technology,Software - Application,core_large_cap,2023q2,93541000000.0,36129000000.0,57412000000.0,8247000000.0,6122000000.0,412000000.0,199000000.0,9155000000.0,21981000000.0,21626000000.0,4491000000.0,243000000.0,0.3862370511326584,1.01641542587626,0.09787152157877295,0.002127409371291733,0.024129986661816417,0.049957560324966656,0.7423305444404026,5.08,20799.3,70.09,15.65,-0.215,2,Inflation and rapid rate-hike shock; Russia-Ukraine war and sanctions shock,,,,,,0,0,0,1
temporal_test_window,DDOG,1561550,0001561550-23-000006,10-K,2022-12-31,2023-02-24,2023-02-24,2023,Technology,Software - Application,core_large_cap,2023q1,3004852000.0,1594347000.0,1410505000.0,469399000.0,372642000.0,-34628000.0,-29034000.0,338985000.0,2344234000.0,759748000.0,114441000.0,10054000.0,0.5305908577194484,3.0855415216624458,0.11281254451134365,-0.009662372722516783,-0.06185356168206579,-0.073770928357325,0.7938704598859393,4.57,21242.9,76.19,21.67,-0.272,2,Inflation and rapid rate-hike shock; Russia-Ukraine war and sanctions shock,,,,,,0,0,0,0
temporal_test_window,DELL,1571996,0001571996-22-000009,10-K,2022-01-31,2022-03-24,2022-03-24,2022,Technology,Computer Hardware,core_large_cap,2022q1,92735000000.0,94315000000.0,-1685000000.0,27992000000.0,5618000000.0,1692000000.0,2000000.0,9477000000.0,45033000000.0,56219000000.0,4777000000.0,1212000000.0,1.017037795869952,0.8010281221651043,0.1021944249743894,2.156683021512913e-05,7.144898542440698e-05,0.060445841669048296,0.2007002000571592,0.2,21786.8,114.2,21.67,-0.379,3,Global supply-chain crisis; Inflation and rapid rate-hike shock; Russia-Ukraine war and sanctions shock,,,,,,0,0,0,0
temporal_test_window,DELL,1571996,0001571996-22-000021,10-Q,2022-04-30,2022-06-06,2022-06-06,2022,Technology,Computer Hardware,core_large_cap,2022q2,88406000000.0,90761000000.0,-2462000000.0,26116000000.0,5784000000.0,1550000000.0,1072000000.0,6654000000.0,41376000000.0,53059000000.0,-269000000.0,690000000.0,1.0266384634527068,0.7798111536214403,0.07526638463452706,0.012125873809469945,0.04104763363455353,0.059350589676826465,0.22147342625210598,1.21,21651.2,118.41,25.07,-0.236,3,Global supply-chain crisis; Inflation and rapid rate-hike shock; Russia-Ukraine war and sanctions shock,,,,,,0,0,0,0
temporal_test_window,F,37996,0000037996-23-000029,10-Q,2023-03-31,2023-05-03,2023-05-03,2023,Consumer Cyclical,,additional_controls,2023q2,256800000000.0,214603000000.0,42366000000.0,41474000000.0,,2113000000.0,1757000000.0,22144000000.0,115123000000.0,95905000000.0,2800000000.0,,0.8356814641744549,1.2003857984463793,0.08623052959501558,0.00684190031152648,0.04236389063027439,0.05094758161739885,,5.06,20829.6,68.62,18.34,-0.193,2,Inflation and rapid rate-hike shock; Russia-Ukraine war and sanctions shock,,,,,,0,0,0,1
temporal_test_window,GWW,277135,0000277135-24-000011,10-K,2023-12-31,2024-02-22,2024-02-22,2024,Industrials,Industrial Distribution,core_large_cap,2024q1,8147000000.0,,3115000000.0,3997000000.0,1563000000.0,557000000.0,395000000.0,660000000.0,5274000000.0,1831000000.0,604000000.0,127000000.0,,2.8803932277444018,0.08101141524487541,0.048484104578372406,0.09882411808856642,0.1393545158869152,0.3910432824618464,5.33,20927.4,79.64,14.54,-0.42,2,Russia-Ukraine war and sanctions shock; Red Sea shipping disruption,,,,,,0,0,0,
temporal_test_window,HLT,1585689,0001585689-22-000164,10-Q,2022-09-30,2022-10-26,2022-10-26,2022,Consumer Cyclical,Lodging,core_large_cap,2022q4,15508000000.0,16422000000.0,-913000000.0,2368000000.0,,623000000.0,347000000.0,1282000000.0,2976000000.0,3365000000.0,671000000.0,8000000.0,1.0589373226721692,0.8843982169390787,0.082667010575187,0.022375548104204283,0.14653716216216217,0.26309121621621623,,3.08,21461.5,89.39,27.28,-0.113,3,Global supply-chain crisis; Inflation and rapid rate-hike shock; Russia-Ukraine war and sanctions shock,,,,,,0,0,0,0
temporal_test_window,HON,773840,0000773840-23-000073,10-Q,2023-06-30,2023-07-27,2023-07-27,2023,Industrials,Conglomerates,core_large_cap,2023q3,62337000000.0,,17299000000.0,9146000000.0,,,1487000000.0,8626000000.0,24183000000.0,17174000000.0,1360000000.0,233000000.0,,1.4081169209269826,0.1383768869210902,0.023854211784333543,0.16258473649682922,,,5.12,20791.2,80.17,14.41,-0.266,1,Russia-Ukraine war and sanctions shock,,,,,,0,0,0,
temporal_test_window,HST,1070750,0001070750-24-000167,10-Q,2024-06-30,2024-08-02,2024-08-02,2024,Real Estate,SIC 6798.0,expansion_matched_controls,2024q3,12407000000.0,5418000000.0,6814000000.0,1466000000.0,,292000000.0,239000000.0,805000000.0,,,453000000.0,,0.4366889659063432,,0.06488272749254453,0.019263319094059806,0.16302864938608458,0.19918144611186903,,5.33,21186.8,74.99,23.39,-0.366,2,Russia-Ukraine war and sanctions shock; Red Sea shipping disruption,,,,,,0,0,0,1
temporal_test_window,ICE,1571949,0001571949-24-000014,10-Q,2024-06-30,2024-08-01,2024-08-01,2024,Financial Services,Financial Data & Stock Exchanges,core_large_cap,2024q3,137682000000.0,110938000000.0,26687000000.0,2897000000.0,,1066000000.0,632000000.0,885000000.0,86991000000.0,87464000000.0,1196000000.0,75000000.0,0.8057552911782223,0.994592060733559,0.006427855493092779,0.004590287764558911,0.2181567138419054,0.36796686227131514,,5.33,21186.8,77.74,18.59,-0.368,2,Russia-Ukraine war and sanctions shock; Red Sea shipping disruption,,,,,,0,0,0,1
temporal_test_window,IPI,1421461,0001421461-24-000027,10-Q,2024-06-30,2024-08-06,2024-08-06,2024,Energy,SIC 1400.0,expansion_matched_controls,2024q3,796991000.0,114743000.0,682248000.0,,7624000.0,-1628000.0,-833000.0,51663000.0,183187000.0,33439000.0,27746000.0,11301000.0,0.14397025813340428,5.478243966625796,0.06482256386834984,-0.0010451811877423961,,,,5.33,21186.8,74.6,27.71,-0.366,2,Russia-Ukraine war and sanctions shock; Red Sea shipping disruption,,,,,,0,0,0,0
temporal_test_window,MAR,1048286,0001628280-24-019494,10-Q,2024-03-31,2024-05-01,2024-05-01,2024,Consumer Cyclical,Lodging,core_large_cap,2024q2,25756000000.0,,-1616000000.0,5977000000.0,,876000000.0,564000000.0,429000000.0,3450000000.0,8170000000.0,779000000.0,109000000.0,,0.4222766217870257,0.016656313092095046,0.021897810218978103,0.09436171992638448,0.14656182031119291,,5.33,21020.6,80.7,15.39,-0.418,2,Russia-Ukraine war and sanctions shock; Red Sea shipping disruption,,,,,,0,0,0,
temporal_test_window,MCHP,827054,0000827054-24-000139,10-Q,2024-06-30,2024-08-01,2024-08-01,2024,Technology,Semiconductors,core_large_cap,2024q3,15839700000.0,,6406000000.0,1241300000.0,736900000.0,219100000.0,129300000.0,315100000.0,2948300000.0,1520300000.0,377100000.0,72900000.0,,1.9392882983621653,0.01989305353005423,0.008163033390783916,0.10416498831869814,0.17650849915411262,0.5936518166438411,5.33,21186.8,77.74,18.59,-0.368,2,Russia-Ukraine war and sanctions shock; Red Sea shipping disruption,,,,,,0,0,1,
temporal_test_window,MSTR,1050446,0001564590-22-005287,10-K,2021-12-31,2022-02-16,2022-02-16,2022,Technology,Software - Application,core_large_cap,2022q1,3557124000.0,2578166000.0,978958000.0,134515000.0,110512000.0,-137467000.0,-89977000.0,63356000.0,267965000.0,311985000.0,3247000.0,824000.0,0.7247894647473633,0.8589034729233778,0.017811018114634182,-0.025294873049126206,-0.6688993792513847,-1.0219455079359179,0.8215589339478868,0.08,21724.8,93.83,24.29,-0.498,1,Global supply-chain crisis,,,,,,0,0,1,0
temporal_test_window,NEM,1164727,0001164727-24-000031,10-Q,2024-03-31,2024-04-29,2024-04-29,2024,Basic Materials,Gold,core_large_cap,2024q2,55335000000.0,26260000000.0,28890000000.0,4023000000.0,,,170000000.0,2336000000.0,11806000000.0,5482000000.0,,,0.4745640191560495,2.1535935789857716,0.04221559591578567,0.0030721966205837174,0.04225702212279393,,,5.33,20959.7,84.26,14.67,-0.418,2,Russia-Ukraine war and sanctions shock; Red Sea shipping disruption,,,,,,0,0,0,1
temporal_test_window,ON,1097864,0001628280-24-043880,10-Q,2024-09-30,2024-10-28,2024-10-28,2024,Technology,Semiconductors,core_large_cap,2024q4,13923600000.0,5319600000.0,8584100000.0,1761900000.0,799400000.0,445400000.0,401700000.0,2470200000.0,6544700000.0,2128600000.0,465800000.0,172200000.0,0.38205636473325866,3.0746500046979235,0.17741101439282944,0.02885029733689563,0.2279925080878597,0.2527952778250752,0.45371473976956694,4.83,21331.9,67.65,19.8,-0.45,2,Russia-Ukraine war and sanctions shock; Red Sea shipping disruption,,,,,,0,0,0,1
temporal_test_window,ORA,1296445,0001437749-24-005322,10-K,2023-12-31,2024-02-23,2024-02-23,2024,Utilities,SIC 4911.0,expansion_matched_controls,2024q1,5208279000.0,2756693000.0,2315427000.0,241340000.0,78456000.0,51628000.0,35726000.0,195808000.0,646003000.0,537012000.0,139145000.0,169592000.0,0.5292905775593051,1.2029582206729086,0.03759552819655015,0.006859463557923836,0.14803182232535012,0.2139222673406812,0.32508494240490593,5.33,20927.4,77.6,13.75,-0.428,2,Russia-Ukraine war and sanctions shock; Red Sea shipping disruption,,,,,,0,0,0,1
temporal_test_window,PEG,788784,0001628280-23-004411,10-K,2022-12-31,2023-02-22,2023-02-22,2023,Utilities,Utilities - Regulated Electric,core_large_cap,2023q1,48718000000.0,,13729000000.0,3139000000.0,,964000000.0,788000000.0,465000000.0,4303000000.0,6680000000.0,802000000.0,800000000.0,,0.6441616766467065,0.009544726795024426,0.016174719816084406,0.2510353615801211,0.30710417330359985,,4.57,21242.9,73.95,22.29,-0.298,2,Inflation and rapid rate-hike shock; Russia-Ukraine war and sanctions shock,,,,,,0,0,0,
temporal_test_window,PRU,1137774,0001137774-24-000247,10-Q,2024-09-30,2024-10-31,2024-10-31,2024,Financial Services,Insurance - Life,core_large_cap,2024q4,760294000000.0,727719000000.0,30416000000.0,19490000000.0,,,448000000.0,20198000000.0,,,1105000000.0,,0.9571547322483145,,0.02656603892704664,0.0005892457391482768,0.02298614674191893,,,4.83,21331.9,69.58,23.16,-0.45,2,Russia-Ukraine war and sanctions shock; Red Sea shipping disruption,,,,,,0,0,0,0
temporal_test_window,PTRA,1820630,0001628280-22-013104,10-Q,2022-03-31,2022-05-06,2022-05-06,2022,Consumer Cyclical,,distress_candidates,2022q2,936946000.0,262038000.0,674908000.0,58581000.0,-3003000.0,-43192000.0,-50078000.0,47364000.0,835075000.0,89076000.0,-52148000.0,9173000.0,0.2796724677836289,9.374859670393821,0.050551472550178986,-0.0534481176076316,-0.854850548812755,-0.7373039039961762,-0.05126235468838019,0.77,21719.5,109.72,30.19,-0.319,3,Global supply-chain crisis; Inflation and rapid rate-hike shock; Russia-Ukraine war and sanctions shock,2023-08-07,formal_distress,bankruptcy,source_verified_2026_05_07,458.0,0,0,1,0
temporal_test_window,PYPL,1633917,0001633917-22-000027,10-K,2021-12-31,2022-02-03,2022-02-03,2022,Financial Services,Credit Services,core_large_cap,2022q1,75803000000.0,54076000000.0,21727000000.0,6918000000.0,,1050000000.0,801000000.0,5197000000.0,52574000000.0,43029000000.0,1763000000.0,213000000.0,0.7133754600741395,1.2218271398359246,0.06855929184860758,0.010566864108280675,0.11578490893321769,0.15177797051170858,,0.08,21724.8,90.17,24.35,-0.542,1,Global supply-chain crisis,,,,,,0,0,0,1
temporal_test_window,SFES,86115,0001437749-22-020306,10-Q,2022-06-30,2022-08-12,2022-08-12,2022,Real Estate,SIC 6799.0,expansion_event_review,2022q3,45958000.0,2663000.0,43295000.0,,,-1146000.0,483000.0,17510000.0,21068000.0,1142000.0,-1098000.0,,0.05794420993080639,18.44833625218914,0.3810000435179947,0.010509595717829322,,,,2.33,21638.2,94.86,19.53,-0.241,3,Global supply-chain crisis; Inflation and rapid rate-hike shock; Russia-Ukraine war and sanctions shock,,,,,,0,0,1,0
temporal_test_window,TDS,1051512,0001051512-24-000054,10-Q/A,2024-06-30,2024-08-05,2024-08-05,2024,Communication Services,SIC 4813.0,expansion_matched_controls,2024q3,13872000000.0,,5148000000.0,1238000000.0,,39000000.0,3000000.0,322000000.0,1641000000.0,1086000000.0,402000000.0,216000000.0,,1.511049723756906,0.023212226066897348,0.00021626297577854672,0.0024232633279483036,0.03150242326332795,,5.33,21186.8,74.46,38.57,-0.366,2,Russia-Ukraine war and sanctions shock; Red Sea shipping disruption,,,,,,0,0,0,
temporal_test_window,TJX,109198,0000109198-23-000051,10-Q,2023-07-31,2023-08-25,2023-08-25,2023,Consumer Cyclical,Apparel Retail,core_large_cap,2023q3,28922000000.0,,6608000000.0,12758000000.0,,,989000000.0,4550000000.0,12338000000.0,10317000000.0,1341000000.0,459000000.0,,1.1958902781816418,0.15731968743517047,0.03419542216997441,0.07751998745884935,,,5.33,20777.2,80.47,15.68,-0.336,1,Russia-Ukraine war and sanctions shock,,,,,,0,0,0,
temporal_test_window,TRGP,1389170,0000950170-23-058137,10-Q,2023-09-30,2023-11-02,2023-11-02,2023,Utilities,,additional_controls,2023q4,20189600000.0,,2506100000.0,3896600000.0,,505100000.0,220000000.0,139500000.0,2139300000.0,2682100000.0,407300000.0,591700000.0,,0.7976212669177137,0.006909497959345406,0.010896699290723937,0.0564594774931992,0.12962582764461325,,5.33,20746.5,83.04,15.66,-0.288,1,Russia-Ukraine war and sanctions shock,,,,,,0,0,0,
temporal_test_window,VRSK,1442145,0001437749-24-023985,10-Q,2024-06-30,2024-07-31,2024-07-31,2024,Industrials,Consulting Services,core_large_cap,2024q3,4767900000.0,4332600000.0,430300000.0,716800000.0,,318700000.0,308100000.0,632100000.0,1307200000.0,1371300000.0,211700000.0,57800000.0,0.9087019442521865,0.9532560344198935,0.1325740892216699,0.06461964386836973,0.42982700892857145,0.44461495535714285,,5.33,21095.3,79.36,16.36,-0.368,2,Russia-Ukraine war and sanctions shock; Red Sea shipping disruption,,,,,,0,0,0,0
temporal_test_window,YUM,1041061,0001041061-22-000009,10-K,2021-12-31,2022-02-23,2022-02-23,2022,Consumer Cyclical,,additional_controls,2022q1,5966000000.0,14339000000.0,-8373000000.0,1890000000.0,,502000000.0,330000000.0,486000000.0,1532000000.0,1415000000.0,414000000.0,92000000.0,2.403452899765337,1.0826855123674912,0.08146161582299698,0.05531344284277573,0.1746031746031746,0.2656084656084656,,0.08,21724.8,92.14,31.02,-0.468,1,Global supply-chain crisis,,,,,,0,0,0,0
unknown_future_horizon_or_missing_target,ABT,1800,0001047469-16-010246,10-K,2015-12-31,2016-02-19,2016-02-19,2016,Healthcare,Medical Devices,core_large_cap,2016q1,41247000000.0,,21211000000.0,5188000000.0,,815000000.0,767000000.0,5001000000.0,14155000000.0,9186000000.0,828000000.0,248000000.0,,1.540931852819508,0.1212451814677431,0.018595291778796035,0.14784117193523516,0.15709329221279877,,0.38,12603.9,29.59,20.53,-0.303,2,Oil price collapse; China market and renminbi turbulence,,,,,,0,0,0,
unknown_future_horizon_or_missing_target,ACN,1467373,0001193125-10-146681,10-Q,2010-05-31,2010-06-25,2010-06-25,2010,Technology,Information Technology Services,core_large_cap,2010q2,11917658000.0,,2996630000.0,5975495000.0,,803830000.0,490597000.0,4312111000.0,8843390000.0,5829054000.0,960923000.0,57750000.0,,1.5171226754804468,0.36182536870918763,0.04116555450743762,0.08210148280602694,0.13452107314958844,,0.18,8628.1,78.45,28.53,-0.069,1,European sovereign debt crisis,,,,,,0,0,0,
unknown_future_horizon_or_missing_target,ADM,7084,0000007084-22-000013,10-Q,2022-03-31,2022-04-26,2022-04-26,2022,Industrials,,additional_controls,2022q2,64866000000.0,,23755000000.0,23650000000.0,1897000000.0,,1054000000.0,1079000000.0,40453000000.0,28523000000.0,-1206000000.0,217000000.0,,1.4182589489184168,0.01663429223321925,0.01624888231122622,0.04456659619450317,,0.08021141649048626,0.33,21769.5,102.62,33.52,-0.351,3,Global supply-chain crisis; Inflation and rapid rate-hike shock; Russia-Ukraine war and sanctions shock,,,,,,0,0,0,
unknown_future_horizon_or_missing_target,ADSK,769397,0000769397-12-000009,10-Q,2012-04-30,2012-06-01,2012-06-01,2012,Technology,Software - Application,core_large_cap,2012q2,3317000000.0,,2045300000.0,588600000.0,529800000.0,94000000.0,78900000.0,1074500000.0,1912100000.0,875500000.0,139300000.0,11500000.0,,2.1840091376356368,0.32393729273439853,0.023786554115164307,0.13404689092762487,0.15970098538905877,0.9001019367991845,0.16,10021.6,83.17,26.66,-0.242,1,European sovereign debt crisis,,,,,,0,0,0,
unknown_future_horizon_or_missing_target,ADSK,769397,0000769397-21-000075,10-Q,2021-07-31,2021-09-01,2021-09-01,2021,Technology,Software - Application,core_large_cap,2021q3,7420600000.0,,1327800000.0,1059700000.0,954300000.0,148100000.0,115600000.0,923500000.0,1546000000.0,3087400000.0,202000000.0,15800000.0,,0.5007449633996243,0.12445085303075223,0.015578255127617712,0.1090874775879966,0.13975653486835896,0.9005378880815325,0.08,20981.0,68.63,16.11,-0.647,2,COVID-19 pandemic shock; Global supply-chain crisis,,,,,,0,0,0,
unknown_future_horizon_or_missing_target,BBBY,886158,0000886158-23-000059,10-K,2023-02-28,2023-06-14,2023-06-14,2023,Consumer Cyclical,,distress_candidates,2023q2,2225217000.0,5025225000.0,-2800008000.0,1185137000.0,188446000.0,-1639346000.0,-2382010000.0,65853000.0,1096909000.0,2495884000.0,-100966000.0,10792000.0,2.2583078414374866,0.43948717167945306,0.02959396768944332,-1.0704618920312041,-2.00990265260472,-1.3832544254377341,0.15900777715994016,5.08,20799.3,68.22,13.88,-0.217,2,Inflation and rapid rate-hike shock; Russia-Ukraine war and sanctions shock,2023-04-23,formal_distress,bankruptcy,source_verified_2026_05_07,-52.0,1,0,,
unknown_future_horizon_or_missing_target,BSX,885725,0000885725-13-000045,10-Q,2013-09-30,2013-11-05,2013-11-05,2013,Healthcare,Medical Devices,core_large_cap,2013q4,16917000000.0,,6563000000.0,1735000000.0,1225000000.0,103000000.0,-5000000.0,571000000.0,3525000000.0,1902000000.0,250000000.0,57000000.0,,1.8533123028391167,0.03375302949695572,-0.00029556067860731807,-0.002881844380403458,0.05936599423631124,0.7060518731988472,0.08,10995.6,93.4,13.27,-0.738,0,,,,,,,0,0,0,
unknown_future_horizon_or_missing_target,CCL,815097,0001193125-11-179975,10-Q,2011-05-31,2011-07-01,2011-07-01,2011,Industrials,,additional_controls,2011q3,39763000000.0,,23852000000.0,,,279000000.0,206000000.0,557000000.0,1499000000.0,6521000000.0,1389000000.0,1450000000.0,,0.22987271890814293,0.01400799738450318,0.00518069562155773,,,,0.07,9344.2,94.81,15.87,-0.51,2,European sovereign debt crisis; Tohoku earthquake and Fukushima disaster,,,,,,0,0,0,
unknown_future_horizon_or_missing_target,CIK0000701288,701288,0001354488-15-001126,10-K,2014-12-31,2015-03-13,2015-03-13,2015,Healthcare,SIC 3841.0,expansion_event_review,2015q1,171514000.0,21944000.0,149570000.0,32693000.0,15683000.0,8632000.0,6040000.0,20775000.0,74136000.0,9936000.0,,4030000.0,0.12794290845062212,7.461352657004831,0.12112713830940915,0.03521578413423977,0.18474902884409505,0.2640320557917597,0.4797051356559508,0.11,11920.5,44.88,16.0,-0.533,1,Oil price collapse,,,,,,0,0,0,
unknown_future_horizon_or_missing_target,COR,1140859,0001193125-12-042810,10-Q,2011-12-31,2012-02-07,2012-02-07,2012,Healthcare,Medical Distribution,core_large_cap,2012q1,15978266000.0,,2904599000.0,20360645000.0,593093000.0,284914000.0,162116000.0,2370335000.0,11955780000.0,11301377000.0,431703000.0,48138000.0,,1.0579047137353261,0.14834744896598917,0.010146032116376082,0.007962223200689369,0.013993368088289933,0.029129381706719016,0.1,9809.8,98.55,17.65,-0.355,1,European sovereign debt crisis,,,,,,0,0,0,
unknown_future_horizon_or_missing_target,DE,315189,0001558370-25-011789,10-Q,2025-07-31,2025-08-28,2025-08-28,2025,Industrials,Farm & Heavy Construction Machinery,core_large_cap,2025q3,107817000000.0,82553000000.0,25175000000.0,12018000000.0,,,1289000000.0,8580000000.0,,,2896000000.0,297000000.0,0.7656770268139532,,0.07957928712540693,0.011955443019189924,0.1072557829921784,,,4.33,22087.0,64.96,14.43,-0.53,0,,,,,,,0,0,,
unknown_future_horizon_or_missing_target,DECK,910521,0000910521-24-000017,10-K,2024-03-31,2024-05-24,2024-05-24,2024,Industrials,,additional_controls,2024q2,3135579000.0,,2107468000.0,959758000.0,539476000.0,144262000.0,127545000.0,1502051000.0,2443483000.0,719993000.0,555301000.0,33306000.0,,3.3937593837717865,0.4790346535679694,0.04067669798783574,0.13289287507892614,0.15031080751606135,0.562095861665128,5.33,21020.6,78.48,11.93,-0.418,2,Russia-Ukraine war and sanctions shock; Red Sea shipping disruption,,,,,,0,0,0,
unknown_future_horizon_or_missing_target,DGX,1022079,0001022079-16-000332,10-Q,2016-09-30,2016-10-21,2016-10-21,2016,Healthcare,SIC 8071.0,expansion_matched_controls,2016q4,10173000000.0,,4663000000.0,1885000000.0,,322000000.0,192000000.0,406000000.0,1642000000.0,1046000000.0,301000000.0,61000000.0,,1.569789674952199,0.03990956453356925,0.018873488646416987,0.10185676392572944,0.17082228116710876,,0.4,13122.8,50.61,13.34,-0.365,1,Brexit referendum and immediate uncertainty,,,,,,0,0,0,
unknown_future_horizon_or_missing_target,DUK,1326160,0001326160-16-000356,10-Q,2016-06-30,2016-08-04,2016-08-04,2016,Utilities,Utilities - Regulated Electric,core_large_cap,2016q3,122654000000.0,,39895000000.0,5484000000.0,,1145000000.0,509000000.0,676000000.0,8097000000.0,9906000000.0,1542000000.0,1748000000.0,,0.8173834039975773,0.005511438681168164,0.004149885042477213,0.09281546316557257,0.2087892049598833,,0.4,12989.7,41.92,12.42,-0.358,1,Brexit referendum and immediate uncertainty,,,,,,0,0,0,
unknown_future_horizon_or_missing_target,ELV,1156039,0001156039-26-000013,10-K,2025-12-31,2026-02-06,2026-02-06,2026,Healthcare,Healthcare Plans,core_large_cap,2026q1,121494000000.0,77468000000.0,43882000000.0,49747000000.0,,,547000000.0,9491000000.0,63001000000.0,41035000000.0,84000000.0,293000000.0,0.63762819563106,1.5352991348848544,0.07811908406999522,0.00450227994798097,0.01099563792791525,,,3.64,22627.3,63.77,17.76,-0.553,0,,,,,,,0,0,,
unknown_future_horizon_or_missing_target,EW,1099800,0001099800-15-000006,10-Q,2015-03-31,2015-04-29,2015-04-29,2015,Healthcare,Medical Devices,core_large_cap,2015q2,3488400000.0,,2213900000.0,590300000.0,454300000.0,,123400000.0,457000000.0,2254800000.0,,,20800000.0,,,0.1310056186217177,0.035374383671597294,0.20904624767067592,,0.7696086735558191,0.12,11954.6,58.55,13.39,-0.545,1,Oil price collapse,,,,,,0,0,0,
unknown_future_horizon_or_missing_target,GILD,882095,0000882095-13-000046,10-Q,2013-09-30,2013-10-31,2013-10-31,2013,Healthcare,Drug Manufacturers - General,core_large_cap,2013q4,22468428000.0,,10883610000.0,2782833000.0,,1147861000.0,788606000.0,2010736000.0,6968061000.0,4895124000.0,753096000.0,,,1.4234697629722965,0.0894916190843436,0.035098405638347284,0.28338243796878937,0.41247929717665416,,0.09,10986.3,96.29,13.75,-0.726,0,,,,,,,0,0,0,
unknown_future_horizon_or_missing_target,GRMN,1121788,0000950170-23-016873,10-Q,2023-03-31,2023-05-03,2023-05-03,2023,Industrials,,additional_controls,2023q2,7726031000.0,,6405004000.0,1147424000.0,652794000.0,196982000.0,202327000.0,1361593000.0,3963998000.0,1008200000.0,279210000.0,46814000.0,,3.9317575877802025,0.17623447278427953,0.02618770232736576,0.1763315043087821,0.17167324371810247,0.568921340324065,5.06,20829.6,68.62,18.34,-0.193,2,Inflation and rapid rate-hike shock; Russia-Ukraine war and sanctions shock,,,,,,0,0,0,
unknown_future_horizon_or_missing_target,GWW,277135,0000277135-17-000040,10-Q,2017-09-30,2017-10-26,2017-10-26,2017,Industrials,Industrial Distribution,core_large_cap,2017q4,5825060000.0,,1767497000.0,2635999000.0,1017180000.0,281170000.0,162006000.0,284575000.0,3175060000.0,1392523000.0,348700000.0,60036000.0,,2.280077241094043,0.048853574040439066,0.0278119023666709,0.061459052146833136,0.10666544258931814,0.3858802677846236,1.15,13800.1,52.41,11.3,-0.59,0,,,,,,,0,0,0,
unknown_future_horizon_or_missing_target,HON,773840,0000773840-24-000082,10-Q,2024-06-30,2024-07-25,2024-07-25,2024,Industrials,Conglomerates,core_large_cap,2024q3,69329000000.0,,16947000000.0,9577000000.0,,,1544000000.0,9576000000.0,25369000000.0,21044000000.0,1371000000.0,259000000.0,,1.2055217639232085,0.13812401736647,0.022270622683148465,0.16121958859768196,,,5.33,21095.3,79.43,18.46,-0.371,2,Russia-Ukraine war and sanctions shock; Red Sea shipping disruption,,,,,,0,0,0,
unknown_future_horizon_or_missing_target,HPQ,47217,0000047217-20-000045,10-K,2020-10-31,2020-12-10,2020-12-10,2020,Technology,,additional_controls,2020q4,34681000000.0,,-2228000000.0,15258000000.0,,992000000.0,668000000.0,4864000000.0,20648000000.0,26220000000.0,1874000000.0,,,0.787490465293669,0.140249704449122,0.01926126697615409,0.04378031196749246,0.06501507405950976,,0.09,19115.7,46.76,22.52,-0.58,1,COVID-19 pandemic shock,,,,,,0,0,0,
unknown_future_horizon_or_missing_target,LYV,1335258,0001335258-24-000156,10-Q,2024-09-30,2024-11-12,2024-11-12,2024,Communication Services,,additional_controls,2024q4,19747070000.0,,287966000.0,7651087000.0,,639525000.0,451805000.0,5489919000.0,9775154000.0,9680578000.0,-720902000.0,158061000.0,,1.0097696645799454,0.27801182656464984,0.022879596821199298,0.05905108646653737,0.08358616233222808,,4.64,21452.2,68.43,14.71,-0.463,2,Russia-Ukraine war and sanctions shock; Red Sea shipping disruption,,,,,,0,0,0,
unknown_future_horizon_or_missing_target,MA,1141391,0001141391-25-000193,10-Q,2025-09-30,2025-10-30,2025-10-30,2025,Financial Services,Credit Services,core_large_cap,2025q4,53289000000.0,45370000000.0,7904000000.0,8602000000.0,,5061000000.0,3927000000.0,10313000000.0,23223000000.0,20693000000.0,5663000000.0,178000000.0,0.851395222278519,1.1222635673899386,0.1935296214978701,0.0736925068963576,0.45652173913043476,0.5883515461520576,,4.09,22245.1,61.36,16.91,-0.519,0,,,,,,,0,0,,
unknown_future_horizon_or_missing_target,MCHP,827054,0000827054-14-000176,10-Q,2014-06-30,2014-08-11,2014-08-11,2014,Technology,Semiconductors,core_large_cap,2014q3,4501743000.0,,2169645000.0,528876000.0,306519000.0,115946000.0,89909000.0,617770000.0,2450351000.0,359690000.0,165788000.0,,,6.812396786121382,0.13722906882956223,0.01997204194019961,0.17000015126419046,0.21923097285564103,0.5795668549905838,0.09,11477.3,98.09,14.23,-0.725,1,Oil price collapse,,,,,,0,0,0,
unknown_future_horizon_or_missing_target,NTAP,1002047,0001193125-25-297237,10-Q,2025-10-31,2025-11-25,2025-11-25,2025,Technology,,additional_controls,2025q4,9630000000.0,8644000000.0,986000000.0,1705000000.0,1227000000.0,399000000.0,305000000.0,2072000000.0,4654000000.0,3470000000.0,127000000.0,49000000.0,0.8976116303219107,1.3412103746397694,0.21516095534787125,0.03167185877466251,0.17888563049853373,0.23401759530791788,0.7196480938416422,3.88,22277.5,58.25,18.56,-0.509,0,,,,,,,0,0,,
unknown_future_horizon_or_missing_target,ORCL,1341439,0000950170-23-069682,10-Q,2023-11-30,2023-12-12,2023-12-12,2023,Technology,Software - Infrastructure,core_large_cap,2023q4,134324000000.0,,3866000000.0,12941000000.0,,3622000000.0,2503000000.0,8244000000.0,19289000000.0,24407000000.0,143000000.0,1080000000.0,,0.7903060597369607,0.06137399124504928,0.018634049015812514,0.1934162738582799,0.27988563480411094,,5.33,20777.9,68.27,12.07,-0.342,2,Russia-Ukraine war and sanctions shock; Red Sea shipping disruption,,,,,,0,0,0,
unknown_future_horizon_or_missing_target,PENN,921738,0000921738-25-000043,10-Q,2025-09-30,2025-11-06,2025-11-06,2025,Communication Services,SIC 7990.0,expansion_event_review,2025q4,14310500000.0,12357700000.0,1958800000.0,1717300000.0,,-776400000.0,-864600000.0,660100000.0,1087700000.0,1442700000.0,180900000.0,,0.8635407567869746,0.7539335967283566,0.046126969707557385,-0.06041717619929422,-0.5034647411634543,-0.4521050486228382,,3.88,22277.5,60.24,19.5,-0.515,0,,,,,,,0,0,,
unknown_future_horizon_or_missing_target,RIDE,1759546,0001213900-20-021870,10-Q,2020-06-30,2020-08-13,2020-08-13,2020,Real Estate,,distress_candidates,2020q3,285275830.0,10373276.0,5000004.0,,,-484621.0,-383243.0,857071.0,940821.0,573276.0,-211715.0,,0.036362267353669604,1.6411309735624726,0.003004358974260105,-0.0013434120934815964,,,,0.1,18411.2,42.26,22.13,-0.49,1,COVID-19 pandemic shock,2023-06-27,formal_distress,bankruptcy,source_verified_2026_05_07,1048.0,0,0,0,
unknown_future_horizon_or_missing_target,RYN,52827,0000052827-17-000032,10-Q,2017-06-30,2017-08-04,2017-08-04,2017,Real Estate,SIC 6798.0,expansion_matched_controls,2017q3,2952794000.0,,1571720000.0,194719000.0,,46893000.0,26161000.0,136559000.0,285227000.0,178628000.0,94372000.0,15478000.0,,1.5967653447387868,0.046247384680407774,0.008859744364151377,0.13435257987150714,0.24082395657331848,,1.16,13697.7,49.57,10.03,-0.573,0,,,,,,,0,0,0,
unknown_future_horizon_or_missing_target,SRE,1032208,0000086521-12-000036,10-Q,2012-03-31,2012-05-04,2012-05-04,2012,Utilities,Utilities - Diversified,core_large_cap,2012q2,34045000000.0,,9952000000.0,,,,236000000.0,404000000.0,2298000000.0,4480000000.0,699000000.0,,,0.5129464285714286,0.011866647084740785,0.0069320017623733295,,,,0.16,9951.4,98.49,19.16,-0.351,1,European sovereign debt crisis,,,,,,0,0,0,
unknown_future_horizon_or_missing_target,SRE,1032208,0001032208-25-000048,10-Q,2025-06-30,2025-08-07,2025-08-07,2025,Utilities,Utilities - Diversified,core_large_cap,2025q3,99907000000.0,,31697000000.0,,,,473000000.0,155000000.0,4169000000.0,8607000000.0,784000000.0,,,0.48437318461717205,0.0015514428418429138,0.0047344029947851505,,,,4.33,22087.0,64.9,16.57,-0.525,0,,,,,,,0,0,,
unknown_future_horizon_or_missing_target,TMO,97745,0000097745-23-000008,10-K,2022-12-31,2023-02-23,2023-02-23,2023,Healthcare,Diagnostics & Research,core_large_cap,2023q1,97154000000.0,,43978000000.0,11450000000.0,,1861000000.0,1574000000.0,8524000000.0,25229000000.0,17010000000.0,3487000000.0,550000000.0,,1.4831863609641387,0.08773699487411737,0.016201082816970993,0.13746724890829695,0.16253275109170306,,4.57,21242.9,75.26,21.14,-0.298,2,Inflation and rapid rate-hike shock; Russia-Ukraine war and sanctions shock,,,,,,0,0,0,
unknown_future_horizon_or_missing_target,TUP,1008654,0001008654-16-000039,10-Q,2016-03-31,2016-05-02,2016-05-02,2016,Industrials,,distress_candidates,2016q2,1657300000.0,,169600000.0,525700000.0,359700000.0,70000000.0,43400000.0,98600000.0,622900000.0,676700000.0,-7500000.0,9400000.0,,0.9204965272646668,0.05949435829361009,0.02618717190611235,0.08255659121171771,0.13315579227696406,0.6842305497431995,0.37,12802.0,44.75,14.68,-0.385,0,,2024-09-17,formal_distress,bankruptcy,source_verified_2026_05_07,3060.0,0,0,0,
unknown_future_horizon_or_missing_target,VLTO,1967680,0001967680-25-000008,10-K,2024-12-31,2025-02-25,2025-02-25,2025,Technology,,additional_controls,2025q1,6406000000.0,,2038000000.0,1345000000.0,801000000.0,308000000.0,227000000.0,1101000000.0,2387000000.0,1245000000.0,285000000.0,22000000.0,,1.917269076305221,0.1718701217608492,0.035435529191383076,0.1687732342007435,0.22899628252788104,0.5955390334572491,4.33,21613.5,69.15,19.43,-0.497,0,,,,,,,0,0,0,
unknown_future_horizon_or_missing_target,YELL,716006,0000716006-18-000008,10-Q,2018-03-31,2018-05-03,2018-05-03,2018,Industrials,,distress_candidates,2018q2,1608700000.0,,-365900000.0,1214500000.0,,-4300000.0,-14600000.0,104000000.0,744000000.0,583600000.0,-3700000.0,23500000.0,,1.2748457847840986,0.06464847392304345,-0.009075651146888792,-0.012021407986825855,-0.00354055166735282,,1.7,14092.4,68.45,15.9,-0.539,1,US-China trade war,2023-08-06,formal_distress,bankruptcy,source_verified_2026_05_07,1921.0,0,0,0,
